open_time,open,high,low,close,volume,close_time,quote_volume,trades,taker_base_volume,taker_quote_volume,ignore,source_date
1577232000000,62.2,62.2,22.0,61.864,41373.9,1577318399999,2554753.8936,144,40447.9,2498179.8365,0,2019-12-25
1577318400000,61.883,62.298,61.5,62.238,59961.9,1577404799999,3717877.7825,136,56628.6,3511827.183,0,2019-12-26
1577404800000,62.034,62.255,61.608,62.255,72894.9,1577491199999,4510561.8914,173,69303.7,4288879.4623,0,2019-12-27
1577491200000,62.018,62.441,61.966,62.207,74885.4,1577577599999,4664155.396,151,73519.7,4579322.1728,0,2019-12-28
1577577600000,62.232,62.368,62.0,62.206,6775.1,1577663999999,420969.3849,111,4384.9,272673.7481,0,2019-12-29
1577664000000,62.183,62.2,61.6,62.013,37835.5,1577750399999,2343935.1076,126,18982.9,1175279.0324,0,2019-12-30
1577750400000,61.989,62.276,61.7,61.7,36257.3,1577836799999,2243579.195,96,15043.1,932448.4317,0,2019-12-31
1577836800000,61.778,62.039,61.748,61.94,9186.0,1577923199999,569042.1518,52,6780.3,420366.7587,0,2020-01-01
1577923200000,61.968,62.055,61.51,61.712,9966.2,1578009599999,615969.3692,74,8049.2,497680.6095,0,2020-01-02
1578009600000,61.601,62.151,61.474,61.923,19409.1,1578095999999,1202675.84,126,11248.0,698278.3148,0,2020-01-03
1578096000000,61.911,62.158,61.873,61.897,22129.0,1578182399999,1370908.9786,69,18790.2,1164066.3075,0,2020-01-04
1578182400000,61.934,62.222,61.909,62.001,39583.6,1578268799999,2457548.7561,106,8667.9,538845.9424,0,2020-01-05
1578268800000,61.983,62.322,61.659,61.756,54356.1,1578355199999,3366143.8245,204,22598.7,1401062.5522,0,2020-01-06
1578355200000,61.756,62.181,61.733,62.0,32521.0,1578441599999,2013054.157,214,6768.3,419394.5313,0,2020-01-07
1578441600000,62.0,62.244,61.038,61.257,44889.8,1578527999999,2775933.7358,280,21009.2,1301592.7002,0,2020-01-08
1578528000000,61.35,61.47,61.077,61.177,33556.8,1578614399999,2055473.4654,120,13005.2,798467.1438,0,2020-01-09
1578614400000,61.386,61.417,60.81,60.889,71486.4,1578700799999,4356070.1659,221,5509.2,337548.5833,0,2020-01-10
1578700800000,61.133,61.186,60.873,61.101,38158.0,1578787199999,2326116.53,252,7767.9,474667.8961,0,2020-01-11
1578787200000,61.159,61.159,60.878,60.911,17060.6,1578873599999,1040449.5127,150,6749.3,412441.4146,0,2020-01-12
1578873600000,61.159,61.408,60.737,61.105,13738.8,1578959999999,838766.0627,136,5149.4,314818.3189,0,2020-01-13
1578960000000,61.105,61.664,61.06,61.322,77172.4,1579046399999,4732693.8501,387,26938.3,1655114.7773,0,2020-01-14
1579046400000,61.341,61.66,61.138,61.202,62259.4,1579132799999,3822856.1301,350,39954.7,2455789.0014,0,2020-01-15
1579132800000,61.202,61.71,61.129,61.5,78457.2,1579219199999,4821538.7688,184,25137.1,1549230.6757,0,2020-01-16
1579219200000,61.5,61.747,61.145,61.634,75708.8,1579305599999,4655509.8556,354,48217.7,2968096.7302,0,2020-01-17
1579305600000,61.622,61.688,61.395,61.688,31057.2,1579391999999,1912843.0525,184,22351.6,1378110.0963,0,2020-01-18
1579392000000,61.664,61.716,61.335,61.45,24452.5,1579478399999,1505729.2279,249,15826.9,975591.786,0,2020-01-19
1579478400000,61.45,61.682,61.251,61.643,34028.2,1579564799999,2094633.3898,175,23188.4,1428643.6087,0,2020-01-20
1579564800000,61.643,61.931,61.408,61.88,17191.7,1579651199999,1061766.1747,187,10352.9,640188.0724,0,2020-01-21
1579651200000,61.88,62.0,61.56,61.89,22253.4,1579737599999,1375567.821,222,12874.6,796915.2728,0,2020-01-22
1579737600000,61.895,62.0,61.65,61.941,32195.4,1579823999999,1990409.948,227,21106.0,1306216.7352,0,2020-01-23
1579824000000,61.75,62.222,61.561,62.132,40708.6,1579910399999,2516360.8931,282,26538.4,1641946.5986,0,2020-01-24
1579910400000,62.113,62.138,61.842,61.973,47438.6,1579996799999,2936638.4753,185,8771.9,544101.7012,0,2020-01-25
1579996800000,61.973,62.08,61.7,62.051,278693.7,1580083199999,17211356.5614,301,178802.1,11038669.7551,0,2020-01-26
1580083200000,61.844,62.979,61.826,62.875,87200.5,1580169599999,5448064.7088,376,31437.9,1968365.8273,0,2020-01-27
1580169600000,62.795,62.999,62.1,62.141,55980.6,1580255999999,3499972.3229,410,14449.6,904811.8406,0,2020-01-28
1580256000000,62.1,62.67,62.053,62.309,71644.9,1580342399999,4465658.5477,294,11011.5,687849.1851,0,2020-01-29
1580342400000,62.5,63.432,62.274,62.983,102258.1,1580428799999,6440042.8181,522,33176.8,2086606.6636,0,2020-01-30
1580428800000,63.056,63.888,62.771,63.83,76391.5,1580515199999,4837733.6234,361,26554.2,1686065.8077,0,2020-01-31
1580515200000,63.83,64.025,63.693,63.747,57277.9,1580601599999,3655459.6992,243,18347.6,1173635.9367,0,2020-02-01
1580601600000,63.918,64.024,63.653,63.982,47099.9,1580687999999,3006797.2123,361,18671.1,1193367.6057,0,2020-02-02
1580688000000,63.792,64.024,63.199,63.426,73843.9,1580774399999,4689999.0879,490,19846.6,1262473.5049,0,2020-02-03
1580774400000,63.413,63.569,62.559,62.611,56181.8,1580860799999,3541588.9673,389,28707.0,1812169.7745,0,2020-02-04
1580860800000,62.58,63.125,62.342,62.9,66581.2,1580947199999,4174804.2533,410,20365.5,1277846.8755,0,2020-02-05
1580947200000,62.9,63.369,62.4,63.09,78673.1,1581033599999,4950253.4819,471,22048.2,1390285.7208,0,2020-02-06
1581033600000,63.09,63.994,62.965,63.704,185822.3,1581119999999,11801476.9852,668,63892.1,4064393.8848,0,2020-02-07
1581120000000,63.748,63.973,63.2,63.84,102199.0,1581206399999,6514697.9013,534,23490.5,1498965.0983,0,2020-02-08
1581206400000,63.815,63.949,63.21,63.872,67820.5,1581292799999,4320969.4989,900,39161.2,2498394.2685,0,2020-02-09
1581292800000,63.584,64.415,63.553,64.177,121733.1,1581379199999,7783661.8766,631,44960.9,2877432.1586,0,2020-02-10
1581379200000,63.958,64.2,63.19,63.508,176970.8,1581465599999,11251224.9993,624,27586.0,1756148.2337,0,2020-02-11
1581465600000,63.508,63.7,62.97,63.208,231408.6,1581551999999,14624280.0665,1051,49463.0,3125285.379,0,2020-02-12
1581552000000,63.189,63.826,62.959,63.501,258435.4,1581638399999,16377150.233,1153,80509.8,5109456.6472,0,2020-02-13
1581638400000,63.486,63.7,63.007,63.477,211178.2,1581724799999,13388795.8993,873,33931.4,2153411.1664,0,2020-02-14
1581724800000,63.477,63.65,63.21,63.5,150516.0,1581811199999,9545287.2072,791,49054.4,3115987.1224,0,2020-02-15
1581811200000,63.362,63.66,63.056,63.466,150475.4,1581897599999,9544546.135,827,44514.9,2827047.7017,0,2020-02-16
1581897600000,63.55,63.6,62.806,63.16,140666.6,1581983999999,8882103.4872,691,52477.7,3320949.5592,0,2020-02-17
1581984000000,63.16,63.791,62.829,63.552,183790.3,1582070399999,11668315.4496,917,120485.8,7658294.8811,0,2020-02-18
1582070400000,63.552,63.603,63.068,63.267,62596.3,1582156799999,3959405.7388,518,32309.2,2045802.832,0,2020-02-19
1582156800000,63.286,64.371,63.075,64.185,147837.6,1582243199999,9433990.6082,873,64614.7,4125386.6096,0,2020-02-20
1582243200000,64.185,64.651,63.917,63.972,66047.1,1582329599999,4241449.8703,581,26055.1,1676163.5294,0,2020-02-21
1582329600000,64.188,64.246,63.917,64.236,39747.5,1582415999999,2545232.38,438,16246.0,1041589.2102,0,2020-02-22
1582416000000,64.236,64.398,64.023,64.177,84740.3,1582502399999,5438381.7878,618,51842.8,3330034.8682,0,2020-02-23
1582502400000,64.4,65.612,64.15,65.071,229142.7,1582588799999,14904872.4835,934,86430.6,5616408.3809,0,2020-02-24
1582588800000,65.071,65.215,63.801,64.3,240089.0,1582675199999,15456198.704,841,165814.8,10681788.8475,0,2020-02-25
1582675200000,64.3,64.95,64.15,64.835,162141.7,1582761599999,10466803.7781,1170,112241.3,7249377.2451,0,2020-02-26
1582761600000,64.835,65.966,64.685,65.744,232087.3,1582847999999,15148948.528,771,166120.5,10846392.4726,0,2020-02-27
1582848000000,65.724,67.221,65.724,66.787,394863.7,1582934399999,26345027.6112,857,292769.7,19552351.4841,0,2020-02-28
1582934400000,66.572,67.128,66.445,66.766,116911.2,1583020799999,7798374.9218,406,76635.0,5116860.9704,0,2020-02-29
1583020800000,66.78,67.004,66.43,66.848,85315.8,1583107199999,5691054.5871,521,39557.6,2640836.3665,0,2020-03-01
1583107200000,66.86,67.027,65.888,66.288,157022.0,1583193599999,10439960.4409,626,61711.5,4101623.4207,0,2020-03-02
1583193600000,66.266,66.55,65.305,66.134,293357.7,1583279999999,19299021.044,853,176862.2,11625213.9392,0,2020-03-03
1583280000000,65.943,66.449,65.35,66.124,59919.3,1583366399999,3955545.8163,441,38580.1,2551672.0405,0,2020-03-04
1583366400000,66.123,67.58,65.868,67.501,200959.9,1583452799999,13449783.8292,787,108258.1,7255001.8868,0,2020-03-05
1583452800000,67.278,68.363,67.054,68.23,278856.2,1583539199999,18911612.2501,739,94566.9,6412343.9737,0,2020-03-06
1583539200000,68.367,68.393,68.064,68.303,107834.7,1583625599999,7359551.2459,623,76612.0,5231507.5622,0,2020-03-07
1583625600000,68.303,71.952,68.104,71.816,2324034.0,1583711999999,164266161.7934,7476,1002131.3,70097871.4688,0,2020-03-08
1583712000000,71.604,74.809,71.521,74.006,1083515.3,1583798399999,78749206.9544,3751,600317.2,43623264.5163,0,2020-03-09
1583798400000,74.006,74.23,70.641,71.147,463207.3,1583884799999,33239711.2959,1013,324091.8,23254241.7618,0,2020-03-10
1583884800000,71.147,73.421,70.8,73.064,280916.9,1583971199999,20253043.1791,916,195017.8,14062837.5036,0,2020-03-11
1583971200000,73.0,77.476,72.064,76.1,1466828.5,1584057599999,109227625.6204,5360,748613.0,56060869.2376,0,2020-03-12
1584057600000,77.26,78.813,74.5,77.712,1178307.9,1584143999999,90623307.7901,6197,929292.5,71545898.1661,0,2020-03-13
1584144000000,77.346,78.094,76.352,77.227,210456.3,1584230399999,16259918.3323,1729,120858.9,9359489.2425,0,2020-03-14
1584230400000,76.91,77.565,75.674,76.803,232217.3,1584316799999,17795321.7882,1831,98308.9,7566212.2254,0,2020-03-15
1584316800000,76.803,80.0,76.264,78.328,403422.3,1584403199999,31618406.695,3717,220121.0,17300538.6382,0,2020-03-16
1584403200000,78.328,80.699,77.181,79.852,242121.7,1584489599999,19169498.4196,1901,139567.5,11089781.6732,0,2020-03-17
1584489600000,79.855,85.321,78.589,83.555,372532.7,1584575999999,30638646.0986,3178,172833.7,14272007.8927,0,2020-03-18
1584576000000,83.586,84.9,80.226,80.715,501816.8,1584662399999,41093010.2802,2660,174414.3,14307925.3384,0,2020-03-19
1584662400000,80.716,81.899,78.116,81.0,534782.6,1584748799999,42919060.062,2530,380632.5,30621681.5316,0,2020-03-20
1584748800000,81.0,81.697,80.641,81.0,185751.7,1584835199999,15050066.1935,1254,140284.4,11374304.4754,0,2020-03-21
1584835200000,81.165,81.697,80.756,81.697,108349.7,1584921599999,8795858.9534,1059,71050.1,5772527.4693,0,2020-03-22
1584921600000,81.5,82.74,80.478,80.796,175903.2,1585007999999,14320922.5925,1301,59382.8,4842318.4139,0,2020-03-23
1585008000000,80.511,81.2,79.157,79.62,555061.9,1585094399999,44439828.7988,2074,396248.3,31771428.2669,0,2020-03-24
1585094400000,79.62,80.78,78.107,79.372,159385.5,1585180799999,12638298.4619,1225,71557.2,5689313.355,0,2020-03-25
1585180800000,79.303,80.16,79.0,79.15,99009.0,1585267199999,7865680.718,996,49206.7,3917887.8437,0,2020-03-26
1585267200000,79.15,80.75,79.0,80.742,121887.5,1585353599999,9742034.5464,1081,77149.8,6183851.0235,0,2020-03-27
1585353600000,80.742,81.499,79.602,80.22,102740.1,1585439999999,8287418.1174,1278,59285.6,4787493.2674,0,2020-03-28
1585440000000,80.22,80.999,79.811,80.904,90728.9,1585526399999,7297339.7624,996,45350.7,3654580.9533,0,2020-03-29
1585526400000,80.558,81.777,80.3,81.082,140231.4,1585612799999,11388140.0105,1438,54867.5,4463520.5622,0,2020-03-30
1585612800000,80.905,81.484,79.51,80.0,136093.3,1585699199999,10911926.0057,1284,74833.4,6007008.9088,0,2020-03-31
1585699200000,80.0,80.894,79.78,79.981,113132.1,1585785599999,9084959.0322,1113,64265.7,5167795.0432,0,2020-04-01
1585785600000,79.932,80.496,78.198,78.413,283626.6,1585871999999,22427731.3148,1766,97406.3,7729200.9514,0,2020-04-02
1585872000000,78.6,79.155,77.251,77.627,185872.8,1585958399999,14498413.8518,1315,92718.9,7243070.4599,0,2020-04-03
1585958400000,77.627,77.988,77.1,77.507,122461.4,1586044799999,9462875.5288,820,71092.8,5494726.5743,0,2020-04-04
1586044800000,77.507,77.695,76.239,77.269,119966.9,1586131199999,9220643.6055,864,69095.2,5308545.5096,0,2020-04-05
1586131200000,77.066,77.492,75.557,75.678,176985.4,1586217599999,13482596.0848,1542,42410.4,3242999.4163,0,2020-04-06
1586217600000,75.694,76.335,75.057,75.331,223910.3,1586303999999,16920361.6596,1611,86714.9,6563709.702,0,2020-04-07
1586304000000,75.585,76.056,75.0,75.2,190004.2,1586390399999,14309997.9888,1268,69060.3,5217177.0371,0,2020-04-08
1586390400000,75.31,75.5,72.953,74.353,234761.6,1586476799999,17409812.8187,1497,86535.1,6420612.1252,0,2020-04-09
1586476800000,74.361,74.91,73.2,74.105,242650.0,1586563199999,17983450.1669,1738,72340.9,5382215.0429,0,2020-04-10
1586563200000,74.105,74.69,73.75,74.1,53600.4,1586649599999,3976071.0232,706,25229.9,1874129.5944,0,2020-04-11
1586649600000,74.1,74.58,73.53,74.094,122527.2,1586735999999,9066373.9489,970,29346.8,2175785.2009,0,2020-04-12
1586736000000,74.097,74.5,72.972,73.752,176933.1,1586822399999,13052161.8718,1444,67267.5,4983602.0444,0,2020-04-13
1586822400000,73.752,74.065,73.07,73.557,104811.1,1586908799999,7710510.3572,1077,42273.4,3116340.5193,0,2020-04-14
1586908800000,73.557,75.95,73.169,75.302,168926.9,1586995199999,12614615.7951,1231,102938.2,7710018.3664,0,2020-04-15
1586995200000,75.54,75.61,73.616,73.8,181903.0,1587081599999,13513623.0595,1632,39859.6,2975392.0894,0,2020-04-16
1587081600000,73.99,74.73,73.369,74.13,129493.4,1587167999999,9572117.6569,1022,44642.9,3308678.5346,0,2020-04-17
1587168000000,74.13,74.133,73.586,73.844,95960.7,1587254399999,7080824.1485,817,31568.4,2334621.4043,0,2020-04-18
1587254400000,73.844,73.952,73.623,73.647,67124.0,1587340799999,4951630.6347,592,33976.8,2509249.5515,0,2020-04-19
1587340800000,73.866,75.77,73.641,75.77,172146.9,1587427199999,12850136.1152,1504,102513.7,7659057.1541,0,2020-04-20
1587427200000,75.77,77.15,75.237,76.859,171459.9,1587513599999,13108421.6156,1159,82491.6,6309432.9402,0,2020-04-21
1587513600000,76.859,77.188,75.281,75.294,146787.3,1587599999999,11154400.15,1050,57069.0,4336218.588,0,2020-04-22
1587600000000,75.306,75.673,73.565,74.281,164145.8,1587686399999,12198769.2189,1528,47817.5,3561218.9977,0,2020-04-23
1587686400000,74.29,74.837,73.542,74.112,116786.3,1587772799999,8645449.4794,1083,53818.4,3988697.3631,0,2020-04-24
1587772800000,74.112,74.504,73.603,73.874,68535.3,1587859199999,5068479.1487,927,32192.5,2386024.87,0,2020-04-25
1587859200000,74.018,74.352,73.675,73.852,75267.1,1587945599999,5572608.0253,912,37502.9,2780490.7686,0,2020-04-26
1587945600000,73.852,74.3,73.653,74.079,105995.5,1588031999999,7837711.5467,1110,45061.9,3338850.4352,0,2020-04-27
1588032000000,74.079,74.1,73.1,73.65,105482.0,1588118399999,7762462.1926,942,34703.3,2558936.7629,0,2020-04-28
1588118400000,73.651,73.8,71.937,72.413,300486.3,1588204799999,21873901.5913,2538,107414.0,7839774.2815,0,2020-04-29
1588204800000,72.393,73.85,71.5,73.406,287713.8,1588291199999,20844966.6247,3074,154602.8,11229260.8131,0,2020-04-30
1588291200000,73.425,74.722,73.258,74.576,243372.6,1588377599999,18040299.5692,2010,139867.8,10385593.751,0,2020-05-01
1588377600000,74.3,74.798,74.118,74.4,164515.2,1588463999999,12251752.6579,1273,120122.3,8951481.9998,0,2020-05-02
1588464000000,74.401,74.967,74.161,74.9,186356.7,1588550399999,13899582.9083,1732,126023.0,9409960.5793,0,2020-05-03
1588550400000,74.724,75.0,73.904,73.908,178570.6,1588636799999,13304347.9044,1913,87635.1,6541814.9269,0,2020-05-04
1588636800000,74.1,74.338,72.693,72.721,122375.2,1588723199999,8975803.4751,1661,47510.1,3486271.2433,0,2020-05-05
1588723200000,72.723,73.832,72.294,73.709,266562.4,1588809599999,19443528.5521,1545,106602.2,7790013.1199,0,2020-05-06
1588809600000,73.663,73.714,72.201,72.806,264333.7,1588895999999,19242378.5148,2014,130029.6,9480147.8992,0,2020-05-07
1588896000000,72.806,73.314,71.843,72.604,178860.7,1588982399999,12960592.9416,1473,70453.3,5115482.9902,0,2020-05-08
1588982400000,72.604,72.667,72.0,72.667,135750.9,1589068799999,9814313.4449,1268,57077.8,4132165.5845,0,2020-05-09
1589068800000,72.402,73.0,72.363,72.613,227681.8,1589155199999,16572410.8036,2332,155100.9,11297939.6419,0,2020-05-10
1589155200000,72.625,73.333,72.245,73.079,209688.0,1589241599999,15290874.5748,2382,118774.7,8668886.421,0,2020-05-11
1589241600000,73.255,73.255,72.046,73.153,164073.6,1589327999999,11917383.9971,1691,62463.6,4544978.368,0,2020-05-12
1589328000000,72.907,73.5,72.245,73.194,192261.5,1589414399999,14030706.2843,1555,107607.0,7863145.8227,0,2020-05-13
1589414400000,73.05,73.5,72.501,72.677,193441.0,1589500799999,14125294.7499,1948,69560.8,5089992.0591,0,2020-05-14
1589500800000,72.677,73.062,72.083,72.75,171200.4,1589587199999,12416458.6179,1540,65731.8,4775263.4336,0,2020-05-15
1589587200000,72.75,72.927,72.082,72.701,114483.1,1589673599999,8303536.6372,1160,56861.5,4129737.1401,0,2020-05-16
1589673600000,72.549,72.9,72.2,72.57,124498.0,1589759999999,9023925.27,1268,53130.4,3856494.3365,0,2020-05-17
1589760000000,72.57,72.73,71.185,71.512,232979.0,1589846399999,16695582.6707,1883,101317.8,7259793.4028,0,2020-05-18
1589846400000,71.5,71.846,70.9,71.2,147162.0,1589932799999,10492501.0594,1450,72023.3,5143560.1398,0,2020-05-19
1589932800000,71.166,71.421,70.325,70.55,174156.7,1590019199999,12321815.5057,1239,88437.3,6253284.254,0,2020-05-20
1590019200000,70.6,70.728,69.447,70.5,174358.4,1590105599999,12229431.0335,1668,68146.7,4788828.7586,0,2020-05-21
1590105600000,70.492,71.2,70.088,70.902,146703.7,1590191999999,10388027.8832,1328,62848.1,4455112.9761,0,2020-05-22
1590192000000,70.775,71.117,70.557,70.685,79725.8,1590278399999,5644840.5489,919,37991.4,2692540.1069,0,2020-05-23
1590278400000,70.873,71.112,70.485,70.928,124048.1,1590364799999,8777715.6728,1130,61613.6,4364470.0901,0,2020-05-24
1590364800000,70.928,71.2,68.0,70.951,642191.2,1590451199999,44923005.5597,6599,509103.0,35584476.6932,0,2020-05-25
1590451200000,70.91,71.0,70.02,70.566,200072.8,1590537599999,14106504.1838,1404,103496.7,7303138.752,0,2020-05-26
1590537600000,70.557,70.893,70.222,70.222,131880.0,1590623999999,9296962.0918,1328,40330.6,2848985.7764,0,2020-05-27
1590624000000,70.222,70.765,69.797,69.841,141665.3,1590710399999,9954636.5706,1206,56239.9,3962265.3278,0,2020-05-28
1590710400000,69.819,70.226,69.511,69.816,139096.9,1590796799999,9721551.5668,1232,56288.6,3939367.3596,0,2020-05-29
1590796800000,69.61,69.82,69.028,69.22,149522.9,1590883199999,10380103.6427,1264,54697.8,3806222.6619,0,2020-05-30
1590883200000,69.368,69.526,69.0,69.112,124229.4,1590969599999,8599241.3638,1143,47042.4,3262466.4262,0,2020-05-31
1590969600000,69.112,69.44,68.101,68.423,214089.8,1591055999999,14704224.21,1964,82350.0,5668710.6249,0,2020-06-01
1591056000000,68.417,68.516,67.377,68.243,263512.1,1591142399999,17907191.5696,1897,116742.1,7943114.4775,0,2020-06-02
1591142400000,68.417,68.417,67.352,67.75,126934.2,1591228799999,8612877.4177,1172,60877.5,4136773.117,0,2020-06-03
1591228800000,67.999,68.923,67.75,68.651,113826.6,1591315199999,7787605.0265,1211,62823.5,4302119.8061,0,2020-06-04
1591315200000,68.651,68.737,67.823,68.298,151513.1,1591401599999,10353082.7006,1169,74489.7,5096499.9266,0,2020-06-05
1591401600000,68.58,69.137,68.05,68.6,106382.0,1591487999999,7288086.7184,1146,61301.2,4206787.1321,0,2020-06-06
1591488000000,68.6,69.247,68.228,68.51,124801.3,1591574399999,8582882.7047,1243,72612.8,4998460.0056,0,2020-06-07
1591574400000,68.779,68.779,67.849,67.849,109167.3,1591660799999,7442128.5346,992,25544.2,1745180.8294,0,2020-06-08
1591660800000,67.849,68.5,67.793,68.157,195722.4,1591747199999,13337579.9676,1047,80810.1,5514182.5309,0,2020-06-09
1591747200000,68.141,68.8,67.801,67.946,199870.2,1591833599999,13619457.3731,1261,84697.2,5784956.987,0,2020-06-10
1591833600000,67.97,70.393,67.93,70.101,383722.0,1591919999999,26514564.7769,1901,257439.9,17804190.2575,0,2020-06-11
1591920000000,70.098,70.287,69.179,69.613,147540.2,1592006399999,10293923.3511,1037,87248.0,6093870.2869,0,2020-06-12
1592006400000,69.613,69.97,69.6,69.866,95948.0,1592092799999,6696158.8259,535,48044.4,3355770.6217,0,2020-06-13
1592092800000,69.866,70.098,69.754,69.806,81026.2,1592179199999,5662341.3961,647,46266.1,3235741.762,0,2020-06-14
1592179200000,69.806,70.794,69.802,70.001,261348.1,1592265599999,18387866.2692,1536,114780.9,8080312.3744,0,2020-06-15
1592265600000,70.021,70.379,69.768,70.245,178591.3,1592351999999,12507643.2633,915,63730.6,4466485.6673,0,2020-06-16
1592352000000,70.101,70.589,69.811,70.355,166090.8,1592438399999,11652117.544,1021,88243.0,6197649.5147,0,2020-06-17
1592438400000,70.353,70.478,69.3,69.918,220152.1,1592524799999,15355675.4405,1166,103537.1,7222247.9989,0,2020-06-18
1592524800000,69.918,70.572,69.6,70.093,205217.3,1592611199999,14350040.0418,950,122324.6,8566551.8265,0,2020-06-19
1592611200000,70.093,70.408,70.0,70.27,124004.8,1592697599999,8695425.5298,852,35111.9,2467399.3809,0,2020-06-20
1592697600000,70.269,70.298,69.881,70.005,183621.7,1592783999999,12868231.8008,877,29005.9,2035570.3363,0,2020-06-21
1592784000000,70.02,70.055,69.336,69.359,252658.8,1592870399999,17611453.1564,1161,112715.6,7861932.9208,0,2020-06-22
1592870400000,69.359,69.696,69.0,69.3,264027.6,1592956799999,18286155.4145,1062,132185.7,9159461.4631,0,2020-06-23
1592956800000,69.263,70.502,69.1,70.128,380992.7,1593043199999,26606427.0113,1156,252284.7,17634011.9788,0,2020-06-24
1593043200000,70.3,70.416,69.27,69.6,257158.5,1593129599999,18011056.9945,1102,159656.1,11198190.5733,0,2020-06-25
1593129600000,69.6,70.745,69.3,70.259,229245.4,1593215999999,16060364.684,1340,116129.5,8153617.7888,0,2020-06-26
1593216000000,70.497,70.651,70.253,70.27,171566.8,1593302399999,12086774.4591,1071,76754.3,5414791.7189,0,2020-06-27
1593302400000,70.281,70.509,70.053,70.19,145440.0,1593388799999,10223275.9789,926,69938.7,4922102.3764,0,2020-06-28
1593388800000,70.332,70.847,70.0,70.437,143284.3,1593475199999,10084869.3326,1056,59814.3,4214449.4205,0,2020-06-29
1593475200000,70.437,71.94,70.39,71.624,216510.0,1593561599999,15428205.171,1162,118070.1,8420956.7552,0,2020-06-30
1593561600000,71.74,71.74,71.086,71.089,140247.6,1593647999999,10010276.0705,1648,51853.2,3706669.6069,0,2020-07-01
1593648000000,71.089,71.211,70.529,70.948,192283.6,1593734399999,13624501.4149,1131,98731.5,6997879.3696,0,2020-07-02
1593734400000,71.05,71.917,70.763,71.727,184141.7,1593820799999,13161272.6007,765,62990.4,4501367.8824,0,2020-07-03
1593820800000,71.703,71.854,71.678,71.806,79870.7,1593907199999,5731091.8712,498,10799.5,775492.3787,0,2020-07-04
1593907200000,71.806,71.896,71.719,71.776,109222.2,1593993599999,7842075.1567,667,52736.4,3787824.2037,0,2020-07-05
1593993600000,71.776,72.3,71.073,71.265,336116.7,1594079999999,24051954.1076,1811,74099.3,5312789.47,0,2020-07-06
1594080000000,71.26,71.985,71.194,71.5,343166.0,1594166399999,24584103.6744,1275,57567.9,4123072.4221,0,2020-07-07
1594166400000,71.416,71.805,71.171,71.171,231613.9,1594252799999,16522816.0526,1260,72250.8,5160234.0594,0,2020-07-08
1594252800000,71.173,71.389,70.58,70.9,147492.8,1594339199999,10455769.6391,1325,69096.7,4906398.3029,0,2020-07-09
1594339200000,71.145,71.368,70.603,71.033,145335.8,1594425599999,10322332.7381,1204,80056.2,5690175.0991,0,2020-07-10
1594425600000,70.822,71.246,70.61,71.068,95302.0,1594511999999,6771319.0691,927,62569.3,4449995.7165,0,2020-07-11
1594512000000,71.07,71.3,70.93,71.19,110006.1,1594598399999,7825301.7411,979,63863.6,4547464.7377,0,2020-07-12
1594598400000,71.013,71.229,70.605,71.01,152827.3,1594684799999,10843188.1005,1338,89088.8,6327622.8145,0,2020-07-13
1594684800000,71.199,71.5,71.0,71.211,194252.3,1594771199999,13854360.8364,1189,117955.7,8420632.7559,0,2020-07-14
1594771200000,71.211,71.381,70.8,71.0,135203.1,1594857599999,9614757.0039,880,78743.7,5604341.7354,0,2020-07-15
1594857600000,71.0,71.994,70.807,71.577,167259.1,1594943999999,11945173.1813,1148,108386.6,7748634.8262,0,2020-07-16
1594944000000,71.577,71.993,71.352,71.744,143866.8,1595030399999,10322115.9615,1453,82405.6,5919260.3849,0,2020-07-17
1595030400000,71.892,71.976,71.6,71.739,101609.8,1595116799999,7294905.215,1207,42471.5,3052580.9957,0,2020-07-18
1595116800000,71.739,71.932,71.595,71.666,100994.6,1595203199999,7252347.4203,1049,52609.9,3781351.0717,0,2020-07-19
1595203200000,71.666,71.82,71.339,71.58,167281.9,1595289599999,11987199.4119,1632,82291.1,5901312.7401,0,2020-07-20
1595289600000,71.58,71.7,70.811,70.815,222605.5,1595375999999,15836503.8059,2010,57173.2,4075258.9099,0,2020-07-21
1595376000000,70.815,71.292,70.486,70.501,198876.8,1595462399999,14092357.5708,1822,77553.8,5502784.405,0,2020-07-22
1595462400000,70.501,70.806,70.25,70.7,242821.2,1595548799999,17123545.328,1837,75744.7,5349702.6366,0,2020-07-23
1595548800000,70.7,71.098,70.4,70.78,226366.0,1595635199999,16019171.6678,1499,79741.1,5654518.8837,0,2020-07-24
1595635200000,70.78,71.074,70.619,70.896,151850.7,1595721599999,10751252.4943,1098,60150.5,4264142.013,0,2020-07-25
1595721600000,70.896,71.1,70.45,70.887,258331.7,1595807999999,18280363.3367,1657,137376.3,9730400.3308,0,2020-07-26
1595808000000,70.887,71.5,70.376,70.551,428232.3,1595894399999,30292845.9689,2980,175194.2,12409920.647,0,2020-07-27
1595894400000,70.551,71.892,70.46,71.892,363642.5,1595980799999,25892126.3725,2204,196339.0,13998285.2692,0,2020-07-28
1595980800000,71.89,72.4,71.683,71.931,491628.2,1596067199999,35395844.9841,2134,143200.7,10312072.447,0,2020-07-29
1596067200000,71.931,72.946,71.731,72.798,292647.5,1596153599999,21218030.3839,1996,132406.4,9601649.3049,0,2020-07-30
1596153600000,72.703,73.97,72.634,73.832,436136.0,1596239999999,32034434.1279,2223,136165.2,10006968.1516,0,2020-07-31
1596240000000,73.615,73.83,73.3,73.698,368626.4,1596326399999,27108545.89,3002,171702.1,12641315.2292,0,2020-08-01
1596326400000,73.698,74.682,73.429,73.653,372186.3,1596412799999,27447944.3704,3648,177669.3,13119588.3158,0,2020-08-02
1596412800000,73.878,73.879,72.5,72.781,302034.9,1596499199999,22070108.3065,2324,124106.7,9079274.0891,0,2020-08-03
1596499200000,72.78,73.871,72.75,73.539,346383.3,1596585599999,25442203.2407,2024,99338.4,7299703.5422,0,2020-08-04
1596585600000,73.535,73.547,72.555,72.794,301757.4,1596671999999,22011885.5921,2487,115032.1,8401279.119,0,2020-08-05
1596672000000,72.791,73.049,72.25,72.626,252461.6,1596758399999,18329782.115,1741,84898.9,6175285.2953,0,2020-08-06
1596758400000,72.624,74.278,72.289,73.789,415281.5,1596844799999,30476706.4644,2782,286155.7,21060868.9086,0,2020-08-07
1596844800000,73.52,73.78,72.57,73.006,232272.5,1596931199999,16931705.4424,2167,70636.3,5161331.9297,0,2020-08-08
1596931200000,73.006,73.399,72.57,72.948,191011.4,1597017599999,13934487.5502,2149,80711.1,5896482.6323,0,2020-08-09
1597017600000,72.832,73.892,72.339,73.111,490951.0,1597103999999,35861558.9704,3573,241404.5,17689283.0319,0,2020-08-10
1597104000000,73.111,73.726,72.774,73.358,654884.4,1597190399999,47998696.6353,2787,455584.5,33410089.5411,0,2020-08-11
1597190400000,73.332,73.997,73.251,73.941,414657.2,1597276799999,30531236.5612,1759,127230.4,9373235.7437,0,2020-08-12
1597276800000,73.931,73.955,72.973,73.02,650843.6,1597363199999,47841050.9785,2586,429742.1,31605808.451,0,2020-08-13
1597363200000,72.993,73.822,72.9,73.193,657213.8,1597449599999,48114929.038,2720,373390.0,27381792.216,0,2020-08-14
1597449600000,73.201,73.219,72.4,72.65,287696.0,1597535999999,20914669.3024,2810,74417.4,5418390.4481,0,2020-08-15
1597536000000,72.65,73.181,72.202,72.375,262981.8,1597622399999,19066067.0616,2144,107060.5,7777924.6617,0,2020-08-16
1597622400000,72.41,74.35,72.324,73.578,1036682.4,1597708799999,76208631.5765,4240,565625.1,41728516.5173,0,2020-08-17
1597708800000,73.578,74.143,73.031,73.419,1039672.4,1597795199999,76510199.1814,3798,778565.4,57338911.3058,0,2020-08-18
1597795200000,73.326,77.0,73.3,73.524,1096860.5,1597881599999,80954603.147,4317,780125.6,57652237.5929,0,2020-08-19
1597881600000,73.524,74.515,73.494,74.256,1608426.6,1597967999999,119336277.2969,2034,1354655.5,100554097.1918,0,2020-08-20
1597968000000,74.256,75.204,73.999,74.938,1474906.9,1598054399999,110523047.8348,3050,1199670.1,89989141.3443,0,2020-08-21
1598054400000,74.938,75.202,74.938,75.104,707550.9,1598140799999,53154898.1386,1511,591688.5,44461569.318,0,2020-08-22
1598140800000,75.104,75.189,74.954,75.0,432601.8,1598227199999,32488176.6143,1366,285607.7,21460722.2851,0,2020-08-23
1598227200000,75.096,75.118,74.314,74.917,1010419.1,1598313599999,75525992.8158,2002,814534.9,60901470.1405,0,2020-08-24
1598313600000,74.791,75.936,74.491,75.676,1103409.4,1598399999999,83112862.0125,2398,850402.0,64129417.8954,0,2020-08-25
1598400000000,75.676,76.318,75.499,75.97,1499201.1,1598486399999,113888028.4597,2259,1304131.8,99078442.0744,0,2020-08-26
1598486400000,75.921,75.968,75.05,75.289,663916.0,1598572799999,50003154.6371,2307,463163.3,34881682.2308,0,2020-08-27
1598572800000,75.185,75.29,74.3,74.36,1262702.5,1598659199999,94300910.1679,2984,984026.9,73465457.4277,0,2020-08-28
1598659200000,74.36,74.464,74.222,74.344,1063435.0,1598745599999,79108747.7465,1592,878907.1,65395317.5725,0,2020-08-29
1598745600000,74.344,74.409,73.921,73.938,278908.3,1598831999999,20686495.1533,2129,51509.2,3823101.1436,0,2020-08-30
1598832000000,73.937,74.652,73.656,74.004,429736.4,1598918399999,31833218.4346,3409,99646.3,7388035.4292,0,2020-08-31
1598918400000,74.095,74.212,73.5,73.769,1781503.4,1599004799999,131712212.2332,4503,1219734.7,90270751.61,0,2020-09-01
1599004800000,73.862,75.938,73.755,75.862,1319439.6,1599091199999,98815440.2669,3876,862538.1,64641811.1918,0,2020-09-02
1599091200000,75.793,76.784,75.333,76.736,1318861.4,1599177599999,100126392.0882,4937,719518.7,54621420.0493,0,2020-09-03
1599177600000,76.343,77.267,76.213,76.89,1580326.4,1599263999999,121275806.8303,4283,703862.9,54070052.0814,0,2020-09-04
1599264000000,76.917,77.389,76.5,76.907,1100293.4,1599350399999,84663774.2786,5192,281581.4,21695861.4501,0,2020-09-05
1599350400000,76.907,77.373,76.71,77.121,1792195.6,1599436799999,138107882.339,3808,176899.8,13640013.393,0,2020-09-06
1599436800000,77.122,78.0,76.753,77.668,1121046.1,1599523199999,86549703.8788,5413,319511.3,24732873.3266,0,2020-09-07
1599523200000,77.605,78.982,77.417,78.7,361949.7,1599609599999,28345069.0585,6997,251897.3,19742350.7114,0,2020-09-08
1599609600000,78.816,78.818,76.9,77.625,298684.2,1599695999999,23254553.4874,5744,124967.1,9744995.1186,0,2020-09-09
1599696000000,77.625,78.0,76.911,77.47,320214.3,1599782399999,24812282.2289,6104,183138.1,14208497.6127,0,2020-09-10
1599782400000,77.47,77.899,76.37,76.681,316805.6,1599868799999,24418576.1404,6904,149184.4,11517039.9121,0,2020-09-11
1599868800000,76.681,76.982,76.377,76.498,183427.5,1599955199999,14059859.4312,6217,87997.7,6752349.3902,0,2020-09-12
1599955200000,76.498,77.522,76.3,77.16,259926.7,1600041599999,19930103.1047,6494,126024.3,9674202.9633,0,2020-09-13
1600041600000,77.16,77.2,76.504,77.148,347372.6,1600127999999,26716045.2062,6584,163941.0,12623543.1107,0,2020-09-14
1600128000000,77.199,77.8,76.601,77.049,287951.0,1600214399999,22187545.5642,6479,177971.7,13727017.8122,0,2020-09-15
1600214400000,77.049,77.151,76.308,76.935,318382.7,1600300799999,24433803.8611,6353,129189.3,9934266.2693,0,2020-09-16
1600300800000,76.935,77.589,76.4,76.705,374027.2,1600387199999,28850999.4038,6583,181879.7,14054958.2656,0,2020-09-17
1600387200000,76.899,77.5,76.64,77.459,367512.2,1600473599999,28321371.5484,6587,160467.7,12392935.2955,0,2020-09-18
1600473600000,77.459,77.697,77.159,77.479,214919.2,1600559999999,16624960.2473,5231,112912.2,8743269.627,0,2020-09-19
1600560000000,77.479,77.65,77.001,77.397,243563.8,1600646399999,18825686.0896,5762,103030.0,7976523.9796,0,2020-09-20
1600646400000,77.397,78.95,77.015,78.25,456721.0,1600732799999,35695956.355,9148,295551.5,23143657.1887,0,2020-09-21
1600732800000,78.25,79.0,77.893,77.992,223223.6,1600819199999,17489879.028,3014,134278.9,10534007.3431,0,2020-09-22
1600819200000,77.993,79.499,77.889,79.402,333338.8,1600905599999,26210862.1778,5963,201022.3,15837147.4702,0,2020-09-23
1600905600000,79.402,79.5,78.641,79.018,367219.7,1600991999999,29062497.7978,7318,167074.5,13240179.827,0,2020-09-24
1600992000000,78.98,80.193,78.725,79.99,567876.0,1601078399999,45250336.2937,8382,282882.6,22557657.4445,0,2020-09-25
1601078400000,79.99,80.139,79.695,80.078,233780.0,1601164799999,18700953.0919,7956,135490.8,10845859.0413,0,2020-09-26
1601164800000,80.078,80.11,79.721,80.06,246909.2,1601251199999,19743425.9042,11231,147082.6,11771007.2454,0,2020-09-27
1601251200000,80.06,81.0,79.634,81.0,466408.7,1601337599999,37498103.2742,5833,196592.3,15826494.8378,0,2020-09-28
1601337600000,80.725,81.636,80.352,80.939,494402.8,1601423999999,40047648.4825,5433,208360.3,16877868.9254,0,2020-09-29
1601424000000,80.939,81.08,79.4,79.896,508374.2,1601510399999,40829320.8587,5084,244972.6,19655111.4138,0,2020-09-30
1601510400000,79.897,81.21,79.0,81.133,616455.9,1601596799999,49155380.4813,7732,378386.8,30234751.1877,0,2020-10-01
1601596800000,81.133,81.34,80.148,81.337,486487.2,1601683199999,39342062.1534,7291,336605.7,27243204.1026,0,2020-10-02
1601683200000,81.337,81.491,80.62,81.3,285693.3,1601769599999,23185775.2861,8158,187535.4,15233523.3055,0,2020-10-03
1601769600000,81.3,81.5,80.31,81.0,415767.6,1601855999999,33678418.3274,11781,250701.9,20327962.2443,0,2020-10-04
1601856000000,81.0,81.269,79.941,80.0,238502.3,1601942399999,19168496.7203,3295,92609.2,7454888.5116,0,2020-10-05
1601942400000,79.946,80.265,79.011,79.481,305952.8,1602028799999,24381137.6249,3217,131352.0,10478627.6022,0,2020-10-06
1602028800000,79.481,79.555,79.102,79.106,227215.0,1602115199999,18007266.2247,1768,75859.8,6017206.3892,0,2020-10-07
1602115200000,79.288,79.336,78.01,78.245,335193.3,1602201599999,26381979.2164,2108,110092.6,8660977.2016,0,2020-10-08
1602201600000,78.245,78.306,77.003,77.331,239160.3,1602287999999,18557970.002,2615,106572.7,8277405.1638,0,2020-10-09
1602288000000,77.371,77.639,76.627,76.954,236677.6,1602374399999,18202685.5534,2714,83557.3,6430597.5737,0,2020-10-10
1602374400000,76.825,77.014,76.113,76.601,208740.4,1602460799999,15976488.28,1914,75015.8,5747436.8123,0,2020-10-11
1602460800000,76.6,77.04,76.304,76.942,416852.1,1602547199999,32002241.0678,2652,259730.1,19952928.0509,0,2020-10-12
1602547200000,76.943,77.233,76.84,77.097,281039.5,1602633599999,21651913.5013,2492,147799.4,11391664.75,0,2020-10-13
1602633600000,77.113,77.76,76.85,77.594,262635.7,1602719999999,20307831.3029,1996,113032.4,8739474.2682,0,2020-10-14
1602720000000,77.652,78.2,77.546,77.835,568462.1,1602806399999,44298426.2018,2698,316945.2,24707641.6393,0,2020-10-15
1602806400000,77.835,78.37,77.736,78.37,214719.8,1602892799999,16757998.9917,1982,119502.5,9333321.0284,0,2020-10-16
1602892800000,78.369,78.499,78.171,78.289,113968.9,1602979199999,8926271.574,1171,42526.8,3333820.9683,0,2020-10-17
1602979200000,78.439,78.454,77.7,77.779,130484.2,1603065599999,10195755.0305,1404,43498.5,3401534.0904,0,2020-10-18
1603065600000,77.744,77.973,77.336,77.484,266266.1,1603151999999,20671408.0069,1983,121124.4,9407874.0985,0,2020-10-19
1603152000000,77.499,77.954,77.35,77.433,291409.5,1603238399999,22621442.5967,2179,150660.6,11705071.8963,0,2020-10-20
1603238400000,77.432,77.672,76.431,76.649,652917.6,1603324799999,50210985.5132,4517,257310.9,19796320.528,0,2020-10-21
1603324800000,76.652,76.953,76.22,76.376,483633.0,1603411199999,36992302.0955,3295,299028.4,22880781.5485,0,2020-10-22
1603411200000,76.542,76.671,76.0,76.0,461987.2,1603497599999,35250048.1028,2362,273940.6,20911893.7159,0,2020-10-23
1603497600000,76.001,76.131,75.908,76.026,298841.0,1603583999999,22725730.3065,1958,140242.9,10668452.6144,0,2020-10-24
1603584000000,76.024,76.309,75.9,76.2,295043.9,1603670399999,22437251.6996,1645,140246.2,10671115.7587,0,2020-10-25
1603670400000,76.201,76.582,76.125,76.542,401219.1,1603756799999,30641145.6315,2389,232953.7,17793748.8235,0,2020-10-26
1603756800000,76.542,77.401,76.25,77.32,310419.1,1603843199999,23829688.0892,2247,124038.9,9525231.9622,0,2020-10-27
1603843200000,77.32,79.203,77.227,78.987,453587.4,1603929599999,35538008.0088,2454,249510.1,19567506.8042,0,2020-10-28
1603929600000,79.127,79.65,78.423,79.017,476496.8,1604015999999,37713911.6265,1934,208612.8,16500326.0475,0,2020-10-29
1604016000000,78.852,79.563,78.768,79.175,586740.1,1604102399999,46399811.9131,2074,313562.5,24810392.5031,0,2020-10-30
1604102400000,79.176,79.345,79.005,79.105,294860.0,1604188799999,23356944.6933,1810,172384.6,13660338.6275,0,2020-10-31
1604188800000,79.105,79.355,79.01,79.111,362802.9,1604275199999,28746257.3923,1404,278808.8,22096562.9434,0,2020-11-01
1604275200000,79.111,80.681,79.105,80.389,877135.8,1604361599999,70372973.6208,3170,479841.9,38518483.0934,0,2020-11-02
1604361600000,80.39,80.655,79.143,79.254,613062.7,1604447999999,48872640.2317,2122,286556.8,22844538.2205,0,2020-11-03
1604448000000,79.125,79.503,77.716,77.998,523295.8,1604534399999,41113208.9871,2145,330292.7,25954826.8105,0,2020-11-04
1604534400000,77.88,78.893,76.615,76.851,666638.5,1604620799999,51522818.0232,3098,354300.8,27392953.4145,0,2020-11-05
1604620800000,76.851,77.83,76.646,77.303,745006.6,1604707199999,57525896.8616,3416,405463.0,31312464.9379,0,2020-11-06
1604707200000,77.426,77.455,76.981,77.359,509378.3,1604793599999,39339867.7614,3505,290026.4,22407882.6037,0,2020-11-07
1604793600000,77.359,77.439,77.149,77.439,326718.1,1604879999999,25255849.6174,2805,189111.1,14624926.6728,0,2020-11-08
1604880000000,77.357,77.5,76.0,76.442,448044.5,1604966399999,34306231.8889,2832,211120.2,16151815.7651,0,2020-11-09
1604966400000,76.351,76.928,76.283,76.5,326779.7,1605052799999,25021196.3329,2166,158438.8,12138327.1445,0,2020-11-10
1605052800000,76.5,77.143,76.1,76.891,565683.2,1605139199999,43378042.8896,2648,299143.9,22954048.5579,0,2020-11-11
1605139200000,76.99,77.5,76.453,77.013,737338.6,1605225599999,56711778.7281,3275,460382.1,35422943.6205,0,2020-11-12
1605225600000,77.0,77.661,76.826,77.376,475530.8,1605311999999,36747762.026,2262,300548.3,23239580.1003,0,2020-11-13
1605312000000,77.347,77.516,77.2,77.5,204993.3,1605398399999,15864913.8776,1560,105180.4,8146417.8256,0,2020-11-14
1605398400000,77.344,77.51,77.205,77.436,130885.1,1605484799999,10122169.7002,1496,61588.4,4765481.8137,0,2020-11-15
1605484800000,77.409,77.434,76.14,76.262,447176.5,1605571199999,34251553.5129,2312,270113.9,20689716.3192,0,2020-11-16
1605571200000,76.262,76.6,75.777,76.171,763210.5,1605657599999,58144083.2441,3998,479806.7,36555209.0734,0,2020-11-17
1605657600000,76.269,76.436,75.512,75.721,608536.0,1605743999999,46181014.7159,3427,390556.1,29646522.2088,0,2020-11-18
1605744000000,75.72,76.442,75.58,76.243,592540.6,1605830399999,45111534.6456,2681,372606.6,28374282.0364,0,2020-11-19
1605830400000,76.11,76.3,75.662,76.0,579170.1,1605916799999,44024915.9425,2706,287895.6,21894425.9908,0,2020-11-20
1605916800000,76.0,76.353,75.88,76.176,523690.2,1606003199999,39856095.9499,2707,319228.6,24304886.8202,0,2020-11-21
1606003200000,76.316,76.322,75.8,76.053,481077.5,1606089599999,36590626.093,3069,250804.5,19089792.1744,0,2020-11-22
1606089600000,76.053,76.564,75.607,76.08,778360.9,1606175999999,59171257.1934,3388,455134.0,34613544.105,0,2020-11-23
1606176000000,76.035,76.208,75.352,75.549,922240.1,1606262399999,69906817.0515,5243,474324.0,35972199.3455,0,2020-11-24
1606262400000,75.42,75.73,75.15,75.385,759900.6,1606348799999,57347899.1083,3280,446443.9,33704172.0698,0,2020-11-25
1606348800000,75.39,75.917,75.111,75.702,931446.0,1606435199999,70378310.8775,5204,547164.3,41365609.3594,0,2020-11-26
1606435200000,75.853,76.15,75.588,75.89,587632.7,1606521599999,44602728.1063,2503,276591.4,21014795.9202,0,2020-11-27
1606521600000,75.89,76.232,75.79,76.181,361428.0,1606607999999,27473155.4029,2113,200419.4,15243768.4463,0,2020-11-28
1606608000000,76.101,76.209,75.938,75.94,283834.1,1606694399999,21589826.5163,2319,134201.8,10215884.2148,0,2020-11-29
1606694400000,75.94,76.4,75.2,76.3,1285142.2,1606780799999,97505189.3776,4139,728078.5,55272386.4667,0,2020-11-30
1606780800000,76.226,76.404,75.203,75.946,904438.8,1606867199999,68651768.9541,4209,515873.1,39186718.8442,0,2020-12-01
1606867200000,75.94,75.946,74.099,74.781,2489428.3,1606953599999,187001557.3002,5000,2088123.3,156862023.8637,0,2020-12-02
1606953600000,74.85,75.25,74.35,74.394,964482.9,1607039999999,72181634.3444,3356,615644.8,46093138.4141,0,2020-12-03
1607040000000,74.394,74.551,73.735,74.2,581438.8,1607126399999,43112314.207,2348,299989.7,22260523.8439,0,2020-12-04
1607126400000,74.208,74.304,73.951,74.009,314497.6,1607212799999,23300407.0509,1739,140335.8,10406662.4381,0,2020-12-05
1607212800000,74.009,74.15,73.823,73.969,346874.4,1607299199999,25673660.2807,2084,157753.0,11679855.9547,0,2020-12-06
1607299200000,73.969,74.5,73.261,73.644,681326.6,1607385599999,50352032.123,2328,342711.6,25370579.4163,0,2020-12-07
1607385600000,73.712,74.499,73.084,73.971,1016801.2,1607471999999,74928621.6672,2538,721260.3,53200500.4027,0,2020-12-08
1607472000000,73.688,74.051,73.315,73.754,412043.1,1607558399999,30383269.5526,2415,187869.3,13866197.4621,0,2020-12-09
1607558400000,73.753,73.855,73.151,73.308,777285.9,1607644799999,57099757.6207,2683,486781.1,35772017.1607,0,2020-12-10
1607644800000,73.308,73.63,73.0,73.059,546465.6,1607731199999,40040828.4119,2329,311399.0,22831117.8798,0,2020-12-11
1607731200000,73.209,73.251,73.011,73.036,303901.6,1607817599999,22212755.0245,2111,98516.8,7208553.5053,0,2020-12-12
1607817600000,73.036,73.173,72.731,72.902,697441.4,1607903999999,50897232.3738,2386,375436.2,27411998.817,0,2020-12-13
1607904000000,72.903,73.825,72.75,73.469,802936.9,1607990399999,58690635.5816,2379,413113.6,30182175.3256,0,2020-12-14
1607990400000,73.708,73.975,72.758,73.284,990005.2,1608076799999,72711506.4436,2902,649694.0,47759754.8427,0,2020-12-15
1608076800000,73.284,73.596,72.881,73.219,1153750.4,1608163199999,84572799.5635,5036,569763.4,41812785.2643,0,2020-12-16
1608163200000,73.03,73.245,71.3,72.957,2035602.9,1608249599999,147384159.0429,10872,661001.0,47966862.3605,0,2020-12-17
1608249600000,72.957,73.53,72.379,73.27,1409513.0,1608335999999,102953400.9278,7205,547233.6,40037976.2798,0,2020-12-18
1608336000000,73.051,73.362,72.75,73.304,1182388.8,1608422399999,86470508.2986,6558,403174.8,29516639.6733,0,2020-12-19
1608422400000,73.198,73.78,73.071,73.45,834891.0,1608508799999,61178573.9879,4383,458505.6,33615016.3129,0,2020-12-20
1608508800000,73.45,75.426,73.426,74.703,1854639.7,1608595199999,138570030.339,5408,824266.8,61526402.9515,0,2020-12-21
1608595200000,74.703,75.82,74.529,75.595,1634617.1,1608681599999,123028349.771,4707,886400.3,66745048.7471,0,2020-12-22
1608681600000,75.732,75.92,74.82,75.1,1453950.2,1608767999999,109541558.7157,6462,781317.4,58905694.6015,0,2020-12-23
1608768000000,75.223,75.268,73.7,73.838,1228174.2,1608854399999,91353679.1381,4748,659584.0,49113311.4146,0,2020-12-24
1608854400000,73.701,74.2,73.2,73.901,2177879.5,1608940799999,160602801.0302,8907,1008663.7,74496131.4846,0,2020-12-25
1608940800000,73.901,74.045,73.5,73.947,2044357.5,1609027199999,150864658.2956,7300,803208.7,59323744.8757,0,2020-12-26
1609027200000,73.91,74.15,73.5,73.847,1969897.5,1609113599999,145375705.9166,6552,1028307.5,75938190.8711,0,2020-12-27
1609113600000,73.847,73.957,73.2,73.42,1636031.3,1609199999999,120294960.3849,4781,791906.5,58258989.3654,0,2020-12-28
1609200000000,73.42,73.734,72.422,72.661,1143124.3,1609286399999,83477835.2933,5923,298805.1,21851789.9647,0,2020-12-29
1609286400000,72.661,73.6,72.003,72.736,1251847.5,1609372799999,91051596.7652,8942,410387.8,29900028.8176,0,2020-12-30
1609372800000,72.736,73.5,71.4,71.733,1196938.3,1609459199999,86870140.5649,8849,332487.3,24190478.3421,0,2020-12-31
1609459200000,71.401,73.431,71.4,72.9,596714.8,1609545599999,43284086.3474,6497,211898.7,15405944.7454,0,2021-01-01
1609545600000,73.048,73.122,71.3,72.262,1087984.2,1609631999999,78571624.9936,10738,251034.8,18178572.3696,0,2021-01-02
1609632000000,72.35,72.65,71.5,71.55,1338470.3,1609718399999,96567463.7562,11565,332879.4,24072262.8932,0,2021-01-03
1609718400000,71.55,72.5,70.5,71.734,1790584.4,1609804799999,128446489.8916,14051,631688.3,45359692.7024,0,2021-01-04
1609804800000,71.735,73.3,71.1,71.906,1220588.3,1609891199999,88297964.5085,10958,450690.1,32694031.9397,0,2021-01-05
1609891200000,71.908,72.44,71.1,71.8,1440591.1,1609977599999,103528972.3221,14101,412478.3,29692745.4703,0,2021-01-06
1609977600000,71.79,73.169,71.676,73.0,1655712.8,1610063999999,120040054.1144,13298,781612.9,56771036.2568,0,2021-01-07
1610064000000,73.0,73.731,72.001,72.666,1273114.7,1610150399999,92656200.3224,14391,606969.7,44266391.3965,0,2021-01-08
1610150400000,72.546,72.87,71.5,72.203,1005097.5,1610236799999,72514519.0517,10176,296626.3,21449434.2898,0,2021-01-09
1610236800000,72.301,72.847,71.8,72.504,1298001.6,1610323199999,93804174.6631,11071,565098.2,40895817.2456,0,2021-01-10
1610323200000,72.504,73.568,72.0,73.136,2506460.2,1610409599999,182107341.177,19485,1067569.8,77735157.6217,0,2021-01-11
1610409600000,73.011,73.44,72.442,72.978,1392344.5,1610495999999,101686117.8045,10146,773759.7,56566314.5326,0,2021-01-12
1610496000000,72.804,73.198,71.6,71.899,1272888.5,1610582399999,92296966.7024,9663,430678.5,31309788.6053,0,2021-01-13
1610582400000,71.725,72.239,70.492,71.245,1249905.6,1610668799999,89279527.8893,11681,419816.7,30029888.8349,0,2021-01-14
1610668800000,71.1,72.5,71.012,71.572,1216563.6,1610755199999,87175649.0339,9255,509565.3,36593938.9493,0,2021-01-15
1610755200000,71.572,72.498,71.3,72.197,801659.3,1610841599999,57565645.5714,9519,381055.2,27408951.079,0,2021-01-16
1610841600000,72.196,72.6,71.8,71.959,733403.7,1610927999999,52976037.021,7035,402489.4,29097415.6765,0,2021-01-17
1610928000000,71.954,72.55,71.901,72.3,858460.4,1611014399999,62131221.4884,7188,378846.6,27438762.2884,0,2021-01-18
1611014400000,72.3,72.4,71.55,72.4,1177103.9,1611100799999,84652778.901,9096,450899.2,32476847.5167,0,2021-01-19
1611100800000,72.4,73.4,72.211,72.53,1168008.7,1611187199999,85143377.0355,7981,792919.8,57818849.5196,0,2021-01-20
1611187200000,72.53,73.793,72.5,73.654,1142513.5,1611273599999,83529689.6119,9824,648001.6,47421669.9292,0,2021-01-21
1611273600000,73.795,74.396,73.245,74.179,2137393.2,1611359999999,157492706.7005,12128,915451.3,67560604.8606,0,2021-01-22
1611360000000,74.179,74.8,73.96,74.8,554437.3,1611446399999,41218582.1357,5083,315736.4,23487061.5053,0,2021-01-23
1611446400000,74.8,74.859,73.6,73.801,706450.3,1611532799999,52431020.2857,8827,270679.3,20112782.8386,0,2021-01-24
1611532800000,73.801,74.8,72.833,74.316,1246192.9,1611619199999,91794228.2646,10866,555629.8,41024787.4037,0,2021-01-25
1611619200000,74.316,74.971,74.086,74.631,1026699.5,1611705599999,76632199.393,7937,516331.3,38555529.5659,0,2021-01-26
1611705600000,74.633,75.824,74.55,75.406,1228831.0,1611791999999,92624525.5936,7824,608353.9,45859681.854,0,2021-01-27
1611792000000,75.405,75.586,74.811,75.406,1261221.7,1611878399999,94855869.9298,10542,370424.8,27879709.1028,0,2021-01-28
1611878400000,75.338,75.55,74.344,74.898,2295956.8,1611964799999,172097340.5399,19238,935461.8,70179475.205,0,2021-01-29
1611964800000,74.895,75.367,74.501,75.056,1524978.9,1612051199999,114547084.8733,11607,631384.9,47458706.5163,0,2021-01-30
1612051200000,75.18,75.732,75.0,75.462,986645.9,1612137599999,74418114.038,8700,631895.4,47685675.3375,0,2021-01-31
1612137600000,75.615,75.647,74.6,75.338,1825138.4,1612223999999,137164588.3598,14801,788140.0,59268519.8722,0,2021-02-01
1612224000000,75.162,75.336,74.404,75.21,1468062.9,1612310399999,109817327.618,10342,538019.6,40275166.9376,0,2021-02-02
1612310400000,75.21,75.456,74.48,75.051,1509985.7,1612396799999,113279050.955,11296,645252.5,48435011.8154,0,2021-02-03
1612396800000,75.055,75.449,74.71,74.936,2073812.0,1612483199999,155585061.8337,16361,974461.7,73194145.6395,0,2021-02-04
1612483200000,74.935,75.0,74.1,74.4,1144177.0,1612569599999,85255187.8343,9432,556949.5,41504680.5915,0,2021-02-05
1612569600000,74.305,74.367,73.652,74.079,1133201.9,1612655999999,83803171.8698,12558,427251.2,31617992.573,0,2021-02-06
1612656000000,74.079,74.718,73.906,74.633,1031726.1,1612742399999,76711170.8359,9261,611350.4,45478170.9236,0,2021-02-07
1612742400000,74.633,74.72,72.619,73.056,2537647.3,1612828799999,186960803.0154,17749,825563.8,60912225.9826,0,2021-02-08
1612828800000,73.056,73.847,72.907,73.469,1934974.8,1612915199999,142149674.6555,16809,866598.5,63714246.2931,0,2021-02-09
1612915200000,73.351,74.011,73.057,73.83,2036402.4,1613001599999,149889501.0228,15822,1089119.1,80226166.3296,0,2021-02-10
1613001600000,73.713,73.958,73.145,73.402,1736930.9,1613087999999,127744466.8323,13062,751547.6,55314821.2455,0,2021-02-11
1613088000000,73.402,74.021,73.212,73.498,2452053.0,1613174399999,180592686.2813,15196,824364.4,60757584.2869,0,2021-02-12
1613174400000,73.498,73.77,73.15,73.665,1426092.4,1613260799999,104920461.9641,11351,815568.7,60029750.6438,0,2021-02-13
1613260800000,73.6,73.665,73.0,73.22,1587849.6,1613347199999,116311356.5831,14216,629663.1,46162033.145,0,2021-02-14
1613347200000,73.129,73.81,73.002,73.386,1938533.2,1613433599999,142526864.7892,11903,1071220.5,78787530.5372,0,2021-02-15
1613433600000,73.496,73.699,72.807,73.423,1708641.3,1613519999999,125258359.3987,12939,698791.5,51282187.8314,0,2021-02-16
1613520000000,73.423,73.6,72.886,73.235,2002731.8,1613606399999,146823821.6626,13828,655448.2,48085303.7277,0,2021-02-17
1613606400000,73.101,73.637,72.821,73.617,2182168.6,1613692799999,160059659.1373,13732,962152.7,70620609.9449,0,2021-02-18
1613692800000,73.567,73.958,73.249,73.595,2674120.8,1613779199999,196976829.3921,18862,1089239.9,80267514.6406,0,2021-02-19
1613779200000,73.591,74.554,73.185,74.524,2619501.4,1613865599999,193078298.8077,16104,1362169.8,100524774.3922,0,2021-02-20
1613865600000,74.521,74.521,73.5,73.895,1853845.3,1613951999999,137194480.9857,12289,856968.1,63480120.7188,0,2021-02-21
1613952000000,73.93,75.345,73.807,74.644,3184268.9,1614038399999,237784548.4306,16759,1735645.6,129659780.3392,0,2021-02-22
1614038400000,74.644,74.99,74.148,74.343,3675001.5,1614124799999,274081890.0433,20725,2392973.6,178491271.5964,0,2021-02-23
1614124800000,74.318,74.791,73.9,74.07,2424037.7,1614211199999,180200966.461,13438,1363344.8,101395358.464,0,2021-02-24
1614211200000,74.12,75.174,73.851,75.149,2094155.4,1614297599999,155634489.0247,10494,814703.1,60607925.9954,0,2021-02-25
1614297600000,75.173,75.369,74.661,75.17,2469207.2,1614383999999,185330581.1153,11359,1211737.3,90961867.0466,0,2021-02-26
1614384000000,75.066,75.377,74.87,75.377,1322897.2,1614470399999,99358904.0087,7799,679549.6,51048506.0507,0,2021-02-27
1614470400000,75.367,75.457,74.606,74.7,1785295.6,1614556799999,134056280.2338,9186,889967.3,66818896.843,0,2021-02-28
1614556800000,74.701,75.132,74.0,75.054,2145843.5,1614643199999,160154596.7071,10040,1078678.2,80550565.4634,0,2021-03-01
1614643200000,75.0,75.2,74.3,74.671,2213810.1,1614729599999,165356044.9581,8488,1186655.2,88617255.3425,0,2021-03-02
1614729600000,74.698,74.71,74.022,74.436,2290164.7,1614815999999,170273331.4403,9822,1289742.9,95902633.584,0,2021-03-03
1614816000000,74.436,74.698,73.78,74.645,2100691.2,1614902399999,156017991.1262,8555,988837.2,73394733.3364,0,2021-03-04
1614902400000,74.575,75.1,74.52,74.551,1565258.2,1614988799999,117084631.2615,7273,882516.2,66011685.5389,0,2021-03-05
1614988800000,74.551,74.92,74.407,74.415,1445841.6,1615075199999,107848850.8957,7176,1050820.3,78381305.3933,0,2021-03-06
1615075200000,74.411,74.459,74.0,74.0,961848.6,1615161599999,71384105.9983,7577,392350.3,29136425.2964,0,2021-03-07
1615161600000,74.076,74.387,73.6,73.6,1153530.9,1615247999999,85435311.4085,8833,440350.1,32649758.462,0,2021-03-08
1615248000000,73.6,74.071,73.338,73.758,2319434.4,1615334399999,171035336.0508,12809,898832.9,66293239.8771,0,2021-03-09
1615334400000,73.758,74.07,73.5,73.5,1776959.8,1615420799999,131084867.2563,10997,968811.4,71487360.8931,0,2021-03-10
1615420800000,73.567,74.409,73.283,73.311,2199889.4,1615507199999,162350230.8272,13393,1060590.7,78261779.9367,0,2021-03-11
1615507200000,73.392,74.111,73.111,73.178,3870975.3,1615593599999,285153899.0104,23733,1958454.7,144276056.3419,0,2021-03-12
1615593600000,73.324,73.922,72.8,72.883,4392782.3,1615679999999,322040057.635,28568,1929315.1,141538163.4824,0,2021-03-13
1615680000000,72.883,73.699,72.7,73.482,2326452.9,1615766399999,170524637.1234,17918,1246283.7,91349530.5758,0,2021-03-14
1615766400000,73.482,73.9,73.253,73.336,3165915.4,1615852799999,233021402.1749,16335,1978144.9,145584952.68,0,2021-03-15
1615852800000,73.376,73.8,73.22,73.473,3000590.1,1615939199999,220387703.0947,15386,1496760.6,109968749.0566,0,2021-03-16
1615939200000,73.521,74.455,73.45,73.761,2451633.1,1616025599999,181268536.927,15067,1391062.9,102828604.5901,0,2021-03-17
1616025600000,73.79,75.0,73.52,74.661,2472625.2,1616111999999,183411912.6044,16014,1385651.2,102805863.0691,0,2021-03-18
1616112000000,74.662,74.999,74.295,74.885,2564808.6,1616198399999,191439855.131,13885,1651953.0,123312866.7579,0,2021-03-19
1616198400000,74.725,74.99,74.33,74.858,2822013.1,1616284799999,210745870.1182,16504,1795104.1,134007216.2362,0,2021-03-20
1616284800000,74.86,75.198,74.41,74.515,5012832.7,1616371199999,374996381.1247,16057,3710060.7,277424004.5695,0,2021-03-21
1616371200000,74.735,75.667,74.49,75.573,2896101.6,1616457599999,217418415.3807,14915,1338441.9,100526375.7189,0,2021-03-22
1616457600000,75.457,76.68,74.5,76.68,2733859.3,1616543999999,207508254.3445,13545,1479689.7,112384802.5495,0,2021-03-23
1616544000000,76.68,77.683,76.202,77.18,2334284.0,1616630399999,179480341.5562,13959,1304984.0,100376808.5967,0,2021-03-24
1616630400000,77.18,77.527,76.422,77.101,2829815.8,1616716799999,217654926.5522,13117,1376382.8,105883590.2562,0,2021-03-25
1616716800000,77.164,77.22,76.0,76.155,2697031.1,1616803199999,206210972.5151,10376,1406537.0,107468052.7226,0,2021-03-26
1616803200000,76.116,76.652,76.05,76.054,1422494.9,1616889599999,108715964.5868,11091,794616.2,60738678.7064,0,2021-03-27
1616889600000,76.05,76.57,76.02,76.27,1315464.2,1616975999999,100385472.267,10041,653464.5,49878469.3025,0,2021-03-28
1616976000000,76.249,76.448,75.91,76.066,1846828.2,1617062399999,140666064.9703,11817,1072584.7,81706274.8312,0,2021-03-29
1617062400000,76.066,76.296,75.778,76.157,1962657.0,1617148799999,149211036.4938,14692,808941.2,61526439.0172,0,2021-03-30
1617148800000,76.157,76.314,75.633,75.819,2433688.9,1617235199999,184877266.855,13201,1359916.3,103293549.3771,0,2021-03-31
1617235200000,75.82,76.752,75.627,76.545,2327279.2,1617321599999,177491515.815,15917,1009064.7,76895600.4952,0,2021-04-01
1617321600000,76.546,77.0,76.123,76.89,2690081.8,1617407999999,206082338.7203,15687,1347602.7,103252159.8924,0,2021-04-02
1617408000000,76.831,76.999,76.605,76.969,1936687.8,1617494399999,148926810.6683,14302,1334561.6,102644989.064,0,2021-04-03
1617494400000,76.969,77.272,76.812,76.968,2616838.8,1617580799999,201495463.1378,14566,1273333.0,98064822.2463,0,2021-04-04
1617580800000,76.967,77.555,76.647,76.801,7230666.4,1617667199999,556863371.0058,22131,4260758.2,328155068.7765,0,2021-04-05
1617667200000,76.8,77.826,76.658,77.511,4790567.2,1617753599999,370079295.4564,26870,2649042.9,204684795.6562,0,2021-04-06
1617753600000,77.512,78.855,77.386,77.526,5329965.1,1617839999999,415709174.7646,25995,2797671.8,218228502.8651,0,2021-04-07
1617840000000,77.576,78.473,77.343,77.49,5206170.4,1617926399999,404589207.0691,18989,2551149.1,198391887.0792,0,2021-04-08
1617926400000,77.489,77.933,77.362,77.816,3098055.1,1618012799999,240627397.2288,16609,1535481.2,119253399.8142,0,2021-04-09
1618012800000,77.816,77.9,77.021,77.696,3005660.8,1618099199999,233050274.3673,20037,1579040.6,122508374.5828,0,2021-04-10
1618099200000,77.697,78.211,77.505,78.019,2789655.0,1618185599999,217428106.1558,19068,1521005.2,118576409.7322,0,2021-04-11
1618185600000,77.996,78.49,77.89,78.037,6955113.6,1618271999999,543785995.3632,23337,3512753.1,274768133.3084,0,2021-04-12
1618272000000,78.037,78.197,76.477,76.664,5247507.8,1618358399999,406500687.3788,25219,2774215.4,214870764.0822,0,2021-04-13
1618358400000,76.615,77.235,76.149,76.927,10273740.5,1618444799999,788013185.615,28340,6207573.5,475960216.1055,0,2021-04-14
1618444800000,76.814,77.979,76.63,77.004,6232480.5,1618531199999,481774236.0074,23537,4239198.9,327479887.8277,0,2021-04-15
1618531200000,77.09,77.757,76.362,76.535,6785332.4,1618617599999,521589670.9621,35388,4355607.2,334792667.2977,0,2021-04-16
1618617600000,76.477,76.753,76.399,76.64,3943587.0,1618703999999,301908519.1587,22627,2121408.0,162419356.8755,0,2021-04-17
1618704000000,76.64,78.0,76.5,76.805,6813693.9,1618790399999,523687599.9639,28428,4428822.9,340360778.1315,0,2021-04-18
1618790400000,76.772,77.6,76.771,77.398,4103758.0,1618876799999,316801007.398,23689,2761173.8,213145347.3159,0,2021-04-19
1618876800000,77.353,77.965,76.879,77.635,4799819.1,1618963199999,371859122.6805,24733,2920459.2,226368304.1613,0,2021-04-20
1618963200000,77.594,77.9,77.1,77.36,6002054.1,1619049599999,465235764.8593,20733,3306565.5,256305878.1595,0,2021-04-21
1619049600000,77.36,77.555,75.9,76.244,9984259.1,1619135999999,764955396.3395,21950,6847813.0,524867834.4869,0,2021-04-22
1619136000000,76.244,76.664,75.5,75.784,4885470.6,1619222399999,371625058.6557,22657,2515876.4,191434185.5339,0,2021-04-23
1619222400000,75.782,76.19,75.5,75.676,1828016.5,1619308799999,138450308.0193,12210,1064914.5,80658050.3687,0,2021-04-24
1619308800000,75.676,75.966,75.6,75.726,2171644.4,1619395199999,164477792.2938,8580,1332350.2,100925148.571,0,2021-04-25
1619395200000,75.792,76.0,75.359,75.382,6243434.5,1619481599999,472231215.367,12782,4216035.9,318793348.2628,0,2021-04-26
1619481600000,75.416,75.869,75.18,75.215,5391127.4,1619567999999,406919739.7849,12395,3791274.6,286024232.9713,0,2021-04-27
1619568000000,75.215,75.6,74.66,74.84,5313684.5,1619654399999,399600615.0663,13083,2882003.6,216536557.9821,0,2021-04-28
1619654400000,74.808,75.3,74.54,75.025,4287461.1,1619740799999,321342539.248,12246,2168682.0,162477649.7585,0,2021-04-29
1619740800000,75.019,75.57,74.7,75.276,4428493.2,1619827199999,332718914.8163,13340,2730541.0,205148223.4927,0,2021-04-30
1619827200000,75.321,75.852,75.0,75.69,4436280.3,1619913599999,334543828.9025,12879,2351895.9,177345994.8193,0,2021-05-01
1619913600000,75.69,75.86,75.462,75.799,4014255.0,1619999999999,303925469.9985,11405,2762499.3,209143374.3947,0,2021-05-02
1620000000000,75.799,76.152,75.3,75.427,6208687.0,1620086399999,469724570.9046,15487,3693846.4,279420066.0906,0,2021-05-03
1620086400000,75.426,75.857,75.206,75.387,8568107.9,1620172799999,647089038.0041,21591,4984450.2,376351205.5614,0,2021-05-04
1620172800000,75.38,75.504,75.077,75.288,7346124.4,1620259199999,553025487.2857,22760,4569436.3,343931508.4162,0,2021-05-05
1620259200000,75.288,75.398,74.68,74.692,8450481.1,1620345599999,633579868.0232,23694,5784374.2,433662539.5901,0,2021-05-06
1620345600000,74.691,74.953,73.915,74.14,8786326.1,1620431999999,654281992.5542,21318,5382419.0,400753742.8426,0,2021-05-07
1620432000000,74.105,74.35,74.005,74.23,6228051.1,1620518399999,462089782.9712,17762,4190879.7,310916035.8473,0,2021-05-08
1620518400000,74.23,74.444,74.077,74.141,6137972.8,1620604799999,455610067.8858,19175,3636026.0,269891086.081,0,2021-05-09
1620604800000,74.168,75.25,73.81,74.996,11205954.7,1620691199999,834604842.8833,26455,6981492.7,519792964.8063,0,2021-05-10
1620691200000,74.988,74.991,74.315,74.452,8709686.1,1620777599999,649631746.7206,21527,5436264.6,405422364.2487,0,2021-05-11
1620777600000,74.452,75.411,74.345,75.339,8777503.5,1620863999999,657282564.1944,23319,4892237.3,366318970.4546,0,2021-05-12
1620864000000,75.336,75.69,74.381,74.525,16980978.6,1620950399999,1270601222.7742,30613,10497417.4,785368016.2234,0,2021-05-13
1620950400000,74.517,74.914,74.25,74.498,10299302.2,1621036799999,767039644.5783,23138,6566152.0,489014434.919,0,2021-05-14
1621036800000,74.498,74.679,74.335,74.481,8432833.8,1621123199999,628133300.2912,20802,4987838.0,371501123.1133,0,2021-05-15
1621123200000,74.484,74.754,74.251,74.468,10698490.1,1621209599999,796913701.0588,20814,6956754.7,518136290.4564,0,2021-05-16
1621209600000,74.466,74.835,74.2,74.299,14199081.2,1621295999999,1056980431.0603,25258,9252288.8,688619040.3827,0,2021-05-17
1621296000000,74.298,74.5,74.059,74.227,13477493.5,1621382399999,1000931753.3086,23296,9020815.6,669889722.5203,0,2021-05-18
1621382400000,74.226,75.962,73.5,75.204,34307759.5,1621468799999,2563640682.4312,65757,26292538.9,1965650363.1518,0,2021-05-19
1621468800000,75.203,75.5,74.466,74.506,31893674.1,1621555199999,2384967097.5308,53056,27134495.1,2028998511.4879,0,2021-05-20
1621555200000,74.507,75.221,74.175,74.666,19387122.2,1621641599999,1445976704.6555,37878,14840820.0,1106763801.5715,0,2021-05-21
1621641600000,74.666,74.778,74.3,74.51,12158625.1,1621727999999,906028529.9233,24060,8464933.1,630757549.5353,0,2021-05-22
1621728000000,74.51,74.84,74.368,74.495,11637518.0,1621814399999,867507571.9434,30911,7943495.0,592109000.7085,0,2021-05-23
1621814400000,74.59,74.84,74.151,74.286,9550365.9,1621900799999,711379118.0662,26366,5777388.6,430335408.3559,0,2021-05-24
1621900800000,74.295,74.572,74.1,74.259,5880619.3,1621987199999,437175338.7935,20585,3678335.2,273441051.2096,0,2021-05-25
1621987200000,74.363,74.722,73.832,74.478,6120060.6,1622073599999,455647431.2586,20916,3653640.6,272008261.9582,0,2021-05-26
1622073600000,74.478,74.719,74.054,74.211,5331043.7,1622159999999,396520191.2476,16360,3103753.2,230877727.2831,0,2021-05-27
1622160000000,74.211,74.548,74.0,74.018,7179501.3,1622246399999,533397385.9692,18933,4231474.5,314322951.5786,0,2021-05-28
1622246400000,74.018,74.25,73.908,74.016,2374705.8,1622332799999,175941135.9959,10821,1144332.5,84774039.963,0,2021-05-29
1622332800000,74.016,74.228,73.942,74.145,1937347.2,1622419199999,143498657.9456,9459,852938.3,63179685.4975,0,2021-05-30
1622419200000,74.146,74.25,73.91,74.001,1913976.0,1622505599999,141858971.3442,11546,898581.3,66601638.8738,0,2021-05-31
1622505600000,74.001,74.431,73.518,74.248,2592792.7,1622591999999,192123913.9766,11012,1187337.3,87948788.7473,0,2021-06-01
1622592000000,74.245,74.278,73.651,73.68,2352869.3,1622678399999,173872627.9622,12658,1047346.6,77382346.0296,0,2021-06-02
1622678400000,73.678,74.12,72.77,73.605,4028496.8,1622764799999,296064444.6598,15721,1858162.6,136578746.5318,0,2021-06-03
1622764800000,73.605,74.209,73.556,73.69,3954794.3,1622851199999,292193377.1025,13558,1761553.9,130157144.0341,0,2021-06-04
1622851200000,73.69,73.916,73.2,73.672,2861872.3,1622937599999,210549904.3688,10446,1355006.3,99670532.8687,0,2021-06-05
1622937600000,73.673,73.845,73.474,73.574,2238808.9,1623023999999,164924973.1173,8357,1045555.1,77028067.0914,0,2021-06-06
1623024000000,73.604,73.788,73.119,73.642,3250189.4,1623110399999,238531631.8529,12233,1565458.9,114878223.4706,0,2021-06-07
1623110400000,73.643,73.837,72.952,73.072,4585544.7,1623196799999,336938687.3604,14620,1922839.5,141349749.119,0,2021-06-08
1623196800000,73.088,73.12,72.62,72.808,2954600.0,1623283199999,215429679.5618,11405,1388813.2,101242861.7525,0,2021-06-09
1623283200000,72.862,72.862,71.707,72.185,3125930.8,1623369599999,226035954.017,11705,1625748.8,117577931.499,0,2021-06-10
1623369600000,72.162,72.962,71.83,72.612,2178711.6,1623455999999,157568808.6895,9772,1042469.6,75413156.119,0,2021-06-11
1623456000000,72.582,72.916,72.414,72.62,2083663.3,1623542399999,151523078.219,9023,855205.3,62186327.0725,0,2021-06-12
1623542400000,72.62,72.838,71.81,72.024,2474918.3,1623628799999,179362053.3465,9661,1015217.6,73568951.8787,0,2021-06-13
1623628800000,72.025,72.63,71.698,71.984,2902766.3,1623715199999,209264956.8073,11854,1315567.9,94855845.9616,0,2021-06-14
1623715200000,72.15,72.794,71.83,72.752,2150214.2,1623801599999,155381215.5904,10885,1082602.4,78259394.0007,0,2021-06-15
1623801600000,72.752,73.445,72.422,73.173,3301798.1,1623887999999,240308827.1864,11140,1223539.2,89045587.5044,0,2021-06-16
1623888000000,73.172,73.315,72.8,73.18,3465277.4,1623974399999,253338348.191,10807,1515800.2,110832339.3364,0,2021-06-17
1623974400000,73.183,73.7,72.846,73.542,3867318.5,1624060799999,283188251.0867,12644,1829251.6,133936068.5588,0,2021-06-18
1624060800000,73.543,73.772,73.412,73.571,1919230.5,1624147199999,141224433.3258,8976,922049.6,67844354.5231,0,2021-06-19
1624147200000,73.62,73.729,73.4,73.402,2778942.2,1624233599999,204433682.1496,10664,1277112.7,93943413.8353,0,2021-06-20
1624233600000,73.401,74.26,73.182,73.836,5341227.4,1624319999999,394462086.9595,16601,2357894.1,174121182.5769,0,2021-06-21
1624320000000,73.832,74.4,73.452,73.461,6317396.5,1624406399999,467058417.7778,19357,3010797.1,222576444.8272,0,2021-06-22
1624406400000,73.461,73.666,73.048,73.352,3325952.1,1624492799999,243905006.3426,11468,1622510.3,118981863.8199,0,2021-06-23
1624492800000,73.352,73.385,72.588,72.931,3750639.1,1624579199999,273545053.6396,12301,2171957.6,158413962.7168,0,2021-06-24
1624579200000,72.932,73.135,72.49,73.02,3535266.4,1624665599999,257400733.9972,12468,1544278.9,112408165.8389,0,2021-06-25
1624665600000,73.016,73.11,72.65,72.917,4581328.2,1624751999999,334195857.5185,11263,2102451.6,153305297.3841,0,2021-06-26
1624752000000,72.88,73.019,72.423,72.751,2173114.8,1624838399999,158021792.9336,8799,1194485.0,86876381.1378,0,2021-06-27
1624838400000,72.669,72.794,72.3,72.449,3173565.7,1624924799999,230086984.4971,12183,1500502.0,108803284.3163,0,2021-06-28
1624924800000,72.427,73.0,72.33,72.758,2772381.1,1625011199999,201445300.9876,12438,1340383.0,97414328.6519,0,2021-06-29
1625011200000,72.789,73.25,72.545,72.919,2371902.0,1625097599999,173047097.2013,10855,1205106.0,87928693.7475,0,2021-06-30
1625097600000,72.892,73.637,72.65,73.417,2383965.3,1625183999999,174662821.5506,10295,1146264.0,83990324.0681,0,2021-07-01
1625184000000,73.4,73.7,73.107,73.295,2040114.8,1625270399999,149867248.0149,9242,938987.7,68970708.7255,0,2021-07-02
1625270400000,73.267,73.5,72.602,73.029,2011512.5,1625356799999,147093793.2625,8876,843391.5,61694720.5872,0,2021-07-03
1625356800000,73.025,73.2,72.67,73.039,2208195.4,1625443199999,161195162.957,9185,929633.4,67872800.1403,0,2021-07-04
1625443200000,73.076,73.7,72.962,73.598,2590314.1,1625529599999,190161269.3198,10268,1120157.5,82233899.0076,0,2021-07-05
1625529600000,73.598,74.492,72.98,74.219,4135169.9,1625615999999,304980501.5033,12749,1808004.3,133347979.2795,0,2021-07-06
1625616000000,74.22,74.85,73.642,74.7,5569542.8,1625702399999,413669723.3631,13711,2183036.7,162207527.4303,0,2021-07-07
1625702400000,74.7,75.598,74.59,74.975,4467403.8,1625788799999,335529609.4907,13732,2086693.9,156747588.9036,0,2021-07-08
1625788800000,74.975,75.156,74.241,74.375,2540823.4,1625875199999,189504488.8529,10116,1118575.0,83428857.2982,0,2021-07-09
1625875200000,74.376,74.725,74.186,74.444,1911330.8,1625961599999,142263611.7323,7985,868061.8,64630255.1804,0,2021-07-10
1625961600000,74.376,74.539,73.8,74.279,2346743.0,1626047999999,174268236.5885,8782,1073978.8,79790418.6442,0,2021-07-11
1626048000000,74.254,74.714,73.96,74.401,4653607.5,1626134399999,346428081.9322,12230,2332815.8,173701183.9905,0,2021-07-12
1626134400000,74.4,74.56,74.0,74.395,3207147.9,1626220799999,238435631.9298,10799,1591823.0,118366275.2568,0,2021-07-13
1626220800000,74.366,74.796,74.315,74.354,3472363.7,1626307199999,258773203.6514,11384,1794584.0,133760657.596,0,2021-07-14
1626307200000,74.354,74.888,74.3,74.742,4144593.4,1626393599999,309264511.1892,11613,1811434.4,135174606.443,0,2021-07-15
1626393600000,74.739,74.845,74.498,74.671,3215413.0,1626479999999,240047425.4338,10555,1665192.9,124315900.4818,0,2021-07-16
1626480000000,74.677,74.79,74.387,74.529,2599960.1,1626566399999,193955256.7893,9179,1331025.1,99301601.4726,0,2021-07-17
1626566400000,74.523,74.591,74.252,74.437,2175454.2,1626652799999,161882650.9258,7876,1045647.5,77811968.9773,0,2021-07-18
1626652800000,74.435,75.0,74.36,74.893,4365999.2,1626739199999,326070006.0892,11261,2244050.1,167588497.1802,0,2021-07-19
1626739200000,74.893,75.338,74.81,75.028,4566220.2,1626825599999,342590857.1186,13658,2585142.2,193956457.0387,0,2021-07-20
1626825600000,75.029,75.143,74.462,74.628,4010462.2,1626911999999,299930539.8388,12412,2248775.3,168188148.7155,0,2021-07-21
1626912000000,74.632,74.671,74.041,74.084,3858234.1,1626998399999,286871307.1194,11328,2034714.0,151296534.1623,0,2021-07-22
1626998400000,74.083,74.3,73.964,73.964,4372187.3,1627084799999,324226557.4613,12767,2183936.2,161979647.0743,0,2021-07-23
1627084800000,73.982,74.617,73.8,74.304,4578963.3,1627171199999,339614195.841,13905,2387860.8,177169856.5553,0,2021-07-24
1627171200000,74.303,74.304,73.805,73.84,2963975.3,1627257599999,219527219.7026,11201,1312998.1,97258652.142,0,2021-07-25
1627257600000,73.84,74.146,73.111,73.831,7914270.0,1627343999999,583578034.1172,21742,3757244.3,277087615.9683,0,2021-07-26
1627344000000,73.83,74.179,73.692,73.805,4871490.2,1627430399999,360627808.2261,12957,2487872.1,184168734.2093,0,2021-07-27
1627430400000,73.806,74.149,73.555,73.839,5596982.7,1627516799999,413170077.0004,14684,2903707.0,214307839.52,0,2021-07-28
1627516800000,73.823,73.962,73.47,73.512,3695663.5,1627603199999,272119009.5644,11160,2025835.0,149174478.4597,0,2021-07-29
1627603200000,73.516,73.7,73.128,73.145,4909351.6,1627689599999,360693009.6908,13584,2550214.8,187363256.5859,0,2021-07-30
1627689600000,73.129,73.55,73.063,73.367,4268299.0,1627775999999,313008504.656,12062,1915030.7,140438275.3848,0,2021-07-31
1627776000000,73.361,73.673,73.151,73.608,4283735.8,1627862399999,314251034.2714,13019,1821111.8,133595256.7938,0,2021-08-01
1627862400000,73.606,73.675,73.194,73.413,4627188.1,1627948799999,339623006.6258,12937,2222806.6,163154856.2363,0,2021-08-02
1627948800000,73.413,73.544,73.27,73.446,4160255.3,1628035199999,305371700.421,12056,2210836.7,162285187.1153,0,2021-08-03
1628035200000,73.443,73.6,73.232,73.361,4012460.5,1628121599999,294454861.0454,13129,1987036.6,145832388.2706,0,2021-08-04
1628121600000,73.361,73.58,73.251,73.358,4200104.6,1628207999999,308515816.247,14081,2146165.2,157658607.7353,0,2021-08-05
1628208000000,73.33,73.58,73.23,73.233,4617454.1,1628294399999,339054895.5594,14867,2274710.8,167047211.4932,0,2021-08-06
1628294400000,73.248,73.62,73.154,73.381,5326067.2,1628380799999,391057108.9454,16600,2448521.5,179784695.1229,0,2021-08-07
1628380800000,73.381,73.64,73.25,73.635,4807171.0,1628467199999,353251491.567,15523,1980268.2,145522919.5182,0,2021-08-08
1628467200000,73.624,73.901,73.38,73.622,5709956.4,1628553599999,420361741.8435,17500,2838282.5,208951642.7544,0,2021-08-09
1628553600000,73.655,74.254,73.513,73.965,4553361.0,1628639999999,336223027.0893,15321,2163920.1,159765653.3715,0,2021-08-10
1628640000000,73.951,74.2,73.77,73.993,5952666.0,1628726399999,440132554.9407,18521,3217910.5,237956827.4792,0,2021-08-11
1628726400000,73.993,74.105,73.72,73.993,4970784.4,1628812799999,367483934.7778,14657,2844950.5,210331934.9555,0,2021-08-12
1628812800000,73.97,73.999,73.2,73.222,4803041.6,1628899199999,353563917.0151,14842,2259928.5,166343748.7598,0,2021-08-13
1628899200000,73.267,73.8,73.14,73.418,4479523.3,1628985599999,329295418.4733,14464,1991651.7,146410733.5102,0,2021-08-14
1628985600000,73.401,73.72,73.25,73.251,4312783.6,1629071999999,317220119.8595,13730,1747135.1,128501289.2392,0,2021-08-15
1629072000000,73.251,73.853,73.011,73.717,5383809.8,1629158399999,395596796.9077,16963,2782111.8,204412193.8309,0,2021-08-16
1629158400000,73.655,74.1,73.401,74.024,4741727.2,1629244799999,349625784.0456,15361,2420041.4,178442409.4572,0,2021-08-17
1629244800000,74.004,74.249,73.801,74.074,4249984.0,1629331199999,314425609.9936,13204,2241543.6,165837206.3025,0,2021-08-18
1629331200000,74.074,74.472,73.938,74.162,4597523.7,1629417599999,341407746.3647,14044,2359876.3,175228777.2231,0,2021-08-19
1629417600000,74.103,74.45,73.82,74.215,7339928.3,1629503999999,544599153.352,17500,3822123.2,283644613.4757,0,2021-08-20
1629504000000,74.187,74.49,74.102,74.261,5671123.6,1629590399999,421127233.5843,14209,2868191.3,212984931.3694,0,2021-08-21
1629590400000,74.25,74.442,74.15,74.183,4010969.4,1629676799999,297928466.5943,12274,2048347.6,152147186.3386,0,2021-08-22
1629676800000,74.241,74.279,73.807,74.08,4746868.7,1629763199999,351548794.6442,16000,2277399.0,168679496.4303,0,2021-08-23
1629763200000,74.079,74.499,74.001,74.457,4188250.3,1629849599999,310780694.4138,14264,2165713.9,160723859.6986,0,2021-08-24
1629849600000,74.457,74.6,74.131,74.317,3903946.7,1629935999999,290404658.8693,14242,2012976.9,149738412.2603,0,2021-08-25
1629936000000,74.316,75.04,74.249,74.69,4328721.4,1630022399999,323157366.849,12237,2347526.5,175306415.239,0,2021-08-26
1630022400000,74.69,74.87,74.02,74.05,3475212.1,1630108799999,259002098.5268,10603,1871005.3,139439624.59,0,2021-08-27
1630108800000,74.05,74.05,73.75,73.79,3260899.1,1630195199999,240923697.0825,9289,1746932.0,129067479.64,0,2021-08-28
1630195200000,73.79,74.2,73.6,73.73,4737112.6,1630281599999,349873939.1831,10650,2412400.0,178192318.22,0,2021-08-29
1630281600000,73.73,74.03,73.61,73.78,4551963.0,1630367999999,336099247.24,10801,2322580.0,171487589.02,0,2021-08-30
1630368000000,73.77,73.99,73.53,73.69,4496942.5,1630454399999,331489593.6304,12124,2361622.0,174098344.91,0,2021-08-31
1630454400000,73.69,73.84,73.21,73.35,4115171.8,1630540799999,302447618.1414,12562,2055169.0,151051155.43,0,2021-09-01
1630540800000,73.35,73.43,72.91,73.25,4912351.6,1630627199999,359372199.4577,13763,2489309.9,182097813.7267,0,2021-09-02
1630627200000,73.26,73.41,72.81,73.21,5072825.0,1630713599999,370911813.7462,13816,2639779.0,192998880.45,0,2021-09-03
1630713600000,73.22,73.38,73.06,73.31,2974463.0,1630799999999,217826431.37,10847,1585816.0,116139252.91,0,2021-09-04
1630800000000,73.31,73.33,72.9,72.91,2983726.0,1630886399999,218192615.03,10375,1414491.0,103441611.6,0,2021-09-05
1630886400000,72.9,73.52,72.81,73.41,6242501.0,1630972799999,456913605.58,15005,3254434.0,238220346.39,0,2021-09-06
1630972800000,73.41,75.39,73.34,74.0,12377331.0,1631059199999,919784432.7852,31547,7989723.0,594479269.9752,0,2021-09-07
1631059200000,74.0,74.89,73.85,73.98,6780067.0,1631145599999,504423129.44,19458,4116342.0,306252324.85,0,2021-09-08
1631145600000,73.97,74.32,73.81,73.87,4918175.0,1631231999999,364031645.66,14592,2923507.0,216408403.04,0,2021-09-09
1631232000000,73.89,74.1,73.32,73.89,5162960.0,1631318399999,380552523.33,13810,3246433.0,239302826.25,0,2021-09-10
1631318400000,73.88,74.0,73.52,73.88,3506069.0,1631404799999,258649867.11,10282,2023624.0,149294619.42,0,2021-09-11
1631404800000,73.88,73.99,73.63,73.79,3250659.0,1631491199999,239925744.94,10887,1739671.0,128414987.79,0,2021-09-12
1631491200000,73.79,73.98,73.09,73.27,4485248.0,1631577599999,329886088.68,15364,2510411.0,184637092.37,0,2021-09-13
1631577600000,73.27,73.61,73.1,73.33,3840743.0,1631663999999,281717543.73,11795,2027311.0,148717169.39,0,2021-09-14
1631664000000,73.33,73.59,72.64,72.68,3677881.0,1631750399999,268969620.264,12494,1932040.0,141280302.99,0,2021-09-15
1631750400000,72.67,73.13,72.67,72.88,3617939.0,1631836799999,263747164.04,12103,1873477.0,136593269.55,0,2021-09-16
1631836800000,72.87,73.45,72.7,73.21,3910850.0,1631923199999,285590893.56,11438,1948229.0,142286324.88,0,2021-09-17
1631923200000,73.22,73.38,72.9,73.31,3605478.0,1632009599999,263683209.64,11463,1898385.0,138845777.76,0,2021-09-18
1632009600000,73.31,73.48,73.16,73.17,2946808.0,1632095999999,216006213.71,10367,1635151.0,119869959.8,0,2021-09-19
1632096000000,73.17,74.35,73.17,73.93,5626873.0,1632182399999,416145491.86,19303,3639063.0,269166071.27,0,2021-09-20
1632182400000,73.93,74.15,73.51,73.67,4569432.0,1632268799999,337223023.31,15574,2827979.0,208704472.01,0,2021-09-21
1632268800000,73.67,73.78,73.15,73.57,3452776.0,1632355199999,253716703.65,12883,2022532.0,148631705.0,0,2021-09-22
1632355200000,73.57,73.59,73.15,73.33,3705566.0,1632441599999,271884419.28,12373,2082935.0,152849137.01,0,2021-09-23
1632441600000,73.35,73.86,73.15,73.26,4905005.0,1632527999999,360500881.09,16233,2967972.0,218198053.29,0,2021-09-24
1632528000000,73.26,73.43,73.1,73.15,2197898.0,1632614399999,160997160.49,9922,1087800.0,79691141.28,0,2021-09-25
1632614400000,73.16,73.4,72.73,72.85,3446049.0,1632700799999,251631000.31,12561,1768745.0,129188846.54,0,2021-09-26
1632700800000,72.85,73.09,72.5,73.0,3187964.4,1632787199999,231945503.982,12750,1582986.0,115184953.31,0,2021-09-27
1632787200000,72.99,73.39,72.78,73.24,5258545.0,1632873599999,384248721.28,17003,2768843.0,202364305.71,0,2021-09-28
1632873600000,73.25,73.32,72.83,73.23,3039145.0,1632959999999,222253282.24,11274,1536568.0,112396374.49,0,2021-09-29
1632960000000,73.23,73.25,72.55,72.72,3228397.0,1633046399999,235104772.6,13517,1548439.0,112759388.21,0,2021-09-30
1633046400000,72.71,73.2,72.0,72.48,6122699.0,1633132799999,445687671.0083,19381,2781177.0,202550128.9,0,2021-10-01
1633132800000,72.47,72.72,71.82,72.53,4421181.0,1633219199999,320452666.0026,14984,1956144.0,141829220.78,0,2021-10-02
1633219200000,72.52,72.8,72.38,72.65,2978537.0,1633305599999,216180344.52,13472,1393075.0,101130860.16,0,2021-10-03
1633305600000,72.65,72.95,72.31,72.35,3734490.0,1633391999999,271362441.31,15173,1840233.0,133747332.62,0,2021-10-04
1633392000000,72.34,72.65,72.05,72.14,4915932.0,1633478399999,356057625.68,17570,2363504.0,171224248.26,0,2021-10-05
1633478400000,72.15,72.66,72.04,72.3,4257240.0,1633564799999,307903526.03,19020,1990855.0,144047970.93,0,2021-10-06
1633564800000,72.31,72.42,71.61,71.8,4583705.9,1633651199999,330085377.3254,18544,2276329.0,163945447.44,0,2021-10-07
1633651200000,71.82,72.07,71.67,72.05,4171736.0,1633737599999,299839463.62,16605,2178864.0,156627671.87,0,2021-10-08
1633737600000,72.04,72.09,71.72,71.94,3078127.0,1633823999999,221241367.53,14082,1544596.0,111036338.68,0,2021-10-09
1633824000000,71.9,72.1,71.33,71.73,2883360.4,1633910399999,206631283.7611,12676,1231946.0,88293748.61,0,2021-10-10
1633910400000,71.74,71.86,71.21,71.73,3790461.0,1633996799999,271042752.37,16507,1811585.0,129580147.11,0,2021-10-11
1633996800000,71.73,72.0,71.65,71.91,4524303.0,1634083199999,324953966.62,17056,2344932.0,168447683.72,0,2021-10-12
1634083200000,71.91,72.18,71.33,71.8,4347892.0,1634169599999,312762872.09,17800,2010966.0,144684100.67,0,2021-10-13
1634169600000,71.78,71.89,71.21,71.31,6160688.0,1634255999999,440601563.15,20727,3055934.0,218562666.48,0,2021-10-14
1634256000000,71.31,71.4,70.7,70.89,4381141.0,1634342399999,311323619.651,18685,2074297.9,147416750.87,0,2021-10-15
1634342400000,70.89,71.24,70.7,71.01,3828178.0,1634428799999,271887731.46,14840,2041127.0,144980191.65,0,2021-10-16
1634428800000,71.01,71.43,70.86,71.08,2841773.0,1634515199999,202018940.71,12584,1383976.0,98413681.68,0,2021-10-17
1634515200000,71.08,71.33,70.689,70.88,4726854.0,1634601599999,335904290.2921,18175,2233152.0,158739303.47,0,2021-10-18
1634601600000,70.89,71.01,70.61,70.85,4791872.0,1634687999999,339452759.2813,16895,2403696.0,170308887.41,0,2021-10-19
1634688000000,70.85,71.04,70.05,70.59,5812877.0,1634774399999,410941859.0916,20535,2661336.0,188150258.49,0,2021-10-20
1634774400000,70.6,71.2,70.18,71.18,5009262.0,1634860799999,355084495.8,18913,2517508.0,178491113.53,0,2021-10-21
1634860800000,71.18,71.19,70.38,70.55,4007029.0,1634947199999,283160096.88,15130,1970425.0,139224481.59,0,2021-10-22
1634947200000,70.56,70.61,70.43,70.51,2674369.0,1635033599999,188639743.04,10408,1241967.0,87606727.55,0,2021-10-23
1635033600000,70.5,70.59,70.35,70.44,3076464.0,1635119999999,216885608.01,13534,1660478.0,117070045.37,0,2021-10-24
1635120000000,70.44,70.58,69.8,69.88,4081675.0,1635206399999,286251329.094,15746,1884383.0,132145092.64,0,2021-10-25
1635206400000,69.89,69.94,69.55,69.84,4621804.0,1635292799999,322322716.78,16436,2236930.0,156016072.99,0,2021-10-26
1635292800000,69.84,71.17,69.59,71.05,7951293.0,1635379199999,560873938.33,25480,4196842.0,296079381.15,0,2021-10-27
1635379200000,71.04,71.12,70.01,70.13,7587112.0,1635465599999,535940096.71,24441,3888407.0,274707143.37,0,2021-10-28
1635465600000,70.15,70.98,70.01,70.75,6723538.0,1635551999999,473997588.84,20899,3329395.0,234726558.9,0,2021-10-29
1635552000000,70.73,71.12,70.41,71.07,4619377.0,1635638399999,327303525.84,16740,2305432.0,163395684.64,0,2021-10-30
1635638400000,71.07,71.26,70.78,70.96,5219970.0,1635724799999,370761740.63,18045,2547222.0,180919228.52,0,2021-10-31
1635724800000,70.96,71.6,70.81,71.56,6997678.0,1635811199999,498055478.02,20384,3336550.0,237494809.51,0,2021-11-01
1635811200000,71.56,71.93,71.29,71.61,9915402.0,1635897599999,709723970.22,24460,4684142.0,335307206.82,0,2021-11-02
1635897600000,71.61,72.24,71.26,71.72,11909431.0,1635983999999,854128096.36,26842,5808389.0,416612639.37,0,2021-11-03
1635984000000,71.69,71.9,71.39,71.75,7877232.0,1636070399999,564681693.55,22057,4017920.0,288038168.7,0,2021-11-04
1636070400000,71.73,71.9,71.31,71.71,6025733.0,1636156799999,431892986.87,17505,3016793.0,216249684.35,0,2021-11-05
1636156800000,71.71,71.77,71.47,71.56,4406842.0,1636243199999,315627989.65,14760,2199633.0,157554651.93,0,2021-11-06
1636243200000,71.55,71.58,70.9,71.09,5800087.0,1636329599999,412802600.04,16716,2832033.0,201548842.86,0,2021-11-07
1636329600000,71.09,71.4,70.84,71.1,13196103.0,1636415999999,939268042.99,24916,5732491.0,407993347.61,0,2021-11-08
1636416000000,71.09,71.29,70.65,70.79,8976955.0,1636502399999,637467175.27,21972,4408285.0,313025100.06,0,2021-11-09
1636502400000,70.79,71.69,70.65,71.53,7630896.0,1636588799999,542339321.38,24611,3910791.0,278031177.74,0,2021-11-10
1636588800000,71.53,71.85,71.0,71.65,6301313.0,1636675199999,450356794.54,19161,3020788.0,215912289.65,0,2021-11-11
1636675200000,71.65,73.16,71.43,72.84,6248246.0,1636761599999,452271188.64,19920,3445887.0,249462042.92,0,2021-11-12
1636761600000,72.85,73.11,72.67,72.93,4222034.0,1636847999999,307682954.94,16484,2043142.0,148910817.49,0,2021-11-13
1636848000000,72.92,73.12,72.76,72.87,3853914.0,1636934399999,281101322.94,14173,1960339.0,142986723.5,0,2021-11-14
1636934400000,72.87,73.15,72.11,72.96,7676309.0,1637020799999,557911054.26,20993,3990130.0,290076248.17,0,2021-11-15
1637020800000,72.96,74.29,72.87,73.55,8729504.0,1637107199999,640961240.73,25308,4883411.0,358636217.9,0,2021-11-16
1637107200000,73.54,73.68,72.87,73.06,5020324.0,1637193599999,367763058.98,17762,2705073.0,198189125.9,0,2021-11-17
1637193600000,73.06,74.0,72.97,73.53,5975148.0,1637279999999,439064856.3,22071,3242865.0,238323953.91,0,2021-11-18
1637280000000,73.53,74.16,73.14,74.06,4686669.0,1637366399999,345718078.15,18460,2450255.0,180702334.4,0,2021-11-19
1637366400000,74.03,74.22,73.78,73.81,3142290.0,1637452799999,232571139.26,16641,1544675.0,114336738.61,0,2021-11-20
1637452800000,73.82,74.11,73.47,73.61,3529479.0,1637539199999,260318831.69,16521,1709215.0,126076831.32,0,2021-11-21
1637539200000,73.61,75.22,73.5,75.07,5437026.0,1637625599999,404560874.89,19130,2780828.0,206932817.42,0,2021-11-22
1637625600000,75.08,75.31,74.17,74.63,5419251.0,1637711999999,405821613.8,17492,2702374.0,202304837.74,0,2021-11-23
1637712000000,74.63,75.44,74.38,75.18,4761837.0,1637798399999,357013724.696,18785,2411414.0,180769368.936,0,2021-11-24
1637798400000,75.18,75.21,74.42,74.48,5094060.0,1637884799999,380737693.14,21732,2396315.0,179128161.67,0,2021-11-25
1637884800000,74.47,76.72,74.44,76.16,8158349.2,1637971199999,619833589.803,25786,4496919.2,341526972.063,0,2021-11-26
1637971200000,76.16,76.35,75.88,75.99,3579221.0,1638057599999,272296374.18,15198,1846775.0,140504821.49,0,2021-11-27
1638057600000,76.0,76.18,75.52,75.52,3655965.0,1638143999999,277625093.92,16173,1854120.0,140801398.96,0,2021-11-28
1638144000000,75.53,75.55,74.59,74.71,4756850.0,1638230399999,356086877.94,16488,2390189.0,178913515.42,0,2021-11-29
1638230400000,74.71,75.14,73.88,74.08,5871641.0,1638316799999,437316102.04,20483,2889129.0,215198319.16,0,2021-11-30
1638316800000,74.06,74.42,73.5,74.32,5319881.0,1638403199999,393351694.94,19650,2760283.0,204167602.23,0,2021-12-01
1638403200000,74.33,74.53,73.8,73.86,4442113.0,1638489599999,329220232.32,17587,2202289.0,163223592.17,0,2021-12-02
1638489600000,73.85,74.71,73.61,74.5,7097983.0,1638575999999,526820726.19,21119,3429759.0,254579088.46,0,2021-12-03
1638576000000,74.54,76.48,74.42,74.62,11821701.0,1638662399999,888157679.91,38041,7686900.0,577792442.11,0,2021-12-04
1638662400000,74.62,74.74,74.26,74.34,5154105.0,1638748799999,384234116.95,17758,2758746.0,205690604.34,0,2021-12-05
1638748800000,74.35,74.89,74.11,74.51,5684082.0,1638835199999,422879396.24,19764,3038267.0,226045808.27,0,2021-12-06
1638835200000,74.51,75.0,74.29,74.41,5421060.0,1638921599999,404566567.5,18615,2692510.0,200965946.32,0,2021-12-07
1638921600000,74.41,74.46,73.81,73.82,4258129.0,1639007999999,315533628.66,15257,1986261.0,147194301.31,0,2021-12-08
1639008000000,73.82,74.16,73.75,73.98,4027734.0,1639094399999,298151237.1,15036,1891719.0,140029403.55,0,2021-12-09
1639094400000,73.98,74.23,73.59,73.76,4666200.0,1639180799999,344761399.6,15459,2075841.0,153403696.32,0,2021-12-10
1639180800000,73.75,74.04,73.7,73.81,2718356.0,1639267199999,200657725.86,11896,1232429.0,90982930.74,0,2021-12-11
1639267200000,73.81,73.87,73.4,73.53,2323916.0,1639353599999,171287150.59,11408,1067618.0,78695741.81,0,2021-12-12
1639353600000,73.54,74.1,73.4,73.95,4634790.0,1639439999999,342019486.85,16430,2362891.0,174389070.71,0,2021-12-13
1639440000000,73.96,74.13,73.75,73.9,4933297.0,1639526399999,364769903.24,17266,2429411.0,179644430.22,0,2021-12-14
1639526400000,73.9,74.71,73.68,73.8,4729725.0,1639612799999,350401175.38,18903,2438311.0,180635555.3,0,2021-12-15
1639612800000,73.79,74.25,73.47,74.02,4425495.0,1639699199999,326783868.97,15058,2153677.0,159019750.03,0,2021-12-16
1639699200000,74.03,74.6,73.78,74.56,4251259.0,1639785599999,315263981.27,14948,2171130.0,161004718.53,0,2021-12-17
1639785600000,74.56,74.59,74.05,74.33,3121587.0,1639871999999,231967803.08,13219,1504563.0,111810386.18,0,2021-12-18
1639872000000,74.34,74.47,73.96,74.28,2924721.0,1639958399999,217110195.06,12421,1419531.0,105370690.08,0,2021-12-19
1639958400000,74.26,74.67,74.2,74.22,3848938.0,1640044799999,286495662.47,14882,1842587.0,137148886.96,0,2021-12-20
1640044800000,74.23,74.4,73.6,74.05,3609592.0,1640131199999,267083506.4,14656,1739876.0,128743643.3,0,2021-12-21
1640131200000,74.05,74.17,73.65,73.82,4446189.0,1640217599999,328535048.57,16976,2168420.0,160229597.43,0,2021-12-22
1640217600000,73.83,74.03,73.35,73.49,4509606.0,1640303999999,332294368.21,16925,2120657.0,156290631.84,0,2021-12-23
1640304000000,73.5,73.72,73.1,73.51,3913933.0,1640390399999,287484029.64,16626,1981280.0,145556410.19,0,2021-12-24
1640390400000,73.51,73.77,73.3,73.66,2983696.0,1640476799999,219471773.52,13993,1485893.0,109333599.65,0,2021-12-25
1640476800000,73.65,73.79,73.3,73.48,3125971.0,1640563199999,229960487.83,13571,1556349.0,114505842.85,0,2021-12-26
1640563200000,73.54,73.63,73.08,73.39,5040546.0,1640649599999,369921380.92,17332,2510651.0,184287258.64,0,2021-12-27
1640649600000,73.4,74.0,73.3,73.95,5168725.0,1640735999999,380710379.89,17570,2687126.0,197974244.94,0,2021-12-28
1640736000000,73.95,74.18,73.59,74.08,3617064.0,1640822399999,267226511.22,13843,1718243.0,126949615.93,0,2021-12-29
1640822400000,74.08,74.98,74.01,74.71,5228117.0,1640908799999,389947692.99,14219,2884340.0,215088530.69,0,2021-12-30
1640908800000,74.72,75.25,74.42,74.91,5811315.0,1640995199999,435194836.98,13201,3140117.0,235207292.72,0,2021-12-31
1640995200000,74.91,74.97,74.6,74.85,2209680.0,1641081599999,165302787.19,8179,988156.0,73921629.1,0,2022-01-01
1641081600000,74.84,74.98,74.61,74.86,3069406.0,1641167999999,229467009.04,10321,1471897.0,110040370.21,0,2022-01-02
1641168000000,74.87,75.32,74.45,74.49,4363293.0,1641254399999,326429807.25,13284,2186801.0,163551275.74,0,2022-01-03
1641254400000,74.49,75.47,74.4,75.25,5437404.0,1641340799999,408025203.55,14299,2876253.0,215816647.54,0,2022-01-04
1641340800000,75.25,77.0,75.16,76.49,8055707.7,1641427199999,611294260.0791,20647,4438481.7,336671460.3931,0,2022-01-05
1641427200000,76.49,77.4,76.23,76.61,6425941.0,1641513599999,493261063.3786,19376,3164941.0,242941521.8086,0,2022-01-06
1641513600000,76.61,76.62,75.29,75.7,4864005.0,1641599999999,369433105.1,16659,2136432.0,162299822.74,0,2022-01-07
1641600000000,75.65,75.81,75.54,75.66,3614392.0,1641686399999,273601611.43,14266,1533963.0,116120605.87,0,2022-01-08
1641686400000,75.66,75.8,75.34,75.74,3006403.0,1641772799999,227278890.18,12184,1396543.0,105571120.99,0,2022-01-09
1641772800000,75.73,75.75,75.1,75.13,5583432.0,1641859199999,420765904.01,17358,2463474.0,185665420.96,0,2022-01-10
1641859200000,75.13,75.25,74.62,74.66,4239123.0,1641945599999,317742100.34,14449,1996767.0,149689956.28,0,2022-01-11
1641945600000,74.66,75.09,74.56,74.78,4489518.0,1642031999999,335888129.82,15254,1945478.0,145552173.33,0,2022-01-12
1642032000000,74.79,76.56,74.64,76.29,3696479.0,1642118399999,279478464.18,14553,1923115.0,145418755.83,0,2022-01-13
1642118400000,76.29,76.8,75.8,76.27,3929891.0,1642204799999,299856835.74,15559,2071578.0,158099460.14,0,2022-01-14
1642204800000,76.27,76.28,76.1,76.17,1954098.0,1642291199999,148881048.25,11610,962538.0,73341680.22,0,2022-01-15
1642291200000,76.16,76.39,76.0,76.24,2406615.0,1642377599999,183441878.22,11383,1202537.0,91675167.33,0,2022-01-16
1642377600000,76.23,76.66,75.68,76.34,5106950.0,1642463999999,389786775.68,15365,2549580.0,194619339.27,0,2022-01-17
1642464000000,76.33,77.0,76.07,76.96,3663219.0,1642550399999,280547171.03,13928,1974942.0,151246886.08,0,2022-01-18
1642550400000,76.96,77.06,76.13,76.43,4513286.0,1642636799999,346043332.46,14192,2073805.0,159071273.73,0,2022-01-19
1642636800000,76.42,76.9,76.19,76.84,3963358.0,1642723199999,303152183.64,14730,1985358.0,151882556.81,0,2022-01-20
1642723200000,76.83,77.99,76.6,77.77,7836340.0,1642809599999,604152961.9664,24382,3755775.0,289620666.8364,0,2022-01-21
1642809600000,77.78,77.98,77.5,77.86,8217978.0,1642895999999,639706797.89,27729,3675665.0,286122279.27,0,2022-01-22
1642896000000,77.87,77.94,77.44,77.49,4918545.0,1642982399999,382823388.38,16514,2152735.0,167565075.17,0,2022-01-23
1642982400000,77.49,79.49,77.24,78.76,8835562.5,1643068799999,695649970.4314,23027,4377160.9,344577707.4414,0,2022-01-24
1643068800000,78.76,79.41,78.32,78.94,4994780.0,1643155199999,394222518.54,18763,2149712.0,169683076.32,0,2022-01-25
1643155200000,78.92,80.18,78.8,79.5,6044624.0,1643241599999,480398750.1475,20317,2611333.0,207562134.4875,0,2022-01-26
1643241600000,79.5,79.95,77.76,78.45,6268886.0,1643327999999,492534545.16,16954,2750240.0,216093840.95,0,2022-01-27
1643328000000,78.45,78.45,77.68,78.11,4584719.0,1643414399999,357919360.64,15632,1976327.0,154293449.34,0,2022-01-28
1643414400000,78.11,78.5,77.99,78.34,2332215.0,1643500799999,182536674.14,13212,1133944.0,88758063.51,0,2022-01-29
1643500800000,78.35,78.5,78.01,78.12,2510531.0,1643587199999,196679099.87,12033,1181807.0,92609812.08,0,2022-01-30
1643587200000,78.1,78.32,77.24,77.34,3908070.0,1643673599999,303691922.79,14849,1775028.0,137910703.99,0,2022-01-31
1643673600000,77.34,77.55,76.51,76.82,3766552.0,1643759999999,289611360.95,13904,1892801.0,145520803.65,0,2022-02-01
1643760000000,76.82,76.89,75.99,76.43,4160659.0,1643846399999,317748046.79,13112,2056144.0,157022328.68,0,2022-02-02
1643846400000,76.43,76.93,76.36,76.5,4171718.0,1643932799999,319846875.17,13054,1733295.0,132915295.14,0,2022-02-03
1643932800000,76.5,76.69,75.7,75.78,3735543.0,1644019199999,284381199.47,14543,1845327.0,140481217.62,0,2022-02-04
1644019200000,75.77,75.9,75.5,75.86,2364403.0,1644105599999,178987104.05,13831,1258191.0,95258188.44,0,2022-02-05
1644105600000,75.87,75.97,75.62,75.82,2355224.0,1644191999999,178407867.32,13540,1066796.0,80818981.39,0,2022-02-06
1644192000000,75.82,76.0,75.55,75.64,4851108.0,1644278399999,367537175.98,18367,2213034.0,167678414.48,0,2022-02-07
1644278400000,75.63,75.88,75.02,75.28,3898958.0,1644364799999,293864838.86,16877,1801138.0,135735424.55,0,2022-02-08
1644364800000,75.29,75.3,74.72,74.84,3972410.0,1644451199999,297613849.24,15950,1822152.0,136505881.57,0,2022-02-09
1644451200000,74.84,75.2,74.38,75.15,4096125.0,1644537599999,306260376.61,16561,1935392.0,144741258.99,0,2022-02-10
1644537600000,75.2,77.39,74.94,76.86,5811358.0,1644623999999,441603093.94,16402,2787289.0,212002650.34,0,2022-02-11
1644624000000,76.86,77.01,76.62,76.7,2760390.0,1644710399999,212280493.98,11465,1273330.0,97927074.89,0,2022-02-12
1644710400000,76.69,77.24,76.66,77.02,2476740.0,1644796799999,190529021.67,10139,1073141.0,82566370.22,0,2022-02-13
1644796800000,77.04,77.71,76.2,76.65,5567986.0,1644883199999,427911936.1,13582,2563109.0,197077261.83,0,2022-02-14
1644883200000,76.65,76.68,75.0,75.33,5377529.0,1644969599999,407343191.66,14210,2430770.0,184160099.13,0,2022-02-15
1644969600000,75.33,75.5,74.8,75.01,3151587.0,1645055999999,236880169.82,11686,1593894.0,119794337.57,0,2022-02-16
1645056000000,75.0,76.54,75.0,76.32,5271195.0,1645142399999,400772780.39,12764,2501643.0,190148406.03,0,2022-02-17
1645142400000,76.34,77.48,75.64,77.38,3807146.0,1645228799999,291110983.98,12731,1690837.0,129258191.17,0,2022-02-18
1645228800000,77.39,77.65,77.2,77.57,2502633.0,1645315199999,193848751.91,10960,1216888.0,94261271.2,0,2022-02-19
1645315200000,77.57,77.73,77.04,77.51,4524862.0,1645401599999,350732258.13,12016,2048301.0,158753866.27,0,2022-02-20
1645401600000,77.51,80.41,76.41,80.38,10206418.0,1645487999999,802624261.65,20323,5280190.0,415504282.64,0,2022-02-21
1645488000000,80.32,80.75,78.72,79.0,8297576.0,1645574399999,660685200.51,16260,3705247.0,295222945.04,0,2022-02-22
1645574400000,78.99,81.55,78.74,81.44,7397895.0,1645660799999,594501976.76,15746,3739905.0,300920383.59,0,2022-02-23
1645660800000,81.44,89.94,79.51,84.98,15561725.9,1645747199999,1323875357.7536,35330,7120635.9,607076793.0636,0,2022-02-24
1645747200000,84.97,85.35,82.0,83.17,5803542.0,1645833599999,483362791.28,18654,2260578.0,188437741.09,0,2022-02-25
1645833600000,83.17,83.64,82.11,83.61,4368193.0,1645919999999,362199827.21,16566,2121395.0,176001384.41,0,2022-02-26
1645920000000,83.61,91.1,83.51,90.97,25574872.0,1646006399999,2202191869.664,50014,13986401.0,1210193276.714,0,2022-02-27
1646006400000,90.97,105.29,86.87,95.44,34937521.8,1646092799999,3298504983.8092,78356,16205143.8,1532924223.7392,0,2022-02-28
1646092800000,95.58,102.74,91.5,98.0,21367596.0,1646179199999,2073663116.76,55617,11178466.0,1085577048.6,0,2022-03-01
1646179200000,98.0,103.45,97.0,101.87,13701231.0,1646265599999,1382769724.88,42317,7594217.0,767138984.82,0,2022-03-02
1646265600000,101.98,109.64,98.68,109.37,19344591.0,1646351999999,2043954253.0,56682,10256008.0,1085868007.93,0,2022-03-03
1646352000000,109.37,112.0,105.3,109.56,17307231.0,1646438399999,1875319292.0,48793,8217325.0,892094604.22,0,2022-03-04
1646438400000,109.69,111.0,105.5,105.55,24148480.0,1646524799999,2579078921.22,70510,10323322.0,1105510369.22,0,2022-03-05
1646524800000,105.56,112.93,105.0,112.92,13053582.0,1646611199999,1421288891.47,46260,7390803.0,806911489.26,0,2022-03-06
1646611200000,112.92,128.88,107.68,124.7,37313669.0,1646697599999,4309284302.231,91374,18065614.7,2095166268.09,0,2022-03-07
1646697600000,124.6,127.79,116.5,123.86,18859381.0,1646783999999,2321256185.19,62863,9009919.0,1109623164.43,0,2022-03-08
1646784000000,123.86,125.0,117.98,120.99,18321535.0,1646870399999,2225132653.6,57334,8711235.0,1059072433.35,0,2022-03-09
1646870400000,121.0,126.5,118.0,122.99,16924306.0,1646956799999,2065855785.73,44001,8617208.0,1054829261.64,0,2022-03-10
1646956800000,122.96,125.9,118.44,122.46,14853818.0,1647043199999,1807453052.69,39009,7222690.0,881022451.56,0,2022-03-11
1647043200000,122.45,122.99,119.0,122.45,5488486.0,1647129599999,666589683.57,18872,2813832.0,342018361.32,0,2022-03-12
1647129600000,122.45,124.0,121.53,122.92,2315961.0,1647215999999,284237645.31,12036,1294830.0,158937045.54,0,2022-03-13
1647216000000,122.93,123.3,112.22,116.55,12315811.0,1647302399999,1442942289.4,33293,5205111.0,609892442.72,0,2022-03-14
1647302400000,116.54,117.2,106.58,109.35,8279078.0,1647388799999,920737117.87,26268,3401767.0,378206492.44,0,2022-03-15
1647388800000,109.37,110.84,98.15,101.36,8607903.0,1647475199999,895552672.74,22633,3553979.0,370583179.9,0,2022-03-16
1647475200000,101.33,104.69,97.0,104.46,6176704.0,1647561599999,628333413.83,19047,3210596.0,327118367.85,0,2022-03-17
1647561600000,104.46,104.69,101.66,103.82,3720789.0,1647647999999,385037759.58,11878,2136315.0,221204024.6,0,2022-03-18
1647648000000,103.88,103.94,102.92,103.42,1512443.0,1647734399999,156513980.71,8192,730493.0,75630981.15,0,2022-03-19
1647734400000,103.42,115.0,102.05,114.56,6577569.0,1647820799999,715684932.09,14456,4452907.0,487399981.5,0,2022-03-20
1647820800000,114.77,117.77,99.9,104.19,13487478.0,1647907199999,1437554345.72,25929,6100228.0,652741926.53,0,2022-03-21
1647907200000,104.19,104.94,99.9,103.99,5242421.0,1647993599999,539755619.21,16373,2613792.0,269823392.17,0,2022-03-22
1647993600000,103.91,104.2,96.26,96.87,6885271.0,1648079999999,685832038.64,19208,2872792.0,285789280.65,0,2022-03-23
1648080000000,96.87,99.39,95.2,97.89,5225512.0,1648166399999,507656994.19,15502,2415473.0,234759149.04,0,2022-03-24
1648166400000,97.9,98.39,94.03,97.56,4704690.0,1648252799999,455086190.53,14059,2391575.0,231344319.98,0,2022-03-25
1648252800000,97.56,97.95,96.5,96.79,1466192.0,1648339199999,142467427.47,8196,659444.0,64101267.49,0,2022-03-26
1648339200000,96.8,97.19,95.78,96.08,2035781.0,1648425599999,196320289.9,10242,896412.0,86489158.34,0,2022-03-27
1648425600000,95.89,96.1,90.46,91.9,5025274.0,1648511999999,469298108.14,20141,2315395.0,216404729.03,0,2022-03-28
1648512000000,91.91,92.08,83.12,87.19,8687096.0,1648598399999,758423315.19,23107,3798906.0,330853884.69,0,2022-03-29
1648598400000,87.19,87.22,84.44,85.94,4040255.0,1648684799999,347582419.42,15729,2062122.0,177529800.94,0,2022-03-30
1648684800000,85.95,86.03,82.9,84.44,6470309.0,1648771199999,543350444.01,18835,2939326.0,247061905.08,0,2022-03-31
1648771200000,84.44,87.22,83.83,86.69,4139691.0,1648857599999,353895028.57,15161,2104451.0,179966548.39,0,2022-04-01
1648857600000,86.7,87.11,86.12,86.97,2522130.0,1648943999999,218542275.6,10179,1322824.0,114675975.54,0,2022-04-02
1648944000000,86.97,87.02,86.0,86.09,2432666.0,1649030399999,210587236.69,9627,1147086.0,99353505.03,0,2022-04-03
1649030400000,86.09,86.96,85.55,86.56,2518589.0,1649116799999,217349872.36,10447,1346457.0,116253234.79,0,2022-04-04
1649116800000,86.55,86.79,85.8,86.71,2892282.0,1649203199999,249321840.36,11472,1316730.0,113580864.01,0,2022-04-05
1649203200000,86.71,88.5,84.0,85.69,6027709.0,1649289599999,517142469.23,17987,2947189.0,253099394.6,0,2022-04-06
1649289600000,85.71,86.0,81.11,82.44,6408445.0,1649375999999,530967654.18,15662,2690968.0,222875784.81,0,2022-04-07
1649376000000,82.44,83.33,78.35,82.05,8186047.0,1649462399999,662143636.99,18176,3851352.0,311601807.07,0,2022-04-08
1649462400000,82.07,83.33,81.21,81.52,2424918.0,1649548799999,198312961.58,7830,1236768.0,101209651.38,0,2022-04-09
1649548800000,81.52,82.18,81.25,81.79,1905902.0,1649635199999,155444423.19,7635,959602.0,78295504.25,0,2022-04-10
1649635200000,81.79,84.0,81.54,83.96,4421496.0,1649721599999,367331108.88,12715,2275783.0,189136070.07,0,2022-04-11
1649721600000,83.96,84.5,83.42,84.37,1678315.0,1649807999999,140813671.39,7462,812882.0,68233621.82,0,2022-04-12
1649808000000,84.15,84.72,83.41,83.87,1341101.0,1649894399999,112638452.59,6102,696886.0,58540272.65,0,2022-04-13
1649894400000,83.87,84.1,83.0,83.49,1249357.0,1649980799999,104339971.89,6063,586312.0,48974762.28,0,2022-04-14
1649980800000,83.49,83.7,81.99,82.28,1256414.0,1650067199999,103740796.59,6133,577516.0,47677789.95,0,2022-04-15
1650067200000,82.27,82.32,81.44,81.59,939975.0,1650153599999,76803648.07,5077,423570.0,34609198.42,0,2022-04-16
1650153600000,81.6,82.15,81.3,82.05,967054.0,1650239999999,78975981.82,5609,464451.0,37940007.94,0,2022-04-17
1650240000000,82.0,83.07,81.0,81.42,1484925.0,1650326399999,121573872.23,7289,767643.0,62866371.69,0,2022-04-18
1650326400000,81.46,81.59,80.08,80.3,1292139.0,1650412799999,104189477.53,6336,580684.0,46809810.88,0,2022-04-19
1650412800000,80.31,81.54,79.22,81.12,2595834.0,1650499199999,208818476.6,8958,1283264.0,103235173.39,0,2022-04-20
1650499200000,81.11,81.65,79.09,81.29,4255542.0,1650585599999,342487627.09,12637,2194074.0,176603405.65,0,2022-04-21
1650585600000,81.03,81.3,77.56,78.09,2707827.0,1650671999999,214620339.12,9521,1035067.0,82087619.88,0,2022-04-22
1650672000000,78.35,78.75,76.2,78.01,1672157.0,1650758399999,130170437.53,7902,856823.0,66704622.5,0,2022-04-23
1650758400000,77.97,78.58,77.2,78.24,1004448.0,1650844799999,78229949.59,4822,513385.0,39994109.88,0,2022-04-24
1650844800000,78.22,78.49,74.23,75.41,2589027.0,1650931199999,196380002.18,12134,1270471.0,96317554.44,0,2022-04-25
1650931200000,75.42,75.79,74.12,74.91,1628808.0,1651017599999,121996661.68,7986,857590.0,64245775.65,0,2022-04-26
1651017600000,74.9,75.67,74.1,74.24,1239030.0,1651103999999,92749126.06,5565,648549.0,48560667.43,0,2022-04-27
1651104000000,74.22,75.0,72.5,72.93,1508186.0,1651190399999,110795632.65,6210,719875.0,52844742.22,0,2022-04-28
1651190400000,72.89,73.19,70.95,72.0,1951759.0,1651276799999,140424941.01,7053,955377.0,68712299.72,0,2022-04-29
1651276800000,72.08,72.8,71.61,72.56,1026222.0,1651363199999,74121726.37,4836,558305.0,40324014.4,0,2022-04-30
1651363200000,72.57,72.7,71.17,72.33,1261676.0,1651449599999,90679701.35,6454,610262.0,43872158.54,0,2022-05-01
1651449600000,72.3,73.29,70.5,71.01,2316907.0,1651535999999,166530408.17,7628,1079159.0,77487843.6,0,2022-05-02
1651536000000,71.07,71.39,66.32,68.2,2484991.0,1651622399999,171174433.28,8690,1120309.0,77164521.74,0,2022-05-03
1651622400000,68.26,68.8,64.77,66.53,4076779.1,1651708799999,272360162.1396,11511,1764353.0,117890601.55,0,2022-05-04
1651708800000,66.51,67.31,64.54,64.94,4962923.0,1651795199999,327049770.38,11865,2396626.0,158060002.95,0,2022-05-05
1651795200000,64.99,69.76,64.82,69.38,3431974.0,1651881599999,231638791.74,10535,1908978.0,128824020.72,0,2022-05-06
1651881600000,69.38,69.49,68.17,68.75,7155770.0,1651967999999,491596394.01,12839,2670364.0,183563044.73,0,2022-05-07
1651968000000,68.75,69.0,66.83,68.77,3598973.0,1652054399999,245113587.9,10161,1424090.0,97000363.14,0,2022-05-08
1652054400000,68.75,70.9,67.58,70.66,4754074.0,1652140799999,330984520.15,11646,2099787.0,146120123.12,0,2022-05-09
1652140800000,70.55,71.35,69.86,70.61,1362595.0,1652227199999,96097142.15,8278,686732.0,48458233.97,0,2022-05-10
1652227200000,70.61,71.0,67.02,67.9,3327809.0,1652313599999,228317848.65,16470,1630928.0,111966227.16,0,2022-05-11
1652313600000,67.94,68.61,63.26,65.48,9309347.0,1652399999999,614584421.47,27152,4424591.0,293498283.37,0,2022-05-12
1652400000000,65.48,66.43,63.7,65.5,3782174.0,1652486399999,246185167.02,12102,1989149.0,129610341.04,0,2022-05-13
1652486400000,65.45,66.46,64.75,65.2,969383.0,1652572799999,63708428.05,7678,466620.0,30665710.45,0,2022-05-14
1652572800000,65.27,66.4,65.02,66.35,844922.0,1652659199999,55483236.34,6274,420947.0,27626477.89,0,2022-05-15
1652659200000,66.34,66.54,64.0,64.49,1385809.0,1652745599999,90050538.34,7408,678625.0,44136538.21,0,2022-05-16
1652745600000,64.49,66.0,64.4,65.78,1443538.0,1652831999999,94206343.1,6561,854246.0,55759683.68,0,2022-05-17
1652832000000,65.65,65.75,63.98,64.58,2009638.0,1652918399999,129892396.45,7269,825547.0,53398205.16,0,2022-05-18
1652918400000,64.63,64.73,61.82,62.02,2486035.1,1653004799999,156565800.7641,9634,1290154.0,81380082.394,0,2022-05-19
1653004800000,62.02,62.39,58.71,61.6,4362928.0,1653091199999,264821421.47,12203,1968783.0,119309075.87,0,2022-05-20
1653091200000,61.58,61.72,60.6,60.67,779906.0,1653177599999,47548728.69,7341,348691.0,21265398.79,0,2022-05-21
1653177600000,60.65,61.67,60.56,61.29,1382795.0,1653263999999,84553126.56,7388,673198.0,41170833.55,0,2022-05-22
1653264000000,61.48,61.95,58.4,58.63,3139535.0,1653350399999,188303119.02,10445,1664952.0,100342051.28,0,2022-05-23
1653350400000,58.63,59.19,56.64,58.16,2701703.0,1653436799999,156125877.34,9807,1335538.0,77353073.24,0,2022-05-24
1653436800000,58.16,61.49,56.42,61.06,8405899.0,1653523199999,494037677.33,19338,3752888.0,220798392.97,0,2022-05-25
1653523200000,61.02,65.57,59.41,62.97,12029234.0,1653609599999,753117888.52,22368,5869597.0,368437008.89,0,2022-05-26
1653609600000,62.92,68.54,62.61,66.69,9222215.0,1653695999999,608150562.06,19684,4718687.0,310951381.51,0,2022-05-27
1653696000000,66.67,67.2,66.43,66.53,1229370.0,1653782399999,82081348.81,6771,437580.0,29224113.36,0,2022-05-28
1653782400000,66.53,66.9,66.43,66.72,763693.0,1653868799999,50869823.07,8164,361953.0,24120143.66,0,2022-05-29
1653868800000,66.71,66.79,62.42,64.47,6282977.0,1653955199999,405460559.75,14843,3201398.0,206684684.22,0,2022-05-30
1653955200000,64.49,64.66,62.17,63.12,11431893.0,1654041599999,719650259.84,18370,4781875.0,301067959.1,0,2022-05-31
1654041600000,63.12,64.29,61.77,64.05,12594645.0,1654127999999,796960473.48,19609,5478761.0,347055574.55,0,2022-06-01
1654128000000,64.04,64.49,62.17,64.03,13887671.0,1654214399999,877276870.59,17014,6375007.0,402798458.51,0,2022-06-02
1654214400000,64.03,64.16,62.21,63.82,9187616.0,1654300799999,580251056.72,13853,4361102.0,275478269.81,0,2022-06-03
1654300800000,63.82,63.94,62.62,63.27,1360241.0,1654387199999,86186144.55,6270,771072.0,48780295.31,0,2022-06-04
1654387200000,63.25,63.7,63.07,63.29,1044668.0,1654473599999,66278309.48,5794,372976.0,23662085.53,0,2022-06-05
1654473600000,63.32,63.55,61.57,61.97,8281896.0,1654559999999,515369061.35,12805,4039238.0,251515029.41,0,2022-06-06
1654560000000,61.98,62.5,61.41,62.27,4710952.0,1654646399999,292728557.32,10947,1966315.0,122163164.05,0,2022-06-07
1654646400000,62.27,62.42,60.76,61.2,2325225.0,1654732799999,142491917.8,10000,1082893.0,66329494.42,0,2022-06-08
1654732800000,61.2,61.46,58.03,58.54,16179463.0,1654819199999,957433715.8,19586,7421514.0,439094965.75,0,2022-06-09
1654819200000,58.5,60.36,57.89,59.44,12553537.0,1654905599999,739308095.68,17573,6735822.0,396865065.79,0,2022-06-10
1654905600000,59.46,59.6,57.0,58.46,2222964.0,1654991999999,129470647.25,9466,1124476.0,65381862.54,0,2022-06-11
1654992000000,58.47,58.73,58.19,58.65,1311911.0,1655078399999,76685464.78,9001,628782.0,36768298.91,0,2022-06-12
1655078400000,58.64,61.86,57.47,57.77,13427627.0,1655164799999,786176054.4,21402,4747072.0,280447017.85,0,2022-06-13
1655164800000,57.8,58.87,57.09,58.34,6673321.0,1655251199999,387662680.21,16958,2591620.0,150492108.26,0,2022-06-14
1655251200000,58.3,58.62,56.76,57.46,7422926.0,1655337599999,428857472.71,17577,2906546.0,167969016.28,0,2022-06-15
1655337600000,57.46,58.35,57.33,58.27,8250144.0,1655423999999,477674963.99,12627,4478039.0,259045275.95,0,2022-06-16
1655424000000,58.28,58.9,57.25,57.51,5900719.0,1655510399999,342581195.34,9802,2115942.0,122717959.84,0,2022-06-17
1655510400000,57.5,58.7,57.47,57.95,2360735.0,1655596799999,137189826.78,9293,1528275.0,88848673.12,0,2022-06-18
1655596800000,57.95,58.22,57.5,57.95,1320381.0,1655683199999,76522738.58,8367,736771.0,42687900.4,0,2022-06-19
1655683200000,57.88,58.72,56.61,56.74,6947162.0,1655769599999,403023100.32,10707,3015232.0,174922232.67,0,2022-06-20
1655769600000,56.74,56.8,53.82,54.41,7991026.0,1655855999999,444875405.46,12806,4501752.0,251330675.91,0,2022-06-21
1655856000000,54.41,55.2,53.59,54.98,7507585.0,1655942399999,409779642.75,11573,4213142.0,230169087.69,0,2022-06-22
1655942400000,54.97,55.58,53.8,54.74,7954112.0,1656028799999,433219428.92,12606,4538743.0,247312830.27,0,2022-06-23
1656028800000,54.74,56.88,54.02,55.87,14667777.0,1656115199999,813217017.56,19734,8265438.0,458037058.99,0,2022-06-24
1656115200000,55.86,56.42,55.47,56.1,1570728.0,1656201599999,88004629.11,8749,829886.0,46510359.37,0,2022-06-25
1656201600000,56.1,56.38,55.95,56.03,1052864.0,1656287999999,59119171.45,7308,466392.0,26200573.58,0,2022-06-26
1656288000000,56.04,56.05,54.04,54.79,11012984.0,1656374399999,602170449.11,12617,5131259.0,280958922.54,0,2022-06-27
1656374400000,54.79,55.24,53.74,54.45,2878173.0,1656460799999,156572386.69,9594,1148784.0,62556270.6,0,2022-06-28
1656460800000,54.43,54.55,52.0,52.65,12054733.0,1656547199999,642717450.04,15295,7550526.0,403497547.86,0,2022-06-29
1656547200000,52.68,55.1,52.54,54.79,10375424.0,1656633599999,557624478.44,15270,6142875.0,330222736.42,0,2022-06-30
1656633600000,54.81,57.0,52.72,55.44,18824565.0,1656719999999,1025670899.62,19261,8681397.0,471822855.59,0,2022-07-01
1656720000000,55.44,56.17,55.2,55.87,1483433.0,1656806399999,82487871.48,6523,613151.0,34076851.43,0,2022-07-02
1656806400000,55.91,56.22,54.78,55.19,1206098.0,1656892799999,66933259.53,5598,623265.0,34577934.62,0,2022-07-03
1656892800000,55.2,57.23,55.06,57.12,3496965.0,1656979199999,196841510.29,9420,1926384.0,108541988.95,0,2022-07-04
1656979200000,57.11,64.76,56.14,62.45,12213349.0,1657065599999,750045298.44,22860,5643149.0,343790022.46,0,2022-07-05
1657065600000,62.52,68.2,62.25,64.49,6302884.0,1657151999999,410352663.05,16696,3255592.0,211688047.27,0,2022-07-06
1657152000000,64.51,65.34,63.8,64.12,3290850.0,1657238399999,212469629.07,10687,1719637.0,111183806.07,0,2022-07-07
1657238400000,64.11,65.26,62.91,64.96,4170912.0,1657324799999,267746088.87,12371,1995599.0,128001833.8,0,2022-07-08
1657324800000,64.93,65.14,64.5,64.56,1358915.0,1657411199999,88016679.41,6555,666090.0,43142259.69,0,2022-07-09
1657411200000,64.56,64.97,64.01,64.77,1214043.0,1657497599999,78443916.71,6394,478512.0,30913031.79,0,2022-07-10
1657497600000,64.77,66.51,63.67,64.84,5689149.0,1657583999999,368657068.83,14163,2678401.0,173595050.82,0,2022-07-11
1657584000000,64.84,64.95,62.0,62.75,5148112.0,1657670399999,325232475.72,14294,2543753.0,160424921.2,0,2022-07-12
1657670400000,62.75,63.35,62.29,62.56,1741981.0,1657756799999,109250957.78,8259,869358.0,54555065.54,0,2022-07-13
1657756800000,62.56,62.79,61.96,62.52,1999790.0,1657843199999,124949028.75,8572,974416.0,60917247.61,0,2022-07-14
1657843200000,62.5,62.9,61.3,61.61,2081563.0,1657929599999,129239153.82,9090,1058931.0,65768527.22,0,2022-07-15
1657929600000,61.61,61.74,60.1,60.57,1330777.0,1658015999999,81084991.59,6824,636360.0,38789799.46,0,2022-07-16
1658016000000,60.58,61.18,60.41,60.65,1018962.0,1658102399999,61965237.7,6361,534758.0,32546084.2,0,2022-07-17
1658102400000,60.66,60.79,59.7,59.79,2168769.0,1658188799999,130525988.79,10076,1155478.0,69573536.72,0,2022-07-18
1658188800000,59.75,60.35,58.29,59.44,3857519.0,1658275199999,228455470.37,12399,2070731.0,122697853.85,0,2022-07-19
1658275200000,59.48,59.7,55.0,56.54,9158497.0,1658361599999,516515197.57,17330,3374074.0,190822670.7,0,2022-07-20
1658361600000,56.43,59.22,55.82,58.68,3829802.0,1658447999999,221802653.08,9919,2131639.0,123467999.49,0,2022-07-21
1658448000000,58.68,59.77,58.01,59.35,2922117.0,1658534399999,172441980.73,8812,1571621.0,92732231.26,0,2022-07-22
1658534400000,59.32,59.64,59.2,59.39,853438.0,1658620799999,50714984.73,4775,447801.0,26618138.0,0,2022-07-23
1658620800000,59.3,59.59,59.21,59.55,676364.0,1658707199999,40192936.78,4523,339062.0,20152743.04,0,2022-07-24
1658707200000,59.54,60.75,59.19,60.64,2732742.0,1658793599999,164099985.77,8245,1558291.0,93583891.32,0,2022-07-25
1658793600000,60.63,62.9,60.5,62.34,2093930.0,1658879999999,129129711.88,12363,1182510.0,72890156.84,0,2022-07-26
1658880000000,62.34,63.09,61.41,61.41,2055517.0,1658966399999,127648014.21,13899,1086373.0,67508262.64,0,2022-07-27
1658966400000,61.41,62.65,60.91,62.57,1962496.0,1659052799999,121726401.75,14467,983253.0,61007611.91,0,2022-07-28
1659052800000,62.57,63.84,61.75,62.72,3744038.0,1659139199999,235396682.72,17437,1700650.0,106793457.11,0,2022-07-29
1659139200000,62.65,63.0,62.56,62.93,876934.0,1659225599999,55123916.55,7250,410422.0,25805797.4,0,2022-07-30
1659225600000,62.92,63.0,62.73,62.97,679331.0,1659311999999,42713223.83,6507,390549.0,24560675.67,0,2022-07-31
1659312000000,62.97,63.59,61.47,61.88,3251922.0,1659398399999,203474357.77,17550,1564425.0,97956887.59,0,2022-08-01
1659398400000,61.84,62.33,60.83,61.63,1992576.0,1659484799999,122468420.57,8938,1130343.0,69514069.01,0,2022-08-02
1659484800000,61.65,61.99,61.11,61.96,1562226.0,1659571199999,96271490.66,8179,734131.0,45275882.39,0,2022-08-03
1659571200000,61.9,62.0,60.64,60.92,2611193.0,1659657599999,160159778.53,10183,1295391.0,79475178.23,0,2022-08-04
1659657600000,60.93,61.38,60.51,60.8,2332465.0,1659743999999,141981323.73,10200,1178477.0,71759775.7,0,2022-08-05
1659744000000,60.88,61.32,60.75,61.05,802866.0,1659830399999,49030378.28,4868,320592.0,19584091.9,0,2022-08-06
1659830400000,61.03,61.27,60.82,60.92,667799.0,1659916799999,40798698.09,4769,319629.0,19535958.83,0,2022-08-07
1659916800000,60.93,61.89,60.15,61.71,2661739.0,1660003199999,163061533.65,11487,1181267.0,72432638.63,0,2022-08-08
1660003200000,61.62,61.9,60.55,60.79,2195699.0,1660089599999,133838822.18,7153,1033901.0,63044625.98,0,2022-08-09
1660089600000,60.77,61.71,60.55,61.36,2643880.0,1660175999999,161749687.6,8593,1147659.0,70266752.58,0,2022-08-10
1660176000000,61.38,61.52,60.8,60.95,1540934.0,1660262399999,94016657.27,7297,827527.0,50505366.57,0,2022-08-11
1660262400000,60.97,62.22,60.8,62.19,3036523.0,1660348799999,187115887.63,9943,1554744.0,95855270.91,0,2022-08-12
1660348800000,62.19,62.32,61.7,61.87,1343173.0,1660435199999,83406789.39,6552,691854.0,42965369.04,0,2022-08-13
1660435200000,61.87,62.25,61.03,62.11,3585855.0,1660521599999,221383343.65,10158,1707061.0,105524350.43,0,2022-08-14
1660521600000,62.11,62.18,60.95,61.7,3272479.0,1660607999999,200858526.24,10668,1506282.0,92503883.85,0,2022-08-15
1660608000000,61.68,61.79,61.1,61.64,1553371.0,1660694399999,95494719.09,8960,777210.0,47779472.7,0,2022-08-16
1660694400000,61.64,61.64,60.56,60.82,2726574.0,1660780799999,166436262.5,8133,1388471.0,84784351.85,0,2022-08-17
1660780800000,60.78,60.89,59.6,60.43,2335699.0,1660867199999,140530177.08,12083,1182215.0,71102653.99,0,2022-08-18
1660867200000,60.49,60.53,59.11,60.06,4735003.0,1660953599999,283270931.37,11584,2550096.0,152569669.46,0,2022-08-19
1660953600000,60.06,60.28,59.7,59.76,1000925.0,1661039999999,59944376.3,7030,575379.0,34474041.22,0,2022-08-20
1661040000000,59.76,59.86,59.59,59.75,928703.0,1661126399999,55485878.28,5075,485343.0,29011103.52,0,2022-08-21
1661126400000,59.75,60.39,59.32,60.12,2270749.0,1661212799999,135916386.52,8981,1198762.0,71782067.38,0,2022-08-22
1661212800000,60.1,60.39,59.8,60.14,1564276.0,1661299199999,94098971.33,8017,849439.0,51115279.05,0,2022-08-23
1661299200000,60.13,60.45,59.6,60.07,1990060.0,1661385599999,119556888.7,7230,1020745.0,61373671.04,0,2022-08-24
1661385600000,60.02,60.45,59.83,60.28,1637592.0,1661471999999,98529844.45,6211,765534.0,46058600.41,0,2022-08-25
1661472000000,60.28,60.88,60.07,60.53,1860680.0,1661558399999,112489004.04,7490,922360.0,55770116.08,0,2022-08-26
1661558400000,60.53,60.81,60.47,60.66,786618.0,1661644799999,47739136.88,6443,399769.0,24262823.46,0,2022-08-27
1661644800000,60.66,60.81,60.31,60.66,1122678.0,1661731199999,68056082.75,5930,511179.0,30997278.63,0,2022-08-28
1661731200000,60.66,61.77,60.41,61.66,3295686.0,1661817599999,201158962.11,8631,1739131.0,106152107.98,0,2022-08-29
1661817600000,61.65,61.84,60.35,60.41,2891132.0,1661903999999,176764824.63,10647,1423468.0,87021911.62,0,2022-08-30
1661904000000,60.41,60.95,60.24,60.48,1871804.0,1661990399999,113345850.89,8863,809748.0,49051174.86,0,2022-08-31
1661990400000,60.49,60.79,59.85,60.13,1206519.0,1662076799999,72877077.55,7779,603690.0,36498878.26,0,2022-09-01
1662076800000,60.12,60.43,59.65,60.18,893765.0,1662163199999,53726605.28,6626,415191.0,24980482.4,0,2022-09-02
1662163200000,60.18,60.48,60.01,60.26,494614.0,1662249599999,29811219.04,4026,262676.0,15834251.07,0,2022-09-03
1662249600000,60.26,60.3,59.81,59.88,495505.0,1662335999999,29784288.93,4068,216977.0,13054409.24,0,2022-09-04
1662336000000,59.86,60.95,59.84,60.78,1074289.0,1662422399999,65005337.34,7833,568051.0,34386053.73,0,2022-09-05
1662422400000,60.78,61.22,60.52,61.05,1127842.0,1662508799999,68641252.64,8089,588843.0,35854190.54,0,2022-09-06
1662508800000,61.06,61.99,60.8,61.97,1581173.0,1662595199999,96739727.83,8249,882731.0,54017363.72,0,2022-09-07
1662595200000,61.97,61.97,60.8,61.01,1391793.0,1662681599999,85109348.39,8312,571790.0,34937186.22,0,2022-09-08
1662681600000,61.02,61.03,60.38,60.87,1299216.0,1662767999999,78827944.99,10749,570837.0,34633213.74,0,2022-09-09
1662768000000,60.82,60.94,60.5,60.7,1024091.0,1662854399999,62184605.08,6341,482637.0,29327472.91,0,2022-09-10
1662854400000,60.71,60.86,60.56,60.73,574551.0,1662940799999,34892788.51,4818,307569.0,18684203.97,0,2022-09-11
1662940800000,60.73,60.86,60.38,60.42,991792.0,1663027199999,60125319.81,7074,487354.0,29550767.86,0,2022-09-12
1663027200000,60.41,61.91,59.79,61.22,5958443.0,1663113599999,362278333.58,16713,3100940.0,188786087.05,0,2022-09-13
1663113600000,61.22,61.33,60.0,60.23,2197722.0,1663199999999,132493519.52,8411,1044306.0,62972262.57,0,2022-09-14
1663200000000,60.23,60.31,59.7,60.06,1363627.0,1663286399999,81850136.47,7367,659807.0,39626660.71,0,2022-09-15
1663286400000,60.06,60.87,59.89,60.7,1233322.0,1663372799999,74491773.36,7015,511882.0,30954715.03,0,2022-09-16
1663372800000,60.7,60.75,60.23,60.36,441222.0,1663459199999,26685332.32,3799,183621.0,11110422.11,0,2022-09-17
1663459200000,60.36,60.46,60.24,60.43,428803.0,1663545599999,25879550.89,3954,222710.0,13448503.33,0,2022-09-18
1663545600000,60.46,60.65,60.06,60.18,1027350.0,1663631999999,61959888.88,6543,560315.0,33816569.31,0,2022-09-19
1663632000000,60.18,61.93,58.65,61.65,3852984.0,1663718399999,234559141.86,10699,1897428.0,115826596.62,0,2022-09-20
1663718400000,61.56,62.46,60.8,61.39,3068727.0,1663804799999,188335100.27,7103,1329290.0,81620662.23,0,2022-09-21
1663804800000,61.39,61.43,60.0,60.92,3549191.0,1663891199999,215308992.91,6758,1842381.0,111834170.97,0,2022-09-22
1663891200000,60.92,60.96,57.31,59.15,7222737.0,1663977599999,424855273.43,12008,3706656.0,217978071.07,0,2022-09-23
1663977600000,59.15,59.15,58.1,58.47,1322494.0,1664063999999,77440304.14,4963,626142.0,36671562.01,0,2022-09-24
1664064000000,58.48,58.54,58.07,58.18,683106.0,1664150399999,39808280.6,3928,318694.0,18573797.19,0,2022-09-25
1664150400000,58.19,59.2,58.18,58.86,1966228.0,1664236799999,115324124.72,7343,1016822.0,59664427.42,0,2022-09-26
1664236800000,58.78,59.65,58.5,59.26,1946776.0,1664323199999,114951192.5,7577,1097129.0,64726149.6,0,2022-09-27
1664323200000,59.24,60.12,58.25,58.33,2766606.0,1664409599999,163514727.53,8487,1441373.0,85301200.47,0,2022-09-28
1664409600000,58.31,58.84,57.84,57.96,2386610.0,1664495999999,139118905.78,8316,1205522.0,70252238.34,0,2022-09-29
1664496000000,57.96,59.85,57.04,59.34,4110605.0,1664582399999,239863147.72,10446,1940746.0,112913202.31,0,2022-09-30
1664582400000,59.34,59.79,58.87,59.1,812797.0,1664668799999,48189555.64,4394,488511.0,28961008.34,0,2022-10-01
1664668800000,59.08,59.43,58.91,59.39,611409.0,1664755199999,36125284.06,4101,279597.0,16519539.2,0,2022-10-02
1664755200000,59.36,59.37,58.02,58.36,1321150.0,1664841599999,77231390.65,5403,843040.0,49271862.51,0,2022-10-03
1664841600000,58.34,59.28,58.25,58.96,1085212.0,1664927999999,63919024.12,5288,482791.0,28450989.55,0,2022-10-04
1664928000000,58.96,61.22,58.36,60.8,4197331.0,1665014399999,252960662.12,9983,2392040.0,144241146.12,0,2022-10-05
1665014400000,60.65,60.91,60.01,60.51,2728210.0,1665100799999,165408507.9,10483,1293516.0,78432231.2,0,2022-10-06
1665100800000,60.53,62.54,60.4,61.31,6626267.0,1665187199999,409126991.01,11193,3311633.0,204455551.45,0,2022-10-07
1665187200000,61.32,62.4,61.31,62.25,1466257.0,1665273599999,91021034.28,5014,903732.0,56114290.0,0,2022-10-08
1665273600000,62.28,63.24,61.88,62.11,2801053.0,1665359999999,174776159.47,5455,1431016.0,89417403.73,0,2022-10-09
1665360000000,62.07,63.8,61.6,63.45,5393121.0,1665446399999,338467897.88,7994,2577877.0,162020674.21,0,2022-10-10
1665446400000,63.46,65.54,63.19,65.39,5068376.0,1665532799999,326480323.38,9126,2759719.0,177754775.21,0,2022-10-11
1665532800000,65.41,65.54,63.8,64.18,3020890.0,1665619199999,194030973.23,6003,1474393.0,94672967.99,0,2022-10-12
1665619200000,64.19,64.6,63.55,64.59,3036128.0,1665705599999,194277250.99,7951,1485468.0,95141188.58,0,2022-10-13
1665705600000,64.58,64.59,62.27,62.74,3513087.0,1665791999999,223616219.31,7238,1632862.0,104014858.02,0,2022-10-14
1665792000000,62.76,62.96,61.53,61.67,1791325.0,1665878399999,111426627.96,6532,930740.0,57889788.79,0,2022-10-15
1665878400000,61.67,62.68,61.4,62.67,1618428.0,1665964799999,100615970.51,5521,769795.0,47891781.4,0,2022-10-16
1665964800000,62.65,62.95,61.72,62.23,2088440.0,1666051199999,130179352.96,6461,917191.0,57197292.58,0,2022-10-17
1666051200000,62.25,62.52,60.85,61.88,3340520.0,1666137599999,206664607.87,8569,1734324.0,107297140.39,0,2022-10-18
1666137600000,61.88,62.42,61.34,61.37,1993095.0,1666223999999,123521987.95,6381,1018469.0,63111809.2,0,2022-10-19
1666224000000,61.38,64.0,61.38,62.35,5297675.0,1666310399999,333583922.45,8860,2835562.0,178686210.59,0,2022-10-20
1666310400000,62.35,62.42,61.83,62.12,1410580.0,1666396799999,87525645.39,4509,639313.0,39680473.25,0,2022-10-21
1666396800000,62.12,62.13,61.83,61.9,359605.0,1666483199999,22292241.42,2760,161333.0,10003390.44,0,2022-10-22
1666483200000,61.84,62.0,61.71,61.81,485668.0,1666569599999,30055965.52,3376,238482.0,14763704.12,0,2022-10-23
1666569600000,61.79,62.23,61.54,61.64,1147124.0,1666655999999,70938794.01,4881,565901.0,34972691.47,0,2022-10-24
1666656000000,61.65,61.99,61.54,61.89,1253850.0,1666742399999,77448577.5,6486,554398.0,34243665.01,0,2022-10-25
1666742400000,61.87,61.97,61.36,61.52,1109185.0,1666828799999,68345731.3,5886,575939.0,35491646.53,0,2022-10-26
1666828800000,61.52,61.82,61.39,61.55,900457.0,1666915199999,55429229.22,5459,435281.0,26796886.46,0,2022-10-27
1666915200000,61.51,61.73,61.35,61.58,1163111.0,1667001599999,71623586.46,5759,490897.0,30233324.06,0,2022-10-28
1667001600000,61.57,61.67,61.4,61.57,875746.0,1667087999999,53900079.03,6273,420056.0,25858661.61,0,2022-10-29
1667088000000,61.55,61.63,61.13,61.57,986277.0,1667174399999,60628436.5,6480,501129.0,30816801.3,0,2022-10-30
1667174400000,61.57,61.68,61.31,61.52,1181709.0,1667260799999,72697224.42,6394,570697.0,35108961.01,0,2022-10-31
1667260800000,61.53,62.39,61.01,62.06,2051426.0,1667347199999,126357928.09,7156,1035094.0,63788351.7,0,2022-11-01
1667347200000,62.04,62.47,61.54,61.63,2197121.0,1667433599999,136091908.36,8579,1194651.0,73991554.74,0,2022-11-02
1667433600000,61.63,62.44,61.54,62.17,1273935.0,1667519999999,79006055.67,6408,559535.0,34707106.57,0,2022-11-03
1667520000000,62.17,62.31,61.78,61.81,1291113.0,1667606399999,80080087.21,6840,609648.0,37818836.99,0,2022-11-04
1667606400000,61.84,62.01,61.57,61.86,976331.0,1667692799999,60385736.5,5205,502153.0,31062931.44,0,2022-11-05
1667692800000,61.86,62.14,61.27,62.05,920943.0,1667779199999,56928743.37,5020,470598.0,29092490.42,0,2022-11-06
1667779200000,62.05,62.12,60.11,62.02,3737288.0,1667865599999,229815337.96,9053,1748294.0,107552353.04,0,2022-11-07
1667865600000,62.05,62.39,61.09,61.66,2758558.0,1667951999999,170033824.7,12423,1490217.0,91916110.01,0,2022-11-08
1667952000000,61.67,62.2,60.5,61.5,9184041.0,1668038399999,563776019.69,15405,4628102.0,284538410.98,0,2022-11-09
1668038400000,61.51,62.15,59.5,61.0,4431342.0,1668124799999,270494417.77,10835,2023565.0,123714316.25,0,2022-11-10
1668124800000,61.03,61.23,57.24,60.57,11230559.0,1668211199999,673525615.65,12758,6417307.0,384874468.24,0,2022-11-11
1668211200000,60.55,60.76,60.11,60.21,994004.0,1668297599999,60076988.43,4566,594418.0,35925834.17,0,2022-11-12
1668297600000,60.22,61.0,59.17,60.54,6173171.0,1668383999999,372220594.48,8709,3029928.0,182982786.33,0,2022-11-13
1668384000000,60.69,61.07,60.5,60.61,1997714.0,1668470399999,121591945.08,8484,995644.0,60599623.48,0,2022-11-14
1668470400000,60.61,61.0,60.31,60.71,1085539.0,1668556799999,65846279.48,6200,555053.0,33663935.68,0,2022-11-15
1668556800000,60.72,61.1,60.4,60.84,1054893.0,1668643199999,64020371.19,5223,541568.0,32865375.93,0,2022-11-16
1668643200000,60.77,60.94,60.41,60.56,826220.0,1668729599999,50108940.17,5172,508042.0,30814392.5,0,2022-11-17
1668729600000,60.5,60.82,60.2,60.68,1494951.0,1668815999999,90483964.04,5561,635021.0,38441304.97,0,2022-11-18
1668816000000,60.68,60.73,60.46,60.48,469724.0,1668902399999,28463834.79,3826,238161.0,14437348.84,0,2022-11-19
1668902400000,60.48,60.8,60.05,60.68,906070.0,1668988799999,54795998.82,4803,469865.0,28399907.95,0,2022-11-20
1668988800000,60.68,61.18,56.77,60.48,4476932.0,1669075199999,270717508.65,9676,2078068.0,126193414.88,0,2022-11-21
1669075200000,60.49,60.91,58.6,60.39,1517377.0,1669161599999,91663786.28,6162,745659.0,45115450.9,0,2022-11-22
1669161600000,60.43,60.61,60.24,60.42,807170.0,1669247999999,48767261.07,5191,390851.0,23618364.55,0,2022-11-23
1669248000000,60.42,60.46,58.89,60.2,1814488.0,1669334399999,108841575.53,5884,861520.0,51757398.87,0,2022-11-24
1669334400000,60.2,60.46,59.4,60.05,1525938.0,1669420799999,91739292.14,5302,717206.0,43151731.16,0,2022-11-25
1669420800000,60.05,60.43,58.1,60.05,5108790.0,1669507199999,305163326.79,11522,2336492.0,139900802.39,0,2022-11-26
1669507200000,60.05,60.17,59.8,60.02,715319.0,1669593599999,42927292.38,4514,374057.0,22448338.22,0,2022-11-27
1669593600000,59.97,60.93,59.76,60.81,884712.0,1669679999999,53386751.75,5137,507624.0,30637487.96,0,2022-11-28
1669680000000,60.81,61.22,57.2,60.26,3709728.0,1669766399999,223583441.1,8476,1593640.0,96549489.21,0,2022-11-29
1669766400000,60.27,60.61,60.01,60.54,1073715.0,1669852799999,64765026.62,5546,543811.0,32809857.62,0,2022-11-30
1669852800000,60.54,61.0,60.3,60.95,1517312.0,1669939199999,92144578.36,7778,808814.0,49143547.15,0,2022-12-01
1669939200000,60.95,62.3,60.1,60.9,3062043.0,1670025599999,188169750.22,9092,1408569.0,86782903.19,0,2022-12-02
1670025600000,60.91,63.22,58.8,62.75,10192992.0,1670111999999,631704752.62,14343,5189088.0,322879510.92,0,2022-12-03
1670112000000,62.74,63.0,61.66,62.53,4794767.0,1670198399999,300118016.7,9222,2377178.0,149094461.22,0,2022-12-04
1670198400000,62.56,62.86,60.97,61.02,3402251.0,1670284799999,211669213.5,7746,1425355.0,88707585.54,0,2022-12-05
1670284800000,61.01,62.72,60.55,61.2,3972472.0,1670371199999,244451467.1,9611,1939411.0,119453596.16,0,2022-12-06
1670371200000,61.2,63.57,60.04,62.74,7159588.0,1670457599999,446354215.14,12691,3991174.0,249764784.85,0,2022-12-07
1670457600000,62.7,63.52,62.48,62.83,2984318.0,1670543999999,187920593.22,6998,1440877.0,90806972.63,0,2022-12-08
1670544000000,62.83,63.1,62.58,62.74,1227803.0,1670630399999,77131845.06,5102,695282.0,43687499.17,0,2022-12-09
1670630400000,62.78,62.96,62.6,62.89,1315825.0,1670716799999,82633103.63,5762,742024.0,46615250.05,0,2022-12-10
1670716800000,62.87,62.92,62.74,62.83,671300.0,1670803199999,42198854.86,4209,340387.0,21402009.59,0,2022-12-11
1670803200000,62.82,63.32,62.78,62.96,923631.0,1670889599999,58229997.48,4908,533981.0,33665470.38,0,2022-12-12
1670889600000,63.0,63.5,62.95,63.37,1019736.0,1670975999999,64594563.9,5744,509175.0,32257497.66,0,2022-12-13
1670976000000,63.37,64.93,63.3,64.72,2133949.0,1671062399999,137399067.8,6020,1165154.0,74971131.57,0,2022-12-14
1671062400000,64.72,65.4,64.14,64.78,1886204.0,1671148799999,122315283.31,5464,1131736.0,73434294.37,0,2022-12-15
1671148800000,64.78,65.7,64.71,65.12,2334946.0,1671235199999,152496529.37,6485,1358594.0,88736336.87,0,2022-12-16
1671235200000,65.13,65.5,64.64,64.82,1412914.0,1671321599999,92003036.58,6863,642747.0,41887246.51,0,2022-12-17
1671321600000,64.75,65.27,64.61,65.13,711976.0,1671407999999,46272263.62,4752,405686.0,26370366.44,0,2022-12-18
1671408000000,65.12,68.19,65.08,68.17,2062615.0,1671494399999,138208776.27,7186,951163.0,63692722.3,0,2022-12-19
1671494400000,68.18,70.05,67.25,70.02,1913132.0,1671580799999,131483379.65,6907,975030.0,67052315.34,0,2022-12-20
1671580800000,70.03,71.65,69.0,71.39,3828228.0,1671667199999,269594998.86,11035,1866048.0,131416066.87,0,2022-12-21
1671667200000,71.37,72.19,68.3,68.37,3627833.0,1671753599999,253896692.56,9895,1692820.0,118372094.6,0,2022-12-22
1671753600000,68.35,70.38,67.36,69.13,3751027.0,1671839999999,258278319.77,9222,1882549.0,129467142.8,0,2022-12-23
1671840000000,69.13,69.58,69.13,69.46,540373.0,1671926399999,37514762.67,3734,289181.0,20078083.0,0,2022-12-24
1671926400000,69.44,69.71,69.39,69.48,566415.0,1672012799999,39357524.14,3593,274326.0,19065136.08,0,2022-12-25
1672012800000,69.48,69.75,68.27,68.62,1708465.0,1672099199999,117787712.8,5421,809124.0,55700105.45,0,2022-12-26
1672099200000,68.61,70.45,68.52,69.91,1555673.0,1672185599999,108456367.36,5589,725036.0,50597147.38,0,2022-12-27
1672185600000,69.91,71.67,69.83,71.43,1367886.0,1672271999999,97175176.34,5615,691230.0,49075730.48,0,2022-12-28
1672272000000,71.37,73.41,70.71,73.18,2818693.0,1672358399999,202600807.1,7798,1505525.0,108213081.28,0,2022-12-29
1672358400000,73.24,73.39,71.13,72.01,4299365.0,1672444799999,310090847.33,8956,2201173.0,158942772.87,0,2022-12-30
1672444800000,71.97,72.39,71.87,72.36,611183.0,1672531199999,44110872.68,3038,300162.0,21665816.61,0,2022-12-31
1672531200000,72.38,72.56,71.83,72.3,507349.0,1672617599999,36662451.13,2764,245017.0,17714560.75,0,2023-01-01
1672617600000,72.3,72.4,71.02,71.5,1602193.0,1672703999999,115047668.4,5984,884156.0,63495924.07,0,2023-01-02
1672704000000,71.46,72.8,71.25,72.27,1533789.0,1672790399999,110657610.41,6167,682747.0,49197567.41,0,2023-01-03
1672790400000,72.27,72.74,71.76,72.25,1845735.0,1672876799999,133357957.25,6788,991442.0,71561672.86,0,2023-01-04
1672876800000,72.25,72.63,72.09,72.4,1450667.0,1672963199999,104955105.67,4820,710505.0,51385523.37,0,2023-01-05
1672963200000,72.41,72.74,72.22,72.59,1057750.0,1673049599999,76649248.78,4817,575381.0,41692808.25,0,2023-01-06
1673049600000,72.59,72.69,72.4,72.65,537707.0,1673135999999,39018779.68,2860,327321.0,23757537.12,0,2023-01-07
1673136000000,72.64,72.68,72.43,72.44,525789.0,1673222399999,38163477.64,3127,260468.0,18908312.48,0,2023-01-08
1673222400000,72.48,72.6,70.68,71.13,2451392.0,1673308799999,175132336.03,8768,1104800.0,78849686.75,0,2023-01-09
1673308800000,71.14,71.19,70.32,70.81,1346069.0,1673395199999,95360637.14,6162,671803.0,47584159.69,0,2023-01-10
1673395200000,70.82,71.33,69.48,69.99,2341182.0,1673481599999,164320765.6,7211,1086628.0,76281493.82,0,2023-01-11
1673481600000,69.99,70.27,68.4,68.65,2652699.0,1673567999999,183150530.53,9293,1279683.0,88274819.08,0,2023-01-12
1673568000000,68.63,70.0,68.12,68.15,2694348.0,1673654399999,185931715.79,10080,1360792.0,93885185.53,0,2023-01-13
1673654400000,68.15,69.59,67.42,68.85,2475668.0,1673740799999,169183772.09,11499,1135619.0,77547883.41,0,2023-01-14
1673740800000,68.83,69.2,67.57,67.57,1128691.0,1673827199999,77639517.91,6577,541748.0,37246554.65,0,2023-01-15
1673827200000,67.56,69.0,67.23,68.48,1743163.0,1673913599999,118968099.68,6853,865871.0,58990794.69,0,2023-01-16
1673913600000,68.48,68.99,68.2,68.79,1091570.0,1673999999999,74907886.13,6189,525872.0,36095775.12,0,2023-01-17
1674000000000,68.84,69.0,68.4,68.67,1118364.0,1674086399999,76867493.17,6500,598665.0,41152207.17,0,2023-01-18
1674086400000,68.64,68.95,68.63,68.84,682796.0,1674172799999,46995842.61,4327,331623.0,22828715.75,0,2023-01-19
1674172800000,68.84,68.94,68.15,68.26,1054463.0,1674259199999,72235367.42,6117,473859.0,32474163.32,0,2023-01-20
1674259200000,68.26,68.7,67.96,68.59,915530.0,1674345599999,62525927.5,6824,410086.0,28014573.14,0,2023-01-21
1674345600000,68.61,68.77,68.23,68.31,562406.0,1674431999999,38529569.13,4364,344462.0,23602298.0,0,2023-01-22
1674432000000,68.34,70.15,68.26,69.1,1722974.0,1674518399999,118786807.19,6167,1007793.0,69560920.87,0,2023-01-23
1674518400000,69.09,69.4,68.81,69.32,889485.0,1674604799999,61427760.45,5870,457039.0,31576307.68,0,2023-01-24
1674604800000,69.32,69.63,68.99,69.4,1220679.0,1674691199999,84647354.78,6854,629324.0,43653687.08,0,2023-01-25
1674691200000,69.4,69.63,69.16,69.44,930434.0,1674777599999,64562163.7,5976,484866.0,33653390.16,0,2023-01-26
1674777600000,69.44,69.94,69.35,69.69,919618.0,1674863999999,63977504.63,5654,511786.0,35614807.01,0,2023-01-27
1674864000000,69.71,70.03,69.69,69.89,726839.0,1674950399999,50788082.86,5265,356142.0,24888430.67,0,2023-01-28
1674950400000,69.87,69.99,69.5,69.78,818545.0,1675036799999,57100295.62,4811,429821.0,29966917.49,0,2023-01-29
1675036800000,69.77,70.44,69.51,70.32,1225094.0,1675123199999,85717968.74,6648,771983.0,54008275.69,0,2023-01-30
1675123200000,70.31,71.03,70.13,70.37,1163849.0,1675209599999,81959294.06,8663,559624.0,39432509.97,0,2023-01-31
1675209600000,70.31,70.62,70.1,70.18,1314227.0,1675295999999,92443831.81,7757,721731.0,50796071.77,0,2023-02-01
1675296000000,70.17,70.86,70.0,70.76,1731783.0,1675382399999,121894964.03,8689,982012.0,69181237.03,0,2023-02-02
1675382400000,70.73,71.07,70.56,70.82,1332011.0,1675468799999,94317318.71,7224,742740.0,52604723.72,0,2023-02-03
1675468800000,70.87,71.05,70.7,70.97,676668.0,1675555199999,47993292.53,4922,338489.0,24013114.4,0,2023-02-04
1675555200000,70.97,71.25,70.8,71.11,837410.0,1675641599999,59470821.71,5857,492868.0,35007450.91,0,2023-02-05
1675641600000,71.11,71.85,70.87,71.77,1679917.0,1675727999999,119844145.31,7225,887422.0,63305143.69,0,2023-02-06
1675728000000,71.79,71.89,70.81,70.98,1703720.0,1675814399999,121872667.62,9312,776545.0,55546473.8,0,2023-02-07
1675814400000,71.0,72.74,70.89,72.36,1684431.0,1675900799999,121250476.21,8616,812461.0,58483464.46,0,2023-02-08
1675900800000,72.35,73.28,72.15,73.03,1716442.0,1675987199999,125054891.59,9424,986377.0,71893264.54,0,2023-02-09
1675987200000,73.04,73.66,72.56,73.5,1219747.0,1676073599999,89338992.51,7521,666326.0,48825757.73,0,2023-02-10
1676073600000,73.49,73.64,73.36,73.45,598048.0,1676159999999,43969030.96,5065,318142.0,23394813.46,0,2023-02-11
1676160000000,73.48,73.65,73.44,73.61,686843.0,1676246399999,50500926.24,5415,391679.0,28802883.07,0,2023-02-12
1676246400000,73.63,74.09,73.32,73.62,1109277.0,1676332799999,81830492.43,7181,636058.0,46931888.97,0,2023-02-13
1676332800000,73.62,73.99,73.45,73.66,1141503.0,1676419199999,84148831.62,7099,565881.0,41732699.79,0,2023-02-14
1676419200000,73.65,74.31,73.51,73.88,1331938.0,1676505599999,98584824.44,8921,609515.0,45098129.19,0,2023-02-15
1676505600000,73.87,74.89,73.74,74.8,1516568.0,1676591999999,112795393.6,9886,849641.0,63241844.79,0,2023-02-16
1676592000000,74.8,75.02,73.77,73.96,1484831.0,1676678399999,110476443.76,9305,752688.0,55981261.34,0,2023-02-17
1676678400000,73.97,74.33,73.9,74.2,632639.0,1676764799999,46925463.19,5691,378723.0,28097545.11,0,2023-02-18
1676764800000,74.2,74.24,73.91,73.92,782300.0,1676851199999,57982345.05,6859,454517.0,33693009.07,0,2023-02-19
1676851200000,73.93,74.83,73.6,74.48,1632786.0,1676937599999,121223197.09,10161,774246.0,57506624.91,0,2023-02-20
1676937600000,74.48,75.0,73.88,74.62,1541266.0,1677023999999,114995013.27,9556,797900.0,59558370.07,0,2023-02-21
1677024000000,74.64,75.32,74.39,74.87,1453928.0,1677110399999,108935145.06,9636,741253.0,55540215.64,0,2023-02-22
1677110400000,74.87,75.35,74.75,75.2,958771.0,1677196799999,71989578.69,6735,588949.0,44219178.11,0,2023-02-23
1677196800000,75.19,76.22,75.0,76.08,1112047.0,1677283199999,84187318.5,8314,654257.0,49518863.01,0,2023-02-24
1677283200000,76.08,76.23,75.83,76.06,631015.0,1677369599999,48023245.61,5420,390896.0,29756512.94,0,2023-02-25
1677369600000,76.06,76.17,75.95,76.05,528355.0,1677455999999,40190786.23,5014,263935.0,20080240.69,0,2023-02-26
1677456000000,76.03,76.23,75.0,75.01,986444.0,1677542399999,74447288.82,7326,484699.0,36585963.14,0,2023-02-27
1677542400000,75.03,75.63,74.62,75.57,1087654.0,1677628799999,81863922.62,7645,578642.0,43567077.98,0,2023-02-28
1677628800000,75.59,75.96,75.35,75.93,1080195.0,1677715199999,81820678.92,9946,617278.0,46766253.82,0,2023-03-01
1677715200000,75.93,76.5,75.79,76.23,1014970.0,1677801599999,77399328.74,8577,602265.0,45927465.37,0,2023-03-02
1677801600000,76.23,77.28,76.23,76.82,1317342.0,1677887999999,101415758.87,10368,718845.0,55329989.99,0,2023-03-03
1677888000000,76.82,77.35,76.77,77.15,634738.0,1677974399999,48964947.29,6071,351227.0,27098173.96,0,2023-03-04
1677974400000,77.17,77.37,77.0,77.22,594956.0,1678060799999,45924911.8,6010,310889.0,24000363.69,0,2023-03-05
1678060800000,77.22,77.34,77.0,77.12,746758.0,1678147199999,57620475.65,6368,406396.0,31357778.6,0,2023-03-06
1678147200000,77.07,77.35,77.0,77.24,697044.0,1678233599999,53798936.73,6499,352297.0,27194644.81,0,2023-03-07
1678233600000,77.24,77.65,77.23,77.53,633770.0,1678319999999,49026564.18,6699,333636.0,25810195.29,0,2023-03-08
1678320000000,77.53,77.68,77.12,77.64,1031982.0,1678406399999,79850451.51,8599,574638.0,44477801.64,0,2023-03-09
1678406400000,77.65,78.02,77.48,77.91,1248345.0,1678492799999,97108415.24,9435,686199.0,53387941.4,0,2023-03-10
1678492800000,77.91,78.29,77.69,77.82,1166152.0,1678579199999,91002696.1,8753,581574.0,45392118.17,0,2023-03-11
1678579200000,77.83,78.12,77.09,77.35,791526.0,1678665599999,61588556.86,7233,372811.0,29017139.08,0,2023-03-12
1678665600000,77.35,77.51,75.48,75.89,1804079.0,1678751999999,137704311.35,11560,856880.0,65389116.86,0,2023-03-13
1678752000000,75.88,76.16,75.36,76.14,1389270.0,1678838399999,105297040.69,9917,766520.0,58105866.49,0,2023-03-14
1678838400000,76.14,77.08,75.78,76.58,1038687.0,1678924799999,79566347.91,8605,582312.0,44598080.21,0,2023-03-15
1678924800000,76.58,77.7,76.55,77.06,1088586.0,1679011199999,83979707.69,8646,541534.0,41775205.76,0,2023-03-16
1679011200000,77.05,77.79,76.75,77.41,1385705.0,1679097599999,107147409.27,11555,746691.0,57735825.53,0,2023-03-17
1679097600000,77.48,77.85,77.17,77.78,993088.0,1679183999999,77052512.93,9984,592727.0,46007624.93,0,2023-03-18
1679184000000,77.78,77.99,77.56,77.89,754135.0,1679270399999,58676584.11,7604,412465.0,32103254.42,0,2023-03-19
1679270400000,77.89,78.35,77.59,78.09,1420904.0,1679356799999,110714988.1,9554,755054.0,58830213.51,0,2023-03-20
1679356800000,78.08,78.19,77.54,77.82,1130044.0,1679443199999,87967734.39,10198,557637.0,43421742.51,0,2023-03-21
1679443200000,77.83,78.17,77.45,78.05,1310684.0,1679529599999,102007099.6,11086,713994.0,55590321.23,0,2023-03-22
1679529600000,78.02,78.12,76.84,77.06,1294041.0,1679615999999,100172185.27,10366,668948.0,51781176.74,0,2023-03-23
1679616000000,77.06,78.09,77.02,78.07,827852.0,1679702399999,64339344.81,7548,497638.0,38687157.39,0,2023-03-24
1679702400000,78.07,78.19,77.57,78.09,761200.0,1679788799999,59361044.09,6839,378911.0,29561268.29,0,2023-03-25
1679788800000,78.09,78.2,77.72,77.92,651636.0,1679875199999,50868888.89,5760,333444.0,26036321.77,0,2023-03-26
1679875200000,77.92,78.2,77.41,78.06,1115254.0,1679961599999,86932311.17,7886,669873.0,52236702.61,0,2023-03-27
1679961600000,78.05,78.37,77.97,78.01,728461.0,1680047999999,56923572.98,6626,383222.0,29949856.81,0,2023-03-28
1680048000000,77.99,78.21,77.83,78.14,891920.0,1680134399999,69587388.12,8535,448816.0,35025373.24,0,2023-03-29
1680134400000,78.14,78.41,77.81,78.19,822870.0,1680220799999,64232420.78,7717,419572.0,32762242.1,0,2023-03-30
1680220800000,78.19,78.39,77.85,78.24,1060701.0,1680307199999,82898572.09,8011,510460.0,39911856.59,0,2023-03-31
1680307200000,78.23,78.41,78.12,78.36,769700.0,1680393599999,60265438.42,8630,425072.0,33287708.81,0,2023-04-01
1680393600000,78.36,78.44,77.9,78.2,920938.0,1680479999999,72094416.68,12315,441751.0,34591595.13,0,2023-04-02
1680480000000,78.2,79.29,78.06,79.02,1619729.0,1680566399999,127576517.81,14688,882438.0,69498860.93,0,2023-04-03
1680566400000,79.01,79.8,78.98,79.63,1161206.0,1680652799999,92325751.74,14131,613923.0,48819991.75,0,2023-04-04
1680652800000,79.62,80.5,79.43,80.29,1316426.0,1680739199999,105311526.53,15871,681241.0,54504325.05,0,2023-04-05
1680739200000,80.28,81.99,80.13,81.67,1469614.0,1680825599999,119452612.78,20292,780118.0,63375851.65,0,2023-04-06
1680825600000,81.68,83.08,81.5,81.71,2259628.0,1680911999999,185704066.56,17920,1240268.0,101861551.63,0,2023-04-07
1680912000000,81.72,82.26,81.61,82.13,763264.0,1680998399999,62579594.07,13327,399859.0,32789145.74,0,2023-04-08
1680998400000,82.13,82.15,81.01,81.62,958390.0,1681084799999,78381165.56,12079,528918.0,43265297.37,0,2023-04-09
1681084800000,81.62,82.13,81.53,81.92,1107228.0,1681171199999,90695538.83,9880,613346.0,50247348.41,0,2023-04-10
1681171200000,81.93,82.62,81.68,82.17,1138369.0,1681257599999,93580856.17,10367,636406.0,52324980.66,0,2023-04-11
1681257600000,82.17,82.8,82.12,82.56,1288652.0,1681343999999,106450137.39,10009,726737.0,60033099.35,0,2023-04-12
1681344000000,82.55,82.83,81.93,82.42,1714515.0,1681430399999,141197351.62,10237,875035.0,72095708.23,0,2023-04-13
1681430400000,82.41,82.99,82.05,82.61,1710466.0,1681516799999,141164998.24,12472,861908.0,71167091.73,0,2023-04-14
1681516800000,82.62,83.0,82.57,82.93,775236.0,1681603199999,64202322.1,8264,398475.0,33004266.53,0,2023-04-15
1681603200000,82.94,83.05,82.75,82.97,936137.0,1681689599999,77607632.81,8661,468370.0,38838303.1,0,2023-04-16
1681689600000,82.97,83.1,82.62,82.88,1143097.0,1681775999999,94759034.51,9540,607258.0,50343656.89,0,2023-04-17
1681776000000,82.87,83.08,82.71,82.92,1138781.0,1681862399999,94405693.42,9315,596366.0,49443983.25,0,2023-04-18
1681862400000,82.93,83.77,82.81,83.64,1563944.0,1681948799999,130317082.7,11564,911124.0,75918849.13,0,2023-04-19
1681948800000,83.66,83.85,82.91,83.56,1299564.0,1682035199999,108495618.36,10557,645193.0,53874406.4,0,2023-04-20
1682035200000,83.56,83.81,83.28,83.49,1228793.0,1682121599999,102710178.16,10657,670547.0,56056780.15,0,2023-04-21
1682121600000,83.49,83.77,83.44,83.57,783150.0,1682207999999,65488639.89,7792,418865.0,35031647.75,0,2023-04-22
1682208000000,83.55,83.71,82.96,83.62,946583.0,1682294399999,78996558.52,7702,489069.0,40826003.7,0,2023-04-23
1682294400000,83.65,83.79,83.01,83.28,950748.0,1682380799999,79241840.95,8559,566326.0,47202145.88,0,2023-04-24
1682380800000,83.26,83.51,82.8,82.91,1262316.0,1682467199999,105029574.05,9750,692787.0,57648726.34,0,2023-04-25
1682467200000,82.9,83.38,82.53,83.1,1425510.0,1682553599999,118384827.8,10329,802124.0,66610829.02,0,2023-04-26
1682553600000,83.1,83.38,82.48,82.84,1193233.0,1682639999999,98970943.2,8836,634615.0,52651577.24,0,2023-04-27
1682640000000,82.83,82.86,80.15,81.37,2225919.0,1682726399999,181164457.03,10841,1153343.0,93805708.27,0,2023-04-28
1682726400000,81.36,81.79,81.05,81.39,851388.0,1682812799999,69402300.17,6823,436990.0,35620765.56,0,2023-04-29
1682812800000,81.39,81.43,80.37,81.19,1426674.0,1682899199999,115489258.42,7763,717742.0,58118241.1,0,2023-04-30
1682899200000,81.2,81.69,80.7,81.43,1241831.0,1682985599999,100833869.7,9475,655751.0,53258957.05,0,2023-05-01
1682985600000,81.43,81.47,80.61,81.12,1265019.0,1683071999999,102530666.75,8863,618394.0,50124977.61,0,2023-05-02
1683072000000,81.11,81.16,79.5,79.97,1908056.0,1683158399999,153002181.65,10526,954470.0,76536388.01,0,2023-05-03
1683158400000,79.96,80.02,78.75,79.0,1356357.0,1683244799999,107467727.93,8270,654754.0,51860969.77,0,2023-05-04
1683244800000,79.01,79.03,77.09,78.41,1838181.0,1683331199999,143881041.69,10509,997112.0,78040286.77,0,2023-05-05
1683331200000,78.42,78.89,78.34,78.82,916652.0,1683417599999,72089817.75,7159,526815.0,41432063.87,0,2023-05-06
1683417600000,78.83,78.83,78.36,78.54,763400.0,1683503999999,60019891.47,6544,396298.0,31160084.0,0,2023-05-07
1683504000000,78.55,79.96,78.53,79.58,1742723.0,1683590399999,138097495.38,10321,950529.0,75335924.0,0,2023-05-08
1683590400000,79.6,79.99,78.9,79.35,918226.0,1683676799999,72977233.82,6495,455896.0,36234710.59,0,2023-05-09
1683676800000,79.34,79.36,77.41,77.44,1426835.0,1683763199999,111296219.92,9572,678585.0,52933109.16,0,2023-05-10
1683763200000,77.45,78.4,76.8,77.8,1358205.0,1683849599999,105552553.56,9030,751992.0,58480748.09,0,2023-05-11
1683849600000,77.84,78.74,76.92,78.2,1271416.0,1683935999999,99461000.65,9561,726792.0,56871182.14,0,2023-05-12
1683936000000,78.19,78.7,78.09,78.56,637241.0,1684022399999,50007492.64,5892,338043.0,26530011.29,0,2023-05-13
1684022400000,78.56,78.77,78.03,78.41,543844.0,1684108799999,42659466.65,5566,288369.0,22620774.92,0,2023-05-14
1684108800000,78.42,80.5,78.23,80.07,1320980.0,1684195199999,105340337.41,8210,722494.0,57621629.88,0,2023-05-15
1684195200000,80.07,80.95,79.68,80.64,952796.0,1684281599999,76668423.93,7245,454111.0,36535009.46,0,2023-05-16
1684281600000,80.64,83.21,80.42,80.48,1446870.0,1684367999999,117589294.01,8125,889921.0,72554646.62,0,2023-05-17
1684368000000,80.47,81.09,80.34,80.99,915301.0,1684454399999,73916142.22,6524,465357.0,37580235.8,0,2023-05-18
1684454400000,80.99,81.02,80.21,80.51,932830.0,1684540799999,75203390.65,6170,461396.0,37191489.87,0,2023-05-19
1684540800000,80.54,80.65,80.41,80.59,586309.0,1684627199999,47225485.65,4817,280411.0,22587800.82,0,2023-05-20
1684627200000,80.6,80.68,80.23,80.24,603248.0,1684713599999,48564427.76,5024,287989.0,23187674.69,0,2023-05-21
1684713600000,80.24,80.7,80.04,80.4,1010721.0,1684799999999,81223635.39,6325,542162.0,43563687.58,0,2023-05-22
1684800000000,80.41,80.46,80.04,80.07,924953.0,1684886399999,74210015.51,6379,454962.0,36507649.41,0,2023-05-23
1684886400000,80.08,80.77,80.0,80.59,1774754.0,1684972799999,142622074.18,10963,906709.0,72837569.8,0,2023-05-24
1684972800000,80.59,80.77,80.32,80.55,1044952.0,1685059199999,84198959.34,5952,513000.0,41333990.69,0,2023-05-25
1685059200000,80.57,80.88,80.34,80.39,959859.0,1685145599999,77391510.31,5334,506048.0,40803130.97,0,2023-05-26
1685145600000,80.39,80.52,80.03,80.31,791615.0,1685231999999,63526969.02,5057,397983.0,31936669.05,0,2023-05-27
1685232000000,80.29,80.37,79.96,80.01,681546.0,1685318399999,54613967.41,4980,310352.0,24872708.42,0,2023-05-28
1685318400000,80.0,80.98,79.78,80.53,1144367.0,1685404799999,92135598.12,6104,601866.0,48470358.44,0,2023-05-29
1685404800000,80.53,81.24,76.84,78.89,4224658.0,1685491199999,331565769.81,15048,2558856.0,200621780.56,0,2023-05-30
1685491200000,78.89,81.76,78.87,81.37,2021081.0,1685577599999,163752846.09,8327,989964.0,80127487.67,0,2023-05-31
1685577600000,81.39,82.46,81.05,81.47,1673967.0,1685663999999,136470833.39,7751,1134193.0,92507803.44,0,2023-06-01
1685664000000,81.47,82.29,81.24,81.83,1288632.0,1685750399999,105448021.2,7773,769353.0,62979950.41,0,2023-06-02
1685750400000,81.83,82.08,81.79,81.86,597533.0,1685836799999,48942351.44,5774,304077.0,24909170.81,0,2023-06-03
1685836800000,81.84,81.93,81.2,81.75,802529.0,1685923199999,65536629.88,5270,439830.0,35923555.19,0,2023-06-04
1685923200000,81.76,82.36,81.51,82.17,1559978.0,1686009599999,127856652.92,9940,994455.0,81511940.36,0,2023-06-05
1686009600000,82.16,82.37,81.86,81.98,930372.0,1686095999999,76386475.56,7044,482683.0,39635194.47,0,2023-06-06
1686096000000,81.97,82.43,81.93,82.24,1072453.0,1686182399999,88170024.29,6231,589181.0,48454626.26,0,2023-06-07
1686182400000,82.24,82.62,82.22,82.4,889635.0,1686268799999,73338039.29,5360,472983.0,39000660.61,0,2023-06-08
1686268800000,82.41,83.37,82.2,83.06,1051231.0,1686355199999,87162108.76,6536,599739.0,49735852.63,0,2023-06-09
1686355200000,83.06,83.92,82.99,83.58,1350235.0,1686441599999,112821134.18,10515,820547.0,68553187.05,0,2023-06-10
1686441600000,83.58,83.78,83.27,83.73,530943.0,1686527999999,44371880.21,4814,273076.0,22822580.78,0,2023-06-11
1686528000000,83.73,84.7,83.47,83.87,1259583.0,1686614399999,105684941.85,5623,599634.0,50350014.37,0,2023-06-12
1686614400000,83.88,85.0,83.35,84.82,1680145.0,1686700799999,141753185.64,6994,1091444.0,92069881.2,0,2023-06-13
1686700800000,84.81,85.84,84.54,84.91,1566292.0,1686787199999,133249644.98,7404,980871.0,83512396.31,0,2023-06-14
1686787200000,84.91,87.2,84.3,84.74,1926836.0,1686873599999,164111568.59,7528,1267814.0,108172172.69,0,2023-06-15
1686873600000,84.74,87.1,84.74,85.0,1622586.0,1686959999999,138827588.12,6789,935908.0,80266347.73,0,2023-06-16
1686960000000,84.99,85.14,84.69,84.75,559561.0,1687046399999,47494430.5,4748,272422.0,23125222.45,0,2023-06-17
1687046400000,84.75,84.99,84.23,84.39,561132.0,1687132799999,47486880.94,4432,216555.0,18335920.65,0,2023-06-18
1687132800000,84.4,86.13,84.25,84.95,1608800.0,1687219199999,136910990.97,7409,935262.0,79621340.64,0,2023-06-19
1687219200000,84.97,85.83,84.88,85.49,1135832.0,1687305599999,96922806.11,6653,666734.0,56887288.64,0,2023-06-20
1687305600000,85.54,85.7,84.57,84.58,1452708.0,1687391999999,123772086.82,8996,766729.0,65374809.73,0,2023-06-21
1687392000000,84.57,84.99,82.38,82.87,2369338.0,1687478399999,197986414.58,10502,1422098.0,118826412.82,0,2023-06-22
1687478400000,82.86,85.5,82.5,85.31,1944149.0,1687564799999,164085627.93,8358,1076448.0,90970792.34,0,2023-06-23
1687564800000,85.3,86.35,83.12,84.93,8526085.0,1687651199999,727941047.89,38229,5208703.0,444757019.49,0,2023-06-24
1687651200000,84.95,84.98,84.16,84.69,632778.0,1687737599999,53542110.35,6163,334983.0,28354209.23,0,2023-06-25
1687737600000,84.75,85.5,84.47,84.81,1598850.0,1687823999999,135862155.66,7144,751966.0,63912596.33,0,2023-06-26
1687824000000,84.82,85.49,84.6,85.19,928959.0,1687910399999,79026312.52,5593,494526.0,42074833.38,0,2023-06-27
1687910400000,85.2,86.42,85.11,86.13,1319229.0,1687996799999,113288267.52,7024,790378.0,67856115.32,0,2023-06-28
1687996800000,86.11,87.55,85.95,87.03,1584026.0,1688083199999,137714045.03,6984,978531.0,85048246.52,0,2023-06-29
1688083200000,87.03,89.49,86.87,88.26,2472764.0,1688169599999,218748194.42,12046,1217638.0,107721193.93,0,2023-06-30
1688169600000,88.26,88.8,87.87,88.67,902414.0,1688255999999,79841505.19,5918,448025.0,39635177.93,0,2023-07-01
1688256000000,88.67,88.95,87.92,87.98,936521.0,1688342399999,83047381.04,5403,460102.0,40817318.92,0,2023-07-02
1688342400000,87.98,89.59,87.93,89.41,2341153.0,1688428799999,208690933.36,8309,1317097.0,117388649.56,0,2023-07-03
1688428800000,89.41,91.19,88.83,90.58,4155046.0,1688515199999,374249904.79,9066,2292973.0,206575912.38,0,2023-07-04
1688515200000,90.63,91.9,90.15,91.19,3117886.0,1688601599999,283588391.29,8943,1691804.0,153952168.2,0,2023-07-05
1688601600000,91.19,93.79,90.93,92.21,6933352.0,1688687999999,641468080.2,13282,3513015.0,324928072.14,0,2023-07-06
1688688000000,92.2,92.68,91.58,91.69,1549033.0,1688774399999,142524941.56,6319,766943.0,70565616.1,0,2023-07-07
1688774400000,91.7,91.97,91.42,91.46,718060.0,1688860799999,65846530.09,4342,312590.0,28668389.47,0,2023-07-08
1688860800000,91.46,91.64,91.01,91.37,639558.0,1688947199999,58429537.22,4120,320485.0,29278952.59,0,2023-07-09
1688947200000,91.37,92.01,90.59,90.63,1635691.0,1689033599999,149165889.25,5881,701481.0,63998914.81,0,2023-07-10
1689033600000,90.64,91.25,90.15,90.42,1389818.0,1689119999999,125895556.12,5603,755275.0,68431165.08,0,2023-07-11
1689120000000,90.41,90.99,90.12,90.87,1144973.0,1689206399999,103824172.47,5359,614353.0,55707687.32,0,2023-07-12
1689206400000,90.86,91.36,90.0,90.08,2432263.0,1689292799999,219569382.01,10179,1160305.0,104767378.81,0,2023-07-13
1689292800000,90.07,90.5,89.64,90.36,1653963.0,1689379199999,149031463.13,9322,866455.0,78095375.78,0,2023-07-14
1689379200000,90.36,90.46,90.21,90.36,549522.0,1689465599999,49633523.14,5421,281781.0,25456729.29,0,2023-07-15
1689465600000,90.34,90.4,90.12,90.36,575341.0,1689551999999,51937057.34,5087,300272.0,27111695.97,0,2023-07-16
1689552000000,90.38,91.24,90.21,91.07,1247196.0,1689638399999,113158885.97,7084,698376.0,63372715.59,0,2023-07-17
1689638400000,91.06,91.34,90.55,91.3,912055.0,1689724799999,82942202.71,5899,487560.0,44337791.67,0,2023-07-18
1689724800000,91.28,91.75,90.89,91.73,1349256.0,1689811199999,123310040.85,5916,705323.0,64462860.65,0,2023-07-19
1689811200000,91.74,91.75,90.62,90.67,1229773.0,1689897599999,112099088.96,6683,644407.0,58757828.65,0,2023-07-20
1689897600000,90.68,91.25,90.37,91.22,1242611.0,1689983999999,112927931.64,5536,589496.0,53570292.23,0,2023-07-21
1689984000000,91.22,91.26,90.71,91.12,585438.0,1690070399999,53299480.44,3975,283294.0,25791650.86,0,2023-07-22
1690070400000,91.12,91.15,90.64,90.68,531837.0,1690156799999,48325230.22,4143,261796.0,23788079.23,0,2023-07-23
1690156800000,90.68,91.3,90.21,90.96,1798542.0,1690243199999,163185913.06,6597,999960.0,90738891.08,0,2023-07-24
1690243200000,90.96,90.98,90.3,90.3,1326435.0,1690329599999,120146249.29,5930,566021.0,51268128.89,0,2023-07-25
1690329600000,90.34,90.89,89.83,90.1,1388074.0,1690415999999,125431400.35,5471,722234.0,65296603.64,0,2023-07-26
1690416000000,90.07,92.5,89.99,91.09,2050014.0,1690502399999,186246085.61,6064,1279966.0,116413981.08,0,2023-07-27
1690502400000,91.11,92.16,90.92,92.06,1216030.0,1690588799999,111423814.46,5234,656686.0,60190750.43,0,2023-07-28
1690588800000,92.03,92.07,90.87,91.0,811915.0,1690675199999,74360961.45,4472,296871.0,27206639.49,0,2023-07-29
1690675200000,90.98,92.06,90.94,91.91,713035.0,1690761599999,65267967.27,5182,434140.0,39730497.24,0,2023-07-30
1690761600000,91.89,92.79,91.46,92.19,1728019.0,1690847999999,159383374.52,6492,1149248.0,106063689.65,0,2023-07-31
1690848000000,92.14,92.92,92.05,92.47,1245702.0,1690934399999,115210537.54,6005,682866.0,63150163.65,0,2023-08-01
1690934400000,92.51,94.76,92.11,93.99,2072309.0,1691020799999,194196598.03,7494,1032149.0,96760229.23,0,2023-08-02
1691020800000,93.98,94.77,93.46,94.55,1603039.0,1691107199999,150964045.04,6611,855472.0,80554379.18,0,2023-08-03
1691107200000,94.55,96.07,94.46,95.76,1253020.0,1691193599999,119446991.6,6939,557108.0,53136410.16,0,2023-08-04
1691193600000,95.78,95.9,95.66,95.83,412458.0,1691279999999,39507451.94,4558,207836.0,19913132.08,0,2023-08-05
1691280000000,95.76,95.95,95.66,95.79,481534.0,1691366399999,46127174.34,4522,238305.0,22836186.11,0,2023-08-06
1691366400000,95.78,96.9,95.27,95.42,1826679.0,1691452799999,175797571.34,7444,892516.0,85902212.43,0,2023-08-07
1691452800000,95.42,97.43,95.41,97.1,1810231.0,1691539199999,175137356.03,7096,723837.0,69994423.28,0,2023-08-08
1691539200000,97.1,97.99,96.68,97.19,4090090.0,1691625599999,397554955.19,8124,1978295.0,192342827.42,0,2023-08-09
1691625600000,97.19,97.75,96.62,97.24,2843586.0,1691711999999,276174488.71,7117,1286047.0,124964272.26,0,2023-08-10
1691712000000,97.24,99.47,97.05,99.44,1975909.0,1691798399999,194677503.4,8250,1130213.0,111377159.33,0,2023-08-11
1691798400000,99.42,99.69,98.9,98.91,792511.0,1691884799999,78696412.8,4006,428890.0,42592006.38,0,2023-08-12
1691884800000,98.91,99.77,98.9,99.77,921963.0,1691971199999,91479243.89,3642,577391.0,57301462.19,0,2023-08-13
1691971200000,99.77,102.24,97.52,98.22,9427194.0,1692057599999,941479355.48,13496,4657138.0,465134427.89,0,2023-08-14
1692057600000,98.24,99.95,95.27,97.78,6361377.0,1692143999999,621622483.76,12451,3032865.0,296575109.31,0,2023-08-15
1692144000000,97.78,97.91,94.43,95.98,3341569.0,1692230399999,320205771.76,9569,1660109.0,159074204.69,0,2023-08-16
1692230400000,95.98,96.5,93.05,95.62,3942471.0,1692316799999,373578817.84,11492,2131846.0,202201878.66,0,2023-08-17
1692316800000,95.67,96.14,94.7,95.77,2044064.0,1692403199999,194862152.35,8915,911498.0,86976069.18,0,2023-08-18
1692403200000,95.77,95.99,95.11,95.5,788038.0,1692489599999,75333212.09,4813,328064.0,31374029.73,0,2023-08-19
1692489600000,95.5,95.7,94.7,95.05,817360.0,1692575999999,77856310.72,4557,399250.0,38047858.42,0,2023-08-20
1692576000000,95.04,95.75,94.5,95.14,902713.0,1692662399999,85815321.2,5126,441855.0,42015865.89,0,2023-08-21
1692662400000,95.11,96.12,95.06,95.75,773242.0,1692748799999,73956893.05,4742,473875.0,45342486.7,0,2023-08-22
1692748800000,95.81,96.81,95.56,95.74,1756304.0,1692835199999,168784585.37,6451,751882.0,72289563.53,0,2023-08-23
1692835200000,95.81,96.4,95.73,96.27,768196.0,1692921599999,73872189.1,4704,414237.0,39853687.06,0,2023-08-24
1692921600000,96.37,97.0,96.02,96.71,689566.0,1693007999999,66560908.02,5130,385888.0,37260544.01,0,2023-08-25
1693008000000,96.64,96.95,96.62,96.68,534545.0,1693094399999,51719536.58,4554,295137.0,28565142.19,0,2023-08-26
1693094400000,96.68,96.8,96.4,96.54,382145.0,1693180799999,36918486.67,3945,171287.0,16553615.05,0,2023-08-27
1693180800000,96.49,97.42,96.11,96.17,1229602.0,1693267199999,118880196.21,6542,620039.0,59990323.89,0,2023-08-28
1693267200000,96.13,97.29,96.04,97.04,978304.0,1693353599999,94684919.96,7158,500139.0,48419801.02,0,2023-08-29
1693353600000,97.07,97.96,96.6,97.73,868404.0,1693439999999,84641879.15,6675,547721.0,53407282.14,0,2023-08-30
1693440000000,97.72,98.3,97.27,97.73,839096.0,1693526399999,82013094.79,7218,441758.0,43191769.18,0,2023-08-31
1693526400000,97.68,98.0,97.32,97.87,634480.0,1693612799999,62013140.72,6286,369153.0,36093143.0,0,2023-09-01
1693612800000,97.87,98.11,97.57,97.89,484653.0,1693699199999,47424984.87,5583,287920.0,28179751.66,0,2023-09-02
1693699200000,97.89,97.97,97.62,97.64,368635.0,1693785599999,36049053.63,4299,188605.0,18450828.99,0,2023-09-03
1693785600000,97.68,98.1,97.51,98.06,625944.0,1693871999999,61253831.79,6352,377604.0,36962897.35,0,2023-09-04
1693872000000,98.07,98.8,97.82,98.8,727533.0,1693958399999,71606390.09,5164,386705.0,38067714.51,0,2023-09-05
1693958400000,98.81,99.0,98.24,98.55,698215.0,1694044799999,68830774.11,4088,276244.0,27248158.73,0,2023-09-06
1694044800000,98.55,99.1,98.45,99.06,522544.0,1694131199999,51641490.1,3756,237384.0,23464823.96,0,2023-09-07
1694131200000,99.02,99.03,98.02,98.41,546970.0,1694217599999,53848586.75,3751,258698.0,25472432.85,0,2023-09-08
1694217600000,98.4,98.64,98.21,98.52,340320.0,1694303999999,33496573.51,2947,174981.0,17228616.02,0,2023-09-09
1694304000000,98.52,98.8,98.34,98.51,366497.0,1694390399999,36129290.97,3147,187586.0,18497627.86,0,2023-09-10
1694390400000,98.53,98.58,95.42,95.6,1513730.0,1694476799999,146506094.44,6363,611912.0,59299727.87,0,2023-09-11
1694476800000,95.61,96.08,94.36,96.07,1133280.0,1694563199999,108059086.24,6237,515257.0,49146793.68,0,2023-09-12
1694563200000,96.07,97.2,95.61,96.81,843864.0,1694649599999,81549264.9,5760,418792.0,40492285.14,0,2023-09-13
1694649600000,96.81,97.47,96.13,96.88,1093071.0,1694735999999,105932392.93,7326,543258.0,52658229.11,0,2023-09-14
1694736000000,96.96,97.34,96.3,97.11,809705.0,1694822399999,78535756.96,6185,441077.0,42795642.19,0,2023-09-15
1694822400000,97.13,97.49,97.04,97.39,360018.0,1694908799999,35023528.88,4444,202156.0,19669697.85,0,2023-09-16
1694908800000,97.37,97.41,96.9,97.07,375291.0,1694995199999,36464283.01,4514,220304.0,21407319.55,0,2023-09-17
1694995200000,97.07,97.9,96.9,97.65,1322544.0,1695081599999,128899042.03,4611,783361.0,76324680.99,0,2023-09-18
1695081600000,97.57,97.95,97.1,97.67,816957.0,1695167999999,79639389.28,4119,386670.0,37697590.85,0,2023-09-19
1695168000000,97.68,98.07,97.28,97.33,727152.0,1695254399999,71031396.49,4019,433683.0,42384211.68,0,2023-09-20
1695254400000,97.3,98.0,97.13,97.22,769960.0,1695340799999,75128500.0,4731,452047.0,44128511.22,0,2023-09-21
1695340800000,97.17,98.0,97.12,97.48,507592.0,1695427199999,49529095.45,3844,290905.0,28398143.47,0,2023-09-22
1695427200000,97.48,97.66,97.05,97.12,319046.0,1695513599999,31035290.73,2560,124563.0,12124573.57,0,2023-09-23
1695513600000,97.1,97.5,97.0,97.39,380126.0,1695599999999,36940830.83,2884,155111.0,15085909.99,0,2023-09-24
1695600000000,97.39,99.0,96.81,96.9,1991102.0,1695686399999,194598985.98,5550,956989.0,93785938.38,0,2023-09-25
1695686400000,96.92,98.5,96.81,97.58,1663466.0,1695772799999,162958469.58,4754,1011754.0,99212108.18,0,2023-09-26
1695772800000,97.59,98.67,97.21,98.48,1336514.0,1695859199999,131194904.39,7784,733172.0,72001328.36,0,2023-09-27
1695859200000,98.48,100.0,98.27,98.48,1715350.0,1695945599999,169573931.16,6380,1057862.0,104682066.7,0,2023-09-28
1695945600000,98.48,99.78,98.05,99.21,1263314.0,1696031999999,125151807.72,6148,644440.0,63926469.64,0,2023-09-29
1696032000000,99.2,99.2,98.29,98.38,673210.0,1696118399999,66359980.83,4301,214208.0,21125372.59,0,2023-09-30
1696118400000,98.42,98.64,98.35,98.49,564749.0,1696204799999,55603243.17,4010,239648.0,23602244.97,0,2023-10-01
1696204800000,98.48,100.03,98.39,99.5,1446093.0,1696291199999,143505296.58,5829,909873.0,90327259.98,0,2023-10-02
1696291200000,99.5,100.7,99.38,100.67,1092496.0,1696377599999,109106435.16,5149,559825.0,55894279.65,0,2023-10-03
1696377600000,100.69,100.98,100.04,100.37,1009581.0,1696463999999,101514605.34,4579,551465.0,55445966.16,0,2023-10-04
1696464000000,100.37,101.5,100.32,101.32,599772.0,1696550399999,60536451.63,3827,334835.0,33799524.12,0,2023-10-05
1696550400000,101.32,101.9,100.28,101.13,1066070.0,1696636799999,107638225.78,4593,456143.0,46082675.01,0,2023-10-06
1696636800000,101.13,101.41,100.78,101.25,342526.0,1696723199999,34617619.1,2655,191306.0,19337796.54,0,2023-10-07
1696723200000,101.29,101.43,101.04,101.21,235422.0,1696809599999,23837938.63,2507,126746.0,12837082.66,0,2023-10-08
1696809600000,101.23,102.99,100.42,100.42,1113985.0,1696895999999,113038931.68,4743,585747.0,59476116.65,0,2023-10-09
1696896000000,100.46,101.71,100.42,101.3,568231.0,1696982399999,57463674.15,3671,318366.0,32195348.69,0,2023-10-10
1696982400000,101.31,101.72,98.03,100.3,2709931.0,1697068799999,271084940.16,6401,1371653.0,137191688.44,0,2023-10-11
1697068800000,100.28,100.3,97.22,98.7,1587952.0,1697155199999,156764566.17,5549,862219.0,85135400.9,0,2023-10-12
1697155200000,98.68,99.02,98.21,98.78,479653.0,1697241599999,47349634.08,3227,227734.0,22481057.52,0,2023-10-13
1697241600000,98.82,98.95,98.49,98.62,306012.0,1697327999999,30212956.06,2667,161690.0,15967621.39,0,2023-10-14
1697328000000,98.65,98.77,98.3,98.67,341456.0,1697414399999,33636843.39,2879,172269.0,16972997.68,0,2023-10-15
1697414400000,98.66,98.81,98.38,98.59,583940.0,1697500799999,57560771.95,3671,283542.0,27962139.76,0,2023-10-16
1697500800000,98.58,99.19,98.43,98.91,563276.0,1697587199999,55631510.66,3453,345960.0,34182329.88,0,2023-10-17
1697587200000,98.97,99.21,98.54,98.88,626496.0,1697673599999,61973880.7,3852,354915.0,35125704.78,0,2023-10-18
1697673600000,98.86,99.25,97.51,97.81,986054.0,1697759999999,96931652.86,4064,401211.0,39488806.93,0,2023-10-19
1697760000000,97.8,98.25,96.64,97.03,764088.0,1697846399999,74203708.19,4174,326746.0,31736553.99,0,2023-10-20
1697846400000,97.02,97.08,96.56,96.85,295238.0,1697932799999,28577803.67,2657,125328.0,12134773.65,0,2023-10-21
1697932800000,96.87,97.06,96.61,96.66,297443.0,1698019199999,28777901.31,2487,125793.0,12175766.42,0,2023-10-22
1698019200000,96.71,96.8,95.0,95.64,1718125.0,1698105599999,165110975.7,6142,837731.0,80553010.1,0,2023-10-23
1698105600000,95.72,96.2,94.33,94.61,1234097.0,1698191999999,117322453.72,5498,594374.0,56541760.8,0,2023-10-24
1698192000000,94.62,95.3,94.26,95.13,743098.0,1698278399999,70454205.68,4042,354020.0,33584025.05,0,2023-10-25
1698278400000,95.13,96.18,94.8,95.81,779760.0,1698364799999,74444574.92,4149,414775.0,39645695.27,0,2023-10-26
1698364800000,95.79,95.99,93.89,95.73,801025.0,1698451199999,76186070.94,3951,374740.0,35700273.61,0,2023-10-27
1698451200000,95.8,95.89,95.45,95.83,255486.0,1698537599999,24441416.15,2567,130798.0,12517782.72,0,2023-10-28
1698537600000,95.83,95.96,95.3,95.31,256316.0,1698623999999,24497569.08,2759,107787.0,10306901.44,0,2023-10-29
1698624000000,95.34,95.89,94.25,94.32,1285787.0,1698710399999,122106157.8,4948,584088.0,55500406.36,0,2023-10-30
1698710400000,94.31,94.84,93.36,94.58,1258351.0,1698796799999,118484295.14,5657,520611.0,49002858.18,0,2023-10-31
1698796800000,94.58,94.94,93.98,93.99,777624.0,1698883199999,73432573.58,4694,394821.0,37295538.09,0,2023-11-01
1698883200000,93.99,94.7,93.8,94.5,536049.0,1698969599999,50613477.99,4296,240116.0,22684026.36,0,2023-11-02
1698969600000,94.48,94.78,93.6,93.79,711079.0,1699055999999,66994168.08,3982,275194.0,25934657.83,0,2023-11-03
1699056000000,93.8,94.36,93.76,94.12,475844.0,1699142399999,44813683.59,3105,299287.0,28196673.05,0,2023-11-04
1699142400000,94.11,94.23,93.43,93.69,583591.0,1699228799999,54765504.5,3721,238244.0,22369350.68,0,2023-11-05
1699228800000,93.69,94.69,93.45,93.98,2864152.0,1699315199999,269739198.7,6261,1414359.0,133126998.26,0,2023-11-06
1699315200000,94.05,94.52,93.61,93.73,1202727.0,1699401599999,113236563.02,4484,446166.0,42006943.06,0,2023-11-07
1699401600000,93.73,94.06,93.3,93.34,394474.0,1699487999999,36927460.24,3312,137249.0,12857616.03,0,2023-11-08
1699488000000,93.34,93.95,93.21,93.35,1075928.0,1699574399999,100614866.01,5084,539491.0,50478643.61,0,2023-11-09
1699574400000,93.4,94.1,93.35,93.91,846962.0,1699660799999,79416905.3,5395,415109.0,38934100.78,0,2023-11-10
1699660800000,93.93,94.2,93.54,94.09,2785944.0,1699747199999,261623779.22,5097,1419669.0,133190600.22,0,2023-11-11
1699747200000,94.07,94.29,93.66,94.05,1641472.0,1699833599999,154305830.36,4127,795039.0,74694353.74,0,2023-11-12
1699833600000,94.04,94.27,93.2,93.59,1154575.0,1699919999999,108146195.08,4894,461397.0,43234947.74,0,2023-11-13
1699920000000,93.57,93.73,92.2,92.3,1200148.0,1700006399999,111392219.37,4858,490522.0,45536137.81,0,2023-11-14
1700006400000,92.3,92.39,90.79,90.89,1592987.0,1700092799999,145588329.59,4708,618285.0,56525058.62,0,2023-11-15
1700092800000,90.98,91.09,90.02,90.58,638565.0,1700179199999,57827913.15,2921,268650.0,24346671.28,0,2023-11-16
1700179200000,90.51,91.5,90.01,91.36,1111099.0,1700265599999,100850036.17,3768,428213.0,38810408.18,0,2023-11-17
1700265600000,91.36,91.61,90.41,90.73,942660.0,1700351999999,85714833.04,3116,445756.0,40502717.14,0,2023-11-18
1700352000000,90.73,91.15,90.1,90.66,939208.0,1700438399999,85118236.62,2925,410562.0,37196336.11,0,2023-11-19
1700438400000,90.67,90.96,90.02,90.37,1152121.0,1700524799999,104204296.42,2779,447748.0,40465808.07,0,2023-11-20
1700524800000,90.37,90.69,89.06,90.53,2461038.0,1700611199999,220823651.28,6252,1138057.0,102010547.46,0,2023-11-21
1700611200000,90.69,90.9,89.42,90.47,2320678.0,1700697599999,208900731.13,5897,1177521.0,105869079.65,0,2023-11-22
1700697600000,90.47,90.5,89.85,90.15,445042.0,1700783999999,40115336.11,4347,194728.0,17562633.73,0,2023-11-23
1700784000000,90.13,91.13,90.05,90.67,625696.0,1700870399999,56689937.0,5658,351629.0,31887034.17,0,2023-11-24
1700870400000,90.67,90.99,89.6,90.15,452764.0,1700956799999,40936014.9,5310,172875.0,15644991.75,0,2023-11-25
1700956800000,90.21,90.52,89.65,90.05,420597.0,1701043199999,37879105.42,5412,165562.0,14919945.7,0,2023-11-26
1701043200000,90.02,90.25,89.3,89.78,494051.0,1701129599999,44309573.55,5425,206437.0,18525097.56,0,2023-11-27
1701129600000,89.78,90.21,89.22,89.72,464981.0,1701215999999,41680367.73,5588,197240.0,17695087.45,0,2023-11-28
1701216000000,89.72,89.97,89.2,89.51,381511.0,1701302399999,34122786.01,5246,149126.0,13342163.51,0,2023-11-29
1701302400000,89.47,90.27,89.0,89.85,331636.0,1701388799999,29677783.09,5414,144803.0,12968954.66,0,2023-11-30
1701388800000,89.83,90.85,89.05,89.62,490824.0,1701475199999,44136802.47,2936,174543.0,15705613.2,0,2023-12-01
1701475200000,89.65,90.18,89.55,89.87,248959.0,1701561599999,22386120.21,1870,107286.0,9651808.83,0,2023-12-02
1701561600000,89.9,90.01,89.6,89.76,266617.0,1701647999999,23943125.08,1546,88009.0,7907512.01,0,2023-12-03
1701648000000,89.79,90.9,89.55,90.41,454177.0,1701734399999,41012137.48,2620,233051.0,21055638.55,0,2023-12-04
1701734400000,90.45,91.93,90.18,90.67,414340.0,1701820799999,37619322.6,2631,183474.0,16673189.79,0,2023-12-05
1701820800000,90.79,91.68,90.35,91.31,392346.0,1701907199999,35765540.75,2161,182804.0,16673597.09,0,2023-12-06
1701907200000,91.2,91.6,90.5,91.14,306068.0,1701993599999,27894315.9,1956,127856.0,11657804.11,0,2023-12-07
1701993600000,91.14,91.19,89.9,90.04,279803.0,1702079999999,25296901.24,2088,120202.0,10870686.21,0,2023-12-08
1702080000000,90.09,90.48,89.56,89.82,242322.0,1702166399999,21813795.65,1692,94485.0,8511696.5,0,2023-12-09
1702166400000,89.81,90.99,89.8,90.57,233323.0,1702252799999,21099644.49,1697,79269.0,7171895.88,0,2023-12-10
1702252800000,90.57,91.39,89.0,89.94,472380.0,1702339199999,42556384.76,4166,204595.0,18486547.54,0,2023-12-11
1702339200000,89.92,89.96,89.0,89.19,237092.0,1702425599999,21154400.39,2135,88012.0,7858720.81,0,2023-12-12
1702425600000,89.4,90.12,89.19,89.51,272342.0,1702511999999,24409592.02,1765,147298.0,13211830.44,0,2023-12-13
1702512000000,89.51,89.59,89.17,89.44,231659.0,1702598399999,20680539.18,1721,70216.0,6275774.95,0,2023-12-14
1702598400000,89.44,90.17,89.17,89.56,366719.0,1702684799999,32781297.28,1705,151356.0,13569263.44,0,2023-12-15
1702684800000,89.75,89.88,89.15,89.32,169827.0,1702771199999,15170880.45,1315,46456.0,4157365.57,0,2023-12-16
1702771200000,89.17,91.0,89.1,89.87,558319.0,1702857599999,50277618.38,1867,279928.0,25233146.21,0,2023-12-17
1702857600000,89.79,90.49,89.79,90.1,185592.0,1702943999999,16736649.6,1472,94871.0,8559562.69,0,2023-12-18
1702944000000,90.1,90.5,89.6,90.11,272534.0,1703030399999,24558984.56,1832,109852.0,9914641.7,0,2023-12-19
1703030400000,90.19,91.0,89.62,90.06,319531.0,1703116799999,28773690.83,2084,159831.0,14425597.58,0,2023-12-20
1703116800000,89.96,91.0,89.81,90.79,294226.0,1703203199999,26645711.66,1792,135807.0,12311155.61,0,2023-12-21
1703203200000,90.8,90.9,89.8,90.67,264451.0,1703289599999,23918017.72,2149,109335.0,9903788.66,0,2023-12-22
1703289600000,90.37,90.76,90.0,90.11,169699.0,1703375999999,15339197.78,1359,76839.0,6953192.68,0,2023-12-23
1703376000000,90.01,90.59,89.9,90.22,140500.0,1703462399999,12652818.55,1515,60397.0,5443428.6,0,2023-12-24
1703462400000,89.96,91.0,89.6,90.13,364536.0,1703548799999,32899473.28,2326,182350.0,16500577.78,0,2023-12-25
1703548800000,90.27,90.55,89.71,89.96,221115.0,1703635199999,19934430.06,2061,93899.0,8476932.52,0,2023-12-26
1703635200000,89.96,90.5,89.5,89.57,272288.0,1703721599999,24484022.28,2352,122916.0,11075554.46,0,2023-12-27
1703721600000,89.57,89.99,85.76,87.54,671914.0,1703807999999,59430037.98,6948,232643.0,20589923.17,0,2023-12-28
1703808000000,87.54,89.49,86.23,87.91,328232.0,1703894399999,28800895.36,3263,164031.0,14418611.68,0,2023-12-29
1703894400000,88.11,88.7,87.1,87.99,201048.0,1703980799999,17683286.26,1731,106956.0,9419418.71,0,2023-12-30
1703980800000,88.3,89.3,86.69,88.41,217558.0,1704067199999,19135629.53,1753,100053.0,8836929.58,0,2023-12-31
1704067200000,88.7,89.0,86.88,87.94,134786.0,1704153599999,11843410.35,1145,60561.0,5333362.69,0,2024-01-01
1704153600000,87.93,88.54,86.52,88.0,232364.0,1704239999999,20279636.72,2340,100108.0,8766000.35,0,2024-01-02
1704240000000,88.0,89.99,87.07,88.66,214529.0,1704326399999,18982558.85,2062,120137.0,10650704.6,0,2024-01-03
1704326400000,88.62,89.36,88.05,88.6,109252.0,1704412799999,9676398.4,1265,46714.0,4142550.11,0,2024-01-04
1704412800000,88.58,88.89,87.27,87.81,190557.0,1704499199999,16795965.37,1961,105080.0,9290297.5,0,2024-01-05
1704499200000,88.4,89.35,87.7,88.75,98352.0,1704585599999,8698978.12,1306,57405.0,5088569.54,0,2024-01-06
1704585600000,88.75,89.8,87.51,89.09,249761.0,1704671999999,22138488.89,1910,71462.0,6347433.73,0,2024-01-07
1704672000000,89.09,90.87,87.59,89.56,647315.0,1704758399999,57725628.31,5233,169597.0,15184924.03,0,2024-01-08
1704758400000,89.57,91.13,88.27,90.21,287002.0,1704844799999,25709791.39,4184,121592.0,10909319.05,0,2024-01-09
1704844800000,89.92,90.21,88.78,89.95,197949.0,1704931199999,17737400.59,2828,86464.0,7761343.9,0,2024-01-10
1704931200000,89.95,89.96,88.26,89.24,234123.0,1705017599999,20849713.97,3335,107555.0,9590986.4,0,2024-01-11
1705017600000,89.28,89.44,88.31,88.45,209221.0,1705103999999,18570835.58,3096,87872.0,7810778.19,0,2024-01-12
1705104000000,88.45,89.1,88.0,88.75,137989.0,1705190399999,12205058.94,2056,78191.0,6924680.49,0,2024-01-13
1705190400000,88.5,88.75,86.2,87.67,208757.0,1705276799999,18234754.23,3031,48510.0,4253846.59,0,2024-01-14
1705276800000,87.67,88.84,86.28,87.42,259835.0,1705363199999,22653931.03,3995,87511.0,7651750.01,0,2024-01-15
1705363200000,87.42,87.86,86.1,87.73,274638.0,1705449599999,23892096.02,4701,87503.0,7641811.41,0,2024-01-16
1705449600000,87.71,87.83,86.73,87.77,144840.0,1705535999999,12646172.92,3247,49287.0,4310831.02,0,2024-01-17
1705536000000,87.79,87.79,86.65,86.86,163337.0,1705622399999,14257990.26,2872,65412.0,5721391.03,0,2024-01-18
1705622400000,87.65,87.81,86.51,86.87,116426.0,1705708799999,10134709.59,2675,40375.0,3524907.17,0,2024-01-19
1705708800000,86.62,87.31,86.12,86.31,101296.0,1705795199999,8759767.18,2123,30262.0,2623906.91,0,2024-01-20
1705795200000,86.75,86.9,86.24,86.53,98035.0,1705881599999,8469747.75,2270,38742.0,3351416.19,0,2024-01-21
1705881600000,86.54,87.0,86.42,86.43,130033.0,1705967999999,11251489.94,2578,47862.0,4147134.49,0,2024-01-22
1705968000000,86.71,86.72,86.0,86.5,190130.0,1706054399999,16405949.78,4203,60173.0,5202412.88,0,2024-01-23
1706054400000,86.5,86.61,85.94,86.32,276191.0,1706140799999,23785587.66,2376,63621.0,5493529.35,0,2024-01-24
1706140800000,86.56,86.69,86.0,86.26,175351.0,1706227199999,15108691.66,2147,50812.0,4388822.34,0,2024-01-25
1706227200000,86.26,88.99,86.02,88.77,178107.0,1706313599999,15517106.52,2109,75393.0,6578791.84,0,2024-01-26
1706313600000,88.26,89.71,88.09,88.44,159372.0,1706399999999,14100648.1,2532,58084.0,5160153.67,0,2024-01-27
1706400000000,88.49,89.63,88.35,88.62,206908.0,1706486399999,18393857.92,2414,79018.0,7047796.64,0,2024-01-28
1706486400000,89.28,92.8,88.61,90.73,319763.0,1706572799999,28840155.76,3281,148107.0,13403445.76,0,2024-01-29
1706572800000,90.73,91.9,90.0,91.1,67326.0,1706601599999,6117490.09,635,33122.0,3020349.38,0,2024-01-30
