open_time,open,close,high,low,volume,source_date
1483228800000,55739.0,59595.0,61470.9,55690.0,332.90396704,2017-01-01
1483315200000,59201.0,60478.0,61940.0,59016.02,167.97396235,2017-01-02
1483401600000,60624.0,60081.9977491,61072.65374262,59443.00001,233.69818561,2017-01-03
1483488000000,60445.999,64435.02789717,65395.0,60126.0,193.90754468,2017-01-04
1483574400000,64440.0,57979.0616962,65200.0,53000.0,302.50081253,2017-01-05
1483660800000,58179.9989899,50165.6538393,58999.9989899,47700.00001,314.46348544,2017-01-06
1483747200000,50341.2336277,50999.9746155,52200.0,44482.0,270.46442256,2017-01-07
1483833600000,50605.007,51717.7,54000.0,50520.0,277.26996127,2017-01-08
1483920000000,51551.3949492,51790.0,52000.0,50184.0,343.66019643,2017-01-09
1484006400000,51237.5,51400.0,52100.0,50701.03550073,234.50998996,2017-01-10
1484092800000,51897.999992,48620.0,52800.0,47000.0,375.19572065,2017-01-11
1484179200000,48372.0010104,47150.0,50125.0,38760.0,350.66490443,2017-01-12
1484265600000,47150.0,47736.0,48700.0,44914.2692089,314.37700549,2017-01-13
1484352000000,47799.98556003,47280.0,48699.0,46746.79892,317.83002049,2017-01-14
1484438400000,47283.7,48369.0,48888.0,46500.0,263.63019932,2017-01-15
1484524800000,48296.0,48481.70649571,49679.0,47685.47549562,246.22763491,2017-01-16
1484611200000,48333.6119565,51258.0,51495.0,48001.0,348.26864299,2017-01-17
1484697600000,51235.2700177,50680.90615257,51893.6,49000.0,354.90196599,2017-01-18
1484784000000,50680.90615257,51779.0,51999.0,50401.02016044,348.20913769,2017-01-19
1484870400000,51684.3,52997.14880252,53499.0,51354.0,329.49530208,2017-01-20
1484956800000,52972.9,53675.0,54500.0,52808.27966415,302.22152435,2017-01-21
1485043200000,53720.8,53241.01,54300.0,52400.0,229.43385621,2017-01-22
1485129600000,53456.0,52700.0,54400.0,52700.0,218.53911716,2017-01-23
1485216000000,52966.0,52516.0,53450.0,52300.0,246.83772461,2017-01-24
1485302400000,52771.8688889,52700.0,53000.0,51800.0,227.1503653,2017-01-25
1485388800000,52711.0,53162.0,53310.0,52180.0,199.41757385,2017-01-26
1485475200000,53003.2,53105.0200003,53549.99,52600.0,161.82417876,2017-01-27
1485561600000,53105.0,53300.0,53707.81931,52880.0,261.84842348,2017-01-28
1485648000000,53334.0,52979.0,53440.0,52950.0,230.10628276,2017-01-29
1485734400000,52955.0,53139.9,53349.0,52930.0,353.76039101,2017-01-30
1485820800000,53140.0,55901.9094311,55901.9094311,53010.0,251.18073995,2017-01-31
1485907200000,55763.0,57400.0,57469.99,54416.0,363.89013801,2017-02-01
1485993600000,57400.0,57879.8,58120.0,56660.0,322.87486314,2017-02-02
1486080000000,57930.0,58329.0,58970.0,57760.1981818,193.45792211,2017-02-03
1486166400000,58393.0,58620.0,58990.0,57197.84716,180.59770828,2017-02-04
1486252800000,58620.00058621,57850.4013066,58990.0,57200.0,129.38670611,2017-02-05
1486339200000,57805.1,58090.9,58200.0,57567.1431808,335.07364943,2017-02-06
1486425600000,57948.0,59864.0,60309.0,57868.93508253,284.48993955,2017-02-07
1486512000000,59928.0,60537.5,61029.9979628,58770.0,230.21759897,2017-02-08
1486598400000,60669.0,57500.9,60879.9989899,55030.0010101,271.03761774,2017-02-09
1486684800000,57462.6,57911.0,58200.0,56151.00001,179.87569205,2017-02-10
1486771200000,57867.8,58211.0,60515.0,57640.0,337.68384595,2017-02-11
1486857600000,58340.0,58660.0,59208.4,57442.301,311.0289443,2017-02-12
1486944000000,58660.0,57982.0,59000.0,56987.14948,277.86844678,2017-02-13
1487030400000,58062.1,57882.0,58739.99,57500.0,204.84804069,2017-02-14
1487116800000,57890.0,57800.0,58999.0,57561.0,335.13664012,2017-02-15
1487203200000,57850.0,58810.0,59200.0,57630.0,156.14032738,2017-02-16
1487289600000,58810.0,60300.0,60881.62808,58630.0,188.61429295,2017-02-17
1487376000000,60300.0,59483.99,60500.0,58490.51452,229.40579496,2017-02-18
1487462400000,59196.0320202,60045.0,60625.8,58513.0,238.25263017,2017-02-19
1487548800000,60045.01,60405.0,60524.9640443,58800.0,184.12588769,2017-02-20
1487635200000,60425.0,62000.01860004,62299.96885008,59514.47603,241.56865949,2017-02-21
1487721600000,62000.02480005,62070.92740808,62714.4,61485.0,151.43299055,2017-02-22
1487808000000,61920.4,62856.0,63345.0,61856.01237123,272.69298492,2017-02-23
1487894400000,62836.0,65608.06037495,66000.0,61640.0,233.60338566,2017-02-24
1487980800000,65608.07349654,63876.05748846,65878.9456693,62802.1,255.63716635,2017-02-25
1488067200000,63880.0,65120.0,65464.9989899,63030.00001,228.77120599,2017-02-26
1488153600000,65130.02605206,65845.0,66000.0,64500.0,298.80991639,2017-02-27
1488240000000,65845.0,67000.4,67149.41537,65282.990815,306.43455415,2017-02-28
1488326400000,66981.0,68199.7998,68999.99,66500.00001,252.35423827,2017-03-01
1488412800000,68199.99,70300.00001,71199.97864002,66000.0,300.21248342,2017-03-02
1488499200000,70300.00001,71370.46390518,71844.92097057,69800.0,256.28788036,2017-03-03
1488585600000,71372.05282323,71098.00294027,71605.67381,70105.0,284.25037708,2017-03-04
1488672000000,71095.96294027,71080.0,71605.673811,70373.18863,250.22772698,2017-03-05
1488758400000,71000.0,70929.79,71498.0,70400.0,263.36799969,2017-03-06
1488844800000,70929.78,70555.13959,71148.97865538,68800.0,356.86099946,2017-03-07
1488931200000,70560.0,66447.45,70845.0,66000.0,363.89984129,2017-03-08
1489017600000,66447.23,69195.32999,69650.0,65000.0,268.41072116,2017-03-09
1489104000000,69194.84,66229.0,72179.268091,64100.0,399.98146849,2017-03-10
1489190400000,66183.0,68800.0,69999.77999,65679.5545975,255.29779321,2017-03-11
1489276800000,68800.688,70462.0,71059.07897,68267.01,222.37543434,2017-03-12
1489363200000,70451.0,70724.0,71000.0,69709.01691,307.43049012,2017-03-13
1489449600000,70680.0,71473.0,71863.79454,70200.0,338.494236,2017-03-14
1489536000000,71499.0,70965.0354825,71599.88,70830.0,222.66551272,2017-03-15
1489622400000,71199.95016,69164.7,72033.28424,68620.0,239.98774018,2017-03-16
1489708800000,69165.0,64862.9707,69607.98607842,64862.9707,368.1784375,2017-03-17
1489795200000,64862.9707,57680.43,66000.0,56500.0,367.74923387,2017-03-18
1489881600000,57781.75,59994.6788472,63025.2,56687.97515,218.70142895,2017-03-19
1489968000000,60286.4334899,63145.99,63499.99999,59044.00001,243.94160425,2017-03-20
1490054400000,62763.10821624,66150.0,66289.9989899,62763.09822,228.3685021,2017-03-21
1490140800000,66150.0,61700.0,66289.8568687,60300.0,195.78865905,2017-03-22
1490227200000,61690.00061691,61401.0,63896.5,60270.0,227.89374195,2017-03-23
1490313600000,61695.1,56466.3922868,62051.99,56093.0,285.1700427,2017-03-24
1490400000000,56466.4022868,56930.0,58254.9,52586.18683,222.8935074,2017-03-25
1490486400000,56930.0,56730.7900689,59419.0,55503.0,222.28087862,2017-03-26
1490572800000,56640.1820211,59712.66,60000.0,56125.0,287.08999917,2017-03-27
1490659200000,59699.93,59000.0,60000.0,57530.7016296,257.35524122,2017-03-28
1490745600000,59049.37513,58882.83,60494.0,56750.1510101,233.56729546,2017-03-29
1490832000000,58876.29,57530.0,59399.98812,57200.0,192.19222827,2017-03-30
1490918400000,57700.0,60719.0,61100.0,57200.0001,239.71732819,2017-03-31
1491004800000,60718.17,59425.0,61500.0,59051.0,189.78607499,2017-04-01
1491091200000,59450.0,59150.0,60270.0,57550.0,272.54996336,2017-04-02
1491177600000,59200.0,61771.82,63526.0408024,59200.0,314.33922272,2017-04-03
1491264000000,61772.57,61650.0,63221.0,61234.46289,169.25702978,2017-04-04
1491350400000,61500.0,61375.0,63000.0,61001.0001,197.90381383,2017-04-05
1491436800000,61374.99,64430.0,65000.0,61175.0,191.85121712,2017-04-06
1491523200000,64430.0,66325.3,66888.0,62917.33648,182.30640101,2017-04-07
1491609600000,66282.4056111,65399.0,66888.0,64905.0,152.43213903,2017-04-08
1491696000000,65404.0,66780.2,67225.7250137,65106.0,140.26000872,2017-04-09
1491782400000,66625.0,65763.34224456,67039.99899988,65006.0,160.58744267,2017-04-10
1491868800000,65763.37613637,67199.9989899,67300.0,65559.35284,207.66576104,2017-04-11
1491955200000,66955.0010101,65537.40898368,67200.0,65503.78424,208.21782538,2017-04-12
1492041600000,65960.68,65610.82058817,67100.0,64880.0,203.38509751,2017-04-13
1492128000000,65610.79232367,65750.0,66240.0,65100.0,145.34885116,2017-04-14
1492214400000,65750.0,65174.4032198,65950.0,65000.0,170.00084942,2017-04-15
1492300800000,65174.4032198,65390.0,65710.0,64870.0,114.97031148,2017-04-16
1492387200000,65390.0,66359.8,66490.0,65100.0,150.91102496,2017-04-17
1492473600000,66319.38143053,65960.0,66792.0,65740.0,114.86154981,2017-04-18
1492560000000,66100.0,67100.0,67100.00067101,65600.0,128.99598623,2017-04-19
1492646400000,67110.0,67645.0,68000.0,66460.0,143.17445847,2017-04-20
1492732800000,67554.0,68291.6,68430.0,66950.0,231.14138848,2017-04-21
1492819200000,68098.02718324,67450.0,68349.98,66160.0,159.0057276,2017-04-22
1492905600000,67640.0,68240.0,69605.2,67350.01,164.88701546,2017-04-23
1492992000000,68240.0,68505.01,70000.0,68026.552612,228.62428636,2017-04-24
1493078400000,68505.66,69775.0,69937.0,68350.77,137.98071119,2017-04-25
1493164800000,69775.0,70697.3,70929.99,69550.0,167.86972483,2017-04-26
1493251200000,70920.15,73739.47,74697.0,70550.0,161.68149698,2017-04-27
1493337600000,74250.0,72280.0,74550.0,72055.00001,139.63611986,2017-04-28
1493424000000,72360.0,73220.0,73259.99,72220.01072221,161.36255434,2017-04-29
1493510400000,73060.00073061,73502.0,73630.0,72800.0,191.01855533,2017-04-30
1493596800000,73270.0,76902.0,77430.0,73262.0,322.46101456,2017-05-01
1493683200000,76902.0,78500.0,80900.0,76640.0,266.1383491,2017-05-02
1493769600000,78500.0,79670.0,79754.0,77440.4730303,245.49134605,2017-05-03
1493856000000,79603.0,81495.7089899,86913.0,78000.0,355.58918547,2017-05-04
1493942400000,81088.0,85228.0,87030.0,80814.1,222.23606877,2017-05-05
1494028800000,85228.0,84525.0,86200.0,83523.0,192.76751911,2017-05-06
1494115200000,84255.66,84944.0,85190.0,83680.0,215.44472356,2017-05-07
1494201600000,84880.0,90500.0,90875.0,84830.0,220.40916094,2017-05-08
1494288000000,90500.0,88945.4221027,95999.79999,88222.0010101,248.09746453,2017-05-09
1494374400000,88945.4221027,95200.0,95650.0,88223.0010101,183.58755815,2017-05-10
1494460800000,95295.8,100678.1330303,102150.0,95000.01,207.60398389,2017-05-11
1494547200000,100678.7530303,96435.51,101300.0,92494.5,186.24908007,2017-05-12
1494633600000,96475.3116343,97898.9921109,98704.0,92307.51001,163.99247291,2017-05-13
1494720000000,97900.0881714,97780.0990909,98999.83220811,96620.0,110.72811983,2017-05-14
1494806400000,97790.0,95649.9989899,98350.0,93000.00002,207.18323949,2017-05-15
1494892800000,95250.0,94975.045793,96884.99,91146.0,168.90935146,2017-05-16
1494979200000,95679.5702024,98389.0,99989.0,95330.0010101,232.27129621,2017-05-17
1495065600000,98574.6,101639.75,103302.58695,97363.94516,215.57391074,2017-05-18
1495152000000,102085.83857276,107887.78,109414.646551,100958.32362168,191.60904659,2017-05-19
1495238400000,108575.9889899,110946.98,112585.0,107360.8947491,147.55880699,2017-05-20
1495324800000,111600.0,113039.23899,115188.5678712,110000.0,118.41732809,2017-05-21
1495411200000,112953.0,117570.361691,122950.0,112306.5840402,197.60159567,2017-05-22
1495497600000,117570.361691,121729.09,122000.0,116923.0,159.26739146,2017-05-23
1495584000000,121722.63,133202.757273,139124.0,120011.0,178.99040482,2017-05-24
1495670400000,133202.757273,139464.3,160531.507352,132320.00001,288.98493667,2017-05-25
1495756800000,139464.3,125925.0210101,145999.999,118560.870047,208.45848586,2017-05-26
1495843200000,126916.59898989,116864.28407808,131350.69,101311.657492,228.59901562,2017-05-27
1495929600000,116112.58505031,125429.0,133160.0,116103.5545454,128.65977816,2017-05-28
1496016000000,125887.0,127174.0,133200.0,122903.0,101.14175944,2017-05-29
1496102400000,127305.0,123293.21,135000.0,122253.0,211.08862639,2017-05-30
1496188800000,123846.54,128100.0010101,131000.0,123821.0,134.58012076,2017-05-31
1496275200000,128100.0,135419.0,138610.0,127900.0,161.79113583,2017-06-01
1496361600000,135000.91000001,139886.52,140525.02301737,134900.0,78.82615222,2017-06-02
1496448000000,139888.03,144200.0010101,147880.0,138000.0,106.78649347,2017-06-03
1496534400000,144480.0,142264.01,148000.0,138720.00001,153.55923899,2017-06-04
1496620800000,142999.99999999,149783.0,149998.9988899,142200.0110101,99.68430027,2017-06-05
1496707200000,149500.0,155848.0020202,160000.0,148050.0,276.28315761,2017-06-06
1496793600000,155887.0010101,153986.8208194,158730.0,150050.00000001,170.12605547,2017-06-07
1496880000000,153420.0,155300.01,157050.0,151237.0,139.81316162,2017-06-08
1496966400000,155523.0,156749.956,158100.0,154500.0,122.80089727,2017-06-09
1497052800000,156100.00156101,160192.839397,161999.0,155000.01,157.18774264,2017-06-10
1497139200000,160192.839397,164254.1423247,166059.0,159500.0,109.76317243,2017-06-11
1497225600000,163136.4810301,152870.0,164750.0,149100.0,251.5112313,2017-06-12
1497312000000,153274.0,156851.01,160845.0,152730.963794,126.21541114,2017-06-13
1497398400000,156850.01,152768.86495,160000.0,150000.0,126.56011981,2017-06-14
1497484800000,151782.0520201,147584.89,154987.96,140811.891373,182.77695587,2017-06-15
1497571200000,147480.9,151400.0010101,157089.0,145750.0,128.55181588,2017-06-16
1497657600000,151400.0020202,157443.8909091,159999.999999,150850.01,129.38504545,2017-06-17
1497744000000,156337.60101,151172.80000001,157421.857579,150059.0,144.28106555,2017-06-18
1497830400000,151172.76052,153000.0,155979.0,150293.58091,177.79146378,2017-06-19
1497916800000,153699.89,161303.3278601,165000.0,153201.0,210.5771745,2017-06-20
1498003200000,162773.9349495,163500.0,164400.0,158000.0,122.34868421,2017-06-21
1498089600000,163500.0,164400.0,165000.0,161130.0,108.28185737,2017-06-22
1498176000000,164400.0,164900.0,165900.0,162710.0,73.40085253,2017-06-23
1498262400000,164900.0,161800.0,167000.0,158500.0,110.68571383,2017-06-24
1498348800000,161400.0,158514.71,164300.0,156260.0,92.09865049,2017-06-25
1498435200000,158513.69999999,153763.61083524,161238.17914,150000.0,193.61361299,2017-06-26
1498521600000,153763.437655,153552.3489899,157380.0,144020.0,171.28568064,2017-06-27
1498608000000,152561.703639,156634.062992,160000.0,148000.0010101,87.42159036,2017-06-28
1498694400000,155555.0,154707.792889,158779.0,152250.0,210.92447022,2017-06-29
1498780800000,154707.792889,154039.0,159000.0,153003.0,311.44913995,2017-06-30
1498867200000,154460.19999999,150443.44,157999.0,150000.0,207.45833963,2017-07-01
1498953600000,151490.0,152400.0,153000.0,148600.0,207.51682088,2017-07-02
1499040000000,151850.0,153700.03,157000.0,150900.0,184.14786378,2017-07-03
1499126400000,153700.093,151236.801,156439.0,150650.0,167.35948117,2017-07-04
1499212800000,151236.801,155800.0,156538.0,150400.0,200.42373477,2017-07-05
1499299200000,155250.0,156150.0,156500.0,154300.0010101,164.64231624,2017-07-06
1499385600000,155650.0,154500.0,156825.0,152050.0,163.87177214,2017-07-07
1499472000000,154500.0,154150.00154151,156390.0,152300.0,140.05369342,2017-07-08
1499558400000,154700.0,153250.0,155000.0,153200.0,107.19504952,2017-07-09
1499644800000,153250.0,150202.6824019,154900.0,148355.505775,167.76874126,2017-07-10
1499731200000,150202.6824019,146000.0,151889.42489,142669.06,165.10938657,2017-07-11
1499817600000,146000.0,147500.0,149780.0,144300.0,150.72362064,2017-07-12
1499904000000,148555.0,144620.001,149800.0,144500.00001,92.57280935,2017-07-13
1499990400000,145546.196,138752.0,146999.999999,135000.00001,194.03011389,2017-07-14
1500076800000,139674.55,124613.0,139700.0,121500.0,127.43678118,2017-07-15
1500163200000,124901.169049,118111.5,127399.99999,111000.0,140.27647683,2017-07-16
1500249600000,118111.5,131999.866,150000.0,116252.24682,179.21367178,2017-07-17
1500336000000,131999.8649899,136269.1800101,142331.0,129550.78139,141.02310974,2017-07-18
1500422400000,137258.7233959,137532.0040101,144000.0,135401.0,93.74920509,2017-07-19
1500508800000,138019.0,158611.9999898,161000.0,137474.0,179.78898858,2017-07-20
1500595200000,158953.386,156100.0,160389.1589899,149800.0,111.84636092,2017-07-21
1500681600000,155860.0,161620.1,165000.0,155100.0,141.09170691,2017-07-22
1500768000000,161620.3710101,159800.0,163999.97,156120.0,92.23207354,2017-07-23
1500854400000,160360.0,162300.0,163999.0,158420.00001,146.73953069,2017-07-24
1500940800000,162300.0,155370.00001,162700.0,154600.0,155.82371067,2017-07-25
1501027200000,155371.0,152290.0,158500.0,147622.94137,104.48884146,2017-07-26
1501113600000,152996.0,155699.0,156750.0,150000.0,137.26821145,2017-07-27
1501200000000,156076.0,160458.98,163458.9857,152556.0,199.40491393,2017-07-28
1501286400000,160321.946662,155900.0,160321.946662,153000.0,64.76458157,2017-07-29
1501372800000,155278.88,156502.29,157750.0,151350.01001,132.40652793,2017-07-30
1501459200000,157735.98,160370.0,161740.0,153350.0,132.37884073,2017-07-31
1501545600000,161159.01,154284.70815246,161999.0,151150.0,116.80167143,2017-08-01
1501632000000,154284.786305,157956.1059,159765.0,153255.05,91.49980467,2017-08-02
1501718400000,157956.1059,160258.851667,161976.65723,156860.0,83.23914499,2017-08-03
1501804800000,160000.0,163400.0,165000.0,159000.0,155.33888116,2017-08-04
1501891200000,163399.99,177500.0,185000.0,162436.97,185.33463142,2017-08-05
1501977600000,177500.0,184000.0,184999.0,173150.13,164.90446478,2017-08-06
1502064000000,184000.09384004,193197.0,199000.0,182000.0,167.2714118,2017-08-07
1502150400000,193913.25,192779.1489899,195222.34816616,187604.01669,217.79874844,2017-08-08
1502236800000,191650.0010101,191150.0,198000.0,184500.0,205.5155869,2017-08-09
1502323200000,191200.0,195791.0,197999.99999999,191000.75820012,245.98853076,2017-08-10
1502409600000,195989.81,207699.0,211010.33,194511.76271,262.65147049,2017-08-11
1502496000000,207550.0,220495.074,230000.0,205400.0,247.35838936,2017-08-12
1502582400000,220500.08,238433.57768673,250000.0,220497.07409946,244.45586874,2017-08-13
1502668800000,238442.41,249132.9,252443.99999,233100.0,126.16019425,2017-08-14
1502755200000,250899.99,247723.0,270000.0,231009.00001,222.54641298,2017-08-15
1502841600000,248530.0,255035.0,259000.0,237000.00002,278.60366043,2017-08-16
1502928000000,255298.0,251000.0,259000.0,245050.0,344.06464117,2017-08-17
1503014400000,250469.60673906,244030.0,255000.0,243000.0,354.47501376,2017-08-18
1503100800000,244149.0,243388.09227175,252000.0,236001.00000001,348.74236957,2017-08-19
1503187200000,243890.0,241000.0,246000.0,240000.048,128.68920034,2017-08-20
1503273600000,241000.0,235000.0,243500.0,235000.0,222.66461844,2017-08-21
1503360000000,235120.0,239610.0,242999.99999999,215860.01,297.40986658,2017-08-22
1503446400000,239857.91893085,239077.0,245000.0,235500.00000001,225.29512309,2017-08-23
1503532800000,238730.0,245973.498299,245999.0,237420.0,313.76583741,2017-08-24
1503619200000,245973.088536,245879.0,248787.0,241029.0,181.73476191,2017-08-25
1503705600000,245432.0,244552.68525396,246989.99,239630.0,131.14158492,2017-08-26
1503792000000,245899.7779798,242602.0,246690.0,242000.0,132.54341298,2017-08-27
1503878400000,242602.0,244654.0,245000.0,237630.0,273.58839183,2017-08-28
1503964800000,244986.07100274,253510.0,257102.0010101,242300.0,232.5433957,2017-08-29
1504051200000,253900.0,252222.70284001,258484.00733,250400.00001,240.73664572,2017-08-30
1504137600000,254754.99,257800.34,260089.63798203,251916.20593,203.56551812,2017-08-31
1504224000000,259000.0,270138.0,273000.0,256239.0,172.95536024,2017-09-01
1504310400000,270854.0,254996.36,272342.49717663,252000.0,172.79726166,2017-09-02
1504396800000,254100.0,266200.01,270000.0,254000.01,170.92926879,2017-09-03
1504483200000,266201.01,252600.29999,267098.0,244267.80001,170.50940248,2017-09-04
1504569600000,252601.669725,263282.04,265912.0,242000.1,122.72856831,2017-09-05
1504656000000,263282.06,269963.0,276470.6947,262956.58805714,89.44429636,2017-09-06
1504742400000,271779.78,268240.0,274494.7314,265757.05315143,84.10566756,2017-09-07
1504828800000,268203.0,257610.0,269998.99999,248390.0,124.08462294,2017-09-08
1504915200000,256516.01,257516.99150337,268000.0,249100.0,52.69194491,2017-09-09
1505001600000,256893.3384493,254922.0,267000.0,248000.0,179.44091516,2017-09-10
1505088000000,253685.2320202,251500.0,259000.0,249000.0,121.56386322,2017-09-11
1505174400000,250512.67111266,249750.0,257998.0,248000.0,300.92364539,2017-09-12
1505260800000,250730.0,228937.53,250933.23,223001.0,346.88558544,2017-09-13
1505347200000,229311.0,191399.4,235500.0,188000.28,348.92855099,2017-09-14
1505433600000,191399.4,223900.0,246000.0,160000.0,394.83799568,2017-09-15
1505520000000,224524.0,222976.97,239646.555245,216500.0,373.61267118,2017-09-16
1505606400000,222974.26,222512.0,236288.0,212214.21401,351.08028933,2017-09-17
1505692800000,221337.61,243323.65,243935.73525506,220562.30059,391.50082743,2017-09-18
1505779200000,241941.0,233554.0,243325.20575804,230010.0,391.45859868,2017-09-19
1505865600000,233547.0,234213.0,236899.99,230800.0,361.03895685,2017-09-20
1505952000000,234434.51,220391.0,234434.523,219030.00001,380.99908742,2017-09-21
1506038400000,219030.0,218201.22728047,225314.93202,212000.0,281.27005686,2017-09-22
1506124800000,218200.0,221677.178987,225731.38163,214000.0,188.51721116,2017-09-23
1506211200000,221499.34195066,216661.60328669,221689.57338051,213000.0,328.84474777,2017-09-24
1506297600000,216661.70061899,227014.0,230000.0,216001.0,363.13988646,2017-09-25
1506384000000,226348.0,226723.0,229980.12,223160.0,350.95439387,2017-09-26
1506470400000,226500.01,235000.0,235000.0,224100.3510101,393.74863992,2017-09-27
1506556800000,233706.24473003,232712.21,236179.01986418,227250.45551047,388.50129055,2017-09-28
1506643200000,233744.0,232772.0,237348.01642,230500.0,365.6871604,2017-09-29
1506729600000,232670.0,238290.0,238998.0,232000.0,327.90079773,2017-09-30
1506816000000,238000.92,238498.93997,239700.0,234500.0,213.58743214,2017-10-01
1506902400000,238498.92995,240099.99999,243847.90032,236902.27,134.50487576,2017-10-02
1506988800000,240099.99999,236546.0,240400.0,230005.0,134.24965883,2017-10-03
1507075200000,237000.0,237220.0,239303.3989899,235002.00001,271.22310169,2017-10-04
1507161600000,237100.50001,237315.0,239217.95215647,232703.84632251,345.74371723,2017-10-05
1507248000000,237440.0,236748.5810101,240999.99999999,235028.46535714,252.53745356,2017-10-06
1507334400000,237050.0,239867.62727875,241000.0,229500.0,300.03892541,2017-10-07
1507420800000,239867.36898988,246958.7089899,247500.0,237563.546099,290.79557053,2017-10-08
1507507200000,246958.6489899,260159.5530303,264879.9989899,241000.0,307.31454142,2017-10-09
1507593600000,260159.9010101,260764.0,267000.0,255001.0,282.33057287,2017-10-10
1507680000000,260246.0,263080.0,263499.99999999,259000.0,294.65123195,2017-10-11
1507766400000,262150.0710201,287999.99999,289000.0,262150.0,258.02101554,2017-10-12
1507852800000,288000.0,294565.3032,300000.0,280001.0,391.41915288,2017-10-13
1507939200000,294565.3032,295550.0,295550.0,281101.0,326.19939074,2017-10-14
1508025600000,295499.88,293011.169346,295600.0,278450.00000001,500.33962032,2017-10-15
1508112000000,293374.0,297990.3289899,300000.0,285000.0,502.17740527,2017-10-16
1508198400000,297988.33807552,299999.99,300000.0,292000.0,394.31638233,2017-10-17
1508284800000,299999.8857488,298345.0,300000.0,287826.00002,411.1670355,2017-10-18
1508371200000,299668.1630601,311490.0,314757.36853,297800.0161206,400.20516488,2017-10-19
1508457600000,311438.80067661,325828.68896,329998.0,305000.00001,425.73717089,2017-10-20
1508544000000,326187.33389967,333450.2312121,346000.0,324640.19727457,420.98615688,2017-10-21
1508630400000,335349.9779798,336590.0,342880.0,320880.6966327,406.83137045,2017-10-22
1508716800000,336600.0,331000.0,339999.0,320000.0,394.69337391,2017-10-23
1508803200000,331000.0,310260.0,332935.7169697,307000.0,420.41837987,2017-10-24
1508889600000,310028.3210101,321110.78,330192.37837,303894.17371322,445.0689754,2017-10-25
1508976000000,319630.0,327000.0,337999.0,315510.83683391,351.35489002,2017-10-26
1509062400000,327780.0,325005.66,338500.0,322000.000221,361.81834513,2017-10-27
1509148800000,325005.66,326459.51000001,329999.00999999,321948.56249999,407.91036213,2017-10-28
1509235200000,326418.33054868,337605.98807126,338919.05,323001.0,416.69782604,2017-10-29
1509321600000,337617.53752338,337770.0,344000.0,331160.0,388.05804201,2017-10-30
1509408000000,336300.99,362000.0,362486.92750263,335850.01,293.77504874,2017-10-31
1509494400000,361003.12884067,386310.0,386500.0,360000.0,323.08654312,2017-11-01
1509580800000,386498.01,404710.0,440881.6679,383001.0,305.73816216,2017-11-02
1509667200000,404570.00404571,409899.01,429000.1,398001.0,460.76277649,2017-11-03
1509753600000,409899.00999999,421521.99,425000.0,402134.99,442.93701136,2017-11-04
1509840000000,421521.99000002,429280.0,437800.0,418600.0,435.59601674,2017-11-05
1509926400000,431000.0,413213.6479798,436000.0,405000.0,436.65381799,2017-11-06
1510012800000,413182.8619192,411630.0,425000.0,409000.0,426.09816847,2017-11-07
1510099200000,411998.86891428,421000.0,436900.0089899,409100.0,380.54832828,2017-11-08
1510185600000,421000.0,405999.0,426000.0,402356.9710101,459.673823,2017-11-09
1510272000000,405999.0,384308.0010101,411328.8943087,360000.0,488.62897847,2017-11-10
1510358400000,384311.0,367686.063032,390924.99999999,360001.13,458.22378999,2017-11-11
1510444800000,368638.0,345989.10999996,385000.0,330053.9810101,451.37024935,2017-11-12
1510531200000,345987.12999998,381760.0,393690.0,340022.78000022,478.7332158,2017-11-13
1510617600000,382077.5585859,386240.99,393000.0,375001.0,475.5641908,2017-11-14
1510704000000,386240.99,415550.0,420000.0,386240.99,478.40815087,2017-11-15
1510790400000,415670.0,432590.0,436500.0,410000.0,478.50427193,2017-11-16
1510876800000,433746.8616,433502.99,439200.0,423000.0,481.93308321,2017-11-17
1510963200000,433502.99,432515.0,437000.0,428100.0,449.28994582,2017-11-18
1511049600000,432515.0,439378.9999991,441989.99,420000.0,419.72427829,2017-11-19
1511136000000,439300.0,447991.0247899,449950.0,436400.99202021,447.0745497,2017-11-20
1511222400000,447417.0,454369.0235,454921.98397475,437000.0,367.82773282,2017-11-21
1511308800000,450335.4591651,450450.0,454439.07999992,444450.0,404.15869069,2017-11-22
1511395200000,451410.0,450036.96790002,456070.0,448000.0,470.59421944,2017-11-23
1511481600000,451233.434917,452500.0,464000.0,448750.0001,470.99901098,2017-11-24
1511568000000,452500.0,481257.687595,481257.687595,450800.0,433.35455695,2017-11-25
1511654400000,481257.68759518,503000.0,516999.0,478969.79760001,471.46991317,2017-11-26
1511740800000,503071.0,540000.0,546835.87331999,503071.0,509.20211208,2017-11-27
1511827200000,540000.0,566726.070959,568301.51454,535112.0,363.47164298,2017-11-28
1511913600000,566726.070959,574408.44909741,638900.0,517030.30000001,542.76257422,2017-11-29
1512000000000,577294.023716,587411.742654,619388.4834,530000.0,520.01797512,2017-11-30
1512086400000,586300.0,615457.0,621500.0,560033.90531249,501.37040326,2017-12-01
1512172800000,614966.0,635899.1,638999.0,610000.0,457.89839801,2017-12-02
1512259200000,635899.1,664880.0,692142.38047,632500.0,474.2219272,2017-12-03
1512345600000,663453.0,679300.00001,684400.0,654926.20563,480.83045554,2017-12-04
1512432000000,679965.0,698505.0,707032.84973,678439.850125,495.96142969,2017-12-05
1512518400000,701217.9754,836160.0,871185.556985,698505.0,549.07401682,2017-12-06
1512604800000,840379.5285962,1053660.840101,1100000.0,825000.0,498.66169569,2017-12-07
1512691200000,1053660.86174872,991408.9010101,1080000.0,880000.0,539.46718521,2017-12-08
1512777600000,991408.9010101,920000.0,999999.999,805001.0,505.73571141,2017-12-09
1512864000000,920000.0,950001.010101,978939.99989999,850001.0,114.70087185,2017-12-10
1512950400000,954011.06515389,1000301.5124404,1049998.0,952132.32978,533.82940931,2017-12-11
1513036800000,1005999.0989899,989436.771495,1020000.0,968000.0,477.43509983,2017-12-12
1513123200000,992899.800195,975019.928284,1010000.0,960000.0,427.67613098,2017-12-13
1513209600000,980992.789899,1000001.9010101,1005965.0,970000.0,466.43878976,2017-12-14
1513296000000,1000001.9010101,1084006.48484813,1122974.45179999,999950.0010101,530.22690848,2017-12-15
1513382400000,1080550.0,1182717.00108571,1200000.0,1055899.0,423.43431497,2017-12-16
1513468800000,1182426.79978,1172500.0,1200000.0,1146965.62997669,489.43490444,2017-12-17
1513555200000,1177400.0,1140112.77935589,1181111.0,1117570.79700975,454.10100746,2017-12-18
1513641600000,1140112.77935583,1083527.26465,1145899.9565656,1050008.80564021,517.26461611,2017-12-19
1513728000000,1083528.34817726,1019774.24818279,1100000.0,970000.0,328.46665669,2017-12-20
1513814400000,1019774.24818279,923846.72514084,1043988.0,900000.0,463.64804259,2017-12-21
1513900800000,923853.73333863,826461.6882912,945000.0,665555.0,588.92322393,2017-12-22
1513987200000,826458.07617,883799.0,945000.0,820148.05729,372.6282084,2017-12-23
1514073600000,888589.6958586,855048.5,904300.0,800001.00000001,367.41055048,2017-12-24
1514160000000,855054.7939395,855623.78841659,899999.99999999,833751.411426,341.23402294,2017-12-25
1514246400000,855623.788417,949910.58889715,990000.0,850000.0,368.07353757,2017-12-26
1514332800000,955971.1280471,940002.8675711,985000.0,890000.0,246.32047201,2017-12-27
1514419200000,940002.14653333,901902.892384,968000.0,880000.0,330.35756979,2017-12-28
1514505600000,901902.892384,895707.0,930000.0,872494.063811,274.70448846,2017-12-29
1514592000000,899975.6727256,835467.0,899975.6727256,800000.0,136.58080516,2017-12-30
1514678400000,830843.45931803,870000.0,910900.0,805000.0,169.93570207,2017-12-31
1514764800000,870000.0,841804.180322,880364.17839,829953.50728995,143.89708902,2018-01-01
1514851200000,843964.0,877112.2436047,939999.0,814000.0,188.84812035,2018-01-02
1514937600000,883346.15228381,880358.0,909498.98887999,853401.85341001,100.38517407,2018-01-03
1515024000000,882999.117,906680.043912,925000.0,828000.0,184.06943483,2018-01-04
1515110400000,909852.520916,1053380.0,1079200.0,892229.16180881,486.30848515,2018-01-05
1515196800000,1054485.549495,1027910.6595962,1054485.549495,961000.0,480.89688561,2018-01-06
1515283200000,1027903.4333336,961015.06445603,1028997.16292011,940000.0,436.80968095,2018-01-07
1515369600000,959000.00959001,924656.0559138,965351.801313,830743.16688,475.0875638,2018-01-08
1515456000000,925001.9220202,881400.0,950000.0,869936.77814,462.78965034,2018-01-09
1515542400000,886358.1639499,895461.32525122,899999.99999999,820000.0,499.95997949,2018-01-10
1515628800000,895460.4242,819654.4120202,899770.07019564,757270.6249,419.00168172,2018-01-11
1515715200000,820437.0,828756.0,840000.0,797000.00000001,475.83815905,2018-01-12
1515801600000,830812.35757309,818483.0,843500.0,815000.0,470.97044241,2018-01-13
1515888000000,820233.0,796205.47296943,823231.50987474,762194.0,474.10281536,2018-01-14
1515974400000,796211.80024213,805577.0,831869.83589,790442.13328899,415.45425001,2018-01-15
1516060800000,808998.9404539,716782.65968432,820600.0,650000.0,478.04596824,2018-01-16
1516147200000,710003.60000403,685680.222879,746147.82333112,532000.00001,559.52984567,2018-01-17
1516233600000,685678.6291142,725107.0,750000.0,639678.0,491.47789537,2018-01-18
1516320000000,726387.66717171,726110.0,774432.0,700152.00000001,465.77097008,2018-01-19
1516406400000,727290.0,786001.0,792294.4,722530.77397825,481.90328245,2018-01-20
1516492800000,786920.0,723780.3407932,790099.9616162,700000.0,480.7788819,2018-01-21
1516579200000,723765.032711,683197.2409741,750000.0,650180.17,476.12145537,2018-01-22
1516665600000,683240.7152522,663399.0,687896.312103,604880.0,488.05227551,2018-01-23
1516752000000,662310.0,678349.02717456,691000.0,650000.0,432.5778321,2018-01-24
1516838400000,678355.81073267,661940.0,688999.289999,651000.0,419.83073479,2018-01-25
1516924800000,662610.0,645719.0,681572.89057232,624119.60053451,473.90176921,2018-01-26
1517011200000,646125.6322,649857.4599394,670500.0,634359.4949494,451.43536619,2018-01-27
1517097600000,648050.0,639746.01911058,667100.0,636500.0,429.31500754,2018-01-28
1517184000000,640590.453004,628890.0,646310.0,620001.0,461.3066089,2018-01-29
1517270400000,628560.0,580000.92323236,632033.37282617,557001.0000101,408.13436386,2018-01-30
1517356800000,580000.0010101,564010.60082439,614510.0,552300.0,457.71796476,2018-01-31
1517443200000,564010.60082439,476712.226178,568330.64584743,475983.01453556,385.45925173,2018-02-01
1517529600000,479995.4797779,515350.0,550000.0,413520.0,443.75030234,2018-02-02
1517616000000,515198.65210114,516484.0,540000.0,489000.0,467.33401326,2018-02-03
1517702400000,514845.3,492071.43247275,527573.58213067,467501.0010101,466.23644589,2018-02-04
1517788800000,492071.43247275,421256.0,493784.80370371,410212.685976,496.76341936,2018-02-05
1517875200000,420000.91000202,432753.60436237,443296.6053,344445.0,547.7107703,2018-02-06
1517961600000,432753.60234017,444363.66835899,483582.46012,365220.0,501.56718139,2018-02-07
1518048000000,444680.0,471397.0,482500.0,440101.0091701,473.71062239,2018-02-08
1518134400000,471189.0,476020.0,483509.7955082,453718.87653852,468.98436713,2018-02-09
1518220800000,473706.02418823,484792.0,512571.94341114,470001.01000001,491.40290389,2018-02-10
1518307200000,485110.0,470570.0,487675.33390405,453000.0,468.87964247,2018-02-11
1518393600000,470569.099953,496499.8534744,500100.0,468260.0,464.02653683,2018-02-12
1518480000000,496499.7857717,486208.0,509230.0,480000.0,459.097553,2018-02-13
1518566400000,486089.0,510000.0,515000.0,484700.0,466.47315894,2018-02-14
1518652800000,510001.0,548557.0,555000.0,503475.850271,485.8234815,2018-02-15
1518739200000,548000.0,550009.35498636,555000.0,532000.0,453.337876,2018-02-16
1518825600000,550906.0,599236.70745847,599236.70745847,546202.35631749,469.346062,2018-02-17
1518912000000,597510.0,578679.41173836,609012.35879999,564242.30572,474.71699394,2018-02-18
1518998400000,578677.00003,599612.45262799,606000.0,571300.00000001,459.26456849,2018-02-19
1519084800000,600000.0,616663.0,632800.0,596000.00000035,484.77765796,2018-02-20
1519171200000,615161.52916181,579990.0,628383.17096696,570000.0,477.0168269,2018-02-21
1519257600000,579990.0,551320.0,607799.9838284,545556.0,466.19960607,2018-02-22
1519344000000,551540.0,567550.0,577637.92504599,540000.0,454.87079217,2018-02-23
1519430400000,566076.0,540881.92309165,577000.0,530000.0,457.50563215,2018-02-24
1519516800000,542180.0,530134.49174,549989.3955195,515508.73943,449.57689221,2018-02-25
1519603200000,530134.49175,550787.0,556799.9999999,511000.00000016,461.52123241,2018-02-26
1519689600000,551030.0,564529.069098,570000.0,539461.444695,467.77584639,2018-02-27
1519776000000,564142.75579324,548495.0,577067.31512747,547000.0,462.80879809,2018-02-28
1519862400000,548409.0,567880.0,573180.752512,538300.0,466.8948148,2018-03-01
1519948800000,568020.0,575990.0,579994.99999999,561300.00001,449.93300059,2018-03-02
1520035200000,575413.0,596090.0,600800.0,575123.83502843,462.62033496,2018-03-03
1520121600000,596090.349333,597363.0,599900.0,579000.0,446.76230599,2018-03-04
1520208000000,598117.0,594532.00000001,600000.0,581000.0,484.82250458,2018-03-05
1520294400000,594532.00000001,563395.0,595792.44396999,559000.0,456.98098694,2018-03-06
1520380800000,563090.0,539710.0,578765.0,520210.7621,464.44953372,2018-03-07
1520467200000,539710.0,521740.0,551828.27054752,512300.0,466.88475064,2018-03-08
1520553600000,521000.0010101,518520.0,526794.95403808,472910.90000001,482.55563573,2018-03-09
1520640000000,517363.46796855,489200.0,527800.0,486000.0,464.69135723,2018-03-10
1520726400000,488077.0,529648.0,539799.9999999,475711.7626287,474.7999559,2018-03-11
1520812800000,529550.0,507813.0,543800.0,491000.00000001,457.02904186,2018-03-12
1520899200000,508305.8981,509210.0,523630.0,501000.0,364.10118959,2018-03-13
1520985600000,510489.0,469839.0,518519.62213359,460000.0,447.13224808,2018-03-14
1521072000000,469330.0,461050.0,477585.67557,437843.30649701,479.11474652,2018-03-15
1521158400000,459792.613776,463598.0,475800.0,448000.0,461.07679155,2018-03-16
1521244800000,462582.9,441056.0,464875.6824499,435027.01821432,450.1490718,2018-03-17
1521331200000,439492.9020202,450497.7475,453000.0,407365.00000001,412.81521799,2018-03-18
1521417600000,450200.0,467893.0,476233.451,447408.60404041,445.73864749,2018-03-19
1521504000000,468828.498398,485171.92845929,493799.99999,458188.952442,429.52574456,2018-03-20
1521590400000,488901.90041799,486769.70698239,499989.99999999,478890.0,357.30111395,2018-03-21
1521676800000,485000.0,481446.50913366,495630.43,468900.0,290.9091474,2018-03-22
1521763200000,483716.0,485500.0,485500.0,458900.00000012,443.8544969,2018-03-23
1521849600000,485500.0,469235.85217,488800.0,468355.29,447.87353599,2018-03-24
1521936000000,469235.85217,462960.0,472113.63942,460000.00000001,444.17361498,2018-03-25
1522022400000,462492.0,456602.39096477,465369.04999889,436102.0,462.09498955,2018-03-26
1522108800000,456602.43444,444675.0,465000.0,440481.40453076,447.38324842,2018-03-27
1522195200000,444940.0,451613.0,461199.95338014,444014.24961039,442.51096094,2018-03-28
1522281600000,451740.0,408207.0,452297.73849944,399822.211894,467.38118481,2018-03-29
1522368000000,407451.0,390912.23686099,415601.82236932,378337.86467256,477.24644626,2018-03-30
1522454400000,389609.0,390122.7089899,402441.98778,383481.98298311,465.54421091,2018-03-31
1522540800000,390739.29038773,378038.8537647,394000.0,361424.00000001,168.22802093,2018-04-01
1522627200000,379749.39040937,385699.95451249,391683.16618386,376900.000001,141.31033501,2018-04-02
1522713600000,385270.0,398390.0,402800.0,382983.26251,464.88424024,2018-04-03
1522800000000,398025.0,367592.8727272,398625.66015439,364520.12000001,457.35133834,2018-04-04
1522886400000,368366.5882392,373050.74,380999.99999999,359799.0,344.08802479,2018-04-05
1522972800000,370242.32003,366630.0,376000.0,363457.96421983,383.92731239,2018-04-06
1523059200000,365800.97123,374840.0,384000.0,365795.48,452.12214013,2018-04-07
1523145600000,374924.0,375020.0,381494.79,372770.000001,439.8953203,2018-04-08
1523232000000,374630.0,372304.929757,382500.0,361553.17633264,336.66593356,2018-04-09
1523318400000,372327.737559,401234.59127564,403670.50630715,370401.21000003,369.91610068,2018-04-10
1523404800000,401232.30116263,413044.0,419999.99999999,399390.21199218,419.11758397,2018-04-11
1523491200000,412777.0,452703.9345634,458000.0,401000.0,510.38778403,2018-04-12
1523577600000,452687.7194009,455276.0,468651.60000001,438565.40505052,516.36437189,2018-04-13
1523664000000,456700.0,454901.3864703,467499.99999999,451839.79439,456.08611793,2018-04-14
1523750400000,456357.0,476700.0,481375.36692,456330.0,448.90385121,2018-04-15
1523836800000,476829.0,465585.21938133,479171.28638128,460000.0,437.35086188,2018-04-16
1523923200000,467832.28656084,458187.0,470392.3,455932.18507258,439.86250568,2018-04-17
1524009600000,457733.0,459075.999999,467000.0,454000.0010101,445.82927208,2018-04-18
1524096000000,460080.0,464869.0,467562.30562034,457362.28680115,419.79657838,2018-04-19
1524182400000,467092.99352864,500000.0,500000.0,463118.48722139,459.13933345,2018-04-20
1524268800000,499116.0,499833.481789,507800.0,482769.44865,454.44463561,2018-04-21
1524355200000,497979.0,501000.0161776,509082.37694589,497098.942241,446.50822886,2018-04-22
1524441600000,503188.0,510064.96376056,511893.74326789,500398.6582609,452.44580843,2018-04-23
1524528000000,511003.0,554140.0,554800.0,509683.9293419,463.26857798,2018-04-24
1524614400000,553889.53492774,514936.399993,560939.74999,505830.16811,475.25563353,2018-04-25
1524700800000,512842.41087877,537795.76406019,538188.52019889,500791.10908518,462.94446107,2018-04-26
1524787200000,537790.36001879,517411.0,540688.81154243,516600.0,445.39837113,2018-04-27
1524873600000,516784.0,535876.39696969,539037.2295,515151.0,446.03280109,2018-04-28
1524960000000,535837.79697,536510.0,538123.101012,528000.0,435.07458539,2018-04-29
1525046400000,537489.0,537840.0,540688.0,527263.7435799,444.49532123,2018-04-30
1525132800000,537919.0,532941.62531426,537919.0,523224.68090473,357.22568724,2018-05-01
1525219200000,531257.20343318,537719.0,539467.6978,527010.00001001,427.16165717,2018-05-02
1525305600000,538022.0,561800.0,562800.0,533501.0,452.52776354,2018-05-03
1525392000000,561527.07183706,566350.0,567947.03747048,549439.0,461.46548147,2018-05-04
1525478400000,566350.0,572085.0,579200.0,563070.2959675,438.02718479,2018-05-05
1525564800000,572122.0,566675.0,574997.12499983,555213.02417502,447.78505698,2018-05-06
1525651200000,567000.0,558119.0,567800.0,550360.0,448.39359282,2018-05-07
1525737600000,558238.0,554852.14244828,566000.0,549094.68251902,444.58445864,2018-05-08
1525824000000,556030.0,560560.0,561095.54455031,548597.82699999,439.37958775,2018-05-09
1525910400000,560122.0,548913.0,562020.00000001,546360.0,397.17310414,2018-05-10
1525996800000,549500.0,520954.52,549500.0,519365.19361429,467.93590328,2018-05-11
1526083200000,520957.12477462,523802.97493161,535000.0,510360.00002,454.66283785,2018-05-12
1526169600000,523802.974932,532811.0,537800.0,518000.0,450.46255363,2018-05-13
1526256000000,532883.345508,518232.0,535699.09999999,515000.0,466.69095112,2018-05-14
1526342400000,517000.0,504668.5879788,520945.8678354,500897.21,446.47144519,2018-05-15
1526428800000,502963.0,498330.0,504831.8417,484534.880001,450.29977205,2018-05-16
1526515200000,497067.2910111,485690.0,505495.67250863,483053.14428824,444.76931458,2018-05-17
1526601600000,485159.030001,495460.0,497890.72684975,481000.90000003,437.48821646,2018-05-18
1526688000000,496684.0,493217.24,500000.0,488725.06653815,387.70498598,2018-05-19
1526774400000,495070.0,510000.0,513550.0,491736.539085,419.04545597,2018-05-20
1526860800000,509370.0,501805.19989,510880.0,498350.0,430.26024141,2018-05-21
1526947200000,501410.0,478413.0,501805.21,477656.20312765,425.31960454,2018-05-22
1527033600000,477931.72805413,458446.03668929,483932.93419388,454073.19977,475.11678451,2018-05-23
1527120000000,458720.0,460213.3512231,470838.220976,447476.12837955,447.64901489,2018-05-24
1527206400000,460218.0160636,461607.0,465297.6488889,450607.1313831,448.23379775,2018-05-25
1527292800000,462050.0,456310.0,469239.83143763,454209.01228914,444.78110234,2018-05-26
1527379200000,455000.0,456062.99562729,458318.3888769,451000.0,436.51381935,2018-05-27
1527465600000,454631.0,445170.0,459257.76102068,444204.6080888,445.24703496,2018-05-28
1527552000000,445270.0,465577.0,471254.65249484,442642.37558201,445.68141105,2018-05-29
1527638400000,464089.00004,459420.0,471457.47917227,451360.0,446.19890496,2018-05-30
1527724800000,458460.9576021,464134.674911,473035.81694,457000.0,186.96108586,2018-05-31
1527811200000,461356.08105657,463743.88658226,468687.6109302,454214.36264559,119.33154801,2018-06-01
1527897600000,463598.31925874,468129.559423,472100.02910894,460535.45456542,165.70111292,2018-06-02
1527984000000,468090.85936445,472845.35855629,477767.42988,465640.65756703,436.81656284,2018-06-03
1528070400000,472852.11371691,461270.0,476363.86452,460000.0,443.70163148,2018-06-04
1528156800000,460653.620001,463728.81002,468502.6484211,454100.0,443.26875613,2018-06-05
1528243200000,463736.040001,460000.4,465988.2,452502.3837033,434.15351599,2018-06-06
1528329600000,459992.0,459158.54246725,465626.72489097,458547.30272069,389.12694678,2018-06-07
1528416000000,459530.02754801,467741.0,476628.02542655,458000.0,353.31621676,2018-06-08
1528502400000,467285.0,461947.0,475537.38147,461360.0,398.55531403,2018-06-09
1528588800000,463217.63194162,423118.5135,463217.63194162,419460.01627579,434.4553611,2018-06-10
1528675200000,423118.5135,435131.50009,436000.0,420336.70888888,462.99143313,2018-06-11
1528761600000,436000.0,414940.0,436673.71121577,411327.811338,532.84675806,2018-06-12
1528848000000,414157.100018,400312.0,418784.13473684,391121.9,522.28157309,2018-06-13
1528934400000,401521.07465492,421418.37863206,426500.34,399128.05901,530.81429232,2018-06-14
1529020800000,421418.37863206,406360.0,423287.53571165,406360.0,527.89722836,2018-06-15
1529107200000,406770.0,413603.97385,416800.0,405002.02500022,518.07768207,2018-06-16
1529193600000,414530.0,409540.0,418163.59648,409030.95313958,505.97775872,2018-06-17
1529280000000,409680.0,422013.0,427000.0,405419.56011169,515.24146238,2018-06-18
1529366400000,423059.0,425630.0,435498.822495,421563.81366,518.08459942,2018-06-19
1529452800000,426620.0,424146.7899721,430297.84849886,417511.44569554,500.95656025,2018-06-20
1529539200000,425995.499994,427455.87430786,430500.0,423500.00000001,517.50079359,2018-06-21
1529625600000,427325.0,389413.0410567,428240.0,385000.0,535.93428501,2018-06-22
1529712000000,390546.0,400781.99998095,404406.61494534,389400.9,449.34683386,2018-06-23
1529798400000,400150.0,402236.0,407686.98742106,380309.0,531.44286113,2018-06-24
1529884800000,402570.0,402630.0,410927.75612,397170.81216958,456.37297564,2018-06-25
1529971200000,401594.5446,389670.0,404561.12259178,389670.0,480.16919747,2018-06-26
1530057600000,390245.0,391530.0,392954.80580386,384538.07087903,454.25937617,2018-06-27
1530144000000,390313.473135,372339.0,392190.8046241,371225.0,417.73301233,2018-06-28
1530230400000,373269.72608023,391842.0,394699.52972512,368090.5650515,473.45752229,2018-06-29
1530316800000,392851.14260153,400390.0,408230.34045628,391777.0,498.32741868,2018-06-30
1530403200000,400170.0,393777.0,402236.57316648,389064.22222925,413.54641093,2018-07-01
1530489600000,393632.0,412921.29807296,417776.87777777,391260.90000001,214.92853154,2018-07-02
1530576000000,412921.29807296,407130.0,416800.94729002,406291.1,360.19479483,2018-07-03
1530662400000,408972.999919,412910.0,422199.99999999,404040.9,370.60108849,2018-07-04
1530748800000,411505.05752112,411264.14876001,417935.08499,406366.09546,526.29345046,2018-07-05
1530835200000,412330.0,416840.0,419276.02578706,406529.00014,525.42949292,2018-07-06
1530921600000,417048.0,424217.0,425244.3303563,410620.9,525.21073869,2018-07-07
1531008000000,423978.399968,422140.0,430229.39178,421514.50562,532.61947583,2018-07-08
1531094400000,422846.0,414200.97829851,423634.22634,412736.70841,504.56002728,2018-07-09
1531180800000,414560.0,395805.0,417470.0,394360.0,412.97110852,2018-07-10
1531267200000,394439.84858938,400961.0,402483.74015919,393657.74572187,436.19010097,2018-07-11
1531353600000,399720.14148701,393288.0,401271.48432735,386000.9,434.67324423,2018-07-12
1531440000000,393543.0,391257.0,396980.64,385451.00002021,553.19023759,2018-07-13
1531526400000,391080.0,393950.9,396024.22737998,386500.0,378.05099545,2018-07-14
1531612800000,394230.0,397717.13630434,402309.53136499,393007.27777774,225.85368937,2018-07-15
1531699200000,397724.71351287,416400.0,416400.0,396661.10000019,478.61213702,2018-07-16
1531785600000,415364.0,451026.509998,453988.0,392000.0,560.84968205,2018-07-17
1531872000000,450982.3089899,448343.0,463199.99999999,440000.0,431.98523741,2018-07-18
1531958400000,449010.0,455363.0,459624.97235118,443950.383,578.66999879,2018-07-19
1532044800000,455043.96400452,450060.0,465798.1979778,446390.0,486.10338503,2018-07-20
1532131200000,450477.13293104,455000.000011,456900.0,445000.0,396.04654214,2018-07-21
1532217600000,455315.0,452870.0,463069.0,451452.257251,503.58867921,2018-07-22
1532304000000,452630.0,469387.82322915,474792.51182821,452250.00202021,483.51179313,2018-07-23
1532390400000,470992.0,512800.0,514794.72600409,468815.0,381.38752024,2018-07-24
1532476800000,512800.0,499100.0,517769.16936599,490354.77175001,508.1477529,2018-07-25
1532563200000,499604.88701546,492018.06406997,510836.0,488000.0,483.12238812,2018-07-26
1532649600000,492018.06406997,505040.0,510583.386435,485809.08705448,428.09898365,2018-07-27
1532736000000,506370.0,508998.09999999,509999.99999999,501360.0,353.05476056,2018-07-28
1532822400000,508210.0,509393.91961096,511500.0,503777.0,492.07983319,2018-07-29
1532908800000,509393.91961096,506264.0,511520.0,487777.0,355.09372451,2018-07-30
1532995200000,505970.0,487110.0,506886.38678979,481250.00000001,420.45996424,2018-07-31
1533081600000,487404.09134298,480780.0,488358.91035765,472070.0,477.78203582,2018-08-01
1533168000000,480059.06650698,478947.56103182,487123.0,476231.02207096,421.51585163,2018-08-02
1533254400000,481571.469998,472660.0,481571.469998,465317.893661,399.71797939,2018-08-03
1533340800000,472660.0,446470.0,476706.0,443821.57325303,493.89239959,2018-08-04
1533427200000,445712.79825009,446860.0,452479.99999999,441000.0,421.71298349,2018-08-05
1533513600000,447000.89622388,442180.0,455573.25144315,437800.0,458.55054806,2018-08-06
1533600000000,441650.0,431413.0,454199.99999999,428729.0,331.35389434,2018-08-07
1533686400000,431000.0,415441.30426832,432544.23089086,405000.00000001,500.62229861,2018-08-08
1533772800000,414323.0,443104.823847,447999.99999999,414143.00384401,318.40492243,2018-08-09
1533859200000,443560.0,429029.0,446877.53884086,420000.0,351.97900766,2018-08-10
1533945600000,429728.31198241,441000.0,452333.0,421800.0,325.25205663,2018-08-11
1534032000000,441402.279964,447751.4546432,455732.64285546,436955.259005,323.78723885,2018-08-12
1534118400000,448233.0,441668.70566393,461606.0,435965.96542222,349.75716494,2018-08-13
1534204800000,441627.639791,427666.0,441627.639791,416478.5708,367.23708893,2018-08-14
1534291200000,429123.69306011,430947.65448469,451000.0,423594.0,358.05249434,2018-08-15
1534377600000,428199.59906718,428270.0,439499.99999998,424000.0,317.77078075,2018-08-16
1534464000000,429010.00645806,443975.39992,444869.87636789,425962.25712995,303.35310511,2018-08-17
1534550400000,442840.0,435050.0,444999.1,429200.0,318.38130542,2018-08-18
1534636800000,435548.0,444749.999971,446205.0,430500.0,309.0968381,2018-08-19
1534723200000,442886.00285099,429269.30389059,445950.6200208,429099.1,406.00453327,2018-08-20
1534809600000,429266.257544,441067.26841368,444735.69622992,429266.257544,386.06928724,2018-08-21
1534896000000,442965.33577429,439750.0,469888.0,434799.09999998,426.69339842,2018-08-22
1534982400000,440986.77323176,450019.80031602,453000.0,440000.0,423.02262824,2018-08-23
1535068800000,450492.0,456714.16390325,456769.0,444000.0,414.8277831,2018-08-24
1535155200000,455370.0,458250.0,460792.799989,452909.29929201,406.34851027,2018-08-25
1535241600000,457286.0,453839.0,459500.2989899,447200.0,401.90757661,2018-08-26
1535328000000,454563.0,466820.0,468000.0,452566.23172812,444.13173711,2018-08-27
1535414400000,468000.0,480294.0,483359.99999999,465470.65705289,582.07677779,2018-08-28
1535500800000,479840.0,479294.0,483642.04943108,471800.9,538.25370719,2018-08-29
1535587200000,479924.929533,478800.0,480999.99994,466011.70002503,565.75133949,2018-08-30
1535673600000,478330.0,478499.08557502,480000.0,470000.0,588.79680335,2018-08-31
1535760000000,477970.0,487230.0,490126.43748542,475139.05864872,573.0667964,2018-09-01
1535846400000,486320.0,492700.0,496196.3959596,482354.27478271,546.75129526,2018-09-02
1535932800000,493884.0,495000.0,500000.0,488888.00000001,467.88045571,2018-09-03
1536019200000,495000.0,500300.00000001,505000.0,493254.9325407,433.31937132,2018-09-04
1536105600000,500319.1,465600.0,505000.0,463200.0,500.63984878,2018-09-05
1536192000000,465600.0,459948.60100695,465600.0,440000.17171701,471.45776014,2018-09-06
1536278400000,459935.00150842,461908.11172322,464693.80755578,449200.0,536.33340108,2018-09-07
1536364800000,460570.0,448500.0,465627.22200377,445300.00000001,534.86424651,2018-09-08
1536451200000,448500.0,451547.0,466458.12608742,447557.17553289,492.08926973,2018-09-09
1536537600000,453514.15542864,459242.58723432,461276.00139377,451753.11442158,578.18994715,2018-09-10
1536624000000,459242.58723267,452640.0,463399.99999999,448184.90337819,455.15528295,2018-09-11
1536710400000,452220.0,451520.0,456199.99999999,445990.00000001,509.08520683,2018-09-12
1536796800000,452200.0,459360.0,460713.530859,450587.01265832,479.29758504,2018-09-13
1536883200000,458440.0,457330.0,465000.0,450000.0,454.75264213,2018-09-14
1536969600000,459121.30378381,457830.24702301,461928.22740154,455260.00000002,482.70625637,2018-09-15
1537056000000,457830.24702301,457450.0,459799.1,451481.05342163,496.56533713,2018-09-16
1537142400000,457000.0,441245.0,458863.99999961,439000.0,470.23816822,2018-09-17
1537228800000,440000.00000015,443231.0,444983.95016964,436831.21,474.97016857,2018-09-18
1537315200000,440290.3414184,439890.0,449873.63276427,425300.0,498.68318883,2018-09-19
1537401600000,440250.0,440054.57688801,443000.0,432442.47479889,460.74028522,2018-09-20
1537488000000,440449.9999997,451270.0,456997.715,440055.47688801,457.46932054,2018-09-21
1537574400000,452897.73549943,451496.8425,457124.59999992,444860.0,488.05973115,2018-09-22
1537660800000,450050.0,449561.29968659,454904.38482627,445652.22825001,470.13339763,2018-09-23
1537747200000,449561.29968659,440794.33263457,451321.58370737,437999.1,501.01050563,2018-09-24
1537833600000,439980.0,430916.36655391,440766.12079038,426272.13135053,469.08548624,2018-09-25
1537920000000,431120.0,437301.0,443478.66603308,428999.0558328,443.32731219,2018-09-26
1538006400000,435778.16,447140.0,451245.67672799,433967.67790315,436.59872079,2018-09-27
1538092800000,447964.12299858,444194.0,454000.0,437070.0,397.968665,2018-09-28
1538179200000,444490.0,439395.0,444627.50008655,433500.0,305.73074138,2018-09-29
1538265600000,438913.15610268,441013.0,442862.71755603,435951.579929,412.4836576,2018-09-30
1538352000000,440576.0,436000.0,452000.0,430000.0,355.112806,2018-10-01
1538438400000,434465.98894243,436246.09699175,440376.61418326,432272.16135001,256.93377677,2018-10-02
1538524800000,437972.13729057,437240.0,438899.99999999,430771.00000001,407.17666065,2018-10-03
1538611200000,438000.0,445528.81000994,450010.50666085,436075.36464269,424.60742505,2018-10-04
1538697600000,446999.1,444802.7000001,449627.64855972,441228.1,418.99786589,2018-10-05
1538784000000,445266.0,445199.1,446832.26982086,441035.69675699,497.16666461,2018-10-06
1538870400000,444014.0,444180.0,446536.3072505,440000.1,476.76617117,2018-10-07
1538956800000,443964.78516876,447400.0,451500.0,443035.40965005,464.29860152,2018-10-08
1539043200000,447500.0,446398.0,449842.51394969,442508.52860885,481.80978995,2018-10-09
1539129600000,446610.0,446061.80117859,448200.0,437550.000001,475.91317396,2018-10-10
1539216000000,447315.2094377,426935.92189595,447502.94127072,423100.0,533.2425424,2018-10-11
1539302400000,426935.92184095,430499.99999988,433668.52875103,425000.00002404,512.52173391,2018-10-12
1539388800000,429500.0000013,430651.06511617,433499.0,429500.0,448.27289768,2018-10-13
1539475200000,430651.06511617,433160.0,440052.17118036,430009.90002506,497.37154186,2018-10-14
1539561600000,433845.076145,443083.057533,493225.61214917,432307.0,653.00258028,2018-10-15
1539648000000,443096.800012,444103.69224413,462220.0,440200.0,459.36597724,2018-10-16
1539734400000,444103.69224414,442193.83903241,450000.0,435004.52957383,484.38341813,2018-10-17
1539820800000,442193.8390324,439905.17610803,444999.1,439905.17610803,212.86277525,2018-10-18
1539907200000,440150.900001,435715.64280757,441890.0,432026.83126608,303.30810599,2018-10-19
1539993600000,434866.30000404,437500.0,439221.89659582,434000.00001402,441.75923294,2018-10-20
1540080000000,437500.0,437376.0,441412.15724566,437000.0,472.65308581,2018-10-21
1540166400000,437050.0,434758.8013822,440510.20542374,433700.24604983,425.36353896,2018-10-22
1540252800000,434806.875335,434597.13324122,438000.0,432465.97671606,477.018549,2018-10-23
1540339200000,435252.0,436500.0,438699.99999999,433592.17093468,477.77736221,2018-10-24
1540425600000,435390.0,432900.0,437452.33600979,432600.00000001,440.13965341,2018-10-25
1540512000000,432900.0,434480.0,446000.0,432300.10000711,339.21339922,2018-10-26
1540598400000,434829.99621899,433790.0,435397.6242025,431000.00000001,427.49311064,2018-10-27
1540684800000,434254.43217,433250.566749,435751.55235767,431000.0,432.80954886,2018-10-28
1540771200000,433250.566749,425180.0,434190.19818199,421600.0,420.13714855,2018-10-29
1540857600000,424128.8616549,423257.053003,427137.16540961,421115.87335038,423.59030599,2018-10-30
1540944000000,421710.0,425050.00000001,440000.0,418500.0,380.06113763,2018-10-31
1541030400000,425652.602598,424966.56830818,427123.88232198,422058.42115924,578.48359828,2018-11-01
1541116800000,424972.94356097,427590.0,430389.86163652,423303.47434724,319.94699107,2018-11-02
1541203200000,428000.0,424289.40578025,428999.99999999,422500.0,469.74291319,2018-11-03
1541289600000,424339.80589625,430022.799635,434137.38138311,423000.0,415.80021869,2018-11-04
1541376000000,429300.0,428568.87150201,433589.99999999,427000.0,469.00084197,2018-11-05
1541462400000,428568.87150202,429752.499581,430000.0,425800.0,455.84601489,2018-11-06
1541548800000,429440.0,435530.0,437449.99999999,428111.07412113,438.84849308,2018-11-07
1541635200000,435758.799595,434040.0,437355.56053741,431500.00000001,448.97253679,2018-11-08
1541721600000,432859.29305696,437248.70524493,438276.73097049,431437.26015427,427.3483998,2018-11-09
1541808000000,436730.0,438570.0,441092.63828181,435300.0,435.59780755,2018-11-10
1541894400000,438000.000001,439862.78790268,440811.01784035,434732.17365008,435.65905548,2018-11-11
1541980800000,439864.0872385,436000.00001601,441844.59998893,435502.17751676,453.12972047,2018-11-12
1542067200000,437417.0,440080.49910792,441699.99999999,435150.00000001,422.20833989,2018-11-13
1542153600000,439740.0,406433.462947,441500.0,400000.0,387.85263933,2018-11-14
1542240000000,406425.56647812,395995.355983,414469.558332,378143.92629237,426.47129954,2018-11-15
1542326400000,396000.0,392304.51677652,404560.0,385470.31430023,472.72869981,2018-11-16
1542412800000,390610.0,389210.0,392499.99999999,385732.15905772,447.19425131,2018-11-17
1542499200000,389549.999431,392624.31642401,397747.29999995,388540.90000003,429.48855937,2018-11-18
1542585600000,391598.0,336525.782127,392240.0,335000.0,533.13130961,2018-11-19
1542672000000,337420.0,312153.94257684,346551.43236899,295812.0,520.08811817,2018-11-20
1542758400000,312155.74258084,323300.0,327749.99999999,303908.77022133,474.9806058,2018-11-21
1542844800000,323130.0,305000.0,325000.0,305000.0,449.09479863,2018-11-22
1542931200000,306070.0,307290.0,309000.0,292480.54251512,535.695559,2018-11-23
1543017600000,306569.0,272518.4253882,311554.82569799,265248.326235,468.31569991,2018-11-24
1543104000000,272517.5253856,282698.7370215,292900.0,250900.0,529.25045657,2018-11-25
1543190400000,282614.27634321,269560.0,288609.66693002,255304.58816135,489.10624207,2018-11-26
1543276800000,268493.23506617,269890.0,273433.37976017,256700.00000101,396.04803413,2018-11-27
1543363200000,270630.0,305757.008255,319940.0,269706.37222378,608.86917323,2018-11-28
1543449600000,306360.0,304460.0,316011.58984795,295064.60001308,498.67135443,2018-11-29
1543536000000,305251.99018363,288881.0,307499.99999999,280416.53307244,512.896737,2018-11-30
1543622400000,288927.800077,300394.0,308713.26500263,284386.01028157,433.3007044,2018-12-01
1543708800000,300720.0,293668.0000767,308230.29589993,293060.0,424.17570122,2018-12-02
1543795200000,294985.800285,277733.08368275,295950.0,274749.374749,490.07040339,2018-12-03
1543881600000,277731.69502344,280555.0,292022.39522177,272068.100014,495.63508464,2018-12-04
1543968000000,281168.0,266900.0,281841.66986109,265595.94984454,436.54288739,2018-12-05
1544054400000,266900.0,250060.9,276750.0,250060.9,422.85163432,2018-12-06
1544140800000,250060.9,239603.59845901,257917.89119021,228000.00000001,464.82771009,2018-12-07
1544227200000,240547.0,241138.24886706,247563.16161922,232807.58884958,531.7964036,2018-12-08
1544313600000,241143.64892136,252604.03330589,259679.80683999,240769.29132303,532.17493333,2018-12-09
1544400000000,252604.93330591,245585.76727805,257166.90056494,241212.79579663,545.46117414,2018-12-10
1544486400000,245585.77898024,242193.69949217,247037.66163583,237791.37789697,524.61146505,2018-12-11
1544572800000,241140.94880107,246321.86276197,250000.0,239316.23053293,546.24680141,2018-12-12
1544659200000,246322.76276197,236041.86767776,248000.0,233061.16530002,563.48782474,2018-12-13
1544745600000,236031.85265993,229714.12741249,237270.58089532,227198.56986627,571.4439809,2018-12-14
1544832000000,229733.66901196,229486.2785232,233057.479805,225105.0,540.70915807,2018-12-15
1544918400000,230460.60491642,230576.52933943,235299.99999999,228878.25426201,546.09009319,2018-12-16
1545004800000,230728.77171392,250411.08039526,256296.15550582,229686.51236596,594.49354303,2018-12-17
1545091200000,249525.60300005,260316.24291714,261799.99999197,244486.9171589,580.24419251,2018-12-18
1545177600000,260368.30876889,263279.77459626,278890.0,258823.85110045,598.56141911,2018-12-19
1545264000000,261893.10268134,293998.52893296,300000.0,260416.503433,670.16529536,2018-12-20
1545350400000,293998.52885896,278078.19267653,298698.506496,274060.0,585.83340421,2018-12-21
1545436800000,279474.84581656,288306.85930496,289283.39556911,274360.00000001,546.75079652,2018-12-22
1545523200000,288239.88590751,285189.161064,293861.2248998,282750.00000001,529.81164421,2018-12-23
1545609600000,283371.96152763,291181.40123776,303356.75965034,283371.96152763,521.91587696,2018-12-24
1545696000000,290521.78835304,273296.55731947,291179.94529975,266448.332235,579.79378031,2018-12-25
1545782400000,273495.89652047,274200.97487496,279337.75418601,268760.00000001,545.28960062,2018-12-26
1545868800000,274174.18469,262000.00008577,276948.61524891,261111.00000001,533.9437348,2018-12-27
1545955200000,262005.2422456,279739.83100314,286261.99999999,262000.00100006,551.18148846,2018-12-28
1546041600000,279739.83100617,269300.0,283418.54828879,268860.055335,549.66510383,2018-12-29
1546128000000,270553.35176265,278251.34472879,279523.9467664,267260.0,527.09771463,2018-12-30
1546214400000,276900.9468313,267378.25455051,279152.18502757,267033.35863965,533.22981028,2018-12-31
1546300800000,267595.86921103,277652.47494182,280173.78671657,267362.07889284,506.07035723,2019-01-01
1546387200000,277652.47494274,283764.6230929,285159.99985299,275461.70391125,542.37329752,2019-01-02
1546473600000,283813.14701327,275244.4595305,284816.6564465,272260.00000001,524.72304189,2019-01-03
1546560000000,275255.47013588,274431.00585417,277559.99999909,270001.00000009,511.93903137,2019-01-04
1546646400000,275236.00722071,274000.0,278969.95987922,272860.0,522.33800622,2019-01-05
1546732800000,274000.0,289946.19201793,291821.51903694,272000.0000001,544.74009677,2019-01-06
1546819200000,289947.64174989,281161.27027105,291493.99998595,280000.0,515.61439141,2019-01-07
1546905600000,281161.29839643,280901.0,287560.000001,279260.0,531.9540677,2019-01-08
1546992000000,280901.00000001,280466.30404069,284505.5002818,278060.00000001,526.67885816,2019-01-09
1547078400000,279348.81216204,257100.0,281500.0,251409.958764,581.56346837,2019-01-10
1547164800000,257100.0,258136.10711003,261947.58734377,255000.0,415.25792105,2019-01-11
1547251200000,258134.25,258155.83317642,259454.2186966,254667.34153249,505.74583415,2019-01-12
1547337600000,257183.0,248497.999134,258176.97469999,246895.00000001,526.43271509,2019-01-13
1547424000000,248498.0,258620.0,261946.99999999,247783.6731756,461.28673507,2019-01-14
1547510400000,257961.71612519,251449.76577941,259477.58373533,250160.00000001,408.88180075,2019-01-15
1547596800000,251449.94716046,250707.976633,254999.0,248660.00000001,437.47794296,2019-01-16
1547683200000,250707.98736171,252899.0,254234.02197816,247663.71491925,474.2148004,2019-01-17
1547769600000,252124.09614548,250306.26692841,253700.0,248001.00001801,481.9073126,2019-01-18
1547856000000,250610.0,254333.0,258500.00100001,249800.00002202,510.29523612,2019-01-19
1547942400000,253726.49320789,245912.29532144,255000.0,241200.0,498.06824628,2019-01-20
1548028800000,245902.4590215,245138.45210486,247959.99999999,243745.7457155,512.93645953,2019-01-21
1548115200000,245140.92554117,249012.121211,250839.82184631,240000.0,514.17543131,2019-01-22
1548201600000,248789.0,245800.0,249598.752,244095.06587533,477.43316538,2019-01-23
1548288000000,246192.02275,244486.26155024,246959.99899999,242851.42091218,473.68492467,2019-01-24
1548374400000,244787.0,244824.31847741,246101.09364686,243020.0,480.43190206,2019-01-25
1548460800000,245810.53577316,245486.3444851,250320.0,243333.49671354,462.61953051,2019-01-26
1548547200000,244840.0,241408.72933171,244840.0,238590.0,440.43171559,2019-01-27
1548633600000,241084.76630638,235500.0,241823.80709051,231828.61653301,531.18065416,2019-01-28
1548720000000,235092.44349,229646.0,236079.94661998,227060.00000001,549.57846391,2019-01-29
1548806400000,228832.26169891,228817.25979612,232048.69895593,227754.67090475,523.28163621,2019-01-30
1548892800000,229130.0,228000.000002,231913.01400572,225847.40000001,376.40429656,2019-01-31
1548979200000,228924.22813945,231934.1875754,231959.9899998,226000.00000001,507.85676485,2019-02-01
1549065600000,231441.0,230854.009321,232807.2818674,227692.00001001,509.53150183,2019-02-02
1549152000000,230975.0,227960.0,231824.90692438,226352.98455973,514.41136391,2019-02-03
1549238400000,228000.0,228065.34,230000.0,226850.03981292,517.41187506,2019-02-04
1549324800000,227700.00000098,229225.8,229971.64063071,227060.00001902,492.49085532,2019-02-05
1549411200000,229245.0,225553.92330044,249999.0,224293.32037511,467.33387791,2019-02-06
1549497600000,225553.9273105,226106.03639871,228100.91494999,224518.24056048,513.99500102,2019-02-07
1549584000000,225260.00001113,239390.0,245011.78811,224900.0,553.04553717,2019-02-08
1549670400000,240555.47418523,239997.99748137,240999.99999998,236650.00000001,527.27613929,2019-02-09
1549756800000,239996.99899422,240400.0,240590.85946998,235688.9232414,409.65394136,2019-02-10
1549843200000,240399.7596,237989.4,240530.83591263,236330.00032602,476.91327162,2019-02-11
1549929600000,237831.75694743,237997.87,240648.05521141,235110.0,503.85934136,2019-02-12
1550016000000,237173.34076624,237742.96479458,239940.11473999,234850.00001401,347.81173102,2019-02-13
1550102400000,238120.14,238738.26,239500.0,236480.00000002,431.68481543,2019-02-14
1550188800000,238223.6,237517.22377421,240459.99999998,237000.0,425.81252628,2019-02-15
1550275200000,237756.24,239579.53,240807.47073029,237500.0,428.62951752,2019-02-16
1550361600000,239996.34986,242096.2296383,244300.01,238000.0,410.36758238,2019-02-17
1550448000000,242096.22963871,254359.93,258359.99999999,241451.23,463.3150338,2019-02-18
1550534400000,253686.2,255259.87988595,261307.60878612,253295.64201941,410.27465256,2019-02-19
1550620800000,254064.4623,256744.13956574,259001.0,251860.12351984,364.40539894,2019-02-20
1550707200000,256897.14,254000.00000101,259500.0,252000.0,386.85343741,2019-02-21
1550793600000,254005.08004157,256067.02667139,258678.17632344,253051.80703382,344.31329033,2019-02-22
1550880000000,256651.91,265477.73005258,268360.0,254348.81988121,351.91229424,2019-02-23
1550966400000,265477.73005258,245778.00163265,270745.369258,243960.000001,387.788957,2019-02-24
1551052800000,245960.112975,254482.1854938,257950.14861297,245960.112975,352.6507583,2019-02-25
1551139200000,253768.97,253893.1500404,257030.0,250560.00000001,346.75667318,2019-02-26
1551225600000,253893.15006162,254231.92,257071.87336011,248600.0,359.40677456,2019-02-27
1551312000000,254285.03,255248.56,258899.87022899,253701.00000001,354.19161847,2019-02-28
1551398400000,255211.01,255882.5,258970.16531528,254311.6319876,359.15115752,2019-03-01
1551484800000,256414.4510353,254831.58,256763.12523496,252404.30161836,361.12178142,2019-03-02
1551571200000,254719.0110486,253534.2,256359.85256414,252400.31385323,382.76870659,2019-03-03
1551657600000,253534.1999997,247744.79,255766.99999999,246500.00001423,375.65641625,2019-03-04
1551744000000,247507.53,255043.84,257196.17774825,247000.0,415.7543683,2019-03-05
1551830400000,254901.22,256171.68,257679.22404908,253100.0,402.48317877,2019-03-06
1551916800000,255700.0,256522.03,259000.0,254389.7883865,398.56536993,2019-03-07
1552003200000,256451.28226077,255338.92,259149.9686363,252000.0,320.3435442,2019-03-08
1552089600000,255986.97911377,259624.789812,262260.0,254896.30371118,410.26098512,2019-03-09
1552176000000,259624.789812,259000.0,260902.3357835,256181.75532002,357.97140468,2019-03-10
1552262400000,259000.0,255296.10786981,260351.739253,253560.00000002,389.4907273,2019-03-11
1552348800000,255296.56762021,255731.26758012,257199.99999999,251960.000001,373.55928928,2019-03-12
1552435200000,255535.28,254027.39,255934.5743869,252819.82558702,370.55312136,2019-03-13
1552521600000,254399.94912006,254600.00000014,257160.0,252505.0,386.37530317,2019-03-14
1552608000000,255374.54,255735.22,257738.47354002,253760.86572498,392.02346458,2019-03-15
1552694400000,255445.80706688,260260.1564145,263160.0,255350.45763046,388.25825132,2019-03-16
1552780800000,260260.15644379,260450.84,261629.0,257200.0,370.68768596,2019-03-17
1552867200000,260403.9,259233.3,263542.0,257097.04150001,382.29345184,2019-03-18
1552953600000,258822.91918315,258754.83289239,262075.91427758,257827.72308932,290.35488927,2019-03-19
1553040000000,259664.55630282,260514.06,261211.59995379,258001.22613135,352.61092645,2019-03-20
1553126400000,260006.72592942,257880.59,261113.61,255663.32249271,327.92411584,2019-03-21
1553212800000,257398.28698836,259704.42,261643.47517197,256184.53672858,367.34507754,2019-03-22
1553299200000,259341.59970378,258850.28604666,260540.25121683,258050.50452441,367.56205191,2019-03-23
1553385600000,258759.51977461,257961.92797128,260126.74206152,257200.00000101,365.29149637,2019-03-24
1553472000000,258617.66,253668.13454912,259151.45143274,250860.00004003,373.14942539,2019-03-25
1553558400000,252967.09,255505.01967314,257000.0,252177.42464252,360.14032711,2019-03-26
1553644800000,255584.08748438,260786.35119491,262000.0,254885.98414979,352.95189703,2019-03-27
1553731200000,261267.011984,259675.49015877,261267.011984,257500.11011315,322.35304052,2019-03-28
1553817600000,259404.52,263230.00000001,266041.3358829,258000.0,342.89722558,2019-03-29
1553904000000,263762.83466807,263072.6984894,264999.0,259310.77027442,356.97365429,2019-03-30
1553990400000,263302.07,264886.33,266351.81262973,262000.00000001,351.14439491,2019-03-31
1554076800000,264525.85688848,267875.0,275000.0,263000.0,357.46144177,2019-04-01
1554163200000,268448.6577489,309909.27797505,317523.15936027,267511.25636394,466.51760315,2019-04-02
1554249600000,309202.180557,315628.83794865,339500.00000002,305700.0,371.19314849,2019-04-03
1554336000000,316303.66884958,313373.26428161,324349.99999999,308250.0,304.01295474,2019-04-04
1554422400000,312860.81734604,322402.38,325090.0,310995.69400233,326.46831622,2019-04-05
1554508800000,322753.48,325875.75,336727.363286,319950.00000154,395.31260909,2019-04-06
1554595200000,325592.39147242,333435.61467068,338199.99999999,325166.68336297,401.06315744,2019-04-07
1554681600000,332548.34,340535.85,342998.99999999,332100.0,424.89766568,2019-04-08
1554768000000,340488.73,336803.37756189,341000.0,333999.0,390.16495259,2019-04-09
1554854400000,336192.3,343000.0,351400.0,335951.78006461,371.09426203,2019-04-10
1554940800000,342999.99999999,332628.04803153,345308.5403007,328940.12007846,391.71596244,2019-04-11
1555027200000,332889.03255699,334981.69,335562.3345667,325162.461958,377.49580967,2019-04-12
1555113600000,334900.00000001,334833.90281741,339000.0,332941.80213139,356.1503029,2019-04-13
1555200000000,335087.45,340180.3724005,342424.130275,332670.000056,346.55173761,2019-04-14
1555286400000,340870.54,333080.0,342067.86790199,329102.53181236,359.39884453,2019-04-15
1555372800000,333080.0,340870.97,343357.85559982,331059.0,351.98256719,2019-04-16
1555459200000,341000.0,340878.88348412,343894.8,338001.0,373.95485321,2019-04-17
1555545600000,340882.58668109,342451.272075,344000.0,339473.49388123,420.03499771,2019-04-18
1555632000000,343418.31,342678.86326867,348788.99999999,338986.6601286,404.90723855,2019-04-19
1555718400000,342810.39,345308.55430099,347130.89222674,341773.47263683,407.48384011,2019-04-20
1555804800000,345064.0,344686.34,347599.99999999,341000.00000402,409.19307049,2019-04-21
1555891200000,344742.41,350419.82590182,351400.0,342000.0,420.71848073,2019-04-22
1555977600000,350361.28,360803.24331455,364749.99999999,348300.0,428.45386856,2019-04-23
1556064000000,360033.35338639,356236.34989357,364999.98999999,352660.00000001,319.82149833,2019-04-24
1556150400000,356239.91326637,341600.00400008,364430.99576825,339701.0,429.76039015,2019-04-25
1556236800000,341600.0,347470.56572701,357900.0,338900.0,431.66783892,2019-04-26
1556323200000,348088.06,351657.71,353960.89900545,346249.52973443,409.10150212,2019-04-27
1556409600000,351642.623191,347848.15,354000.0,346299.14868514,419.86421372,2019-04-28
1556496000000,347976.62743218,343381.17518422,350999.99999999,342322.33073418,415.51917438,2019-04-29
1556582400000,343374.92738741,347480.56141993,349895.09628058,341467.00002908,385.26333428,2019-04-30
1556668800000,347488.77961472,346596.45,350498.39948444,345055.45955094,396.53619009,2019-05-01
1556755200000,347229.16180039,351905.0634267,354000.0,344500.00000001,382.4873285,2019-05-02
1556841600000,351863.05163148,363050.22302558,370000.0,350660.773027,432.50197884,2019-05-03
1556928000000,363463.1,372073.06,374800.0,357591.72714301,393.20779258,2019-05-04
1557014400000,372162.12,370640.09375288,372162.12,363657.84248704,361.00300954,2019-05-05
1557100800000,370460.95,369089.33,371800.0,362153.47395071,402.32922374,2019-05-06
1557187200000,369004.51,375507.52145276,381876.600277,368556.42207772,393.48306802,2019-05-07
1557273600000,375000.75809518,386816.73954211,389000.0,373000.0,417.1780801,2019-05-08
1557360000000,388337.2037885,402722.34245734,403800.0,387268.17897466,387.37756411,2019-05-09
1557446400000,402267.04714819,417500.0,422499.99999998,400851.16854951,405.42259886,2019-05-10
1557532800000,417652.75,468348.13291673,478488.99999999,417275.87773405,406.66509841,2019-05-11
1557619200000,468348.13283472,447183.0,485846.99999998,435000.0,384.05511581,2019-05-12
1557705600000,447643.85,494967.69,515151.0,443500.00000001,382.61089085,2019-05-13
1557792000000,493000.00135872,499674.85,522000.0,485008.018875,388.16512036,2019-05-14
1557878400000,500855.676363,512167.48312135,516340.0,492000.00000001,392.82742629,2019-05-15
1557964800000,510129.00407698,495995.88,519999.99999999,488000.0,393.08425015,2019-05-16
1558051200000,496669.45625004,462969.90587835,499945.28164963,433080.00000001,432.27619315,2019-05-17
1558137600000,461544.07,459746.38638434,467666.50716999,453000.00000001,399.26977387,2019-05-18
1558224000000,458577.45296499,514819.76140814,516000.0,457818.76735443,408.16885117,2019-05-19
1558310400000,512332.75248682,499457.196382,513626.38499764,478274.57298801,399.20854288,2019-05-20
1558396800000,498940.24,498445.84,506000.0,491500.00000001,391.53889467,2019-05-21
1558483200000,500674.39775403,483656.20653644,502500.0,480000.0,400.59906812,2019-05-22
1558569600000,484900.0,500983.77642992,508000.0,480000.0,402.12670054,2019-05-23
1558656000000,500983.77642992,500855.676362,512185.409392,496500.0,383.9766291,2019-05-24
1558742400000,501396.05,501801.56,507224.2953771,495454.01500001,379.42015749,2019-05-25
1558828800000,502996.48499981,533926.05353433,540000.0,495000.0,406.92066041,2019-05-26
1558915200000,533992.79871373,538091.18,547500.0,530500.0,430.51033886,2019-05-27
1559001600000,537627.05,539426.21,543160.31759499,531732.65865061,381.66737245,2019-05-28
1559088000000,538401.18291906,543373.34,547835.32928413,530000.0,354.56020458,2019-05-29
1559174400000,541270.71216913,532215.47,562526.0,509017.17298142,426.40756822,2019-05-30
1559260800000,532632.61397877,548507.48,553000.0,525000.00000001,373.64247168,2019-05-31
1559347200000,549219.04,548218.72,552120.84144797,543502.01846987,365.65350955,2019-06-01
1559433600000,548389.05,558100.00000001,562875.40232013,547843.82566058,370.27813328,2019-06-02
1559520000000,558100.00000001,526473.59,560176.29,525700.0,373.46994556,2019-06-03
1559606400000,529355.35810779,506211.65369015,539170.0,500000.0,405.23221185,2019-06-04
1559692800000,506211.65569019,514338.83316025,521988.33917467,503270.26281401,355.69403337,2019-06-05
1559779200000,512524.58,515577.75,519995.42403106,497200.00000001,372.44351106,2019-06-06
1559865600000,514161.8638279,525463.59,536499.99999999,512502.56250224,372.80614546,2019-06-07
1559952000000,524588.94196447,520121.97,528183.43976198,514776.99999999,343.48334641,2019-06-08
1560038400000,520775.83,504537.63764397,521923.99999999,500500.00047,353.29628896,2019-06-09
1560124800000,505006.81308373,523000.0,527968.45307964,500516.60041697,359.21649471,2019-06-10
1560211200000,523000.0,512665.58,524807.57158365,505345.00000001,350.67484588,2019-06-11
1560297600000,511913.3027803,525000.30150001,533415.99999999,508925.60647194,353.90798124,2019-06-12
1560384000000,525100.30150001,524858.20911894,529998.99999999,516007.74004157,266.69111992,2019-06-13
1560470400000,524858.20878021,547988.99997273,548000.0,518591.61532069,305.51203811,2019-06-14
1560556800000,546000.00000001,551777.78,553047.23474743,538539.55779639,292.85256106,2019-06-15
1560643200000,550847.37632054,552089.80081076,575299.9606849,548229.0,307.01245173,2019-06-16
1560729600000,552903.04,569135.2,575501.0,552141.27148837,306.66725169,2019-06-17
1560816000000,571434.3,562235.3208491,571747.2107814,553500.00000001,294.56704601,2019-06-18
1560902400000,562235.32070597,572015.93300642,574889.99999999,559955.16182884,279.60931184,2019-06-19
1560988800000,572022.50999592,584056.53767543,587000.0,567569.000055,356.30968181,2019-06-20
1561075200000,584039.01603431,611973.21715252,611973.21715252,580918.62917267,505.88455627,2019-06-21
1561161600000,611973.21715252,637984.21616386,671411.99999999,607944.86630294,535.25098891,2019-06-22
1561248000000,639385.76,652186.99986388,673500.0,626330.0,501.57038863,2019-06-23
1561334400000,652134.82668076,659892.03732803,664999.99999999,639500.00000001,484.34854336,2019-06-24
1561420800000,662999.99948811,710000.0,710000.0,660007.90381014,292.56819915,2019-06-25
1561507200000,709999.99999998,785747.81581792,846880.43584099,706652.80601996,169.53552546,2019-06-26
1561593600000,786000.00002703,675245.582946,809828.199608,631000.0,177.91716311,2019-06-27
1561680000000,674304.509545,760851.70194201,770000.0,661234.29754901,107.00801657,2019-06-28
1561766400000,760811.70194201,736833.91054686,763118.99995299,707129.86352101,90.09619637,2019-06-29
1561852800000,739430.16,677071.93634639,756865.65128019,672600.56000002,93.02057604,2019-06-30
1561939200000,676099.23413696,664581.23,705895.46354328,631887.61857369,112.97262314,2019-07-01
1562025600000,663233.21792868,680933.542442,688211.0138433,606358.43130538,133.12875898,2019-07-02
1562112000000,681900.02322738,740307.26,745243.60787059,681900.02322738,99.83475043,2019-07-03
1562198400000,737580.21427253,700240.0,746753.83611399,690463.27789022,70.56130015,2019-07-04
1562284800000,700240.49,692993.19443955,716081.71291599,680001.0,200.68674498,2019-07-05
1562371200000,694793.0,707234.70320692,726999.99999999,694793.0,244.0342197,2019-07-06
1562457600000,707173.62465832,707615.18519707,718575.00000101,698000.0,232.85697382,2019-07-07
1562544000000,710566.08000605,746296.398196,751000.0,705977.0,241.39046709,2019-07-08
1562630400000,745717.6568056,753451.39,769001.0,737696.16149981,221.41690127,2019-07-09
1562716800000,755000.0,747237.74199283,783500.0,715000.0,459.6918623,2019-07-10
1562803200000,749568.54,718965.89897443,760000.0,696185.78921483,240.91323042,2019-07-11
1562889600000,722113.657255,744367.96,755000.0,708462.45948723,128.0932627,2019-07-12
1562976000000,743303.74174046,729599.47,754998.0,700001.94232,138.19466152,2019-07-13
1563062400000,731132.91,661334.297549,733000.0,660500.00100001,143.91587188,2019-07-14
1563148800000,663291.70428422,701033.96,709478.14005204,650000.0,183.97525152,2019-07-15
1563235200000,699527.52238806,613000.0,707153.52388368,611440.59054906,214.19656867,2019-07-16
1563321600000,612996.935,629285.16,649998.99899999,590117.117111,211.89957909,2019-07-17
1563408000000,630229.98240809,683578.36,690033.57855518,605222.02779014,225.11207303,2019-07-18
1563494400000,684752.108799,679607.67,690000.0,654910.0,194.02632477,2019-07-19
1563580800000,679607.6699294,682722.64,704578.44016193,670556.99748921,185.51135844,2019-07-20
1563667200000,683740.79,674645.95,692453.603325,661000.0,179.00438081,2019-07-21
1563753600000,674213.76,661740.64,678959.05048609,651713.49725977,177.26713206,2019-07-22
1563840000000,661008.58625436,637561.97396197,663560.14900994,634123.00000001,180.39568227,2019-07-23
1563926400000,637681.27,633114.25,640307.85065778,618000.0,166.86168075,2019-07-24
1564012800000,632304.346683,639309.17,656623.32277034,630250.0,158.67157166,2019-07-25
1564099200000,638736.86,636552.37,640316.11,625140.37538661,149.97961139,2019-07-26
1564185600000,637156.49,614734.67883231,659599.88621697,600107.64108693,161.43460107,2019-07-27
1564272000000,617053.76,621459.78,626309.60810587,600000.0,139.32100441,2019-07-28
1564358400000,622902.61,619046.06,633181.04983467,612148.92927812,141.49408532,2019-07-29
1564444800000,619559.72,619821.76,630782.13104475,611020.80272237,131.28819364,2019-07-30
1564531200000,620294.05,646086.81,647000.12914943,619773.7,125.1002346,2019-07-31
1564617600000,646881.98866107,665919.23,671900.0,632000.00000001,133.62562138,2019-08-01
1564704000000,664392.3658613,676117.11,686404.26619156,659000.00000001,135.91184264,2019-08-02
1564790400000,677876.64145838,693284.42708987,700000.0,674619.07272846,118.10305496,2019-08-03
1564876800000,692984.22,695954.23,699484.758237,675000.00100102,112.38705028,2019-08-04
1564963200000,696652.25,741036.67,747999.0,696194.39,140.77553642,2019-08-05
1565049600000,740391.12871409,713904.55,763732.99999999,702206.01972261,148.8368666,2019-08-06
1565136000000,712567.92,747447.33,755723.70342559,711479.71037805,118.51928238,2019-08-07
1565222400000,744032.18811503,744474.86,749998.99999999,721143.60571001,116.75631691,2019-08-08
1565308800000,743365.55,744344.41,748371.1638565,732037.05841367,105.57757304,2019-08-09
1565395200000,744664.73431224,715061.47,750000.0,710000.0,106.02684203,2019-08-10
1565481600000,715694.48,732675.847814,733847.83826456,702934.43538535,101.56387273,2019-08-11
1565568000000,731647.03,729163.46,731647.03,719179.05065064,100.89378125,2019-08-12
1565654400000,729273.17,699506.77,730149.0,690000.00000009,106.40912509,2019-08-13
1565740800000,698788.58,656436.74,698853.75,653000.0,122.32249621,2019-08-14
1565827200000,656981.574097,679410.38,688981.86861155,624588.0910658,125.7799587,2019-08-15
1565913600000,679527.18,691198.21,703318.24433111,648000.64902905,115.77876868,2019-08-16
1566000000000,690699.88,681709.9060002,697753.94351831,670105.87,94.92140585,2019-08-17
1566086400000,682207.19,688766.1,698965.53022883,674230.490001,96.45158752,2019-08-18
1566172800000,688050.0,722254.19,722280.12,684926.47,102.87481074,2019-08-19
1566259200000,722281.34,704432.52,723941.5575,698000.0,94.49045356,2019-08-20
1566345600000,705932.45,663913.84,708209.63,648029.51,103.22909857,2019-08-21
1566432000000,664144.79,671565.24,699000.0,647370.729869,89.74929535,2019-08-22
1566518400000,671460.35,694351.71,700000.0,668002.13141568,163.44724866,2019-08-23
1566604800000,694000.0,677658.72,695277.73,662332.72578201,188.11651106,2019-08-24
1566691200000,677906.39,678711.89,688062.99374013,659670.20557094,186.94687566,2019-08-25
1566777600000,678653.3,687522.04,704777.25631591,677000.0,199.87684577,2019-08-26
1566864000000,687792.11,674339.67,688781.93281468,668715.74558611,183.50883485,2019-08-27
1566950400000,673773.21,652992.54843718,685258.56687419,645000.0,202.63118266,2019-08-28
1567036800000,652423.55,636107.7,652999.51333077,630000.0,192.36107428,2019-08-29
1567123200000,636989.12,645297.44,652000.0,630082.99477832,189.78881538,2019-08-30
1567209600000,645460.31,647402.29,651996.99999999,638448.04950944,190.0000678,2019-08-31
1567296000000,646272.513727,652992.24,656691.3,640690.02900413,187.61689676,2019-09-01
1567382400000,652712.56709966,686438.19,691000.0,650500.0,192.21106252,2019-09-02
1567468800000,686359.27,692052.05,703000.0,677908.2245,206.14463955,2019-09-03
1567555200000,691237.66,681923.89,696543.77000098,667014.22654649,195.37336432,2019-09-04
1567641600000,681802.93,685035.17,689423.96799316,673000.0,200.89253519,2019-09-05
1567728000000,684855.86,675472.05,708111.0,670000.0,210.03104458,2019-09-06
1567814400000,675906.93,687188.31,693875.44,674391.38,185.65082046,2019-09-07
1567900800000,687633.69,684244.27,695456.35480197,676000.0,187.3510418,2019-09-08
1567987200000,684317.83,679556.16,689053.35,664491.76447608,171.87253151,2019-09-09
1568073600000,678527.81,659320.88,681969.72397418,651531.33547567,193.31254908,2019-09-10
1568160000000,659071.57,665088.36,670641.92,644887.0,198.23371747,2019-09-11
1568246400000,664052.22100002,677951.88,679000.0,654943.49,202.07894626,2019-09-12
1568332800000,676963.43000106,670483.52,678519.55911758,659169.8,194.74510754,2019-09-13
1568419200000,670520.39,668596.91999999,674000.0,664161.31828384,176.84424477,2019-09-14
1568505600000,668594.19,658915.6,668961.55279727,658347.0,151.24345961,2019-09-15
1568592000000,659576.98,655549.35,661943.14891161,646000.0,187.42192585,2019-09-16
1568678400000,655846.78,660332.239668,666665.99999999,650718.25838714,211.57151967,2019-09-17
1568764800000,660784.11,659245.189245,667567.36707949,654900.0,165.95314514,2019-09-18
1568851200000,659961.46,664665.76,670000.0,639260.57084085,203.56880066,2019-09-19
1568937600000,664139.67,655820.36,668083.36187709,652557.0,188.80815458,2019-09-20
1569024000000,655498.73,644139.63,657938.999906,640156.07411353,189.83678819,2019-09-21
1569110400000,644004.43,643417.356583,648462.12991627,635121.38,188.69386822,2019-09-22
1569196800000,642284.11,622481.38,643903.57,620000.0,190.39680713,2019-09-23
1569283200000,623384.27999999,566140.75,629996.75151499,535724.69075724,240.15921747,2019-09-24
1569369600000,564453.97,556040.29,578000.0,545126.97548372,220.84596313,2019-09-25
1569456000000,555623.14,533006.45,562702.36988933,514000.0,183.02161684,2019-09-26
1569542400000,533240.18,539435.44,545080.0,520296.96,225.65839077,2019-09-27
1569628800000,539470.89,541611.098389,546840.44316,528413.81,176.25961899,2019-09-28
1569715200000,540939.42,528076.36,543028.66,520000.0,195.3992274,2019-09-29
1569801600000,528298.95,543566.89,549333.862588,506184.70856118,223.77836436,2019-09-30
1569888000000,543886.25,548949.13,562290.65700012,537638.82,219.18229378,2019-10-01
1569974400000,548609.9,552886.57,554120.675,539209.32,194.13970166,2019-10-02
1570060800000,552737.75,544330.25,554777.85,534274.88282565,190.49297881,2019-10-03
1570147200000,543958.13,535899.76,543972.58,529000.0,189.7297071,2019-10-04
1570233600000,535865.31,534407.95646326,536942.30317393,528343.95,174.76673021,2019-10-05
1570320000000,535806.71,519001.39,536999.99899994,513623.0,170.06733663,2019-10-06
1570406400000,518680.57,538865.88,545694.92378538,515064.66,205.81607337,2019-10-07
1570492800000,539279.32,535930.59,545820.39,531500.0,192.64091583,2019-10-08
1570579200000,536117.856117,555346.72,560000.0,530000.0,208.9640421,2019-10-09
1570665600000,556518.65,560490.719509,567629.99999999,550698.19075506,230.62129598,2019-10-10
1570752000000,560563.83,542926.74,574168.20463843,542409.81,164.01232366,2019-10-11
1570838400000,542740.71,548602.22,557136.25508295,542580.7,156.60567183,2019-10-12
1570924800000,548779.75,549134.1,559574.98125905,543985.97427194,131.62885323,2019-10-13
1571011200000,549123.59356436,547335.63,550867.39424007,541020.05,156.15440374,2019-10-14
1571097600000,545942.82,533797.89,549887.00200484,531276.67,167.17153355,2019-10-15
1571184000000,534103.44,522447.38,536509.93365001,518732.862733,176.40925115,2019-10-16
1571270400000,523391.29,530245.87,535682.48109899,520000.0,171.49677737,2019-10-17
1571356800000,530497.54,523496.54,539634.94,519226.08,161.91674437,2019-10-18
1571443200000,523487.95,526002.08,534037.89,521363.279482,150.65161909,2019-10-19
1571529600000,525845.63,540578.89,545654.42,522306.67,158.10588246,2019-10-20
1571616000000,540180.39,536460.01,545000.0,535365.21996689,159.49013004,2019-10-21
1571702400000,536509.44,524437.49,541707.37046098,524252.24,160.11142263,2019-10-22
1571788800000,524398.59,493744.396256,528013.5,484668.36375001,185.32812381,2019-10-23
1571875200000,493720.96000001,495597.92,499850.0,489176.07874832,157.29650246,2019-10-24
1571961600000,495144.76,564564.34,569000.0,493000.00000003,205.37875934,2019-10-25
1572048000000,564910.09,591190.63,661752.0,564910.09,212.79070674,2019-10-26
1572134400000,590521.79,604829.09,622989.90439899,581742.909967,191.887898,2019-10-27
1572220800000,605232.26,586542.31,625000.0,584740.61,167.05716824,2019-10-28
1572307200000,586212.29,599393.33,604860.66,581977.17145616,141.28223967,2019-10-29
1572393600000,598891.3,590056.73,613940.0,581742.90996701,156.12117612,2019-10-30
1572480000000,590029.4,592386.3,609157.46,582027.42520029,132.97584452,2019-10-31
1572566400000,591996.79,596636.92,602766.99999998,587000.0,133.4655182,2019-11-01
1572652800000,596100.42,599380.33,605376.24146091,593343.17,120.94712254,2019-11-02
1572739200000,599262.15,593985.94,603421.372194,586832.84,116.23167141,2019-11-03
1572825600000,594047.6,602692.51,614676.57,588000.0,128.10988466,2019-11-04
1572912000000,603260.87,592741.14,605759.52,588000.0,134.00420351,2019-11-05
1572998400000,592673.49,595493.26,599699.059672,590000.0,124.15791671,2019-11-06
1573084800000,596132.93,590000.04,598009.1490749,585285.06749028,128.13023367,2019-11-07
1573171200000,589637.01,570279.68,594000.0,563049.73174468,134.88641844,2019-11-08
1573257600000,570075.37,573921.52,577719.99970394,567719.34,120.74645273,2019-11-09
1573344000000,573627.98,589505.54,593885.39899999,571715.49,132.63421951,2019-11-10
1573430400000,589447.05,570555.73,591900.466034,565008.4254354,124.61962328,2019-11-11
1573516800000,571505.76,576426.59,579387.5,562398.95239073,135.96948337,2019-11-12
1573603200000,576615.78,576677.37,579077.0,570702.74330103,130.8920042,2019-11-13
1573689600000,576943.27,566795.94,577661.93,563077.00200104,123.39428719,2019-11-14
1573776000000,566006.38,555778.24,576277.2030912,553288.81716425,141.41105626,2019-11-15
1573862400000,557834.06838761,559320.35,564999.99999998,555000.00000002,117.54494657,2019-11-16
1573948800000,559808.58,560118.61,567619.99947594,555000.0,115.74683029,2019-11-17
1574035200000,561423.67,538051.62,561684.26875594,533891.78,143.98761645,2019-11-18
1574121600000,537875.17,534203.56,539000.0,527726.43728,126.61086307,2019-11-19
1574208000000,534432.83,528534.48000002,539278.01693133,527711.68,126.90242437,2019-11-20
1574294400000,529476.77,503396.15,532643.60536749,497997.67648304,149.0378243,2019-11-21
1574380800000,503494.2,487415.49,510000.0,455000.0,161.30695131,2019-11-22
1574467200000,487821.63,492055.69,494999.99999997,477827.0,123.75807953,2019-11-23
1574553600000,492128.32,467815.08,494999.99999999,465364.900001,121.49792518,2019-11-24
1574640000000,468516.75,481403.81,499999.99999998,445005.62234544,157.69184606,2019-11-25
1574726400000,480920.94,481175.11,492536.32,472840.011914,127.4153359,2019-11-26
1574812800000,481184.36,502939.75,510000.0,462098.80177108,149.02804407,2019-11-27
1574899200000,502814.81,493364.8,508348.61999999,490343.528975,127.26030906,2019-11-28
1574985600000,493656.92,512412.67,516119.54,492000.0,127.14665352,2019-11-29
1575072000000,511350.74,501793.11,520000.0,496000.00700013,144.18424895,2019-11-30
1575158400000,501653.54,492702.82,502705.06,485550.0,121.6160691,2019-12-01
1575244800000,492501.44,484708.35,494262.32899998,478738.3,120.79298322,2019-12-02
1575331200000,484827.25,483591.84,491107.94859037,480974.02620143,121.02617585,2019-12-03
1575417600000,483415.12,478051.68,503588.18,471461.930052,134.93357342,2019-12-04
1575504000000,478214.27,488207.01220954,495018.52969479,474387.04560912,135.74746209,2019-12-05
1575590400000,490020.73,496345.07,500000.0,483949.56834735,121.36325291,2019-12-06
1575676800000,496241.88,493654.84,501500.0,491630.07984125,117.40087536,2019-12-07
1575763200000,493667.79,493764.82,496994.21106233,488000.0,114.31567639,2019-12-08
1575849600000,493577.51,481881.12,500111.11000001,478425.54100001,127.62122593,2019-12-09
1575936000000,482082.23,473560.82,485043.46966099,472474.97999673,125.42020169,2019-12-10
1576022400000,473889.38,472701.02300047,480248.8051731,471560.65000254,117.64277179,2019-12-11
1576108800000,472942.79,471783.34,482000.0,466770.84,129.26565467,2019-12-12
1576195200000,471924.2,476742.19,480136.48899999,470916.98306448,119.87047597,2019-12-13
1576281600000,476662.64,464994.03,479122.48,462328.67765826,125.83800061,2019-12-14
1576368000000,464988.5,466314.99,473140.89172345,461987.62351429,119.77721021,2019-12-15
1576454400000,466371.49,452476.7,467881.7,450000.0,138.09528428,2019-12-16
1576540800000,452504.64,436711.8189899,457993.27019842,432111.00000003,130.21374052,2019-12-17
1576627200000,436352.45,478747.65,483185.03,424139.44,134.91754925,2019-12-18
1576713600000,478036.19,464827.72,482504.33,460287.21,137.06441607,2019-12-19
1576800000000,464470.79,463817.8,466399.99899999,460000.0,124.93897057,2019-12-20
1576886400000,463533.25,459596.1,465088.68,458779.33991501,124.27662971,2019-12-21
1576972800000,459436.48,479889.72100001,479986.78,459000.0,129.70379044,2019-12-22
1577059200000,480000.0,466950.37,488898.51999949,465000.0,146.88776043,2019-12-23
1577145600000,466714.34,459937.49,472586.73253461,455000.0,132.49769188,2019-12-24
1577232000000,461186.4,454480.0,461641.97,451061.74791226,120.97021678,2019-12-25
1577318400000,455587.15,458895.78,473080.76564997,453415.82865006,130.49663248,2019-12-26
1577404800000,459327.96,458920.39,463000.0,453000.00000001,158.96641711,2019-12-27
1577491200000,458496.21,461051.49999951,463880.7501392,457969.27,127.52551077,2019-12-28
1577577600000,460841.87,462247.11,470405.87020408,457924.28646302,128.0267847,2019-12-29
1577664000000,462000.0,451453.08,462000.0,449056.7640003,143.95748175,2019-12-30
1577750400000,450768.030768,447967.85,455859.29018375,444000.0,123.54220975,2019-12-31
1577836800000,448239.37,447429.16,452417.13749056,445549.20100002,114.18115558,2020-01-01
1577923200000,447406.71,434095.82,449671.06,433000.00100002,124.14706367,2020-01-02
1578009600000,433789.81,458062.17,463247.70701571,431201.14,130.34444819,2020-01-03
1578096000000,458188.99,457470.29000001,461999.99999997,455000.0,115.5509871,2020-01-04
1578182400000,458562.9,456271.51,465554.99999998,455144.39478866,117.04923555,2020-01-05
1578268800000,456366.33,478820.82000001,480472.08,455953.33,127.42462508,2020-01-06
1578355200000,479123.65,502061.22,502928.54,478483.29000001,129.68215807,2020-01-07
1578441600000,501128.76,491270.59,517000.0,480822.62000001,148.36180774,2020-01-08
1578528000000,491501.80085,479267.78,491501.80085,475667.64637873,135.4373995,2020-01-09
1578614400000,480631.36,500991.23763588,500991.23763588,474364.64390092,127.58428352,2020-01-10
1578700800000,501000.0,492736.73,506287.37,492548.12,123.37617997,2020-01-11
1578787200000,492548.169255,499599.9,501600.0,490000.0,110.13734494,2020-01-12
1578873600000,499474.81381987,504411.78,506126.45064896,494400.00000002,117.2930055,2020-01-13
1578960000000,503725.59,546548.18,546999.99999999,502270.00000008,152.39770088,2020-01-14
1579046400000,544199.57215778,538753.36000001,548422.63289599,528000.0,134.2251626,2020-01-15
1579132800000,541197.84,536000.0,542098.19,528409.49905014,121.74549083,2020-01-16
1579219200000,535934.87,542802.28,548000.0,530400.06944869,135.19360543,2020-01-17
1579305600000,542883.27,544999.0,546173.0,538544.56788,121.32474533,2020-01-18
1579392000000,544545.23,534292.86,560000.0,525000.0,136.40796858,2020-01-19
1579478400000,534310.09,537381.19,542335.02,528000.0,123.12706233,2020-01-20
1579564800000,537000.0,545378.8,547689.39,532465.35000001,117.45504953,2020-01-21
1579651200000,545851.05,539559.12,547293.99899999,537506.4,111.55644541,2020-01-22
1579737600000,539557.93,521027.0986786,539764.99,517899.0,129.45658592,2020-01-23
1579824000000,521679.16,526909.25804022,533000.0,511300.0,122.25317434,2020-01-24
1579910400000,527434.83,521902.42,529125.369999,516631.00300006,116.08044105,2020-01-25
1579996800000,521809.27,536120.52,537584.57795988,518000.00000002,116.78579752,2020-01-26
1580083200000,536566.65,557293.08000305,563988.28799999,534377.78500707,147.40692833,2020-01-27
1580169600000,558185.16,577681.28,578608.29570395,552475.24752476,136.52637574,2020-01-28
1580256000000,578369.48,577933.52,584720.0,572194.95531283,132.2802606,2020-01-29
1580342400000,577932.58,596270.06,600000.0,572505.38000201,139.84173589,2020-01-30
1580428800000,595780.01700028,595188.95,599053.74419613,583490.00000001,126.54884821,2020-01-31
1580515200000,595167.68,596147.62,601728.06,591700.00000018,118.93237764,2020-02-01
1580601600000,596302.31,593640.75,600499.99999999,585033.42330603,125.78983603,2020-02-02
1580688000000,594076.26999999,588706.63,605000.0,585972.1154,129.14487597,2020-02-03
1580774400000,587496.49,576822.00026429,590785.45999998,574855.26,118.0624258,2020-02-04
1580860800000,576935.31,601793.20000002,610000.0,576823.00032743,138.10122315,2020-02-05
1580947200000,601793.20000002,611029.44200303,618499.99999,595000.0,125.29661044,2020-02-06
1581033600000,610806.45,618215.44,619500.0,610000.0,125.02798825,2020-02-07
1581120000000,617949.93000302,625736.75000102,629379.00999999,612205.69,114.6468533,2020-02-08
1581206400000,626997.25,644807.54,644927.43,625781.410001,125.79389089,2020-02-09
1581292800000,644670.00000001,626500.0,647284.09,617867.93,132.49661289,2020-02-10
1581379200000,626203.51,644756.52,648000.0,615187.65371401,135.44237061,2020-02-11
1581465600000,644500.21,649038.08,650944.0,639080.30997486,127.31342528,2020-02-12
1581552000000,648542.65,644902.16,657534.85248932,638000.00000001,141.4014883,2020-02-13
1581638400000,646094.31,650544.33,653487.38221824,638000.00001,123.34244527,2020-02-14
1581724800000,650340.98200188,626805.47,653598.36,622065.37896115,124.85433439,2020-02-15
1581811200000,626688.38,630088.56072,637354.60678817,612000.0,121.68203389,2020-02-16
1581897600000,629612.24336841,614489.89,630189.99999998,600000.00001,126.74103103,2020-02-17
1581984000000,614478.25,644644.73,649640.29892077,611337.45,126.06928174,2020-02-18
1582070400000,645843.99,608882.2,646891.61,600000.0,126.94981239,2020-02-19
1582156800000,606061.94777565,615119.07030001,619805.53754189,603384.92774326,124.98096963,2020-02-20
1582243200000,615746.88,624810.11,633310.76719354,613848.81479731,119.45839274,2020-02-21
1582329600000,624582.33,624939.84,626183.47545474,617474.58000002,106.84177889,2020-02-22
1582416000000,624538.59,638041.01902344,639000.0,622619.52,115.67283958,2020-02-23
1582502400000,638290.01066811,626323.48,640378.41,615803.15,129.86887401,2020-02-24
1582588800000,625379.98,604766.62,626374.87,601587.11276585,128.52827584,2020-02-25
1582675200000,603843.98,575927.58,608228.86993931,566169.72922618,134.08255556,2020-02-26
1582761600000,575721.610417,588092.83,596422.61999,562357.59,124.71176067,2020-02-27
1582848000000,588334.24,593123.58544153,598308.24807056,570698.138071,134.23407483,2020-02-28
1582934400000,591383.21,580000.0,597000.55039999,580000.0,111.46916254,2020-02-29
1583020800000,580001.0,580232.55,591000.0,572076.0,112.94923243,2020-03-01
1583107200000,578986.74,596452.77,601815.44166975,577334.84213844,121.2657097,2020-03-02
1583193600000,597000.0,580650.72,598115.79,577850.00001,105.76742678,2020-03-03
1583280000000,580800.907519,588546.41,591168.99999999,579683.44100001,121.66010289,2020-03-04
1583366400000,588543.97,613078.23,621347.37525206,587830.23,135.09669502,2020-03-05
1583452800000,612657.01103003,621814.0,622813.36074247,608964.11648804,127.87568137,2020-03-06
1583539200000,621756.37,601120.02,622436.17,599449.8886,112.01775277,2020-03-07
1583625600000,600857.23,580597.63,601159.33826,560350.0,143.74230935,2020-03-08
1583712000000,581198.99951689,593950.41,595934.0879362,560000.0,156.69480871,2020-03-09
1583798400000,594000.0,576003.67,594883.26,566031.57423366,140.48781074,2020-03-10
1583884800000,576059.46,592257.6,595591.03999,567446.27000001,151.49030484,2020-03-11
1583971200000,593124.682119,419500.0,594962.99999,407322.0,223.04499659,2020-03-12
1584057600000,414905.93,447066.55755284,480007.19,350000.0,214.78716708,2020-03-13
1584144000000,445960.16,413585.96,454999.99999999,405000.00001,129.07287501,2020-03-14
1584230400000,414144.52,428640.02,475000.0,400005.0,131.62078475,2020-03-15
1584316800000,431104.88234332,412491.11987796,480000.0,380000.0,184.01604826,2020-03-16
1584403200000,412678.99,438473.364,454999.99989,406348.74197951,163.94503104,2020-03-17
1584489600000,438296.38,466045.92,468646.27982512,426028.5400098,180.10149038,2020-03-18
1584576000000,467568.0,519612.01107991,538000.0,457584.0,169.77299049,2020-03-19
1584662400000,516229.95295404,525988.56,576285.0,488347.28434761,170.22222203,2020-03-20
1584748800000,525430.91,519447.75,541821.15406431,499001.01303004,133.05398904,2020-03-21
1584835200000,520305.04,497270.26,537197.98,494090.39214681,130.8067184,2020-03-22
1584921600000,497839.43163667,544622.98178817,554318.99897998,490708.0,149.17125062,2020-03-23
1585008000000,545220.19,556269.92,569000.0,536800.00001001,131.91571309,2020-03-24
1585094400000,556143.12,548561.7,563557.32,535001.00112679,128.51324153,2020-03-25
1585180800000,548715.87,548707.12,555793.75,535900.0000071,119.11388286,2020-03-26
1585267200000,547825.64,527430.15,554511.99899999,524973.51664638,125.98953777,2020-03-27
1585353600000,527807.57,519338.33,529410.61438765,502462.60064648,129.71106809,2020-03-28
1585440000000,518286.50535485,496064.50359996,520265.5843555,492001.0,119.91376912,2020-03-29
1585526400000,495724.07001,536389.76,551305.5803075,493690.5137344,147.17130441,2020-03-30
1585612800000,536329.05,529209.84,546788.61,525300.0,117.42756958,2020-03-31
1585699200000,529475.36999,547000.0,547000.0,510928.37289516,108.63833062,2020-04-01
1585785600000,547000.0,542303.27,550036.56688,533113.82,98.19497611,2020-04-02
1585872000000,540574.01,529916.04,553467.85999,524621.11250234,124.32598512,2020-04-03
1585958400000,529660.91,536599.33,544669.88991359,522838.99566137,119.00360254,2020-04-04
1586044800000,536271.37,534289.48,538411.03958973,525373.55,108.82830117,2020-04-05
1586131200000,534155.91,559325.94,560000.0,533210.03002001,139.51570407,2020-04-06
1586217600000,559819.99,546088.28,566000.0,543750.0,114.30121377,2020-04-07
1586304000000,546096.95,553897.94,558807.0,542513.0,110.14408298,2020-04-08
1586390400000,553049.55,544081.66,553476.99,535151.0,122.89314996,2020-04-09
1586476800000,543443.83,523510.46,544081.66,511639.41917555,133.01531367,2020-04-10
1586563200000,523776.45,524577.11002001,530252.06,516927.87,95.95768621,2020-04-11
1586649600000,525743.27999,529513.99901,550000.0,519834.83000002,123.65062312,2020-04-12
1586736000000,529513.999,528696.4,532341.18,510000.0,131.1468889,2020-04-13
1586822400000,528516.12,526627.06,537512.99999999,523100.00007007,125.04891658,2020-04-14
1586908800000,526410.8,518369.94,532000.0,518325.0,122.21101199,2020-04-15
1586995200000,518384.99944969,535581.89,543250.0,510308.579886,131.37721867,2020-04-16
1587081600000,536135.34,527984.75999,538786.73,525051.55785581,105.88330958,2020-04-17
1587168000000,526690.8819,535100.75,537329.59,526000.0,107.2983105,2020-04-18
1587254400000,533788.58,528757.18,535813.05,522334.59145618,112.09888015,2020-04-19
1587340800000,528672.12,521162.07,535853.66,515000.0,126.8606613,2020-04-20
1587427200000,520063.14459912,531216.96,539340.72961007,520000.0438209,120.60241578,2020-04-21
1587513600000,531229.97,543517.78,544999.0,527769.03953623,101.20797956,2020-04-22
1587600000000,543350.13,556343.3,567679.93952993,532588.23,139.56521189,2020-04-23
1587686400000,557716.89,554264.99,562336.79,548976.99809008,118.97144043,2020-04-24
1587772800000,554943.42,558248.25,565880.02836375,552600.0,106.47720159,2020-04-25
1587859200000,558136.0,568992.64,569684.08658383,557199.999,108.30271872,2020-04-26
1587945600000,569000.0,576401.83,576905.69257449,566000.00001,118.27011669,2020-04-27
1588032000000,576305.48,572250.87,576963.0,568000.0,105.21389016,2020-04-28
1588118400000,571687.82,637366.52,648499.99999,570111.00002002,154.74200731,2020-04-29
1588204800000,636756.47,637379.94,681724.0,615510.0,155.98036391,2020-04-30
1588291200000,639123.73,656413.64,671396.99999,637326.50001,113.36942964,2020-05-01
1588377600000,655842.7,667250.28,669000.0,652212.36,110.14138828,2020-05-02
1588464000000,667099.76,666136.93,681823.93454999,657000.00203,123.37310521,2020-05-03
1588550400000,666215.35,663575.16,668770.31,640284.23100001,111.83387244,2020-05-04
1588636800000,663309.17,663178.78,677001.0,651520.00000001,107.86109582,2020-05-05
1588723200000,663714.86,676492.60045,691000.0,657518.23225601,126.01179812,2020-05-06
1588809600000,676932.95,727836.17,730000.0,669636.14067141,149.77942089,2020-05-07
1588896000000,726876.24,711929.762174,727836.68,700000.01,138.30780691,2020-05-08
1588982400000,711757.76134874,693576.09,717010.90999,693000.73999,116.85672915,2020-05-09
1589068800000,693004.74000001,647504.3,694382.0,611866.25070202,138.59454556,2020-05-10
1589155200000,647641.74,642268.16934372,680000.0,619550.3,133.09917324,2020-05-11
1589241600000,642610.29,657166.86,664999.99,640637.42406009,113.03415265,2020-05-12
1589328000000,657273.58,691545.78,698000.0,656129.29,126.82149971,2020-05-13
1589414400000,691521.73,712773.95,723968.18,685885.83865307,126.88034132,2020-05-14
1589500800000,712666.06,675532.15,713696.79,667323.99539,130.1769285,2020-05-15
1589587200000,676602.91,682115.47,693200.0,671721.06,106.10386479,2020-05-16
1589673600000,681719.87,698273.8300001,712000.0,678590.33996201,112.09669439,2020-05-17
1589760000000,700078.089682,695513.3,713904.00001,685627.83575983,113.67451082,2020-05-18
1589846400000,695419.51,698391.3,702500.0,680576.01,111.3466821,2020-05-19
1589932800000,697454.59,673935.8,700481.68,661947.93724958,120.73907157,2020-05-20
1590019200000,672879.22,646753.51,675625.95,631000.0,119.70600091,2020-05-21
1590105600000,646815.23,658674.4,667925.62182385,640884.70187941,122.79010698,2020-05-22
1590192000000,658795.41,659638.28,669435.46,655000.01,106.43656324,2020-05-23
1590278400000,659583.28,628401.25,666453.21593799,626000.0,117.35182151,2020-05-24
1590364800000,627157.89,637728.73,643696.96999999,621860.00000001,116.17659291,2020-05-25
1590451200000,637854.34,628252.98,643366.63477719,618322.9,104.84402245,2020-05-26
1590537600000,627769.09,653645.48,659051.85528534,627534.08593458,120.79374244,2020-05-27
1590624000000,653666.22,670400.235422,671925.0,648218.43,117.82768421,2020-05-28
1590710400000,670469.86,653097.93,671339.124248,649814.27,117.55189144,2020-05-29
1590796800000,652923.03,663627.8,664003.55,646425.01,113.41935635,2020-05-30
1590883200000,663673.29,648480.37,664091.8,645699.071705,116.96789182,2020-05-31
1590969600000,648480.49,686721.68,690000.0,645975.55,129.37124734,2020-06-01
1591056000000,686044.92,640936.71,686928.46,630000.0,142.86966095,2020-06-02
1591142400000,641511.74,650311.48,651487.73,635000.0,114.24017993,2020-06-03
1591228800000,650200.71,664691.83,672613.34,642686.82,117.05046645,2020-06-04
1591315200000,664847.12,653775.76,667790.63,649601.86,88.85399993,2020-06-05
1591401600000,653705.83,657284.13,660958.42,647500.0,88.56890731,2020-06-06
1591488000000,657467.48,659796.16,664720.32,640573.93,106.78193061,2020-06-07
1591574400000,659859.11,658768.56,663688.49,653109.53,106.20228556,2020-06-08
1591660800000,658483.9,664698.52,666741.85,648000.01,114.59827835,2020-06-09
1591747200000,664599.45,666932.07,670000.11,657225.44,119.02181057,2020-06-10
1591833600000,666955.56,645523.65,672000.0,638502.79,136.92337258,2020-06-11
1591920000000,645926.37,660565.16,662000.0,643875.0,93.75038165,2020-06-12
1592006400000,660574.02,660966.57,663571.31,655000.0,109.30393297,2020-06-13
1592092800000,661249.02,653984.39,664534.76,650000.01,105.01339134,2020-06-14
1592179200000,653632.35,661230.97,666805.02,633451.77,120.54709992,2020-06-15
1592265600000,660931.67,664293.55,669883.1,657344.82,105.73502991,2020-06-16
1592352000000,664304.59,662411.54,665341.04,649740.01,119.06523042,2020-06-17
1592438400000,662414.93,660380.0,663402.1,652238.31,105.28484175,2020-06-18
1592524800000,659569.52,651183.59,659584.42,648228.07,98.52654494,2020-06-19
1592611200000,651518.02,659334.17,661272.87,648228.0,110.38771766,2020-06-20
1592697600000,659500.66,656766.14,665485.36,655454.99,105.27245222,2020-06-21
1592784000000,656577.08,671900.27,677999.99,656296.05,124.53939699,2020-06-22
1592870400000,671823.6,665180.5,672835.21,661000.0,125.52688399,2020-06-23
1592956800000,665028.72,654143.77,668271.59,650112.34,133.79735317,2020-06-24
1593043200000,653753.92,654675.11,661272.37,640667.31,111.00235406,2020-06-25
1593129600000,654254.73,655105.1,659414.36,646000.0,109.59154164,2020-06-26
1593216000000,654636.24,644604.75,656405.9,640000.0,112.93315325,2020-06-27
1593302400000,644545.88,650954.05,658444.71,640466.65,117.06298979,2020-06-28
1593388800000,650958.46,653029.23,658000.17,644550.0,110.65980269,2020-06-29
1593475200000,653074.02,655431.38,659413.06,647513.24,93.82425922,2020-06-30
1593561600000,655564.05,654590.23,660566.7,650009.49,114.60323535,2020-07-01
1593648000000,654584.4,643496.37,655680.59,634813.26,113.2749825,2020-07-02
1593734400000,643470.63,647789.77,653857.92,642005.33,113.40237655,2020-07-03
1593820800000,647780.09,650337.68,657000.0,646755.75,109.02194173,2020-07-04
1593907200000,649760.97,646751.25,651999.99,637717.8,94.96121497,2020-07-05
1593993600000,646436.05,656461.21,659757.46,645092.86,130.17773783,2020-07-06
1594080000000,656371.18,655442.41,660000.0,649700.0,138.75145595,2020-07-07
1594166400000,655270.02,666352.07,670000.0,653881.32,136.55280302,2020-07-08
1594252800000,666463.11,650412.67,666975.85,648829.0,127.07057938,2020-07-09
1594339200000,650412.69,657352.75,658466.06,646501.0,126.96007899,2020-07-10
1594425600000,657504.28,657297.34,661503.42,652757.23,111.86537772,2020-07-11
1594512000000,657269.91,661784.43,664334.94,655576.1,108.42526839,2020-07-12
1594598400000,661884.92,657705.74,663240.53,656005.19,118.11000707,2020-07-13
1594684800000,657660.51,660125.08,664692.28,652517.09,120.91663787,2020-07-14
1594771200000,660270.39,657050.0,662200.0,653480.0,116.20385106,2020-07-15
1594857600000,657061.49,656565.65,662847.6,650001.0,114.22570077,2020-07-16
1594944000000,656428.07,659694.56,663955.25,653000.0,107.08960026,2020-07-17
1595030400000,659579.23,657132.87,664573.75,657100.01,90.10574462,2020-07-18
1595116800000,657274.53,661630.69,663000.0,652842.59,115.3581933,2020-07-19
1595203200000,661364.03,655503.88,663000.0,653480.01,109.95302325,2020-07-20
1595289600000,655121.99,661688.66,665808.53,653701.36,116.34299939,2020-07-21
1595376000000,661674.31,672787.96,673260.0,657045.01,123.59225767,2020-07-22
1595462400000,672842.78,668382.86,677230.62,664802.47,116.36213729,2020-07-23
1595548800000,668464.41,666547.31,671286.41,660200.0,117.83079173,2020-07-24
1595635200000,666384.95,675527.39,679000.0,665162.39,128.83552223,2020-07-25
1595721600000,675745.4,690860.77,694747.99,672212.69,134.95346679,2020-07-26
1595808000000,690919.64,764368.64,784777.0,690755.51,185.67117847,2020-07-27
1595894400000,764423.56,766597.55,782970.2,740000.0,140.82386176,2020-07-28
1595980800000,766845.81,787680.98,800000.0,763375.01,139.44285865,2020-07-29
1596067200000,787679.98,795089.86,798000.0,777863.08,125.91650801,2020-07-30
1596153600000,795142.44,817296.12,826411.99,785117.44,140.89156332,2020-07-31
1596240000000,817406.39,849587.54,856290.0,811946.86,134.78503738,2020-08-01
1596326400000,849570.0,806601.04,871921.49,795305.01,168.07215634,2020-08-02
1596412800000,806623.32,813026.12,830341.18,805900.0,117.41735763,2020-08-03
1596499200000,813143.2,813296.33,825000.0,806466.22,119.07003759,2020-08-04
1596585600000,813512.05,842744.96,848821.42,809500.01,144.02977974,2020-08-05
1596672000000,842966.59,845780.92,859000.0,834229.93,96.74156166,2020-08-06
1596758400000,845775.28,833682.81,854991.32,820131.67,122.88400129,2020-08-07
1596844800000,833720.33,841018.54,847999.99,828821.39,112.08874598,2020-08-08
1596931200000,841106.91,835120.98,844676.81,826877.07,107.22376739,2020-08-09
1597017600000,835272.51,847637.35,857985.22,824500.06,123.48280618,2020-08-10
1597104000000,847798.76,831984.86,850300.21,820851.0,127.72980844,2020-08-11
1597190400000,831475.63,846325.91,848618.36,817200.29,128.40662416,2020-08-12
1597276800000,845877.93,846351.16,852002.0,823827.9,161.44643362,2020-08-13
1597363200000,846500.79,838304.34,850509.14,832000.0,133.84485111,2020-08-14
1597449600000,838139.37,842838.8,851693.13,832750.66,122.65110373,2020-08-15
1597536000000,842220.95,845560.68,846161.33,832200.07,111.61847591,2020-08-16
1597622400000,845625.09,880121.61,885426.06,836262.04,151.98144016,2020-08-17
1597708800000,880114.51,863103.54,883199.13,851200.0,141.07381174,2020-08-18
1597795200000,863101.29,860474.43,876675.86,850005.0,119.3607796,2020-08-19
1597881600000,860447.05,875420.59,878219.99,855001.0,118.13295879,2020-08-20
1597968000000,875423.62,864819.65,880500.0,864040.1,120.53239079,2020-08-21
1598054400000,865009.0,878283.6,878938.79,856002.03,118.61934344,2020-08-22
1598140800000,878194.5,873390.82,883242.98,868360.85,119.20191233,2020-08-23
1598227200000,873437.96,875118.77,881149.0,871485.57,112.51396603,2020-08-24
1598313600000,875209.64,856529.84,876758.93,846000.0,126.06194562,2020-08-25
1598400000000,856418.28,871976.62,875000.0,851623.58,118.44361768,2020-08-26
1598486400000,871127.5,856646.07,873171.04,846194.0,124.81804595,2020-08-27
1598572800000,857008.91,862309.76,864841.59,855789.85,115.02677944,2020-08-28
1598659200000,862168.04,857810.2,866735.34,853200.01,113.82659201,2020-08-29
1598745600000,857761.78,865356.81,867423.85,856167.31,115.3323061,2020-08-30
1598832000000,864785.74,848736.46,865352.31,848301.16,117.36676358,2020-08-31
1598918400000,848677.0,855664.92,866000.0,842602.75,125.57853691,2020-09-01
1599004800000,856234.53,846698.17,859476.15,824000.0,150.12742148,2020-09-02
1599091200000,845669.67,772942.85,853276.28,755042.99,121.12000455,2020-09-03
1599177600000,768902.68,796156.64,819402.0,755000.0,126.00174567,2020-09-04
1599264000000,796247.43,779347.15,803307.75,760858.01,109.11424996,2020-09-05
1599350400000,779451.79,790262.07,796535.56,770013.01,92.8207426,2020-09-06
1599436800000,790281.38,801053.72,803559.94,767283.46,102.87840786,2020-09-07
1599523200000,801364.27,788978.24,805319.64,770541.0,93.7476171,2020-09-08
1599609600000,789069.0,786941.96,795527.5,780401.06,88.90856476,2020-09-09
1599696000000,786711.75,793185.2,800320.63,786711.75,101.58167664,2020-09-10
1599782400000,793185.2,789282.85,796413.7,782586.37,110.70384754,2020-09-11
1599868800000,788846.55,786504.51,791719.01,777447.45,85.24830785,2020-09-12
1599955200000,786218.8,774018.16,793067.73,766341.0,91.68539274,2020-09-13
1600041600000,774394.93,798607.53,805000.0,769600.98,103.36965948,2020-09-14
1600128000000,797677.14,806734.83,812990.65,794217.22,99.37986633,2020-09-15
1600214400000,806947.83,817968.69,834507.72,798675.74,106.4204485,2020-09-16
1600300800000,818728.16,820903.46,826322.17,808461.0,118.82231133,2020-09-17
1600387200000,820852.17,829938.43,832000.0,818000.0,88.54010252,2020-09-18
1600473600000,829933.49,840538.25,846280.37,828382.02,85.84637374,2020-09-19
1600560000000,840335.54,829224.37,840536.61,817644.5,86.19853275,2020-09-20
1600646400000,829191.45,809365.32,835673.62,801917.26,103.02827851,2020-09-21
1600732800000,809365.32,812790.8,816074.53,805114.0,104.70088468,2020-09-22
1600819200000,812792.44,800010.95,820952.09,797022.49,95.08907907,2020-09-23
1600905600000,800275.88,832992.22,835337.18,798173.98,100.40170842,2020-09-24
1600992000000,832918.59,831595.48,839463.36,820333.51,97.94100764,2020-09-25
1601078400000,831478.51,827968.22,835183.29,826200.15,85.64276697,2020-09-26
1601164800000,828514.9,834256.01,834740.17,819035.48,90.10463656,2020-09-27
1601251200000,834689.36,840035.44,855185.74,834689.36,94.59588404,2020-09-28
1601337600000,839342.37,849067.82,849999.99,834313.09,89.64895145,2020-09-29
1601424000000,849121.04,841230.03,849365.52,833146.49,92.8522335,2020-09-30
1601510400000,841153.8,831524.87,848965.62,820802.34,92.81412081,2020-10-01
1601596800000,830982.71,844336.06,845000.0,825000.0,79.95477804,2020-10-02
1601683200000,844509.83,845710.76,847488.58,840555.4,73.20084877,2020-10-03
1601769600000,845064.31,851793.56,853712.22,843434.92,72.41987277,2020-10-04
1601856000000,851690.66,853539.1,858329.98,845307.67,78.30577213,2020-10-05
1601942400000,853568.83,835123.94,853985.82,828195.73,77.19242356,2020-10-06
1602028800000,835217.89,833759.45,835790.79,828216.91,73.51759123,2020-10-07
1602115200000,833750.46,841056.26,846999.2,822200.0,77.1597466,2020-10-08
1602201600000,841113.02,840760.71,846707.67,830789.64,86.34882644,2020-10-09
1602288000000,840295.81,852959.54,860214.0,839174.06,107.12053082,2020-10-10
1602374400000,852992.67,866365.46,870000.0,852992.67,83.00556929,2020-10-11
1602460800000,866714.29,884693.45,897804.0,860220.87,92.89074832,2020-10-12
1602547200000,883838.33,875463.54,887592.39,870111.11,73.9513152,2020-10-13
1602633600000,875511.16,883684.25,887975.81,871000.34,68.5675545,2020-10-14
1602720000000,883820.97,890523.35,894999.99,875685.39,62.37692608,2020-10-15
1602806400000,891303.49,880966.22,895416.84,874555.55,75.04119975,2020-10-16
1602892800000,881377.52,885244.38,888184.79,878121.99,65.7974024,2020-10-17
1602979200000,885076.41,893297.0,893458.53,884960.37,66.90955342,2020-10-18
1603065600000,893459.55,905932.92,913142.0,888046.08,86.66628043,2020-10-19
1603152000000,905801.06,914890.38,920982.09,901242.37,82.60451869,2020-10-20
1603238400000,915043.41,972336.47,1000000.0,913834.42,112.00685405,2020-10-21
1603324800000,972000.0,984089.34,998954.46,963114.9,92.93614879,2020-10-22
1603411200000,983885.1,976162.71,986238.57,962618.73,48.93267119,2020-10-23
1603497600000,976033.39,990264.99,995777.58,973585.81,19.32585947,2020-10-24
1603584000000,989200.27,985806.28,1000000.0,975809.56,40.02620471,2020-10-25
1603670400000,986269.44,996602.33,999998.09,980001.01,26.49991054,2020-10-26
1603756800000,995809.61,1056184.92,1064999.99,995267.08,28.9406569,2020-10-27
1603843200000,1054997.69,1048348.87,1068505.58,1016090.32,22.35338727,2020-10-28
1603929600000,1048382.0,1060901.92,1074787.62,1031430.0,25.21622351,2020-10-29
1604016000000,1061699.0,1071190.23,1079790.93,1042502.11,29.41092353,2020-10-30
1604102400000,1072421.52,1091765.04,1107500.0,1061883.77,30.54630902,2020-10-31
1604188800000,1091742.82,1085271.65,1097999.98,1080515.01,9.00767851,2020-11-01
1604275200000,1086888.7,1088496.68,1096641.75,1062914.65,29.33500299,2020-11-02
1604361600000,1086877.24,1098275.75,1100740.57,1065000.04,24.56525197,2020-11-03
1604448000000,1098264.17,1090213.15,1100015.0,1069333.33,26.75085357,2020-11-04
1604534400000,1091754.34,1183144.45,1189187.19,1088547.08,40.69326414,2020-11-05
1604620800000,1183194.72,1184919.56,1206279.8,1163997.57,64.0053704,2020-11-06
1604707200000,1186685.09,1131459.87,1195014.99,1100000.0,34.2178344,2020-11-07
1604793600000,1131459.87,1190211.5,1198999.99,1124741.42,21.60967059,2020-11-08
1604880000000,1188497.86,1170889.56,1205000.0,1132905.61,30.42807758,2020-11-09
1604966400000,1172634.18,1174369.02,1181604.3,1158739.55,21.79085396,2020-11-10
1605052800000,1172656.76,1206108.7,1218811.27,1170917.15,25.88314562,2020-11-11
1605139200000,1204473.02,1239369.47,1242740.98,1187831.08,37.53625331,2020-11-12
1605225600000,1240876.85,1242727.87,1250222.11,1225000.0,25.92934081,2020-11-13
1605312000000,1241000.01,1233521.76,1241000.01,1207536.94,15.42212185,2020-11-14
1605398400000,1233523.25,1229872.4,1237202.44,1215283.68,10.89885878,2020-11-15
1605484800000,1232376.95,1272687.89,1279048.1,1228013.39,19.7519619,2020-11-16
1605571200000,1272687.89,1332806.33,1342779.53,1258917.13,29.14218691,2020-11-17
1605657600000,1332820.38,1327624.57,1384999.88,1300000.98,43.58721717,2020-11-18
1605744000000,1327655.96,1354493.64,1364952.38,1306399.0,45.75907389,2020-11-19
1605830400000,1354493.64,1399941.84,1404808.7,1354493.64,42.59091364,2020-11-20
1605916800000,1399111.0,1399932.39,1417782.11,1383030.04,39.43640476,2020-11-21
1606003200000,1397837.55,1385403.35,1404460.26,1331326.81,33.40848288,2020-11-22
1606089600000,1389549.36,1381286.66,1406999.99,1362770.55,25.76754662,2020-11-23
1606176000000,1381301.23,1427295.76,1455896.65,1363482.72,50.30122473,2020-11-24
1606262400000,1427295.76,1410378.63,1450000.0,1397000.93,36.28701636,2020-11-25
1606348800000,1408282.74,1291021.11,1420927.57,1217680.62,53.3323548,2020-11-26
1606435200000,1291007.49,1292931.09,1312339.29,1246002.0,21.34036394,2020-11-27
1606521600000,1294048.85,1342059.43,1356649.99,1276570.71,15.48752485,2020-11-28
1606608000000,1342084.77,1386648.5,1394168.93,1331238.85,15.79030249,2020-11-29
1606694400000,1385246.63,1476835.04,1494997.29,1385246.63,44.14052111,2020-11-30
1606780800000,1476985.85,1413754.12,1487174.64,1362094.22,49.19589329,2020-12-01
1606867200000,1413750.28,1436313.13,1450593.69,1381072.1,22.26150574,2020-12-02
1606953600000,1437109.23,1440937.08,1450014.98,1414185.24,18.12626509,2020-12-03
1607040000000,1439679.1,1385012.37,1444789.36,1380455.34,19.31310223,2020-12-04
1607126400000,1385012.37,1417670.91,1420000.0,1373678.74,9.2541219,2020-12-05
1607212800000,1417585.47,1428733.72,1431534.46,1400000.04,13.11406325,2020-12-06
1607299200000,1430296.09,1411574.26,1434193.57,1389524.0,14.68261252,2020-12-07
1607385600000,1411248.7,1346111.0,1414999.93,1340000.01,15.1589425,2020-12-08
1607472000000,1344113.0,1360875.68,1365225.0,1293073.68,24.73459716,2020-12-09
1607558400000,1360233.0,1332157.62,1361454.63,1303335.35,12.24437975,2020-12-10
1607644800000,1330445.0,1313919.11,1330445.0,1281926.01,16.329277,2020-12-11
1607731200000,1309857.01,1366314.56,1376129.14,1308898.9,15.89883451,2020-12-12
1607817600000,1368240.0,1385002.68,1405001.78,1365995.85,18.906879,2020-12-13
1607904000000,1384938.0,1406327.48,1408150.04,1377290.46,20.90717417,2020-12-14
1607990400000,1407848.34,1406845.31,1419279.17,1380581.97,28.4885344,2020-12-15
1608076800000,1409333.0,1532590.02,1544467.43,1402906.0,44.69577981,2020-12-16
1608163200000,1535484.8,1634793.94,1691999.99,1524032.85,75.17120785,2020-12-17
1608249600000,1634758.04,1669999.99,1670000.0,1612199.01,32.95254606,2020-12-18
1608336000000,1669999.99,1729267.32,1748955.6,1650864.82,21.16051258,2020-12-19
1608422400000,1725522.0,1704960.3,1750000.0,1680407.9,15.74529519,2020-12-20
1608508800000,1704108.0,1683477.96,1761421.0,1636148.32,26.88127417,2020-12-21
1608595200000,1681228.9,1775190.0,1775190.0,1667402.75,14.65542748,2020-12-22
1608681600000,1775901.75,1747861.03,1795513.95,1707624.01,24.63342676,2020-12-23
1608768000000,1745242.61,1760994.02,1769007.06,1714130.05,18.12300323,2020-12-24
1608854400000,1764996.99,1819494.6,1820251.14,1741919.28,26.1016584,2020-12-25
1608940800000,1820227.0,1907867.5,1935999.86,1804236.36,33.23620574,2020-12-26
1609027200000,1912816.26,1889129.52,2084000.0,1851000.0,56.71745971,2020-12-27
1609113600000,1896469.6,1970853.22,1979119.53,1872669.66,31.81170277,2020-12-28
1609200000000,1965853.37,1986000.0,1986000.0,1892666.08,24.34938072,2020-12-29
1609286400000,1986000.0,2061572.78,2074000.0,1981990.9,28.97435798,2020-12-30
1609372800000,2061323.69,2033946.9,2084000.0,1966381.76,29.69043171,2020-12-31
1609459200000,2027860.57,2116302.69,2118539.18,2021982.84,19.6741038,2021-01-01
1609545600000,2116302.69,2297492.0,2363000.15,2097307.05,33.63242062,2021-01-02
1609632000000,2298828.76,2310685.13,2483729.76,2273497.63,32.68073003,2021-01-03
1609718400000,2307859.08,2259645.45,2373254.76,1980635.27,49.26397314,2021-01-04
1609804800000,2263036.24,2370640.59,2400000.0,2102583.7,30.05104914,2021-01-05
1609891200000,2370642.03,2479501.22,2479501.22,2304982.98,33.00446767,2021-01-06
1609977600000,2472259.98,2654111.11,2700000.0,2370077.03,38.61035814,2021-01-07
1610064000000,2660687.06,2754033.0,2824999.99,2497545.15,42.94600445,2021-01-08
1610150400000,2749903.62,2737649.87,2806651.21,2631056.51,22.7804816,2021-01-09
1610236800000,2731051.0,2617282.52,2791637.57,2408885.91,30.83917672,2021-01-10
1610323200000,2617282.52,2450812.01,2684009.69,2103617.96,49.97820941,2021-01-11
1610409600000,2452679.07,2421019.0,2701341.18,2342682.33,32.23401924,2021-01-12
1610496000000,2424648.23,2629102.36,2648860.76,2321528.67,23.31809039,2021-01-13
1610582400000,2633045.63,2733607.32,2795733.65,2589919.58,37.70528455,2021-01-14
1610668800000,2733773.83,2586120.99,2758298.29,2430270.67,26.50820671,2021-01-15
1610755200000,2588484.26,2509750.66,2650000.0,2468751.01,20.89920742,2021-01-16
1610841600000,2505990.28,2491084.11,2555363.32,2360191.09,21.07757554,2021-01-17
1610928000000,2494818.5,2563048.76,2621328.4,2432055.85,20.44405659,2021-01-18
1611014400000,2563114.54,2514000.02,2620752.29,2509820.97,33.61210613,2021-01-19
1611100800000,2514000.0,2506035.96,2536271.9,2387777.77,17.28565966,2021-01-20
1611187200000,2503394.0,2246260.78,2503394.0,2200000.0,29.24855107,2021-01-21
1611273600000,2239537.13,2425185.13,2475000.0,2128272.61,26.52477512,2021-01-22
1611360000000,2418105.7,2340647.77,2443400.04,2310000.01,10.1721607,2021-01-23
1611446400000,2339472.12,2311575.61,2398971.63,2239419.11,16.20199039,2021-01-24
1611532800000,2311577.8,2306818.99,2474999.99,2282494.17,28.76750955,2021-01-25
1611619200000,2304285.96,2335914.93,2374650.08,2246677.91,18.20151868,2021-01-26
1611705600000,2335917.28,2253339.31,2339410.56,2161437.5,16.37629249,2021-01-27
1611792000000,2250155.29,2454330.91,2483422.45,2223140.54,24.8831039,2021-01-28
1611878400000,2458013.93,2472996.95,2740099.99,2230000.04,49.26242394,2021-01-29
1611964800000,2474833.99,2482132.1,2510173.3,2377175.55,19.00389821,2021-01-30
1612051200000,2476560.91,2414245.23,2479999.72,2364001.0,15.71177423,2021-01-31
1612137600000,2410630.74,2450580.83,2521499.52,2378331.65,26.0683458,2021-02-01
1612224000000,2443341.23,2563430.89,2589999.98,2432372.01,23.64126838,2021-02-02
1612310400000,2560000.0,2710000.0,2710000.0,2555753.88,28.45763555,2021-02-03
1612396800000,2710000.0,2673365.26,2781839.71,2617451.31,17.77350664,2021-02-04
1612483200000,2672903.95,2758156.11,2758156.11,2645464.62,16.18429552,2021-02-05
1612569600000,2758860.94,2832122.77,2944999.99,2754745.46,21.11474041,2021-02-06
1612656000000,2825806.56,2814550.98,2867385.65,2720603.51,18.48571705,2021-02-07
1612742400000,2814551.24,3292537.78,3302427.67,2767136.38,30.68538497,2021-02-08
1612828800000,3297475.95,3298998.83,3399998.94,3203408.34,28.88177748,2021-02-09
1612915200000,3301243.96,3202010.08,3329999.99,3150000.0,16.52179252,2021-02-10
1613001600000,3202319.91,3405771.93,3444999.99,3155440.46,20.89043123,2021-02-11
1613088000000,3405771.93,3344741.24,3449551.73,3310432.37,20.20081408,2021-02-12
1613174400000,3339733.89,3334705.27,3385094.27,3273472.0,16.25142332,2021-02-13
1613260800000,3339707.7,3448704.87,3491892.11,3332839.11,14.9726557,2021-02-14
1613347200000,3445804.54,3400270.16,3488018.55,3234880.39,18.31717666,2021-02-15
1613433600000,3410476.58,3500888.0,3529999.11,3360000.0,13.50626498,2021-02-16
1613520000000,3500888.0,3681513.52,3700000.0,3493328.08,17.60104757,2021-02-17
1613606400000,3670518.08,3660000.01,3700000.0,3590495.48,19.1479159,2021-02-18
1613692800000,3660000.0,3962173.08,3983100.99,3621534.49,18.76235646,2021-02-19
1613779200000,3962173.8,4015977.78,4080000.0,3892892.32,20.53636737,2021-02-20
1613865600000,4009959.81,4150386.69,4189010.0,3985984.77,9.15242209,2021-02-21
1613952000000,4156777.64,3938539.86,4156777.64,3410000.01,28.9987263,2021-02-22
1614038400000,3944355.97,3554909.32,3944355.97,3257348.3,53.40468009,2021-02-23
1614124800000,3554909.32,3599999.92,3720379.96,3438982.73,19.82466479,2021-02-24
1614211200000,3600000.0,3450000.01,3767264.12,3450000.0,22.92581447,2021-02-25
1614297600000,3467325.95,3390585.41,3542541.97,3240000.0,41.77997431,2021-02-26
1614384000000,3400370.67,3400379.03,3531679.07,3325214.35,14.26046706,2021-02-27
1614470400000,3390200.04,3309935.32,3421323.64,3165172.99,19.00748242,2021-02-28
1614556800000,3313000.0,3606027.64,3606493.07,3305399.78,15.35868502,2021-03-01
1614643200000,3596754.17,3490588.41,3636519.15,3407680.0,15.35042351,2021-03-02
1614729600000,3494999.9,3656582.7,3775620.0,3474921.54,14.77430609,2021-03-03
1614816000000,3640179.71,3522067.68,3738171.81,3439209.0,8.02576345,2021-03-04
1614902400000,3518441.45,3549141.06,3584480.51,3387445.91,7.34228712,2021-03-05
1614988800000,3553397.4,3531784.69,3566184.8,3428545.39,7.09843117,2021-03-06
1615075200000,3540605.82,3647934.03,3687442.52,3531787.11,6.18423426,2021-03-07
1615161600000,3647934.03,3716611.61,3716611.61,3526770.28,6.6293862,2021-03-08
1615248000000,3717397.95,3934655.18,3939246.34,3687555.3,19.87703508,2021-03-09
1615334400000,3934655.18,4024700.55,4128000.0,3843194.67,13.59383306,2021-03-10
1615420800000,4029928.78,4157175.86,4180000.0,3938733.29,12.08473333,2021-03-11
1615507200000,4167561.63,4132379.68,4177564.46,4010062.04,12.91570513,2021-03-12
1615593600000,4127429.11,4390059.05,4428964.0,4059633.89,13.06737726,2021-03-13
1615680000000,4390060.0,4263486.88,4414765.18,4258629.47,10.60750651,2021-03-14
1615766400000,4261000.0,4048796.79,4346524.91,3980527.0,14.87792399,2021-03-15
1615852800000,4041361.98,4125676.11,4125676.11,3891679.68,13.49525817,2021-03-16
1615939200000,4127439.75,4268067.53,4279929.18,3979672.0,15.74773597,2021-03-17
1616025600000,4273615.52,4186943.16,4317770.0,4063963.0,10.89892791,2021-03-18
1616112000000,4181926.0,4185923.66,4266227.0,4093735.9,12.92206612,2021-03-19
1616198400000,4176902.67,4164896.95,4275000.0,4160000.01,7.93239874,2021-03-20
1616284800000,4164896.95,4149383.38,4202411.83,4008010.01,10.62635994,2021-03-21
1616371200000,4146912.0,3976432.57,4235831.24,3949157.79,14.01232255,2021-03-22
1616457600000,3967303.45,4038527.27,4135087.94,3898145.65,12.80447095,2021-03-23
1616544000000,4038472.39,3913709.78,4212446.68,3874200.0,15.22100814,2021-03-24
1616630400000,3913709.78,3859128.68,3966862.23,3750000.01,14.3364416,2021-03-25
1616716800000,3859153.38,4082552.67,4090624.0,3854245.87,10.26703293,2021-03-26
1616803200000,4090651.0,4136318.36,4182962.01,4011000.05,6.78791647,2021-03-27
1616889600000,4131797.23,4072749.01,4172049.41,4025637.98,4.68365956,2021-03-28
1616976000000,4082211.18,4151636.38,4230000.0,4007243.55,15.06241268,2021-03-29
1617062400000,4146662.81,4204076.85,4268199.66,4088886.97,11.89933545,2021-03-30
1617148800000,4212044.8,4155994.09,4257000.0,4070830.87,14.55034187,2021-03-31
1617235200000,4157271.19,4141079.23,4191438.65,4108852.01,12.01703481,2021-04-01
1617321600000,4141079.33,4096682.03,4211338.6,4075941.54,11.76755406,2021-04-02
1617408000000,4096680.5,3956596.52,4133007.65,3956596.52,13.41327814,2021-04-03
1617494400000,3956596.51,4018726.51,4040938.35,3922189.33,7.50986448,2021-04-04
1617580800000,4028781.7,4040000.0,4061208.34,3915456.02,14.4542762,2021-04-05
1617667200000,4040000.0,3985150.64,4058819.81,3920456.02,12.4356596,2021-04-06
1617753600000,3985150.65,3937910.09,4027758.99,3876675.81,19.13972756,2021-04-07
1617840000000,3918678.75,4077529.74,4087408.45,3909284.56,7.17678293,2021-04-08
1617926400000,4085072.0,4308954.18,4364299.14,4081796.97,19.09662368,2021-04-09
1618012800000,4298232.0,4365884.87,4466942.35,4254927.0,13.17275495,2021-04-10
1618099200000,4376712.51,4303412.5,4412194.92,4265003.49,11.47002056,2021-04-11
1618185600000,4303483.95,4272966.68,4372036.0,4247056.62,10.03715979,2021-04-12
1618272000000,4271962.08,4457894.94,4514161.0,4271962.08,25.12731596,2021-04-13
1618358400000,4460991.72,4456358.54,4540079.99,4360752.0,10.87151782,2021-04-14
1618444800000,4466363.98,4509257.17,4561908.89,4433895.07,11.64419701,2021-04-15
1618531200000,4514821.73,4423258.0,4535577.71,4319000.01,12.98226511,2021-04-16
1618617600000,4423258.0,4373986.86,4493212.95,4350364.57,8.32805673,2021-04-17
1618704000000,4373986.86,4169399.82,4397293.71,3979029.92,13.10984664,2021-04-18
1618790400000,4171522.0,4179652.37,4296349.44,4076175.67,11.90175202,2021-04-19
1618876800000,4178378.07,4265836.03,4302866.78,4012006.6,15.30897854,2021-04-20
1618963200000,4266831.8,4032965.08,4285832.99,4020000.0,11.04673569,2021-04-21
1619049600000,4032961.09,3811605.0,4085471.52,3725889.03,13.49990989,2021-04-22
1619136000000,3811945.97,3757627.47,3834986.99,3500428.91,17.69719315,2021-04-23
1619222400000,3762139.36,3695068.17,3765753.62,3604026.33,6.2320821,2021-04-24
1619308800000,3699502.74,3624461.89,3726165.89,3492249.04,7.14424014,2021-04-25
1619395200000,3625278.11,3966972.9,3999999.0,3619927.12,9.88308191,2021-04-26
1619481600000,3966973.16,3980830.39,4029999.99,3914217.37,8.51286147,2021-04-27
1619568000000,3985603.48,3919108.48,4020000.0,3890574.9,9.4212588,2021-04-28
1619654400000,3923808.81,3849223.48,3952144.99,3765000.01,5.38225266,2021-04-29
1619740800000,3849223.48,4132048.1,4136406.92,3819102.43,7.66297497,2021-04-30
1619827200000,4131037.98,4099551.05,4169338.0,4046305.06,9.12590492,2021-05-01
1619913600000,4096894.19,3997541.99,4096894.19,3944426.34,14.85687304,2021-05-02
1620000000000,3997541.99,4057685.26,4172772.94,3993561.82,8.33874986,2021-05-03
1620086400000,4050032.39,3857717.14,4056029.2,3850000.05,11.10722177,2021-05-04
1620172800000,3854201.6,4132484.86,4169489.01,3843708.03,12.75634377,2021-05-05
1620259200000,4133910.67,3998908.62,4177446.18,3940311.01,14.45165761,2021-05-06
1620345600000,3993976.65,4018745.17,4096226.49,3923057.15,10.24783707,2021-05-07
1620432000000,4018745.16,4126175.17,4155988.0,3999103.3,9.35670435,2021-05-08
1620518400000,4126175.17,4101372.99,4149339.87,3974570.59,9.63561534,2021-05-09
1620604800000,4101372.99,4038144.52,4177710.08,3924116.3,14.6349459,2021-05-10
1620691200000,4037865.41,4082971.96,4092202.15,3946055.72,5.28213942,2021-05-11
1620777600000,4079230.55,3603947.66,4157721.03,3575495.95,18.74374749,2021-05-12
1620864000000,3631939.48,3605894.56,3769486.48,3428279.97,19.38584703,2021-05-13
1620950400000,3604115.02,3640803.46,3742688.69,3556526.0,7.65716446,2021-05-14
1621036800000,3640161.84,3420383.0,3681642.76,3413395.86,13.74056992,2021-05-15
1621123200000,3428517.75,3399715.38,3637414.84,3220993.66,14.01508764,2021-05-16
1621209600000,3400580.34,3187622.78,3420254.0,3096548.53,13.04457781,2021-05-17
1621296000000,3191450.81,3112062.11,3331000.0,3072927.16,9.55500773,2021-05-18
1621382400000,3108329.84,2703987.35,3154393.59,2250052.78,36.61895405,2021-05-19
1621468800000,2733604.46,2995480.27,3115999.91,2596351.53,18.68979439,2021-05-20
1621555200000,2984422.61,2753995.0,3080919.01,2500000.0,23.16022921,2021-05-21
1621641600000,2757302.93,2777514.72,2871164.49,2627776.51,15.83103724,2021-05-22
1621728000000,2774181.33,2589054.0,2828068.71,2330084.67,31.44474655,2021-05-23
1621814400000,2593548.55,2862468.79,2945451.65,2558804.91,12.22698552,2021-05-24
1621900800000,2865906.02,2848853.71,2945270.56,2711764.89,9.70966101,2021-05-25
1621987200000,2841745.27,2893181.23,3006944.07,2807878.29,6.05657544,2021-05-26
1622073600000,2893181.2,2831524.11,2966666.66,2747771.32,5.74857067,2021-05-27
1622160000000,2831524.11,2638077.54,2859115.77,2575617.14,9.61705443,2021-05-28
1622246400000,2644605.06,2566991.77,2753841.69,2503537.25,8.09378528,2021-05-29
1622332800000,2566991.77,2635401.36,2693525.37,2485741.57,4.94007357,2021-05-30
1622419200000,2635401.36,2741755.55,2763062.43,2539235.77,8.26956959,2021-05-31
1622505600000,2740905.6,2667429.67,2781103.14,2607342.45,6.16978981,2021-06-01
1622592000000,2669778.41,2703086.01,2749641.77,2614556.35,8.28495284,2021-06-02
1622678400000,2703086.01,2805519.55,2825685.43,2675900.32,6.85104785,2021-06-03
1622764800000,2801874.64,2674124.18,2801874.64,2578624.72,8.48158931,2021-06-04
1622851200000,2670920.43,2588624.8,2735776.99,2545548.49,5.77143659,2021-06-05
1622937600000,2585522.22,2601326.05,2650026.24,2570589.78,6.81658097,2021-06-06
1623024000000,2600289.85,2437801.18,2666434.94,2425891.1,9.09613987,2021-06-07
1623110400000,2437801.19,2422856.38,2463658.99,2256910.0,11.00410232,2021-06-08
1623196800000,2422035.52,2687053.91,2697269.11,2351564.15,10.04553194,2021-06-09
1623283200000,2693775.24,2617403.81,2742126.01,2558856.56,9.24317886,2021-06-10
1623369600000,2614262.24,2662159.78,2675645.56,2563418.05,5.58782801,2021-06-11
1623456000000,2658702.08,2542489.86,2668557.53,2486756.16,5.46998545,2021-06-12
1623542400000,2541042.18,2783228.25,2798389.95,2492112.91,6.52564184,2021-06-13
1623628800000,2783229.61,2875228.3,2919999.96,2756646.32,9.76334931,2021-06-14
1623715200000,2875228.32,2865198.26,2930995.5,2796729.49,7.57153437,2021-06-15
1623801600000,2861171.03,2756929.24,2874000.0,2737005.13,6.7046246,2021-06-16
1623888000000,2760235.92,2746779.6,2846448.7,2707546.42,5.53728603,2021-06-17
1623974400000,2746111.0,2618339.14,2753652.49,2584916.24,6.18292076,2021-06-18
1624060800000,2621217.96,2608787.58,2664669.61,2570678.15,4.80194257,2021-06-19
1624147200000,2613805.13,2602370.84,2634103.56,2459480.18,7.28694823,2021-06-20
1624233600000,2599253.53,2344436.52,2608885.67,2316130.83,16.65906458,2021-06-21
1624320000000,2338582.94,2375975.39,2450219.33,2134473.48,13.28717841,2021-06-22
1624406400000,2378827.85,2444128.3,2518411.94,2335665.25,10.18507752,2021-06-23
1624492800000,2444128.3,2484023.52,2523283.98,2342299.19,6.60270964,2021-06-24
1624579200000,2490000.0,2275660.19,2538454.07,2256190.21,7.43654796,2021-06-25
1624665600000,2272931.94,2325778.19,2345269.08,2185000.27,9.44808471,2021-06-26
1624752000000,2328571.42,2482098.02,2486756.13,2317200.45,9.36067306,2021-06-27
1624838400000,2484601.0,2465072.59,2516859.8,2433527.39,5.2205831,2021-06-28
1624924800000,2466062.86,2565396.49,2628311.17,2456949.91,8.2715831,2021-06-29
1625011200000,2562320.25,2543937.96,2584146.17,2458839.19,8.74407783,2021-06-30
1625097600000,2543937.96,2457108.33,2544193.63,2400000.02,5.73991936,2021-07-01
1625184000000,2453500.0,2462991.72,2478403.58,2398640.36,3.98408442,2021-07-02
1625270400000,2456844.27,2510734.75,2522784.69,2424667.49,3.08711426,2021-07-03
1625356800000,2507471.38,2543780.72,2581576.67,2486520.33,4.51089123,2021-07-04
1625443200000,2540734.03,2443925.88,2540734.03,2410414.68,8.12547347,2021-07-05
1625529600000,2448107.73,2517000.0,2530992.91,2444929.94,4.82083204,2021-07-06
1625616000000,2513171.7,2493651.71,2565094.0,2493651.71,7.46471125,2021-07-07
1625702400000,2492133.95,2447973.51,2498357.4,2400000.0,6.85804645,2021-07-08
1625788800000,2444800.48,2513224.37,2530000.0,2410000.0,3.56517039,2021-07-09
1625875200000,2513224.37,2492235.88,2540000.07,2460511.0,2.13865966,2021-07-10
1625961600000,2492235.88,2528362.39,2550000.0,2477333.34,2.70572413,2021-07-11
1626048000000,2528357.15,2460855.99,2556045.78,2427420.03,6.53424666,2021-07-12
1626134400000,2457905.85,2428848.61,2467008.79,2385659.95,5.6014499,2021-07-13
1626220800000,2425695.74,2428878.76,2441608.62,2345470.21,4.58166386,2021-07-14
1626307200000,2425719.41,2368463.61,2449349.28,2317628.98,4.20199233,2021-07-15
1626393600000,2365388.84,2316022.23,2379837.85,2300000.9,3.56439782,2021-07-16
1626480000000,2316011.63,2331556.96,2357000.0,2305750.79,1.81384166,2021-07-17
1626566400000,2328758.7,2340170.95,2385523.82,2300976.77,3.71850478,2021-07-18
1626652800000,2337125.65,2287029.96,2348005.69,2258009.01,5.62739675,2021-07-19
1626739200000,2290445.05,2191551.23,2298704.86,2167178.66,4.06653394,2021-07-20
1626825600000,2192553.3,2343242.1,2387699.68,2172379.93,5.0124044,2021-07-21
1626912000000,2340432.62,2332270.5,2360486.74,2301474.86,3.1946935,2021-07-22
1626998400000,2335000.0,2421167.01,2421167.01,2312918.7,5.00846022,2021-07-23
1627084800000,2421814.51,2470448.57,2486426.06,2411653.96,4.82955801,2021-07-24
1627171200000,2470000.0,2544445.01,2544445.01,2446608.7,5.59744734,2021-07-25
1627257600000,2544445.0,2667108.56,2897922.79,2539226.26,17.74544314,2021-07-26
1627344000000,2663912.98,2818677.81,2818677.81,2603129.0,6.27363025,2021-07-27
1627430400000,2815017.87,2845550.94,2907947.28,2778478.56,5.6279739,2021-07-28
1627516800000,2848964.1,2834999.99,2878669.58,2797884.38,3.46925943,2021-07-29
1627603200000,2834999.0,2976634.95,2976634.95,2710696.08,6.47203327,2021-07-30
1627689600000,2977314.0,2914149.9,2982075.59,2900208.05,5.51339178,2021-07-31
1627776000000,2910657.71,2814443.57,2990796.99,2784020.01,4.16728626,2021-08-01
1627862400000,2814443.57,2770876.63,2852078.72,2743867.01,6.12387299,2021-08-02
1627948800000,2770096.0,2721721.7,2807952.17,2687482.82,2.96945083,2021-08-03
1628035200000,2724989.91,2847224.0,2858146.49,2681866.41,4.65948262,2021-08-04
1628121600000,2845309.0,2906820.0,2944077.01,2672926.0,5.47318048,2021-08-05
1628208000000,2907072.0,3028748.97,3061619.5,2831341.03,6.37180917,2021-08-06
1628294400000,3029395.99,3146931.16,3151461.28,3009446.0,6.99084957,2021-08-07
1628380800000,3143162.3,3105980.21,3195000.0,3071014.99,5.11234564,2021-08-08
1628467200000,3109707.91,3289846.1,3297499.0,3046648.01,7.00294127,2021-08-09
1628553600000,3281838.6,3254112.06,3304949.99,3184922.14,5.76212768,2021-08-10
1628640000000,3251292.0,3231127.94,3317842.48,3231127.94,4.72280674,2021-08-11
1628726400000,3230000.0,3163038.01,3271248.99,3116923.89,4.14866705,2021-08-12
1628812800000,3170021.42,3373680.2,3373680.2,3158318.46,7.55095115,2021-08-13
1628899200000,3372227.0,3320038.01,3388615.47,3260000.0,3.96659697,2021-08-14
1628985600000,3325818.56,3307141.03,3339999.98,3210141.01,2.98373295,2021-08-15
1629072000000,3309923.03,3242807.88,3364523.0,3224579.01,6.47000848,2021-08-16
1629158400000,3238919.94,3177171.0,3329635.53,3166161.0,3.19101604,2021-08-17
1629244800000,3178377.0,3196422.14,3276000.0,3160000.0,6.11853101,2021-08-18
1629331200000,3193590.03,3322652.81,3336000.0,3148409.4,6.30309029,2021-08-19
1629417600000,3325823.99,3499900.0,3499900.0,3310430.61,12.11997261,2021-08-20
1629504000000,3499898.0,3479118.29,3535398.62,3431187.96,3.62825504,2021-08-21
1629590400000,3476176.0,3509715.99,3519027.33,3426431.39,2.27889509,2021-08-22
1629676800000,3510054.48,3518135.99,3581838.99,3488794.67,5.81238085,2021-08-23
1629763200000,3518135.98,3398974.03,3550719.27,3397029.86,4.69158706,2021-08-24
1629849600000,3406330.47,3502524.0,3522682.48,3369086.0,2.84424336,2021-08-25
1629936000000,3506000.0,3375929.23,3532997.99,3322765.81,2.63199393,2021-08-26
1630022400000,3374141.31,3489205.1,3501355.02,3341448.3,3.03669392,2021-08-27
1630108800000,3493393.9,3472556.02,3503797.01,3446984.0,2.28091054,2021-08-28
1630195200000,3476721.0,3478347.0,3525992.01,3411750.02,3.72551657,2021-08-29
1630281600000,3476354.94,3346281.83,3476354.94,3340000.0,4.23647393,2021-08-30
1630368000000,3346277.76,3349482.47,3416678.34,3323326.0,5.44691574,2021-08-31
1630454400000,3345472.74,3447631.56,3462401.0,3313520.17,4.38008716,2021-09-01
1630540800000,3449953.01,3474634.0,3538826.0,3439012.0,5.85495917,2021-09-02
1630627200000,3472120.51,3505938.83,3563801.0,3411378.3,6.87920147,2021-09-03
1630713600000,3502961.0,3514368.75,3546692.8,3480947.0,2.18429662,2021-09-04
1630800000000,3509807.97,3626339.0,3634362.27,3484643.04,3.44194902,2021-09-05
1630886400000,3629995.59,3703577.0,3707685.71,3578408.83,4.83665772,2021-09-06
1630972800000,3703878.0,3393278.52,3718765.0,3071235.01,11.14862013,2021-09-07
1631059200000,3397346.0,3328949.79,3430089.92,3220718.01,2.7279188,2021-09-08
1631145600000,3328968.0,3356912.37,3415000.0,3299216.0,5.11817979,2021-09-09
1631232000000,3352882.8,3262040.85,3397750.12,3230558.46,4.16048059,2021-09-10
1631318400000,3265942.61,3289521.08,3344236.27,3261700.94,2.14074092,2021-09-11
1631404800000,3292093.07,3344944.51,3365391.83,3259976.01,3.52799638,2021-09-12
1631491200000,3342470.56,3261938.75,3388857.05,3159175.74,4.50267661,2021-09-13
1631577600000,3257694.62,3394048.33,3397999.99,3245993.77,4.82680002,2021-09-14
1631664000000,3394051.39,3423784.38,3455156.78,3368010.0,3.45475035,2021-09-15
1631750400000,3420860.29,3375745.0,3432007.98,3325101.0,4.45248573,2021-09-16
1631836800000,3371997.0,3347220.37,3391580.98,3322000.01,3.84587521,2021-09-17
1631923200000,3351239.15,3412116.05,3449287.89,3335993.12,2.76451965,2021-09-18
1632009600000,3416191.12,3341641.0,3416191.12,3319527.0,2.35773664,2021-09-19
1632096000000,3338915.57,3076978.76,3339248.2,3050000.0,5.46523156,2021-09-20
1632182400000,3081087.58,2912225.64,3119531.84,2824311.03,4.94529484,2021-09-21
1632268800000,2910324.0,3095848.01,3114241.0,2908460.64,4.42224988,2021-09-22
1632355200000,3095604.0,3148957.03,3163638.62,3063835.07,2.01547927,2021-09-23
1632441600000,3144415.88,3007409.51,3155698.7,2898376.01,3.90859434,2021-09-24
1632528000000,3003802.14,2993942.0,3014926.49,2922976.02,1.75212523,2021-09-25
1632614400000,2989562.85,3009327.01,3060707.91,2863237.39,4.05187209,2021-09-26
1632700800000,3009370.01,3009056.52,3070326.97,2967488.59,10.44585614,2021-09-27
1632787200000,3005449.91,2884261.99,3023827.94,2877422.0,7.25530979,2021-09-28
1632873600000,2884725.0,2899837.0,2970000.0,2857226.02,4.54572092,2021-09-29
1632960000000,2895798.08,3030968.05,3053164.62,2895021.0,4.13787247,2021-09-30
1633046400000,3035088.06,3340600.0,3366103.75,3002044.41,9.98046351,2021-10-01
1633132800000,3340600.0,3317574.05,3365396.09,3294547.0,4.55746393,2021-10-02
1633219200000,3318610.01,3363510.98,3420905.0,3285259.87,5.15088349,2021-10-03
1633305600000,3359459.01,3438927.38,3448279.77,3285038.0,3.3610447,2021-10-04
1633392000000,3438927.38,3568800.0,3586000.0,3430345.55,5.35024955,2021-10-05
1633478400000,3567992.08,3831310.32,3845119.38,3492426.03,12.47116978,2021-10-06
1633564800000,3821748.82,3701040.01,3821748.82,3667960.88,8.07547486,2021-10-07
1633651200000,3702822.88,3713327.54,3863622.46,3701267.0,3.02018768,2021-10-08
1633737600000,3722551.64,3773357.05,3805999.96,3710103.45,1.65729353,2021-10-09
1633824000000,3771654.89,3749293.42,3861301.85,3726672.02,2.05739782,2021-10-10
1633910400000,3744418.0,3932976.99,3936358.0,3730975.78,5.33937826,2021-10-11
1633996800000,3933575.99,3858258.31,3947046.98,3730693.46,4.27028912,2021-10-12
1634083200000,3853633.15,3957428.0,3975774.0,3751210.0,3.93572429,2021-10-13
1634169600000,3956052.0,3909921.77,4000000.0,3883007.74,8.16668111,2021-10-14
1634256000000,3906370.65,4171503.68,4255378.31,3882265.77,7.07136798,2021-10-15
1634342400000,4171091.71,4144444.01,4219692.95,4100000.0,4.70010787,2021-10-16
1634428800000,4144444.01,4200041.0,4201665.3,4031479.55,1.8401719,2021-10-17
1634515200000,4203190.0,4237141.25,4274500.0,4106639.65,3.49401436,2021-10-18
1634601600000,4237576.0,4349468.17,4360000.0,4181205.0,4.7411612,2021-10-19
1634688000000,4351256.01,4441022.01,4517312.0,4298829.0,6.18318067,2021-10-20
1634774400000,4441022.01,4227124.0,4486639.82,4222988.0,8.67721709,2021-10-21
1634860800000,4225946.58,4100938.0,4316040.65,4062411.03,5.48094647,2021-10-22
1634947200000,4100938.0,4132896.0,4163405.25,4042594.28,2.33158436,2021-10-23
1635033600000,4132381.0,4102011.08,4138343.0,4023206.53,1.84586925,2021-10-24
1635120000000,4106491.88,4273218.75,4300000.0,4099273.09,7.82598218,2021-10-25
1635206400000,4261575.0,4140000.0,4272242.78,3990000.0,3.50765378,2021-10-26
1635292800000,4140000.0,4105538.4,4270000.0,4021203.15,5.73585414,2021-10-27
1635379200000,4105221.0,4194900.68,4332010.99,4050000.0,7.31610071,2021-10-28
1635465600000,4200343.8,4271515.55,4338811.0,4174113.35,4.1135028,2021-10-29
1635552000000,4266442.82,4240818.55,4276643.57,4164820.64,6.5048191,2021-10-30
1635638400000,4245897.94,4230258.78,4276575.48,4144883.61,2.64566163,2021-10-31
1635724800000,4235774.97,4235106.13,4317587.05,4131033.41,4.4964499,2021-11-01
1635811200000,4235000.0,4364452.37,4415766.0,4215219.62,5.93234826,2021-11-02
1635897600000,4368777.69,4355012.0,4394410.96,4215096.26,6.16374993,2021-11-03
1635984000000,4353345.86,4265501.81,4369467.6,4219708.72,4.18850179,2021-11-04
1636070400000,4266750.62,4260847.42,4378034.96,4239994.76,3.43197783,2021-11-05
1636156800000,4260847.42,4298000.0,4300000.0,4210519.99,2.11814454,2021-11-06
1636243200000,4296319.08,4367578.37,4367578.37,4291139.0,4.67982361,2021-11-07
1636329600000,4369126.0,4617372.37,4623260.85,4369126.0,12.90598262,2021-11-08
1636416000000,4613143.0,4589803.65,4684043.99,4541610.44,8.13671905,2021-11-09
1636502400000,4589317.42,4508178.42,4732377.07,4411873.54,8.65818874,2021-11-10
1636588800000,4507565.67,4545699.36,4572833.23,4464682.22,4.08008969,2021-11-11
1636675200000,4546325.92,4580015.87,4596936.47,4460600.04,5.27026423,2021-11-12
1636761600000,4580015.87,4590049.27,4615754.22,4520000.0,1.74191799,2021-11-13
1636848000000,4585935.49,4653582.91,4656601.71,4536437.45,2.25144709,2021-11-14
1636934400000,4653591.74,4496946.34,4695760.01,4486389.35,5.76499586,2021-11-15
1637020800000,4491552.27,4340651.18,4491552.27,4200000.0,9.58370872,2021-11-16
1637107200000,4332430.87,4345618.0,4378829.34,4230000.0,5.09855765,2021-11-17
1637193600000,4345067.0,4137161.0,4379866.55,4111465.33,6.88047752,2021-11-18
1637280000000,4140453.64,4237679.0,4252999.99,4060006.92,5.45073311,2021-11-19
1637366400000,4241025.06,4334034.81,4336683.54,4179428.88,3.43422258,2021-11-20
1637452800000,4328213.71,4254872.97,4339046.2,4242408.33,2.74110152,2021-11-21
1637539200000,4245962.24,4160678.74,4353002.39,4108082.0,6.86343111,2021-11-22
1637625600000,4166086.19,4221633.73,4266078.95,4096383.68,5.49873132,2021-11-23
1637712000000,4216611.32,4210604.0,4231842.42,4112107.0,6.19295116,2021-11-24
1637798400000,4211089.15,4297886.76,4340043.02,4193519.79,4.51996168,2021-11-25
1637884800000,4303480.78,4052848.75,4318340.95,4015516.45,11.7205166,2021-11-26
1637971200000,4055337.77,4142236.97,4156198.85,4055337.77,2.89648073,2021-11-27
1638057600000,4135924.88,4319519.0,4334000.0,4055622.47,4.45548482,2021-11-28
1638144000000,4319519.0,4250295.89,4363929.77,4211197.64,5.34488874,2021-11-29
1638230400000,4246751.0,4114776.26,4272636.32,4107519.0,7.02323756,2021-11-30
1638316800000,4111334.56,4141436.17,4226163.99,4074913.03,9.08568205,2021-12-01
1638403200000,4141436.17,4091406.0,4153737.95,4052783.64,6.64522771,2021-12-02
1638489600000,4093161.01,3971258.73,4157803.27,3838383.0,7.7829709,2021-12-03
1638576000000,3961351.38,3694636.15,4130000.0,3240000.05,12.98528195,2021-12-04
1638662400000,3699066.98,3686374.03,3725644.84,3581212.81,4.51722417,2021-12-05
1638748800000,3685524.0,3761877.96,3784800.69,3505596.82,7.79728618,2021-12-06
1638835200000,3762591.43,3726331.13,3839569.0,3687173.75,8.68704648,2021-12-07
1638921600000,3725599.45,3682487.01,3737948.97,3568143.98,5.39176969,2021-12-08
1639008000000,3683131.32,3479805.08,3702029.0,3465054.5,5.2710209,2021-12-09
1639094400000,3480663.63,3455712.01,3648925.95,3443121.03,5.09094381,2021-12-10
1639180800000,3459332.18,3621618.0,3629688.83,3434189.46,2.29623849,2021-12-11
1639267200000,3625338.19,3671510.99,3710654.97,3576231.03,2.15075356,2021-12-12
1639353600000,3673456.2,3444311.0,3675276.97,3379599.03,2.62762615,2021-12-13
1639440000000,3438466.69,3573065.54,3586313.59,3411711.11,3.27012428,2021-12-14
1639526400000,3564531.15,3560702.0,3635282.31,3450950.36,5.87797926,2021-12-15
1639612800000,3565028.99,3443006.7,3590949.33,3440000.0,3.08201997,2021-12-16
1639699200000,3443006.7,3353233.02,3463400.0,3303351.3,6.37068073,2021-12-17
1639785600000,3359211.22,3404092.22,3428371.64,3309105.43,1.86472515,2021-12-18
1639872000000,3397614.03,3384779.98,3490755.34,3369226.94,1.93549968,2021-12-19
1639958400000,3381353.19,3405739.28,3443251.75,3300000.0,4.9503995,2021-12-20
1640044800000,3410171.67,3534743.12,3568021.77,3385733.54,3.36696959,2021-12-21
1640131200000,3530505.53,3507939.0,3577000.0,3491334.03,2.84712329,2021-12-22
1640217600000,3508454.0,3638297.2,3680544.63,3455126.8,4.1508536,2021-12-23
1640304000000,3642660.29,3647052.29,3722162.87,3624870.77,3.26479732,2021-12-24
1640390400000,3651430.8,3628993.3,3674644.52,3610000.02,1.47937833,2021-12-25
1640476800000,3625596.05,3650820.88,3679737.54,3563500.04,1.47878046,2021-12-26
1640563200000,3655813.19,3633592.25,3720000.0,3614110.03,3.75862892,2021-12-27
1640649600000,3629234.62,3434238.05,3629234.62,3413715.42,3.62231726,2021-12-28
1640736000000,3434097.0,3360913.93,3483168.83,3339314.23,4.89438667,2021-12-29
1640822400000,3360913.93,3434827.99,3490164.82,3325260.63,5.22284729,2021-12-30
1640908800000,3430921.41,3380922.09,3547409.43,3356682.69,4.17430738,2021-12-31
1640995200000,3389380.41,3484143.63,3499883.75,3388292.0,1.08682816,2022-01-01
1641081600000,3483957.12,3460323.0,3496715.69,3413514.81,1.41084603,2022-01-02
1641168000000,3458848.94,3385055.78,3458848.94,3345875.05,4.93500827,2022-01-03
1641254400000,3385051.88,3376911.32,3497813.0,3352767.29,3.17385551,2022-01-04
1641340800000,3372865.98,3257266.03,3474830.14,3189002.96,4.93400718,2022-01-05
1641427200000,3253359.78,3229994.2,3281103.18,3181025.13,4.38020307,2022-01-06
1641513600000,3227913.97,3076404.05,3227913.97,3000474.0,4.75549564,2022-01-07
1641600000000,3082732.73,3100943.41,3138670.08,3016587.87,2.61791555,2022-01-08
1641686400000,3097228.76,3104665.74,3164518.46,3067656.8,1.79251046,2022-01-09
1641772800000,3104536.0,3098005.17,3123647.9,2945082.91,7.58104579,2022-01-10
1641859200000,3093777.76,3149799.93,3176815.26,3065480.0,3.70093048,2022-01-11
1641945600000,3154028.39,3250216.3,3273687.81,3133165.01,3.03972867,2022-01-12
1642032000000,3246003.66,3218685.28,3329105.27,3199445.76,3.5089606,2022-01-13
1642118400000,3214829.59,3246141.05,3267809.86,3165319.02,2.97935786,2022-01-14
1642204800000,3246141.01,3231642.66,3276180.55,3202169.0,1.75982379,2022-01-15
1642291200000,3231642.66,3216205.22,3238801.99,3178014.09,2.85566009,2022-01-16
1642377600000,3212353.15,3161377.11,3215458.53,3123190.92,7.29541235,2022-01-17
1642464000000,3164660.07,3220212.0,3237902.98,3126924.78,3.14355605,2022-01-18
1642550400000,3218220.92,3155009.97,3227990.0,3131732.11,4.19738564,2022-01-19
1642636800000,3153259.81,3060124.45,3275000.0,3050908.0,4.78026772,2022-01-20
1642723200000,3056156.78,2806166.06,3108212.14,2742679.72,9.98756839,2022-01-21
1642809600000,2804988.99,2707838.79,2826432.36,2622342.21,9.93161451,2022-01-22
1642896000000,2707838.79,2814595.0,2828628.44,2694527.31,4.17082858,2022-01-23
1642982400000,2814022.0,2892975.91,2946583.84,2611817.31,8.41386379,2022-01-24
1643068800000,2890679.0,2917475.85,2959767.22,2810622.38,3.20862867,2022-01-25
1643155200000,2915956.97,2931226.75,3090000.0,2877590.06,6.51296011,2022-01-26
1643241600000,2927420.52,2920710.28,2952410.39,2796855.66,4.74162768,2022-01-27
1643328000000,2916919.73,2960182.0,2970162.45,2820610.36,2.86904647,2022-01-28
1643414400000,2955650.4,2977459.01,3019355.0,2920992.07,2.46169658,2022-01-29
1643500800000,2972701.94,2948737.47,2991782.67,2915642.0,2.85852651,2022-01-30
1643587200000,2948737.47,2964212.37,2984444.36,2851224.72,3.70159175,2022-01-31
1643673600000,2959835.04,2955652.67,2992610.0,2913423.35,4.33304868,2022-02-01
1643760000000,2952107.92,2800522.38,2959493.14,2786564.99,3.09503284,2022-02-02
1643846400000,2796884.83,2841694.32,2847953.99,2766858.45,2.51705173,2022-02-03
1643932800000,2841141.63,3113652.02,3120000.0,2826264.32,5.32788422,2022-02-04
1644019200000,3105151.26,3086600.75,3127887.92,3049807.85,2.16042081,2022-02-05
1644105600000,3084986.7,3150159.62,3160193.15,3057119.83,3.12305796,2022-02-06
1644192000000,3146382.47,3246407.9,3304797.83,3097722.9,5.81573373,2022-02-07
1644278400000,3250301.7,3250024.76,3353236.69,3157520.42,4.08039323,2022-02-08
1644364800000,3254245.67,3262047.91,3289539.87,3178056.78,2.76155494,2022-02-09
1644451200000,3257794.2,3226740.0,3363000.0,3181031.76,3.78902642,2022-02-10
1644537600000,3227702.0,3249745.86,3320396.69,3180000.0,4.46437698,2022-02-11
1644624000000,3252555.77,3250622.0,3309615.9,3211586.58,1.94374134,2022-02-12
1644710400000,3246941.99,3254191.41,3284045.97,3230865.07,1.74992601,2022-02-13
1644796800000,3250289.96,3254407.4,3279999.99,3216147.99,20.60094318,2022-02-14
1644883200000,3250809.2,3321633.12,3330000.03,3246034.3,4.94659336,2022-02-15
1644969600000,3317653.53,3246840.68,3317653.53,3215302.16,3.04369237,2022-02-16
1645056000000,3245679.96,3054160.67,3274555.41,3034312.34,3.84045454,2022-02-17
1645142400000,3050502.83,3074124.01,3092113.76,3017772.83,2.63434299,2022-02-18
1645228800000,3069058.57,3072368.98,3101178.39,3041566.99,1.92717938,2022-02-19
1645315200000,3073609.02,2948830.0,3074505.92,2922326.71,2.24057055,2022-02-20
1645401600000,2946926.85,2950678.62,3062636.68,2896945.05,9.30374306,2022-02-21
1645488000000,2954222.32,3004094.19,3011627.02,2889809.14,5.84629721,2022-02-22
1645574400000,3000491.58,2998825.01,3123775.0,2946996.56,3.63286296,2022-02-23
1645660800000,3004413.34,3195697.0,3300100.0,2859830.0,89.28717516,2022-02-24
1645747200000,3193803.0,3203003.0,3260865.43,3102177.0,32.73404051,2022-02-25
1645833600000,3200122.07,3195363.98,3277011.99,3149377.43,6.86183731,2022-02-26
1645920000000,3191214.82,3367949.81,3450000.0,3132065.78,7.39798557,2022-02-27
1646006400000,3384490.54,4169330.07,4199999.97,3277236.15,33.16277062,2022-02-28
1646092800000,4180971.61,4314177.93,4321904.0,3600000.0,14.33118346,2022-03-01
1646179200000,4319353.41,4370000.0,4499000.0,3905000.0,33.92383479,2022-03-02
1646265600000,4370000.0,4540811.95,4700000.0,4110797.0,23.68403631,2022-03-03
1646352000000,4540810.95,4465421.0,4637332.81,4266940.93,16.39579884,2022-03-04
1646438400000,4468213.0,4276889.5,4469076.0,4106186.86,11.9213474,2022-03-05
1646524800000,4287581.63,4233198.99,4320411.96,4152422.92,8.19173359,2022-03-06
1646611200000,4236438.8,4623783.88,4750000.0,3955003.53,24.89347537,2022-03-07
1646697600000,4612252.5,4640185.64,4787582.34,4435141.39,9.68598217,2022-03-08
1646784000000,4651633.98,5046848.02,5143759.32,4642315.52,25.33494096,2022-03-09
1646870400000,5034258.32,4873013.55,5110002.51,4530832.2,23.06096061,2022-03-10
1646956800000,4873014.54,4815682.85,4888880.88,4597938.69,17.07104561,2022-03-11
1647043200000,4809911.95,4786919.32,4869200.1,4735430.4,1.30244109,2022-03-12
1647129600000,4781168.48,4594964.35,4830357.99,4522942.33,8.49246771,2022-03-13
1647216000000,4606464.52,4712403.1,4763793.1,4518237.86,5.42603755,2022-03-14
1647302400000,4718519.59,4395753.6,4729856.22,4395753.6,3.66040555,2022-03-15
1647388800000,4395753.6,4333496.35,4608487.0,4260994.15,3.74328113,2022-03-16
1647475200000,4317642.42,4266598.81,4328439.94,4114888.0,3.92751865,2022-03-17
1647561600000,4255967.2,4347101.01,4407476.1,4147528.65,7.48383234,2022-03-18
1647648000000,4350345.47,4352682.01,4370611.54,4314585.85,3.06927532,2022-03-19
1647734400000,4352682.01,4532991.92,4549999.96,4189428.06,9.83582886,2022-03-20
1647820800000,4532992.26,4337644.08,4684962.0,4229574.0,7.27076442,2022-03-21
1647907200000,4333727.09,4439409.41,4509567.74,4324081.13,6.77304763,2022-03-22
1647993600000,4439408.41,4246700.91,4471166.51,4214479.46,5.1632153,2022-03-23
1648080000000,4252192.27,4451000.0,4495000.0,4214479.46,10.00048119,2022-03-24
1648166400000,4439981.35,4485993.22,4505288.34,4289796.79,13.00374408,2022-03-25
1648252800000,4486000.0,4456483.02,4499366.63,4450000.0,2.4067384,2022-03-26
1648339200000,4456506.12,4554781.89,4574623.09,4421008.01,1.97028815,2022-03-27
1648425600000,4556298.26,4432278.99,4595000.0,4384626.0,11.45162113,2022-03-28
1648512000000,4435741.73,4232778.27,4435741.74,4142512.31,6.15417147,2022-03-29
1648598400000,4232775.68,4092998.99,4232776.72,4062196.55,2.44566486,2022-03-30
1648684800000,4087687.38,4000542.66,4179636.59,3900000.0,2.05627307,2022-03-31
1648771200000,4001238.69,4157007.58,4262339.84,3848721.03,4.10178104,2022-04-01
1648857600000,4157042.88,4128338.54,4224997.75,4078898.0,1.57885406,2022-04-02
1648944000000,4148972.68,4154474.49,4246293.78,4091020.0,3.00377887,2022-04-03
1649030400000,4154475.81,4123141.99,4213409.6,4042104.01,9.08773291,2022-04-04
1649116800000,4124639.68,4110000.33,4235381.0,4100000.0,5.12727425,2022-04-05
1649203200000,4110000.01,3859699.42,4173613.16,3859697.47,4.62360311,2022-04-06
1649289600000,3899332.33,3775891.05,3995001.06,3712054.0,4.55247707,2022-04-07
1649376000000,3765585.99,3618908.01,3817275.0,3540834.83,14.47913145,2022-04-08
1649462400000,3623507.01,3584563.01,3639956.96,3546023.07,2.50838838,2022-04-09
1649548800000,3575703.03,3503804.17,3587591.0,3462133.77,3.19771742,2022-04-10
1649635200000,3505259.01,3364633.36,3587590.99,3333199.4,10.84922355,2022-04-11
1649721600000,3357347.01,3495186.44,3517141.91,3353285.0,5.64786368,2022-04-12
1649808000000,3494633.93,3500000.01,3534717.4,3350001.07,3.91974805,2022-04-13
1649894400000,3530981.0,3454614.68,3563884.0,3450000.03,2.51103712,2022-04-14
1649980800000,3467538.27,3460309.01,3566584.65,3450000.0,3.61756922,2022-04-15
1650067200000,3457158.01,3483790.01,3500054.52,3449052.72,1.25057289,2022-04-16
1650153600000,3481538.01,3435692.92,3513635.63,3435692.92,1.58521732,2022-04-17
1650240000000,3452841.28,3480906.99,3520171.99,3309252.0,9.73052144,2022-04-18
1650326400000,3472830.01,3470444.01,3489999.99,3365336.94,2.91506071,2022-04-19
1650412800000,3466101.25,3456513.0,3491000.0,3400715.0,4.22659654,2022-04-20
1650499200000,3465075.0,3313871.99,3491000.0,3273226.32,7.30678345,2022-04-21
1650585600000,3305000.0,3205911.88,3336484.23,3170000.12,3.19715972,2022-04-22
1650672000000,3186047.63,3173492.0,3218512.16,3170000.11,1.00764671,2022-04-23
1650758400000,3170000.12,3204239.99,3218774.41,3165000.0,1.38327928,2022-04-24
1650844800000,3190772.91,3232256.01,3255410.41,3069508.01,4.02658064,2022-04-25
1650931200000,3239001.0,3004348.0,3262366.0,2974935.83,7.38713956,2022-04-26
1651017600000,3004583.17,3058942.99,3089512.9,2998538.0,4.21782296,2022-04-27
1651104000000,3053000.01,3069815.01,3117512.0,3006171.67,5.86190499,2022-04-28
1651190400000,3071997.01,2945082.0,3085384.99,2911139.03,5.30525297,2022-04-29
1651276800000,2947981.0,2881552.99,2960742.55,2871329.01,2.60182694,2022-04-30
1651363200000,2882965.99,2950000.0,2950000.0,2867772.0,4.34458743,2022-05-01
1651449600000,2948060.48,2876998.99,2976499.88,2860000.12,5.77579491,2022-05-02
1651536000000,2876998.99,2800000.01,2894013.0,2800000.0,4.21854841,2022-05-03
1651622400000,2800000.01,2872721.01,2884388.0,2760783.0,2.98051196,2022-05-04
1651708800000,2876840.01,2680000.02,2891496.04,2664000.01,1.69934266,2022-05-05
1651795200000,2680000.03,2747186.01,2760000.0,2660000.01,1.69683204,2022-05-06
1651881600000,2746000.01,2735399.99,2759999.99,2681385.01,1.4369851,2022-05-07
1651968000000,2681479.09,2690000.0,2735399.99,2650001.11,0.91502715,2022-05-08
1652054400000,2690000.0,2508531.19,2699998.99,2500000.0,1.924883,2022-05-09
1652140800000,2564152.72,2500000.0,2699998.0,2500000.0,1.43841814,2022-05-10
1652227200000,2554099.08,2300000.01,2735400.0,2300000.0,2.91498297,2022-05-11
1652313600000,2391040.73,2155991.01,2548973.28,2155991.0,2.48322424,2022-05-12
1652400000000,2209999.97,2324160.0,2546522.27,2155991.01,1.48932582,2022-05-13
1652486400000,2319999.99,2222600.14,2359999.98,2222454.25,0.82527704,2022-05-14
1652572800000,2261590.67,2300362.01,2588607.26,2222500.12,0.63437552,2022-05-15
1652659200000,2300000.54,2199869.22,2648561.79,2158000.0,1.27238568,2022-05-16
1652745600000,2199869.22,2246949.61,2248000.01,2158000.0,1.04474639,2022-05-17
1652832000000,2208323.01,2070983.99,2239311.0,2066805.0,1.09424285,2022-05-18
1652918400000,2070518.97,2079938.0,2110000.0,2013225.0,1.73696804,2022-05-19
1653004800000,2076308.0,1991387.01,2103895.0,1950000.01,4.53998078,2022-05-20
1653091200000,1992035.99,2000540.01,2013078.99,1976577.01,0.9683048,2022-05-21
1653177600000,2007277.99,2055487.01,2059999.99,1990000.01,1.63839669,2022-05-22
1653264000000,2054610.01,1848824.99,2057355.01,1835123.02,4.70395102,2022-05-23
1653350400000,1859377.0,1785116.53,1862667.15,1758056.99,2.95437461,2022-05-24
1653436800000,1819321.0,1884628.01,1922343.0,1773971.1,3.87453837,2022-05-25
1653523200000,1879159.01,1986464.99,2022839.78,1836535.0,7.07969136,2022-05-26
1653609600000,1978711.99,2042847.27,2104365.78,1948163.57,7.7930637,2022-05-27
1653696000000,2050000.0,2056435.01,2061166.23,2025985.0,0.63387138,2022-05-28
1653782400000,2054913.01,2109141.96,2109141.96,2047225.01,1.4162432,2022-05-29
1653868800000,2109077.0,2161241.06,2176435.01,2033927.0,7.03681326,2022-05-30
1653955200000,2149197.0,2068810.99,2149488.0,2018777.01,4.86381736,2022-05-31
1654041600000,2064346.01,1920654.99,2072802.99,1889276.0,5.88860999,2022-06-01
1654128000000,1919831.99,1969280.01,1980336.99,1841598.13,8.19443454,2022-06-02
1654214400000,1971139.99,1934488.99,1983277.54,1891310.0,2.98715331,2022-06-03
1654300800000,1929373.01,1937879.01,1946309.01,1919602.37,1.14847838,2022-06-04
1654387200000,1943303.01,1947306.99,1959101.99,1925298.9,1.11000474,2022-06-05
1654473600000,1949360.99,1997919.99,2024844.61,1948254.6,4.05898362,2022-06-06
1654560000000,1997919.0,2020083.99,2042924.71,1885775.36,3.35633012,2022-06-07
1654646400000,2014429.02,1910939.99,2025533.99,1900100.01,3.16902548,2022-06-08
1654732800000,1908259.81,1863555.84,1931085.54,1847063.18,3.94495045,2022-06-09
1654819200000,1863555.83,1809241.0,1892870.0,1809240.99,3.68406766,2022-06-10
1654905600000,1813971.99,1780270.99,1826333.99,1765000.01,1.43892708,2022-06-11
1654992000000,1786500.0,1730494.57,1793202.53,1720269.45,1.90567689,2022-06-12
1655078400000,1730494.57,1459997.17,1751193.39,1449710.06,3.88608048,2022-06-13
1655164800000,1499826.67,1453535.96,1499831.01,1371156.0,2.45948976,2022-06-14
1655251200000,1462030.33,1423531.01,1462030.33,1301000.0,2.56211775,2022-06-15
1655337600000,1371629.28,1301000.0,1435926.98,1301000.0,3.32555046,2022-06-16
1655424000000,1301182.0,1307132.1,1358999.98,1300005.0,1.91033648,2022-06-17
1655510400000,1314500.0,1201534.99,1400000.0,1139269.25,2.61310258,2022-06-18
1655596800000,1196272.99,1280181.99,1302009.99,1139999.99,2.67813517,2022-06-19
1655683200000,1284332.0,1280000.0,1319999.95,1224938.0,2.9235432,2022-06-20
1655769600000,1279999.97,1259000.0,1320000.0,1252258.63,1.34061697,2022-06-21
1655856000000,1250000.0,1204777.01,1289746.25,1177000.0,3.95169238,2022-06-22
1655942400000,1201802.99,1247368.72,1249626.7,1191124.0,3.79400489,2022-06-23
1656028800000,1247783.85,1238252.27,1259280.12,1199100.22,5.1800978,2022-06-24
1656115200000,1238360.02,1237463.3,1249452.99,1211836.01,3.05580421,2022-06-25
1656201600000,1237461.48,1196254.22,1246000.0,1195538.01,2.4324683,2022-06-26
1656288000000,1196229.87,1170816.51,1225278.99,1168198.12,4.54856272,2022-06-27
1656374400000,1170182.01,1165953.89,1201441.07,1153746.05,3.39988111,2022-06-28
1656460800000,1165230.38,1135070.73,1177111.81,1100000.0,7.13145891,2022-06-29
1656547200000,1135105.01,1171731.4,1178845.6,1100000.0,3.41372725,2022-06-30
1656633600000,1179018.0,1165348.3,1228000.0,1100000.01,7.08220703,2022-07-01
1656720000000,1164704.96,1170955.0,1179383.99,1153000.02,2.03937785,2022-07-02
1656806400000,1170658.13,1168581.67,1187798.9,1149531.0,1.68406327,2022-07-03
1656892800000,1168563.0,1244634.86,1244999.99,1131589.87,5.10852328,2022-07-04
1656979200000,1244419.69,1307124.21,1344905.99,1199036.0,5.93070814,2022-07-05
1657065600000,1306087.87,1312004.94,1355000.0,1265506.07,7.68836623,2022-07-06
1657152000000,1318572.01,1378343.28,1395992.27,1304111.15,4.0772526,2022-07-07
1657238400000,1377790.21,1423200.01,1445040.97,1365354.0,6.52469822,2022-07-08
1657324800000,1435535.71,1432166.96,1452268.08,1415974.0,2.27776237,2022-07-09
1657411200000,1431460.2,1401939.04,1436895.9,1378617.0,2.61052111,2022-07-10
1657497600000,1402538.94,1342871.56,1419999.98,1303796.0,4.16327439,2022-07-11
1657584000000,1342871.41,1239396.29,1361360.99,1229613.0,3.87464404,2022-07-12
1657670400000,1240901.52,1301788.59,1306318.72,1226801.0,3.17138992,2022-07-13
1657756800000,1303013.84,1315646.74,1333242.26,1268173.01,2.64248761,2022-07-14
1657843200000,1314676.74,1309406.15,1359372.55,1303431.01,5.40708551,2022-07-15
1657929600000,1309789.38,1328786.01,1353016.99,1291103.95,3.56820647,2022-07-16
1658016000000,1328471.57,1300242.58,1352723.22,1298624.0,3.96341004,2022-07-17
1658102400000,1300368.96,1381307.83,1409999.99,1298624.0,6.95579955,2022-07-18
1658188800000,1383173.53,1401237.43,1416800.44,1295052.0,7.47166601,2022-07-19
1658275200000,1400422.62,1360830.58,1416800.44,1337587.67,6.60617757,2022-07-20
1658361600000,1359929.28,1397090.63,1408142.75,1318718.82,6.41407392,2022-07-21
1658448000000,1396360.67,1357943.52,1414999.99,1340735.01,5.46216353,2022-07-22
1658534400000,1356594.69,1339553.88,1370738.24,1313915.18,3.01108734,2022-07-23
1658620800000,1339675.53,1344784.6,1362803.22,1328018.01,2.50572763,2022-07-24
1658707200000,1343843.11,1344213.88,1364999.99,1294496.0,5.17364181,2022-07-25
1658793600000,1339822.99,1350893.07,1354935.13,1313183.66,2.26545955,2022-07-26
1658880000000,1349557.84,1435186.64,1439999.99,1334427.27,9.09542672,2022-07-27
1658966400000,1435164.36,1512325.23,1519129.76,1422678.0,5.97271948,2022-07-28
1659052800000,1508853.74,1470015.21,1521182.11,1456258.08,6.31101549,2022-07-29
1659139200000,1467596.12,1544376.61,1560000.0,1459339.01,7.63878785,2022-07-30
1659225600000,1532745.45,1496267.6,1558999.99,1457957.0,2.21358161,2022-07-31
1659312000000,1486872.38,1472902.27,1517821.0,1446000.0,4.33937809,2022-08-01
1659398400000,1470736.69,1449000.0,1484999.98,1412359.01,5.38156248,2022-08-02
1659484800000,1459351.66,1469835.79,1519023.54,1449000.0,4.96525536,2022-08-03
1659571200000,1469779.19,1450000.01,1493568.2,1433450.01,5.46232766,2022-08-04
1659657600000,1452272.5,1424180.0,1469999.99,1406000.01,4.98470923,2022-08-05
1659744000000,1425810.0,1395300.0,1426939.55,1395247.79,4.04849131,2022-08-06
1659830400000,1395488.8,1423299.64,1452619.16,1390000.01,2.99083387,2022-08-07
1659916800000,1423855.89,1509236.71,1521675.45,1422180.43,3.87601437,2022-08-08
1660003200000,1509622.02,1464128.41,1514525.48,1447500.01,2.66047512,2022-08-09
1660089600000,1468310.9,1525225.69,1536086.0,1447000.0,3.88638347,2022-08-10
1660176000000,1526515.83,1489344.53,1549999.99,1486517.37,3.69055033,2022-08-11
1660262400000,1488892.78,1541925.87,1543000.0,1475069.69,3.08041099,2022-08-12
1660348800000,1542410.81,1528341.85,1558484.77,1524856.41,2.38187866,2022-08-13
1660435200000,1527939.82,1512224.78,1555553.05,1506114.42,4.0367965,2022-08-14
1660521600000,1512223.79,1508787.95,1562104.01,1480251.01,3.46372216,2022-08-15
1660608000000,1509273.61,1505641.6,1510951.75,1485000.0,3.19391964,2022-08-16
1660694400000,1502242.6,1462000.3,1524613.11,1452000.0,3.28570293,2022-08-17
1660780800000,1463256.84,1453776.22,1485176.0,1448184.32,2.83677151,2022-08-18
1660867200000,1453727.76,1325727.74,1457445.99,1320000.0,4.15611083,2022-08-19
1660953600000,1333639.99,1325950.09,1350832.02,1309963.94,3.54565379,2022-08-20
1661040000000,1328245.27,1335978.15,1347851.99,1303035.76,2.10059629,2022-08-21
1661126400000,1336249.96,1326375.84,1342411.0,1278734.0,5.15751981,2022-08-22
1661212800000,1326323.87,1338411.13,1372227.93,1300001.01,6.05430516,2022-08-23
1661299200000,1338888.2,1327699.01,1357307.96,1301229.14,2.4946034,2022-08-24
1661385600000,1327133.58,1331804.13,1350673.57,1306302.42,3.88357204,2022-08-25
1661472000000,1331807.28,1251669.41,1339238.64,1246040.64,3.68553559,2022-08-26
1661558400000,1250756.72,1233895.67,1260606.26,1207332.25,2.13828585,2022-08-27
1661644800000,1230910.46,1210506.99,1242512.0,1210000.0,3.76410263,2022-08-28
1661731200000,1210945.14,1285721.26,1291887.32,1208070.0,3.60772983,2022-08-29
1661817600000,1286508.48,1226729.49,1291063.05,1221898.77,3.97669663,2022-08-30
1661904000000,1229749.61,1263128.19,1274765.89,1227926.23,2.78674639,2022-08-31
1661990400000,1263289.73,1259688.2,1273989.03,1239896.0,4.30722315,2022-09-01
1662076800000,1256486.77,1261392.5,1284356.62,1241632.0,9.14785152,2022-09-02
1662163200000,1260092.17,1246089.15,1265000.0,1233286.01,5.03077383,2022-09-03
1662249600000,1245205.86,1254066.29,1254561.49,1230000.0,2.63473427,2022-09-04
1662336000000,1254468.47,1254233.26,1270000.0,1236631.01,5.5468075,2022-09-05
1662422400000,1252934.0,1193249.07,1260000.0,1193249.07,4.3974996,2022-09-06
1662508800000,1192230.79,1258504.34,1259682.14,1181473.58,7.37988221,2022-09-07
1662595200000,1259884.14,1233087.49,1265204.18,1200000.01,7.46856986,2022-09-08
1662681600000,1233252.12,1357045.58,1359338.7,1232059.41,4.65385974,2022-09-09
1662768000000,1357132.55,1374557.19,1380566.78,1342278.0,2.9697379,2022-09-10
1662854400000,1374883.46,1373245.24,1376643.99,1353114.3,2.92247693,2022-09-11
1662940800000,1373264.57,1393830.57,1409908.0,1354658.58,4.36013462,2022-09-12
1663027200000,1393505.63,1267881.25,1425114.86,1233108.0,11.94868625,2022-09-13
1663113600000,1268293.57,1248833.53,1308593.0,1222500.0,15.61102677,2022-09-14
1663200000000,1249294.68,1218604.03,1260333.01,1214769.0,4.09889382,2022-09-15
1663286400000,1219099.24,1251532.55,1255311.81,1214371.32,3.30680271,2022-09-16
1663372800000,1252727.72,1273836.91,1277677.67,1251480.42,3.12344856,2022-09-17
1663459200000,1273697.18,1268799.71,1273697.18,1227341.86,4.14784662,2022-09-18
1663545600000,1268734.36,1228264.42,1277140.72,1155235.0,7.71607745,2022-09-19
1663632000000,1227849.81,1237456.89,1238957.92,1189863.05,8.51707142,2022-09-20
1663718400000,1237296.13,1184850.76,1247099.9,1166735.9,6.90943101,2022-09-21
1663804800000,1182854.55,1244828.12,1246152.88,1175500.0,8.61946728,2022-09-22
1663891200000,1243829.37,1177458.0,1245492.53,1160002.9,8.9698698,2022-09-23
1663977600000,1179421.11,1193253.85,1237648.56,1165299.0,3.06654073,2022-09-24
1664064000000,1188172.07,1194573.82,1240000.0,1180925.0,4.13731383,2022-09-25
1664150400000,1194808.76,1229196.88,1230000.0,1190791.48,9.61277825,2022-09-26
1664236800000,1229568.21,1230921.17,1300000.0,1221040.92,3.98849394,2022-09-27
1664323200000,1230578.79,1232689.18,1250970.77,1188811.0,4.26535801,2022-09-28
1664409600000,1232012.87,1229326.98,1243130.15,1206178.62,5.31137477,2022-09-29
1664496000000,1229273.96,1263888.1,1294460.52,1210908.89,11.12144599,2022-09-30
1664582400000,1262495.26,1232503.7,1265921.39,1230000.0,3.31238562,2022-10-01
1664668800000,1232424.3,1196006.69,1232935.0,1190348.27,4.27389859,2022-10-02
1664755200000,1195869.34,1199485.05,1214481.0,1150004.99,12.96898001,2022-10-03
1664841600000,1201383.0,1277371.62,1279758.0,1193921.0,4.18156931,2022-10-04
1664928000000,1276415.0,1302476.01,1320627.77,1250958.0,6.94009624,2022-10-05
1665014400000,1302368.04,1271089.38,1315000.0,1266896.81,6.84857577,2022-10-06
1665100800000,1271194.05,1254738.57,1286359.0,1231000.0,5.30792983,2022-10-07
1665187200000,1254704.77,1219237.01,1258057.34,1211302.68,2.80474071,2022-10-08
1665273600000,1219855.22,1222550.48,1225000.0,1206124.0,11.18808281,2022-10-09
1665360000000,1223845.02,1255904.17,1300000.0,1200000.0,7.29748933,2022-10-10
1665446400000,1257050.04,1278201.94,1290888.0,1230000.0,2.76458729,2022-10-11
1665532800000,1278429.15,1288856.04,1300000.0,1261206.0,3.53684809,2022-10-12
1665619200000,1289199.96,1331501.51,1335824.0,1243518.0,6.66602297,2022-10-13
1665705600000,1331062.2,1276740.19,1379059.41,1265890.99,7.58134112,2022-10-14
1665792000000,1276368.36,1251684.17,1278704.99,1248895.85,5.93670577,2022-10-15
1665878400000,1251318.81,1245859.42,1257606.0,1238042.46,1.97627995,2022-10-16
1665964800000,1244666.06,1242871.54,1264528.48,1215512.0,6.65000951,2022-10-17
1666051200000,1243541.59,1225471.34,1250000.0,1217384.0,4.90704063,2022-10-18
1666137600000,1225107.92,1237093.32,1243159.36,1212008.0,5.78348609,2022-10-19
1666224000000,1237614.82,1232029.85,1256789.0,1220121.0,3.2328189,2022-10-20
1666310400000,1232508.45,1262444.5,1263506.0,1231599.36,2.19199012,2022-10-21
1666396800000,1262278.9,1283581.05,1284432.0,1255222.0,2.59769227,2022-10-22
1666483200000,1283978.75,1319430.77,1327346.25,1278959.0,5.16484794,2022-10-23
1666569600000,1319630.9,1296434.0,1340000.0,1290000.01,3.00390702,2022-10-24
1666656000000,1295490.31,1349273.57,1350160.0,1290713.87,3.53563035,2022-10-25
1666742400000,1349137.95,1378039.96,1397400.0,1344396.85,3.66302912,2022-10-26
1666828800000,1378717.11,1337590.85,1386000.0,1335097.59,2.29777053,2022-10-27
1666915200000,1337186.85,1358586.41,1367935.46,1322098.0,3.87641502,2022-10-28
1667001600000,1357844.92,1372147.55,1385000.0,1355924.5,3.00353844,2022-10-29
1667088000000,1372221.38,1359211.08,1378028.34,1351591.0,3.35643756,2022-10-30
1667174400000,1359391.54,1355853.01,1370000.0,1337553.22,1.87713917,2022-10-31
1667260800000,1356369.19,1375714.81,1376075.06,1340405.0,5.97209132,2022-11-01
1667347200000,1375626.26,1336241.56,1394999.99,1335000.0,6.74700166,2022-11-02
1667433600000,1335898.5,1367281.7,1372425.0,1331857.61,2.8159849,2022-11-03
1667520000000,1367101.71,1424667.04,1439999.99,1356002.11,5.86175342,2022-11-04
1667606400000,1423914.0,1427881.0,1442737.0,1406031.0,2.96185358,2022-11-05
1667692800000,1427168.13,1394516.82,1432453.0,1392000.0,2.1471297,2022-11-06
1667779200000,1393610.63,1398613.83,1403902.39,1356002.1,5.20686106,2022-11-07
1667865600000,1398505.79,1294244.51,1435000.0,1250000.0,10.24250107,2022-11-08
1667952000000,1296346.48,1106959.92,1320000.0,1080102.7,6.06757998,2022-11-09
1668038400000,1105676.29,1217820.21,1304500.0,1081000.0,7.5023332,2022-11-10
1668124800000,1214518.21,1153501.8,1230000.0,1120000.0,3.54574992,2022-11-11
1668211200000,1155405.09,1156459.18,1199104.77,1125000.0,1.64501264,2022-11-12
1668297600000,1155909.01,1120995.58,1181000.01,1110399.53,2.77507918,2022-11-13
1668384000000,1123270.5,1147417.4,1172060.0,1050000.0,5.50991811,2022-11-14
1668470400000,1147145.01,1149736.64,1154992.15,1115836.27,2.29495761,2022-11-15
1668556800000,1149378.72,1150605.11,1233000.0,1066106.0,4.5419259,2022-11-16
1668643200000,1147594.43,1156209.22,1224602.6,1101128.01,3.24391048,2022-11-17
1668729600000,1156172.99,1132541.4,1190172.77,1125500.0,4.04866384,2022-11-18
1668816000000,1130538.14,1137716.44,1194000.01,1112975.0,3.00806373,2022-11-19
1668902400000,1142695.58,1130083.37,1147879.7,1116541.0,1.91056441,2022-11-20
1668988800000,1126675.9,1095561.96,1138797.21,1090000.0,5.82758041,2022-11-21
1669075200000,1095989.95,1090724.18,1114964.66,1070000.0,3.12150212,2022-11-22
1669161600000,1089985.04,1135046.03,1159999.0,1085000.0,5.62708802,2022-11-23
1669248000000,1130805.22,1133093.25,1140229.64,1101083.0,2.25876953,2022-11-24
1669334400000,1135113.25,1105689.41,1149996.83,1100000.0,3.41203545,2022-11-25
1669420800000,1105271.45,1124642.61,1128998.0,1104989.44,1.43964262,2022-11-26
1669507200000,1123840.92,1105341.99,1129999.69,1103490.02,2.98457648,2022-11-27
1669593600000,1105341.99,1105694.32,1123981.0,1080012.0,3.10888058,2022-11-28
1669680000000,1106073.35,1105038.03,1116697.42,1098002.0,3.29197251,2022-11-29
1669766400000,1106017.74,1155566.45,1160888.0,1104598.01,5.58054576,2022-11-30
1669852800000,1155359.44,1146312.65,1160000.0,1137176.79,3.01003682,2022-12-01
1669939200000,1146515.6,1168910.0,1171246.0,1140666.29,10.4735801,2022-12-02
1670025600000,1168445.57,1155012.76,1170000.0,1153326.23,2.08182495,2022-12-03
1670112000000,1154296.77,1146969.07,1165733.0,1146177.0,2.71542318,2022-12-04
1670198400000,1147331.22,1159857.01,1180000.0,1127546.0,4.04229426,2022-12-05
1670284800000,1159000.02,1143813.85,1185791.18,1120000.0,1.88578323,2022-12-06
1670371200000,1144226.38,1132550.99,1169999.54,1100000.0,1.72523676,2022-12-07
1670457600000,1134869.54,1149621.32,1164999.14,1090000.0,2.17421601,2022-12-08
1670544000000,1147898.89,1150505.72,1177197.77,1108701.34,2.45021203,2022-12-09
1670630400000,1147439.37,1139119.61,1408901.3,1075000.0,9.6652001,2022-12-10
1670716800000,1140342.65,1149279.95,1185000.0,1115001.15,2.95649274,2022-12-11
1670803200000,1153771.12,1183777.0,1189989.32,1143862.28,2.47703997,2022-12-12
1670889600000,1183774.99,1196051.66,1249999.0,1156810.07,3.68605348,2022-12-13
1670976000000,1198069.6,1233806.78,1250000.0,1190102.01,2.06356411,2022-12-14
1671062400000,1233797.74,1226120.21,1267776.89,1202000.0,2.85671702,2022-12-15
1671148800000,1222070.93,1235000.0,1275000.0,1211000.01,3.52481822,2022-12-16
1671235200000,1242145.72,1224547.94,1259500.0,1191700.5,5.06096575,2022-12-17
1671321600000,1225839.2,1217653.29,1264996.33,1161000.0,4.25287188,2022-12-18
1671408000000,1217347.01,1218628.93,1243000.0,1161100.41,4.50541486,2022-12-19
1671494400000,1219543.71,1258660.67,1266000.0,1207511.2,3.93377223,2022-12-20
1671580800000,1258915.81,1274129.98,1300000.0,1253597.0,1.97077878,2022-12-21
1671667200000,1273799.61,1297155.47,1330000.0,1265025.05,2.21842325,2022-12-22
1671753600000,1296022.35,1262600.48,1319595.58,1250000.0,2.60133352,2022-12-23
1671840000000,1265031.87,1235770.29,1285000.0,1206000.0,2.07089811,2022-12-24
1671926400000,1235824.67,1218236.78,1260000.0,1201149.96,1.7704614,2022-12-25
1672012800000,1218996.22,1237461.98,1249999.0,1216000.0,1.39693064,2022-12-26
1672099200000,1237625.18,1232034.03,1251149.97,1224000.32,1.6259631,2022-12-27
1672185600000,1233398.94,1233442.89,1251290.42,1206369.01,2.82390456,2022-12-28
1672272000000,1233571.84,1261079.99,1264401.57,1232000.36,1.43417886,2022-12-29
1672358400000,1260913.25,1258932.64,1274442.02,1240000.0,1.68243112,2022-12-30
1672444800000,1258870.4,1256091.14,1279999.01,1246001.0,1.75789572,2022-12-31
1672531200000,1255566.36,1260275.05,1274440.98,1250002.0,1.70094827,2023-01-01
1672617600000,1258418.16,1267412.5,1284021.02,1235001.0,4.04298834,2023-01-02
1672704000000,1267365.92,1262390.93,1287582.18,1240000.0,3.24984766,2023-01-03
1672790400000,1262050.44,1260988.58,1286999.3,1240000.0,3.17508355,2023-01-04
1672876800000,1260788.52,1257975.32,1269999.98,1243000.0,2.03291054,2023-01-05
1672963200000,1257095.86,1255149.24,1267999.67,1245000.3,1.93075737,2023-01-06
1673049600000,1255600.87,1263964.22,1279999.64,1245304.0,2.07121199,2023-01-07
1673136000000,1265196.0,1261740.49,1269499.67,1240004.35,2.56268373,2023-01-08
1673222400000,1258888.23,1253218.34,1278999.0,1208401.0,8.48751942,2023-01-09
1673308800000,1253316.12,1270082.82,1273128.49,1247500.0,2.02961372,2023-01-10
1673395200000,1269934.2,1325672.01,1333000.0,1258000.0,6.70777742,2023-01-11
1673481600000,1328434.95,1364945.78,1381625.91,1297010.0,9.08550882,2023-01-12
1673568000000,1366139.8,1445337.1,1474999.99,1351746.84,9.54069313,2023-01-13
1673654400000,1445507.23,1506713.52,1511111.0,1416000.0,4.35639521,2023-01-14
1673740800000,1506644.75,1503925.32,1508953.17,1436775.0,2.85553532,2023-01-15
1673827200000,1503847.43,1582718.77,1594388.01,1503616.97,8.25461255,2023-01-16
1673913600000,1586154.89,1575001.0,1598248.0,1549051.0,4.76079073,2023-01-17
1674000000000,1574600.45,1545708.02,1604922.43,1512783.0,4.33691444,2023-01-18
1674086400000,1546023.99,1577819.93,1590000.0,1535000.0,3.32268737,2023-01-19
1674172800000,1579454.4,1676740.06,1680000.0,1552956.0,4.81335984,2023-01-20
1674259200000,1673046.67,1678060.72,1798000.0,1630992.0,4.45727725,2023-01-21
1674345600000,1680751.77,1672957.34,1700589.25,1650000.11,3.28943327,2023-01-22
1674432000000,1672943.36,1715182.36,1715585.0,1650000.11,3.61931853,2023-01-23
1674518400000,1715312.9,1686922.8,1718674.0,1651656.0,2.9214456,2023-01-24
1674604800000,1684739.27,1713778.55,1745683.5,1653524.0,4.47897919,2023-01-25
1674691200000,1714080.78,1712885.83,1729927.1,1685416.0,3.37460398,2023-01-26
1674777600000,1711810.8,1711979.48,1729927.1,1680100.29,3.5863321,2023-01-27
1674864000000,1710828.0,1697023.26,1715439.37,1691066.67,2.88218046,2023-01-28
1674950400000,1697365.58,1751056.48,1753055.0,1690001.0,3.65037274,2023-01-29
1675036800000,1751220.53,1661828.0,1752525.28,1650000.0,5.98834958,2023-01-30
1675123200000,1662822.56,1706111.41,1715000.0,1659065.83,2.74908072,2023-01-31
1675209600000,1703495.09,1708192.67,1715000.0,1654900.0,2.0947823,2023-02-01
1675296000000,1708940.47,1694241.6,1728334.28,1665566.12,2.48786908,2023-02-02
1675382400000,1692120.64,1691466.41,1722000.0,1650000.0,3.21929152,2023-02-03
1675468800000,1692845.06,1682608.06,1708620.63,1670000.0,2.47586114,2023-02-04
1675555200000,1675680.83,1680950.23,1690000.01,1630000.01,2.34180278,2023-02-05
1675641600000,1676441.99,1692452.19,1720000.0,1655000.0,3.22459876,2023-02-06
1675728000000,1694621.21,1698049.59,1709998.58,1660001.0,2.62274335,2023-02-07
1675814400000,1698356.8,1704703.18,1709000.0,1678000.0,2.0234697,2023-02-08
1675900800000,1704310.61,1687353.38,1716071.59,1650000.0,3.83912316,2023-02-09
1675987200000,1686157.13,1681750.72,1705692.9,1650375.05,3.19461853,2023-02-10
1676073600000,1682640.02,1666286.38,1696999.55,1648000.0,1.8167555,2023-02-11
1676160000000,1667339.48,1667892.73,1699555.0,1630000.01,2.4216879,2023-02-12
1676246400000,1665111.84,1668263.61,1682000.77,1655600.0,4.44230915,2023-02-13
1676332800000,1667273.62,1711594.04,1714360.69,1664000.99,5.26446766,2023-02-14
1676419200000,1708771.0,1872004.06,1875811.62,1700000.0,8.09753971,2023-02-15
1676505600000,1869212.64,1812164.0,1945000.0,1812164.0,6.21762859,2023-02-16
1676592000000,1812187.07,1866367.71,1890000.0,1805817.0,4.40248475,2023-02-17
1676678400000,1868177.46,1870872.44,1882020.46,1854914.0,3.33310842,2023-02-18
1676764800000,1870467.32,1840789.81,1905335.71,1820000.0,4.91491533,2023-02-19
1676851200000,1839953.06,1859402.71,1930000.0,1820000.0,7.1039486,2023-02-20
1676937600000,1861206.07,1886939.33,1933239.67,1860007.84,3.97741526,2023-02-21
1677024000000,1881539.0,1855132.21,1881539.0,1830000.0,4.7495587,2023-02-22
1677110400000,1856594.89,1858371.97,1889793.0,1840700.0,3.79842232,2023-02-23
1677196800000,1860248.99,1827114.93,1882718.86,1820000.0,3.93993778,2023-02-24
1677283200000,1826594.59,1834216.68,1835000.0,1810453.0,5.04331812,2023-02-25
1677369600000,1833519.11,1883267.81,1889984.0,1828577.51,3.11387206,2023-02-26
1677456000000,1884819.64,1868406.56,1893113.0,1845000.0,3.59289339,2023-02-27
1677542400000,1867782.07,1855280.88,1883123.7,1849548.0,3.01438866,2023-02-28
1677628800000,1857241.99,1895829.0,1919999.99,1850000.0,2.96000328,2023-03-01
1677715200000,1896242.01,1896919.71,1910956.12,1878460.94,3.40299485,2023-03-02
1677801600000,1896803.52,1817901.75,1897640.86,1800000.0,6.28744181,2023-03-03
1677888000000,1812806.8,1845143.49,1855000.0,1800000.0,1.68487565,2023-03-04
1677974400000,1843847.39,1846802.65,1864996.0,1822172.0,1.71031405,2023-03-05
1678060800000,1844830.67,1861692.31,1878000.0,1830154.08,4.09491875,2023-03-06
1678147200000,1863683.09,1848816.95,1870000.0,1835000.0,3.42009385,2023-03-07
1678233600000,1848923.77,1831124.8,1867000.0,1820046.0,3.3903419,2023-03-08
1678320000000,1830714.13,1696552.52,1834051.99,1674000.0,4.96057467,2023-03-09
1678406400000,1700289.4,1698113.02,1709180.57,1630452.39,4.65461373,2023-03-10
1678492800000,1695669.27,1733698.76,1781203.22,1656212.0,6.43727817,2023-03-11
1678579200000,1734333.46,1856902.89,1861075.61,1717022.0,3.3265729,2023-03-12
1678665600000,1861235.6,2012088.41,2020099.89,1825000.0,6.02475383,2023-03-13
1678752000000,2010256.69,2063937.56,2185000.0,1985909.0,6.74368239,2023-03-14
1678838400000,2063446.15,2043263.77,2120000.0,1989991.0,4.19298403,2023-03-15
1678924800000,2044673.67,2108577.74,2144082.1,2022290.0,3.52716708,2023-03-16
1679011200000,2107665.89,2308993.0,2332244.21,2100000.0,4.91782587,2023-03-17
1679097600000,2309573.79,2264334.93,2327861.14,2250000.0,3.34841709,2023-03-18
1679184000000,2262515.36,2340027.18,2372995.0,2205669.0,2.86860083,2023-03-19
1679270400000,2343062.62,2317332.56,2380000.0,2267338.0,4.24836563,2023-03-20
1679356800000,2313934.13,2323618.86,2358523.0,2252312.42,4.23465417,2023-03-21
1679443200000,2327996.4,2234668.41,2365041.0,2204619.08,3.69731068,2023-03-22
1679529600000,2238138.45,2284520.66,2309053.5,2194350.0,4.64832497,2023-03-23
1679616000000,2286853.97,2239808.79,2290755.0,2170000.0,2.71934129,2023-03-24
1679702400000,2239692.08,2228918.37,2253117.0,2212127.31,2.14132683,2023-03-25
1679788800000,2227228.33,2258807.83,2264857.0,2217031.37,1.72937764,2023-03-26
1679875200000,2257453.62,2162800.65,2263096.93,2118955.73,3.13076824,2023-03-27
1679961600000,2156812.16,2169236.78,2190000.0,2120758.52,3.70532242,2023-03-28
1680048000000,2171130.99,2275914.33,2289897.42,2164776.54,4.10375575,2023-03-29
1680134400000,2275476.0,2252518.84,2340113.63,2230000.0,2.91328124,2023-03-30
1680220800000,2253174.85,2292877.11,2295000.0,2210000.0,2.09288034,2023-03-31
1680307200000,2292944.77,2296448.27,2310000.0,2281864.53,2.73267175,2023-04-01
1680393600000,2294789.65,2255202.46,2298948.24,2241759.1,2.40665227,2023-04-02
1680480000000,2256371.99,2240943.17,2265049.0,2205269.84,3.29144794,2023-04-03
1680566400000,2241084.45,2284734.17,2305813.0,2239390.78,2.35006207,2023-04-04
1680652800000,2286256.06,2297209.77,2318251.94,2267435.0,2.89592418,2023-04-05
1680739200000,2296654.94,2303470.68,2320000.0,2268258.0,2.9583176,2023-04-06
1680825600000,2303733.39,2279533.49,2323689.37,2277622.0,3.37076162,2023-04-07
1680912000000,2279880.19,2285945.23,2300576.0,2278866.73,3.42923937,2023-04-08
1680998400000,2286903.39,2327475.44,2333834.93,2280044.0,4.10040832,2023-04-09
1681084800000,2326980.45,2452638.17,2455000.0,2317400.97,3.19251083,2023-04-10
1681171200000,2453131.63,2483849.57,2525300.0,2447771.03,3.8034664,2023-04-11
1681257600000,2483587.02,2492128.5,2532909.52,2480000.0,3.62192035,2023-04-12
1681344000000,2492750.06,2517557.38,2535490.12,2490000.0,2.40962123,2023-04-13
1681430400000,2516632.46,2522413.1,2559607.0,2508010.0,3.95417782,2023-04-14
1681516800000,2520851.3,2511143.04,2533665.1,2504995.89,2.74813379,2023-04-15
1681603200000,2510238.71,2522945.91,2540233.0,2505000.01,3.28813599,2023-04-16
1681689600000,2524010.57,2482278.76,2525303.0,2450000.0,2.75134751,2023-04-17
1681776000000,2482004.4,2558004.6,2561266.01,2463524.89,4.23828115,2023-04-18
1681862400000,2558151.36,2468397.81,2559434.0,2459000.0,4.08836062,2023-04-19
1681948800000,2469573.38,2407810.13,2475235.22,2400000.0,3.89520564,2023-04-20
1682035200000,2409529.8,2361952.66,2419039.99,2360000.0,2.86418193,2023-04-21
1682121600000,2361588.89,2401006.71,2403570.84,2334800.0,2.66014364,2023-04-22
1682208000000,2401586.4,2399614.32,2403570.84,2379358.0,1.62572546,2023-04-23
1682294400000,2399820.44,2418126.51,2429732.0,2380000.0,2.08004238,2023-04-24
1682380800000,2418556.78,2510863.38,2520000.0,2390000.0,3.28099307,2023-04-25
1682467200000,2510857.59,2531622.4,2705455.76,2470000.0,8.02210356,2023-04-26
1682553600000,2531450.04,2625109.36,2648291.02,2531450.04,3.22233357,2023-04-27
1682640000000,2626379.87,2569529.79,2629072.0,2500000.0,3.82280624,2023-04-28
1682726400000,2568293.83,2561226.62,2577839.92,2551112.54,1.88244543,2023-04-29
1682812800000,2561408.37,2561459.09,2596647.8,2552290.09,3.05575116,2023-04-30
1682899200000,2560864.2,2462218.29,2570559.81,2407989.4,5.42675606,2023-05-01
1682985600000,2462483.48,2503524.38,2508641.0,2422256.0,2.82968796,2023-05-02
1683072000000,2503370.41,2515332.55,2522944.07,2440000.0,2.34529634,2023-05-03
1683158400000,2516099.18,2469542.95,2517881.75,2443849.0,2.67327494,2023-05-04
1683244800000,2469375.19,2505186.1,2515581.25,2419245.0,2.96930086,2023-05-05
1683331200000,2504088.85,2464747.06,2528217.39,2460000.0,1.68925469,2023-05-06
1683417600000,2465068.03,2462872.07,2486448.99,2460000.0,1.53400508,2023-05-07
1683504000000,2462301.71,2394658.71,2500004.0,2390000.0,3.06822689,2023-05-08
1683590400000,2394347.68,2378157.41,2396302.99,2352661.75,2.94600822,2023-05-09
1683676800000,2378536.86,2319232.82,2392512.36,2281000.0,3.99708205,2023-05-10
1683763200000,2320550.27,2293491.59,2357573.37,2271000.54,4.8494694,2023-05-11
1683849600000,2294600.18,2280721.11,2305576.17,2210391.98,4.67488087,2023-05-12
1683936000000,2281154.35,2291674.5,2300000.0,2277164.84,1.4162294,2023-05-13
1684022400000,2291678.7,2298175.74,2320000.0,2285000.0,1.43791354,2023-05-14
1684108800000,2297727.18,2401546.85,2428905.45,2292000.0,2.865658,2023-05-15
1684195200000,2401284.33,2396345.59,2410512.5,2365000.0,3.53034438,2023-05-16
1684281600000,2395986.89,2403912.33,2420000.0,2353085.4,2.40478084,2023-05-17
1684368000000,2404353.2,2373191.05,2420866.02,2347279.0,2.14375409,2023-05-18
1684454400000,2371676.88,2367827.25,2391162.32,2345000.0,2.46399293,2023-05-19
1684540800000,2367869.72,2385496.95,2387187.4,2361885.0,1.48235303,2023-05-20
1684627200000,2384899.01,2353374.94,2393929.46,2345979.0,1.87662287,2023-05-21
1684713600000,2351722.63,2367912.79,2376346.79,2340097.45,2.48824718,2023-05-22
1684800000000,2367580.36,2376033.25,2420000.0,2310000.0,1.96990223,2023-05-23
1684886400000,2375618.05,2284345.21,2380000.0,2273135.0,2.7778982,2023-05-24
1684972800000,2283742.85,2263328.51,2291723.33,2236242.04,2.09493921,2023-05-25
1685059200000,2266333.0,2240253.78,2291723.33,2238000.0,1.75968284,2023-05-26
1685145600000,2238000.0,2218840.16,2241329.03,2210000.0,1.52923137,2023-05-27
1685232000000,2216822.11,2300228.9,2301437.03,2215094.17,1.76907439,2023-05-28
1685318400000,2299810.14,2292234.43,2319000.0,2282794.19,1.98097985,2023-05-29
1685404800000,2293487.7,2247586.82,2313864.35,2146560.1,5.72212338,2023-05-30
1685491200000,2247404.66,2269337.72,2284439.14,2219489.47,2.07280042,2023-05-31
1685577600000,2269116.95,2217920.0,2272839.75,2217302.43,1.87303547,2023-06-01
1685664000000,2221837.14,2250041.04,2255732.59,2205017.75,1.74602577,2023-06-02
1685750400000,2251161.43,2238205.35,2252674.0,2230650.0,1.63324178,2023-06-03
1685836800000,2236642.58,2245680.86,2260000.0,2229369.0,1.58476575,2023-06-04
1685923200000,2245359.04,2125731.0,2248774.12,2108983.0,2.5448471,2023-06-05
1686009600000,2126875.0,2250120.85,2270000.0,2113078.81,2.83185904,2023-06-06
1686096000000,2247202.01,2200678.26,2261324.64,2192450.0,2.4170381,2023-06-07
1686182400000,2197817.07,2224686.85,2239744.47,2192599.21,1.96447422,2023-06-08
1686268800000,2226251.2,2235560.4,2260000.0,2218680.66,2.34511692,2023-06-09
1686355200000,2233766.81,2195577.0,2247000.0,2165393.81,3.7492133,2023-06-10
1686441600000,2193226.72,2204574.23,2221001.0,2190000.01,1.67997383,2023-06-11
1686528000000,2203853.15,2247247.25,2247247.47,2202202.02,2.2891961,2023-06-12
1686614400000,2247247.23,2267023.24,2296297.0,2237763.0,1.7552628,2023-06-13
1686700800000,2261719.33,2243321.76,2300000.92,2240000.0,1.98885807,2023-06-14
1686787200000,2243674.85,2222297.92,2248551.61,2151321.0,1.89046618,2023-06-15
1686873600000,2222641.14,2260297.75,2275275.75,2194944.0,1.60187868,2023-06-16
1686960000000,2262295.56,2257498.15,2292831.7,2216518.0,1.95193911,2023-06-17
1687046400000,2263135.0,2240668.63,2272965.99,2236001.0,1.73042433,2023-06-18
1687132800000,2245732.54,2265975.0,2280000.0,2150000.0,2.31206063,2023-06-19
1687219200000,2266053.0,2398066.58,2410000.0,2148584.67,2.79409691,2023-06-20
1687305600000,2410000.0,2537586.99,2570000.0,2220000.0,3.31135123,2023-06-21
1687392000000,2538016.94,2552783.87,2597575.01,2366101.0,2.36192148,2023-06-22
1687478400000,2546470.63,2614224.5,2640704.01,2365129.76,3.18584975,2023-06-23
1687564800000,2619373.83,2616035.07,2900000.0,2511728.42,4.11271697,2023-06-24
1687651200000,2600000.2,2593680.17,2724312.31,2511728.42,1.76360595,2023-06-25
1687737600000,2593970.08,2620536.68,2680000.0,2535032.44,1.84027549,2023-06-26
1687824000000,2618128.98,2662785.56,2678991.0,2561999.99,1.86580011,2023-06-27
1687910400000,2659021.48,2673230.6,2699999.0,2625000.0,1.83986086,2023-06-28
1687996800000,2671792.55,2698459.82,2725128.09,2631410.4,1.88957595,2023-06-29
1688083200000,2699927.83,2685924.25,2753000.0,2557908.78,3.83235988,2023-06-30
1688169600000,2688074.29,2708424.8,2725567.16,2634280.01,1.92749616,2023-07-01
1688256000000,2705426.7,2691073.34,2730000.0,2650000.0,2.09025232,2023-07-02
1688342400000,2690138.4,2775166.69,2850000.0,2675000.0,2.17216101,2023-07-03
1688428800000,2773005.97,2787749.34,2900000.0,2690000.0,2.231541,2023-07-04
1688515200000,2788293.68,2752388.62,2800000.0,2720001.0,1.98800148,2023-07-05
1688601600000,2752306.99,2790440.14,2990000.0,2712669.17,3.25808399,2023-07-06
1688688000000,2790876.89,2788823.45,2818859.74,2750001.0,1.7188686,2023-07-07
1688774400000,2788823.36,2737266.66,2788824.57,2723220.01,1.70036473,2023-07-08
1688860800000,2736717.2,2735696.68,2809999.72,2500000.0,2.49243974,2023-07-09
1688947200000,2736056.12,2747398.67,2779999.93,2650000.0,1.86808785,2023-07-10
1689033600000,2747998.35,2754325.61,2770000.0,2690011.0,1.56940828,2023-07-11
1689120000000,2769990.0,2746571.57,2780000.12,2740000.01,1.62405073,2023-07-12
1689206400000,2745513.27,2758736.65,2790000.0,2676501.12,2.6832823,2023-07-13
1689292800000,2757697.02,2719440.8,2789000.0,2695000.0,2.25691363,2023-07-14
1689379200000,2718703.71,2731477.08,2750155.01,2700100.0,1.6116179,2023-07-15
1689465600000,2731815.57,2705980.32,2739324.74,2700000.0,1.6226608,2023-07-16
1689552000000,2706150.81,2705967.65,2718349.99,2680000.0,1.31001546,2023-07-17
1689638400000,2702999.94,2686326.25,2710106.28,2670000.0,2.56786072,2023-07-18
1689724800000,2686296.09,2689046.73,2709499.0,2640000.0,1.83816113,2023-07-19
1689811200000,2689063.7,2690135.15,2732899.99,2660000.01,1.86286599,2023-07-20
1689897600000,2690256.47,2671997.2,2709900.0,2650000.0,1.66574656,2023-07-21
1689984000000,2672547.24,2680000.0,2690000.0,2650111.0,1.53959992,2023-07-22
1690070400000,2678063.0,2705222.29,2720000.02,2660000.0,1.39648424,2023-07-23
1690156800000,2704901.63,2654728.26,2709999.99,2630000.0,2.06779516,2023-07-24
1690243200000,2655058.78,2620711.23,2660000.01,2600000.0,1.76053153,2023-07-25
1690329600000,2619271.74,2639882.59,2649990.0,2600001.0,1.47934343,2023-07-26
1690416000000,2640138.57,2624925.5,2640581.88,2610000.0,1.30358996,2023-07-27
1690502400000,2625241.27,2635003.57,2649800.0,2600000.0,1.4019627,2023-07-28
1690588800000,2634889.98,2630009.05,2652001.0,2575000.0,1.41194256,2023-07-29
1690675200000,2630172.92,2611463.76,2670000.0,2575000.0,2.00168146,2023-07-30
1690761600000,2627685.87,2639999.53,2670000.0,2620011.0,1.5909272,2023-07-31
1690848000000,2639999.53,2650587.26,2661278.11,2580000.0,1.82315342,2023-08-01
1690934400000,2640089.01,2669999.53,2760000.0,2630087.6,2.28071229,2023-08-02
1691020800000,2669999.5,2699730.97,2710000.0,2650000.0,1.67988763,2023-08-03
1691107200000,2700121.3,2732412.89,2755000.0,2660000.0,1.98585345,2023-08-04
1691193600000,2732453.48,2735320.9,2750000.0,2710011.0,1.37557316,2023-08-05
1691280000000,2735605.29,2733137.26,2742683.6,2710000.0,1.34612413,2023-08-06
1691366400000,2733152.96,2712226.94,2760000.0,2690000.0,1.83882103,2023-08-07
1691452800000,2712532.97,2815485.8,2855000.0,2712013.27,2.24951568,2023-08-08
1691539200000,2815485.79,2850000.0,2880014.85,2800218.2,1.77932628,2023-08-09
1691625600000,2850000.0,2839947.61,2880000.0,2820000.0,1.61287683,2023-08-10
1691712000000,2839951.79,2871014.27,2879351.99,2810000.0,1.61878494,2023-08-11
1691798400000,2871599.18,2894729.12,2950000.0,2828007.34,1.76126704,2023-08-12
1691884800000,2894826.91,2897501.74,2994412.0,2865929.2,1.48318702,2023-08-13
1691971200000,2897466.52,2879999.47,2947597.0,2840000.0,2.13030625,2023-08-14
1692057600000,2879999.5,2879777.94,2960000.0,2770000.0,2.32143255,2023-08-15
1692144000000,2880588.79,2740564.75,2890000.0,2700000.0,2.7601565,2023-08-16
1692230400000,2735204.13,2600000.0,2800000.0,2550000.0,3.14261098,2023-08-17
1692316800000,2590000.01,2524188.51,2640527.99,2490991.0,3.51598479,2023-08-18
1692403200000,2524176.26,2525089.24,2590000.0,2450000.0,1.57779907,2023-08-19
1692489600000,2525197.01,2474995.62,2538664.16,2450000.0,1.54369284,2023-08-20
1692576000000,2475236.49,2469980.68,2489999.0,2450000.0,1.58785308,2023-08-21
1692662400000,2469980.68,2492292.6,2503214.42,2438000.0,1.49507076,2023-08-22
1692748800000,2492221.49,2557827.69,2660000.0,2463888.0,1.94192704,2023-08-23
1692835200000,2557630.03,2519861.09,2579692.57,2500000.0,1.58268804,2023-08-24
1692921600000,2520542.9,2502013.15,2535295.98,2470000.0,1.64510257,2023-08-25
1693008000000,2501088.56,2523698.15,2539830.74,2475000.0,1.43800047,2023-08-26
1693094400000,2523697.88,2526097.75,2531000.0,2504975.46,1.36350633,2023-08-27
1693180800000,2526061.42,2510087.89,2554174.47,2504975.46,1.70235379,2023-08-28
1693267200000,2510087.9,2679346.4,2917198.45,2470000.0,3.2113134,2023-08-29
1693353600000,2678375.48,2648485.48,2710000.0,2620000.0,1.68862914,2023-08-30
1693440000000,2648579.53,2557617.25,2690000.0,2547500.0,1.9771912,2023-08-31
1693526400000,2557760.44,2520757.3,2610000.0,2480000.0,1.93206155,2023-09-01
1693612800000,2520125.05,2523231.12,2545000.0,2508020.0,1.60449186,2023-09-02
1693699200000,2523229.97,2537369.21,2543000.0,2522000.0,1.60089763,2023-09-03
1693785600000,2537297.44,2530008.75,2548879.71,2500000.0,1.61908307,2023-09-04
1693872000000,2529635.66,2514610.8,2545000.9,2500000.0,1.81969297,2023-09-05
1693958400000,2513990.85,2542637.34,2580000.0,2513484.55,1.69764942,2023-09-06
1694044800000,2542686.39,2562873.57,2575455.01,2511127.77,1.57664492,2023-09-07
1694131200000,2563426.1,2541402.36,2591300.0,2516734.4,1.70390144,2023-09-08
1694217600000,2541698.66,2529860.55,2545000.0,2499103.59,1.72622136,2023-09-09
1694304000000,2529476.68,2535482.7,2547220.0,2495827.96,1.42715502,2023-09-10
1694390400000,2535468.64,2444565.09,2535996.0,2415852.35,2.40112427,2023-09-11
1694476800000,2444153.29,2492768.41,2550000.0,2420000.0,2.35049398,2023-09-12
1694563200000,2493206.82,2534342.62,2541352.61,2470000.0,1.62985963,2023-09-13
1694649600000,2533411.49,2546959.67,2569999.0,2499993.07,1.92225396,2023-09-14
1694736000000,2547395.37,2563159.96,2580000.0,2510310.0,1.74052482,2023-09-15
1694822400000,2563791.84,2582967.38,2590000.0,2545811.77,1.59449995,2023-09-16
1694908800000,2583401.89,2592343.82,2610000.0,2576193.61,1.52791305,2023-09-17
1694995200000,2592458.45,2610656.38,2630000.0,2576198.62,1.51812079,2023-09-18
1695081600000,2610307.65,2631740.16,2650000.0,2573222.91,1.89432292,2023-09-19
1695168000000,2631657.87,2622393.71,2656602.46,2611624.43,1.61671666,2023-09-20
1695254400000,2622350.42,2603645.83,2631999.98,2593738.01,2.11753668,2023-09-21
1695340800000,2604221.88,2598349.37,2628417.18,2584012.1,1.80908618,2023-09-22
1695427200000,2597963.86,2592193.57,2615898.74,2576000.0,1.8493268,2023-09-23
1695513600000,2593508.64,2570478.81,2615180.36,2551816.18,2.01651839,2023-09-24
1695600000000,2571249.76,2558240.08,2579396.5,2541000.0,1.66063276,2023-09-25
1695686400000,2558261.77,2541164.12,2564998.99,2500770.1,1.8838091,2023-09-26
1695772800000,2541511.07,2583887.66,2615000.0,2520011.0,2.38677733,2023-09-27
1695859200000,2584087.64,2652456.91,2670000.0,2551000.0,2.02254642,2023-09-28
1695945600000,2652364.85,2633077.59,2659999.98,2575001.01,2.05058144,2023-09-29
1696032000000,2633707.69,2633225.99,2659906.04,2604526.73,1.83343739,2023-09-30
1696118400000,2633414.83,2696218.86,2708598.27,2610351.59,2.11899112,2023-10-01
1696204800000,2696233.48,2732789.04,2790000.0,2604900.0,2.50147914,2023-10-02
1696291200000,2732311.78,2715057.19,2744205.16,2613888.0,2.56668391,2023-10-03
1696377600000,2714737.87,2780985.29,2787098.61,2690000.0,2.60725979,2023-10-04
1696464000000,2781146.75,2770069.59,2791890.12,2740954.46,1.63159776,2023-10-05
1696550400000,2769916.6,2788703.02,2800000.0,2744776.3,1.84346538,2023-10-06
1696636800000,2789176.38,2792903.76,2800000.16,2770000.0,1.43100566,2023-10-07
1696723200000,2795847.19,2808453.44,2815000.0,2760586.37,1.56543741,2023-10-08
1696809600000,2808538.51,2796978.67,2830000.0,2764561.05,2.1749728,2023-10-09
1696896000000,2796986.5,2784682.44,2798415.99,2765011.0,2.02239804,2023-10-10
1696982400000,2784358.99,2705300.12,2794000.0,2690000.0,2.12160633,2023-10-11
1697068800000,2704559.53,2642002.86,2719999.99,2620000.0,1.85385572,2023-10-12
1697155200000,2642073.33,2671871.79,2690000.0,2610000.01,1.81369369,2023-10-13
1697241600000,2671761.95,2661631.05,2689931.8,2611011.0,1.49378513,2023-10-14
1697328000000,2661051.19,2656481.57,2669999.99,2610000.0,1.76122895,2023-10-15
1697414400000,2656374.44,2768855.81,2873002.0,2620000.0,2.76394821,2023-10-16
1697500800000,2768118.12,2795538.29,2801000.0,2702000.0,1.80448428,2023-10-17
1697587200000,2795529.96,2764178.01,2799990.0,2730000.0,1.69709225,2023-10-18
1697673600000,2764302.25,2801194.45,2874412.0,2745011.0,1.78688149,2023-10-19
1697760000000,2801580.74,2863724.21,2896000.0,2720000.0,2.58586542,2023-10-20
1697846400000,2863724.12,2873481.13,2893139.01,2701142.0,2.43834398,2023-10-21
1697932800000,2873046.0,2856884.2,2890000.0,2800011.0,1.98624847,2023-10-22
1698019200000,2856831.47,3050000.0,3050000.0,2851341.24,4.20694744,2023-10-23
1698105600000,3050000.0,3186265.58,3226000.0,3000000.0,4.84062611,2023-10-24
1698192000000,3186256.73,3256685.22,3300009.99,3100202.0,2.38523961,2023-10-25
1698278400000,3256216.69,3226478.52,3300000.0,3204000.0,2.14389204,2023-10-26
1698364800000,3227326.67,3205978.31,3250000.0,3204001.0,2.04414091,2023-10-27
1698451200000,3206162.59,3228633.35,3299000.0,3190000.0,1.84821712,2023-10-28
1698537600000,3228730.4,3257399.82,3289385.4,3200000.0,1.49673714,2023-10-29
1698624000000,3258070.92,3235477.13,3270999.67,3210000.0,1.6835157,2023-10-30
1698710400000,3235612.99,3232326.8,3250000.0,3196644.96,1.55919192,2023-10-31
1698796800000,3232640.31,3314206.35,3490000.01,3210000.0,2.1835287,2023-11-01
1698883200000,3323567.63,3282611.05,3470000.0,3227440.34,1.78132131,2023-11-02
1698969600000,3282895.7,3235003.84,3282895.7,3200000.0,1.48420101,2023-11-03
1699056000000,3235013.27,3267760.07,3270000.0,3202999.88,1.52785056,2023-11-04
1699142400000,3267583.94,3257383.1,3279671.99,3210000.0,2.0821836,2023-11-05
1699228800000,3257793.86,3269999.89,3287345.04,3221430.0,1.75520857,2023-11-06
1699315200000,3269999.89,3294747.04,3300000.0,3202999.88,2.11905864,2023-11-07
1699401600000,3295053.01,3321123.17,3330000.0,3200001.02,2.91493667,2023-11-08
1699488000000,3319370.86,3381890.88,3480000.0,3247531.07,2.75196598,2023-11-09
1699574400000,3382285.23,3475569.43,3490000.01,3350000.0,2.02890515,2023-11-10
1699660800000,3475884.87,3446041.89,3484000.0,3434000.0,1.60443629,2023-11-11
1699747200000,3445828.68,3443715.03,3470999.99,3407033.94,2.05934179,2023-11-12
1699833600000,3443610.87,3402177.47,3454997.98,3376269.12,2.05912229,2023-11-13
1699920000000,3403799.98,3270599.29,3424999.99,3227249.25,2.23970862,2023-11-14
1700006400000,3269546.11,3374391.26,3379799.99,3200001.0,2.7755765,2023-11-15
1700092800000,3374550.07,3280111.44,3380000.0,3250000.0,1.88505371,2023-11-16
1700179200000,3280010.96,3281538.19,3309999.96,3214995.04,1.56013881,2023-11-17
1700265600000,3282358.57,3282431.89,3320000.01,3250000.0,1.50641614,2023-11-18
1700352000000,3282426.91,3329357.23,3338647.55,3250000.0,1.56121251,2023-11-19
1700438400000,3329574.75,3361418.62,3370000.0,3260000.0,1.85006627,2023-11-20
1700524800000,3360955.55,3260395.22,3370000.0,3251000.0,1.96642619,2023-11-21
1700611200000,3251011.0,3341633.05,3350000.0,3218927.81,1.82155363,2023-11-22
1700697600000,3341270.01,3281262.54,3358000.0,3230000.01,1.72501113,2023-11-23
1700784000000,3311086.55,3375023.3,3376925.64,3230000.0,2.27112482,2023-11-24
1700870400000,3375032.97,3369097.71,3380000.0,3334000.0,1.52122502,2023-11-25
1700956800000,3369276.98,3377459.97,3380000.0,3350000.0,1.52392754,2023-11-26
1701043200000,3377372.49,3345524.37,3379999.0,3304000.0,1.38394009,2023-11-27
1701129600000,3345363.97,3373864.73,3400000.0,3300900.0,1.84102647,2023-11-28
1701216000000,3374051.38,3390698.66,3400000.0,3331721.27,1.91546787,2023-11-29
1701302400000,3390554.74,3364555.53,3398999.99,3325000.0,1.6879156,2023-11-30
1701388800000,3364439.91,3440013.0,3470000.0,3335000.0,2.20048884,2023-12-01
1701475200000,3440013.0,3522652.55,3536230.97,3430011.0,2.68393809,2023-12-02
1701561600000,3523398.76,3567668.86,3588999.99,3491300.0,1.78122912,2023-12-03
1701648000000,3567843.39,3824118.11,3900000.0,3530121.21,3.23699519,2023-12-04
1701734400000,3824477.15,3984176.49,4000000.0,3730000.0,2.47366655,2023-12-05
1701820800000,3982946.33,4057859.65,4100000.03,3942756.16,2.51564059,2023-12-06
1701907200000,4056844.79,3938264.25,4075555.0,3826933.0,2.57951343,2023-12-07
1701993600000,3938989.99,4005096.75,4050000.0,3900011.0,1.92151787,2023-12-08
1702080000000,4005207.61,3991040.82,4029664.01,3950000.0,1.46272836,2023-12-09
1702166400000,3991024.47,3954119.17,4007000.0,3900000.0,1.86016281,2023-12-10
1702252800000,3954400.29,3797056.68,3959900.0,3735000.0,2.34041402,2023-12-11
1702339200000,3797285.84,3738796.42,3898000.0,3705000.0,1.79754974,2023-12-12
1702425600000,3736295.19,3895000.01,3925000.0,3600063.02,2.01743052,2023-12-13
1702512000000,3899479.06,3880840.19,3925000.0,3800011.0,1.60658236,2023-12-14
1702598400000,3881583.91,3814233.1,3925000.0,3720000.0,1.48740738,2023-12-15
1702684800000,3814426.34,3818463.83,3875687.08,3750000.0,1.46000762,2023-12-16
1702771200000,3818303.52,3792247.41,3840000.0,3750000.0,1.6131322,2023-12-17
1702857600000,3792351.14,3850000.0,3850000.0,3611000.0,1.74579448,2023-12-18
1702944000000,3850000.0,3809903.02,3890000.0,3780000.0,1.70700644,2023-12-19
1703030400000,3809949.99,3920308.09,3970000.0,3770000.0,1.8118661,2023-12-20
1703116800000,3925000.06,3976630.45,3999999.58,3901000.0,1.76306144,2023-12-21
1703203200000,3975652.64,3969798.88,4000010.0,3865000.0,2.23446567,2023-12-22
1703289600000,3975217.72,3987570.58,3999000.0,3940000.0,1.55221472,2023-12-23
1703376000000,3987649.97,3964835.23,4000070.0,3941000.0,1.58024879,2023-12-24
1703462400000,3964921.76,3994594.32,4000085.0,3920000.0,1.6678047,2023-12-25
1703548800000,3994450.32,3914518.38,3997998.03,3880841.49,1.59963399,2023-12-26
1703635200000,3914580.82,3952263.18,3980841.49,3880841.49,1.82433426,2023-12-27
1703721600000,3952817.45,3866580.27,3992000.0,3820000.0,1.72339794,2023-12-28
1703808000000,3871481.47,3815219.14,3914000.0,3780000.0,1.8779403,2023-12-29
1703894400000,3795736.16,3824406.52,3840000.0,3720000.0,1.59653987,2023-12-30
1703980800000,3818696.38,3818067.63,3840000.0,3740011.0,1.45016159,2023-12-31
1704067200000,3818542.15,3916603.97,3936089.92,3763122.98,1.70796975,2024-01-01
1704153600000,3919157.37,4064963.39,4109000.01,3913826.67,2.81023686,2024-01-02
1704240000000,4069843.65,3981430.77,4099850.0,3820000.0,2.59148954,2024-01-03
1704326400000,3979702.51,4080942.42,4099700.42,3941274.27,1.70482516,2024-01-04
1704412800000,4081768.88,4049336.46,4099700.42,3950000.0,1.86123547,2024-01-05
1704499200000,4049336.45,4033181.9,4090000.0,4015011.0,1.48401807,2024-01-06
1704585600000,4033389.07,4061842.95,4079601.38,4021511.0,1.30557588,2024-01-07
1704672000000,4068037.29,4276699.43,4280731.82,4005000.0,2.76517867,2024-01-08
1704758400000,4275927.55,4197333.24,4309748.83,4126001.0,2.36702391,2024-01-09
1704844800000,4178422.5,4169851.9,4251605.91,4050000.0,2.02337,2024-01-10
1704931200000,4162176.81,4212567.2,4350000.0,4139617.87,2.61237442,2024-01-11
1705017600000,4212013.04,3921574.01,4280000.0,3850000.0,2.63188377,2024-01-12
1705104000000,3919825.58,3886515.25,4083028.9,3850000.0,1.94071198,2024-01-13
1705190400000,3891703.0,3829691.17,3985500.0,3801000.0,1.70727329,2024-01-14
1705276800000,3830171.05,3864134.74,3939900.0,3800000.0,1.34668721,2024-01-15
1705363200000,3863233.49,3898291.36,3985000.0,3800113.0,1.65871193,2024-01-16
1705449600000,3897370.89,3857524.68,3901975.25,3833762.15,1.3321578,2024-01-17
1705536000000,3857605.92,3786357.64,3890000.0,3760000.0,1.920373,2024-01-18
1705622400000,3782622.41,3801491.5,3850064.95,3700000.0,1.53197392,2024-01-19
1705708800000,3775617.86,3810610.29,3900000.0,3737354.11,1.6303822,2024-01-20
1705795200000,3809183.54,3764064.7,3817861.55,3650000.0,1.49052819,2024-01-21
1705881600000,3769999.99,3627027.78,3770000.0,3600000.0,1.64578384,2024-01-22
1705968000000,3627075.72,3599647.9,3645013.84,3540000.0,1.67605913,2024-01-23
1706054400000,3602689.58,3662636.8,3705000.0,3600499.1,1.35183831,2024-01-24
1706140800000,3665208.38,3640908.67,3669999.98,3621621.0,1.29619522,2024-01-25
1706227200000,3640566.89,3784328.5,3860000.0,3500000.0,2.01538808,2024-01-26
1706313600000,3785460.99,3843190.25,4000000.0,3760000.0,1.63474792,2024-01-27
1706400000000,3843889.42,3829545.59,3896015.77,3600000.0,1.63744271,2024-01-28
1706486400000,3829766.81,3879020.33,3900000.0,3728494.0,1.66169085,2024-01-29
1706572800000,3880635.7,3879715.24,3930000.0,3700000.0,1.97112904,2024-01-30
1706659200000,3874779.2,3852277.43,3925288.97,3480000.0,3.49219172,2024-01-31
1706745600000,3862128.66,3870715.7,3900000.0,3620000.0,1.99838162,2024-02-01
1706832000000,3870719.14,3889285.05,3900000.0,3800000.0,1.98522905,2024-02-02
1706918400000,3891665.37,3906531.38,3914800.0,3840000.0,1.51807032,2024-02-03
1707004800000,3899118.44,3894329.53,3910000.0,3860000.0,1.31466691,2024-02-04
1707091200000,3891885.8,3889994.2,3917389.69,3850717.77,1.53384833,2024-02-05
1707177600000,3891003.73,3907814.84,3925000.0,3870000.0,1.50517219,2024-02-06
1707264000000,3910728.58,3983980.44,4000000.0,3872915.03,1.85828527,2024-02-07
1707350400000,3979943.96,4085612.69,4125387.92,3950365.0,1.94991609,2024-02-08
1707436800000,4090379.76,4262109.46,4300000.0,4042800.74,3.18359505,2024-02-09
1707523200000,4261848.08,4307445.26,4330000.01,4152960.98,1.98641384,2024-02-10
1707609600000,4311424.24,4368199.99,4386500.0,4270100.0,1.60673461,2024-02-11
1707696000000,4368590.24,4457909.03,4500000.0,4355500.0,2.45778385,2024-02-12
1707782400000,4464206.41,4458089.97,4500000.0,4390000.0,2.55065856,2024-02-13
1707868800000,4464719.21,4683185.35,4695180.4,4435000.0,3.02987149,2024-02-14
1707955200000,4685409.5,4721172.98,4755000.0,4670000.01,2.58588728,2024-02-15
1708041600000,4722006.13,4780639.37,4790035.0,4710000.0,1.44785215,2024-02-16
1708128000000,4780911.23,4701105.73,4789000.02,4600000.0,1.72911991,2024-02-17
1708214400000,4706809.54,4740196.86,4746648.17,4605424.25,1.50234985,2024-02-18
1708300800000,4737106.61,4731332.14,4780000.0,4682011.0,1.80642554,2024-02-19
1708387200000,4734875.83,4753206.26,4785069.5,4700011.0,1.8781648,2024-02-20
1708473600000,4763565.23,4761739.75,4787200.0,4650000.0,2.19289454,2024-02-21
1708560000000,4759444.25,4748394.18,4779825.8,4720002.0,1.470125,2024-02-22
1708646400000,4755862.25,4735561.51,4780000.02,4730219.99,1.35794676,2024-02-23
1708732800000,4735795.62,4796954.38,4800000.0,4700000.0,1.73029788,2024-02-24
1708819200000,4795390.42,4811212.23,4811425.22,4750011.0,1.69296151,2024-02-25
1708905600000,4811324.54,4993930.13,5000000.0,4770000.0,2.28411607,2024-02-26
1708992000000,4994764.47,5197611.33,5250000.0,4930002.0,2.47471559,2024-02-27
1709078400000,5186183.51,5624507.22,5768336.36,5150000.0,3.69479674,2024-02-28
1709164800000,5633571.28,5625614.24,5750000.0,5390000.0,2.76816617,2024-02-29
1709251200000,5630224.95,5667784.89,5744375.32,5320000.0,2.40250355,2024-03-01
1709337600000,5667485.63,5633504.73,5685000.0,5555011.0,1.89739963,2024-03-02
1709424000000,5632534.9,5745000.0,5745000.0,5618129.04,1.77772766,2024-03-03
1709510400000,5745000.0,6224645.54,6288000.0,5725000.01,3.39197063,2024-03-04
1709596800000,6269765.5,5857213.5,6269765.5,5568000.0,4.38623784,2024-03-05
1709683200000,5853670.86,6053075.84,6143839.08,5600000.0,2.19787653,2024-03-06
1709769600000,6050694.92,6033666.1,6134822.58,5951751.21,1.87832735,2024-03-07
1709856000000,6027454.27,6146545.09,6230172.0,5800000.0,2.47953033,2024-03-08
1709942400000,6133973.19,6197644.42,6230000.0,6096011.0,1.59738174,2024-03-09
1710028800000,6205612.41,6242532.75,6265000.0,6174000.05,1.89111112,2024-03-10
1710115200000,6233271.99,6360290.62,6444912.91,6174000.66,2.96472577,2024-03-11
1710201600000,6358789.18,6332255.1,6484906.91,6175000.0,2.79483604,2024-03-12
1710288000000,6356520.99,6625896.61,6676000.0,6332870.39,2.9140134,2024-03-13
1710374400000,6631864.07,6496821.49,6700160.0,6155175.91,2.30517624,2024-03-14
1710460800000,6473846.5,6314849.64,6560000.0,5850000.0,3.18853574,2024-03-15
1710547200000,6374422.39,6176515.22,6500000.0,6130000.0,1.98222503,2024-03-16
1710633600000,6213437.2,6385188.05,6420000.0,6100000.0,1.7696283,2024-03-17
1710720000000,6386510.37,6379847.0,6499000.0,6307211.0,1.5029816,2024-03-18
1710806400000,6392214.23,5940039.34,6500000.0,5900025.01,3.04400667,2024-03-19
1710892800000,5950608.53,6265778.47,6400000.0,5700000.0,2.52039745,2024-03-20
1710979200000,6276201.59,6200185.54,6400000.0,6100000.0,1.80370289,2024-03-21
1711065600000,6218277.54,5977277.96,6260340.58,5889033.6,1.75107697,2024-03-22
1711152000000,5984072.33,6136098.95,6200000.0,5913977.86,1.43997679,2024-03-23
1711238400000,6129892.94,6193825.78,6262626.0,6050000.0,1.625954,2024-03-24
1711324800000,6237343.8,6436645.23,6532000.0,6193825.49,2.2790552,2024-03-25
1711411200000,6394040.75,6529669.2,6600000.0,6394040.75,1.89971394,2024-03-26
1711497600000,6531198.89,6451428.13,6644006.55,6200012.0,1.84857075,2024-03-27
1711584000000,6451116.32,6587870.18,6602373.77,6413000.0,2.28205152,2024-03-28
1711670400000,6586871.2,6529051.06,6612020.76,6467126.0,1.71039957,2024-03-29
1711756800000,6531305.24,6564208.3,6599000.0,6455347.77,1.33853892,2024-03-30
1711843200000,6550001.0,6651059.97,6700000.0,6540000.0,1.93041635,2024-03-31
1711929600000,6637105.99,6545009.11,6680531.19,6487002.03,1.5847464,2024-04-01
1712016000000,6526062.47,6324448.5,6564999.97,6150000.0,1.97314163,2024-04-02
1712102400000,6328603.08,6305845.37,6483000.0,6200000.0,1.61330267,2024-04-03
1712188800000,6322141.53,6500316.8,6550000.0,6225000.0,1.54178463,2024-04-04
1712275200000,6490601.07,6408167.52,6529999.4,6374000.0,1.68642559,2024-04-05
1712361600000,6401015.48,6523000.76,6598000.0,6300000.0,1.56536975,2024-04-06
1712448000000,6515705.53,6543874.62,6599999.0,6453725.31,1.29197476,2024-04-07
1712534400000,6543672.68,6655003.0,6850000.0,6500001.0,2.87261491,2024-04-08
1712620800000,6690600.74,6599000.0,6734914.0,6540000.0,1.57078833,2024-04-09
1712707200000,6598999.99,6706657.95,6720000.0,6451400.0,2.01329256,2024-04-10
1712793600000,6703187.97,6719905.52,6800000.0,6650000.0,1.60621935,2024-04-11
1712880000000,6721381.42,6592116.68,6799000.0,6560000.0,2.11567682,2024-04-12
1712966400000,6582358.09,6321042.25,6680675.19,6308000.0,2.78699108,2024-04-13
1713052800000,6326953.2,6400000.0,6680675.19,6250000.0,2.25001087,2024-04-14
1713139200000,6375752.5,6137800.42,6549998.99,6060606.0,2.87362509,2024-04-15
1713225600000,6141869.99,6241403.9,6254613.82,6035987.15,1.62257112,2024-04-16
1713312000000,6244753.97,6116132.64,6307022.38,6000000.0,1.70816479,2024-04-17
1713398400000,6130254.62,6227343.81,6267000.0,6000001.0,1.6571604,2024-04-18
1713484800000,6239487.54,6328325.74,6432000.0,6030000.0,1.79318059,2024-04-19
1713571200000,6333056.27,6333021.08,6402554.0,6300000.0,1.50480396,2024-04-20
1713657600000,6332783.28,6320477.68,6395659.0,6000000.0,1.8542603,2024-04-21
1713744000000,6341003.25,6467240.2,6485423.97,6250011.05,1.51726287,2024-04-22
1713830400000,6469994.03,6470401.31,6500000.0,6352991.24,1.43599681,2024-04-23
1713916800000,6479451.44,6300012.36,6500000.0,6300012.36,1.49687374,2024-04-24
1714003200000,6320435.38,6326416.55,6384000.0,6150000.0,1.53313936,2024-04-25
1714089600000,6313102.65,6319981.4,6349998.0,6220998.99,1.40025941,2024-04-26
1714176000000,6319981.14,6181158.0,6319981.32,6129357.55,1.36648293,2024-04-27
1714262400000,6178127.5,6255315.45,6300000.0,6144000.0,1.30529296,2024-04-28
1714348800000,6259246.53,6260718.28,6274844.62,6151197.94,1.34697455,2024-04-29
1714435200000,6244692.62,6063349.33,6308000.0,6050000.0,2.08148035,2024-04-30
1714521600000,6063772.58,5823140.38,6100000.0,5704641.02,2.19976182,2024-05-01
1714608000000,5826496.86,5925466.12,5998698.03,5700000.0,1.5232691,2024-05-02
1714694400000,5944422.74,6158936.67,6184998.91,5774418.6,1.70340227,2024-05-03
1714780800000,6145800.23,6251887.13,6255733.15,6078776.99,1.48734573,2024-05-04
1714867200000,6251166.11,6236438.02,6280001.0,6161511.0,1.34045183,2024-05-05
1714953600000,6254614.83,6195429.58,6350000.0,6000000.0,1.51866301,2024-05-06
1715040000000,6201361.48,6138764.49,6261148.25,6108001.42,1.34229944,2024-05-07
1715126400000,6123150.76,6034369.38,6156343.82,6010111.0,1.20326818,2024-05-08
1715212800000,6031642.11,6142676.65,6143186.16,6000000.0,1.18741961,2024-05-09
1715299200000,6142948.38,5945999.4,6182962.68,5945999.4,1.40806166,2024-05-10
1715385600000,5945999.4,5985289.66,6039999.92,5900000.0,1.24852297,2024-05-11
1715472000000,5980461.54,5984539.69,6000000.0,5900011.0,1.28002858,2024-05-12
1715558400000,5986203.62,6073941.46,6100000.0,5900000.0,1.50591237,2024-05-13
1715644800000,6071490.4,6022580.87,6100000.0,6000000.0,1.27700009,2024-05-14
1715731200000,6019940.08,6310770.62,6320000.0,5950011.0,1.88221962,2024-05-15
1715817600000,6307068.54,6258076.28,6340000.0,6200000.0,1.37730962,2024-05-16
1715904000000,6242033.57,6293706.49,6330000.0,6040009.62,1.69964182,2024-05-17
1715990400000,6295289.8,6316651.93,6330000.0,6250000.0,1.4071419,2024-05-18
1716076800000,6317000.61,6301284.91,6336719.88,6251711.0,1.14319965,2024-05-19
1716163200000,6298144.49,6400000.0,6400000.0,6208011.0,1.5627245,2024-05-20
1716249600000,6372836.32,6406804.27,6450000.0,6250000.0,1.89879744,2024-05-21
1716336000000,6401634.96,6375838.22,6450000.0,6280000.0,1.52357658,2024-05-22
1716422400000,6363167.9,6275835.16,6399999.0,6210000.0,1.64519758,2024-05-23
1716508800000,6245981.58,6271217.9,6303000.0,6078888.65,1.52371681,2024-05-24
1716595200000,6274432.93,6301382.92,6319979.99,6045000.0,1.44969651,2024-05-25
1716681600000,6298906.36,6269878.99,6315000.0,6250000.0,1.22422303,2024-05-26
1716768000000,6268312.49,6324217.32,6348452.38,6150011.0,1.45573439,2024-05-27
1716854400000,6323815.89,6231666.79,6341962.31,6178003.02,1.39441013,2024-05-28
1716940800000,6213735.92,6183351.55,6259997.87,6150000.0,1.3260551,2024-05-29
1717027200000,6183512.68,6289166.69,6296060.0,6172000.55,1.36953067,2024-05-30
1717113600000,6288450.88,6164487.3,6294998.73,6121000.06,1.56476083,2024-05-31
1717200000000,6193478.8,6141655.94,6242687.35,6100000.0,1.37775041,2024-06-01
1717286400000,6139675.08,6200615.78,6248000.0,6117608.33,1.38943835,2024-06-02
1717372800000,6199312.92,6344770.96,6365850.37,6165363.25,2.00547888,2024-06-03
1717459200000,6337736.05,6409084.48,6430000.0,6262001.0,1.57494784,2024-06-04
1717545600000,6401732.37,6400081.09,6450000.0,6372982.51,1.58698768,2024-06-05
1717632000000,6400797.65,6413719.81,6450000.0,6375017.42,1.38768743,2024-06-06
1717718400000,6414729.39,6409475.16,6466577.45,6398000.0,1.52095188,2024-06-07
1717804800000,6411891.5,6459285.61,6460000.0,6387426.07,1.38470436,2024-06-08
1717891200000,6459317.14,6441973.4,6460000.0,6379000.0,1.39013161,2024-06-09
1717977600000,6441469.07,6473806.33,6500000.0,6390000.0,1.45306427,2024-06-10
1718064000000,6471451.16,6349522.26,6500000.0,6300000.0,2.08954092,2024-06-11
1718150400000,6337325.02,6466257.45,6530000.0,6285000.0,1.77571633,2024-06-12
1718236800000,6483940.89,6409602.5,6512000.0,6395500.0,1.49833041,2024-06-13
1718323200000,6413418.92,6371866.35,6500000.0,6348606.27,1.39318426,2024-06-14
1718409600000,6372541.08,6368750.91,6410007.1,6340000.0,1.29492334,2024-06-15
1718496000000,6378077.8,6348623.37,6391982.9,6330000.0,1.24616118,2024-06-16
1718582400000,6330000.03,6350811.8,6400000.0,6240000.0,1.37200849,2024-06-17
1718668800000,6358142.78,6344304.32,6405000.14,6300000.0,1.41317955,2024-06-18
1718755200000,6351388.32,6129807.95,6351877.14,6100000.0,1.68619094,2024-06-19
1718841600000,6127407.3,6146669.02,6222091.0,6100000.0,1.40698717,2024-06-20
1718928000000,6148532.72,6119392.14,6180775.42,6100000.0,1.3985427,2024-06-21
1719014400000,6124724.48,6154847.9,6220800.0,6077077.0,1.26622734,2024-06-22
1719100800000,6151541.2,6138566.28,6200000.0,6097816.0,1.02653057,2024-06-23
1719187200000,6123834.8,5830111.27,6158325.8,5800000.0,1.91341719,2024-06-24
1719273600000,5831766.14,6012533.86,6047702.64,5753793.01,1.4245762,2024-06-25
1719360000000,6012621.07,5873422.25,6022000.0,5865432.0,1.22004452,2024-06-26
1719446400000,5873464.0,5919486.49,6001000.56,5800000.0,1.42050491,2024-06-27
1719532800000,5914991.04,5820530.69,5999500.0,5800510.34,1.19601663,2024-06-28
1719619200000,5831569.86,5810873.33,5860000.0,5800510.34,1.21070439,2024-06-29
1719705600000,5813759.91,5925911.7,5939259.99,5800000.0,1.26617988,2024-06-30
1719792000000,5919515.23,5918897.84,5999500.0,5788000.22,1.38247744,2024-07-01
1719878400000,5913772.65,5807799.41,5930304.0,5780104.38,1.29843594,2024-07-02
1719964800000,5807636.82,5719064.1,5813322.02,5712355.0,1.38574142,2024-07-03
1720051200000,5717706.99,5661220.21,5755189.99,5112355.0,1.96358071,2024-07-04
1720137600000,5633248.69,5521422.23,5693680.63,5112000.0,1.61968242,2024-07-05
1720224000000,5519624.69,5568270.51,5627137.99,5369317.81,1.19044293,2024-07-06
1720310400000,5598897.99,5504639.33,5670000.0,5504076.07,1.35440056,2024-07-07
1720396800000,5504782.9,5504352.11,5696710.99,5410012.0,1.41288675,2024-07-08
1720483200000,5502733.94,5566218.86,5579576.22,5471322.91,1.33379253,2024-07-09
1720569600000,5566443.42,5520840.04,5700000.0,5520782.4,1.42803763,2024-07-10
1720656000000,5520796.51,5528561.11,5694437.01,5510885.07,1.30961811,2024-07-11
1720742400000,5534643.24,5476458.63,5543164.47,5420000.0,1.36651751,2024-07-12
1720828800000,5470271.62,5528593.95,5551030.04,5411000.0,1.5088642,2024-07-13
1720915200000,5521712.09,5689256.02,5700000.0,5467764.59,1.40802972,2024-07-14
1721001600000,5683917.14,5915616.92,5931978.34,5672596.01,1.46272689,2024-07-15
1721088000000,5911045.18,5913195.7,5970000.0,5666536.0,1.43192848,2024-07-16
1721174400000,5916182.59,5855112.82,6000000.0,5575000.0,1.70579005,2024-07-17
1721260800000,5850496.58,5839761.18,6000000.0,5750000.01,1.39859787,2024-07-18
1721347200000,5857090.59,6008798.18,6049999.99,5756653.23,1.4087774,2024-07-19
1721433600000,6007640.51,6026271.67,6033999.99,5973769.68,1.15970435,2024-07-20
1721520000000,6022296.82,6022431.39,6058486.99,5970000.0,1.31202802,2024-07-21
1721606400000,6029987.84,6014086.96,6080999.9,5939699.36,1.31033863,2024-07-22
1721692800000,6023683.9,5894423.51,6037846.7,5874137.11,1.30387783,2024-07-23
1721779200000,5907666.93,5875363.71,5926635.16,5808574.86,1.13623261,2024-07-24
1721865600000,5889038.28,5895248.0,5906464.44,5750000.0,1.338699,2024-07-25
1721952000000,5888090.67,6035805.1,6040000.0,5877134.28,1.27415673,2024-07-26
1722038400000,6035832.22,6059780.32,6100000.0,5980000.0,1.2531381,2024-07-27
1722124800000,6061895.47,6043040.02,6080750.48,5980000.0,1.16372274,2024-07-28
1722211200000,6040290.05,5882861.24,6140549.99,5830000.0,1.38308372,2024-07-29
1722297600000,5878760.01,5794870.41,6011882.18,5616635.17,1.46050147,2024-07-30
1722384000000,5795320.63,5681886.12,5980000.0,5668286.64,1.38566025,2024-07-31
1722470400000,5675637.8,5845845.94,5850000.0,5650000.0,1.32094888,2024-08-01
1722556800000,5842383.05,5779891.76,5853448.47,5650000.0,1.44757099,2024-08-02
1722643200000,5778855.53,5711731.1,5876378.0,5650000.0,1.34246744,2024-08-03
1722729600000,5716911.25,5602013.85,5773530.05,5457914.86,1.58420877,2024-08-04
1722816000000,5599285.91,5321280.92,5638124.29,4938052.0,2.67554793,2024-08-05
1722902400000,5319536.94,5386495.02,5474981.74,5272923.33,1.43702076,2024-08-06
1722988800000,5386204.53,5237251.98,5586658.18,5141543.29,1.42194054,2024-08-07
1723075200000,5239580.68,5665405.5,5689533.37,5179160.0,1.52487506,2024-08-08
1723161600000,5660268.68,5557199.56,5700000.0,5425999.99,1.35429586,2024-08-09
1723248000000,5571025.35,5574498.54,5613827.01,5410377.0,1.26251964,2024-08-10
1723334400000,5559510.59,5464418.65,5599987.54,5430406.57,1.04778204,2024-08-11
1723420800000,5450227.29,5460508.2,5639349.56,5397118.96,1.42559711,2024-08-12
1723507200000,5463993.95,5627408.24,5724371.29,5300000.0,1.49399725,2024-08-13
1723593600000,5609430.04,5477200.39,5678763.45,5450000.0,1.23098348,2024-08-14
1723680000000,5471509.43,5345913.39,5500000.0,5270477.32,1.34178558,2024-08-15
1723766400000,5346022.58,5475449.64,5513591.35,5343356.09,1.30146752,2024-08-16
1723852800000,5471299.17,5452775.12,5499981.71,5443913.16,1.18423152,2024-08-17
1723939200000,5461010.49,5427539.95,5500000.0,5400000.0,1.2127699,2024-08-18
1724025600000,5423075.37,5391153.03,5500000.0,5307525.0,1.3199535,2024-08-19
1724112000000,5394406.25,5401560.82,5539997.66,5334186.01,1.31674446,2024-08-20
1724198400000,5374730.7,5566886.34,5610000.0,5321334.0,1.58503043,2024-08-21
1724284800000,5561987.13,5528160.7,5600000.0,5487680.09,1.31068145,2024-08-22
1724371200000,5535316.88,5834939.28,5860015.33,5468496.02,1.80005314,2024-08-23
1724457600000,5839166.79,5858945.54,5875495.78,5610021.0,1.58558221,2024-08-24
1724544000000,5857667.23,5904800.96,5947999.98,5754378.11,1.35157814,2024-08-25
1724630400000,5897716.41,5855269.75,5947999.87,5801680.0,1.30243805,2024-08-26
1724716800000,5855763.97,5648032.61,5900051.0,5550000.0,1.42578481,2024-08-27
1724803200000,5636000.01,5552838.01,5760000.0,5543578.35,1.42073875,2024-08-28
1724889600000,5552838.01,5599062.49,5680000.0,5552838.0,1.30017694,2024-08-29
1724976000000,5587905.61,5556734.47,5615989.49,5517996.01,1.41965437,2024-08-30
1725062400000,5563305.4,5520005.41,5668973.0,5500000.0,1.4182127,2024-08-31
1725148800000,5520006.32,5409798.78,5520011.89,5400000.0,1.55480276,2024-09-01
1725235200000,5415327.0,5340644.37,5421518.3,5340000.0,1.84253941,2024-09-02
1725321600000,5340691.19,5242548.91,5390990.26,5232619.0,1.20610083,2024-09-03
1725408000000,5242958.6,5263302.7,5299999.99,5135920.0,1.48948448,2024-09-04
1725494400000,5257488.33,5163246.3,5325823.0,5132046.0,1.28413668,2024-09-05
1725580800000,5132046.01,4961740.99,5199999.76,4920000.0,1.50233351,2024-09-06
1725667200000,4973675.9,5009606.89,5033517.32,4900000.02,1.20464069,2024-09-07
1725753600000,5008526.23,5030447.41,5060179.07,4960025.01,1.02536142,2024-09-08
1725840000000,5032105.72,5268726.75,5310000.0,5000001.4,1.30857513,2024-09-09
1725926400000,5267112.24,5253633.13,5309947.96,5200000.0,1.27606037,2024-09-10
1726012800000,5245979.3,5228417.19,5284013.86,4901000.0,1.51480632,2024-09-11
1726099200000,5235227.06,5274951.96,5350000.0,5214594.4,1.31915705,2024-09-12
1726185600000,5274714.66,5455139.92,5500000.0,5215000.01,1.39090711,2024-09-13
1726272000000,5468423.86,5385952.74,5521678.93,5250011.0,1.30069829,2024-09-14
1726358400000,5383872.17,5463319.89,5550000.0,5355011.0,1.15007732,2024-09-15
1726444800000,5458407.93,5280719.47,5481879.81,5236621.0,1.2677384,2024-09-16
1726531200000,5277127.02,5467687.26,5581785.32,4412874.26,5.59512684,2024-09-17
1726617600000,5470841.64,5539935.31,5600000.0,5190000.0,1.56277263,2024-09-18
1726704000000,5554208.76,5749069.69,5800000.0,5400000.0,2.1732397,2024-09-19
1726790400000,5752806.8,5743541.62,5800000.01,5700000.0,1.50417252,2024-09-20
1726876800000,5731895.68,5781364.56,5835783.57,5700000.0,1.2880272,2024-09-21
1726963200000,5778746.73,5832269.44,5855555.0,5698445.1,1.55493973,2024-09-22
1727049600000,5834467.63,5864844.0,5963440.0,5822278.05,1.51689552,2024-09-23
1727136000000,5855465.65,5913000.0,5950500.0,5800011.0,1.2881231,2024-09-24
1727222400000,5913000.0,5841778.55,5978543.0,5830208.08,1.41214993,2024-09-25
1727308800000,5843346.85,5981374.14,6006999.99,5800000.0,1.8189689,2024-09-26
1727395200000,5988377.49,6068332.01,6100500.0,5800000.0,4.44866997,2024-09-27
1727481600000,6070558.94,6073507.02,6122000.0,5980652.49,4.86812481,2024-09-28
1727568000000,6071034.99,6085464.13,6130000.0,6000011.0,5.11514011,2024-09-29
1727654400000,6090670.73,5907361.34,6090670.73,5800000.0,5.82991803,2024-09-30
1727740800000,5901694.46,5840021.01,6010000.0,5753000.06,5.62304429,2024-10-01
1727827200000,5822310.95,5812143.69,6000000.0,5760000.01,5.29062459,2024-10-02
1727913600000,5821248.86,5832173.13,5950000.0,5766001.0,5.64293634,2024-10-03
1728000000000,5829476.32,5993516.4,6001350.49,5800000.01,5.44281905,2024-10-04
1728086400000,5984597.97,5975907.16,6014595.44,5904924.9,5.04584784,2024-10-05
1728172800000,5968859.43,6015870.38,6019655.99,5955000.01,5.04632545,2024-10-06
1728259200000,6015021.95,6043025.75,6200000.0,6012511.01,5.55678081,2024-10-07
1728345600000,6043809.04,6044000.34,6156484.91,6025500.0,4.86040346,2024-10-08
1728432000000,6042375.13,5926009.0,6092994.5,5900000.0,5.80462091,2024-10-09
1728518400000,5926009.0,5903782.89,6000405.0,5750000.0,5.43037654,2024-10-10
1728604800000,5900000.01,6003402.05,6100000.0,5800001.45,5.41207949,2024-10-11
1728691200000,6004971.72,6089514.34,6094999.98,6004251.76,5.10525801,2024-10-12
1728777600000,6090050.54,6044339.65,6101000.0,6000000.01,5.1925113,2024-10-13
1728864000000,6046748.89,6345373.99,6378816.68,6025603.3,6.33476931,2024-10-14
1728950400000,6351228.84,6485627.02,6530000.0,6258265.6,5.60754223,2024-10-15
1729036800000,6484020.62,6520556.44,6586074.45,6473000.01,5.47907232,2024-10-16
1729123200000,6521205.86,6456227.91,6559330.0,6383059.53,6.23858092,2024-10-17
1729209600000,6456176.75,6541388.4,6630000.0,6435157.22,6.95971992,2024-10-18
1729296000000,6540550.77,6547957.52,6571802.99,6518044.41,5.74589785,2024-10-19
1729382400000,6548088.12,6644474.34,6664933.82,6530877.91,5.55458829,2024-10-20
1729468800000,6644651.17,6534583.87,6679999.99,6500000.0,5.20167201,2024-10-21
1729555200000,6533540.05,6585114.51,6599998.99,6499024.6,5.26447093,2024-10-22
1729641600000,6588558.0,6459703.35,6599849.98,6362463.1,5.19468969,2024-10-23
1729728000000,6461363.4,6680345.31,6707387.16,6455517.43,5.42426604,2024-10-24
1729814400000,6682389.74,6508316.3,6694943.41,6460066.94,5.3849611,2024-10-25
1729900800000,6508236.92,6585003.45,6689130.23,6499435.69,6.28384139,2024-10-26
1729987200000,6585977.7,6650189.93,6670000.0,6521567.64,5.04536072,2024-10-27
1730073600000,6650240.49,6944474.48,6973870.31,6608828.76,6.11063449,2024-10-28
1730160000000,6945099.98,7141361.24,7254000.0,6926883.61,6.74081907,2024-10-29
1730246400000,7143869.9,7057040.06,7200226.0,6976513.7,5.37692578,2024-10-30
1730332800000,7057693.95,6913058.02,7099999.91,6878437.51,4.83721925,2024-10-31
1730419200000,6920000.0,6824004.26,7002456.2,6800000.0,5.35928497,2024-11-01
1730505600000,6838388.23,6811228.33,6899481.32,6775000.09,4.65391999,2024-11-02
1730592000000,6811228.33,6864412.53,6899999.99,6630800.8,6.423816,2024-11-03
1730678400000,6830000.36,6792363.83,7108673.99,6742747.38,5.31036297,2024-11-04
1730764800000,6791325.78,6850401.06,6965000.0,6759270.06,5.56908179,2024-11-05
1730851200000,6856141.76,7427673.66,7485107.0,6848655.32,6.29563659,2024-11-06
1730937600000,7423108.66,7414225.92,7460000.64,7320767.0,4.54978441,2024-11-07
1731024000000,7414225.92,7428985.86,7465000.65,7343637.8,5.31814544,2024-11-08
1731110400000,7435515.46,7421955.5,7500000.0,7372358.41,4.86663243,2024-11-09
1731196800000,7440511.64,7870244.33,7900000.0,7402980.9,6.35445208,2024-11-10
1731283200000,7867070.83,8615105.1,8631057.78,7820133.96,6.02736449,2024-11-11
1731369600000,8619063.32,8595669.29,8821196.4,7900000.0,6.05073926,2024-11-12
1731456000000,8562012.44,8864229.97,9064812.0,8300000.0,5.77549867,2024-11-13
1731542400000,8864229.98,8761753.5,9108010.14,8498300.33,5.33335943,2024-11-14
1731628800000,8728026.38,8987384.47,9000000.0,8700000.0,5.32773165,2024-11-15
1731715200000,8988197.94,8957975.81,9163077.6,8848293.8,6.0993803,2024-11-16
1731801600000,8981862.32,8937127.48,9127669.6,8844090.7,6.19943158,2024-11-17
1731888000000,8947650.89,9078138.47,9187459.69,8900000.0,5.77678908,2024-11-18
1731974400000,9068040.59,9305601.02,9400000.0,9014858.44,6.19852554,2024-11-19
1732060800000,9311285.39,9478690.14,9561157.41,9246490.8,6.1065165,2024-11-20
1732147200000,9493539.9,10095656.56,10169381.8,9475713.97,7.1777442,2024-11-21
1732233600000,10079493.47,10263638.85,10326189.49,9405329.7,7.14071479,2024-11-22
1732320000000,10270359.6,10012068.99,10271809.49,9900000.0,5.55486131,2024-11-23
1732406400000,9980136.45,10054346.62,10265658.0,9919420.43,5.10578197,2024-11-24
1732492800000,10058945.99,9850000.42,10275991.8,9850000.0,5.51339034,2024-11-25
1732579200000,9850000.66,9639659.22,10112123.03,9300000.0,6.05182025,2024-11-26
1732665600000,9649090.37,10300647.6,10316576.18,9453687.0,5.90160895,2024-11-27
1732752000000,10295392.64,10401320.07,10444189.67,10160001.7,6.69594005,2024-11-28
1732838400000,10410073.49,10230000.0,10498255.76,10230000.0,5.69879413,2024-11-29
1732924800000,10290778.91,10067176.8,10381384.6,10000100.19,5.27408856,2024-11-30
1733011200000,10060884.29,9925239.31,10119987.22,9800000.0,5.34836397,2024-12-01
1733097600000,9923076.38,9671543.22,10165371.07,9535667.0,5.5442286,2024-12-02
1733184000000,9685737.86,9763015.91,10000000.0,9535667.0,5.39469795,2024-12-03
1733270400000,9737443.85,10004047.72,10006671.96,9600000.0,5.71349186,2024-12-04
1733356800000,10003207.01,9819721.13,10400000.0,9420312.0,7.17485021,2024-12-05
1733443200000,9823164.83,9950388.72,10097699.33,9766200.09,6.28178131,2024-12-06
1733529600000,9959822.79,9943238.44,10044332.9,9850314.91,5.72254712,2024-12-07
1733616000000,9939634.6,10070488.83,10100884.12,9840000.0,6.34528909,2024-12-08
1733702400000,10079649.04,10058747.89,10200000.0,9708744.55,7.60919374,2024-12-09
1733788800000,10066713.65,9920187.02,10400000.0,9750000.0,5.48088492,2024-12-10
1733875200000,9892782.41,10583526.53,10632999.38,9887110.21,6.62176639,2024-12-11
1733961600000,10601443.49,10399087.66,10631999.74,10339061.32,5.41828231,2024-12-12
1734048000000,10399073.9,10495000.0,10550000.0,10351508.24,4.31693728,2024-12-13
1734134400000,10495000.0,10518136.0,10581741.89,10453335.08,3.5300061,2024-12-14
1734220800000,10518363.59,10821550.12,10844231.99,10512400.1,5.51580868,2024-12-15
1734307200000,10818405.08,10809467.96,11000000.0,10500000.0,5.85714516,2024-12-16
1734393600000,10818807.01,10918885.24,10989938.28,10700000.0,5.24280009,2024-12-17
1734480000000,10931555.91,10561036.32,10955001.07,10534000.0,5.55896398,2024-12-18
1734566400000,10560087.0,10326364.87,10700000.0,10000000.0,7.18174965,2024-12-19
1734652800000,10330436.96,10391447.58,10600000.0,10000000.8,5.0641905,2024-12-20
1734739200000,10449999.99,10438794.1,10664438.21,10350000.0,5.31529193,2024-12-21
1734825600000,10443148.93,10300304.57,10550000.0,10221750.47,4.94626787,2024-12-22
1734912000000,10294946.46,9958489.84,10349998.91,9805000.0,5.36109651,2024-12-23
1734998400000,9933861.66,10254633.04,10312793.53,9807855.81,4.99506266,2024-12-24
1735084800000,10244023.37,10271101.48,10340000.0,10167922.8,4.9690804,2024-12-25
1735171200000,10275880.46,10010296.35,10331784.66,9900900.0,4.99252314,2024-12-26
1735257600000,10013638.46,9891725.19,10193786.7,9823333.0,5.35190442,2024-12-27
1735344000000,9867621.15,9959912.04,10110611.4,9823333.0,4.72401129,2024-12-28
1735430400000,9963033.69,9927380.94,10109530.17,9850000.02,5.16929721,2024-12-29
1735516800000,9924999.02,9788622.49,9980443.7,9737116.77,4.46992701,2024-12-30
1735603200000,9817608.28,10056247.25,10138333.02,9779476.88,5.33207837,2024-12-31
1735689600000,10036046.28,10019702.47,10138333.02,9939626.0,5.16380688,2025-01-01
1735776000000,10058076.16,10216399.48,10325250.94,9950699.03,5.12346966,2025-01-02
1735862400000,10253283.62,10451292.92,10468820.89,10185063.32,4.83645427,2025-01-03
1735948800000,10442782.56,10447843.55,10500000.0,10328144.38,4.55886885,2025-01-04
1736035200000,10449095.74,10459574.11,10500000.0,10423676.63,5.00398811,2025-01-05
1736121600000,10454513.59,10669716.24,10758025.66,10416295.5,5.51470623,2025-01-06
1736208000000,10680323.24,10348056.44,10782929.03,10282817.6,5.33839355,2025-01-07
1736294400000,10349200.08,10102758.69,10410000.0,9800000.0,6.10524842,2025-01-08
1736380800000,10112154.49,9866169.71,10190145.81,9751681.06,5.54301434,2025-01-09
1736467200000,9860788.56,10042533.49,10190145.82,9858710.7,4.83215928,2025-01-10
1736553600000,10036410.21,10050633.3,10117078.07,9943523.0,5.05198437,2025-01-11
1736640000000,10031148.63,10051401.48,10099999.85,9954839.3,4.74169873,2025-01-12
1736726400000,10050880.8,10015324.17,10150000.0,9682531.0,5.13849315,2025-01-13
1736812800000,10016111.51,10253051.32,10349999.77,9950004.28,5.42681611,2025-01-14
1736899200000,10275811.32,10654455.81,10665328.47,10248227.7,6.64251979,2025-01-15
1736985600000,10654999.99,10605529.97,10692005.57,10360984.0,6.08413218,2025-01-16
1737072000000,10604865.1,10713304.1,10800000.0,10445000.0,6.20267504,2025-01-17
1737158400000,10714576.55,10852526.94,10895000.0,10613315.49,5.19654637,2025-01-18
1737244800000,10862274.49,10980218.12,11284100.09,10714500.0,5.84268331,2025-01-19
1737331200000,10956531.42,11073494.7,11535239.6,10700000.0,6.12007483,2025-01-20
1737417600000,11098941.09,10929748.99,11121777.58,10814800.01,5.13444598,2025-01-21
1737504000000,10957887.65,10667091.04,11079994.01,10634209.21,4.86017942,2025-01-22
1737590400000,10684663.46,10779282.84,10984866.56,10600700.0,5.28459857,2025-01-23
1737676800000,10778360.2,10848632.88,10999999.0,10713004.69,5.18274886,2025-01-24
1737763200000,10838768.99,10748820.36,10867398.11,10615000.0,5.43180671,2025-01-25
1737849600000,10752000.34,10695000.07,10834365.17,10615000.0,4.82220315,2025-01-26
1737936000000,10695000.07,10439036.71,10695000.07,10300000.0,5.14656023,2025-01-27
1738022400000,10433342.91,10584727.19,10636204.23,10341850.02,4.96752578,2025-01-28
1738108800000,10581639.87,10728301.6,10760444.57,10410000.0,5.30824401,2025-01-29
1738195200000,10696823.86,10812027.61,10854000.0,10676637.03,5.10666973,2025-01-30
1738281600000,10784311.31,10564962.39,10813621.6,10500000.0,4.93023354,2025-01-31
1738368000000,10544969.3,10455533.11,10599997.35,10400000.0,4.57095615,2025-02-01
1738454400000,10483702.92,10307943.99,10599997.35,10200000.0,4.42876995,2025-02-02
1738540800000,10271134.18,10573838.13,10600000.0,9980984.11,5.38034596,2025-02-03
1738627200000,10564563.18,10376129.94,10679999.99,10300000.0,5.12143865,2025-02-04
1738713600000,10417152.14,10354759.65,10670000.45,10275000.0,5.00816267,2025-02-05
1738800000000,10342561.03,10221244.51,10499001.0,10200000.0,5.1210354,2025-02-06
1738886400000,10245681.47,10190578.6,10440000.0,10100000.0,4.86412383,2025-02-07
1738972800000,10228167.4,10174433.44,10276994.69,10121928.85,4.96505885,2025-02-08
1739059200000,10175555.67,10098759.45,10246500.0,10011813.53,4.98748838,2025-02-09
1739145600000,10136563.42,10033773.01,10246500.0,10011813.55,4.67056632,2025-02-10
1739232000000,10033773.01,10075821.22,10177777.0,10021436.0,5.35662905,2025-02-11
1739318400000,10055029.94,10079381.51,10184941.54,9980984.12,5.00864952,2025-02-12
1739404800000,10076387.63,9779970.18,10114238.47,9769276.17,4.94107276,2025-02-13
1739491200000,9800000.0,9849204.53,10100000.0,9701999.0,4.39663149,2025-02-14
1739577600000,9840776.0,9768018.73,9963085.86,9700000.0,5.07542205,2025-02-15
1739664000000,9751868.13,9640828.81,9800790.0,9500000.0,4.8817143,2025-02-16
1739750400000,9625932.64,9459905.33,9701787.19,9400000.0,5.11345947,2025-02-17
1739836800000,9438104.62,9420970.72,9640389.03,9313120.8,5.06792353,2025-02-18
1739923200000,9437265.58,9466040.16,9579954.12,9313120.8,4.99405949,2025-02-19
1740009600000,9459922.55,9565334.71,9679999.99,9449950.02,5.01602332,2025-02-20
1740096000000,9561320.27,9460703.31,9658008.01,9334806.54,5.10624832,2025-02-21
1740182400000,9467642.22,9186337.09,9481445.51,9150500.0,5.22026032,2025-02-22
1740268800000,9179875.61,9099995.0,9299981.39,9000000.0,4.98645992,2025-02-23
1740355200000,9049847.06,8853088.62,9099995.0,8831000.0,4.95112547,2025-02-24
1740441600000,8856746.9,7996839.8,8984991.7,6538043.9,7.4170171,2025-02-25
1740528000000,7998302.5,7688645.1,8071723.63,7566133.32,5.16256738,2025-02-26
1740614400000,7681709.49,7681671.65,7999999.0,7600000.0,4.87602029,2025-02-27
1740700800000,7684112.05,7615156.11,7773998.64,7299981.52,5.33293768,2025-02-28
1740787200000,7610079.95,8000002.29,8143480.0,7561989.11,5.02454568,2025-03-01
1740873600000,8043229.21,9122728.72,9200000.0,7961070.09,5.39584601,2025-03-02
1740960000000,9109770.51,8333733.37,9248143.01,8300000.0,5.16379994,2025-03-03
1741046400000,8336581.78,8436287.11,8634999.99,8000000.01,5.14062198,2025-03-04
1741132800000,8417918.07,8568868.99,8637200.59,7983018.0,4.41241793,2025-03-05
1741219200000,8637200.59,8461492.07,8747776.99,7961070.09,4.43614521,2025-03-06
1741305600000,8439120.16,8167767.44,8504467.71,8100000.0,5.15283986,2025-03-07
1741392000000,8162377.81,8018078.25,8199026.34,7977433.0,4.98447221,2025-03-08
1741478400000,8013545.82,7742295.15,8096323.14,7600000.0,4.96586993,2025-03-09
1741564800000,7671859.89,7521998.59,7948704.82,7450000.0,5.28599494,2025-03-10
1741651200000,7503065.67,7832521.02,7859988.01,7400001.0,4.99715284,2025-03-11
1741737600000,7821974.67,7718568.26,7849999.56,7500000.0,5.1746554,2025-03-12
1741824000000,7715256.66,7501541.11,7810029.0,7400000.0,4.95977538,2025-03-13
1741910400000,7551117.92,7859419.33,7888339.96,7300000.0,5.16519558,2025-03-14
1741996800000,7863979.12,7720621.35,7880000.0,7585660.79,5.05485744,2025-03-15
1742083200000,7713034.65,7629510.86,7849999.99,7600000.01,4.93035872,2025-03-16
1742169600000,7640426.01,7576897.52,7807964.27,7505593.01,5.04086355,2025-03-17
1742256000000,7570016.52,7332572.14,7650000.11,7155000.01,5.16080692,2025-03-18
1742342400000,7331143.93,8021278.52,8142007.62,7326766.74,5.16237707,2025-03-19
1742428800000,8014310.82,7847456.43,8100000.0,7712525.03,4.93288384,2025-03-20
1742515200000,7842133.3,7918134.08,7999999.99,7576208.39,5.07973995,2025-03-21
1742601600000,7905507.66,7825108.63,7999999.99,7790000.0,4.83313678,2025-03-22
1742688000000,7841876.16,7963667.23,7983534.75,7693065.59,5.08064495,2025-03-23
1742774400000,7959612.46,8102237.72,8200000.0,7957574.86,5.18596245,2025-03-24
1742860800000,8109507.26,7959389.64,8134751.76,7599999.99,5.31723345,2025-03-25
1742947200000,7935006.37,7834275.92,8036763.28,7613734.0,5.25938488,2025-03-26
1743033600000,7825472.31,7840036.23,7905000.0,7800000.0,5.05025066,2025-03-27
1743120000000,7856372.27,7695983.59,7904999.99,7613752.99,4.82240291,2025-03-28
1743206400000,7691415.0,7654455.13,7811586.0,7585630.5,5.28248901,2025-03-29
1743292800000,7669776.79,7598465.92,7779875.12,7580000.0,4.99806587,2025-03-30
1743379200000,7619932.46,7560951.62,7801765.32,7491980.74,4.78846402,2025-03-31
1743465600000,7529418.62,7664336.14,7799990.0,7200000.0,5.06520683,2025-04-01
1743552000000,7660977.63,7601320.19,7887013.01,7500000.02,5.19794289,2025-04-02
1743638400000,7597485.18,7441133.23,7707512.26,7349989.89,5.11846176,2025-04-03
1743724800000,7434751.15,7567426.56,7620001.85,7175001.96,4.95856813,2025-04-04
1743811200000,7572646.7,7554239.65,7620001.85,7400014.34,4.9617345,2025-04-05
1743897600000,7536929.96,7189010.21,7599995.99,7174977.46,4.98978786,2025-04-06
1743984000000,7190251.96,7333741.08,7599996.0,7000500.01,5.08662805,2025-04-07
1744070400000,7333741.13,7045372.82,7411742.58,7000600.01,5.01043082,2025-04-08
1744156800000,7071631.29,7456367.52,7542146.08,6700000.0,5.42439221,2025-04-09
1744243200000,7469995.38,7176106.48,7542145.8,7100000.0,5.01479073,2025-04-10
1744329600000,7213403.1,7474024.51,7500000.0,6862847.46,5.01781265,2025-04-11
1744416000000,7487118.48,7523844.22,7542000.0,7283562.54,5.30616117,2025-04-12
1744502400000,7515591.7,7325505.64,7550000.0,7300000.01,4.95877529,2025-04-13
1744588800000,7322394.72,7366030.37,7505101.3,7283588.35,4.93171898,2025-04-14
1744675200000,7357335.38,7361544.72,7504999.42,7283558.72,5.04103946,2025-04-15
1744761600000,7366375.75,7343701.75,7500000.0,7283558.72,5.08134624,2025-04-16
1744848000000,7334235.2,7190796.63,7453262.99,7000001.0,5.206411,2025-04-17
1744934400000,7190328.91,7194692.82,7351996.99,7000005.01,4.91222745,2025-04-18
1745020800000,7205547.65,7244979.8,7286630.51,7043910.0,5.02816322,2025-04-19
1745107200000,7230720.49,7223072.26,7292867.27,7100000.0,5.00638748,2025-04-20
1745193600000,7222844.13,7324998.93,7437179.59,7120000.0,5.32409737,2025-04-21
1745280000000,7324998.95,7560744.29,7600000.0,7167490.33,5.22594956,2025-04-22
1745366400000,7561531.25,7750408.92,7800000.0,7400000.0,4.88787139,2025-04-23
1745452800000,7755842.92,7595939.27,7768514.22,7420001.85,5.01593326,2025-04-24
1745539200000,7585396.52,7716958.55,7768522.0,7420001.85,4.88969702,2025-04-25
1745625600000,7725309.36,7707091.88,7768510.13,7608258.71,5.18074481,2025-04-26
1745712000000,7701748.93,7727196.3,7768510.13,7500000.0,5.11997791,2025-04-27
1745798400000,7718987.78,7703911.06,7800000.0,7519519.0,5.18644865,2025-04-28
1745884800000,7686442.02,7685567.75,7810000.0,7560000.0,5.11962518,2025-04-29
1745971200000,7692651.44,7624631.91,7760604.01,7327994.66,5.23004381,2025-04-30
1746057600000,7613389.96,7834493.3,7875000.12,7577045.34,4.96919106,2025-05-01
1746144000000,7845892.35,7858213.91,7949999.0,7779650.19,5.32552713,2025-05-02
1746230400000,7851422.82,7837640.55,7930986.14,7610000.0,5.09163943,2025-05-03
1746316800000,7838010.61,7748959.48,7869204.5,7730001.78,5.05727177,2025-05-04
1746403200000,7750458.28,7786439.46,7809736.84,7470000.0,5.14633054,2025-05-05
1746489600000,7783737.52,7944300.0,7944300.0,7677779.61,5.27431606,2025-05-06
1746576000000,7905230.02,7999127.4,8020000.0,7694397.39,5.03662718,2025-05-07
1746662400000,8004959.38,8440957.79,8441682.72,7999562.08,5.18860271,2025-05-08
1746748800000,8439327.08,8380148.19,8500000.0,8160000.0,4.96284464,2025-05-09
1746835200000,8415656.07,8350050.51,8500000.0,8200000.0,4.87017931,2025-05-10
1746921600000,8340909.68,8349056.37,8476145.85,8220000.0,5.06005188,2025-05-11
1747008000000,8392398.75,8377993.28,8500000.0,8220000.03,4.99854088,2025-05-12
1747094400000,8371598.65,8447739.54,8499999.97,8200000.0,4.97259144,2025-05-13
1747180800000,8453037.42,8393050.45,8499999.97,8272034.68,4.99111469,2025-05-14
1747267200000,8422348.11,8431110.6,8497777.0,8231461.01,5.22035826,2025-05-15
1747353600000,8410134.53,8444419.74,8500000.0,8299431.66,5.17084987,2025-05-16
1747440000000,8440190.84,8414652.97,8500000.0,8321000.97,4.98617373,2025-05-17
1747526400000,8442637.8,8581178.56,8600000.0,8321000.97,5.19036705,2025-05-18
1747612800000,8570532.47,8608297.96,8675723.63,8350000.0,4.83520199,2025-05-19
1747699200000,8579065.96,8711593.47,8749999.99,8400000.01,5.06154007,2025-05-20
1747785600000,8715376.62,8803732.85,8886522.87,8457638.0,4.70491413,2025-05-21
1747872000000,8813739.49,8967185.67,9144852.14,8691645.19,5.11149604,2025-05-22
1747958400000,8962231.5,8648644.4,9065985.97,8600000.0,5.03011957,2025-05-23
1748044800000,8660380.73,8709172.58,8800000.0,8550222.22,4.88605192,2025-05-24
1748131200000,8694437.58,8719977.81,8799995.37,8397632.01,4.7749016,2025-05-25
1748217600000,8742639.38,8865351.32,8950000.0,8638850.47,4.9857424,2025-05-26
1748304000000,8885185.97,8923545.37,9000000.0,8620000.0,5.03858093,2025-05-27
1748390400000,8921029.33,8657680.04,8978402.47,8550222.22,5.0912424,2025-05-28
1748476800000,8673347.79,8375230.3,8759756.86,8373899.22,5.09371276,2025-05-29
1748563200000,8375765.01,8246470.24,8478952.67,8116641.77,5.11332745,2025-05-30
1748649600000,8254326.44,8343138.76,8402225.03,8116641.77,5.07007472,2025-05-31
1748736000000,8340255.01,8512054.53,8694999.02,8250000.0,5.03206999,2025-06-01
1748822400000,8518682.28,8484053.71,8601718.47,8257000.0,5.16489025,2025-06-02
1748908800000,8487929.03,8553040.36,8744999.99,8390000.01,5.10536486,2025-06-03
1748995200000,8532479.65,8523744.04,8635106.27,8407972.05,5.04610379,2025-06-04
1749081600000,8539774.26,8296143.46,8589965.24,8141000.0,5.38787563,2025-06-05
1749168000000,8332783.46,8471052.69,8590000.0,8250000.0,4.83995185,2025-06-06
1749254400000,8480888.77,8566961.91,8712165.53,8378072.06,5.1185541,2025-06-07
1749340800000,8566605.94,8620075.71,8750000.0,8520777.02,4.80852044,2025-06-08
1749427200000,8632491.7,8780559.51,8900000.0,8511699.25,5.23513288,2025-06-09
1749513600000,8789645.49,8783826.69,8899998.97,8600000.02,4.81433108,2025-06-10
1749600000000,8787174.58,8836712.43,8894999.99,8600000.0,5.23277988,2025-06-11
1749686400000,8834065.33,8569234.07,8845773.9,8450009.88,4.9133334,2025-06-12
1749772800000,8569259.94,8526029.09,8599999.7,8295871.77,5.00320061,2025-06-13
1749859200000,8525900.33,8561737.34,8600000.0,8320000.0,5.06655937,2025-06-14
1749945600000,8564716.97,8565405.14,8690000.0,8400000.01,4.99196382,2025-06-15
1750032000000,8567735.25,8919478.42,8977639.99,8562714.01,5.21103657,2025-06-16
1750118400000,8918260.64,8655925.04,9000000.0,8500000.0,4.81841805,2025-06-17
1750204800000,8653368.77,8582292.71,8900000.0,8400000.0,5.17680184,2025-06-18
1750291200000,8576134.16,8546364.39,8736427.5,8200000.0,5.13414258,2025-06-19
1750377600000,8490688.31,8343897.19,8715556.96,8116222.22,5.13206692,2025-06-20
1750464000000,8330261.31,8520934.52,8680000.0,8260082.94,5.20975824,2025-06-21
1750550400000,8539052.43,8247128.13,8585436.03,8000000.0,5.25857052,2025-06-22
1750636800000,8218973.59,8592217.71,8651933.41,8197777.0,5.0933468,2025-06-23
1750723200000,8575113.72,8625709.05,8680000.0,8400000.0,4.97091236,2025-06-24
1750809600000,8603329.65,8806515.83,8859999.99,8545777.02,4.94413051,2025-06-25
1750896000000,8804729.72,8756401.98,8857360.88,8308503.0,5.24920991,2025-06-26
1750982400000,8744705.51,8765057.84,8799832.25,8622833.09,5.05769713,2025-06-27
1751068800000,8770513.17,8737764.16,8799832.0,8699999.99,4.95347216,2025-06-28
1751155200000,8738463.26,8896080.12,8900000.0,8700001.0,5.08671549,2025-06-29
1751241600000,8900000.0,8715205.19,8930000.0,8700000.0,4.93249849,2025-06-30
1751328000000,8715198.74,8631329.33,8731747.85,8480000.0,4.92256436,2025-07-01
1751414400000,8646185.46,8850478.12,8898000.0,8480000.0,5.20703681,2025-07-02
1751500800000,8850266.21,8864902.42,8900000.0,8650000.0,5.16186963,2025-07-03
1751587200000,8866528.84,8662108.8,8894220.14,8500000.0,5.02062264,2025-07-04
1751673600000,8666706.53,8660733.24,8726281.38,8500000.0,4.11357763,2025-07-05
1751760000000,8656235.42,8768054.09,8809995.0,8550000.0,4.62154136,2025-07-06
1751846400000,8753480.76,8734925.79,8849900.0,8679687.94,4.69764111,2025-07-07
1751932800000,8711035.24,8826668.4,8850000.0,8550000.0,5.04154351,2025-07-08
1752019200000,8837381.02,8839759.62,8898000.0,8600000.0,5.2304148,2025-07-09
1752105600000,8898000.0,9265929.55,9300000.0,8600000.0,5.66389898,2025-07-10
1752192000000,9260276.68,9523187.38,9550000.39,9027694.84,5.3504704,2025-07-11
1752278400000,9514796.9,9605861.86,9644946.26,9285111.07,4.96379131,2025-07-12
1752364800000,9611980.38,9647034.44,9700017.13,9418724.0,4.61021501,2025-07-13
1752451200000,9647713.47,9835555.88,9983481.36,9283377.66,5.38460036,2025-07-14
1752537600000,9831397.88,9511651.04,9855000.0,8750000.0,5.10668877,2025-07-15
1752624000000,9505633.71,9580956.33,9650000.0,9400000.0,5.16831468,2025-07-16
1752710400000,9613632.92,9513243.54,9613632.92,9423551.0,5.03240937,2025-07-17
1752796800000,9502546.35,9276760.91,9584999.91,8801602.77,5.15534336,2025-07-18
1752883200000,9331353.56,9236055.48,9399898.83,8980000.01,4.98563656,2025-07-19
1752969600000,9240536.45,9301995.83,9376776.99,9147909.39,5.04374914,2025-07-20
1753056000000,9311685.4,9052495.04,9400000.0,8750000.0,5.14131109,2025-07-21
1753142400000,9082572.09,9297433.07,9356411.05,8555420.9,5.09611078,2025-07-22
1753228800000,9259698.3,9324044.59,9374033.52,8428792.12,5.21206186,2025-07-23
1753315200000,9300268.57,9362642.12,9380000.0,8933000.0,4.95584042,2025-07-24
1753401600000,9361546.71,9291456.64,9380000.0,9100000.0,4.99679712,2025-07-25
1753488000000,9289548.11,9388783.15,9389315.36,9100051.0,4.85064939,2025-07-26
1753574400000,9388934.22,9427001.98,9450000.0,9277777.01,5.14977519,2025-07-27
1753660800000,9402598.7,9560652.62,9623654.72,9277777.01,5.23076555,2025-07-28
1753747200000,9568868.92,9547760.9,9732074.94,9432999.9,5.08726505,2025-07-29
1753833600000,9565782.86,9491338.95,9689999.0,9432999.89,5.16832711,2025-07-30
1753920000000,9485892.62,9497098.11,9630000.0,9478041.23,5.22767811,2025-07-31
1754006400000,9498189.16,9258195.68,9500837.49,9248143.03,4.72574923,2025-08-01
1754092800000,9259295.35,9032230.09,9312999.99,8937503.08,4.98256077,2025-08-02
1754179200000,9023121.13,9195650.56,9238413.94,9003428.04,5.16946227,2025-08-03
1754265600000,9197877.91,9192643.98,9250000.0,9047778.0,4.95753245,2025-08-04
1754352000000,9212014.84,9086325.07,9225000.0,9000000.0,5.02917624,2025-08-05
1754438400000,9089986.6,9197972.45,9349999.98,9000000.0,5.10812078,2025-08-06
1754524800000,9198674.97,9409535.57,9450000.0,9050000.0,5.16892297,2025-08-07
1754611200000,9398574.01,9196610.62,9450000.0,9156000.0,5.0075971,2025-08-08
1754697600000,9187807.81,9230229.47,9327156.08,9156000.0,4.98857321,2025-08-09
1754784000000,9274225.63,9313782.47,9420000.0,9060000.0,5.16000151,2025-08-10
1754870400000,9353114.34,9464060.58,9594719.87,9303099.0,5.00439052,2025-08-11
1754956800000,9464338.59,9319415.2,9507722.26,9200000.0,4.5911776,2025-08-12
1755043200000,9309825.85,9518615.43,9588681.03,9150000.0,4.99210563,2025-08-13
1755129600000,9500831.68,9333664.73,9600000.0,9200000.0,5.07402306,2025-08-14
1755216000000,9326746.31,9249576.5,9410000.0,9200000.0,5.05650627,2025-08-15
1755302400000,9225029.26,9144679.2,9410000.0,9136001.0,5.16555475,2025-08-16
1755388800000,9142131.95,9205197.69,9349999.99,9136001.02,5.02939117,2025-08-17
1755475200000,9198712.84,9166773.66,9216000.0,8980268.9,5.04249793,2025-08-18
1755561600000,9127850.67,8978225.02,9200000.0,8700000.0,5.01324326,2025-08-19
1755648000000,8950597.69,8837341.35,9000000.0,8736962.41,5.06521879,2025-08-20
1755734400000,8864775.64,8848167.75,9000017.47,8700000.0,5.03672917,2025-08-21
1755820800000,8845969.36,9276468.89,9350000.0,8703637.0,5.26149765,2025-08-22
1755907200000,9293245.41,9082558.13,9303384.1,8917777.01,4.81719874,2025-08-23
1755993600000,9028177.52,8913458.26,9100000.0,8812517.24,5.23304342,2025-08-24
1756080000000,8909272.75,8737146.01,9100000.0,8701777.0,5.04163359,2025-08-25
1756166400000,8741251.92,8722604.21,8807982.45,8505949.63,4.25690327,2025-08-26
1756252800000,8748747.07,8755826.55,8850000.0,8500000.0,5.01893603,2025-08-27
1756339200000,8764460.54,8885490.07,8999999.85,8694427.48,4.95964852,2025-08-28
1756425600000,8887585.26,8497691.03,8940649.69,8418639.92,5.14953515,2025-08-29
1756512000000,8506921.31,8570785.72,8702244.41,8475425.56,4.91493057,2025-08-30
1756598400000,8571592.63,8547954.84,8685774.46,8500000.0,4.8257424,2025-08-31
1756684800000,8552447.13,8520562.68,8612161.66,8418639.94,5.16906853,2025-09-01
1756771200000,8494415.28,8686469.05,8771000.0,8439578.9,5.10798523,2025-09-02
1756857600000,8677316.17,8800702.65,8868099.99,8580000.0,4.8032414,2025-09-03
1756944000000,8808914.32,8800194.07,8828888.0,8600000.0,4.71620181,2025-09-04
1757030400000,8767754.95,8834071.37,9032118.7,8600000.0,4.8030556,2025-09-05
1757116800000,8834071.37,8800005.01,8872239.73,8792000.0,4.12296345,2025-09-06
1757203200000,8800005.0,8811393.88,8940000.0,8627400.01,4.74657154,2025-09-07
1757289600000,8825848.59,9027771.5,9059150.0,8656096.48,5.05695724,2025-09-08
1757376000000,9041570.42,9077159.29,9259150.0,8700000.0,5.23702373,2025-09-09
1757462400000,9084344.71,9521448.56,9593000.07,9064426.17,5.20897571,2025-09-10
1757548800000,9515238.06,9614182.77,9645276.47,9372000.0,5.1314833,2025-09-11
1757635200000,9618925.6,9586778.38,9691998.0,9538768.52,5.10710997,2025-09-12
1757721600000,9586778.52,9453352.35,9586778.92,9413960.31,5.05147411,2025-09-13
1757808000000,9471754.63,9459616.16,9525756.24,9308413.94,5.19167251,2025-09-14
1757894400000,9468196.13,9412702.89,9550000.0,9308413.95,4.79976053,2025-09-15
1757980800000,9412117.95,9388767.09,9500000.0,8787878.0,5.01547881,2025-09-16
1758067200000,9386775.58,9399430.01,9500000.0,9315005.0,4.83265596,2025-09-17
1758153600000,9376498.23,9367979.87,9530000.0,9300000.0,5.00235609,2025-09-18
1758240000000,9377399.87,9275393.0,9456634.3,9202490.3,4.98294545,2025-09-19
1758326400000,9254675.68,9278655.37,9340000.0,8800000.0,5.15911757,2025-09-20
1758412800000,9271090.5,9306291.73,9365000.05,9247933.63,4.79341747,2025-09-21
1758499200000,9303588.32,9236314.06,9364000.0,9120000.0,4.78450633,2025-09-22
1758585600000,9240354.62,9185197.19,9322867.89,9000000.0,4.56817738,2025-09-23
1758672000000,9182537.79,9265621.28,9300000.0,9149953.4,4.55940546,2025-09-24
1758758400000,9270752.57,9090414.37,9284820.08,9076356.98,4.83697447,2025-09-25
1758844800000,9084512.87,9144358.13,9240187.65,9000000.0,5.02392515,2025-09-26
1758931200000,9130137.49,9033470.62,9159235.38,9001000.0,4.96957276,2025-09-27
1759017600000,9035103.33,9130849.41,9159200.0,8986148.97,5.22021541,2025-09-28
1759104000000,9127325.77,9262316.98,9301000.0,9000000.0,5.00817428,2025-09-29
1759190400000,9265985.96,9262063.85,9365000.04,9100000.0,5.17915921,2025-09-30
1759276800000,9260033.11,9434755.9,9450000.0,9108203.3,4.96445271,2025-10-01
1759363200000,9450000.0,9620230.68,9648650.0,9326113.22,5.18878077,2025-10-02
1759449600000,9632055.93,9812086.85,9877702.0,9479999.99,5.48144068,2025-10-03
1759536000000,9794161.25,9626154.78,9821731.94,9528000.02,5.02568855,2025-10-04
1759622400000,9627589.06,9770383.7,9900000.0,9624444.9,5.3155574,2025-10-05
1759708800000,9772605.64,9959628.11,10054905.99,9677777.0,5.41447099,2025-10-06
1759795200000,9961057.38,9838513.99,9979999.97,9689495.79,4.8727954,2025-10-07
1759881600000,9845326.13,9838794.17,9892000.0,9710782.92,4.9000145,2025-10-08
1759968000000,9830106.18,9782488.88,10075000.0,9690000.0,5.15955137,2025-10-09
1760054400000,9804338.12,9539960.65,9887000.0,9100000.0,5.32399257,2025-10-10
1760140800000,9528190.05,9169880.88,9661776.99,8900500.0,5.06093091,2025-10-11
1760227200000,9152646.65,9389764.49,9550000.0,8976000.01,5.03116986,2025-10-12
1760313600000,9385430.56,9583891.64,9600000.0,9335034.51,5.0828542,2025-10-13
1760400000000,9581998.35,9281875.23,9584837.64,9100000.0,4.81830415,2025-10-14
1760486400000,9274385.16,9021321.79,9284045.88,9000000.0,5.10791521,2025-10-15
1760572800000,9024476.13,9058380.0,9209008.89,8900500.0,6.24622553,2025-10-16
1760659200000,9058380.0,8823537.3,9083149.1,8600000.0,11.4058922,2025-10-17
1760745600000,8823537.41,8929889.61,9029997.35,8600000.0,9.05071836,2025-10-18
1760832000000,8929889.5,8985919.11,9065918.07,8600000.0,9.07750132,2025-10-19
1760918400000,8985919.0,8945091.31,9083149.1,8399998.0,10.12017866,2025-10-20
1761004800000,8945091.31,8923215.0,9199000.0,8500017.84,8.25165677,2025-10-21
1761091200000,8923215.0,8556737.88,8996339.99,8477500.0,9.23810609,2025-10-22
1761177600000,8556738.02,8967000.0,8996372.47,8506809.59,10.6482923,2025-10-23
1761264000000,8966500.0,8955897.52,9000000.0,8617000.0,11.63146724,2025-10-24
1761350400000,8946879.0,8989500.0,9099999.99,8760000.0,9.97337504,2025-10-25
1761436800000,9000000.0,9120000.0,9199000.0,8600000.0,9.46977905,2025-10-26
1761523200000,9135865.0,9103500.0,9303714.13,8807000.0,10.03470122,2025-10-27
1761609600000,9110757.8,9127373.0,9370000.0,8807025.54,9.65671864,2025-10-28
1761696000000,9125277.86,8993500.0,9249996.75,8907777.01,10.97595727,2025-10-29
1761782400000,8980700.0,8792721.6,9300000.0,8712169.07,10.7544727,2025-10-30
1761868800000,8790000.0,8842868.1,8977776.99,8707000.0,10.76167724,2025-10-31
1761955200000,8829990.0,8775700.0,8963202.64,8600999.97,9.90305843,2025-11-01
1762041600000,8777365.78,8757883.0,8872486.99,8602000.0,10.23352093,2025-11-02
1762128000000,8744736.0,8590000.0,8765053.59,8501000.01,10.35585175,2025-11-03
1762214400000,8591000.0,8294232.3,8659483.87,8200000.0,10.7002346,2025-11-04
1762300800000,8293315.0,8347000.0,8501000.0,8200000.0,10.21235065,2025-11-05
1762387200000,8343808.47,8150603.7,8447776.99,8142839.01,11.05026838,2025-11-06
1762473600000,8150603.62,8393808.4,8434000.0,8057777.0,9.3949755,2025-11-07
1762560000000,8390717.3,8182444.8,8433999.99,8144874.93,10.39055437,2025-11-08
1762646400000,8177574.06,8351903.7,8433997.34,8055555.0,10.86224477,2025-11-09
1762732800000,8362601.0,8497999.3,8545910.66,8307552.32,11.8295056,2025-11-10
1762819200000,8496200.0,8223960.8,8600000.0,8100000.0,11.45015636,2025-11-11
1762905600000,8216080.0,8200000.0,8448439.41,8150800.79,11.33538464,2025-11-12
1762992000000,8204000.0,8157000.0,8437377.0,8000000.0,11.56898462,2025-11-13
1763078400000,8166397.1,7763000.0,8227773.28,7500000.0,14.02679193,2025-11-14
1763164800000,7768383.09,7748000.0,7829953.2,7700000.01,9.90308711,2025-11-15
1763251200000,7765646.93,7551570.0,7809434.71,7524836.76,13.4678203,2025-11-16
1763337600000,7573398.65,7580000.0,7736999.99,7500000.0,10.25834898,2025-11-17
1763424000000,7584653.08,7563037.0,7689921.86,7500000.0,14.76985962,2025-11-18
1763510400000,7565000.0,7503994.78,7677775.81,7400000.0,12.57012634,2025-11-19
1763596800000,7505996.52,7170000.0,7579999.0,7040054.99,13.65297759,2025-11-20
1763683200000,7170000.0,6914060.4,7184993.97,6665959.0,12.77814812,2025-11-21
1763769600000,6930000.0,6929087.99,7122122.0,6838517.26,13.24178993,2025-11-22
1763856000000,6941726.7,7163370.0,7214963.98,6816005.25,12.8921201,2025-11-23
1763942400000,7160000.0,7181120.0,7263485.89,7000000.0,12.11788519,2025-11-24
1764028800000,7191000.0,7121300.0,7263485.87,7000000.02,12.89704547,2025-11-25
1764115200000,7118859.36,7393584.66,7630000.0,7030000.0,11.54962034,2025-11-26
1764201600000,7389300.0,7379560.0,7777777.0,7263485.92,10.89316534,2025-11-27
1764288000000,7369566.8,7321027.0,7499999.99,7113982.39,12.79482908,2025-11-28
1764374400000,7290802.3,7324000.0,7499000.0,7113982.39,13.65228859,2025-11-29
1764460800000,7316859.4,7352545.7,7451830.51,7215427.97,13.77019575,2025-11-30
1764547200000,7348680.34,6921000.0,7387666.84,6752977.01,11.66288953,2025-12-01
1764633600000,6916290.0,7311600.0,7387777.0,6500009.83,13.31371752,2025-12-02
1764720000000,7300000.0,7474000.0,7497096.28,7150000.0,10.98195589,2025-12-03
1764806400000,7480514.5,7372686.57,7487600.0,7150000.01,12.09200638,2025-12-04
1764892800000,7355939.1,7092108.07,7421156.4,6500000.0,12.55729783,2025-12-05
1764979200000,7098152.42,6940000.0,7221000.0,6500000.0,9.78821972,2025-12-06
1765065600000,6940000.0,7011590.0,7100000.0,6862450.0,13.97851299,2025-12-07
1765152000000,7000000.0,6990000.0,7100000.0,6600000.0,10.632405,2025-12-08
1765238400000,6984200.0,7055557.0,7118069.88,6500000.2,11.46244077,2025-12-09
1765324800000,7062000.0,7169280.0,7217340.87,6961215.25,9.99659863,2025-12-10
1765411200000,7182029.1,7170000.0,7217340.87,6950000.0,13.82805202,2025-12-11
1765497600000,7167400.0,7187107.65,7289514.74,7067743.6,12.00970675,2025-12-12
1765584000000,7184000.0,7057400.0,7220000.0,6973000.0,12.83943594,2025-12-13
1765670400000,7059000.0,7009000.0,7141362.97,6973000.0,12.09932822,2025-12-14
1765756800000,7002259.0,6789963.3,7100000.0,6738690.0,13.08466589,2025-12-15
1765843200000,6789703.24,6826715.0,6970611.99,6666788.22,12.08420516,2025-12-16
1765929600000,6820000.0,6774580.0,7100000.0,6647714.01,14.15268174,2025-12-17
1766016000000,6780000.0,6833570.0,7093902.26,6500010.0,13.05471739,2025-12-18
1766102400000,6839000.0,6933337.0,7098501.82,6700000.0,13.92296815,2025-12-19
1766188800000,6934400.0,6871137.86,6943502.31,6817777.01,10.07073928,2025-12-20
1766275200000,6872000.0,6965507.33,6965509.88,6662472.88,14.58525474,2025-12-21
1766361600000,6965507.2,6812706.0,7020000.0,6500010.0,11.34396254,2025-12-22
1766448000000,6820310.0,6898402.7,6927874.45,6680751.04,15.18517469,2025-12-23
1766534400000,6903000.0,6739060.0,6905669.7,6500010.0,11.69007199,2025-12-24
1766620800000,6740000.0,6812518.84,6900350.2,6640014.33,10.93857581,2025-12-25
1766707200000,6824000.0,6659000.0,6900300.0,6500000.0,12.98254814,2025-12-26
1766793600000,6655758.99,6753900.0,6788953.61,6560684.35,11.65583338,2025-12-27
1766880000000,6741032.4,6697500.0,6756514.92,6552750.44,13.21755801,2025-12-28
1766966400000,6690641.94,6763000.0,6830000.0,6600000.0,13.49015375,2025-12-29
1767052800000,6753645.57,6840000.0,6897000.0,6600000.0,11.0715407,2025-12-30
1767139200000,6849666.0,6830913.0,6888883.73,6300000.0,15.13324926,2025-12-31
1767225600000,6834940.0,6922311.7,6950000.0,6710002.0,11.84301522,2026-01-01
1767312000000,6925000.0,7010000.0,7088777.77,6871274.86,12.31910989,2026-01-02
1767398400000,7005096.4,6977300.0,7071777.0,6750000.0,13.53252404,2026-01-03
1767484800000,6973004.0,6895700.0,7100000.0,6800000.0,11.26596725,2026-01-04
1767571200000,6896000.0,7268694.0,7327776.9,6894227.38,12.92601628,2026-01-05
1767657600000,7266200.0,7315850.0,7399999.99,7111198.0,11.87201991,2026-01-06
1767744000000,7302100.0,7174391.1,7399823.78,7111198.0,12.70391206,2026-01-07
1767830400000,7174330.0,7150000.0,7248937.49,7027000.01,9.34766995,2026-01-08
1767916800000,7155840.0,7136945.2,7250000.0,7027000.04,12.93841636,2026-01-09
1768003200000,7127479.0,7101409.0,7164064.05,7043085.5,13.60368813,2026-01-10
1768089600000,7102487.3,7099474.0,7164064.06,7024978.59,12.12232354,2026-01-11
1768176000000,7095790.0,7116000.0,7200000.0,7004467.29,12.09437534,2026-01-12
1768262400000,7129193.1,7343416.0,7382000.79,7000000.0,11.7831254,2026-01-13
1768348800000,7344000.0,7517798.26,7600000.0,7339696.4,12.91283353,2026-01-14
1768435200000,7517662.1,7469054.1,7600000.0,7387777.37,11.45090579,2026-01-15
1768521600000,7466747.0,7382200.0,7484200.0,7350000.0,12.22943125,2026-01-16
1768608000000,7391000.0,7366300.0,7420000.0,7300000.0,9.90341621,2026-01-17
1768694400000,7367000.0,7362500.0,7450000.0,7200000.0,12.01203664,2026-01-18
1768780800000,7326624.4,7297000.0,7409999.99,7200000.0,10.96914409,2026-01-19
1768867200000,7320159.0,7042901.58,7400000.0,6961356.46,10.50890757,2026-01-20
1768953600000,7060000.0,7007000.0,7150363.19,6800000.0,13.36430406,2026-01-21
1769040000000,6990500.0,6900000.0,7044437.51,6872903.68,13.25688964,2026-01-22
1769126400000,6910446.0,6934020.5,6999947.21,6800000.0,10.61638443,2026-01-23
1769212800000,6953741.0,6862677.64,6999833.03,6804572.82,12.60835695,2026-01-24
1769299200000,6863000.0,6662983.7,6885845.74,6659616.24,11.98357699,2026-01-25
1769385600000,6662640.0,6587000.0,6999786.2,6570604.72,12.42065967,2026-01-26
1769472000000,6595000.0,6692000.0,6800000.0,6551704.62,13.3400749,2026-01-27
1769558400000,6690000.0,6713367.0,6998999.99,6551471.12,12.94528782,2026-01-28
1769644800000,6712236.6,6453453.9,6750000.0,6418485.52,13.72939582,2026-01-29
1769731200000,6455530.0,6549564.5,6571203.61,6300000.0,14.30156182,2026-01-30
1769817600000,6551000.0,6104166.0,6580963.99,6000795.64,10.94418976,2026-01-31
1769904000000,6100000.0,6020931.81,6207527.85,6000000.0,14.38410959,2026-02-01
1769990400000,6025560.0,6087000.0,6136857.6,5877777.0,14.55165381,2026-02-02
1770076800000,6090000.0,5837000.0,6118997.8,5734578.0,14.33338337,2026-02-03
1770163200000,5833929.0,5642966.9,6073342.67,5600000.0,13.76205948,2026-02-04
1770249600000,5657458.6,5007000.0,5703109.2,5000000.0,15.32358051,2026-02-05
1770336000000,5006446.83,5806774.9,5900000.0,4816903.0,18.86050881,2026-02-06
1770422400000,5785800.0,5559720.0,5900000.0,5201117.01,16.92582749,2026-02-07
1770508800000,5557544.0,5650000.0,5699949.03,5439886.6,16.20938194,2026-02-08
1770595200000,5650800.0,5619713.92,5707344.77,5297337.0,17.397492,2026-02-09
1770681600000,5627759.24,5421000.0,5699392.92,5297337.0,15.32022842,2026-02-10
1770768000000,5444513.58,5410192.06,5598982.92,5297337.0,17.20767046,2026-02-11
1770854400000,5410000.0,5358082.9,5419345.9,5136368.07,19.75122353,2026-02-12
1770940800000,5360933.0,5426176.14,5550000.0,5234484.17,15.17931185,2026-02-13
1771027200000,5426180.0,5590000.0,5707344.76,5426133.51,11.52882092,2026-02-14
1771113600000,5609998.45,5473435.0,5636178.21,5426133.5,17.78848352,2026-02-15
1771200000000,5478725.0,5471091.44,5599963.34,5345886.65,19.67408618,2026-02-16
1771286400000,5471403.61,5274607.0,5513162.9,5000000.0,15.51881037,2026-02-17
1771372800000,5274677.0,5310825.53,5447776.99,5218961.49,15.4637899,2026-02-18
1771459200000,5312100.0,5313525.0,5437776.99,4600000.0,16.69220565,2026-02-19
1771545600000,5309300.0,5274000.0,5457776.98,4600000.0,15.55247104,2026-02-20
1771632000000,5269200.0,5283219.0,5329217.19,4500020.0,18.2399324,2026-02-21
1771718400000,5281401.27,5248985.0,5297183.71,5201530.27,18.3960999,2026-02-22
1771804800000,5249365.8,5141960.0,5249609.59,5089539.67,19.08847686,2026-02-23
1771891200000,5137315.53,5110500.0,5160000.17,4665390.63,17.59960518,2026-02-24
1771977600000,5119580.0,5385709.19,6000000.0,4550000.0,15.98559223,2026-02-25
1772064000000,5388900.0,5242703.19,5457870.8,5171041.36,16.60539126,2026-02-26
1772150400000,5244700.0,5217000.0,5317500.0,5124939.97,17.57819971,2026-02-27
1772236800000,5216394.0,5190000.0,5258879.57,5000045.55,18.58294785,2026-02-28
1772323200000,5190152.91,5154030.0,5258290.75,5028347.72,21.4231532,2026-03-01
1772409600000,5152682.1,5401541.0,5481041.22,5064821.63,17.97594821,2026-03-02
1772496000000,5398410.0,5309665.26,5436965.59,5200000.0,17.87008832,2026-03-03
1772582400000,5315224.8,5557790.0,5623230.02,5200000.01,15.92429943,2026-03-04
1772668800000,5575140.0,5440564.4,5656854.89,5400000.46,15.83112704,2026-03-05
1772755200000,5449000.0,5351000.0,5559998.98,5255158.17,13.44731684,2026-03-06
1772841600000,5344963.54,5289444.5,5432546.28,5201300.03,17.1311283,2026-03-07
1772928000000,5292300.0,5252000.0,5398189.24,5200000.01,17.83901011,2026-03-08
1773014400000,5256510.0,5405405.2,5499990.84,5200000.01,17.39186889,2026-03-09
1773100800000,5431430.0,5400397.0,5559999.0,5200000.01,15.80552517,2026-03-10
1773187200000,5398340.0,5376290.0,5470000.0,5257481.38,17.81966783,2026-03-11
1773273600000,5376037.8,5420900.0,5469999.99,5267777.0,18.83413461,2026-03-12
1773360000000,5419700.0,5584390.0,5777777.77,5419000.0,17.7307269,2026-03-13
1773446400000,5595610.0,5529269.23,5659886.66,5500000.07,17.74344709,2026-03-14
1773532800000,5533396.3,5601000.0,5655576.99,5500000.07,12.40306436,2026-03-15
1773619200000,5586354.5,5800000.0,5830000.0,5559000.0,17.19880352,2026-03-16
1773705600000,5797187.6,5832056.0,5989000.0,5500000.0,15.80173957,2026-03-17
1773792000000,5830000.0,5769300.0,5950000.0,5760005.0,17.62339421,2026-03-18
1773878400000,5768000.0,5786000.0,5806552.12,5700000.0,15.79038994,2026-03-19
1773964800000,5793863.6,5802581.31,5950000.0,5740000.0,17.02896408,2026-03-20
1774051200000,5804224.0,5752343.89,5952776.98,5726471.24,15.9819067,2026-03-21
1774137600000,5740000.0,5540459.0,5790044.54,5480000.0,15.8014993,2026-03-22
1774224000000,5542999.0,5643024.0,5758216.27,5416200.01,16.56026344,2026-03-23
1774310400000,5642000.0,5504706.7,5750889.26,5450000.25,14.40083849,2026-03-24
1774396800000,5509000.0,5611170.0,5663465.73,5460000.0,15.58172711,2026-03-25
1774483200000,5606377.6,5514000.0,5629476.64,5460000.0,16.49084007,2026-03-26
1774569600000,5512753.94,5329000.0,5569888.59,5257957.0,17.38460471,2026-03-27
1774656000000,5328397.0,5296670.0,5379669.98,5257481.38,16.75496149,2026-03-28
1774742400000,5292575.74,5168000.0,5299998.53,4900000.0,16.71231544,2026-03-29
1774828800000,5180000.0,5249300.0,5379999.99,5133363.07,14.17877419,2026-03-30
1774915200000,5248500.0,5329750.0,5380000.0,5179800.0,15.75634196,2026-03-31
1775001600000,5332432.0,5380000.0,5499999.99,5261071.9,19.30219872,2026-04-01
1775088000000,5365254.0,5245524.69,5419050.23,4924520.1,15.5163944,2026-04-02
1775174400000,5245524.7,5257300.0,5350000.0,5125852.2,16.40163551,2026-04-03
1775260800000,5268536.6,5305318.27,5392349.99,5227517.92,13.93708397,2026-04-04
1775347200000,5300652.0,5290000.0,5377735.64,5125852.2,16.33572696,2026-04-05
1775433600000,5290000.0,5390000.0,5449991.88,5125920.71,18.27846017,2026-04-06
1775520000000,5403000.0,5550700.0,5600000.0,5227614.39,16.46183428,2026-04-07
1775606400000,5546200.0,5573615.0,5679462.3,5449770.01,15.18566743,2026-04-08
1775692800000,5572851.0,5611900.0,5630000.0,5393314.52,13.50254255,2026-04-09
1775779200000,5607753.0,5668497.0,5699425.12,5499999.01,16.54447413,2026-04-10
1775865600000,5672080.73,5672497.0,5699998.99,5615000.0,16.23899854,2026-04-11
1775952000000,5665417.76,5544000.0,5682812.94,5500000.1,16.60069157,2026-04-12
1776038400000,5544344.3,5626120.0,5690000.0,5499999.01,13.09683977,2026-04-13
1776124800000,5627600.0,5732000.0,5799999.0,5534238.86,16.87281574,2026-04-14
1776211200000,5730000.0,5708230.0,5764947.43,5604325.88,14.35374871,2026-04-15
1776297600000,5704880.0,5734400.0,5770000.0,5570000.0,17.09767534,2026-04-16
1776384000000,5735531.84,5984970.0,6000000.0,5684089.01,15.41482638,2026-04-17
1776470400000,5980000.0,5841890.0,5999665.99,5760000.01,15.89737343,2026-04-18
1776556800000,5830694.2,5780000.0,5900000.0,5760000.0,15.42562034,2026-04-19
1776643200000,5779000.0,5822000.0,5880000.0,5638126.74,15.76034632,2026-04-20
1776729600000,5824887.46,5781786.3,5900000.0,5750889.26,13.09982199,2026-04-21
1776816000000,5773967.7,5940000.0,5980215.44,5773309.17,14.01703032,2026-04-22
1776902400000,5942395.3,5919300.0,5977700.0,5809571.15,14.32496467,2026-04-23
1776988800000,5913234.0,5870000.0,5961860.33,5820000.0,14.97582198,2026-04-24
1777075200000,5867000.0,5830060.0,5899611.84,5773680.94,13.38343662,2026-04-25
1777161600000,5829000.0,5818024.5,5899749.83,5773670.0,12.41517195,2026-04-26
1777248000000,5810688.0,5773730.0,5950000.0,5750250.1,13.96457746,2026-04-27
1777334400000,5770000.0,5657000.0,5790099.99,5600000.0,14.87987461,2026-04-28
1777420800000,5654686.1,5627438.0,5796399.99,5551001.0,15.49586709,2026-04-29
1777507200000,5624054.6,5750000.0,5800000.0,5551001.01,12.90780066,2026-04-30
1777593600000,5748790.0,5816946.28,5886999.99,5699999.01,15.06725456,2026-05-01
1777680000000,5824415.0,5821860.0,5849999.0,5738688.66,16.99001609,2026-05-02
1777766400000,5821379.0,5824570.0,5850000.0,5770000.01,16.05358486,2026-05-03
1777852800000,5827182.09,5925340.0,6000000.0,5779968.53,13.00555929,2026-05-04
1777939200000,5920355.0,6062448.6,6100000.0,5800000.0,15.34774712,2026-05-05
1778025600000,6060710.7,6180000.0,6199999.99,6009669.64,15.0978691,2026-05-06
1778112000000,6178910.0,6020000.0,6198844.65,6000001.0,13.70634866,2026-05-07
1778198400000,6029954.99,6008910.41,6069463.61,5950001.0,13.89777218,2026-05-08
1778284800000,6021700.0,6021258.5,6050631.32,5975443.01,13.99596909,2026-05-09
1778371200000,6020000.0,6071918.0,6099999.0,5950001.0,14.08353936,2026-05-10
1778457600000,6061990.3,6057493.0,6140000.98,5950001.0,13.15664484,2026-05-11
1778544000000,6049940.0,5960000.0,6060922.78,5950001.0,15.87324902,2026-05-12
1778630400000,5961872.13,5891000.0,5989630.66,5881001.0,13.76089123,2026-05-13
1778716800000,5889300.0,5951758.1,5989568.79,5863700.0,13.34943113,2026-05-14
1778803200000,5950930.0,5825350.0,5958271.66,5800000.0,14.47375655,2026-05-15
1778889600000,5831750.0,5716614.6,5853673.56,5700001.0,13.96893291,2026-05-16
1778976000000,5718000.0,5670000.0,5799900.46,5637755.69,17.09577058,2026-05-17
1779062400000,5663486.0,5560000.0,5719999.86,5505000.01,14.43136069,2026-05-18
1779148800000,5560920.0,5540614.6,5594529.51,5505078.03,14.34822914,2026-05-19
1779235200000,5539958.6,5553098.0,5594529.51,5500100.0,13.46893284,2026-05-20
1779321600000,5553000.0,5548029.59,5594529.51,5500100.0,12.70057258,2026-05-21
1779408000000,5540000.0,5516600.0,5597269.94,5500040.0,14.40433553,2026-05-22
1779494400000,5520000.0,5530000.0,5584777.0,5403813.53,15.18166728,2026-05-23
1779580800000,5544000.0,5535292.0,5600000.0,5482090.02,11.32142156,2026-05-24
1779667200000,5536000.0,5640333.0,5697776.99,5529180.0,13.72205006,2026-05-25
1779753600000,5640859.1,5550430.0,5679845.73,5505235.61,13.54398321,2026-05-26
1779840000000,5510000.0,5436961.56,5600000.0,5403813.53,9.59702626,2026-05-27
1779926400000,5433842.2,5336000.0,5496740.78,5297338.82,11.73753362,2026-05-28
1780012800000,5331976.16,5401773.5,5431573.7,5245713.1,14.48510118,2026-05-29
1780099200000,5409283.24,5370000.0,5412165.43,5235888.23,13.97412907,2026-05-30
1780185600000,5375000.0,5363609.7,5400000.0,5200000.0,11.10464173,2026-05-31
1780272000000,5369120.0,5200000.0,5380925.47,5150001.0,17.03278494,2026-06-01
1780358400000,5193892.0,4965400.0,5234775.69,4950000.0,17.02431634,2026-06-02
1780444800000,4963971.3,4816983.02,5600000.0,4605833.65,16.93123177,2026-06-03
1780531200000,4818000.0,4747830.0,5000000.0,4636233.76,17.59908967,2026-06-04
1780617600000,4743739.0,4644110.0,4802000.0,4550000.0,15.76508607,2026-06-05
1780704000000,4649000.0,4737270.17,5500000.0,4507771.0,18.00411167,2026-06-06
1780790400000,4742760.0,4899837.7,5410000.0,4500000.0,21.62783282,2026-06-07
1780876800000,4896800.0,4917490.0,5045213.07,4500400.0,17.13093178,2026-06-08
1780963200000,4915050.0,4600000.01,5245246.09,4595000.0,17.74345369,2026-06-09
1781049600000,4600000.01,4579290.0,5244444.0,4545200.0,15.90056804,2026-06-10
1781136000000,4576000.0,4822653.0,4944999.99,4500505.0,22.08710598,2026-06-11
1781222400000,4820000.0,4750000.0,4828000.0,4571000.0,19.38525336,2026-06-12
1781308800000,4746990.0,4773800.0,4844999.99,4620571.43,18.54363393,2026-06-13
1781395200000,4775780.0,4687810.0,4778000.0,4601000.0,11.1986097,2026-06-14
1781481600000,4694000.0,4778200.0,4896383.64,4647781.67,16.69273491,2026-06-15
1781568000000,4777000.0,4779270.5,4908328.61,4700000.0,16.43349419,2026-06-16
1781654400000,4785750.0,4716746.66,5151099.0,4700000.0,12.74567829,2026-06-17
1781740800000,4717988.1,4638800.0,4850000.0,4617922.09,20.44911261,2026-06-18
1781827200000,4636802.0,4622938.0,4717732.21,4571000.0,17.74603697,2026-06-19
1781913600000,4620790.0,4701530.0,4717732.23,4592900.78,18.76018357,2026-06-20
1782000000000,4698000.0,4643730.77,4738214.49,4600000.0,16.27486899,2026-06-21
1782086400000,4637360.0,4758400.0,4844444.0,4626120.39,18.7328667,2026-06-22
1782172800000,4757732.41,4676070.0,4800000.0,3804145.0,19.96166467,2026-06-23
1782259200000,4681808.7,4575000.0,4846383.5,3916140.04,17.13518606,2026-06-24
1782345600000,4573354.19,4579000.0,4699907.01,3925000.0,20.14340436,2026-06-25
1782432000000,4579460.0,4603365.11,4701061.9,4500100.16,20.53407793,2026-06-26
1782518400000,4604520.79,4707500.0,4750000.0,4604520.79,19.15483086,2026-06-27
1782604800000,4708400.0,4605250.0,4717425.37,4580000.0,18.00968822,2026-06-28
1782691200000,4607338.0,4598300.0,4699665.99,4500100.16,22.06369785,2026-06-29
1782777600000,4593300.0,4572227.7,4630726.16,4105000.0,19.65038911,2026-06-30
1782864000000,4572897.9,4668842.6,4730000.0,4200896.15,19.76948499,2026-07-01
1782950400000,4687751.14,4740157.86,4800000.0,4500933.98,20.43207871,2026-07-02
1783036800000,4737240.0,4816672.81,4846000.0,3932952.66,18.99871828,2026-07-03
1783123200000,4815000.0,4865224.9,4892001.88,4719744.51,17.91460436,2026-07-04
1783209600000,4870000.0,4877410.0,4895000.0,4721456.75,19.60466915,2026-07-05
1783296000000,4880847.91,4921197.0,4970000.0,4400943.78,16.63726378,2026-07-06
1783382400000,4921900.0,4863900.0,5000000.0,4850200.01,18.21094653,2026-07-07
1783468800000,4880935.5,4720000.0,4925285.4,4652225.92,17.17059204,2026-07-08
1783555200000,4722913.0,4640000.0,4729442.16,4472952.14,5.92253306,2026-07-09
1783641600000,4611564.45,4554130.3,4640000.0,4440000.0,0.07472891,2026-07-10
1783728000000,4553506.07,4609977.87,4609977.87,4500000.0,0.01488501,2026-07-11
1783814400000,4554025.72,4538016.17,4799999.0,4510000.0,0.06291295,2026-07-12
1783900800000,4530000.0,1.1,4599999.98,1.1,0.02729283,2026-07-13
1783987200000,2.0,2.0,2.0,2.0,2e-05,2026-07-14
