scenario,policy,segment,contacts,relevant_contacts,shifted_transfers,planned_transfers,completed_transfers,organic_volume_rub,policy_volume_rub,gross_timing_value_rub,net_scenario_value_rub,execution_drag_rub,shifted_amount_rub,sum_advance_days,hurt_transfers,contact_target_sum,contact_forward_bps_sum,own_h_target_sum,all_date_h5_base_sum,exposure_weeks,contacts_per_week,relevance,h5_quality,own_h_quality,h5_unconditional_same_dates,forward_bps_per_contact,timing_bps_all_volume,h5_lift_vs_unconditional
base,group_aware,frequent,11.947222222222223,8.030555555555555,2.7055555555555557,36.31666666666667,36.31666666666667,682315.3800270882,682315.3800270882,199.9677876511413,188.02056542891907,0.0,49947.86048530681,4.227777777777778,0.6777777777777778,5.069444444444445,528.602524246771,4.927777777777778,3.525708559823445,48.214285714285715,0.24779423868312758,0.6721692629621018,0.42431992559869797,0.41246221808881656,0.29510697082921183,44.2448055635521,2.930723731351365,0.12921295476948613
base,group_aware,monthly,6.991666666666666,4.169444444444444,1.4,11.063888888888888,11.063888888888888,515646.8846276798,515646.8846276798,176.41583528615436,169.4241686194877,0.0,63211.95060055521,4.480555555555555,0.5,2.411111111111111,129.61547986263517,1.113888888888889,2.0027086499901245,48.214285714285715,0.14501234567901233,0.5963448549860946,0.344854986094557,0.15931664680174812,0.2864422383776102,18.538566845668917,3.4212528097311106,0.05841274771694682
base,group_aware,occasional,2.6083333333333334,1.6333333333333333,0.5138888888888888,4.211111111111111,4.211111111111111,411924.2410760781,411924.2410760781,324.15772530671893,321.5493919733856,0.0,48866.39251739056,3.1638888888888888,0.16111111111111112,1.175,127.3593695202335,1.1194444444444445,0.7450338554413444,48.214285714285715,0.05409876543209877,0.6261980830670927,0.4504792332268371,0.4291799787007455,0.28563598291680936,48.82787329849207,7.869352977623145,0.16484325031002772
base,group_expected_budget,frequent,11.947222222222223,8.030555555555555,2.7055555555555557,36.31666666666667,36.31666666666667,682315.3800270882,682315.3800270882,199.9677876511413,188.02056542891907,0.0,49947.86048530681,4.227777777777778,0.6777777777777778,5.069444444444445,528.602524246771,4.927777777777778,3.525708559823445,48.214285714285715,0.24779423868312758,0.6721692629621018,0.42431992559869797,0.41246221808881656,0.29510697082921183,44.2448055635521,2.930723731351365,0.12921295476948613
base,group_expected_budget,monthly,6.991666666666666,4.169444444444444,1.4,11.063888888888888,11.063888888888888,515646.8846276798,515646.8846276798,176.41583528615436,169.4241686194877,0.0,63211.95060055521,4.480555555555555,0.5,2.411111111111111,129.61547986263517,1.113888888888889,2.0027086499901245,48.214285714285715,0.14501234567901233,0.5963448549860946,0.344854986094557,0.15931664680174812,0.2864422383776102,18.538566845668917,3.4212528097311106,0.05841274771694682
base,group_expected_budget,occasional,2.6083333333333334,1.6333333333333333,0.5138888888888888,4.211111111111111,4.211111111111111,411924.2410760781,411924.2410760781,324.15772530671893,321.5493919733856,0.0,48866.39251739056,3.1638888888888888,0.16111111111111112,1.175,127.3593695202335,1.1194444444444445,0.7450338554413444,48.214285714285715,0.05409876543209877,0.6261980830670927,0.4504792332268371,0.4291799787007455,0.28563598291680936,48.82787329849207,7.869352977623145,0.16484325031002772
base,group_unconstrained_expected_budget,frequent,6.211111111111111,4.144444444444445,1.4333333333333333,36.31666666666667,36.31666666666667,682315.3800270882,682315.3800270882,96.09663976802206,89.88552865691094,0.0,26170.928496835175,2.2416666666666667,0.37777777777777777,2.6222222222222222,264.4903365038656,2.5,1.8581644854917518,48.214285714285715,0.12882304526748972,0.667262969588551,0.4221824686940966,0.4025044722719141,0.29916780625090816,42.58341732620376,1.4083903511629325,0.12301466244318843
base,group_unconstrained_expected_budget,monthly,6.447222222222222,3.602777777777778,1.225,11.063888888888888,11.063888888888888,515646.8846276798,515646.8846276798,179.79549566147267,173.34827343925048,0.0,56805.477241507295,3.938888888888889,0.41944444444444445,2.4972222222222222,154.3441245691126,2.763888888888889,1.9215024989051188,48.214285714285715,0.13372016460905348,0.5588108573890564,0.38733304610081865,0.42869452822059456,0.29803571719338334,23.939631557466843,3.4867949564224183,0.0892973289074353
base,group_unconstrained_expected_budget,occasional,2.7222222222222223,1.5305555555555554,0.5083333333333333,4.211111111111111,4.211111111111111,411924.2410760781,411924.2410760781,203.24593585362265,200.52371363140043,0.0,47127.19651599388,3.236111111111111,0.17222222222222222,0.9972222222222222,77.17386967606306,0.8166666666666667,0.7793393787945144,48.214285714285715,0.05646090534979424,0.5622448979591836,0.3663265306122449,0.3,0.28628793506737266,28.34958477896194,4.93406106236135,0.08003859554487225
base,group_unconstrained_exploratory,frequent,11.947222222222223,8.030555555555555,2.7055555555555557,36.31666666666667,36.31666666666667,682315.3800270882,682315.3800270882,199.9677876511413,188.02056542891907,0.0,49947.86048530681,4.227777777777778,0.6777777777777778,5.069444444444445,528.602524246771,4.927777777777778,3.525708559823445,48.214285714285715,0.24779423868312758,0.6721692629621018,0.42431992559869797,0.41246221808881656,0.29510697082921183,44.2448055635521,2.930723731351365,0.12921295476948613
base,group_unconstrained_exploratory,monthly,12.71111111111111,6.913888888888889,2.3361111111111112,11.063888888888888,11.063888888888888,515646.8846276798,515646.8846276798,209.34522040135053,196.63410929023942,0.0,108948.10932566319,7.775,0.8777777777777778,4.875,240.03793216714172,5.319444444444445,3.7066355162257087,48.214285714285715,0.2636378600823045,0.5439248251748252,0.3835227272727273,0.4184877622377623,0.29160594096181275,18.884103055107303,4.059856204745757,0.09191678631091454
base,group_unconstrained_exploratory,occasional,5.358333333333333,2.9055555555555554,0.9222222222222223,4.211111111111111,4.211111111111111,411924.2410760781,411924.2410760781,365.9519713025253,360.593637969192,0.0,87046.96034215082,5.944444444444445,0.34444444444444444,2.025,154.28992412793866,1.6388888888888888,1.5011161346832573,48.214285714285715,0.1111358024691358,0.5422498703991705,0.3779160186625194,0.3058579574909279,0.2801460904541071,28.794387084529767,8.883962991508863,0.0977699282084123
base,random_expected_budget,frequent,6.280555555555556,4.116666666666666,1.4944444444444445,36.31666666666667,36.31666666666667,682315.3800270882,682315.3800270882,5.034075895643188,-1.246479659912368,0.0,27160.43959996049,2.3555555555555556,0.5777777777777777,1.7861111111111112,-15.61329807958242,1.7861111111111112,1.775227241500717,48.214285714285715,0.13026337448559672,0.6554621848739495,0.2843874391862008,0.2843874391862008,0.28265449223363914,-2.485974041861862,0.07377931148852797,0.0017329469525616537
base,random_expected_budget,monthly,5.513888888888889,3.161111111111111,1.0527777777777778,11.063888888888888,11.063888888888888,515646.8846276798,515646.8846276798,21.96792890280951,16.454040013920622,0.0,49281.42142724495,3.4027777777777777,0.4666666666666667,1.5305555555555554,-30.395214920109012,1.5305555555555554,1.553289151660355,48.214285714285715,0.11436213991769548,0.5732997481108312,0.27758186397984885,0.27758186397984885,0.2817048335504926,-5.512482302891307,0.42602659994099146,-0.004122969570643731
base,random_expected_budget,occasional,3.6277777777777778,2.0,0.6777777777777778,4.211111111111111,4.211111111111111,411924.2410760781,411924.2410760781,62.29969924526852,58.67192146749075,0.0,68623.69698491802,4.322222222222222,0.275,1.0277777777777777,-11.743020674685129,1.0277777777777777,1.0233999708031705,48.214285714285715,0.07524279835390946,0.5513016845329249,0.2833078101071975,0.2833078101071975,0.28210106392736706,-3.2369735397294384,1.5124067251425104,0.0012067461798304646
base,universal,frequent,10.666666666666666,7.197222222222222,2.488888888888889,36.31666666666667,36.31666666666667,682315.3800270882,682315.3800270882,175.41397796055767,164.74731129389102,0.0,45679.2374439952,3.85,0.5694444444444444,4.805555555555555,540.7189145150824,6.288888888888889,3.069656336141381,48.214285714285715,0.22123456790123455,0.6747395833333334,0.4505208333333333,0.5895833333333333,0.2877802815132545,50.69239823578897,2.570863607875784,0.1627405518200788
base,universal,monthly,9.447222222222223,5.241666666666666,1.8138888888888889,11.063888888888888,11.063888888888888,515646.8846276798,515646.8846276798,388.8183424438024,379.3711202215802,0.0,83438.14621409478,6.041666666666667,0.5166666666666667,4.169444444444444,430.5666410752409,5.55,2.74512563224017,48.214285714285715,0.19594238683127574,0.5548368127021464,0.441340782122905,0.5874742722728609,0.29057489785547225,45.57600434786437,7.540399332084527,0.15076588426743276
base,universal,occasional,6.308333333333334,3.2222222222222223,1.0666666666666667,4.211111111111111,4.211111111111111,411924.2410760781,411924.2410760781,807.2388166091773,800.930483275844,0.0,101734.68222592773,6.727777777777778,0.3194444444444444,2.886111111111111,331.784714154024,3.797222222222222,1.8302097019347192,48.214285714285715,0.13083950617283951,0.5107881990312637,0.4575077058564509,0.601937472479084,0.2901257123278287,52.5946706717079,19.596778633381977,0.1673819935286222
base,universal_expected_budget,frequent,5.016666666666667,3.325,1.1805555555555556,36.31666666666667,36.31666666666667,682315.3800270882,682315.3800270882,88.34313795742976,83.3264712907631,0.0,21336.84162774911,1.8277777777777777,0.2722222222222222,2.2666666666666666,251.70800252496605,2.9194444444444443,1.4238168843547931,48.214285714285715,0.10404938271604938,0.6627906976744187,0.45182724252491696,0.5819490586932448,0.28381731914049035,50.17435266278393,1.2947551900987855,0.1680099233844266
base,universal_expected_budget,monthly,4.444444444444445,2.5388888888888888,0.8972222222222223,11.063888888888888,11.063888888888888,515646.8846276798,515646.8846276798,222.55935756329725,218.1149131188528,0.0,41188.42322195561,2.9611111111111112,0.23055555555555557,1.975,219.51873233813794,2.577777777777778,1.2729718937578895,48.214285714285715,0.09218106995884774,0.5712499999999999,0.444375,0.58,0.2864186760955251,49.39171477608103,4.316119503446532,0.1579563239044749
base,universal_expected_budget,occasional,3.1305555555555555,1.725,0.5611111111111111,4.211111111111111,4.211111111111111,411924.2410760781,411924.2410760781,424.82252839836946,421.6919728428139,0.0,54457.786483422,3.4722222222222223,0.16666666666666666,1.3972222222222221,152.80424222965104,1.85,0.8996188310963409,48.214285714285715,0.06493004115226338,0.5510204081632654,0.4463176574977817,0.59094942324756,0.2873671510156901,48.810583143455524,10.31312280356691,0.15895050648209158
base,v3_readiness,frequent,7.844444444444444,5.341666666666667,1.886111111111111,36.31666666666667,36.31666666666667,682315.3800270882,682315.3800270882,119.69287273506924,111.84842829062481,0.0,34650.85737006399,2.95,0.4361111111111111,3.2083333333333335,329.074642360612,3.2083333333333335,2.2456059844913314,48.214285714285715,0.16269958847736624,0.6809490084985836,0.40899433427762044,0.40899433427762044,0.28626705184733686,41.95002523010635,1.7542162501205438,0.12272728243028358
base,v3_readiness,monthly,6.866666666666666,4.011111111111111,1.4277777777777778,11.063888888888888,11.063888888888888,515646.8846276798,515646.8846276798,318.8388579039483,311.9721912372816,0.0,67071.20738534226,4.733333333333333,0.40555555555555556,2.9444444444444446,298.0610361928948,2.9444444444444446,1.9749746674566984,48.214285714285715,0.14241975308641974,0.5841423948220065,0.4288025889967638,0.4288025889967638,0.2876176700179658,43.40694701838274,6.183279050239279,0.14118491897879804
base,v3_readiness,occasional,4.872222222222222,2.736111111111111,0.9333333333333333,4.211111111111111,4.211111111111111,411924.2410760781,411924.2410760781,582.9698869459583,578.097664723736,0.0,92286.89514590453,5.680555555555555,0.3138888888888889,2.063888888888889,209.36359106097933,2.063888888888889,1.4065689646288997,48.214285714285715,0.10105349794238681,0.5615735461801596,0.4236031927023946,0.4236031927023946,0.2886914636638563,42.970862475457565,14.152356885408205,0.13491172903853832
base,weekly_expected_budget,frequent,6.208333333333333,4.219444444444444,1.461111111111111,36.31666666666667,36.31666666666667,682315.3800270882,682315.3800270882,13.461880287901765,7.25354695456843,0.0,26608.009122590145,2.3055555555555554,0.7388888888888889,1.663888888888889,-59.40582730671546,1.663888888888889,1.725552807618655,48.214285714285715,0.12876543209876543,0.6796420581655481,0.2680089485458613,0.2680089485458613,0.27794139183119276,-9.56872386148437,0.19729703714677108,-0.009932443285331438
base,weekly_expected_budget,monthly,5.555555555555555,3.311111111111111,1.1944444444444444,11.063888888888888,11.063888888888888,515646.8846276798,515646.8846276798,-8.568724876659335,-14.124280432214892,0.0,53869.3519725789,3.816666666666667,0.6138888888888889,1.5527777777777778,-37.34609225981678,1.5527777777777778,1.550450082008742,48.214285714285715,0.11522633744855966,0.596,0.2795,0.2795,0.27908101476157354,-6.722296606767021,-0.16617427802063303,0.0004189852384264836
base,weekly_expected_budget,occasional,3.736111111111111,2.1638888888888888,0.675,4.211111111111111,4.211111111111111,411924.2410760781,411924.2410760781,-71.36959879465147,-75.10570990576258,0.0,65779.70632802662,4.127777777777778,0.33611111111111114,0.9611111111111111,-35.63330740928503,0.9611111111111111,1.054525508583009,48.214285714285715,0.07748971193415638,0.579182156133829,0.2572490706319703,0.2572490706319703,0.28225218073597264,-9.537539529622759,-1.732590405658361,-0.025003110104002357
contact_cost10,group_aware,frequent,11.947222222222223,8.030555555555555,2.7055555555555557,36.31666666666667,36.31666666666667,682315.3800270882,682315.3800270882,199.9677876511413,80.49556542891908,0.0,49947.86048530681,4.227777777777778,0.6777777777777778,5.069444444444445,528.602524246771,4.927777777777778,3.525708559823445,48.214285714285715,0.24779423868312758,0.6721692629621018,0.42431992559869797,0.41246221808881656,0.29510697082921183,44.2448055635521,2.930723731351365,0.12921295476948613
contact_cost10,group_aware,monthly,6.991666666666666,4.169444444444444,1.4,11.063888888888888,11.063888888888888,515646.8846276798,515646.8846276798,176.41583528615436,106.49916861948768,0.0,63211.95060055521,4.480555555555555,0.5,2.411111111111111,129.61547986263517,1.113888888888889,2.0027086499901245,48.214285714285715,0.14501234567901233,0.5963448549860946,0.344854986094557,0.15931664680174812,0.2864422383776102,18.538566845668917,3.4212528097311106,0.05841274771694682
contact_cost10,group_aware,occasional,2.6083333333333334,1.6333333333333333,0.5138888888888888,4.211111111111111,4.211111111111111,411924.2410760781,411924.2410760781,324.15772530671893,298.0743919733856,0.0,48866.39251739056,3.1638888888888888,0.16111111111111112,1.175,127.3593695202335,1.1194444444444445,0.7450338554413444,48.214285714285715,0.05409876543209877,0.6261980830670927,0.4504792332268371,0.4291799787007455,0.28563598291680936,48.82787329849207,7.869352977623145,0.16484325031002772
contact_cost10,group_expected_budget,frequent,11.947222222222223,8.030555555555555,2.7055555555555557,36.31666666666667,36.31666666666667,682315.3800270882,682315.3800270882,199.9677876511413,80.49556542891908,0.0,49947.86048530681,4.227777777777778,0.6777777777777778,5.069444444444445,528.602524246771,4.927777777777778,3.525708559823445,48.214285714285715,0.24779423868312758,0.6721692629621018,0.42431992559869797,0.41246221808881656,0.29510697082921183,44.2448055635521,2.930723731351365,0.12921295476948613
contact_cost10,group_expected_budget,monthly,6.991666666666666,4.169444444444444,1.4,11.063888888888888,11.063888888888888,515646.8846276798,515646.8846276798,176.41583528615436,106.49916861948768,0.0,63211.95060055521,4.480555555555555,0.5,2.411111111111111,129.61547986263517,1.113888888888889,2.0027086499901245,48.214285714285715,0.14501234567901233,0.5963448549860946,0.344854986094557,0.15931664680174812,0.2864422383776102,18.538566845668917,3.4212528097311106,0.05841274771694682
contact_cost10,group_expected_budget,occasional,2.6083333333333334,1.6333333333333333,0.5138888888888888,4.211111111111111,4.211111111111111,411924.2410760781,411924.2410760781,324.15772530671893,298.0743919733856,0.0,48866.39251739056,3.1638888888888888,0.16111111111111112,1.175,127.3593695202335,1.1194444444444445,0.7450338554413444,48.214285714285715,0.05409876543209877,0.6261980830670927,0.4504792332268371,0.4291799787007455,0.28563598291680936,48.82787329849207,7.869352977623145,0.16484325031002772
contact_cost10,group_unconstrained_expected_budget,frequent,6.211111111111111,4.144444444444445,1.4333333333333333,36.31666666666667,36.31666666666667,682315.3800270882,682315.3800270882,96.09663976802206,33.985528656910944,0.0,26170.928496835175,2.2416666666666667,0.37777777777777777,2.6222222222222222,264.4903365038656,2.5,1.8581644854917518,48.214285714285715,0.12882304526748972,0.667262969588551,0.4221824686940966,0.4025044722719141,0.29916780625090816,42.58341732620376,1.4083903511629325,0.12301466244318843
contact_cost10,group_unconstrained_expected_budget,monthly,6.447222222222222,3.602777777777778,1.225,11.063888888888888,11.063888888888888,515646.8846276798,515646.8846276798,179.79549566147267,115.32327343925046,0.0,56805.477241507295,3.938888888888889,0.41944444444444445,2.4972222222222222,154.3441245691126,2.763888888888889,1.9215024989051188,48.214285714285715,0.13372016460905348,0.5588108573890564,0.38733304610081865,0.42869452822059456,0.29803571719338334,23.939631557466843,3.4867949564224183,0.0892973289074353
contact_cost10,group_unconstrained_expected_budget,occasional,2.7222222222222223,1.5305555555555554,0.5083333333333333,4.211111111111111,4.211111111111111,411924.2410760781,411924.2410760781,203.24593585362265,176.02371363140043,0.0,47127.19651599388,3.236111111111111,0.17222222222222222,0.9972222222222222,77.17386967606306,0.8166666666666667,0.7793393787945144,48.214285714285715,0.05646090534979424,0.5622448979591836,0.3663265306122449,0.3,0.28628793506737266,28.34958477896194,4.93406106236135,0.08003859554487225
contact_cost10,group_unconstrained_exploratory,frequent,11.947222222222223,8.030555555555555,2.7055555555555557,36.31666666666667,36.31666666666667,682315.3800270882,682315.3800270882,199.9677876511413,80.49556542891908,0.0,49947.86048530681,4.227777777777778,0.6777777777777778,5.069444444444445,528.602524246771,4.927777777777778,3.525708559823445,48.214285714285715,0.24779423868312758,0.6721692629621018,0.42431992559869797,0.41246221808881656,0.29510697082921183,44.2448055635521,2.930723731351365,0.12921295476948613
contact_cost10,group_unconstrained_exploratory,monthly,12.71111111111111,6.913888888888889,2.3361111111111112,11.063888888888888,11.063888888888888,515646.8846276798,515646.8846276798,209.34522040135053,82.2341092902394,0.0,108948.10932566319,7.775,0.8777777777777778,4.875,240.03793216714172,5.319444444444445,3.7066355162257087,48.214285714285715,0.2636378600823045,0.5439248251748252,0.3835227272727273,0.4184877622377623,0.29160594096181275,18.884103055107303,4.059856204745757,0.09191678631091454
contact_cost10,group_unconstrained_exploratory,occasional,5.358333333333333,2.9055555555555554,0.9222222222222223,4.211111111111111,4.211111111111111,411924.2410760781,411924.2410760781,365.9519713025253,312.368637969192,0.0,87046.96034215082,5.944444444444445,0.34444444444444444,2.025,154.28992412793866,1.6388888888888888,1.5011161346832573,48.214285714285715,0.1111358024691358,0.5422498703991705,0.3779160186625194,0.3058579574909279,0.2801460904541071,28.794387084529767,8.883962991508863,0.0977699282084123
contact_cost10,random_expected_budget,frequent,6.280555555555556,4.116666666666666,1.4944444444444445,36.31666666666667,36.31666666666667,682315.3800270882,682315.3800270882,5.034075895643188,-57.771479659912366,0.0,27160.43959996049,2.3555555555555556,0.5777777777777777,1.7861111111111112,-15.61329807958242,1.7861111111111112,1.775227241500717,48.214285714285715,0.13026337448559672,0.6554621848739495,0.2843874391862008,0.2843874391862008,0.28265449223363914,-2.485974041861862,0.07377931148852797,0.0017329469525616537
contact_cost10,random_expected_budget,monthly,5.513888888888889,3.161111111111111,1.0527777777777778,11.063888888888888,11.063888888888888,515646.8846276798,515646.8846276798,21.96792890280951,-33.17095998607938,0.0,49281.42142724495,3.4027777777777777,0.4666666666666667,1.5305555555555554,-30.395214920109012,1.5305555555555554,1.553289151660355,48.214285714285715,0.11436213991769548,0.5732997481108312,0.27758186397984885,0.27758186397984885,0.2817048335504926,-5.512482302891307,0.42602659994099146,-0.004122969570643731
contact_cost10,random_expected_budget,occasional,3.6277777777777778,2.0,0.6777777777777778,4.211111111111111,4.211111111111111,411924.2410760781,411924.2410760781,62.29969924526852,26.021921467490742,0.0,68623.69698491802,4.322222222222222,0.275,1.0277777777777777,-11.743020674685129,1.0277777777777777,1.0233999708031705,48.214285714285715,0.07524279835390946,0.5513016845329249,0.2833078101071975,0.2833078101071975,0.28210106392736706,-3.2369735397294384,1.5124067251425104,0.0012067461798304646
contact_cost10,universal,frequent,10.666666666666666,7.197222222222222,2.488888888888889,36.31666666666667,36.31666666666667,682315.3800270882,682315.3800270882,175.41397796055767,68.747311293891,0.0,45679.2374439952,3.85,0.5694444444444444,4.805555555555555,540.7189145150824,6.288888888888889,3.069656336141381,48.214285714285715,0.22123456790123455,0.6747395833333334,0.4505208333333333,0.5895833333333333,0.2877802815132545,50.69239823578897,2.570863607875784,0.1627405518200788
contact_cost10,universal,monthly,9.447222222222223,5.241666666666666,1.8138888888888889,11.063888888888888,11.063888888888888,515646.8846276798,515646.8846276798,388.8183424438024,294.34612022158024,0.0,83438.14621409478,6.041666666666667,0.5166666666666667,4.169444444444444,430.5666410752409,5.55,2.74512563224017,48.214285714285715,0.19594238683127574,0.5548368127021464,0.441340782122905,0.5874742722728609,0.29057489785547225,45.57600434786437,7.540399332084527,0.15076588426743276
contact_cost10,universal,occasional,6.308333333333334,3.2222222222222223,1.0666666666666667,4.211111111111111,4.211111111111111,411924.2410760781,411924.2410760781,807.2388166091773,744.1554832758441,0.0,101734.68222592773,6.727777777777778,0.3194444444444444,2.886111111111111,331.784714154024,3.797222222222222,1.8302097019347192,48.214285714285715,0.13083950617283951,0.5107881990312637,0.4575077058564509,0.601937472479084,0.2901257123278287,52.5946706717079,19.596778633381977,0.1673819935286222
contact_cost10,universal_expected_budget,frequent,5.016666666666667,3.325,1.1805555555555556,36.31666666666667,36.31666666666667,682315.3800270882,682315.3800270882,88.34313795742976,38.1764712907631,0.0,21336.84162774911,1.8277777777777777,0.2722222222222222,2.2666666666666666,251.70800252496605,2.9194444444444443,1.4238168843547931,48.214285714285715,0.10404938271604938,0.6627906976744187,0.45182724252491696,0.5819490586932448,0.28381731914049035,50.17435266278393,1.2947551900987855,0.1680099233844266
contact_cost10,universal_expected_budget,monthly,4.444444444444445,2.5388888888888888,0.8972222222222223,11.063888888888888,11.063888888888888,515646.8846276798,515646.8846276798,222.55935756329725,178.1149131188528,0.0,41188.42322195561,2.9611111111111112,0.23055555555555557,1.975,219.51873233813794,2.577777777777778,1.2729718937578895,48.214285714285715,0.09218106995884774,0.5712499999999999,0.444375,0.58,0.2864186760955251,49.39171477608103,4.316119503446532,0.1579563239044749
contact_cost10,universal_expected_budget,occasional,3.1305555555555555,1.725,0.5611111111111111,4.211111111111111,4.211111111111111,411924.2410760781,411924.2410760781,424.82252839836946,393.5169728428139,0.0,54457.786483422,3.4722222222222223,0.16666666666666666,1.3972222222222221,152.80424222965104,1.85,0.8996188310963409,48.214285714285715,0.06493004115226338,0.5510204081632654,0.4463176574977817,0.59094942324756,0.2873671510156901,48.810583143455524,10.31312280356691,0.15895050648209158
contact_cost10,v3_readiness,frequent,7.844444444444444,5.341666666666667,1.886111111111111,36.31666666666667,36.31666666666667,682315.3800270882,682315.3800270882,119.69287273506924,41.248428290624815,0.0,34650.85737006399,2.95,0.4361111111111111,3.2083333333333335,329.074642360612,3.2083333333333335,2.2456059844913314,48.214285714285715,0.16269958847736624,0.6809490084985836,0.40899433427762044,0.40899433427762044,0.28626705184733686,41.95002523010635,1.7542162501205438,0.12272728243028358
contact_cost10,v3_readiness,monthly,6.866666666666666,4.011111111111111,1.4277777777777778,11.063888888888888,11.063888888888888,515646.8846276798,515646.8846276798,318.8388579039483,250.17219123728157,0.0,67071.20738534226,4.733333333333333,0.40555555555555556,2.9444444444444446,298.0610361928948,2.9444444444444446,1.9749746674566984,48.214285714285715,0.14241975308641974,0.5841423948220065,0.4288025889967638,0.4288025889967638,0.2876176700179658,43.40694701838274,6.183279050239279,0.14118491897879804
contact_cost10,v3_readiness,occasional,4.872222222222222,2.736111111111111,0.9333333333333333,4.211111111111111,4.211111111111111,411924.2410760781,411924.2410760781,582.9698869459583,534.2476647237361,0.0,92286.89514590453,5.680555555555555,0.3138888888888889,2.063888888888889,209.36359106097933,2.063888888888889,1.4065689646288997,48.214285714285715,0.10105349794238681,0.5615735461801596,0.4236031927023946,0.4236031927023946,0.2886914636638563,42.970862475457565,14.152356885408205,0.13491172903853832
contact_cost10,weekly_expected_budget,frequent,6.208333333333333,4.219444444444444,1.461111111111111,36.31666666666667,36.31666666666667,682315.3800270882,682315.3800270882,13.461880287901765,-48.621453045431565,0.0,26608.009122590145,2.3055555555555554,0.7388888888888889,1.663888888888889,-59.40582730671546,1.663888888888889,1.725552807618655,48.214285714285715,0.12876543209876543,0.6796420581655481,0.2680089485458613,0.2680089485458613,0.27794139183119276,-9.56872386148437,0.19729703714677108,-0.009932443285331438
contact_cost10,weekly_expected_budget,monthly,5.555555555555555,3.311111111111111,1.1944444444444444,11.063888888888888,11.063888888888888,515646.8846276798,515646.8846276798,-8.568724876659335,-64.12428043221489,0.0,53869.3519725789,3.816666666666667,0.6138888888888889,1.5527777777777778,-37.34609225981678,1.5527777777777778,1.550450082008742,48.214285714285715,0.11522633744855966,0.596,0.2795,0.2795,0.27908101476157354,-6.722296606767021,-0.16617427802063303,0.0004189852384264836
contact_cost10,weekly_expected_budget,occasional,3.736111111111111,2.1638888888888888,0.675,4.211111111111111,4.211111111111111,411924.2410760781,411924.2410760781,-71.36959879465147,-108.73070990576258,0.0,65779.70632802662,4.127777777777778,0.33611111111111114,0.9611111111111111,-35.63330740928503,0.9611111111111111,1.054525508583009,48.214285714285715,0.07748971193415638,0.579182156133829,0.2572490706319703,0.2572490706319703,0.28225218073597264,-9.537539529622759,-1.732590405658361,-0.025003110104002357
execution_drag25bps,group_aware,frequent,11.947222222222223,8.030555555555555,2.7055555555555557,36.31666666666667,36.31666666666667,682315.3800270882,682315.3800270882,199.9677876511413,63.15091421565205,124.86965121326702,49947.86048530681,4.227777777777778,0.6777777777777778,5.069444444444445,528.602524246771,4.927777777777778,3.525708559823445,48.214285714285715,0.24779423868312758,0.6721692629621018,0.42431992559869797,0.41246221808881656,0.29510697082921183,44.2448055635521,2.930723731351365,0.12921295476948613
execution_drag25bps,group_aware,monthly,6.991666666666666,4.169444444444444,1.4,11.063888888888888,11.063888888888888,515646.8846276798,515646.8846276798,176.41583528615436,11.394292118099655,158.02987650138803,63211.95060055521,4.480555555555555,0.5,2.411111111111111,129.61547986263517,1.113888888888889,2.0027086499901245,48.214285714285715,0.14501234567901233,0.5963448549860946,0.344854986094557,0.15931664680174812,0.2864422383776102,18.538566845668917,3.4212528097311106,0.05841274771694682
execution_drag25bps,group_aware,occasional,2.6083333333333334,1.6333333333333333,0.5138888888888888,4.211111111111111,4.211111111111111,411924.2410760781,411924.2410760781,324.15772530671893,199.38341067990922,122.16598129347638,48866.39251739056,3.1638888888888888,0.16111111111111112,1.175,127.3593695202335,1.1194444444444445,0.7450338554413444,48.214285714285715,0.05409876543209877,0.6261980830670927,0.4504792332268371,0.4291799787007455,0.28563598291680936,48.82787329849207,7.869352977623145,0.16484325031002772
execution_drag25bps,group_expected_budget,frequent,11.947222222222223,8.030555555555555,2.7055555555555557,36.31666666666667,36.31666666666667,682315.3800270882,682315.3800270882,199.9677876511413,63.15091421565205,124.86965121326702,49947.86048530681,4.227777777777778,0.6777777777777778,5.069444444444445,528.602524246771,4.927777777777778,3.525708559823445,48.214285714285715,0.24779423868312758,0.6721692629621018,0.42431992559869797,0.41246221808881656,0.29510697082921183,44.2448055635521,2.930723731351365,0.12921295476948613
execution_drag25bps,group_expected_budget,monthly,6.991666666666666,4.169444444444444,1.4,11.063888888888888,11.063888888888888,515646.8846276798,515646.8846276798,176.41583528615436,11.394292118099655,158.02987650138803,63211.95060055521,4.480555555555555,0.5,2.411111111111111,129.61547986263517,1.113888888888889,2.0027086499901245,48.214285714285715,0.14501234567901233,0.5963448549860946,0.344854986094557,0.15931664680174812,0.2864422383776102,18.538566845668917,3.4212528097311106,0.05841274771694682
execution_drag25bps,group_expected_budget,occasional,2.6083333333333334,1.6333333333333333,0.5138888888888888,4.211111111111111,4.211111111111111,411924.2410760781,411924.2410760781,324.15772530671893,199.38341067990922,122.16598129347638,48866.39251739056,3.1638888888888888,0.16111111111111112,1.175,127.3593695202335,1.1194444444444445,0.7450338554413444,48.214285714285715,0.05409876543209877,0.6261980830670927,0.4504792332268371,0.4291799787007455,0.28563598291680936,48.82787329849207,7.869352977623145,0.16484325031002772
execution_drag25bps,group_unconstrained_expected_budget,frequent,6.211111111111111,4.144444444444445,1.4333333333333333,36.31666666666667,36.31666666666667,682315.3800270882,682315.3800270882,96.09663976802206,24.45820741482301,65.42732124208793,26170.928496835175,2.2416666666666667,0.37777777777777777,2.6222222222222222,264.4903365038656,2.5,1.8581644854917518,48.214285714285715,0.12882304526748972,0.667262969588551,0.4221824686940966,0.4025044722719141,0.29916780625090816,42.58341732620376,1.4083903511629325,0.12301466244318843
execution_drag25bps,group_unconstrained_expected_budget,monthly,6.447222222222222,3.602777777777778,1.225,11.063888888888888,11.063888888888888,515646.8846276798,515646.8846276798,179.79549566147267,31.33458033548222,142.01369310376825,56805.477241507295,3.938888888888889,0.41944444444444445,2.4972222222222222,154.3441245691126,2.763888888888889,1.9215024989051188,48.214285714285715,0.13372016460905348,0.5588108573890564,0.38733304610081865,0.42869452822059456,0.29803571719338334,23.939631557466843,3.4867949564224183,0.0892973289074353
execution_drag25bps,group_unconstrained_expected_budget,occasional,2.7222222222222223,1.5305555555555554,0.5083333333333333,4.211111111111111,4.211111111111111,411924.2410760781,411924.2410760781,203.24593585362265,82.70572234141574,117.8179912899847,47127.19651599388,3.236111111111111,0.17222222222222222,0.9972222222222222,77.17386967606306,0.8166666666666667,0.7793393787945144,48.214285714285715,0.05646090534979424,0.5622448979591836,0.3663265306122449,0.3,0.28628793506737266,28.34958477896194,4.93406106236135,0.08003859554487225
execution_drag25bps,group_unconstrained_exploratory,frequent,11.947222222222223,8.030555555555555,2.7055555555555557,36.31666666666667,36.31666666666667,682315.3800270882,682315.3800270882,199.9677876511413,63.15091421565205,124.86965121326702,49947.86048530681,4.227777777777778,0.6777777777777778,5.069444444444445,528.602524246771,4.927777777777778,3.525708559823445,48.214285714285715,0.24779423868312758,0.6721692629621018,0.42431992559869797,0.41246221808881656,0.29510697082921183,44.2448055635521,2.930723731351365,0.12921295476948613
execution_drag25bps,group_unconstrained_exploratory,monthly,12.71111111111111,6.913888888888889,2.3361111111111112,11.063888888888888,11.063888888888888,515646.8846276798,515646.8846276798,209.34522040135053,-75.73616402391856,272.370273314158,108948.10932566319,7.775,0.8777777777777778,4.875,240.03793216714172,5.319444444444445,3.7066355162257087,48.214285714285715,0.2636378600823045,0.5439248251748252,0.3835227272727273,0.4184877622377623,0.29160594096181275,18.884103055107303,4.059856204745757,0.09191678631091454
execution_drag25bps,group_unconstrained_exploratory,occasional,5.358333333333333,2.9055555555555554,0.9222222222222223,4.211111111111111,4.211111111111111,411924.2410760781,411924.2410760781,365.9519713025253,142.9762371138149,217.61740085537704,87046.96034215082,5.944444444444445,0.34444444444444444,2.025,154.28992412793866,1.6388888888888888,1.5011161346832573,48.214285714285715,0.1111358024691358,0.5422498703991705,0.3779160186625194,0.3058579574909279,0.2801460904541071,28.794387084529767,8.883962991508863,0.0977699282084123
execution_drag25bps,random_expected_budget,frequent,6.280555555555556,4.116666666666666,1.4944444444444445,36.31666666666667,36.31666666666667,682315.3800270882,682315.3800270882,5.034075895643188,-69.14757865981359,67.90109899990122,27160.43959996049,2.3555555555555556,0.5777777777777777,1.7861111111111112,-15.61329807958242,1.7861111111111112,1.775227241500717,48.214285714285715,0.13026337448559672,0.6554621848739495,0.2843874391862008,0.2843874391862008,0.28265449223363914,-2.485974041861862,0.07377931148852797,0.0017329469525616537
execution_drag25bps,random_expected_budget,monthly,5.513888888888889,3.161111111111111,1.0527777777777778,11.063888888888888,11.063888888888888,515646.8846276798,515646.8846276798,21.96792890280951,-106.74951355419176,123.20355356811238,49281.42142724495,3.4027777777777777,0.4666666666666667,1.5305555555555554,-30.395214920109012,1.5305555555555554,1.553289151660355,48.214285714285715,0.11436213991769548,0.5732997481108312,0.27758186397984885,0.27758186397984885,0.2817048335504926,-5.512482302891307,0.42602659994099146,-0.004122969570643731
execution_drag25bps,random_expected_budget,occasional,3.6277777777777778,2.0,0.6777777777777778,4.211111111111111,4.211111111111111,411924.2410760781,411924.2410760781,62.29969924526852,-112.8873209948043,171.55924246229503,68623.69698491802,4.322222222222222,0.275,1.0277777777777777,-11.743020674685129,1.0277777777777777,1.0233999708031705,48.214285714285715,0.07524279835390946,0.5513016845329249,0.2833078101071975,0.2833078101071975,0.28210106392736706,-3.2369735397294384,1.5124067251425104,0.0012067461798304646
execution_drag25bps,universal,frequent,10.666666666666666,7.197222222222222,2.488888888888889,36.31666666666667,36.31666666666667,682315.3800270882,682315.3800270882,175.41397796055767,50.54921768390302,114.198093609988,45679.2374439952,3.85,0.5694444444444444,4.805555555555555,540.7189145150824,6.288888888888889,3.069656336141381,48.214285714285715,0.22123456790123455,0.6747395833333334,0.4505208333333333,0.5895833333333333,0.2877802815132545,50.69239823578897,2.570863607875784,0.1627405518200788
execution_drag25bps,universal,monthly,9.447222222222223,5.241666666666666,1.8138888888888889,11.063888888888888,11.063888888888888,515646.8846276798,515646.8846276798,388.8183424438024,170.77575468634325,208.59536553523697,83438.14621409478,6.041666666666667,0.5166666666666667,4.169444444444444,430.5666410752409,5.55,2.74512563224017,48.214285714285715,0.19594238683127574,0.5548368127021464,0.441340782122905,0.5874742722728609,0.29057489785547225,45.57600434786437,7.540399332084527,0.15076588426743276
execution_drag25bps,universal,occasional,6.308333333333334,3.2222222222222223,1.0666666666666667,4.211111111111111,4.211111111111111,411924.2410760781,411924.2410760781,807.2388166091773,546.5937777110247,254.3367055648193,101734.68222592773,6.727777777777778,0.3194444444444444,2.886111111111111,331.784714154024,3.797222222222222,1.8302097019347192,48.214285714285715,0.13083950617283951,0.5107881990312637,0.4575077058564509,0.601937472479084,0.2901257123278287,52.5946706717079,19.596778633381977,0.1673819935286222
execution_drag25bps,universal_expected_budget,frequent,5.016666666666667,3.325,1.1805555555555556,36.31666666666667,36.31666666666667,682315.3800270882,682315.3800270882,88.34313795742976,29.984367221390325,53.342104069372766,21336.84162774911,1.8277777777777777,0.2722222222222222,2.2666666666666666,251.70800252496605,2.9194444444444443,1.4238168843547931,48.214285714285715,0.10404938271604938,0.6627906976744187,0.45182724252491696,0.5819490586932448,0.28381731914049035,50.17435266278393,1.2947551900987855,0.1680099233844266
execution_drag25bps,universal_expected_budget,monthly,4.444444444444445,2.5388888888888888,0.8972222222222223,11.063888888888888,11.063888888888888,515646.8846276798,515646.8846276798,222.55935756329725,115.14385506396378,102.97105805488901,41188.42322195561,2.9611111111111112,0.23055555555555557,1.975,219.51873233813794,2.577777777777778,1.2729718937578895,48.214285714285715,0.09218106995884774,0.5712499999999999,0.444375,0.58,0.2864186760955251,49.39171477608103,4.316119503446532,0.1579563239044749
execution_drag25bps,universal_expected_budget,occasional,3.1305555555555555,1.725,0.5611111111111111,4.211111111111111,4.211111111111111,411924.2410760781,411924.2410760781,424.82252839836946,285.5475066342589,136.14446620855503,54457.786483422,3.4722222222222223,0.16666666666666666,1.3972222222222221,152.80424222965104,1.85,0.8996188310963409,48.214285714285715,0.06493004115226338,0.5510204081632654,0.4463176574977817,0.59094942324756,0.2873671510156901,48.810583143455524,10.31312280356691,0.15895050648209158
execution_drag25bps,v3_readiness,frequent,7.844444444444444,5.341666666666667,1.886111111111111,36.31666666666667,36.31666666666667,682315.3800270882,682315.3800270882,119.69287273506924,25.22128486546484,86.62714342515997,34650.85737006399,2.95,0.4361111111111111,3.2083333333333335,329.074642360612,3.2083333333333335,2.2456059844913314,48.214285714285715,0.16269958847736624,0.6809490084985836,0.40899433427762044,0.40899433427762044,0.28626705184733686,41.95002523010635,1.7542162501205438,0.12272728243028358
execution_drag25bps,v3_readiness,monthly,6.866666666666666,4.011111111111111,1.4277777777777778,11.063888888888888,11.063888888888888,515646.8846276798,515646.8846276798,318.8388579039483,144.29417277392594,167.67801846335564,67071.20738534226,4.733333333333333,0.40555555555555556,2.9444444444444446,298.0610361928948,2.9444444444444446,1.9749746674566984,48.214285714285715,0.14241975308641974,0.5841423948220065,0.4288025889967638,0.4288025889967638,0.2876176700179658,43.40694701838274,6.183279050239279,0.14118491897879804
execution_drag25bps,v3_readiness,occasional,4.872222222222222,2.736111111111111,0.9333333333333333,4.211111111111111,4.211111111111111,411924.2410760781,411924.2410760781,582.9698869459583,347.3804268589747,230.71723786476133,92286.89514590453,5.680555555555555,0.3138888888888889,2.063888888888889,209.36359106097933,2.063888888888889,1.4065689646288997,48.214285714285715,0.10105349794238681,0.5615735461801596,0.4236031927023946,0.4236031927023946,0.2886914636638563,42.970862475457565,14.152356885408205,0.13491172903853832
execution_drag25bps,weekly_expected_budget,frequent,6.208333333333333,4.219444444444444,1.461111111111111,36.31666666666667,36.31666666666667,682315.3800270882,682315.3800270882,13.461880287901765,-59.26647585190693,66.52002280647535,26608.009122590145,2.3055555555555554,0.7388888888888889,1.663888888888889,-59.40582730671546,1.663888888888889,1.725552807618655,48.214285714285715,0.12876543209876543,0.6796420581655481,0.2680089485458613,0.2680089485458613,0.27794139183119276,-9.56872386148437,0.19729703714677108,-0.009932443285331438
execution_drag25bps,weekly_expected_budget,monthly,5.555555555555555,3.311111111111111,1.1944444444444444,11.063888888888888,11.063888888888888,515646.8846276798,515646.8846276798,-8.568724876659335,-148.79766036366215,134.67337993144724,53869.3519725789,3.816666666666667,0.6138888888888889,1.5527777777777778,-37.34609225981678,1.5527777777777778,1.550450082008742,48.214285714285715,0.11522633744855966,0.596,0.2795,0.2795,0.27908101476157354,-6.722296606767021,-0.16617427802063303,0.0004189852384264836
execution_drag25bps,weekly_expected_budget,occasional,3.736111111111111,2.1638888888888888,0.675,4.211111111111111,4.211111111111111,411924.2410760781,411924.2410760781,-71.36959879465147,-239.55497572582914,164.44926582006656,65779.70632802662,4.127777777777778,0.33611111111111114,0.9611111111111111,-35.63330740928503,0.9611111111111111,1.054525508583009,48.214285714285715,0.07748971193415638,0.579182156133829,0.2572490706319703,0.2572490706319703,0.28225218073597264,-9.537539529622759,-1.732590405658361,-0.025003110104002357
high_response,group_aware,frequent,12.141666666666667,8.036111111111111,5.355555555555555,36.31666666666667,36.31666666666667,682315.3800270882,682315.3800270882,367.7650319542897,355.623365287623,0.0,99372.5006890722,8.530555555555555,1.4194444444444445,5.158333333333333,536.4436452814168,5.013888888888889,3.5856739100565904,48.214285714285715,0.2518271604938272,0.6618622740791581,0.4248455730954015,0.41294898192633267,0.29531974550912204,44.18204353724778,5.389956649367765,0.12952582758627945
high_response,group_aware,monthly,7.027777777777778,4.169444444444444,2.852777777777778,11.063888888888888,11.063888888888888,515646.8846276798,515646.8846276798,325.8356749820012,318.8078972042234,0.0,129975.06133622705,9.052777777777777,1.086111111111111,2.425,131.59105792134375,1.125,2.0141876196855333,48.214285714285715,0.14576131687242797,0.5932806324110672,0.3450592885375494,0.1600790513833992,0.286603771971064,18.72441930896591,6.318969137518772,0.0584555165664854
high_response,group_aware,occasional,2.6166666666666667,1.6305555555555555,1.1194444444444445,4.211111111111111,4.211111111111111,411924.2410760781,411924.2410760781,703.3763662205108,700.7596995538441,0.0,110103.69351017028,6.838888888888889,0.3888888888888889,1.1777777777777778,127.21997227590754,1.125,0.7472073017835829,48.214285714285715,0.05427160493827161,0.6231422505307855,0.45010615711252655,0.4299363057324841,0.28555693061792975,48.619097685060204,17.07538173483227,0.1645492264945968
high_response,group_expected_budget,frequent,12.141666666666667,8.036111111111111,5.355555555555555,36.31666666666667,36.31666666666667,682315.3800270882,682315.3800270882,367.7650319542897,355.623365287623,0.0,99372.5006890722,8.530555555555555,1.4194444444444445,5.158333333333333,536.4436452814168,5.013888888888889,3.5856739100565904,48.214285714285715,0.2518271604938272,0.6618622740791581,0.4248455730954015,0.41294898192633267,0.29531974550912204,44.18204353724778,5.389956649367765,0.12952582758627945
high_response,group_expected_budget,monthly,7.027777777777778,4.169444444444444,2.852777777777778,11.063888888888888,11.063888888888888,515646.8846276798,515646.8846276798,325.8356749820012,318.8078972042234,0.0,129975.06133622705,9.052777777777777,1.086111111111111,2.425,131.59105792134375,1.125,2.0141876196855333,48.214285714285715,0.14576131687242797,0.5932806324110672,0.3450592885375494,0.1600790513833992,0.286603771971064,18.72441930896591,6.318969137518772,0.0584555165664854
high_response,group_expected_budget,occasional,2.6166666666666667,1.6305555555555555,1.1194444444444445,4.211111111111111,4.211111111111111,411924.2410760781,411924.2410760781,703.3763662205108,700.7596995538441,0.0,110103.69351017028,6.838888888888889,0.3888888888888889,1.1777777777777778,127.21997227590754,1.125,0.7472073017835829,48.214285714285715,0.05427160493827161,0.6231422505307855,0.45010615711252655,0.4299363057324841,0.28555693061792975,48.619097685060204,17.07538173483227,0.1645492264945968
high_response,group_unconstrained_expected_budget,frequent,6.275,4.138888888888889,2.808333333333333,36.31666666666667,36.31666666666667,682315.3800270882,682315.3800270882,173.4221652926687,167.1471652926687,0.0,51465.217458709805,4.480555555555555,0.8055555555555556,2.65,267.4732996074665,2.525,1.8783570986938714,48.214285714285715,0.13014814814814815,0.6595838866755201,0.4223107569721115,0.40239043824701193,0.29933977668428224,42.625227029078324,2.541671642896042,0.12297098028782927
high_response,group_unconstrained_expected_budget,monthly,6.491666666666666,3.4694444444444446,2.397222222222222,11.063888888888888,11.063888888888888,515646.8846276798,515646.8846276798,353.2228524691717,346.731185802505,0.0,109967.94675426072,7.833333333333333,0.8444444444444444,2.525,157.68722758493394,2.7944444444444443,1.935706756489854,48.214285714285715,0.13464197530864197,0.5344458707744972,0.3889602053915276,0.43046640992725715,0.2981833257750738,24.290715417448105,6.850091855480024,0.09077687961645381
high_response,group_unconstrained_expected_budget,occasional,2.7416666666666667,1.4527777777777777,0.9777777777777777,4.211111111111111,4.211111111111111,411924.2410760781,411924.2410760781,490.148019331427,487.40635266476033,0.0,95490.84306725928,6.155555555555556,0.3527777777777778,1.0055555555555555,77.33744775062134,0.825,0.7855822405990502,48.214285714285715,0.0568641975308642,0.5298885511651469,0.3667679837892604,0.3009118541033434,0.28653455584159887,28.20818762940596,11.898984581509536,0.08023342794766153
high_response,group_unconstrained_exploratory,frequent,12.141666666666667,8.036111111111111,5.355555555555555,36.31666666666667,36.31666666666667,682315.3800270882,682315.3800270882,367.7650319542897,355.623365287623,0.0,99372.5006890722,8.530555555555555,1.4194444444444445,5.158333333333333,536.4436452814168,5.013888888888889,3.5856739100565904,48.214285714285715,0.2518271604938272,0.6618622740791581,0.4248455730954015,0.41294898192633267,0.29531974550912204,44.18204353724778,5.389956649367765,0.12952582758627945
high_response,group_unconstrained_exploratory,monthly,12.897222222222222,6.455555555555556,4.416666666666667,11.063888888888888,11.063888888888888,515646.8846276798,515646.8846276798,525.155819260402,512.2585970381799,0.0,206450.55414596514,14.88888888888889,1.6305555555555555,4.961111111111111,247.7711178857256,5.416666666666667,3.7624287253866435,48.214285714285715,0.2674979423868313,0.500538444970924,0.3846650872280853,0.41998707732069784,0.291723958892783,19.211200180672243,10.184407875160307,0.09294112833530227
high_response,group_unconstrained_exploratory,occasional,5.405555555555556,2.625,1.7555555555555555,4.211111111111111,4.211111111111111,411924.2410760781,411924.2410760781,582.2265633371941,576.8210077816385,0.0,172899.03233627634,11.366666666666667,0.7138888888888889,2.0527777777777776,156.11247541104004,1.6666666666666667,1.5144189401550865,48.214285714285715,0.11211522633744857,0.4856115107913669,0.3797533401849948,0.30832476875642345,0.2801597217141989,28.880005728661054,14.134311732085292,0.0995936184707959
high_response,random_expected_budget,frequent,6.236111111111111,4.05,2.763888888888889,36.31666666666667,36.31666666666667,682315.3800270882,682315.3800270882,16.1895120340645,9.953400922953387,0.0,50773.85815889753,4.408333333333333,1.0916666666666666,1.788888888888889,-10.342651993292614,1.788888888888889,1.7627173661024809,48.214285714285715,0.12934156378600822,0.6494432071269488,0.2868596881959911,0.2868596881959911,0.28266291839505264,-1.6585098964745395,0.23727315121376524,0.004196769800938471
high_response,random_expected_budget,monthly,5.4527777777777775,2.9972222222222222,2.0277777777777777,11.063888888888888,11.063888888888888,515646.8846276798,515646.8846276798,-2.8538877121775554,-8.306665489955334,0.0,92823.62123200641,6.658333333333333,0.9694444444444444,1.4944444444444445,-31.892881044832738,1.4944444444444445,1.5357248971670487,48.214285714285715,0.11309465020576132,0.5496688741721855,0.2740703005603668,0.2740703005603668,0.2816408369740894,-5.848923676077323,-0.05534577629104053,-0.007570536413722628
high_response,random_expected_budget,occasional,3.5833333333333335,1.8083333333333333,1.2305555555555556,4.211111111111111,4.211111111111111,411924.2410760781,411924.2410760781,66.2693409708939,62.68600763756056,0.0,122286.74999334145,7.719444444444444,0.5333333333333333,1.0055555555555555,-10.442785846010704,1.0055555555555555,1.0092670951730771,48.214285714285715,0.07432098765432099,0.5046511627906977,0.2806201550387597,0.2806201550387597,0.2816559335366727,-2.914265817491359,1.6087749727420058,-0.0010357784979129758
high_response,universal,frequent,10.813888888888888,7.191666666666666,4.911111111111111,36.31666666666667,36.31666666666667,682315.3800270882,682315.3800270882,362.34258793278474,351.52869904389587,0.0,91500.6571411569,7.833333333333333,1.15,4.888888888888889,550.6615562602939,6.4,3.1147339868270776,48.214285714285715,0.22428806584362138,0.6650398150526586,0.45209350115592095,0.5918314924222965,0.28803088498786233,50.92169541579908,5.310485422714633,0.16406261616805862
high_response,universal,monthly,9.580555555555556,4.988888888888889,3.452777777777778,11.063888888888888,11.063888888888888,515646.8846276798,515646.8846276798,773.8516908414749,764.2711352859194,0.0,160625.40837780057,11.575,1.0333333333333334,4.227777777777778,437.2179896732554,5.636111111111111,2.7850101115490635,48.214285714285715,0.19870781893004116,0.5207306465642215,0.4412873296607712,0.5882864598434329,0.29069400990364247,45.63597456722874,15.007395834461999,0.15059331975712875
high_response,universal,occasional,6.358333333333333,2.7583333333333333,1.8666666666666667,4.211111111111111,4.211111111111111,411924.2410760781,411924.2410760781,1226.1756669833424,1219.817333650009,0.0,182176.38622465797,12.4,0.5916666666666667,2.911111111111111,332.4049755959253,3.8361111111111112,1.844560265691149,48.214285714285715,0.13187654320987655,0.4338138925294889,0.45784185233726515,0.6033202271734383,0.2901012213406787,52.27863312124644,29.76701890085853,0.16774063099658643
high_response,universal_expected_budget,frequent,5.058333333333334,3.327777777777778,2.3055555555555554,36.31666666666667,36.31666666666667,682315.3800270882,682315.3800270882,175.61816648442783,170.5598331510945,0.0,42520.77185845313,3.686111111111111,0.5333333333333333,2.297222222222222,255.16935357565717,2.952777777777778,1.4357432525268137,48.214285714285715,0.10491358024691358,0.6578802855573861,0.4541460735859417,0.5837451949478308,0.2838372163150208,50.44534172830125,2.573856190629262,0.17030885727092093
high_response,universal_expected_budget,monthly,4.475,2.486111111111111,1.7444444444444445,11.063888888888888,11.063888888888888,515646.8846276798,515646.8846276798,426.6729399056951,422.1979399056951,0.0,80012.49180632753,5.716666666666667,0.49444444444444446,1.9916666666666667,221.17899279118623,2.5972222222222223,1.2818888416587235,48.214285714285715,0.09281481481481481,0.5555555555555556,0.44506517690875236,0.580384854127871,0.2864556070745751,49.42547324942709,8.274517942909169,0.15860956983417723
high_response,universal_expected_budget,occasional,3.147222222222222,1.5888888888888888,1.0611111111111111,4.211111111111111,4.211111111111111,411924.2410760781,411924.2410760781,692.0764000382219,688.9291778159997,0.0,102989.63400106705,6.55,0.33055555555555555,1.4055555555555554,153.42251951374234,1.863888888888889,0.9042681041811578,48.214285714285715,0.06527572016460904,0.5048543689320388,0.4466019417475728,0.5922330097087379,0.28732261033117107,48.74854988962687,16.801060268516768,0.15927933141640171
high_response,v3_readiness,frequent,7.847222222222222,5.341666666666667,3.686111111111111,36.31666666666667,36.31666666666667,682315.3800270882,682315.3800270882,233.77783675362238,225.93061453140015,0.0,69286.91322246114,5.905555555555556,0.9055555555555556,3.2083333333333335,329.0622551115076,3.2083333333333335,2.2461566452842825,48.214285714285715,0.16275720164609053,0.68070796460177,0.40884955752212393,0.40884955752212393,0.2862358910804749,41.93359711155495,3.426243106880301,0.122613666441649
high_response,v3_readiness,monthly,6.9222222222222225,3.9833333333333334,2.8027777777777776,11.063888888888888,11.063888888888888,515646.8846276798,515646.8846276798,638.2453243535946,631.3231021313724,0.0,130643.99705638408,8.966666666666667,0.7861111111111111,2.9805555555555556,303.85652073528144,2.9805555555555556,1.9914661531459583,48.214285714285715,0.14357201646090537,0.5754414125200642,0.43057784911717495,0.43057784911717495,0.2876917396198013,43.89580556368431,12.3775657990145,0.14288610949737363
high_response,v3_readiness,occasional,4.908333333333333,2.4555555555555557,1.6861111111111111,4.211111111111111,4.211111111111111,411924.2410760781,411924.2410760781,1004.9909202784845,1000.0825869451511,0.0,164184.97172177833,10.858333333333333,0.5583333333333333,2.077777777777778,212.92476931257383,2.077777777777778,1.4168758748314743,48.214285714285715,0.10180246913580246,0.5002829654782117,0.4233163554046407,0.4233163554046407,0.28866741083153974,43.38025860358041,24.39746973018937,0.13464894457310095
high_response,weekly_expected_budget,frequent,6.208333333333333,4.219444444444444,2.8805555555555555,36.31666666666667,36.31666666666667,682315.3800270882,682315.3800270882,12.406952597689562,6.198619264356229,0.0,53491.860328467534,4.602777777777778,1.461111111111111,1.663888888888889,-59.40582730671546,1.663888888888889,1.725552807618655,48.214285714285715,0.12876543209876543,0.6796420581655481,0.2680089485458613,0.2680089485458613,0.27794139183119276,-9.56872386148437,0.18183603888860017,-0.009932443285331438
high_response,weekly_expected_budget,monthly,5.566666666666666,3.311111111111111,2.3055555555555554,11.063888888888888,11.063888888888888,515646.8846276798,515646.8846276798,38.0129674882744,32.44630082160773,0.0,105269.68295035008,7.266666666666667,1.1861111111111111,1.5527777777777778,-37.88460130235769,1.5527777777777778,1.5536225536921109,48.214285714285715,0.11545679012345678,0.5948103792415169,0.2789421157684631,0.2789421157684631,0.2790938719207385,-6.805617000423537,0.7371898991636779,-0.00015175615227536188
high_response,weekly_expected_budget,occasional,3.763888888888889,2.058333333333333,1.3833333333333333,4.211111111111111,4.211111111111111,411924.2410760781,411924.2410760781,42.37357012062056,38.60968123173168,0.0,135977.77429411243,8.402777777777779,0.6972222222222222,0.9694444444444444,-37.922834319889915,0.9694444444444444,1.0624203527663996,48.214285714285715,0.07806584362139918,0.5468634686346863,0.25756457564575647,0.25756457564575647,0.28226666198959693,-10.075439376502118,1.0286738651245002,-0.024702086343840468
low_response,group_aware,frequent,11.841666666666667,8.027777777777779,0.8055555555555556,36.31666666666667,36.31666666666667,682315.3800270882,682315.3800270882,61.48164611374566,49.63997944707899,0.0,14574.643545998493,1.275,0.21944444444444444,5.022222222222222,526.0341763795487,4.888888888888889,3.4921959665438678,48.214285714285715,0.24560493827160493,0.6779263429509735,0.42411447337555713,0.41285479709125034,0.2949074707848446,44.42230905386759,0.9010737250463974,0.12920700259071255
low_response,group_aware,monthly,6.963888888888889,4.169444444444444,0.41944444444444445,11.063888888888888,11.063888888888888,515646.8846276798,515646.8846276798,56.085726624051595,49.12183773516271,0.0,19430.63968256336,1.3666666666666667,0.15833333333333333,2.397222222222222,127.92312787642048,1.1083333333333334,1.9951024465225717,48.214285714285715,0.14443621399176954,0.5987235739928201,0.3442361388113283,0.15915436777024333,0.2864925730945855,18.369495825892052,1.0876770188294262,0.05774356571674283
low_response,group_aware,occasional,2.6083333333333334,1.6333333333333333,0.16111111111111112,4.211111111111111,4.211111111111111,411924.2410760781,411924.2410760781,116.44241222733844,113.8340788940051,0.0,16504.017628322872,0.9944444444444445,0.05,1.175,127.3593695202335,1.1194444444444445,0.7450338554413444,48.214285714285715,0.05409876543209877,0.6261980830670927,0.4504792332268371,0.4291799787007455,0.28563598291680936,48.82787329849207,2.826791934438079,0.16484325031002772
low_response,group_expected_budget,frequent,11.841666666666667,8.027777777777779,0.8055555555555556,36.31666666666667,36.31666666666667,682315.3800270882,682315.3800270882,61.48164611374566,49.63997944707899,0.0,14574.643545998493,1.275,0.21944444444444444,5.022222222222222,526.0341763795487,4.888888888888889,3.4921959665438678,48.214285714285715,0.24560493827160493,0.6779263429509735,0.42411447337555713,0.41285479709125034,0.2949074707848446,44.42230905386759,0.9010737250463974,0.12920700259071255
low_response,group_expected_budget,monthly,6.963888888888889,4.169444444444444,0.41944444444444445,11.063888888888888,11.063888888888888,515646.8846276798,515646.8846276798,56.085726624051595,49.12183773516271,0.0,19430.63968256336,1.3666666666666667,0.15833333333333333,2.397222222222222,127.92312787642048,1.1083333333333334,1.9951024465225717,48.214285714285715,0.14443621399176954,0.5987235739928201,0.3442361388113283,0.15915436777024333,0.2864925730945855,18.369495825892052,1.0876770188294262,0.05774356571674283
low_response,group_expected_budget,occasional,2.6083333333333334,1.6333333333333333,0.16111111111111112,4.211111111111111,4.211111111111111,411924.2410760781,411924.2410760781,116.44241222733844,113.8340788940051,0.0,16504.017628322872,0.9944444444444445,0.05,1.175,127.3593695202335,1.1194444444444445,0.7450338554413444,48.214285714285715,0.05409876543209877,0.6261980830670927,0.4504792332268371,0.4291799787007455,0.28563598291680936,48.82787329849207,2.826791934438079,0.16484325031002772
low_response,group_unconstrained_expected_budget,frequent,6.186111111111111,4.141666666666667,0.4888888888888889,36.31666666666667,36.31666666666667,682315.3800270882,682315.3800270882,39.92373451578315,33.73762340467204,0.0,8852.987501812815,0.7861111111111111,0.13055555555555556,2.6083333333333334,263.9330046297239,2.486111111111111,1.8512978634790598,48.214285714285715,0.1283045267489712,0.6695105523125281,0.42164346654692414,0.4018859452177818,0.29926683019868056,42.66541610538869,0.5851214216246768,0.12237663634824358
low_response,group_unconstrained_expected_budget,monthly,6.411111111111111,3.686111111111111,0.3527777777777778,11.063888888888888,11.063888888888888,515646.8846276798,515646.8846276798,49.34821856200137,42.93710745089027,0.0,17203.499885799483,1.1388888888888888,0.12222222222222222,2.4833333333333334,154.88298482715794,2.7472222222222222,1.9093985882474174,48.214285714285715,0.13297119341563787,0.5749566724436741,0.3873483535528596,0.4285095320623917,0.29782646957065434,24.158524496437114,0.9570157414532428,0.08952188398220529
low_response,group_unconstrained_expected_budget,occasional,2.7111111111111112,1.5944444444444446,0.1527777777777778,4.211111111111111,4.211111111111111,411924.2410760781,411924.2410760781,57.834812736006896,55.12370162489579,0.0,15665.875150709284,1.0194444444444444,0.05555555555555555,0.9916666666666667,77.53253509321969,0.8111111111111111,0.7759828168070692,48.214285714285715,0.05623045267489712,0.5881147540983607,0.36577868852459017,0.29918032786885246,0.286223170133755,28.5980662229089,1.404015762338333,0.07955551839083519
low_response,group_unconstrained_exploratory,frequent,11.841666666666667,8.027777777777779,0.8055555555555556,36.31666666666667,36.31666666666667,682315.3800270882,682315.3800270882,61.48164611374566,49.63997944707899,0.0,14574.643545998493,1.275,0.21944444444444444,5.022222222222222,526.0341763795487,4.888888888888889,3.4921959665438678,48.214285714285715,0.24560493827160493,0.6779263429509735,0.42411447337555713,0.41285479709125034,0.2949074707848446,44.42230905386759,0.9010737250463974,0.12920700259071255
low_response,group_unconstrained_exploratory,monthly,12.53888888888889,7.233333333333333,0.7,11.063888888888888,11.063888888888888,515646.8846276798,515646.8846276798,68.89972918990003,56.36084030101113,0.0,33662.50349231132,2.311111111111111,0.25555555555555554,4.813888888888889,240.251308203411,5.25,3.6561464693304475,48.214285714285715,0.2600658436213992,0.5768719539211342,0.38391670358883473,0.41869738591050065,0.291584565564679,19.16049422978023,1.3361804607749879,0.09233213802415574
low_response,group_unconstrained_exploratory,occasional,5.3277777777777775,3.125,0.2916666666666667,4.211111111111111,4.211111111111111,411924.2410760781,411924.2410760781,61.13473934137629,55.80696156359851,0.0,28030.38278663699,1.9722222222222223,0.13055555555555556,2.011111111111111,154.13990594436592,1.6305555555555555,1.4914338434191203,48.214285714285715,0.11050205761316871,0.586548488008342,0.3774765380604797,0.30604796663190825,0.2799354450630257,28.931369207493084,1.4841257989982033,0.097541092997454
low_response,random_expected_budget,frequent,6.3277777777777775,4.177777777777778,0.45,36.31666666666667,36.31666666666667,682315.3800270882,682315.3800270882,2.074302871231908,-4.25347490654587,0.0,7986.110483815248,0.7138888888888889,0.19444444444444445,1.8,-13.655746105415794,1.8,1.7874971017853003,48.214285714285715,0.13124279835390945,0.6602282704126428,0.28446005267778757,0.28446005267778757,0.2824841776306884,-2.158063475833927,0.030400939682021486,0.0019758750470991737
low_response,random_expected_budget,monthly,5.575,3.286111111111111,0.3194444444444444,11.063888888888888,11.063888888888888,515646.8846276798,515646.8846276798,-14.34147017911883,-19.91647017911883,0.0,15977.138426280297,0.9916666666666667,0.14722222222222223,1.55,-29.912053735870597,1.55,1.5698060772342015,48.214285714285715,0.11562962962962964,0.5894369706028898,0.27802690582959644,0.27802690582959644,0.28157956542317514,-5.365390804640466,-0.27812579900437123,-0.0035526595935786998
low_response,random_expected_budget,occasional,3.636111111111111,2.1277777777777778,0.2388888888888889,4.211111111111111,4.211111111111111,411924.2410760781,411924.2410760781,50.35186061296384,46.71574950185273,0.0,26741.608976148887,1.5638888888888889,0.09444444444444444,1.0361111111111112,-9.585899805286537,1.0361111111111112,1.0258474594464624,48.214285714285715,0.0754156378600823,0.5851795263559969,0.28495034377387324,0.28495034377387324,0.28212764354524555,-2.6363055232262442,1.2223573072909875,0.0028227002286276837
low_response,universal,frequent,10.602777777777778,7.194444444444445,0.7527777777777778,36.31666666666667,36.31666666666667,682315.3800270882,682315.3800270882,61.46390191254965,50.86112413477187,0.0,13192.981438026032,1.1694444444444445,0.16944444444444445,4.777777777777778,538.4313074298354,6.247222222222222,3.0510806047178645,48.214285714285715,0.21990946502057612,0.6785433586586325,0.4506156667539953,0.5892061828661251,0.2877623834682817,50.78209868345317,0.9008136664032035,0.16285328328571358
low_response,universal,monthly,9.330555555555556,5.402777777777778,0.575,11.063888888888888,11.063888888888888,515646.8846276798,515646.8846276798,91.25355043699074,81.92299488143517,0.0,26686.872735504356,1.9333333333333333,0.16666666666666666,4.1194444444444445,429.25297756637883,5.477777777777778,2.7086796163193103,48.214285714285715,0.19352263374485595,0.579041381363501,0.44150044656147663,0.5870794879428402,0.29030207260343904,46.00508244236272,1.7696907158254216,0.1511983739580376
low_response,universal,occasional,6.272222222222222,3.6055555555555556,0.3638888888888889,4.211111111111111,4.211111111111111,411924.2410760781,411924.2410760781,265.3573287565176,259.08510653429533,0.0,37330.8270422,2.3555555555555556,0.12777777777777777,2.8666666666666667,331.0196227234194,3.772222222222222,1.8185293599883212,48.214285714285715,0.13009053497942386,0.5748449955713021,0.45704162976085033,0.6014171833480957,0.289933821787332,52.775493436860486,6.441896404623317,0.16710780797351832
low_response,universal_expected_budget,frequent,5.0,3.325,0.38333333333333336,36.31666666666667,36.31666666666667,682315.3800270882,682315.3800270882,36.46004450738324,31.460044507383238,0.0,6627.492781851413,0.5944444444444444,0.1,2.261111111111111,251.5328085096103,2.911111111111111,1.4194112759873252,48.214285714285715,0.1037037037037037,0.665,0.4522222222222222,0.5822222222222222,0.283882255197465,50.306561701922064,0.5343576529952433,0.16833996702475718
low_response,universal_expected_budget,monthly,4.419444444444444,2.558333333333333,0.26944444444444443,11.063888888888888,11.063888888888888,515646.8846276798,515646.8846276798,30.817736048042526,26.398291603598082,0.0,12249.17583896583,0.9222222222222223,0.075,1.961111111111111,218.77033214350473,2.561111111111111,1.2648530283123374,48.214285714285715,0.09166255144032921,0.5788812067881836,0.4437460716530484,0.57950974230044,0.28620181658858673,49.50177220091874,0.5976519390841334,0.15754425506446168
low_response,universal_expected_budget,occasional,3.1055555555555556,1.8222222222222222,0.18611111111111112,4.211111111111111,4.211111111111111,411924.2410760781,411924.2410760781,132.6258214981965,129.52026594264095,0.0,20185.506470819808,1.1944444444444444,0.06666666666666667,1.3888888888888888,154.00941594039264,1.836111111111111,0.8915351735923264,48.214285714285715,0.06441152263374486,0.5867620751341681,0.4472271914132379,0.5912343470483005,0.2870775156469029,49.591582950394766,3.219665372247464,0.160149675766335
low_response,v3_readiness,frequent,7.841666666666667,5.341666666666667,0.55,36.31666666666667,36.31666666666667,682315.3800270882,682315.3800270882,42.94793567345471,35.10626900678805,0.0,9710.247708809682,0.8777777777777778,0.11666666666666667,3.2055555555555557,328.5273401254369,3.2055555555555557,2.2446069591502007,48.214285714285715,0.16264197530864197,0.6811902231668437,0.4087849805171803,0.4087849805171803,0.28624105748992995,41.89509119559238,0.6294440508104867,0.12254392302725037
low_response,v3_readiness,monthly,6.822222222222222,4.041666666666667,0.4083333333333333,11.063888888888888,11.063888888888888,515646.8846276798,515646.8846276798,86.6819007823567,79.85967856013448,0.0,19018.819717552447,1.363888888888889,0.12222222222222222,2.9194444444444443,296.76665338534605,2.9194444444444443,1.962062584262909,48.214285714285715,0.14149794238683128,0.59242671009772,0.4279315960912052,0.4279315960912052,0.287598750136257,43.49999805322662,1.6810321824196597,0.14033284595494816
low_response,v3_readiness,occasional,4.841666666666667,2.9,0.2638888888888889,4.211111111111111,4.211111111111111,411924.2410760781,411924.2410760781,115.63844287168558,110.79677620501892,0.0,26756.547136366502,1.6972222222222222,0.10277777777777777,2.0527777777777776,208.04158590642623,2.0527777777777776,1.3981136915956067,48.214285714285715,0.10041975308641975,0.5989672977624785,0.42398164084911066,0.42398164084911066,0.2887670275240496,42.969002252618154,2.8072745262478587,0.13521461332506107
low_response,weekly_expected_budget,frequent,6.208333333333333,4.219444444444444,0.4527777777777778,36.31666666666667,36.31666666666667,682315.3800270882,682315.3800270882,6.720607513959593,0.5122741806262602,0.0,8004.000020970934,0.7111111111111111,0.23333333333333334,1.663888888888889,-59.40582730671546,1.663888888888889,1.725552807618655,48.214285714285715,0.12876543209876543,0.6796420581655481,0.2680089485458613,0.2680089485458613,0.27794139183119276,-9.56872386148437,0.09849708376341718,-0.009932443285331438
low_response,weekly_expected_budget,monthly,5.541666666666667,3.311111111111111,0.3527777777777778,11.063888888888888,11.063888888888888,515646.8846276798,515646.8846276798,-17.471861574787695,-23.01352824145436,0.0,17375.617625442257,1.15,0.19444444444444445,1.55,-36.76236106440087,1.55,1.5465918068543851,48.214285714285715,0.11493827160493827,0.5974937343358395,0.2796992481203007,0.2796992481203007,0.2790842358233477,-6.633809515380608,-0.33883384338495837,0.0006150122969530436
low_response,weekly_expected_budget,occasional,3.6972222222222224,2.2416666666666667,0.1361111111111111,4.211111111111111,4.211111111111111,411924.2410760781,411924.2410760781,-12.31675993874502,-16.01398216096724,0.0,14103.530279996534,0.85,0.06944444444444445,0.9527777777777777,-34.07692052612096,0.9527777777777777,1.043073588891465,48.214285714285715,0.07668312757201647,0.6063110443275732,0.25770097670924114,0.25770097670924114,0.28212358527492665,-9.216898113751723,-0.29900546533920164,-0.02442260856568551
narrow_flexibility,group_aware,frequent,7.097222222222222,2.125,0.7,36.31666666666667,36.31666666666667,682315.3800270882,682315.3800270882,35.64394961944256,28.546727397220334,0.0,12845.882290610227,0.7,0.16111111111111112,3.0194444444444444,316.5648150727268,2.941666666666667,2.08090656155808,48.214285714285715,0.147201646090535,0.299412915851272,0.42544031311154595,0.41448140900195696,0.2932001417459526,44.60404439380886,0.52239698331331,0.13224017136559335
narrow_flexibility,group_aware,monthly,4.652777777777778,1.0611111111111111,0.36666666666666664,11.063888888888888,11.063888888888888,515646.8846276798,515646.8846276798,36.488473795205984,31.835696017428205,0.0,16159.875481031744,0.4305555555555556,0.125,1.6222222222222222,89.5077022645496,0.7305555555555555,1.3303184386566023,48.214285714285715,0.09650205761316873,0.22805970149253732,0.34865671641791046,0.15701492537313433,0.28591918681574735,19.237476307604688,0.7076252156851931,0.06273752960216311
narrow_flexibility,group_aware,occasional,1.6388888888888888,0.4111111111111111,0.13333333333333333,4.211111111111111,4.211111111111111,411924.2410760781,411924.2410760781,54.87002999201671,53.23114110312782,0.0,15179.85487822176,0.28055555555555556,0.03888888888888889,0.7194444444444444,72.2029024293973,0.6833333333333333,0.4760751303123202,48.214285714285715,0.0339917695473251,0.25084745762711863,0.43898305084745765,0.4169491525423729,0.29048652019056825,44.05600826200513,1.3320417814858045,0.1484965306568894
narrow_flexibility,group_expected_budget,frequent,7.097222222222222,2.125,0.7,36.31666666666667,36.31666666666667,682315.3800270882,682315.3800270882,35.64394961944256,28.546727397220334,0.0,12845.882290610227,0.7,0.16111111111111112,3.0194444444444444,316.5648150727268,2.941666666666667,2.08090656155808,48.214285714285715,0.147201646090535,0.299412915851272,0.42544031311154595,0.41448140900195696,0.2932001417459526,44.60404439380886,0.52239698331331,0.13224017136559335
narrow_flexibility,group_expected_budget,monthly,4.652777777777778,1.0611111111111111,0.36666666666666664,11.063888888888888,11.063888888888888,515646.8846276798,515646.8846276798,36.488473795205984,31.835696017428205,0.0,16159.875481031744,0.4305555555555556,0.125,1.6222222222222222,89.5077022645496,0.7305555555555555,1.3303184386566023,48.214285714285715,0.09650205761316873,0.22805970149253732,0.34865671641791046,0.15701492537313433,0.28591918681574735,19.237476307604688,0.7076252156851931,0.06273752960216311
narrow_flexibility,group_expected_budget,occasional,1.6388888888888888,0.4111111111111111,0.13333333333333333,4.211111111111111,4.211111111111111,411924.2410760781,411924.2410760781,54.87002999201671,53.23114110312782,0.0,15179.85487822176,0.28055555555555556,0.03888888888888889,0.7194444444444444,72.2029024293973,0.6833333333333333,0.4760751303123202,48.214285714285715,0.0339917695473251,0.25084745762711863,0.43898305084745765,0.4169491525423729,0.29048652019056825,44.05600826200513,1.3320417814858045,0.1484965306568894
narrow_flexibility,group_unconstrained_expected_budget,frequent,3.6972222222222224,1.0638888888888889,0.3388888888888889,36.31666666666667,36.31666666666667,682315.3800270882,682315.3800270882,16.619924194892256,12.922701972670033,0.0,6259.140772863211,0.3388888888888889,0.08611111111111111,1.5888888888888888,159.1008170239879,1.4944444444444445,1.0989986131505955,48.214285714285715,0.07668312757201647,0.2877535687453043,0.42975206611570244,0.4042073628850488,0.2972498127229259,43.0325275196361,0.2435812628792339,0.13250225339277655
narrow_flexibility,group_unconstrained_expected_budget,monthly,4.305555555555555,0.9611111111111111,0.3194444444444444,11.063888888888888,11.063888888888888,515646.8846276798,515646.8846276798,33.60291528045775,29.297359724902197,0.0,14032.814888560453,0.375,0.08611111111111111,1.6444444444444444,97.3618544650416,1.8305555555555555,1.288831568642605,48.214285714285715,0.08930041152263374,0.2232258064516129,0.38193548387096776,0.42516129032258065,0.299341525620218,22.613075875751598,0.6516652438367889,0.08259395825074978
narrow_flexibility,group_unconstrained_expected_budget,occasional,1.7222222222222223,0.4027777777777778,0.11944444444444445,4.211111111111111,4.211111111111111,411924.2410760781,411924.2410760781,17.78868225822098,16.066460035998755,0.0,11383.363685594955,0.23055555555555557,0.044444444444444446,0.6305555555555555,45.72195520216903,0.5166666666666667,0.49241762629775615,48.214285714285715,0.0357201646090535,0.23387096774193547,0.3661290322580645,0.3,0.2859199120438584,26.548232052872336,0.43184354025272326,0.08020912021420606
narrow_flexibility,group_unconstrained_exploratory,frequent,7.097222222222222,2.125,0.7,36.31666666666667,36.31666666666667,682315.3800270882,682315.3800270882,35.64394961944256,28.546727397220334,0.0,12845.882290610227,0.7,0.16111111111111112,3.0194444444444444,316.5648150727268,2.941666666666667,2.08090656155808,48.214285714285715,0.147201646090535,0.299412915851272,0.42544031311154595,0.41448140900195696,0.2932001417459526,44.60404439380886,0.52239698331331,0.13224017136559335
narrow_flexibility,group_unconstrained_exploratory,monthly,8.491666666666667,1.9194444444444445,0.6305555555555555,11.063888888888888,11.063888888888888,515646.8846276798,515646.8846276798,35.546490721517905,27.054824054851238,0.0,27876.00453823842,0.7722222222222223,0.2,3.238888888888889,158.41853211878694,3.525,2.4840688358193574,48.214285714285715,0.17612345679012345,0.22603859993457637,0.3814196925089957,0.41511285574092244,0.29253018675007153,18.65576433194743,0.6893572283905888,0.08888950575892418
narrow_flexibility,group_unconstrained_exploratory,occasional,3.341666666666667,0.8833333333333333,0.25,4.211111111111111,4.211111111111111,411924.2410760781,411924.2410760781,128.18524402245782,124.84357735579115,0.0,24935.542831895862,0.44166666666666665,0.075,1.288888888888889,97.58862286372602,1.0555555555555556,0.9384450326746873,48.214285714285715,0.06930864197530864,0.2643391521197007,0.3857024106400665,0.31587697423108896,0.2808314312243453,29.203577914331973,3.1118645430430822,0.10487097941572121
narrow_flexibility,random_expected_budget,frequent,3.9,1.0944444444444446,0.4027777777777778,36.31666666666667,36.31666666666667,682315.3800270882,682315.3800270882,5.037978351188968,1.1379783511889678,0.0,7743.209628042392,0.4027777777777778,0.14444444444444443,1.125,-6.235649731855089,1.125,1.1017585722750343,48.214285714285715,0.08088888888888889,0.28062678062678065,0.2884615384615385,0.2884615384615385,0.28250219801923954,-1.59888454662951,0.07383650579573567,0.005959340442298955
narrow_flexibility,random_expected_budget,monthly,3.8333333333333335,0.9166666666666666,0.3055555555555556,11.063888888888888,11.063888888888888,515646.8846276798,515646.8846276798,7.3600251048337855,3.5266917715004524,0.0,14969.838073028312,0.3611111111111111,0.11944444444444445,1.0472222222222223,-24.4124365446642,1.0472222222222223,1.0813801513082757,48.214285714285715,0.07950617283950617,0.23913043478260868,0.27318840579710146,0.27318840579710146,0.2820991699065067,-6.368461707303704,0.14273382278161253,-0.008910764109405223
narrow_flexibility,random_expected_budget,occasional,2.3027777777777776,0.5777777777777777,0.17777777777777778,4.211111111111111,4.211111111111111,411924.2410760781,411924.2410760781,-18.428559332454732,-20.73133711023251,0.0,18067.359481442345,0.36944444444444446,0.075,0.6944444444444444,-0.2192561022410762,0.6944444444444444,0.6509244231479334,48.214285714285715,0.047761316872427975,0.25090470446320867,0.3015681544028951,0.3015681544028951,0.2826692308000676,-0.09521374765595589,-0.4473773935788151,0.018898923602827467
narrow_flexibility,universal,frequent,6.319444444444445,1.8944444444444444,0.6805555555555556,36.31666666666667,36.31666666666667,682315.3800270882,682315.3800270882,33.669030479401265,27.349586034956822,0.0,12366.05739493683,0.6805555555555556,0.15,2.8694444444444445,323.099659841043,3.7222222222222223,1.8077447810667147,48.214285714285715,0.13106995884773662,0.29978021978021974,0.45406593406593404,0.589010989010989,0.28606071260835925,51.12785826056064,0.49345260952588504,0.1680052214575748
narrow_flexibility,universal,monthly,6.261111111111111,1.3972222222222221,0.4777777777777778,11.063888888888888,11.063888888888888,515646.8846276798,515646.8846276798,72.38381446516574,66.12270335405464,0.0,21761.73805373962,0.5833333333333334,0.10555555555555556,2.7194444444444446,278.89497855810015,3.6444444444444444,1.814557088389108,48.214285714285715,0.12986008230452675,0.22315882874889084,0.43433895297249336,0.5820763087843833,0.28981390941440943,44.54400722312159,1.4037477316949194,0.14452504355808393
narrow_flexibility,universal,occasional,3.9722222222222223,1.011111111111111,0.3277777777777778,4.211111111111111,4.211111111111111,411924.2410760781,411924.2410760781,204.22905876731394,200.25683654509174,0.0,32010.80425590423,0.6027777777777777,0.08055555555555556,1.8444444444444446,202.59361715577907,2.3944444444444444,1.1571828494388199,48.214285714285715,0.08238683127572016,0.2545454545454545,0.46433566433566437,0.6027972027972027,0.2913187592992833,51.002588934322006,4.957927657614959,0.17301690503638106
narrow_flexibility,universal_expected_budget,frequent,3.0194444444444444,0.8527777777777777,0.2972222222222222,36.31666666666667,36.31666666666667,682315.3800270882,682315.3800270882,17.81778761305595,14.798343168611506,0.0,5424.660076940424,0.2972222222222222,0.07777777777777778,1.3388888888888888,140.2603446854734,1.7194444444444446,0.8511356707971592,48.214285714285715,0.06262551440329218,0.2824287028518859,0.4434222631094756,0.5694572217111316,0.2818848587736682,46.452368065106185,0.2611371241895291,0.16153740433580738
narrow_flexibility,universal_expected_budget,monthly,2.9611111111111112,0.6222222222222222,0.21666666666666667,11.063888888888888,11.063888888888888,515646.8846276798,515646.8846276798,44.34101098819596,41.37989987708485,0.0,9491.496015880872,0.25555555555555554,0.03888888888888889,1.2861111111111112,140.358841805943,1.7027777777777777,0.8505973542520029,48.214285714285715,0.061415637860082306,0.21013133208255158,0.43433395872420266,0.575046904315197,0.287256142148894,47.40073456861114,0.859910382668406,0.14707781657530866
narrow_flexibility,universal_expected_budget,occasional,1.9944444444444445,0.49722222222222223,0.15833333333333333,4.211111111111111,4.211111111111111,411924.2410760781,411924.2410760781,93.55765606407586,91.5632116196314,0.0,15369.16421168028,0.3138888888888889,0.05,0.8916666666666667,91.18400196511813,1.1777777777777778,0.5748107573142351,48.214285714285715,0.04136625514403292,0.24930362116991645,0.44707520891364905,0.5905292479108635,0.28820595074251343,45.71899819978068,2.2712345313709457,0.15886925817113562
narrow_flexibility,v3_readiness,frequent,4.686111111111111,1.3722222222222222,0.5027777777777778,36.31666666666667,36.31666666666667,682315.3800270882,682315.3800270882,28.97415857956856,24.28804746845745,0.0,9209.958769168083,0.5027777777777778,0.10277777777777777,1.9111111111111112,189.48902569501107,1.9111111111111112,1.3303889618809628,48.214285714285715,0.09719341563786008,0.2928275044457617,0.40782454060462364,0.40782454060462364,0.283900430514017,40.43630660948666,0.42464466473580403,0.12392411009060667
narrow_flexibility,v3_readiness,monthly,4.561111111111111,1.05,0.35555555555555557,11.063888888888888,11.063888888888888,515646.8846276798,515646.8846276798,62.65363487941165,58.09252376830053,0.0,15989.878970814392,0.4305555555555556,0.07222222222222222,1.9444444444444444,199.92516263355105,1.9444444444444444,1.311292947248199,48.214285714285715,0.09460082304526748,0.23020706455542023,0.42630937880633374,0.42630937880633374,0.2874941906268889,43.83255697203312,1.215049227431101,0.13881518817944483
narrow_flexibility,v3_readiness,occasional,3.075,0.7888888888888889,0.3111111111111111,4.211111111111111,4.211111111111111,411924.2410760781,411924.2410760781,170.5962937403424,167.52129374034237,0.0,33816.47527681692,0.6,0.08611111111111111,1.2972222222222223,131.86999396903897,1.2972222222222223,0.8868430713347245,48.214285714285715,0.06377777777777778,0.2565492321589882,0.4218608852755194,0.4218608852755194,0.2884042508405608,42.88455088424031,4.141448274437314,0.1334566344349586
narrow_flexibility,weekly_expected_budget,frequent,3.716666666666667,1.0638888888888889,0.3527777777777778,36.31666666666667,36.31666666666667,682315.3800270882,682315.3800270882,-1.436836227270927,-5.153502893937594,0.0,7248.507606579399,0.3527777777777778,0.19722222222222222,1.0,-36.048797881045026,1.0,1.0255621463104654,48.214285714285715,0.07708641975308642,0.2862481315396114,0.26905829596412556,0.26905829596412556,0.275936003491605,-9.699228129429155,-0.021058241823801244,-0.00687770752747946
narrow_flexibility,weekly_expected_budget,monthly,3.775,0.9027777777777778,0.3111111111111111,11.063888888888888,11.063888888888888,515646.8846276798,515646.8846276798,4.979832380918138,1.2048323809181376,0.0,14291.79273728386,0.35555555555555557,0.15,1.0638888888888889,-21.38709689625125,1.0638888888888889,1.048374745601154,48.214285714285715,0.0782962962962963,0.23914643119941134,0.28182487122884475,0.28182487122884475,0.2777151643976567,-5.665456131457285,0.09657446848561492,0.004109706831188054
narrow_flexibility,weekly_expected_budget,occasional,2.3583333333333334,0.6166666666666667,0.14444444444444443,4.211111111111111,4.211111111111111,411924.2410760781,411924.2410760781,0.9530084165838645,-1.4053249167494688,0.0,13299.32017892697,0.25833333333333336,0.08055555555555556,0.6083333333333333,-15.269419351959002,0.6083333333333333,0.6667367605258865,48.214285714285715,0.04891358024691358,0.26148409893992935,0.25795053003533563,0.25795053003533563,0.28271523414525224,-6.474665449593923,0.02313552642821654,-0.024764704109916602
weak_intent,group_aware,frequent,9.780555555555555,4.391666666666667,1.4527777777777777,36.31666666666667,36.31666666666667,682315.3800270882,682315.3800270882,101.04174478604786,91.2611892304923,0.0,26785.944362318252,2.2555555555555555,0.3888888888888889,4.055555555555555,412.9735156043012,3.9583333333333335,2.8787897914144147,48.214285714285715,0.2028559670781893,0.44902016472593015,0.4146549275773928,0.40471456972451014,0.29433806444452976,42.22393229694645,1.4808657073219784,0.12031686313286305
weak_intent,group_aware,monthly,6.677777777777778,2.061111111111111,0.6833333333333333,11.063888888888888,11.063888888888888,515646.8846276798,515646.8846276798,66.04115762098527,59.363379843207504,0.0,31285.889044248805,2.0833333333333335,0.25277777777777777,2.272222222222222,122.54083656116995,1.0583333333333333,1.9142588942988896,48.214285714285715,0.13850205761316872,0.30865224625623955,0.3402662229617304,0.15848585690515807,0.2866610657019968,18.35054124876089,1.2807438499055406,0.05360515725973364
weak_intent,group_aware,occasional,2.7944444444444443,0.9222222222222223,0.3194444444444444,4.211111111111111,4.211111111111111,411924.2410760781,411924.2410760781,198.6652613669157,195.87081692247125,0.0,28213.00370885602,1.9055555555555554,0.09722222222222222,1.2222222222222223,115.73446193312544,1.1472222222222221,0.8042800190638123,48.214285714285715,0.05795884773662551,0.3300198807157058,0.437375745526839,0.41053677932405563,0.28781392332303424,41.415910830939524,4.822859194883467,0.14956182220380476
weak_intent,group_expected_budget,frequent,9.780555555555555,4.391666666666667,1.4527777777777777,36.31666666666667,36.31666666666667,682315.3800270882,682315.3800270882,101.04174478604786,91.2611892304923,0.0,26785.944362318252,2.2555555555555555,0.3888888888888889,4.055555555555555,412.9735156043012,3.9583333333333335,2.8787897914144147,48.214285714285715,0.2028559670781893,0.44902016472593015,0.4146549275773928,0.40471456972451014,0.29433806444452976,42.22393229694645,1.4808657073219784,0.12031686313286305
weak_intent,group_expected_budget,monthly,6.677777777777778,2.061111111111111,0.6833333333333333,11.063888888888888,11.063888888888888,515646.8846276798,515646.8846276798,66.04115762098527,59.363379843207504,0.0,31285.889044248805,2.0833333333333335,0.25277777777777777,2.272222222222222,122.54083656116995,1.0583333333333333,1.9142588942988896,48.214285714285715,0.13850205761316872,0.30865224625623955,0.3402662229617304,0.15848585690515807,0.2866610657019968,18.35054124876089,1.2807438499055406,0.05360515725973364
weak_intent,group_expected_budget,occasional,2.7944444444444443,0.9222222222222223,0.3194444444444444,4.211111111111111,4.211111111111111,411924.2410760781,411924.2410760781,198.6652613669157,195.87081692247125,0.0,28213.00370885602,1.9055555555555554,0.09722222222222222,1.2222222222222223,115.73446193312544,1.1472222222222221,0.8042800190638123,48.214285714285715,0.05795884773662551,0.3300198807157058,0.437375745526839,0.41053677932405563,0.28781392332303424,41.415910830939524,4.822859194883467,0.14956182220380476
weak_intent,group_unconstrained_expected_budget,frequent,5.036111111111111,2.297222222222222,0.7805555555555556,36.31666666666667,36.31666666666667,682315.3800270882,682315.3800270882,49.46094430792377,44.42483319681265,0.0,14663.804214322841,1.2305555555555556,0.22777777777777777,2.1083333333333334,188.5275057420731,1.9944444444444445,1.5144980506822612,48.214285714285715,0.10445267489711935,0.45615002757859896,0.4186431329288472,0.39602868174296746,0.300727687945733,37.43513627531512,0.724898569719477,0.11791544498311418
weak_intent,group_unconstrained_expected_budget,monthly,6.236111111111111,1.8944444444444444,0.6361111111111111,11.063888888888888,11.063888888888888,515646.8846276798,515646.8846276798,76.4660289006308,70.22991778951969,0.0,30111.79041329867,1.9861111111111112,0.21388888888888888,2.3777777777777778,123.03100928548679,2.6305555555555555,1.8578592068767121,48.214285714285715,0.12934156378600822,0.30378619153674835,0.3812917594654789,0.42182628062360805,0.29791951647020776,19.72880327072394,1.4829145909771706,0.08337224299527113
weak_intent,group_unconstrained_expected_budget,occasional,2.886111111111111,0.825,0.2777777777777778,4.211111111111111,4.211111111111111,411924.2410760781,411924.2410760781,106.47873064935816,103.59261953824704,0.0,25551.500497148205,1.711111111111111,0.09166666666666666,1.0833333333333333,83.79740750363742,0.8916666666666667,0.8254091849790899,48.214285714285715,0.059860082304526746,0.2858517805582291,0.37536092396535126,0.30895091434071226,0.2859935578368358,29.03471289827668,2.5849105255665847,0.08936736612851548
weak_intent,group_unconstrained_exploratory,frequent,9.780555555555555,4.391666666666667,1.4527777777777777,36.31666666666667,36.31666666666667,682315.3800270882,682315.3800270882,101.04174478604786,91.2611892304923,0.0,26785.944362318252,2.2555555555555555,0.3888888888888889,4.055555555555555,412.9735156043012,3.9583333333333335,2.8787897914144147,48.214285714285715,0.2028559670781893,0.44902016472593015,0.4146549275773928,0.40471456972451014,0.29433806444452976,42.22393229694645,1.4808657073219784,0.12031686313286305
weak_intent,group_unconstrained_exploratory,monthly,12.147222222222222,3.7083333333333335,1.275,11.063888888888888,11.063888888888888,515646.8846276798,515646.8846276798,139.99344148366174,127.8462192614395,0.0,61375.76706331956,4.183333333333334,0.46111111111111114,4.586111111111111,237.54899238941607,5.027777777777778,3.531606426737426,48.214285714285715,0.25194238683127573,0.3052824148182026,0.37754402012348504,0.41390349874228216,0.2907336642180364,19.55582832384857,2.7149090910292863,0.08681035590544861
weak_intent,group_unconstrained_exploratory,occasional,5.586111111111111,1.5444444444444445,0.5277777777777778,4.211111111111111,4.211111111111111,411924.2410760781,411924.2410760781,225.09334216230664,219.50723105119553,0.0,50137.7126557567,3.227777777777778,0.19166666666666668,2.1527777777777777,167.3528857893275,1.7777777777777777,1.5546820121767955,48.214285714285715,0.11586008230452675,0.2764793635007459,0.3853804077573346,0.3182496270512183,0.2783120459391578,29.958746337224216,5.464435440222958,0.1070683618181768
weak_intent,random_expected_budget,frequent,5.166666666666667,2.2555555555555555,0.7833333333333333,36.31666666666667,36.31666666666667,682315.3800270882,682315.3800270882,6.144156545685421,0.9774898790187551,0.0,14643.99236768932,1.2166666666666666,0.325,1.475,-19.60579668362868,1.475,1.4544871877442016,48.214285714285715,0.1071604938271605,0.4365591397849462,0.2854838709677419,0.2854838709677419,0.2815136492408132,-3.794670325863615,0.09004863037737028,0.003970221726928735
weak_intent,random_expected_budget,monthly,5.3805555555555555,1.6944444444444444,0.5527777777777778,11.063888888888888,11.063888888888888,515646.8846276798,515646.8846276798,-9.0080839761822,-14.388639531737757,0.0,26807.86402180276,1.7555555555555555,0.24444444444444444,1.4916666666666667,-53.88865950122205,1.4916666666666667,1.5350999562047558,48.214285714285715,0.11159670781893004,0.31491997934950955,0.27723283427981416,0.27723283427981416,0.28530510285684674,-10.015445235126453,-0.1746948201323167,-0.008072268577032582
weak_intent,random_expected_budget,occasional,4.052777777777778,1.0472222222222223,0.36944444444444446,4.211111111111111,4.211111111111111,411924.2410760781,411924.2410760781,71.34914052695042,67.29636274917264,0.0,37404.526412354426,2.202777777777778,0.1361111111111111,1.1666666666666667,-26.289739446527904,1.1666666666666667,1.1387358202162283,48.214285714285715,0.08405761316872429,0.25839616175462643,0.2878684030157642,0.2878684030157642,0.28097662459070744,-6.486844551576453,1.7320937544380397,0.006891778425056783
weak_intent,universal,frequent,8.605555555555556,3.8916666666666666,1.3527777777777779,36.31666666666667,36.31666666666667,682315.3800270882,682315.3800270882,92.2570704858444,83.65151493028884,0.0,24527.613264256208,2.063888888888889,0.3111111111111111,3.763888888888889,423.69690614397655,5.019444444444445,2.4599575143193273,48.214285714285715,0.17848559670781894,0.4522272433828276,0.4373789541639767,0.5832795351839897,0.28585690934633884,49.2352763756719,1.3521177037249512,0.15152204481763787
weak_intent,universal,monthly,9.005555555555556,2.7666666666666666,0.9583333333333334,11.063888888888888,11.063888888888888,515646.8846276798,515646.8846276798,147.83005485960987,138.8244993040543,0.0,44504.286827460564,3.091666666666667,0.2861111111111111,3.8833333333333333,408.19520827415425,5.272222222222222,2.588751706726434,48.214285714285715,0.18678189300411524,0.3072177668106107,0.43121529919802587,0.5854410857495372,0.28746163307264533,45.327043485100404,2.866885445576769,0.14375366612538054
weak_intent,universal,occasional,6.694444444444445,1.7694444444444444,0.575,4.211111111111111,4.211111111111111,411924.2410760781,411924.2410760781,492.8764468291238,486.1820023846793,0.0,57480.58338656416,3.6083333333333334,0.15555555555555556,3.0833333333333335,347.9995236703585,4.022222222222222,1.9398428308902456,48.214285714285715,0.13884773662551442,0.26431535269709544,0.46058091286307057,0.6008298755186722,0.28976905357696614,51.983331336651055,11.965220729461626,0.17081185928610443
weak_intent,universal_expected_budget,frequent,4.097222222222222,1.7916666666666667,0.6527777777777778,36.31666666666667,36.31666666666667,682315.3800270882,682315.3800270882,48.22774587475444,44.13052365253222,0.0,11958.356434338724,1.0277777777777777,0.16944444444444445,1.8027777777777778,187.6292676499117,2.3444444444444446,1.161393204008553,48.214285714285715,0.08497942386831275,0.43728813559322033,0.44,0.5722033898305084,0.2834586803003926,45.794261934893704,0.7068248391651347,0.15654131969960738
weak_intent,universal_expected_budget,monthly,4.222222222222222,1.3277777777777777,0.4666666666666667,11.063888888888888,11.063888888888888,515646.8846276798,515646.8846276798,58.58320013990981,54.36097791768759,0.0,21511.227961387598,1.488888888888889,0.14166666666666666,1.8138888888888889,185.62117800859087,2.4166666666666665,1.1982544160204722,48.214285714285715,0.08757201646090534,0.3144736842105263,0.4296052631578947,0.5723684210526315,0.28379709853116447,43.96291058098205,1.136110813162568,0.14580816462673024
weak_intent,universal_expected_budget,occasional,3.261111111111111,0.8916666666666667,0.26944444444444443,4.211111111111111,4.211111111111111,411924.2410760781,411924.2410760781,218.34431369414278,215.08320258303166,0.0,27207.897984834948,1.6861111111111111,0.06944444444444445,1.4722222222222223,161.47738403288983,1.9361111111111111,0.9298531141853655,48.214285714285715,0.06763786008230452,0.2734241908006815,0.4514480408858603,0.5936967632027257,0.2851338339921053,49.516063246882744,5.300593942317099,0.16631420689375503
weak_intent,v3_readiness,frequent,6.466666666666667,2.9027777777777777,0.9861111111111112,36.31666666666667,36.31666666666667,682315.3800270882,682315.3800270882,64.53405060963334,58.067383942966664,0.0,18091.086563225716,1.5777777777777777,0.2222222222222222,2.6277777777777778,281.6898505574748,2.6277777777777778,1.834196142583576,48.214285714285715,0.13412345679012347,0.44888316151202745,0.4063573883161512,0.4063573883161512,0.2836385787500375,43.56028616868167,0.9458097017697492,0.1227188095661137
weak_intent,v3_readiness,monthly,6.738888888888889,2.058333333333333,0.6833333333333333,11.063888888888888,11.063888888888888,515646.8846276798,515646.8846276798,136.06463082997132,129.32574194108244,0.0,32947.28227053184,2.202777777777778,0.20833333333333334,2.7888888888888888,278.3976151851845,2.7888888888888888,1.9185269984800473,48.214285714285715,0.13976954732510288,0.30544105523495463,0.41384995877988456,0.41384995877988456,0.2846948555040466,41.31209458642474,2.6387172091268636,0.12915510327583796
weak_intent,v3_readiness,occasional,5.036111111111111,1.4694444444444446,0.5055555555555555,4.211111111111111,4.211111111111111,411924.2410760781,411924.2410760781,318.60168734718303,313.56557623607193,0.0,50751.95605642966,3.0305555555555554,0.175,2.0805555555555557,198.01260546691236,2.0805555555555557,1.4483509158358452,48.214285714285715,0.10445267489711935,0.2917815774958632,0.41312741312741313,0.41312741312741313,0.2875931217324348,39.318553760666546,7.7344728854726625,0.12553429139497835
weak_intent,weekly_expected_budget,frequent,5.091666666666667,2.2666666666666666,0.7805555555555556,36.31666666666667,36.31666666666667,682315.3800270882,682315.3800270882,1.473288429060998,-3.6183782376056683,0.0,14017.857598045368,1.2555555555555555,0.4027777777777778,1.3694444444444445,-29.29754991558684,1.3694444444444445,1.4286364007178984,48.214285714285715,0.10560493827160494,0.44517184942716853,0.26895799236224766,0.26895799236224766,0.2805832538234825,-5.754019623355844,0.021592484534094892,-0.011625261461234826
weak_intent,weekly_expected_budget,monthly,5.288888888888889,1.675,0.6,11.063888888888888,11.063888888888888,515646.8846276798,515646.8846276798,-10.338590902557693,-15.627479791446584,0.0,27388.17638394371,1.8527777777777779,0.32222222222222224,1.3916666666666666,-55.6169123408783,1.3916666666666666,1.4781973748615298,48.214285714285715,0.1096954732510288,0.31670168067226895,0.26313025210084034,0.26313025210084034,0.2794911002889447,-10.51580275352741,-0.2004974956849127,-0.01636084818810435
weak_intent,weekly_expected_budget,occasional,4.008333333333334,1.1527777777777777,0.3972222222222222,4.211111111111111,4.211111111111111,411924.2410760781,411924.2410760781,-56.74348944356903,-60.751822776902365,0.0,37080.08737201645,2.352777777777778,0.19722222222222222,1.0333333333333334,-48.65088335386808,1.0333333333333334,1.1236735837390834,48.214285714285715,0.08313580246913581,0.2875952875952875,0.2577962577962578,0.2577962577962578,0.28033436600559253,-12.137434516557525,-1.3775224612986325,-0.022538108209334717
zero_response,group_aware,frequent,11.794444444444444,8.025,0.0,36.31666666666667,36.31666666666667,682315.3800270882,682315.3800270882,0.0,-11.794444444444444,0.0,0.0,0.0,0.0,5.002777777777778,524.5680683412003,4.8694444444444445,3.4773617229564366,48.214285714285715,0.24462551440329217,0.6804050871408385,0.4241639189825719,0.4128591615638248,0.29483048051444116,44.475860716634976,0.0,0.12933343846813072
zero_response,group_aware,monthly,6.955555555555556,4.169444444444444,0.0,11.063888888888888,11.063888888888888,515646.8846276798,515646.8846276798,0.0,-6.955555555555556,0.0,0.0,0.0,0.0,2.3944444444444444,127.91349497985102,1.1055555555555556,1.9922236605954438,48.214285714285715,0.1442633744855967,0.5994408945686901,0.3442492012779553,0.15894568690095848,0.28642193203448874,18.390119086560052,0.0,0.05782726924346654
zero_response,group_aware,occasional,2.6055555555555556,1.6333333333333333,0.0,4.211111111111111,4.211111111111111,411924.2410760781,411924.2410760781,0.0,-2.6055555555555556,0.0,0.0,0.0,0.0,1.175,127.64418499655523,1.1194444444444445,0.7444831946483929,48.214285714285715,0.054041152263374484,0.626865671641791,0.4509594882729211,0.42963752665245203,0.28572915786079045,48.98923944430691,0.0,0.16523033041213064
zero_response,group_expected_budget,frequent,11.794444444444444,8.025,0.0,36.31666666666667,36.31666666666667,682315.3800270882,682315.3800270882,0.0,-11.794444444444444,0.0,0.0,0.0,0.0,5.002777777777778,524.5680683412003,4.8694444444444445,3.4773617229564366,48.214285714285715,0.24462551440329217,0.6804050871408385,0.4241639189825719,0.4128591615638248,0.29483048051444116,44.475860716634976,0.0,0.12933343846813072
zero_response,group_expected_budget,monthly,6.955555555555556,4.169444444444444,0.0,11.063888888888888,11.063888888888888,515646.8846276798,515646.8846276798,0.0,-6.955555555555556,0.0,0.0,0.0,0.0,2.3944444444444444,127.91349497985102,1.1055555555555556,1.9922236605954438,48.214285714285715,0.1442633744855967,0.5994408945686901,0.3442492012779553,0.15894568690095848,0.28642193203448874,18.390119086560052,0.0,0.05782726924346654
zero_response,group_expected_budget,occasional,2.6055555555555556,1.6333333333333333,0.0,4.211111111111111,4.211111111111111,411924.2410760781,411924.2410760781,0.0,-2.6055555555555556,0.0,0.0,0.0,0.0,1.175,127.64418499655523,1.1194444444444445,0.7444831946483929,48.214285714285715,0.054041152263374484,0.626865671641791,0.4509594882729211,0.42963752665245203,0.28572915786079045,48.98923944430691,0.0,0.16523033041213064
zero_response,group_unconstrained_expected_budget,frequent,6.175,4.141666666666667,0.0,36.31666666666667,36.31666666666667,682315.3800270882,682315.3800270882,0.0,-6.175,0.0,0.0,0.0,0.0,2.602777777777778,263.4164572740772,2.4805555555555556,1.8472286626993328,48.214285714285715,0.12807407407407406,0.6707152496626181,0.4215024741340531,0.4017094017094017,0.29914634213754376,42.65853559094367,0.0,0.12235613199650935
zero_response,group_unconstrained_expected_budget,monthly,6.386111111111111,3.725,0.0,11.063888888888888,11.063888888888888,515646.8846276798,515646.8846276798,0.0,-6.386111111111111,0.0,0.0,0.0,0.0,2.475,155.13283467324783,2.736111111111111,1.901328455745335,48.214285714285715,0.13245267489711934,0.5832970856894302,0.3875598086124402,0.4284471509351892,0.2977286838052721,24.292222915341114,0.0,0.0898311248071681
zero_response,group_unconstrained_expected_budget,occasional,2.7083333333333335,1.6111111111111112,0.0,4.211111111111111,4.211111111111111,411924.2410760781,411924.2410760781,0.0,-2.7083333333333335,0.0,0.0,0.0,0.0,0.9888888888888889,76.88832539515987,0.8083333333333333,0.7754321560141175,48.214285714285715,0.05617283950617284,0.5948717948717949,0.3651282051282051,0.29846153846153844,0.28631341145136646,28.389535530520565,0.0,0.07881479367683863
zero_response,group_unconstrained_exploratory,frequent,11.794444444444444,8.025,0.0,36.31666666666667,36.31666666666667,682315.3800270882,682315.3800270882,0.0,-11.794444444444444,0.0,0.0,0.0,0.0,5.002777777777778,524.5680683412003,4.8694444444444445,3.4773617229564366,48.214285714285715,0.24462551440329217,0.6804050871408385,0.4241639189825719,0.4128591615638248,0.29483048051444116,44.475860716634976,0.0,0.12933343846813072
zero_response,group_unconstrained_exploratory,monthly,12.483333333333333,7.383333333333334,0.0,11.063888888888888,11.063888888888888,515646.8846276798,515646.8846276798,0.0,-12.483333333333333,0.0,0.0,0.0,0.0,4.791666666666667,238.18477817144844,5.225,3.63971123047462,48.214285714285715,0.2589135802469136,0.5914552736982644,0.3838451268357811,0.41855807743658213,0.2915656526414916,19.08022255044981,0.0,0.0922794741942895
zero_response,group_unconstrained_exploratory,occasional,5.316666666666666,3.2583333333333333,0.0,4.211111111111111,4.211111111111111,411924.2410760781,411924.2410760781,0.0,-5.316666666666666,0.0,0.0,0.0,0.0,2.0055555555555555,153.89759976368066,1.625,1.4891822526212741,48.214285714285715,0.1102716049382716,0.6128526645768025,0.3772204806687565,0.30564263322884017,0.2800969754146597,28.946257008842757,0.0,0.0971235052540968
zero_response,random_expected_budget,frequent,6.358333333333333,4.211111111111111,0.0,36.31666666666667,36.31666666666667,682315.3800270882,682315.3800270882,0.0,-6.358333333333333,0.0,0.0,0.0,0.0,1.8027777777777778,-16.24046826478229,1.8027777777777778,1.7960144180814248,48.214285714285715,0.13187654320987655,0.6622979467016165,0.2835299257317606,0.2835299257317606,0.28246622564845475,-2.5542020862042922,0.0,0.001063700083305863
zero_response,random_expected_budget,monthly,5.594444444444444,3.327777777777778,0.0,11.063888888888888,11.063888888888888,515646.8846276798,515646.8846276798,0.0,-5.594444444444444,0.0,0.0,0.0,0.0,1.55,-30.86108522570015,1.55,1.5744110183682405,48.214285714285715,0.11603292181069957,0.5948361469712017,0.2770605759682225,0.2770605759682225,0.28142401519988414,-5.516380675894764,0.0,-0.004363439231661659
zero_response,random_expected_budget,occasional,3.6416666666666666,2.216666666666667,0.0,4.211111111111111,4.211111111111111,411924.2410760781,411924.2410760781,0.0,-3.6416666666666666,0.0,0.0,0.0,0.0,1.0361111111111112,-11.285317066568338,1.0361111111111112,1.0283559179397344,48.214285714285715,0.07553086419753086,0.6086956521739131,0.28451563691838294,0.28451563691838294,0.28238606442281033,-3.0989429015748295,0.0,0.002129572495572607
zero_response,universal,frequent,10.555555555555555,7.188888888888889,0.0,36.31666666666667,36.31666666666667,682315.3800270882,682315.3800270882,0.0,-10.555555555555555,0.0,0.0,0.0,0.0,4.761111111111111,537.3419292861258,6.219444444444444,3.037069990811586,48.214285714285715,0.21893004115226336,0.6810526315789474,0.45105263157894737,0.5892105263157894,0.2877224201821503,50.906077511317186,0.0,0.1633302113967971
zero_response,universal,monthly,9.280555555555555,5.502777777777778,0.0,11.063888888888888,11.063888888888888,515646.8846276798,515646.8846276798,0.0,-9.280555555555555,0.0,0.0,0.0,0.0,4.097222222222222,426.0338694006785,5.447222222222222,2.6933811216734935,48.214285714285715,0.19248559670781892,0.5929362466327448,0.4414845854534571,0.5869500149655792,0.2902176605215378,45.90607392524522,0.0,0.1512669249319193
zero_response,universal,occasional,6.247222222222222,3.8027777777777776,0.0,4.211111111111111,4.211111111111111,411924.2410760781,411924.2410760781,0.0,-6.247222222222222,0.0,0.0,0.0,0.0,2.8555555555555556,329.13913196768976,3.7555555555555555,1.811453207786966,48.214285714285715,0.12957201646090533,0.6087149844375278,0.45709204090706984,0.6011560693641619,0.28996138497256907,52.68567697126204,0.0,0.16713065593450077
zero_response,universal_expected_budget,frequent,4.997222222222222,3.325,0.0,36.31666666666667,36.31666666666667,682315.3800270882,682315.3800270882,0.0,-4.997222222222222,0.0,0.0,0.0,0.0,2.2583333333333333,251.3739763221045,2.908333333333333,1.4183391512309897,48.214285714285715,0.10364609053497942,0.6653696498054475,0.45191773207337416,0.5819899944413564,0.28382551108569004,50.30274123177189,0.0,0.16809222098768412
zero_response,universal_expected_budget,monthly,4.402777777777778,2.5861111111111112,0.0,11.063888888888888,11.063888888888888,515646.8846276798,515646.8846276798,0.0,-4.402777777777778,0.0,0.0,0.0,0.0,1.9555555555555555,218.32555808770095,2.5527777777777776,1.2600686125494842,48.214285714285715,0.09131687242798353,0.5873817034700316,0.44416403785488956,0.5798107255520505,0.2861985492225958,49.58813937638634,0.0,0.15796548863229376
zero_response,universal_expected_budget,occasional,3.091666666666667,1.8611111111111112,0.0,4.211111111111111,4.211111111111111,411924.2410760781,411924.2410760781,0.0,-3.091666666666667,0.0,0.0,0.0,0.0,1.3833333333333333,152.6489744781605,1.8277777777777777,0.8880798576225194,48.214285714285715,0.06412345679012346,0.6019766397124887,0.44743935309973043,0.5911949685534591,0.28724954963531624,49.37433136759908,0.0,0.1601898034644142
zero_response,v3_readiness,frequent,7.830555555555556,5.338888888888889,0.0,36.31666666666667,36.31666666666667,682315.3800270882,682315.3800270882,0.0,-7.830555555555556,0.0,0.0,0.0,0.0,3.1972222222222224,326.926991936705,3.1972222222222224,2.241302887051206,48.214285714285715,0.16241152263374486,0.6818020574671869,0.40830081589216033,0.40830081589216033,0.2862252711381462,41.75016569606733,0.0,0.12207554475401411
zero_response,v3_readiness,monthly,6.805555555555555,4.052777777777778,0.0,11.063888888888888,11.063888888888888,515646.8846276798,515646.8846276798,0.0,-6.805555555555555,0.0,0.0,0.0,0.0,2.908333333333333,294.51471905320835,2.908333333333333,1.9578483654069092,48.214285714285715,0.14115226337448558,0.5955102040816327,0.4273469387755102,0.4273469387755102,0.28768384144754583,43.27563218741021,0.0,0.1396630973279644
zero_response,v3_readiness,occasional,4.833333333333333,2.9722222222222223,0.0,4.211111111111111,4.211111111111111,411924.2410760781,411924.2410760781,0.0,-4.833333333333333,0.0,0.0,0.0,0.0,2.0527777777777776,209.5855064353461,2.0527777777777776,1.3954429330791491,48.214285714285715,0.1002469135802469,0.6149425287356323,0.4247126436781609,0.4247126436781609,0.2887123309818929,43.36251857283023,0.0,0.136000312696268
zero_response,weekly_expected_budget,frequent,6.208333333333333,4.219444444444444,0.0,36.31666666666667,36.31666666666667,682315.3800270882,682315.3800270882,0.0,-6.208333333333333,0.0,0.0,0.0,0.0,1.663888888888889,-59.40582730671546,1.663888888888889,1.725552807618655,48.214285714285715,0.12876543209876543,0.6796420581655481,0.2680089485458613,0.2680089485458613,0.27794139183119276,-9.56872386148437,0.0,-0.009932443285331438
zero_response,weekly_expected_budget,monthly,5.536111111111111,3.311111111111111,0.0,11.063888888888888,11.063888888888888,515646.8846276798,515646.8846276798,0.0,-5.536111111111111,0.0,0.0,0.0,0.0,1.5472222222222223,-37.15001076147169,1.5472222222222223,1.5449200736790583,48.214285714285715,0.11482304526748971,0.5980933266432513,0.27947817360762667,0.27947817360762667,0.2790623314222082,-6.710488647330561,0.0,0.00041584218541845797
zero_response,weekly_expected_budget,occasional,3.6972222222222224,2.2694444444444444,0.0,4.211111111111111,4.211111111111111,411924.2410760781,411924.2410760781,0.0,-3.6972222222222224,0.0,0.0,0.0,0.0,0.9527777777777777,-34.07692052612096,0.9527777777777777,1.043073588891465,48.214285714285715,0.07668312757201647,0.613824192336589,0.25770097670924114,0.25770097670924114,0.28212358527492665,-9.216898113751723,0.0,-0.02442260856568551
