effective_date,available_at,symbol,normalized_value,normalized_unit
2020-09-03,2020-09-03 00:00:00+00:00,CNY,10.8205,RUB_per_CNY
2020-09-03,2020-09-03 00:00:00+00:00,KZT,0.17632,RUB_per_KZT
2020-09-03,2020-09-03 00:00:00+00:00,USD,73.8588,RUB_per_USD
2020-09-04,2020-09-04 00:00:00+00:00,CNY,11.0401,RUB_per_CNY
2020-09-04,2020-09-04 00:00:00+00:00,KZT,0.179284,RUB_per_KZT
2020-09-04,2020-09-04 00:00:00+00:00,USD,75.468,RUB_per_USD
2020-09-05,2020-09-05 00:00:00+00:00,CNY,10.9922,RUB_per_CNY
2020-09-05,2020-09-05 00:00:00+00:00,KZT,0.178606,RUB_per_KZT
2020-09-05,2020-09-05 00:00:00+00:00,USD,75.1823,RUB_per_USD
2020-09-08,2020-09-08 00:00:00+00:00,CNY,11.0664,RUB_per_CNY
2020-09-08,2020-09-08 00:00:00+00:00,KZT,0.178538,RUB_per_KZT
2020-09-08,2020-09-08 00:00:00+00:00,USD,75.591,RUB_per_USD
2020-09-09,2020-09-09 00:00:00+00:00,CNY,11.1183,RUB_per_CNY
2020-09-09,2020-09-09 00:00:00+00:00,KZT,0.178997,RUB_per_KZT
2020-09-09,2020-09-09 00:00:00+00:00,USD,75.9645,RUB_per_USD
2020-09-10,2020-09-10 00:00:00+00:00,CNY,11.1118,RUB_per_CNY
2020-09-10,2020-09-10 00:00:00+00:00,KZT,0.177762,RUB_per_KZT
2020-09-10,2020-09-10 00:00:00+00:00,USD,76.0713,RUB_per_USD
2020-09-11,2020-09-11 00:00:00+00:00,CNY,11.0427,RUB_per_CNY
2020-09-11,2020-09-11 00:00:00+00:00,KZT,0.176842,RUB_per_KZT
2020-09-11,2020-09-11 00:00:00+00:00,USD,75.5274,RUB_per_USD
2020-09-12,2020-09-12 00:00:00+00:00,CNY,10.9544,RUB_per_CNY
2020-09-12,2020-09-12 00:00:00+00:00,KZT,0.175287,RUB_per_KZT
2020-09-12,2020-09-12 00:00:00+00:00,USD,74.8896,RUB_per_USD
2020-09-15,2020-09-15 00:00:00+00:00,CNY,10.9498,RUB_per_CNY
2020-09-15,2020-09-15 00:00:00+00:00,KZT,0.175062,RUB_per_KZT
2020-09-15,2020-09-15 00:00:00+00:00,USD,74.7148,RUB_per_USD
2020-09-16,2020-09-16 00:00:00+00:00,CNY,11.0928,RUB_per_CNY
2020-09-16,2020-09-16 00:00:00+00:00,KZT,0.176048,RUB_per_KZT
2020-09-16,2020-09-16 00:00:00+00:00,USD,75.1884,RUB_per_USD
2020-09-17,2020-09-17 00:00:00+00:00,CNY,11.0812,RUB_per_CNY
2020-09-17,2020-09-17 00:00:00+00:00,KZT,0.176263,RUB_per_KZT
2020-09-17,2020-09-17 00:00:00+00:00,USD,74.9278,RUB_per_USD
2020-09-18,2020-09-18 00:00:00+00:00,CNY,11.113,RUB_per_CNY
2020-09-18,2020-09-18 00:00:00+00:00,KZT,0.1773699999999999,RUB_per_KZT
2020-09-18,2020-09-18 00:00:00+00:00,USD,75.1941,RUB_per_USD
2020-09-19,2020-09-19 00:00:00+00:00,CNY,11.1007,RUB_per_CNY
2020-09-19,2020-09-19 00:00:00+00:00,KZT,0.178291,RUB_per_KZT
2020-09-19,2020-09-19 00:00:00+00:00,USD,75.0319,RUB_per_USD
2020-09-22,2020-09-22 00:00:00+00:00,CNY,11.2268,RUB_per_CNY
2020-09-22,2020-09-22 00:00:00+00:00,KZT,0.180147,RUB_per_KZT
2020-09-22,2020-09-22 00:00:00+00:00,USD,76.0381,RUB_per_USD
2020-09-23,2020-09-23 00:00:00+00:00,CNY,11.2348,RUB_per_CNY
2020-09-23,2020-09-23 00:00:00+00:00,KZT,0.179846,RUB_per_KZT
2020-09-23,2020-09-23 00:00:00+00:00,USD,76.2711,RUB_per_USD
2020-09-24,2020-09-24 00:00:00+00:00,CNY,11.2423,RUB_per_CNY
2020-09-24,2020-09-24 00:00:00+00:00,KZT,0.179472,RUB_per_KZT
2020-09-24,2020-09-24 00:00:00+00:00,USD,76.3545,RUB_per_USD
2020-09-25,2020-09-25 00:00:00+00:00,CNY,11.3091,RUB_per_CNY
2020-09-25,2020-09-25 00:00:00+00:00,KZT,0.180664,RUB_per_KZT
2020-09-25,2020-09-25 00:00:00+00:00,USD,77.178,RUB_per_USD
2020-09-26,2020-09-26 00:00:00+00:00,CNY,11.265,RUB_per_CNY
2020-09-26,2020-09-26 00:00:00+00:00,KZT,0.179973,RUB_per_KZT
2020-09-26,2020-09-26 00:00:00+00:00,USD,76.8195,RUB_per_USD
2020-09-29,2020-09-29 00:00:00+00:00,CNY,11.5345,RUB_per_CNY
2020-09-29,2020-09-29 00:00:00+00:00,KZT,0.182769,RUB_per_KZT
2020-09-29,2020-09-29 00:00:00+00:00,USD,78.6713,RUB_per_USD
2020-09-30,2020-09-30 00:00:00+00:00,CNY,11.6798,RUB_per_CNY
2020-09-30,2020-09-30 00:00:00+00:00,KZT,0.184609,RUB_per_KZT
2020-09-30,2020-09-30 00:00:00+00:00,USD,79.6845,RUB_per_USD
2020-10-01,2020-10-01 00:00:00+00:00,CNY,11.5671,RUB_per_CNY
2020-10-01,2020-10-01 00:00:00+00:00,KZT,0.181995,RUB_per_KZT
2020-10-01,2020-10-01 00:00:00+00:00,USD,78.7847,RUB_per_USD
2020-10-02,2020-10-02 00:00:00+00:00,CNY,11.3797,RUB_per_CNY
2020-10-02,2020-10-02 00:00:00+00:00,KZT,0.179803,RUB_per_KZT
2020-10-02,2020-10-02 00:00:00+00:00,USD,77.2774,RUB_per_USD
2020-10-03,2020-10-03 00:00:00+00:00,CNY,11.4996,RUB_per_CNY
2020-10-03,2020-10-03 00:00:00+00:00,KZT,0.180435,RUB_per_KZT
2020-10-03,2020-10-03 00:00:00+00:00,USD,78.0915,RUB_per_USD
2020-10-06,2020-10-06 00:00:00+00:00,CNY,11.505,RUB_per_CNY
2020-10-06,2020-10-06 00:00:00+00:00,KZT,0.1808749999999999,RUB_per_KZT
2020-10-06,2020-10-06 00:00:00+00:00,USD,78.1281,RUB_per_USD
2020-10-07,2020-10-07 00:00:00+00:00,CNY,11.5615,RUB_per_CNY
2020-10-07,2020-10-07 00:00:00+00:00,KZT,0.182463,RUB_per_KZT
2020-10-07,2020-10-07 00:00:00+00:00,USD,78.5119,RUB_per_USD
2020-10-08,2020-10-08 00:00:00+00:00,CNY,11.4997,RUB_per_CNY
2020-10-08,2020-10-08 00:00:00+00:00,KZT,0.182058,RUB_per_KZT
2020-10-08,2020-10-08 00:00:00+00:00,USD,78.0921,RUB_per_USD
2020-10-09,2020-10-09 00:00:00+00:00,CNY,11.4737,RUB_per_CNY
2020-10-09,2020-10-09 00:00:00+00:00,KZT,0.181817,RUB_per_KZT
2020-10-09,2020-10-09 00:00:00+00:00,USD,77.9157,RUB_per_USD
2020-10-10,2020-10-10 00:00:00+00:00,CNY,11.4728,RUB_per_CNY
2020-10-10,2020-10-10 00:00:00+00:00,KZT,0.180209,RUB_per_KZT
2020-10-10,2020-10-10 00:00:00+00:00,USD,77.0284,RUB_per_USD
2020-10-13,2020-10-13 00:00:00+00:00,CNY,11.4304,RUB_per_CNY
2020-10-13,2020-10-13 00:00:00+00:00,KZT,0.179946,RUB_per_KZT
2020-10-13,2020-10-13 00:00:00+00:00,USD,77.0239,RUB_per_USD
2020-10-14,2020-10-14 00:00:00+00:00,CNY,11.4672,RUB_per_CNY
2020-10-14,2020-10-14 00:00:00+00:00,KZT,0.180052,RUB_per_KZT
2020-10-14,2020-10-14 00:00:00+00:00,USD,77.2855,RUB_per_USD
2020-10-15,2020-10-15 00:00:00+00:00,CNY,11.4675,RUB_per_CNY
2020-10-15,2020-10-15 00:00:00+00:00,KZT,0.1799879999999999,RUB_per_KZT
2020-10-15,2020-10-15 00:00:00+00:00,USD,77.2759,RUB_per_USD
2020-10-16,2020-10-16 00:00:00+00:00,CNY,11.5803,RUB_per_CNY
2020-10-16,2020-10-16 00:00:00+00:00,KZT,0.181824,RUB_per_KZT
2020-10-16,2020-10-16 00:00:00+00:00,USD,77.9461,RUB_per_USD
2020-10-17,2020-10-17 00:00:00+00:00,CNY,11.6398,RUB_per_CNY
2020-10-17,2020-10-17 00:00:00+00:00,KZT,0.181697,RUB_per_KZT
2020-10-17,2020-10-17 00:00:00+00:00,USD,77.9644,RUB_per_USD
2020-10-20,2020-10-20 00:00:00+00:00,CNY,11.6409,RUB_per_CNY
2020-10-20,2020-10-20 00:00:00+00:00,KZT,0.1818789999999999,RUB_per_KZT
2020-10-20,2020-10-20 00:00:00+00:00,USD,77.9241,RUB_per_USD
2020-10-21,2020-10-21 00:00:00+00:00,CNY,11.6424,RUB_per_CNY
2020-10-21,2020-10-21 00:00:00+00:00,KZT,0.1813469999999999,RUB_per_KZT
2020-10-21,2020-10-21 00:00:00+00:00,USD,77.778,RUB_per_USD
2020-10-22,2020-10-22 00:00:00+00:00,CNY,11.57,RUB_per_CNY
2020-10-22,2020-10-22 00:00:00+00:00,KZT,0.1800069999999999,RUB_per_KZT
2020-10-22,2020-10-22 00:00:00+00:00,USD,77.0322,RUB_per_USD
2020-10-23,2020-10-23 00:00:00+00:00,CNY,11.5577,RUB_per_CNY
2020-10-23,2020-10-23 00:00:00+00:00,KZT,0.1798689999999999,RUB_per_KZT
2020-10-23,2020-10-23 00:00:00+00:00,USD,77.0809,RUB_per_USD
2020-10-24,2020-10-24 00:00:00+00:00,CNY,11.4662,RUB_per_CNY
2020-10-24,2020-10-24 00:00:00+00:00,KZT,0.178832,RUB_per_KZT
2020-10-24,2020-10-24 00:00:00+00:00,USD,76.4667,RUB_per_USD
2020-10-27,2020-10-27 00:00:00+00:00,CNY,11.411,RUB_per_CNY
2020-10-27,2020-10-27 00:00:00+00:00,KZT,0.177844,RUB_per_KZT
2020-10-27,2020-10-27 00:00:00+00:00,USD,76.4443,RUB_per_USD
2020-10-28,2020-10-28 00:00:00+00:00,CNY,11.3841,RUB_per_CNY
2020-10-28,2020-10-28 00:00:00+00:00,KZT,0.17787,RUB_per_KZT
2020-10-28,2020-10-28 00:00:00+00:00,USD,76.4556,RUB_per_USD
2020-10-29,2020-10-29 00:00:00+00:00,CNY,11.5515,RUB_per_CNY
2020-10-29,2020-10-29 00:00:00+00:00,KZT,0.1799599999999999,RUB_per_KZT
2020-10-29,2020-10-29 00:00:00+00:00,USD,77.552,RUB_per_USD
2020-10-30,2020-10-30 00:00:00+00:00,CNY,11.7523,RUB_per_CNY
2020-10-30,2020-10-30 00:00:00+00:00,KZT,0.182276,RUB_per_KZT
2020-10-30,2020-10-30 00:00:00+00:00,USD,78.8699,RUB_per_USD
2020-10-31,2020-10-31 00:00:00+00:00,CNY,11.8403,RUB_per_CNY
2020-10-31,2020-10-31 00:00:00+00:00,KZT,0.183154,RUB_per_KZT
2020-10-31,2020-10-31 00:00:00+00:00,USD,79.3323,RUB_per_USD
2020-11-03,2020-11-03 00:00:00+00:00,CNY,12.0259,RUB_per_CNY
2020-11-03,2020-11-03 00:00:00+00:00,KZT,0.184892,RUB_per_KZT
2020-11-03,2020-11-03 00:00:00+00:00,USD,80.5749,RUB_per_USD
2020-11-04,2020-11-04 00:00:00+00:00,CNY,11.9623,RUB_per_CNY
2020-11-04,2020-11-04 00:00:00+00:00,KZT,0.184591,RUB_per_KZT
2020-11-04,2020-11-04 00:00:00+00:00,USD,80.0006,RUB_per_USD
2020-11-06,2020-11-06 00:00:00+00:00,CNY,11.8146,RUB_per_CNY
2020-11-06,2020-11-06 00:00:00+00:00,KZT,0.18134,RUB_per_KZT
2020-11-06,2020-11-06 00:00:00+00:00,USD,78.4559,RUB_per_USD
2020-11-07,2020-11-07 00:00:00+00:00,CNY,11.6589,RUB_per_CNY
2020-11-07,2020-11-07 00:00:00+00:00,KZT,0.178491,RUB_per_KZT
2020-11-07,2020-11-07 00:00:00+00:00,USD,77.1875,RUB_per_USD
2020-11-10,2020-11-10 00:00:00+00:00,CNY,11.711,RUB_per_CNY
2020-11-10,2020-11-10 00:00:00+00:00,KZT,0.178587,RUB_per_KZT
2020-11-10,2020-11-10 00:00:00+00:00,USD,76.9515,RUB_per_USD
2020-11-11,2020-11-11 00:00:00+00:00,CNY,11.5689,RUB_per_CNY
2020-11-11,2020-11-11 00:00:00+00:00,KZT,0.178067,RUB_per_KZT
2020-11-11,2020-11-11 00:00:00+00:00,USD,76.3978,RUB_per_USD
2020-11-12,2020-11-12 00:00:00+00:00,CNY,11.5124,RUB_per_CNY
2020-11-12,2020-11-12 00:00:00+00:00,KZT,0.178351,RUB_per_KZT
2020-11-12,2020-11-12 00:00:00+00:00,USD,76.2075,RUB_per_USD
2020-11-13,2020-11-13 00:00:00+00:00,CNY,11.6307,RUB_per_CNY
2020-11-13,2020-11-13 00:00:00+00:00,KZT,0.179612,RUB_per_KZT
2020-11-13,2020-11-13 00:00:00+00:00,USD,77.1148,RUB_per_USD
2020-11-14,2020-11-14 00:00:00+00:00,CNY,11.6893,RUB_per_CNY
2020-11-14,2020-11-14 00:00:00+00:00,KZT,0.179749,RUB_per_KZT
2020-11-14,2020-11-14 00:00:00+00:00,USD,77.3262,RUB_per_USD
2020-11-17,2020-11-17 00:00:00+00:00,CNY,11.6937,RUB_per_CNY
2020-11-17,2020-11-17 00:00:00+00:00,KZT,0.179116,RUB_per_KZT
2020-11-17,2020-11-17 00:00:00+00:00,USD,76.9197,RUB_per_USD
2020-11-18,2020-11-18 00:00:00+00:00,CNY,11.6269,RUB_per_CNY
2020-11-18,2020-11-18 00:00:00+00:00,KZT,0.177874,RUB_per_KZT
2020-11-18,2020-11-18 00:00:00+00:00,USD,76.253,RUB_per_USD
2020-11-19,2020-11-19 00:00:00+00:00,CNY,11.6037,RUB_per_CNY
2020-11-19,2020-11-19 00:00:00+00:00,KZT,0.1775069999999999,RUB_per_KZT
2020-11-19,2020-11-19 00:00:00+00:00,USD,75.9268,RUB_per_USD
2020-11-20,2020-11-20 00:00:00+00:00,CNY,11.5807,RUB_per_CNY
2020-11-20,2020-11-20 00:00:00+00:00,KZT,0.1780219999999999,RUB_per_KZT
2020-11-20,2020-11-20 00:00:00+00:00,USD,76.2627,RUB_per_USD
2020-11-21,2020-11-21 00:00:00+00:00,CNY,11.566,RUB_per_CNY
2020-11-21,2020-11-21 00:00:00+00:00,KZT,0.177499,RUB_per_KZT
2020-11-21,2020-11-21 00:00:00+00:00,USD,76.012,RUB_per_USD
2020-11-24,2020-11-24 00:00:00+00:00,CNY,11.5326,RUB_per_CNY
2020-11-24,2020-11-24 00:00:00+00:00,KZT,0.178242,RUB_per_KZT
2020-11-24,2020-11-24 00:00:00+00:00,USD,75.76,RUB_per_USD
2020-11-25,2020-11-25 00:00:00+00:00,CNY,11.5257,RUB_per_CNY
2020-11-25,2020-11-25 00:00:00+00:00,KZT,0.17856,RUB_per_KZT
2020-11-25,2020-11-25 00:00:00+00:00,USD,75.8146,RUB_per_USD
2020-11-26,2020-11-26 00:00:00+00:00,CNY,11.4714,RUB_per_CNY
2020-11-26,2020-11-26 00:00:00+00:00,KZT,0.178427,RUB_per_KZT
2020-11-26,2020-11-26 00:00:00+00:00,USD,75.4727,RUB_per_USD
2020-11-27,2020-11-27 00:00:00+00:00,CNY,11.4803,RUB_per_CNY
2020-11-27,2020-11-27 00:00:00+00:00,KZT,0.1783139999999999,RUB_per_KZT
2020-11-27,2020-11-27 00:00:00+00:00,USD,75.4518,RUB_per_USD
2020-11-28,2020-11-28 00:00:00+00:00,CNY,11.5245,RUB_per_CNY
2020-11-28,2020-11-28 00:00:00+00:00,KZT,0.178898,RUB_per_KZT
2020-11-28,2020-11-28 00:00:00+00:00,USD,75.8599,RUB_per_USD
2020-12-01,2020-12-01 00:00:00+00:00,CNY,11.5754,RUB_per_CNY
2020-12-01,2020-12-01 00:00:00+00:00,KZT,0.179066,RUB_per_KZT
2020-12-01,2020-12-01 00:00:00+00:00,USD,76.1999,RUB_per_USD
2020-12-02,2020-12-02 00:00:00+00:00,CNY,11.6138,RUB_per_CNY
2020-12-02,2020-12-02 00:00:00+00:00,KZT,0.179286,RUB_per_KZT
2020-12-02,2020-12-02 00:00:00+00:00,USD,76.3203,RUB_per_USD
2020-12-03,2020-12-03 00:00:00+00:00,CNY,11.513,RUB_per_CNY
2020-12-03,2020-12-03 00:00:00+00:00,KZT,0.177755,RUB_per_KZT
2020-12-03,2020-12-03 00:00:00+00:00,USD,75.6151,RUB_per_USD
2020-12-04,2020-12-04 00:00:00+00:00,CNY,11.4651,RUB_per_CNY
2020-12-04,2020-12-04 00:00:00+00:00,KZT,0.177802,RUB_per_KZT
2020-12-04,2020-12-04 00:00:00+00:00,USD,75.1996,RUB_per_USD
2020-12-05,2020-12-05 00:00:00+00:00,CNY,11.3698,RUB_per_CNY
2020-12-05,2020-12-05 00:00:00+00:00,KZT,0.176335,RUB_per_KZT
2020-12-05,2020-12-05 00:00:00+00:00,USD,74.2529,RUB_per_USD
2020-12-08,2020-12-08 00:00:00+00:00,CNY,11.3566,RUB_per_CNY
2020-12-08,2020-12-08 00:00:00+00:00,KZT,0.1759949999999999,RUB_per_KZT
2020-12-08,2020-12-08 00:00:00+00:00,USD,74.2506,RUB_per_USD
2020-12-09,2020-12-09 00:00:00+00:00,CNY,11.2752,RUB_per_CNY
2020-12-09,2020-12-09 00:00:00+00:00,KZT,0.1749309999999999,RUB_per_KZT
2020-12-09,2020-12-09 00:00:00+00:00,USD,73.6618,RUB_per_USD
2020-12-10,2020-12-10 00:00:00+00:00,CNY,11.2126,RUB_per_CNY
2020-12-10,2020-12-10 00:00:00+00:00,KZT,0.174521,RUB_per_KZT
2020-12-10,2020-12-10 00:00:00+00:00,USD,73.3057,RUB_per_USD
2020-12-11,2020-12-11 00:00:00+00:00,CNY,11.2578,RUB_per_CNY
2020-12-11,2020-12-11 00:00:00+00:00,KZT,0.175322,RUB_per_KZT
2020-12-11,2020-12-11 00:00:00+00:00,USD,73.7124,RUB_per_USD
2020-12-12,2020-12-12 00:00:00+00:00,CNY,11.1778,RUB_per_CNY
2020-12-12,2020-12-12 00:00:00+00:00,KZT,0.174472,RUB_per_KZT
2020-12-12,2020-12-12 00:00:00+00:00,USD,73.1195,RUB_per_USD
2020-12-15,2020-12-15 00:00:00+00:00,CNY,11.1557,RUB_per_CNY
2020-12-15,2020-12-15 00:00:00+00:00,KZT,0.174209,RUB_per_KZT
2020-12-15,2020-12-15 00:00:00+00:00,USD,72.9272,RUB_per_USD
2020-12-16,2020-12-16 00:00:00+00:00,CNY,11.2219,RUB_per_CNY
2020-12-16,2020-12-16 00:00:00+00:00,KZT,0.174832,RUB_per_KZT
2020-12-16,2020-12-16 00:00:00+00:00,USD,73.4453,RUB_per_USD
2020-12-17,2020-12-17 00:00:00+00:00,CNY,11.231,RUB_per_CNY
2020-12-17,2020-12-17 00:00:00+00:00,KZT,0.174918,RUB_per_KZT
2020-12-17,2020-12-17 00:00:00+00:00,USD,73.4201,RUB_per_USD
2020-12-18,2020-12-18 00:00:00+00:00,CNY,11.1693,RUB_per_CNY
2020-12-18,2020-12-18 00:00:00+00:00,KZT,0.173865,RUB_per_KZT
2020-12-18,2020-12-18 00:00:00+00:00,USD,72.9781,RUB_per_USD
2020-12-19,2020-12-19 00:00:00+00:00,CNY,11.2069,RUB_per_CNY
2020-12-19,2020-12-19 00:00:00+00:00,KZT,0.174669,RUB_per_KZT
2020-12-19,2020-12-19 00:00:00+00:00,USD,73.3155,RUB_per_USD
2020-12-22,2020-12-22 00:00:00+00:00,CNY,11.4015,RUB_per_CNY
2020-12-22,2020-12-22 00:00:00+00:00,KZT,0.1776259999999999,RUB_per_KZT
2020-12-22,2020-12-22 00:00:00+00:00,USD,74.6721,RUB_per_USD
2020-12-23,2020-12-23 00:00:00+00:00,CNY,11.5075,RUB_per_CNY
2020-12-23,2020-12-23 00:00:00+00:00,KZT,0.179089,RUB_per_KZT
2020-12-23,2020-12-23 00:00:00+00:00,USD,75.3498,RUB_per_USD
2020-12-24,2020-12-24 00:00:00+00:00,CNY,11.541,RUB_per_CNY
2020-12-24,2020-12-24 00:00:00+00:00,KZT,0.179088,RUB_per_KZT
2020-12-24,2020-12-24 00:00:00+00:00,USD,75.4571,RUB_per_USD
2020-12-25,2020-12-25 00:00:00+00:00,CNY,11.4582,RUB_per_CNY
2020-12-25,2020-12-25 00:00:00+00:00,KZT,0.178341,RUB_per_KZT
2020-12-25,2020-12-25 00:00:00+00:00,USD,74.8392,RUB_per_USD
2020-12-26,2020-12-26 00:00:00+00:00,CNY,11.2973,RUB_per_CNY
2020-12-26,2020-12-26 00:00:00+00:00,KZT,0.1756289999999999,RUB_per_KZT
2020-12-26,2020-12-26 00:00:00+00:00,USD,73.6921,RUB_per_USD
2020-12-29,2020-12-29 00:00:00+00:00,CNY,11.2742,RUB_per_CNY
2020-12-29,2020-12-29 00:00:00+00:00,KZT,0.175397,RUB_per_KZT
2020-12-29,2020-12-29 00:00:00+00:00,USD,73.7175,RUB_per_USD
2020-12-30,2020-12-30 00:00:00+00:00,CNY,11.2787,RUB_per_CNY
2020-12-30,2020-12-30 00:00:00+00:00,KZT,0.175148,RUB_per_KZT
2020-12-30,2020-12-30 00:00:00+00:00,USD,73.6567,RUB_per_USD
2020-12-31,2020-12-31 00:00:00+00:00,CNY,11.3119,RUB_per_CNY
2020-12-31,2020-12-31 00:00:00+00:00,KZT,0.175481,RUB_per_KZT
2020-12-31,2020-12-31 00:00:00+00:00,USD,73.8757,RUB_per_USD
2021-01-01,2021-01-01 00:00:00+00:00,CNY,11.2956,RUB_per_CNY
2021-01-01,2021-01-01 00:00:00+00:00,KZT,0.175252,RUB_per_KZT
2021-01-01,2021-01-01 00:00:00+00:00,USD,73.8757,RUB_per_USD
2021-01-12,2021-01-12 00:00:00+00:00,CNY,11.5082,RUB_per_CNY
2021-01-12,2021-01-12 00:00:00+00:00,KZT,0.1775069999999999,RUB_per_KZT
2021-01-12,2021-01-12 00:00:00+00:00,USD,74.5157,RUB_per_USD
2021-01-13,2021-01-13 00:00:00+00:00,CNY,11.483,RUB_per_CNY
2021-01-13,2021-01-13 00:00:00+00:00,KZT,0.176535,RUB_per_KZT
2021-01-13,2021-01-13 00:00:00+00:00,USD,74.2663,RUB_per_USD
2021-01-14,2021-01-14 00:00:00+00:00,CNY,11.3728,RUB_per_CNY
2021-01-14,2021-01-14 00:00:00+00:00,KZT,0.175443,RUB_per_KZT
2021-01-14,2021-01-14 00:00:00+00:00,USD,73.5264,RUB_per_USD
2021-01-15,2021-01-15 00:00:00+00:00,CNY,11.4089,RUB_per_CNY
2021-01-15,2021-01-15 00:00:00+00:00,KZT,0.1756879999999999,RUB_per_KZT
2021-01-15,2021-01-15 00:00:00+00:00,USD,73.7961,RUB_per_USD
2021-01-16,2021-01-16 00:00:00+00:00,CNY,11.3569,RUB_per_CNY
2021-01-16,2021-01-16 00:00:00+00:00,KZT,0.175321,RUB_per_KZT
2021-01-16,2021-01-16 00:00:00+00:00,USD,73.5453,RUB_per_USD
2021-01-19,2021-01-19 00:00:00+00:00,CNY,11.3907,RUB_per_CNY
2021-01-19,2021-01-19 00:00:00+00:00,KZT,0.175839,RUB_per_KZT
2021-01-19,2021-01-19 00:00:00+00:00,USD,73.9735,RUB_per_USD
2021-01-20,2021-01-20 00:00:00+00:00,CNY,11.3628,RUB_per_CNY
2021-01-20,2021-01-20 00:00:00+00:00,KZT,0.1755799999999999,RUB_per_KZT
2021-01-20,2021-01-20 00:00:00+00:00,USD,73.7243,RUB_per_USD
2021-01-21,2021-01-21 00:00:00+00:00,CNY,11.3416,RUB_per_CNY
2021-01-21,2021-01-21 00:00:00+00:00,KZT,0.175272,RUB_per_KZT
2021-01-21,2021-01-21 00:00:00+00:00,USD,73.355,RUB_per_USD
2021-01-22,2021-01-22 00:00:00+00:00,CNY,11.3496,RUB_per_CNY
2021-01-22,2021-01-22 00:00:00+00:00,KZT,0.175298,RUB_per_KZT
2021-01-22,2021-01-22 00:00:00+00:00,USD,73.3694,RUB_per_USD
2021-01-23,2021-01-23 00:00:00+00:00,CNY,11.4789,RUB_per_CNY
2021-01-23,2021-01-23 00:00:00+00:00,KZT,0.176929,RUB_per_KZT
2021-01-23,2021-01-23 00:00:00+00:00,USD,74.3615,RUB_per_USD
2021-01-26,2021-01-26 00:00:00+00:00,CNY,11.5575,RUB_per_CNY
2021-01-26,2021-01-26 00:00:00+00:00,KZT,0.177938,RUB_per_KZT
2021-01-26,2021-01-26 00:00:00+00:00,USD,74.8569,RUB_per_USD
2021-01-27,2021-01-27 00:00:00+00:00,CNY,11.6797,RUB_per_CNY
2021-01-27,2021-01-27 00:00:00+00:00,KZT,0.178981,RUB_per_KZT
2021-01-27,2021-01-27 00:00:00+00:00,USD,75.6354,RUB_per_USD
2021-01-28,2021-01-28 00:00:00+00:00,CNY,11.6044,RUB_per_CNY
2021-01-28,2021-01-28 00:00:00+00:00,KZT,0.177866,RUB_per_KZT
2021-01-28,2021-01-28 00:00:00+00:00,USD,75.04,RUB_per_USD
2021-01-29,2021-01-29 00:00:00+00:00,CNY,11.7637,RUB_per_CNY
2021-01-29,2021-01-29 00:00:00+00:00,KZT,0.179602,RUB_per_KZT
2021-01-29,2021-01-29 00:00:00+00:00,USD,76.1854,RUB_per_USD
2021-01-30,2021-01-30 00:00:00+00:00,CNY,11.8024,RUB_per_CNY
2021-01-30,2021-01-30 00:00:00+00:00,KZT,0.179782,RUB_per_KZT
2021-01-30,2021-01-30 00:00:00+00:00,USD,76.2527,RUB_per_USD
2021-02-02,2021-02-02 00:00:00+00:00,CNY,11.6787,RUB_per_CNY
2021-02-02,2021-02-02 00:00:00+00:00,KZT,0.178083,RUB_per_KZT
2021-02-02,2021-02-02 00:00:00+00:00,USD,75.5053,RUB_per_USD
2021-02-03,2021-02-03 00:00:00+00:00,CNY,11.7498,RUB_per_CNY
2021-02-03,2021-02-03 00:00:00+00:00,KZT,0.1791229999999999,RUB_per_KZT
2021-02-03,2021-02-03 00:00:00+00:00,USD,75.9051,RUB_per_USD
2021-02-04,2021-02-04 00:00:00+00:00,CNY,11.7813,RUB_per_CNY
2021-02-04,2021-02-04 00:00:00+00:00,KZT,0.179587,RUB_per_KZT
2021-02-04,2021-02-04 00:00:00+00:00,USD,76.0801,RUB_per_USD
2021-02-05,2021-02-05 00:00:00+00:00,CNY,11.7165,RUB_per_CNY
2021-02-05,2021-02-05 00:00:00+00:00,KZT,0.179521,RUB_per_KZT
2021-02-05,2021-02-05 00:00:00+00:00,USD,75.7293,RUB_per_USD
2021-02-06,2021-02-06 00:00:00+00:00,CNY,11.5919,RUB_per_CNY
2021-02-06,2021-02-06 00:00:00+00:00,KZT,0.178754,RUB_per_KZT
2021-02-06,2021-02-06 00:00:00+00:00,USD,75.1107,RUB_per_USD
2021-02-09,2021-02-09 00:00:00+00:00,CNY,11.4981,RUB_per_CNY
2021-02-09,2021-02-09 00:00:00+00:00,KZT,0.177342,RUB_per_KZT
2021-02-09,2021-02-09 00:00:00+00:00,USD,74.2602,RUB_per_USD
2021-02-10,2021-02-10 00:00:00+00:00,CNY,11.4935,RUB_per_CNY
2021-02-10,2021-02-10 00:00:00+00:00,KZT,0.177153,RUB_per_KZT
2021-02-10,2021-02-10 00:00:00+00:00,USD,74.1192,RUB_per_USD
2021-02-11,2021-02-11 00:00:00+00:00,CNY,11.4712,RUB_per_CNY
2021-02-11,2021-02-11 00:00:00+00:00,KZT,0.176833,RUB_per_KZT
2021-02-11,2021-02-11 00:00:00+00:00,USD,73.8526,RUB_per_USD
2021-02-12,2021-02-12 00:00:00+00:00,CNY,11.4208,RUB_per_CNY
2021-02-12,2021-02-12 00:00:00+00:00,KZT,0.176564,RUB_per_KZT
2021-02-12,2021-02-12 00:00:00+00:00,USD,73.7579,RUB_per_USD
2021-02-13,2021-02-13 00:00:00+00:00,CNY,11.4487,RUB_per_CNY
2021-02-13,2021-02-13 00:00:00+00:00,KZT,0.176362,RUB_per_KZT
2021-02-13,2021-02-13 00:00:00+00:00,USD,73.9378,RUB_per_USD
2021-02-16,2021-02-16 00:00:00+00:00,CNY,11.3513,RUB_per_CNY
2021-02-16,2021-02-16 00:00:00+00:00,KZT,0.175806,RUB_per_KZT
2021-02-16,2021-02-16 00:00:00+00:00,USD,73.3092,RUB_per_USD
2021-02-17,2021-02-17 00:00:00+00:00,CNY,11.3483,RUB_per_CNY
2021-02-17,2021-02-17 00:00:00+00:00,KZT,0.1758849999999999,RUB_per_KZT
2021-02-17,2021-02-17 00:00:00+00:00,USD,73.2895,RUB_per_USD
2021-02-18,2021-02-18 00:00:00+00:00,CNY,11.4222,RUB_per_CNY
2021-02-18,2021-02-18 00:00:00+00:00,KZT,0.176924,RUB_per_KZT
2021-02-18,2021-02-18 00:00:00+00:00,USD,73.7669,RUB_per_USD
2021-02-19,2021-02-19 00:00:00+00:00,CNY,11.4004,RUB_per_CNY
2021-02-19,2021-02-19 00:00:00+00:00,KZT,0.1772429999999999,RUB_per_KZT
2021-02-19,2021-02-19 00:00:00+00:00,USD,73.7755,RUB_per_USD
2021-02-20,2021-02-20 00:00:00+00:00,CNY,11.4523,RUB_per_CNY
2021-02-20,2021-02-20 00:00:00+00:00,KZT,0.177034,RUB_per_KZT
2021-02-20,2021-02-20 00:00:00+00:00,USD,73.9717,RUB_per_USD
2021-02-21,2021-02-21 00:00:00+00:00,CNY,11.4566,RUB_per_CNY
2021-02-21,2021-02-21 00:00:00+00:00,KZT,0.177231,RUB_per_KZT
2021-02-21,2021-02-21 00:00:00+00:00,USD,73.9833,RUB_per_USD
2021-02-25,2021-02-25 00:00:00+00:00,CNY,11.4304,RUB_per_CNY
2021-02-25,2021-02-25 00:00:00+00:00,KZT,0.177468,RUB_per_KZT
2021-02-25,2021-02-25 00:00:00+00:00,USD,73.7532,RUB_per_USD
2021-02-26,2021-02-26 00:00:00+00:00,CNY,11.3911,RUB_per_CNY
2021-02-26,2021-02-26 00:00:00+00:00,KZT,0.177054,RUB_per_KZT
2021-02-26,2021-02-26 00:00:00+00:00,USD,73.4747,RUB_per_USD
2021-02-27,2021-02-27 00:00:00+00:00,CNY,11.5232,RUB_per_CNY
2021-02-27,2021-02-27 00:00:00+00:00,KZT,0.178255,RUB_per_KZT
2021-02-27,2021-02-27 00:00:00+00:00,USD,74.4373,RUB_per_USD
2021-03-02,2021-03-02 00:00:00+00:00,CNY,11.4599,RUB_per_CNY
2021-03-02,2021-03-02 00:00:00+00:00,KZT,0.1770179999999999,RUB_per_KZT
2021-03-02,2021-03-02 00:00:00+00:00,USD,74.0448,RUB_per_USD
2021-03-03,2021-03-03 00:00:00+00:00,CNY,11.5271,RUB_per_CNY
2021-03-03,2021-03-03 00:00:00+00:00,KZT,0.177122,RUB_per_KZT
2021-03-03,2021-03-03 00:00:00+00:00,USD,74.5755,RUB_per_USD
2021-03-04,2021-03-04 00:00:00+00:00,CNY,11.3771,RUB_per_CNY
2021-03-04,2021-03-04 00:00:00+00:00,KZT,0.1752159999999999,RUB_per_KZT
2021-03-04,2021-03-04 00:00:00+00:00,USD,73.5187,RUB_per_USD
2021-03-05,2021-03-05 00:00:00+00:00,CNY,11.4074,RUB_per_CNY
2021-03-05,2021-03-05 00:00:00+00:00,KZT,0.175854,RUB_per_KZT
2021-03-05,2021-03-05 00:00:00+00:00,USD,73.7864,RUB_per_USD
2021-03-06,2021-03-06 00:00:00+00:00,CNY,11.4909,RUB_per_CNY
2021-03-06,2021-03-06 00:00:00+00:00,KZT,0.1770649999999999,RUB_per_KZT
2021-03-06,2021-03-06 00:00:00+00:00,USD,74.4275,RUB_per_USD
2021-03-10,2021-03-10 00:00:00+00:00,CNY,11.3935,RUB_per_CNY
2021-03-10,2021-03-10 00:00:00+00:00,KZT,0.1769079999999999,RUB_per_KZT
2021-03-10,2021-03-10 00:00:00+00:00,USD,74.264,RUB_per_USD
2021-03-11,2021-03-11 00:00:00+00:00,CNY,11.3691,RUB_per_CNY
2021-03-11,2021-03-11 00:00:00+00:00,KZT,0.176016,RUB_per_KZT
2021-03-11,2021-03-11 00:00:00+00:00,USD,74.0393,RUB_per_USD
2021-03-12,2021-03-12 00:00:00+00:00,CNY,11.32,RUB_per_CNY
2021-03-12,2021-03-12 00:00:00+00:00,KZT,0.175375,RUB_per_KZT
2021-03-12,2021-03-12 00:00:00+00:00,USD,73.4996,RUB_per_USD
2021-03-13,2021-03-13 00:00:00+00:00,CNY,11.3015,RUB_per_CNY
2021-03-13,2021-03-13 00:00:00+00:00,KZT,0.175378,RUB_per_KZT
2021-03-13,2021-03-13 00:00:00+00:00,USD,73.5081,RUB_per_USD
2021-03-16,2021-03-16 00:00:00+00:00,CNY,11.2612,RUB_per_CNY
2021-03-16,2021-03-16 00:00:00+00:00,KZT,0.174756,RUB_per_KZT
2021-03-16,2021-03-16 00:00:00+00:00,USD,73.2317,RUB_per_USD
2021-03-17,2021-03-17 00:00:00+00:00,CNY,11.2253,RUB_per_CNY
2021-03-17,2021-03-17 00:00:00+00:00,KZT,0.174154,RUB_per_KZT
2021-03-17,2021-03-17 00:00:00+00:00,USD,72.9619,RUB_per_USD
2021-03-18,2021-03-18 00:00:00+00:00,CNY,11.2413,RUB_per_CNY
2021-03-18,2021-03-18 00:00:00+00:00,KZT,0.174543,RUB_per_KZT
2021-03-18,2021-03-18 00:00:00+00:00,USD,73.1019,RUB_per_USD
2021-03-19,2021-03-19 00:00:00+00:00,CNY,11.3282,RUB_per_CNY
2021-03-19,2021-03-19 00:00:00+00:00,KZT,0.175753,RUB_per_KZT
2021-03-19,2021-03-19 00:00:00+00:00,USD,73.6582,RUB_per_USD
2021-03-20,2021-03-20 00:00:00+00:00,CNY,11.3988,RUB_per_CNY
2021-03-20,2021-03-20 00:00:00+00:00,KZT,0.175998,RUB_per_KZT
2021-03-20,2021-03-20 00:00:00+00:00,USD,74.139,RUB_per_USD
2021-03-23,2021-03-23 00:00:00+00:00,CNY,11.4599,RUB_per_CNY
2021-03-23,2021-03-23 00:00:00+00:00,KZT,0.1772169999999999,RUB_per_KZT
2021-03-23,2021-03-23 00:00:00+00:00,USD,74.6085,RUB_per_USD
2021-03-24,2021-03-24 00:00:00+00:00,CNY,11.5756,RUB_per_CNY
2021-03-24,2021-03-24 00:00:00+00:00,KZT,0.178999,RUB_per_KZT
2021-03-24,2021-03-24 00:00:00+00:00,USD,75.3585,RUB_per_USD
2021-03-25,2021-03-25 00:00:00+00:00,CNY,11.6737,RUB_per_CNY
2021-03-25,2021-03-25 00:00:00+00:00,KZT,0.180887,RUB_per_KZT
2021-03-25,2021-03-25 00:00:00+00:00,USD,76.1535,RUB_per_USD
2021-03-26,2021-03-26 00:00:00+00:00,CNY,11.6578,RUB_per_CNY
2021-03-26,2021-03-26 00:00:00+00:00,KZT,0.179739,RUB_per_KZT
2021-03-26,2021-03-26 00:00:00+00:00,USD,76.1741,RUB_per_USD
2021-03-27,2021-03-27 00:00:00+00:00,CNY,11.583,RUB_per_CNY
2021-03-27,2021-03-27 00:00:00+00:00,KZT,0.178629,RUB_per_KZT
2021-03-27,2021-03-27 00:00:00+00:00,USD,75.7576,RUB_per_USD
2021-03-30,2021-03-30 00:00:00+00:00,CNY,11.5536,RUB_per_CNY
2021-03-30,2021-03-30 00:00:00+00:00,KZT,0.178776,RUB_per_KZT
2021-03-30,2021-03-30 00:00:00+00:00,USD,75.8287,RUB_per_USD
2021-03-31,2021-03-31 00:00:00+00:00,CNY,11.5268,RUB_per_CNY
2021-03-31,2021-03-31 00:00:00+00:00,KZT,0.1782679999999999,RUB_per_KZT
2021-03-31,2021-03-31 00:00:00+00:00,USD,75.7023,RUB_per_USD
2021-04-01,2021-04-01 00:00:00+00:00,CNY,11.5385,RUB_per_CNY
2021-04-01,2021-04-01 00:00:00+00:00,KZT,0.177801,RUB_per_KZT
2021-04-01,2021-04-01 00:00:00+00:00,USD,75.6373,RUB_per_USD
2021-04-02,2021-04-02 00:00:00+00:00,CNY,11.5328,RUB_per_CNY
2021-04-02,2021-04-02 00:00:00+00:00,KZT,0.177325,RUB_per_KZT
2021-04-02,2021-04-02 00:00:00+00:00,USD,75.8073,RUB_per_USD
2021-04-03,2021-04-03 00:00:00+00:00,CNY,11.595,RUB_per_CNY
2021-04-03,2021-04-03 00:00:00+00:00,KZT,0.1781769999999999,RUB_per_KZT
2021-04-03,2021-04-03 00:00:00+00:00,USD,76.0734,RUB_per_USD
2021-04-06,2021-04-06 00:00:00+00:00,CNY,11.665,RUB_per_CNY
2021-04-06,2021-04-06 00:00:00+00:00,KZT,0.178982,RUB_per_KZT
2021-04-06,2021-04-06 00:00:00+00:00,USD,76.6052,RUB_per_USD
2021-04-07,2021-04-07 00:00:00+00:00,CNY,11.6606,RUB_per_CNY
2021-04-07,2021-04-07 00:00:00+00:00,KZT,0.1778119999999999,RUB_per_KZT
2021-04-07,2021-04-07 00:00:00+00:00,USD,76.3802,RUB_per_USD
2021-04-08,2021-04-08 00:00:00+00:00,CNY,11.8814,RUB_per_CNY
2021-04-08,2021-04-08 00:00:00+00:00,KZT,0.179758,RUB_per_KZT
2021-04-08,2021-04-08 00:00:00+00:00,USD,77.773,RUB_per_USD
2021-04-09,2021-04-09 00:00:00+00:00,CNY,11.7728,RUB_per_CNY
2021-04-09,2021-04-09 00:00:00+00:00,KZT,0.177835,RUB_per_KZT
2021-04-09,2021-04-09 00:00:00+00:00,USD,77.1011,RUB_per_USD
2021-04-10,2021-04-10 00:00:00+00:00,CNY,11.7647,RUB_per_CNY
2021-04-10,2021-04-10 00:00:00+00:00,KZT,0.178025,RUB_per_KZT
2021-04-10,2021-04-10 00:00:00+00:00,USD,77.1657,RUB_per_USD
2021-04-13,2021-04-13 00:00:00+00:00,CNY,11.8308,RUB_per_CNY
2021-04-13,2021-04-13 00:00:00+00:00,KZT,0.178737,RUB_per_KZT
2021-04-13,2021-04-13 00:00:00+00:00,USD,77.5104,RUB_per_USD
2021-04-14,2021-04-14 00:00:00+00:00,CNY,11.7969,RUB_per_CNY
2021-04-14,2021-04-14 00:00:00+00:00,KZT,0.178166,RUB_per_KZT
2021-04-14,2021-04-14 00:00:00+00:00,USD,77.2535,RUB_per_USD
2021-04-15,2021-04-15 00:00:00+00:00,CNY,11.5832,RUB_per_CNY
2021-04-15,2021-04-15 00:00:00+00:00,KZT,0.1757379999999999,RUB_per_KZT
2021-04-15,2021-04-15 00:00:00+00:00,USD,75.6826,RUB_per_USD
2021-04-16,2021-04-16 00:00:00+00:00,CNY,11.7834,RUB_per_CNY
2021-04-16,2021-04-16 00:00:00+00:00,KZT,0.178318,RUB_per_KZT
2021-04-16,2021-04-16 00:00:00+00:00,USD,76.9808,RUB_per_USD
2021-04-17,2021-04-17 00:00:00+00:00,CNY,11.5833,RUB_per_CNY
2021-04-17,2021-04-17 00:00:00+00:00,KZT,0.175683,RUB_per_KZT
2021-04-17,2021-04-17 00:00:00+00:00,USD,75.5535,RUB_per_USD
2021-04-20,2021-04-20 00:00:00+00:00,CNY,11.7106,RUB_per_CNY
2021-04-20,2021-04-20 00:00:00+00:00,KZT,0.176828,RUB_per_KZT
2021-04-20,2021-04-20 00:00:00+00:00,USD,76.2491,RUB_per_USD
2021-04-21,2021-04-21 00:00:00+00:00,CNY,11.7023,RUB_per_CNY
2021-04-21,2021-04-21 00:00:00+00:00,KZT,0.176717,RUB_per_KZT
2021-04-21,2021-04-21 00:00:00+00:00,USD,76.0155,RUB_per_USD
2021-04-22,2021-04-22 00:00:00+00:00,CNY,11.8264,RUB_per_CNY
2021-04-22,2021-04-22 00:00:00+00:00,KZT,0.177616,RUB_per_KZT
2021-04-22,2021-04-22 00:00:00+00:00,USD,76.8198,RUB_per_USD
2021-04-23,2021-04-23 00:00:00+00:00,CNY,11.7764,RUB_per_CNY
2021-04-23,2021-04-23 00:00:00+00:00,KZT,0.176716,RUB_per_KZT
2021-04-23,2021-04-23 00:00:00+00:00,USD,76.4217,RUB_per_USD
2021-04-24,2021-04-24 00:00:00+00:00,CNY,11.5627,RUB_per_CNY
2021-04-24,2021-04-24 00:00:00+00:00,KZT,0.174361,RUB_per_KZT
2021-04-24,2021-04-24 00:00:00+00:00,USD,75.0893,RUB_per_USD
2021-04-27,2021-04-27 00:00:00+00:00,CNY,11.524,RUB_per_CNY
2021-04-27,2021-04-27 00:00:00+00:00,KZT,0.173816,RUB_per_KZT
2021-04-27,2021-04-27 00:00:00+00:00,USD,74.768,RUB_per_USD
2021-04-28,2021-04-28 00:00:00+00:00,CNY,11.5569,RUB_per_CNY
2021-04-28,2021-04-28 00:00:00+00:00,KZT,0.174521,RUB_per_KZT
2021-04-28,2021-04-28 00:00:00+00:00,USD,74.9578,RUB_per_USD
2021-04-29,2021-04-29 00:00:00+00:00,CNY,11.5559,RUB_per_CNY
2021-04-29,2021-04-29 00:00:00+00:00,KZT,0.174417,RUB_per_KZT
2021-04-29,2021-04-29 00:00:00+00:00,USD,74.939,RUB_per_USD
2021-04-30,2021-04-30 00:00:00+00:00,CNY,11.5036,RUB_per_CNY
2021-04-30,2021-04-30 00:00:00+00:00,KZT,0.173809,RUB_per_KZT
2021-04-30,2021-04-30 00:00:00+00:00,USD,74.3823,RUB_per_USD
2021-05-01,2021-05-01 00:00:00+00:00,CNY,11.5657,RUB_per_CNY
2021-05-01,2021-05-01 00:00:00+00:00,KZT,0.174178,RUB_per_KZT
2021-05-01,2021-05-01 00:00:00+00:00,USD,74.8451,RUB_per_USD
2021-05-05,2021-05-05 00:00:00+00:00,CNY,11.6253,RUB_per_CNY
2021-05-05,2021-05-05 00:00:00+00:00,KZT,0.1754619999999999,RUB_per_KZT
2021-05-05,2021-05-05 00:00:00+00:00,USD,75.2567,RUB_per_USD
2021-05-06,2021-05-06 00:00:00+00:00,CNY,11.5643,RUB_per_CNY
2021-05-06,2021-05-06 00:00:00+00:00,KZT,0.175421,RUB_per_KZT
2021-05-06,2021-05-06 00:00:00+00:00,USD,74.8617,RUB_per_USD
2021-05-07,2021-05-07 00:00:00+00:00,CNY,11.5196,RUB_per_CNY
2021-05-07,2021-05-07 00:00:00+00:00,KZT,0.174836,RUB_per_KZT
2021-05-07,2021-05-07 00:00:00+00:00,USD,74.577,RUB_per_USD
2021-05-08,2021-05-08 00:00:00+00:00,CNY,11.478,RUB_per_CNY
2021-05-08,2021-05-08 00:00:00+00:00,KZT,0.173784,RUB_per_KZT
2021-05-08,2021-05-08 00:00:00+00:00,USD,74.1373,RUB_per_USD
2021-05-12,2021-05-12 00:00:00+00:00,CNY,11.5381,RUB_per_CNY
2021-05-12,2021-05-12 00:00:00+00:00,KZT,0.1735249999999999,RUB_per_KZT
2021-05-12,2021-05-12 00:00:00+00:00,USD,74.1567,RUB_per_USD
2021-05-13,2021-05-13 00:00:00+00:00,CNY,11.4933,RUB_per_CNY
2021-05-13,2021-05-13 00:00:00+00:00,KZT,0.1737399999999999,RUB_per_KZT
2021-05-13,2021-05-13 00:00:00+00:00,USD,74.04,RUB_per_USD
2021-05-14,2021-05-14 00:00:00+00:00,CNY,11.5198,RUB_per_CNY
2021-05-14,2021-05-14 00:00:00+00:00,KZT,0.173708,RUB_per_KZT
2021-05-14,2021-05-14 00:00:00+00:00,USD,74.3566,RUB_per_USD
2021-05-15,2021-05-15 00:00:00+00:00,CNY,11.4989,RUB_per_CNY
2021-05-15,2021-05-15 00:00:00+00:00,KZT,0.172626,RUB_per_KZT
2021-05-15,2021-05-15 00:00:00+00:00,USD,73.9968,RUB_per_USD
2021-05-18,2021-05-18 00:00:00+00:00,CNY,11.4639,RUB_per_CNY
2021-05-18,2021-05-18 00:00:00+00:00,KZT,0.172614,RUB_per_KZT
2021-05-18,2021-05-18 00:00:00+00:00,USD,73.8537,RUB_per_USD
2021-05-19,2021-05-19 00:00:00+00:00,CNY,11.4714,RUB_per_CNY
2021-05-19,2021-05-19 00:00:00+00:00,KZT,0.173001,RUB_per_KZT
2021-05-19,2021-05-19 00:00:00+00:00,USD,73.6992,RUB_per_USD
2021-05-20,2021-05-20 00:00:00+00:00,CNY,11.4449,RUB_per_CNY
2021-05-20,2021-05-20 00:00:00+00:00,KZT,0.172162,RUB_per_KZT
2021-05-20,2021-05-20 00:00:00+00:00,USD,73.6778,RUB_per_USD
2021-05-21,2021-05-21 00:00:00+00:00,CNY,11.4356,RUB_per_CNY
2021-05-21,2021-05-21 00:00:00+00:00,KZT,0.171581,RUB_per_KZT
2021-05-21,2021-05-21 00:00:00+00:00,USD,73.6007,RUB_per_USD
2021-05-22,2021-05-22 00:00:00+00:00,CNY,11.4358,RUB_per_CNY
2021-05-22,2021-05-22 00:00:00+00:00,KZT,0.171534,RUB_per_KZT
2021-05-22,2021-05-22 00:00:00+00:00,USD,73.5803,RUB_per_USD
2021-05-25,2021-05-25 00:00:00+00:00,CNY,11.4353,RUB_per_CNY
2021-05-25,2021-05-25 00:00:00+00:00,KZT,0.171809,RUB_per_KZT
2021-05-25,2021-05-25 00:00:00+00:00,USD,73.5266,RUB_per_USD
2021-05-26,2021-05-26 00:00:00+00:00,CNY,11.453,RUB_per_CNY
2021-05-26,2021-05-26 00:00:00+00:00,KZT,0.171967,RUB_per_KZT
2021-05-26,2021-05-26 00:00:00+00:00,USD,73.3963,RUB_per_USD
2021-05-27,2021-05-27 00:00:00+00:00,CNY,11.4882,RUB_per_CNY
2021-05-27,2021-05-27 00:00:00+00:00,KZT,0.171746,RUB_per_KZT
2021-05-27,2021-05-27 00:00:00+00:00,USD,73.4737,RUB_per_USD
2021-05-28,2021-05-28 00:00:00+00:00,CNY,11.5208,RUB_per_CNY
2021-05-28,2021-05-28 00:00:00+00:00,KZT,0.171289,RUB_per_KZT
2021-05-28,2021-05-28 00:00:00+00:00,USD,73.458,RUB_per_USD
2021-05-29,2021-05-29 00:00:00+00:00,CNY,11.5594,RUB_per_CNY
2021-05-29,2021-05-29 00:00:00+00:00,KZT,0.17167,RUB_per_KZT
2021-05-29,2021-05-29 00:00:00+00:00,USD,73.587,RUB_per_USD
2021-06-01,2021-06-01 00:00:00+00:00,CNY,11.5219,RUB_per_CNY
2021-06-01,2021-06-01 00:00:00+00:00,KZT,0.170912,RUB_per_KZT
2021-06-01,2021-06-01 00:00:00+00:00,USD,73.2965,RUB_per_USD
2021-06-02,2021-06-02 00:00:00+00:00,CNY,11.4865,RUB_per_CNY
2021-06-02,2021-06-02 00:00:00+00:00,KZT,0.1712419999999999,RUB_per_KZT
2021-06-02,2021-06-02 00:00:00+00:00,USD,73.2411,RUB_per_USD
2021-06-03,2021-06-03 00:00:00+00:00,CNY,11.5074,RUB_per_CNY
2021-06-03,2021-06-03 00:00:00+00:00,KZT,0.171562,RUB_per_KZT
2021-06-03,2021-06-03 00:00:00+00:00,USD,73.4979,RUB_per_USD
2021-06-04,2021-06-04 00:00:00+00:00,CNY,11.4589,RUB_per_CNY
2021-06-04,2021-06-04 00:00:00+00:00,KZT,0.1710549999999999,RUB_per_KZT
2021-06-04,2021-06-04 00:00:00+00:00,USD,73.2636,RUB_per_USD
2021-06-05,2021-06-05 00:00:00+00:00,CNY,11.4318,RUB_per_CNY
2021-06-05,2021-06-05 00:00:00+00:00,KZT,0.171039,RUB_per_KZT
2021-06-05,2021-06-05 00:00:00+00:00,USD,73.2721,RUB_per_USD
2021-06-08,2021-06-08 00:00:00+00:00,CNY,11.4018,RUB_per_CNY
2021-06-08,2021-06-08 00:00:00+00:00,KZT,0.1707969999999999,RUB_per_KZT
2021-06-08,2021-06-08 00:00:00+00:00,USD,72.9294,RUB_per_USD
2021-06-09,2021-06-09 00:00:00+00:00,CNY,11.3831,RUB_per_CNY
2021-06-09,2021-06-09 00:00:00+00:00,KZT,0.170175,RUB_per_KZT
2021-06-09,2021-06-09 00:00:00+00:00,USD,72.8256,RUB_per_USD
2021-06-10,2021-06-10 00:00:00+00:00,CNY,11.2779,RUB_per_CNY
2021-06-10,2021-06-10 00:00:00+00:00,KZT,0.168814,RUB_per_KZT
2021-06-10,2021-06-10 00:00:00+00:00,USD,72.0829,RUB_per_USD
2021-06-11,2021-06-11 00:00:00+00:00,CNY,11.2976,RUB_per_CNY
2021-06-11,2021-06-11 00:00:00+00:00,KZT,0.168845,RUB_per_KZT
2021-06-11,2021-06-11 00:00:00+00:00,USD,72.1974,RUB_per_USD
2021-06-12,2021-06-12 00:00:00+00:00,CNY,11.2159,RUB_per_CNY
2021-06-12,2021-06-12 00:00:00+00:00,KZT,0.167784,RUB_per_KZT
2021-06-12,2021-06-12 00:00:00+00:00,USD,71.6797,RUB_per_USD
2021-06-16,2021-06-16 00:00:00+00:00,CNY,11.2192,RUB_per_CNY
2021-06-16,2021-06-16 00:00:00+00:00,KZT,0.168305,RUB_per_KZT
2021-06-16,2021-06-16 00:00:00+00:00,USD,71.8318,RUB_per_USD
2021-06-17,2021-06-17 00:00:00+00:00,CNY,11.2589,RUB_per_CNY
2021-06-17,2021-06-17 00:00:00+00:00,KZT,0.169052,RUB_per_KZT
2021-06-17,2021-06-17 00:00:00+00:00,USD,72.0323,RUB_per_USD
2021-06-18,2021-06-18 00:00:00+00:00,CNY,11.279,RUB_per_CNY
2021-06-18,2021-06-18 00:00:00+00:00,KZT,0.169505,RUB_per_KZT
2021-06-18,2021-06-18 00:00:00+00:00,USD,72.5048,RUB_per_USD
2021-06-19,2021-06-19 00:00:00+00:00,CNY,11.2126,RUB_per_CNY
2021-06-19,2021-06-19 00:00:00+00:00,KZT,0.1685269999999999,RUB_per_KZT
2021-06-19,2021-06-19 00:00:00+00:00,USD,72.2216,RUB_per_USD
2021-06-22,2021-06-22 00:00:00+00:00,CNY,11.313,RUB_per_CNY
2021-06-22,2021-06-22 00:00:00+00:00,KZT,0.1710269999999999,RUB_per_KZT
2021-06-22,2021-06-22 00:00:00+00:00,USD,73.1987,RUB_per_USD
2021-06-23,2021-06-23 00:00:00+00:00,CNY,11.3024,RUB_per_CNY
2021-06-23,2021-06-23 00:00:00+00:00,KZT,0.171311,RUB_per_KZT
2021-06-23,2021-06-23 00:00:00+00:00,USD,73.1661,RUB_per_USD
2021-06-24,2021-06-24 00:00:00+00:00,CNY,11.2134,RUB_per_CNY
2021-06-24,2021-06-24 00:00:00+00:00,KZT,0.170003,RUB_per_KZT
2021-06-24,2021-06-24 00:00:00+00:00,USD,72.6671,RUB_per_USD
2021-06-25,2021-06-25 00:00:00+00:00,CNY,11.1733,RUB_per_CNY
2021-06-25,2021-06-25 00:00:00+00:00,KZT,0.168673,RUB_per_KZT
2021-06-25,2021-06-25 00:00:00+00:00,USD,72.326,RUB_per_USD
2021-06-26,2021-06-26 00:00:00+00:00,CNY,11.1806,RUB_per_CNY
2021-06-26,2021-06-26 00:00:00+00:00,KZT,0.16876,RUB_per_KZT
2021-06-26,2021-06-26 00:00:00+00:00,USD,72.1694,RUB_per_USD
2021-06-29,2021-06-29 00:00:00+00:00,CNY,11.1786,RUB_per_CNY
2021-06-29,2021-06-29 00:00:00+00:00,KZT,0.169266,RUB_per_KZT
2021-06-29,2021-06-29 00:00:00+00:00,USD,72.1777,RUB_per_USD
2021-06-30,2021-06-30 00:00:00+00:00,CNY,11.207,RUB_per_CNY
2021-06-30,2021-06-30 00:00:00+00:00,KZT,0.168899,RUB_per_KZT
2021-06-30,2021-06-30 00:00:00+00:00,USD,72.3723,RUB_per_USD
2021-07-01,2021-07-01 00:00:00+00:00,CNY,11.2545,RUB_per_CNY
2021-07-01,2021-07-01 00:00:00+00:00,KZT,0.1697779999999999,RUB_per_KZT
2021-07-01,2021-07-01 00:00:00+00:00,USD,72.7234,RUB_per_USD
2021-07-02,2021-07-02 00:00:00+00:00,CNY,11.2787,RUB_per_CNY
2021-07-02,2021-07-02 00:00:00+00:00,KZT,0.170648,RUB_per_KZT
2021-07-02,2021-07-02 00:00:00+00:00,USD,72.9086,RUB_per_USD
2021-07-03,2021-07-03 00:00:00+00:00,CNY,11.3567,RUB_per_CNY
2021-07-03,2021-07-03 00:00:00+00:00,KZT,0.1722469999999999,RUB_per_KZT
2021-07-03,2021-07-03 00:00:00+00:00,USD,73.6175,RUB_per_USD
2021-07-06,2021-07-06 00:00:00+00:00,CNY,11.3535,RUB_per_CNY
2021-07-06,2021-07-06 00:00:00+00:00,KZT,0.172029,RUB_per_KZT
2021-07-06,2021-07-06 00:00:00+00:00,USD,73.354,RUB_per_USD
2021-07-07,2021-07-07 00:00:00+00:00,CNY,11.3362,RUB_per_CNY
2021-07-07,2021-07-07 00:00:00+00:00,KZT,0.171823,RUB_per_KZT
2021-07-07,2021-07-07 00:00:00+00:00,USD,73.266,RUB_per_USD
2021-07-08,2021-07-08 00:00:00+00:00,CNY,11.4575,RUB_per_CNY
2021-07-08,2021-07-08 00:00:00+00:00,KZT,0.1729139999999999,RUB_per_KZT
2021-07-08,2021-07-08 00:00:00+00:00,USD,74.058,RUB_per_USD
2021-07-09,2021-07-09 00:00:00+00:00,CNY,11.6019,RUB_per_CNY
2021-07-09,2021-07-09 00:00:00+00:00,KZT,0.1745499999999999,RUB_per_KZT
2021-07-09,2021-07-09 00:00:00+00:00,USD,75.1952,RUB_per_USD
2021-07-10,2021-07-10 00:00:00+00:00,CNY,11.483,RUB_per_CNY
2021-07-10,2021-07-10 00:00:00+00:00,KZT,0.173424,RUB_per_KZT
2021-07-10,2021-07-10 00:00:00+00:00,USD,74.4675,RUB_per_USD
2021-07-13,2021-07-13 00:00:00+00:00,CNY,11.5307,RUB_per_CNY
2021-07-13,2021-07-13 00:00:00+00:00,KZT,0.1741069999999999,RUB_per_KZT
2021-07-13,2021-07-13 00:00:00+00:00,USD,74.6336,RUB_per_USD
2021-07-14,2021-07-14 00:00:00+00:00,CNY,11.4552,RUB_per_CNY
2021-07-14,2021-07-14 00:00:00+00:00,KZT,0.173158,RUB_per_KZT
2021-07-14,2021-07-14 00:00:00+00:00,USD,74.0589,RUB_per_USD
2021-07-15,2021-07-15 00:00:00+00:00,CNY,11.4519,RUB_per_CNY
2021-07-15,2021-07-15 00:00:00+00:00,KZT,0.173512,RUB_per_KZT
2021-07-15,2021-07-15 00:00:00+00:00,USD,74.1236,RUB_per_USD
2021-07-16,2021-07-16 00:00:00+00:00,CNY,11.4859,RUB_per_CNY
2021-07-16,2021-07-16 00:00:00+00:00,KZT,0.174002,RUB_per_KZT
2021-07-16,2021-07-16 00:00:00+00:00,USD,74.2197,RUB_per_USD
2021-07-17,2021-07-17 00:00:00+00:00,CNY,11.4673,RUB_per_CNY
2021-07-17,2021-07-17 00:00:00+00:00,KZT,0.173712,RUB_per_KZT
2021-07-17,2021-07-17 00:00:00+00:00,USD,74.1656,RUB_per_USD
2021-07-20,2021-07-20 00:00:00+00:00,CNY,11.4674,RUB_per_CNY
2021-07-20,2021-07-20 00:00:00+00:00,KZT,0.173647,RUB_per_KZT
2021-07-20,2021-07-20 00:00:00+00:00,USD,74.3463,RUB_per_USD
2021-07-21,2021-07-21 00:00:00+00:00,CNY,11.4959,RUB_per_CNY
2021-07-21,2021-07-21 00:00:00+00:00,KZT,0.173843,RUB_per_KZT
2021-07-21,2021-07-21 00:00:00+00:00,USD,74.491,RUB_per_USD
2021-07-22,2021-07-22 00:00:00+00:00,CNY,11.5057,RUB_per_CNY
2021-07-22,2021-07-22 00:00:00+00:00,KZT,0.174035,RUB_per_KZT
2021-07-22,2021-07-22 00:00:00+00:00,USD,74.4947,RUB_per_USD
2021-07-23,2021-07-23 00:00:00+00:00,CNY,11.3967,RUB_per_CNY
2021-07-23,2021-07-23 00:00:00+00:00,KZT,0.172852,RUB_per_KZT
2021-07-23,2021-07-23 00:00:00+00:00,USD,73.6945,RUB_per_USD
2021-07-24,2021-07-24 00:00:00+00:00,CNY,11.39,RUB_per_CNY
2021-07-24,2021-07-24 00:00:00+00:00,KZT,0.173264,RUB_per_KZT
2021-07-24,2021-07-24 00:00:00+00:00,USD,73.7663,RUB_per_USD
2021-07-27,2021-07-27 00:00:00+00:00,CNY,11.4292,RUB_per_CNY
2021-07-27,2021-07-27 00:00:00+00:00,KZT,0.173819,RUB_per_KZT
2021-07-27,2021-07-27 00:00:00+00:00,USD,74.098,RUB_per_USD
2021-07-28,2021-07-28 00:00:00+00:00,CNY,11.3527,RUB_per_CNY
2021-07-28,2021-07-28 00:00:00+00:00,KZT,0.173515,RUB_per_KZT
2021-07-28,2021-07-28 00:00:00+00:00,USD,73.8471,RUB_per_USD
2021-07-29,2021-07-29 00:00:00+00:00,CNY,11.3189,RUB_per_CNY
2021-07-29,2021-07-29 00:00:00+00:00,KZT,0.172813,RUB_per_KZT
2021-07-29,2021-07-29 00:00:00+00:00,USD,73.6088,RUB_per_USD
2021-07-30,2021-07-30 00:00:00+00:00,CNY,11.3249,RUB_per_CNY
2021-07-30,2021-07-30 00:00:00+00:00,KZT,0.172093,RUB_per_KZT
2021-07-30,2021-07-30 00:00:00+00:00,USD,73.1904,RUB_per_USD
2021-07-31,2021-07-31 00:00:00+00:00,CNY,11.329,RUB_per_CNY
2021-07-31,2021-07-31 00:00:00+00:00,KZT,0.171891,RUB_per_KZT
2021-07-31,2021-07-31 00:00:00+00:00,USD,73.1388,RUB_per_USD
2021-08-03,2021-08-03 00:00:00+00:00,CNY,11.301,RUB_per_CNY
2021-08-03,2021-08-03 00:00:00+00:00,KZT,0.171925,RUB_per_KZT
2021-08-03,2021-08-03 00:00:00+00:00,USD,73.0156,RUB_per_USD
2021-08-04,2021-08-04 00:00:00+00:00,CNY,11.2717,RUB_per_CNY
2021-08-04,2021-08-04 00:00:00+00:00,KZT,0.171747,RUB_per_KZT
2021-08-04,2021-08-04 00:00:00+00:00,USD,72.8724,RUB_per_USD
2021-08-05,2021-08-05 00:00:00+00:00,CNY,11.2631,RUB_per_CNY
2021-08-05,2021-08-05 00:00:00+00:00,KZT,0.171482,RUB_per_KZT
2021-08-05,2021-08-05 00:00:00+00:00,USD,72.7857,RUB_per_USD
2021-08-06,2021-08-06 00:00:00+00:00,CNY,11.324,RUB_per_CNY
2021-08-06,2021-08-06 00:00:00+00:00,KZT,0.171937,RUB_per_KZT
2021-08-06,2021-08-06 00:00:00+00:00,USD,73.168,RUB_per_USD
2021-08-07,2021-08-07 00:00:00+00:00,CNY,11.3061,RUB_per_CNY
2021-08-07,2021-08-07 00:00:00+00:00,KZT,0.172254,RUB_per_KZT
2021-08-07,2021-08-07 00:00:00+00:00,USD,73.1304,RUB_per_USD
2021-08-10,2021-08-10 00:00:00+00:00,CNY,11.3473,RUB_per_CNY
2021-08-10,2021-08-10 00:00:00+00:00,KZT,0.172291,RUB_per_KZT
2021-08-10,2021-08-10 00:00:00+00:00,USD,73.5078,RUB_per_USD
2021-08-11,2021-08-11 00:00:00+00:00,CNY,11.3555,RUB_per_CNY
2021-08-11,2021-08-11 00:00:00+00:00,KZT,0.1727199999999999,RUB_per_KZT
2021-08-11,2021-08-11 00:00:00+00:00,USD,73.5962,RUB_per_USD
2021-08-12,2021-08-12 00:00:00+00:00,CNY,11.4026,RUB_per_CNY
2021-08-12,2021-08-12 00:00:00+00:00,KZT,0.173597,RUB_per_KZT
2021-08-12,2021-08-12 00:00:00+00:00,USD,73.9695,RUB_per_USD
2021-08-13,2021-08-13 00:00:00+00:00,CNY,11.358,RUB_per_CNY
2021-08-13,2021-08-13 00:00:00+00:00,KZT,0.1731599999999999,RUB_per_KZT
2021-08-13,2021-08-13 00:00:00+00:00,USD,73.5671,RUB_per_USD
2021-08-14,2021-08-14 00:00:00+00:00,CNY,11.3329,RUB_per_CNY
2021-08-14,2021-08-14 00:00:00+00:00,KZT,0.172774,RUB_per_KZT
2021-08-14,2021-08-14 00:00:00+00:00,USD,73.4721,RUB_per_USD
2021-08-17,2021-08-17 00:00:00+00:00,CNY,11.3343,RUB_per_CNY
2021-08-17,2021-08-17 00:00:00+00:00,KZT,0.172403,RUB_per_KZT
2021-08-17,2021-08-17 00:00:00+00:00,USD,73.392,RUB_per_USD
2021-08-18,2021-08-18 00:00:00+00:00,CNY,11.3388,RUB_per_CNY
2021-08-18,2021-08-18 00:00:00+00:00,KZT,0.172802,RUB_per_KZT
2021-08-18,2021-08-18 00:00:00+00:00,USD,73.4753,RUB_per_USD
2021-08-19,2021-08-19 00:00:00+00:00,CNY,11.3366,RUB_per_CNY
2021-08-19,2021-08-19 00:00:00+00:00,KZT,0.172571,RUB_per_KZT
2021-08-19,2021-08-19 00:00:00+00:00,USD,73.4633,RUB_per_USD
2021-08-20,2021-08-20 00:00:00+00:00,CNY,11.4195,RUB_per_CNY
2021-08-20,2021-08-20 00:00:00+00:00,KZT,0.1735729999999999,RUB_per_KZT
2021-08-20,2021-08-20 00:00:00+00:00,USD,74.1503,RUB_per_USD
2021-08-21,2021-08-21 00:00:00+00:00,CNY,11.4403,RUB_per_CNY
2021-08-21,2021-08-21 00:00:00+00:00,KZT,0.173992,RUB_per_KZT
2021-08-21,2021-08-21 00:00:00+00:00,USD,74.364,RUB_per_USD
2021-08-24,2021-08-24 00:00:00+00:00,CNY,11.4119,RUB_per_CNY
2021-08-24,2021-08-24 00:00:00+00:00,KZT,0.173926,RUB_per_KZT
2021-08-24,2021-08-24 00:00:00+00:00,USD,74.0666,RUB_per_USD
2021-08-25,2021-08-25 00:00:00+00:00,CNY,11.4157,RUB_per_CNY
2021-08-25,2021-08-25 00:00:00+00:00,KZT,0.1738489999999999,RUB_per_KZT
2021-08-25,2021-08-25 00:00:00+00:00,USD,73.9465,RUB_per_USD
2021-08-26,2021-08-26 00:00:00+00:00,CNY,11.3899,RUB_per_CNY
2021-08-26,2021-08-26 00:00:00+00:00,KZT,0.173125,RUB_per_KZT
2021-08-26,2021-08-26 00:00:00+00:00,USD,73.7428,RUB_per_USD
2021-08-27,2021-08-27 00:00:00+00:00,CNY,11.4116,RUB_per_CNY
2021-08-27,2021-08-27 00:00:00+00:00,KZT,0.173402,RUB_per_KZT
2021-08-27,2021-08-27 00:00:00+00:00,USD,73.9908,RUB_per_USD
2021-08-28,2021-08-28 00:00:00+00:00,CNY,11.4177,RUB_per_CNY
2021-08-28,2021-08-28 00:00:00+00:00,KZT,0.173048,RUB_per_KZT
2021-08-28,2021-08-28 00:00:00+00:00,USD,73.9866,RUB_per_USD
2021-08-31,2021-08-31 00:00:00+00:00,CNY,11.378,RUB_per_CNY
2021-08-31,2021-08-31 00:00:00+00:00,KZT,0.172184,RUB_per_KZT
2021-08-31,2021-08-31 00:00:00+00:00,USD,73.5744,RUB_per_USD
2021-09-01,2021-09-01 00:00:00+00:00,CNY,11.3367,RUB_per_CNY
2021-09-01,2021-09-01 00:00:00+00:00,KZT,0.171752,RUB_per_KZT
2021-09-01,2021-09-01 00:00:00+00:00,USD,73.2781,RUB_per_USD
2021-09-02,2021-09-02 00:00:00+00:00,CNY,11.3211,RUB_per_CNY
2021-09-02,2021-09-02 00:00:00+00:00,KZT,0.1716069999999999,RUB_per_KZT
2021-09-02,2021-09-02 00:00:00+00:00,USD,73.1912,RUB_per_USD
2021-09-03,2021-09-03 00:00:00+00:00,CNY,11.2747,RUB_per_CNY
2021-09-03,2021-09-03 00:00:00+00:00,KZT,0.1709049999999999,RUB_per_KZT
2021-09-03,2021-09-03 00:00:00+00:00,USD,72.8491,RUB_per_USD
2021-09-04,2021-09-04 00:00:00+00:00,CNY,11.2837,RUB_per_CNY
2021-09-04,2021-09-04 00:00:00+00:00,KZT,0.171239,RUB_per_KZT
2021-09-04,2021-09-04 00:00:00+00:00,USD,72.8545,RUB_per_USD
2021-09-07,2021-09-07 00:00:00+00:00,CNY,11.304,RUB_per_CNY
2021-09-07,2021-09-07 00:00:00+00:00,KZT,0.171153,RUB_per_KZT
2021-09-07,2021-09-07 00:00:00+00:00,USD,72.9538,RUB_per_USD
2021-09-08,2021-09-08 00:00:00+00:00,CNY,11.3285,RUB_per_CNY
2021-09-08,2021-09-08 00:00:00+00:00,KZT,0.171669,RUB_per_KZT
2021-09-08,2021-09-08 00:00:00+00:00,USD,73.1909,RUB_per_USD
2021-09-09,2021-09-09 00:00:00+00:00,CNY,11.3651,RUB_per_CNY
2021-09-09,2021-09-09 00:00:00+00:00,KZT,0.171996,RUB_per_KZT
2021-09-09,2021-09-09 00:00:00+00:00,USD,73.4421,RUB_per_USD
2021-09-10,2021-09-10 00:00:00+00:00,CNY,11.3248,RUB_per_CNY
2021-09-10,2021-09-10 00:00:00+00:00,KZT,0.171523,RUB_per_KZT
2021-09-10,2021-09-10 00:00:00+00:00,USD,73.129,RUB_per_USD
2021-09-11,2021-09-11 00:00:00+00:00,CNY,11.2957,RUB_per_CNY
2021-09-11,2021-09-11 00:00:00+00:00,KZT,0.170638,RUB_per_KZT
2021-09-11,2021-09-11 00:00:00+00:00,USD,72.76,RUB_per_USD
2021-09-14,2021-09-14 00:00:00+00:00,CNY,11.323,RUB_per_CNY
2021-09-14,2021-09-14 00:00:00+00:00,KZT,0.1713779999999999,RUB_per_KZT
2021-09-14,2021-09-14 00:00:00+00:00,USD,73.0841,RUB_per_USD
2021-09-15,2021-09-15 00:00:00+00:00,CNY,11.2857,RUB_per_CNY
2021-09-15,2021-09-15 00:00:00+00:00,KZT,0.170597,RUB_per_KZT
2021-09-15,2021-09-15 00:00:00+00:00,USD,72.7171,RUB_per_USD
2021-09-16,2021-09-16 00:00:00+00:00,CNY,11.3198,RUB_per_CNY
2021-09-16,2021-09-16 00:00:00+00:00,KZT,0.170754,RUB_per_KZT
2021-09-16,2021-09-16 00:00:00+00:00,USD,72.852,RUB_per_USD
2021-09-17,2021-09-17 00:00:00+00:00,CNY,11.2391,RUB_per_CNY
2021-09-17,2021-09-17 00:00:00+00:00,KZT,0.17029,RUB_per_KZT
2021-09-17,2021-09-17 00:00:00+00:00,USD,72.4329,RUB_per_USD
2021-09-18,2021-09-18 00:00:00+00:00,CNY,11.2456,RUB_per_CNY
2021-09-18,2021-09-18 00:00:00+00:00,KZT,0.170389,RUB_per_KZT
2021-09-18,2021-09-18 00:00:00+00:00,USD,72.5602,RUB_per_USD
2021-09-21,2021-09-21 00:00:00+00:00,CNY,11.3406,RUB_per_CNY
2021-09-21,2021-09-21 00:00:00+00:00,KZT,0.1719979999999999,RUB_per_KZT
2021-09-21,2021-09-21 00:00:00+00:00,USD,73.3315,RUB_per_USD
2021-09-22,2021-09-22 00:00:00+00:00,CNY,11.3213,RUB_per_CNY
2021-09-22,2021-09-22 00:00:00+00:00,KZT,0.171726,RUB_per_KZT
2021-09-22,2021-09-22 00:00:00+00:00,USD,73.2067,RUB_per_USD
2021-09-23,2021-09-23 00:00:00+00:00,CNY,11.267,RUB_per_CNY
2021-09-23,2021-09-23 00:00:00+00:00,KZT,0.171101,RUB_per_KZT
2021-09-23,2021-09-23 00:00:00+00:00,USD,72.8806,RUB_per_USD
2021-09-24,2021-09-24 00:00:00+00:00,CNY,11.2584,RUB_per_CNY
2021-09-24,2021-09-24 00:00:00+00:00,KZT,0.171016,RUB_per_KZT
2021-09-24,2021-09-24 00:00:00+00:00,USD,72.7245,RUB_per_USD
2021-09-25,2021-09-25 00:00:00+00:00,CNY,11.294,RUB_per_CNY
2021-09-25,2021-09-25 00:00:00+00:00,KZT,0.1716829999999999,RUB_per_KZT
2021-09-25,2021-09-25 00:00:00+00:00,USD,73.0081,RUB_per_USD
2021-09-28,2021-09-28 00:00:00+00:00,CNY,11.2449,RUB_per_CNY
2021-09-28,2021-09-28 00:00:00+00:00,KZT,0.171008,RUB_per_KZT
2021-09-28,2021-09-28 00:00:00+00:00,USD,72.6613,RUB_per_USD
2021-09-29,2021-09-29 00:00:00+00:00,CNY,11.2263,RUB_per_CNY
2021-09-29,2021-09-29 00:00:00+00:00,KZT,0.170728,RUB_per_KZT
2021-09-29,2021-09-29 00:00:00+00:00,USD,72.5083,RUB_per_USD
2021-09-30,2021-09-30 00:00:00+00:00,CNY,11.2494,RUB_per_CNY
2021-09-30,2021-09-30 00:00:00+00:00,KZT,0.17092,RUB_per_KZT
2021-09-30,2021-09-30 00:00:00+00:00,USD,72.7608,RUB_per_USD
2021-10-01,2021-10-01 00:00:00+00:00,CNY,11.2442,RUB_per_CNY
2021-10-01,2021-10-01 00:00:00+00:00,KZT,0.170653,RUB_per_KZT
2021-10-01,2021-10-01 00:00:00+00:00,USD,72.6642,RUB_per_USD
2021-10-02,2021-10-02 00:00:00+00:00,CNY,11.3114,RUB_per_CNY
2021-10-02,2021-10-02 00:00:00+00:00,KZT,0.1709969999999999,RUB_per_KZT
2021-10-02,2021-10-02 00:00:00+00:00,USD,72.9215,RUB_per_USD
2021-10-05,2021-10-05 00:00:00+00:00,CNY,11.3118,RUB_per_CNY
2021-10-05,2021-10-05 00:00:00+00:00,KZT,0.171324,RUB_per_KZT
2021-10-05,2021-10-05 00:00:00+00:00,USD,72.9239,RUB_per_USD
2021-10-06,2021-10-06 00:00:00+00:00,CNY,11.2567,RUB_per_CNY
2021-10-06,2021-10-06 00:00:00+00:00,KZT,0.17077,RUB_per_KZT
2021-10-06,2021-10-06 00:00:00+00:00,USD,72.5686,RUB_per_USD
2021-10-07,2021-10-07 00:00:00+00:00,CNY,11.2566,RUB_per_CNY
2021-10-07,2021-10-07 00:00:00+00:00,KZT,0.170568,RUB_per_KZT
2021-10-07,2021-10-07 00:00:00+00:00,USD,72.5682,RUB_per_USD
2021-10-08,2021-10-08 00:00:00+00:00,CNY,11.2128,RUB_per_CNY
2021-10-08,2021-10-08 00:00:00+00:00,KZT,0.169704,RUB_per_KZT
2021-10-08,2021-10-08 00:00:00+00:00,USD,72.2854,RUB_per_USD
2021-10-09,2021-10-09 00:00:00+00:00,CNY,11.1625,RUB_per_CNY
2021-10-09,2021-10-09 00:00:00+00:00,KZT,0.1692449999999999,RUB_per_KZT
2021-10-09,2021-10-09 00:00:00+00:00,USD,71.9882,RUB_per_USD
2021-10-12,2021-10-12 00:00:00+00:00,CNY,11.1281,RUB_per_CNY
2021-10-12,2021-10-12 00:00:00+00:00,KZT,0.1685579999999999,RUB_per_KZT
2021-10-12,2021-10-12 00:00:00+00:00,USD,71.6373,RUB_per_USD
2021-10-13,2021-10-13 00:00:00+00:00,CNY,11.1325,RUB_per_CNY
2021-10-13,2021-10-13 00:00:00+00:00,KZT,0.168911,RUB_per_KZT
2021-10-13,2021-10-13 00:00:00+00:00,USD,71.8801,RUB_per_USD
2021-10-14,2021-10-14 00:00:00+00:00,CNY,11.149,RUB_per_CNY
2021-10-14,2021-10-14 00:00:00+00:00,KZT,0.16866,RUB_per_KZT
2021-10-14,2021-10-14 00:00:00+00:00,USD,71.8577,RUB_per_USD
2021-10-15,2021-10-15 00:00:00+00:00,CNY,11.1569,RUB_per_CNY
2021-10-15,2021-10-15 00:00:00+00:00,KZT,0.168489,RUB_per_KZT
2021-10-15,2021-10-15 00:00:00+00:00,USD,71.7846,RUB_per_USD
2021-10-16,2021-10-16 00:00:00+00:00,CNY,11.0802,RUB_per_CNY
2021-10-16,2021-10-16 00:00:00+00:00,KZT,0.167223,RUB_per_KZT
2021-10-16,2021-10-16 00:00:00+00:00,USD,71.2371,RUB_per_USD
2021-10-19,2021-10-19 00:00:00+00:00,CNY,11.0619,RUB_per_CNY
2021-10-19,2021-10-19 00:00:00+00:00,KZT,0.1672459999999999,RUB_per_KZT
2021-10-19,2021-10-19 00:00:00+00:00,USD,71.1714,RUB_per_USD
2021-10-20,2021-10-20 00:00:00+00:00,CNY,11.0871,RUB_per_CNY
2021-10-20,2021-10-20 00:00:00+00:00,KZT,0.166708,RUB_per_KZT
2021-10-20,2021-10-20 00:00:00+00:00,USD,70.9674,RUB_per_USD
2021-10-21,2021-10-21 00:00:00+00:00,CNY,11.1139,RUB_per_CNY
2021-10-21,2021-10-21 00:00:00+00:00,KZT,0.16668,RUB_per_KZT
2021-10-21,2021-10-21 00:00:00+00:00,USD,71.0555,RUB_per_USD
2021-10-22,2021-10-22 00:00:00+00:00,CNY,11.0947,RUB_per_CNY
2021-10-22,2021-10-22 00:00:00+00:00,KZT,0.1665269999999999,RUB_per_KZT
2021-10-22,2021-10-22 00:00:00+00:00,USD,70.9904,RUB_per_USD
2021-10-23,2021-10-23 00:00:00+00:00,CNY,11.089,RUB_per_CNY
2021-10-23,2021-10-23 00:00:00+00:00,KZT,0.1663629999999999,RUB_per_KZT
2021-10-23,2021-10-23 00:00:00+00:00,USD,70.8623,RUB_per_USD
2021-10-26,2021-10-26 00:00:00+00:00,CNY,10.9908,RUB_per_CNY
2021-10-26,2021-10-26 00:00:00+00:00,KZT,0.1649449999999999,RUB_per_KZT
2021-10-26,2021-10-26 00:00:00+00:00,USD,70.1345,RUB_per_USD
2021-10-27,2021-10-27 00:00:00+00:00,CNY,10.8993,RUB_per_CNY
2021-10-27,2021-10-27 00:00:00+00:00,KZT,0.163365,RUB_per_KZT
2021-10-27,2021-10-27 00:00:00+00:00,USD,69.5526,RUB_per_USD
2021-10-28,2021-10-28 00:00:00+00:00,CNY,10.9188,RUB_per_CNY
2021-10-28,2021-10-28 00:00:00+00:00,KZT,0.1635859999999999,RUB_per_KZT
2021-10-28,2021-10-28 00:00:00+00:00,USD,69.8104,RUB_per_USD
2021-10-29,2021-10-29 00:00:00+00:00,CNY,11.0194,RUB_per_CNY
2021-10-29,2021-10-29 00:00:00+00:00,KZT,0.164941,RUB_per_KZT
2021-10-29,2021-10-29 00:00:00+00:00,USD,70.5207,RUB_per_USD
2021-10-30,2021-10-30 00:00:00+00:00,CNY,11.0188,RUB_per_CNY
2021-10-30,2021-10-30 00:00:00+00:00,KZT,0.16494,RUB_per_KZT
2021-10-30,2021-10-30 00:00:00+00:00,USD,70.52,RUB_per_USD
2021-11-02,2021-11-02 00:00:00+00:00,CNY,11.101,RUB_per_CNY
2021-11-02,2021-11-02 00:00:00+00:00,KZT,0.166031,RUB_per_KZT
2021-11-02,2021-11-02 00:00:00+00:00,USD,71.0863,RUB_per_USD
2021-11-03,2021-11-03 00:00:00+00:00,CNY,11.1704,RUB_per_CNY
2021-11-03,2021-11-03 00:00:00+00:00,KZT,0.167123,RUB_per_KZT
2021-11-03,2021-11-03 00:00:00+00:00,USD,71.4783,RUB_per_USD
2021-11-04,2021-11-04 00:00:00+00:00,CNY,11.1745,RUB_per_CNY
2021-11-04,2021-11-04 00:00:00+00:00,KZT,0.1668519999999999,RUB_per_KZT
2021-11-04,2021-11-04 00:00:00+00:00,USD,71.4876,RUB_per_USD
2021-11-09,2021-11-09 00:00:00+00:00,CNY,11.1595,RUB_per_CNY
2021-11-09,2021-11-09 00:00:00+00:00,KZT,0.166292,RUB_per_KZT
2021-11-09,2021-11-09 00:00:00+00:00,USD,71.3975,RUB_per_USD
2021-11-10,2021-11-10 00:00:00+00:00,CNY,11.1465,RUB_per_CNY
2021-11-10,2021-11-10 00:00:00+00:00,KZT,0.165995,RUB_per_KZT
2021-11-10,2021-11-10 00:00:00+00:00,USD,71.2866,RUB_per_USD
2021-11-11,2021-11-11 00:00:00+00:00,CNY,11.0601,RUB_per_CNY
2021-11-11,2021-11-11 00:00:00+00:00,KZT,0.1648669999999999,RUB_per_KZT
2021-11-11,2021-11-11 00:00:00+00:00,USD,70.695,RUB_per_USD
2021-11-12,2021-11-12 00:00:00+00:00,CNY,11.1158,RUB_per_CNY
2021-11-12,2021-11-12 00:00:00+00:00,KZT,0.165669,RUB_per_KZT
2021-11-12,2021-11-12 00:00:00+00:00,USD,71.1964,RUB_per_USD
2021-11-13,2021-11-13 00:00:00+00:00,CNY,11.2369,RUB_per_CNY
2021-11-13,2021-11-13 00:00:00+00:00,KZT,0.166927,RUB_per_KZT
2021-11-13,2021-11-13 00:00:00+00:00,USD,71.8118,RUB_per_USD
2021-11-16,2021-11-16 00:00:00+00:00,CNY,11.3267,RUB_per_CNY
2021-11-16,2021-11-16 00:00:00+00:00,KZT,0.16788,RUB_per_KZT
2021-11-16,2021-11-16 00:00:00+00:00,USD,72.2724,RUB_per_USD
2021-11-17,2021-11-17 00:00:00+00:00,CNY,11.3768,RUB_per_CNY
2021-11-17,2021-11-17 00:00:00+00:00,KZT,0.168283,RUB_per_KZT
2021-11-17,2021-11-17 00:00:00+00:00,USD,72.5553,RUB_per_USD
2021-11-18,2021-11-18 00:00:00+00:00,CNY,11.4108,RUB_per_CNY
2021-11-18,2021-11-18 00:00:00+00:00,KZT,0.168552,RUB_per_KZT
2021-11-18,2021-11-18 00:00:00+00:00,USD,72.8228,RUB_per_USD
2021-11-19,2021-11-19 00:00:00+00:00,CNY,11.3773,RUB_per_CNY
2021-11-19,2021-11-19 00:00:00+00:00,KZT,0.167518,RUB_per_KZT
2021-11-19,2021-11-19 00:00:00+00:00,USD,72.6022,RUB_per_USD
2021-11-20,2021-11-20 00:00:00+00:00,CNY,11.4016,RUB_per_CNY
2021-11-20,2021-11-20 00:00:00+00:00,KZT,0.1683909999999999,RUB_per_KZT
2021-11-20,2021-11-20 00:00:00+00:00,USD,72.7617,RUB_per_USD
2021-11-23,2021-11-23 00:00:00+00:00,CNY,11.5175,RUB_per_CNY
2021-11-23,2021-11-23 00:00:00+00:00,KZT,0.169456,RUB_per_KZT
2021-11-23,2021-11-23 00:00:00+00:00,USD,73.4506,RUB_per_USD
2021-11-24,2021-11-24 00:00:00+00:00,CNY,11.7212,RUB_per_CNY
2021-11-24,2021-11-24 00:00:00+00:00,KZT,0.172465,RUB_per_KZT
2021-11-24,2021-11-24 00:00:00+00:00,USD,74.8327,RUB_per_USD
2021-11-25,2021-11-25 00:00:00+00:00,CNY,11.6427,RUB_per_CNY
2021-11-25,2021-11-25 00:00:00+00:00,KZT,0.1718799999999999,RUB_per_KZT
2021-11-25,2021-11-25 00:00:00+00:00,USD,74.3726,RUB_per_USD
2021-11-26,2021-11-26 00:00:00+00:00,CNY,11.6758,RUB_per_CNY
2021-11-26,2021-11-26 00:00:00+00:00,KZT,0.172327,RUB_per_KZT
2021-11-26,2021-11-26 00:00:00+00:00,USD,74.6004,RUB_per_USD
2021-11-27,2021-11-27 00:00:00+00:00,CNY,11.8266,RUB_per_CNY
2021-11-27,2021-11-27 00:00:00+00:00,KZT,0.173385,RUB_per_KZT
2021-11-27,2021-11-27 00:00:00+00:00,USD,75.5873,RUB_per_USD
2021-11-30,2021-11-30 00:00:00+00:00,CNY,11.7482,RUB_per_CNY
2021-11-30,2021-11-30 00:00:00+00:00,KZT,0.171152,RUB_per_KZT
2021-11-30,2021-11-30 00:00:00+00:00,USD,74.9818,RUB_per_USD
2021-12-01,2021-12-01 00:00:00+00:00,CNY,11.7547,RUB_per_CNY
2021-12-01,2021-12-01 00:00:00+00:00,KZT,0.170443,RUB_per_KZT
2021-12-01,2021-12-01 00:00:00+00:00,USD,74.8926,RUB_per_USD
2021-12-02,2021-12-02 00:00:00+00:00,CNY,11.6128,RUB_per_CNY
2021-12-02,2021-12-02 00:00:00+00:00,KZT,0.169569,RUB_per_KZT
2021-12-02,2021-12-02 00:00:00+00:00,USD,73.9746,RUB_per_USD
2021-12-03,2021-12-03 00:00:00+00:00,CNY,11.6213,RUB_per_CNY
2021-12-03,2021-12-03 00:00:00+00:00,KZT,0.167926,RUB_per_KZT
2021-12-03,2021-12-03 00:00:00+00:00,USD,74.0637,RUB_per_USD
2021-12-04,2021-12-04 00:00:00+00:00,CNY,11.578,RUB_per_CNY
2021-12-04,2021-12-04 00:00:00+00:00,KZT,0.1681129999999999,RUB_per_KZT
2021-12-04,2021-12-04 00:00:00+00:00,USD,73.7426,RUB_per_USD
2021-12-07,2021-12-07 00:00:00+00:00,CNY,11.5622,RUB_per_CNY
2021-12-07,2021-12-07 00:00:00+00:00,KZT,0.168214,RUB_per_KZT
2021-12-07,2021-12-07 00:00:00+00:00,USD,73.6694,RUB_per_USD
2021-12-08,2021-12-08 00:00:00+00:00,CNY,11.6426,RUB_per_CNY
2021-12-08,2021-12-08 00:00:00+00:00,KZT,0.169773,RUB_per_KZT
2021-12-08,2021-12-08 00:00:00+00:00,USD,74.1399,RUB_per_USD
2021-12-09,2021-12-09 00:00:00+00:00,CNY,11.622,RUB_per_CNY
2021-12-09,2021-12-09 00:00:00+00:00,KZT,0.169002,RUB_per_KZT
2021-12-09,2021-12-09 00:00:00+00:00,USD,73.8453,RUB_per_USD
2021-12-10,2021-12-10 00:00:00+00:00,CNY,11.6,RUB_per_CNY
2021-12-10,2021-12-10 00:00:00+00:00,KZT,0.16902,RUB_per_KZT
2021-12-10,2021-12-10 00:00:00+00:00,USD,73.5998,RUB_per_USD
2021-12-11,2021-12-11 00:00:00+00:00,CNY,11.5542,RUB_per_CNY
2021-12-11,2021-12-11 00:00:00+00:00,KZT,0.168531,RUB_per_KZT
2021-12-11,2021-12-11 00:00:00+00:00,USD,73.6059,RUB_per_USD
2021-12-14,2021-12-14 00:00:00+00:00,CNY,11.536,RUB_per_CNY
2021-12-14,2021-12-14 00:00:00+00:00,KZT,0.168373,RUB_per_KZT
2021-12-14,2021-12-14 00:00:00+00:00,USD,73.4107,RUB_per_USD
2021-12-15,2021-12-15 00:00:00+00:00,CNY,11.5466,RUB_per_CNY
2021-12-15,2021-12-15 00:00:00+00:00,KZT,0.167912,RUB_per_KZT
2021-12-15,2021-12-15 00:00:00+00:00,USD,73.4698,RUB_per_USD
2021-12-16,2021-12-16 00:00:00+00:00,CNY,11.6029,RUB_per_CNY
2021-12-16,2021-12-16 00:00:00+00:00,KZT,0.168398,RUB_per_KZT
2021-12-16,2021-12-16 00:00:00+00:00,USD,73.851,RUB_per_USD
2021-12-17,2021-12-17 00:00:00+00:00,CNY,11.5525,RUB_per_CNY
2021-12-17,2021-12-17 00:00:00+00:00,KZT,0.167989,RUB_per_KZT
2021-12-17,2021-12-17 00:00:00+00:00,USD,73.5708,RUB_per_USD
2021-12-18,2021-12-18 00:00:00+00:00,CNY,11.5678,RUB_per_CNY
2021-12-18,2021-12-18 00:00:00+00:00,KZT,0.1683589999999999,RUB_per_KZT
2021-12-18,2021-12-18 00:00:00+00:00,USD,73.733,RUB_per_USD
2021-12-21,2021-12-21 00:00:00+00:00,CNY,11.6482,RUB_per_CNY
2021-12-21,2021-12-21 00:00:00+00:00,KZT,0.169121,RUB_per_KZT
2021-12-21,2021-12-21 00:00:00+00:00,USD,74.2947,RUB_per_USD
2021-12-22,2021-12-22 00:00:00+00:00,CNY,11.5884,RUB_per_CNY
2021-12-22,2021-12-22 00:00:00+00:00,KZT,0.168598,RUB_per_KZT
2021-12-22,2021-12-22 00:00:00+00:00,USD,73.8206,RUB_per_USD
2021-12-23,2021-12-23 00:00:00+00:00,CNY,11.5796,RUB_per_CNY
2021-12-23,2021-12-23 00:00:00+00:00,KZT,0.169146,RUB_per_KZT
2021-12-23,2021-12-23 00:00:00+00:00,USD,73.7901,RUB_per_USD
2021-12-24,2021-12-24 00:00:00+00:00,CNY,11.5162,RUB_per_CNY
2021-12-24,2021-12-24 00:00:00+00:00,KZT,0.168137,RUB_per_KZT
2021-12-24,2021-12-24 00:00:00+00:00,USD,73.3583,RUB_per_USD
2021-12-25,2021-12-25 00:00:00+00:00,CNY,11.4907,RUB_per_CNY
2021-12-25,2021-12-25 00:00:00+00:00,KZT,0.169007,RUB_per_KZT
2021-12-25,2021-12-25 00:00:00+00:00,USD,73.1886,RUB_per_USD
2021-12-28,2021-12-28 00:00:00+00:00,CNY,11.4924,RUB_per_CNY
2021-12-28,2021-12-28 00:00:00+00:00,KZT,0.168993,RUB_per_KZT
2021-12-28,2021-12-28 00:00:00+00:00,USD,73.2329,RUB_per_USD
2021-12-29,2021-12-29 00:00:00+00:00,CNY,11.5353,RUB_per_CNY
2021-12-29,2021-12-29 00:00:00+00:00,KZT,0.169248,RUB_per_KZT
2021-12-29,2021-12-29 00:00:00+00:00,USD,73.4959,RUB_per_USD
2021-12-30,2021-12-30 00:00:00+00:00,CNY,11.5599,RUB_per_CNY
2021-12-30,2021-12-30 00:00:00+00:00,KZT,0.169158,RUB_per_KZT
2021-12-30,2021-12-30 00:00:00+00:00,USD,73.6514,RUB_per_USD
2021-12-31,2021-12-31 00:00:00+00:00,CNY,11.6503,RUB_per_CNY
2021-12-31,2021-12-31 00:00:00+00:00,KZT,0.1689999999999999,RUB_per_KZT
2021-12-31,2021-12-31 00:00:00+00:00,USD,74.2926,RUB_per_USD
2022-01-11,2022-01-11 00:00:00+00:00,CNY,11.7907,RUB_per_CNY
2022-01-11,2022-01-11 00:00:00+00:00,KZT,0.172328,RUB_per_KZT
2022-01-11,2022-01-11 00:00:00+00:00,USD,75.1315,RUB_per_USD
2022-01-12,2022-01-12 00:00:00+00:00,CNY,11.7446,RUB_per_CNY
2022-01-12,2022-01-12 00:00:00+00:00,KZT,0.171858,RUB_per_KZT
2022-01-12,2022-01-12 00:00:00+00:00,USD,74.8355,RUB_per_USD
2022-01-13,2022-01-13 00:00:00+00:00,CNY,11.7088,RUB_per_CNY
2022-01-13,2022-01-13 00:00:00+00:00,KZT,0.171367,RUB_per_KZT
2022-01-13,2022-01-13 00:00:00+00:00,USD,74.5277,RUB_per_USD
2022-01-14,2022-01-14 00:00:00+00:00,CNY,11.7246,RUB_per_CNY
2022-01-14,2022-01-14 00:00:00+00:00,KZT,0.171442,RUB_per_KZT
2022-01-14,2022-01-14 00:00:00+00:00,USD,74.5686,RUB_per_USD
2022-01-15,2022-01-15 00:00:00+00:00,CNY,11.9457,RUB_per_CNY
2022-01-15,2022-01-15 00:00:00+00:00,KZT,0.173677,RUB_per_KZT
2022-01-15,2022-01-15 00:00:00+00:00,USD,75.7668,RUB_per_USD
2022-01-18,2022-01-18 00:00:00+00:00,CNY,11.9798,RUB_per_CNY
2022-01-18,2022-01-18 00:00:00+00:00,KZT,0.1746249999999999,RUB_per_KZT
2022-01-18,2022-01-18 00:00:00+00:00,USD,76.0404,RUB_per_USD
2022-01-19,2022-01-19 00:00:00+00:00,CNY,12.018,RUB_per_CNY
2022-01-19,2022-01-19 00:00:00+00:00,KZT,0.1752,RUB_per_KZT
2022-01-19,2022-01-19 00:00:00+00:00,USD,76.3347,RUB_per_USD
2022-01-20,2022-01-20 00:00:00+00:00,CNY,12.1011,RUB_per_CNY
2022-01-20,2022-01-20 00:00:00+00:00,KZT,0.1759639999999999,RUB_per_KZT
2022-01-20,2022-01-20 00:00:00+00:00,USD,76.8697,RUB_per_USD
2022-01-21,2022-01-21 00:00:00+00:00,CNY,12.052,RUB_per_CNY
2022-01-21,2022-01-21 00:00:00+00:00,KZT,0.175323,RUB_per_KZT
2022-01-21,2022-01-21 00:00:00+00:00,USD,76.4408,RUB_per_USD
2022-01-22,2022-01-22 00:00:00+00:00,CNY,12.0972,RUB_per_CNY
2022-01-22,2022-01-22 00:00:00+00:00,KZT,0.1758149999999999,RUB_per_KZT
2022-01-22,2022-01-22 00:00:00+00:00,USD,76.6903,RUB_per_USD
2022-01-25,2022-01-25 00:00:00+00:00,CNY,12.219,RUB_per_CNY
2022-01-25,2022-01-25 00:00:00+00:00,KZT,0.177402,RUB_per_KZT
2022-01-25,2022-01-25 00:00:00+00:00,USD,77.3649,RUB_per_USD
2022-01-26,2022-01-26 00:00:00+00:00,CNY,12.4324,RUB_per_CNY
2022-01-26,2022-01-26 00:00:00+00:00,KZT,0.180165,RUB_per_KZT
2022-01-26,2022-01-26 00:00:00+00:00,USD,78.6422,RUB_per_USD
2022-01-27,2022-01-27 00:00:00+00:00,CNY,12.4864,RUB_per_CNY
2022-01-27,2022-01-27 00:00:00+00:00,KZT,0.181167,RUB_per_KZT
2022-01-27,2022-01-27 00:00:00+00:00,USD,78.9437,RUB_per_USD
2022-01-28,2022-01-28 00:00:00+00:00,CNY,12.4054,RUB_per_CNY
2022-01-28,2022-01-28 00:00:00+00:00,KZT,0.181675,RUB_per_KZT
2022-01-28,2022-01-28 00:00:00+00:00,USD,78.947,RUB_per_USD
2022-01-29,2022-01-29 00:00:00+00:00,CNY,12.2258,RUB_per_CNY
2022-01-29,2022-01-29 00:00:00+00:00,KZT,0.178808,RUB_per_KZT
2022-01-29,2022-01-29 00:00:00+00:00,USD,77.8174,RUB_per_USD
2022-02-01,2022-02-01 00:00:00+00:00,CNY,12.1789,RUB_per_CNY
2022-02-01,2022-02-01 00:00:00+00:00,KZT,0.178379,RUB_per_KZT
2022-02-01,2022-02-01 00:00:00+00:00,USD,77.4702,RUB_per_USD
2022-02-02,2022-02-02 00:00:00+00:00,CNY,12.1255,RUB_per_CNY
2022-02-02,2022-02-02 00:00:00+00:00,KZT,0.177719,RUB_per_KZT
2022-02-02,2022-02-02 00:00:00+00:00,USD,77.1302,RUB_per_USD
2022-02-03,2022-02-03 00:00:00+00:00,CNY,12.024,RUB_per_CNY
2022-02-03,2022-02-03 00:00:00+00:00,KZT,0.176253,RUB_per_KZT
2022-02-03,2022-02-03 00:00:00+00:00,USD,76.4849,RUB_per_USD
2022-02-04,2022-02-04 00:00:00+00:00,CNY,12.05,RUB_per_CNY
2022-02-04,2022-02-04 00:00:00+00:00,KZT,0.176308,RUB_per_KZT
2022-02-04,2022-02-04 00:00:00+00:00,USD,76.6501,RUB_per_USD
2022-02-05,2022-02-05 00:00:00+00:00,CNY,11.9558,RUB_per_CNY
2022-02-05,2022-02-05 00:00:00+00:00,KZT,0.175942,RUB_per_KZT
2022-02-05,2022-02-05 00:00:00+00:00,USD,76.0509,RUB_per_USD
2022-02-08,2022-02-08 00:00:00+00:00,CNY,11.9028,RUB_per_CNY
2022-02-08,2022-02-08 00:00:00+00:00,KZT,0.175695,RUB_per_KZT
2022-02-08,2022-02-08 00:00:00+00:00,USD,75.6806,RUB_per_USD
2022-02-09,2022-02-09 00:00:00+00:00,CNY,11.8243,RUB_per_CNY
2022-02-09,2022-02-09 00:00:00+00:00,KZT,0.1759649999999999,RUB_per_KZT
2022-02-09,2022-02-09 00:00:00+00:00,USD,75.3042,RUB_per_USD
2022-02-10,2022-02-10 00:00:00+00:00,CNY,11.7592,RUB_per_CNY
2022-02-10,2022-02-10 00:00:00+00:00,KZT,0.17559,RUB_per_KZT
2022-02-10,2022-02-10 00:00:00+00:00,USD,74.8015,RUB_per_USD
2022-02-11,2022-02-11 00:00:00+00:00,CNY,11.7502,RUB_per_CNY
2022-02-11,2022-02-11 00:00:00+00:00,KZT,0.175018,RUB_per_KZT
2022-02-11,2022-02-11 00:00:00+00:00,USD,74.7241,RUB_per_USD
2022-02-12,2022-02-12 00:00:00+00:00,CNY,11.7915,RUB_per_CNY
2022-02-12,2022-02-12 00:00:00+00:00,KZT,0.174631,RUB_per_KZT
2022-02-12,2022-02-12 00:00:00+00:00,USD,74.9867,RUB_per_USD
2022-02-15,2022-02-15 00:00:00+00:00,CNY,12.0416,RUB_per_CNY
2022-02-15,2022-02-15 00:00:00+00:00,KZT,0.17765,RUB_per_KZT
2022-02-15,2022-02-15 00:00:00+00:00,USD,76.5762,RUB_per_USD
2022-02-16,2022-02-16 00:00:00+00:00,CNY,11.9988,RUB_per_CNY
2022-02-16,2022-02-16 00:00:00+00:00,KZT,0.176945,RUB_per_KZT
2022-02-16,2022-02-16 00:00:00+00:00,USD,76.166,RUB_per_USD
2022-02-17,2022-02-17 00:00:00+00:00,CNY,11.841,RUB_per_CNY
2022-02-17,2022-02-17 00:00:00+00:00,KZT,0.175533,RUB_per_KZT
2022-02-17,2022-02-17 00:00:00+00:00,USD,75.0141,RUB_per_USD
2022-02-18,2022-02-18 00:00:00+00:00,CNY,11.9516,RUB_per_CNY
2022-02-18,2022-02-18 00:00:00+00:00,KZT,0.176786,RUB_per_KZT
2022-02-18,2022-02-18 00:00:00+00:00,USD,75.7527,RUB_per_USD
2022-02-19,2022-02-19 00:00:00+00:00,CNY,11.9751,RUB_per_CNY
2022-02-19,2022-02-19 00:00:00+00:00,KZT,0.176931,RUB_per_KZT
2022-02-19,2022-02-19 00:00:00+00:00,USD,75.7619,RUB_per_USD
2022-02-22,2022-02-22 00:00:00+00:00,CNY,12.1208,RUB_per_CNY
2022-02-22,2022-02-22 00:00:00+00:00,KZT,0.17953,RUB_per_KZT
2022-02-22,2022-02-22 00:00:00+00:00,USD,76.7671,RUB_per_USD
2022-02-23,2022-02-23 00:00:00+00:00,CNY,12.6927,RUB_per_CNY
2022-02-23,2022-02-23 00:00:00+00:00,KZT,0.1846809999999999,RUB_per_KZT
2022-02-23,2022-02-23 00:00:00+00:00,USD,80.4194,RUB_per_USD
2022-02-25,2022-02-25 00:00:00+00:00,CNY,13.7485,RUB_per_CNY
2022-02-25,2022-02-25 00:00:00+00:00,KZT,0.185306,RUB_per_KZT
2022-02-25,2022-02-25 00:00:00+00:00,USD,86.9288,RUB_per_USD
2022-02-26,2022-02-26 00:00:00+00:00,CNY,13.2325,RUB_per_CNY
2022-02-26,2022-02-26 00:00:00+00:00,KZT,0.1800189999999999,RUB_per_KZT
2022-02-26,2022-02-26 00:00:00+00:00,USD,83.5485,RUB_per_USD
2022-03-01,2022-03-01 00:00:00+00:00,CNY,14.8243,RUB_per_CNY
2022-03-01,2022-03-01 00:00:00+00:00,KZT,0.188393,RUB_per_KZT
2022-03-01,2022-03-01 00:00:00+00:00,USD,93.5589,RUB_per_USD
2022-03-02,2022-03-02 00:00:00+00:00,CNY,14.534,RUB_per_CNY
2022-03-02,2022-03-02 00:00:00+00:00,KZT,0.1866209999999999,RUB_per_KZT
2022-03-02,2022-03-02 00:00:00+00:00,USD,91.7457,RUB_per_USD
2022-03-03,2022-03-03 00:00:00+00:00,CNY,16.3599,RUB_per_CNY
2022-03-03,2022-03-03 00:00:00+00:00,KZT,0.209806,RUB_per_KZT
2022-03-03,2022-03-03 00:00:00+00:00,USD,103.2487,RUB_per_USD
2022-03-04,2022-03-04 00:00:00+00:00,CNY,17.6869,RUB_per_CNY
2022-03-04,2022-03-04 00:00:00+00:00,KZT,0.225809,RUB_per_KZT
2022-03-04,2022-03-04 00:00:00+00:00,USD,111.7564,RUB_per_USD
2022-03-05,2022-03-05 00:00:00+00:00,CNY,16.7449,RUB_per_CNY
2022-03-05,2022-03-05 00:00:00+00:00,KZT,0.210524,RUB_per_KZT
2022-03-05,2022-03-05 00:00:00+00:00,USD,105.8124,RUB_per_USD
2022-03-06,2022-03-06 00:00:00+00:00,CNY,16.7425,RUB_per_CNY
2022-03-06,2022-03-06 00:00:00+00:00,KZT,0.207345,RUB_per_KZT
2022-03-06,2022-03-06 00:00:00+00:00,USD,105.8124,RUB_per_USD
2022-03-10,2022-03-10 00:00:00+00:00,CNY,18.3719,RUB_per_CNY
2022-03-10,2022-03-10 00:00:00+00:00,KZT,0.230647,RUB_per_KZT
2022-03-10,2022-03-10 00:00:00+00:00,USD,116.0847,RUB_per_USD
2022-03-11,2022-03-11 00:00:00+00:00,CNY,19.0415,RUB_per_CNY
2022-03-11,2022-03-11 00:00:00+00:00,KZT,0.231488,RUB_per_KZT
2022-03-11,2022-03-11 00:00:00+00:00,USD,120.3785,RUB_per_USD
2022-03-12,2022-03-12 00:00:00+00:00,CNY,18.4678,RUB_per_CNY
2022-03-12,2022-03-12 00:00:00+00:00,KZT,0.228376,RUB_per_KZT
2022-03-12,2022-03-12 00:00:00+00:00,USD,116.7517,RUB_per_USD
2022-03-15,2022-03-15 00:00:00+00:00,CNY,18.2218,RUB_per_CNY
2022-03-15,2022-03-15 00:00:00+00:00,KZT,0.224903,RUB_per_KZT
2022-03-15,2022-03-15 00:00:00+00:00,USD,115.1963,RUB_per_USD
2022-03-16,2022-03-16 00:00:00+00:00,CNY,17.4743,RUB_per_CNY
2022-03-16,2022-03-16 00:00:00+00:00,KZT,0.217075,RUB_per_KZT
2022-03-16,2022-03-16 00:00:00+00:00,USD,111.4823,RUB_per_USD
2022-03-17,2022-03-17 00:00:00+00:00,CNY,17.0155,RUB_per_CNY
2022-03-17,2022-03-17 00:00:00+00:00,KZT,0.212006,RUB_per_KZT
2022-03-17,2022-03-17 00:00:00+00:00,USD,108.0521,RUB_per_USD
2022-03-18,2022-03-18 00:00:00+00:00,CNY,16.5039,RUB_per_CNY
2022-03-18,2022-03-18 00:00:00+00:00,KZT,0.206141,RUB_per_KZT
2022-03-18,2022-03-18 00:00:00+00:00,USD,104.8012,RUB_per_USD
2022-03-19,2022-03-19 00:00:00+00:00,CNY,16.3332,RUB_per_CNY
2022-03-19,2022-03-19 00:00:00+00:00,KZT,0.204893,RUB_per_KZT
2022-03-19,2022-03-19 00:00:00+00:00,USD,103.9524,RUB_per_USD
2022-03-22,2022-03-22 00:00:00+00:00,CNY,16.4716,RUB_per_CNY
2022-03-22,2022-03-22 00:00:00+00:00,KZT,0.206331,RUB_per_KZT
2022-03-22,2022-03-22 00:00:00+00:00,USD,104.6819,RUB_per_USD
2022-03-23,2022-03-23 00:00:00+00:00,CNY,16.3582,RUB_per_CNY
2022-03-23,2022-03-23 00:00:00+00:00,KZT,0.205133,RUB_per_KZT
2022-03-23,2022-03-23 00:00:00+00:00,USD,104.0741,RUB_per_USD
2022-03-24,2022-03-24 00:00:00+00:00,CNY,16.1891,RUB_per_CNY
2022-03-24,2022-03-24 00:00:00+00:00,KZT,0.203014,RUB_per_KZT
2022-03-24,2022-03-24 00:00:00+00:00,USD,103.1618,RUB_per_USD
2022-03-25,2022-03-25 00:00:00+00:00,CNY,15.0771,RUB_per_CNY
2022-03-25,2022-03-25 00:00:00+00:00,KZT,0.194515,RUB_per_KZT
2022-03-25,2022-03-25 00:00:00+00:00,USD,96.0458,RUB_per_USD
2022-03-26,2022-03-26 00:00:00+00:00,CNY,15.031,RUB_per_CNY
2022-03-26,2022-03-26 00:00:00+00:00,KZT,0.193977,RUB_per_KZT
2022-03-26,2022-03-26 00:00:00+00:00,USD,95.6618,RUB_per_USD
2022-03-29,2022-03-29 00:00:00+00:00,CNY,14.7104,RUB_per_CNY
2022-03-29,2022-03-29 00:00:00+00:00,KZT,0.194731,RUB_per_KZT
2022-03-29,2022-03-29 00:00:00+00:00,USD,93.7125,RUB_per_USD
2022-03-30,2022-03-30 00:00:00+00:00,CNY,13.555,RUB_per_CNY
2022-03-30,2022-03-30 00:00:00+00:00,KZT,0.1847629999999999,RUB_per_KZT
2022-03-30,2022-03-30 00:00:00+00:00,USD,86.2843,RUB_per_USD
2022-03-31,2022-03-31 00:00:00+00:00,CNY,13.2388,RUB_per_CNY
2022-03-31,2022-03-31 00:00:00+00:00,KZT,0.180649,RUB_per_KZT
2022-03-31,2022-03-31 00:00:00+00:00,USD,84.0851,RUB_per_USD
2022-04-01,2022-04-01 00:00:00+00:00,CNY,13.1569,RUB_per_CNY
2022-04-01,2022-04-01 00:00:00+00:00,KZT,0.177349,RUB_per_KZT
2022-04-01,2022-04-01 00:00:00+00:00,USD,83.4097,RUB_per_USD
2022-04-02,2022-04-02 00:00:00+00:00,CNY,13.1111,RUB_per_CNY
2022-04-02,2022-04-02 00:00:00+00:00,KZT,0.175449,RUB_per_KZT
2022-04-02,2022-04-02 00:00:00+00:00,USD,83.4285,RUB_per_USD
2022-04-05,2022-04-05 00:00:00+00:00,CNY,13.1372,RUB_per_CNY
2022-04-05,2022-04-05 00:00:00+00:00,KZT,0.176894,RUB_per_KZT
2022-04-05,2022-04-05 00:00:00+00:00,USD,83.5932,RUB_per_USD
2022-04-06,2022-04-06 00:00:00+00:00,CNY,13.0993,RUB_per_CNY
2022-04-06,2022-04-06 00:00:00+00:00,KZT,0.176309,RUB_per_KZT
2022-04-06,2022-04-06 00:00:00+00:00,USD,83.352,RUB_per_USD
2022-04-07,2022-04-07 00:00:00+00:00,CNY,12.9838,RUB_per_CNY
2022-04-07,2022-04-07 00:00:00+00:00,KZT,0.178428,RUB_per_KZT
2022-04-07,2022-04-07 00:00:00+00:00,USD,82.5962,RUB_per_USD
2022-04-08,2022-04-08 00:00:00+00:00,CNY,11.9862,RUB_per_CNY
2022-04-08,2022-04-08 00:00:00+00:00,KZT,0.1649749999999999,RUB_per_KZT
2022-04-08,2022-04-08 00:00:00+00:00,USD,76.2547,RUB_per_USD
2022-04-09,2022-04-09 00:00:00+00:00,CNY,11.7611,RUB_per_CNY
2022-04-09,2022-04-09 00:00:00+00:00,KZT,0.163118,RUB_per_KZT
2022-04-09,2022-04-09 00:00:00+00:00,USD,74.8501,RUB_per_USD
2022-04-12,2022-04-12 00:00:00+00:00,CNY,12.4234,RUB_per_CNY
2022-04-12,2022-04-12 00:00:00+00:00,KZT,0.177134,RUB_per_KZT
2022-04-12,2022-04-12 00:00:00+00:00,USD,79.1596,RUB_per_USD
2022-04-13,2022-04-13 00:00:00+00:00,CNY,12.5043,RUB_per_CNY
2022-04-13,2022-04-13 00:00:00+00:00,KZT,0.177135,RUB_per_KZT
2022-04-13,2022-04-13 00:00:00+00:00,USD,79.6274,RUB_per_USD
2022-04-14,2022-04-14 00:00:00+00:00,CNY,12.5374,RUB_per_CNY
2022-04-14,2022-04-14 00:00:00+00:00,KZT,0.177541,RUB_per_KZT
2022-04-14,2022-04-14 00:00:00+00:00,USD,79.8471,RUB_per_USD
2022-04-15,2022-04-15 00:00:00+00:00,CNY,12.7499,RUB_per_CNY
2022-04-15,2022-04-15 00:00:00+00:00,KZT,0.180572,RUB_per_KZT
2022-04-15,2022-04-15 00:00:00+00:00,USD,81.288,RUB_per_USD
2022-04-16,2022-04-16 00:00:00+00:00,CNY,12.563,RUB_per_CNY
2022-04-16,2022-04-16 00:00:00+00:00,KZT,0.178593,RUB_per_KZT
2022-04-16,2022-04-16 00:00:00+00:00,USD,80.0437,RUB_per_USD
2022-04-19,2022-04-19 00:00:00+00:00,CNY,12.4818,RUB_per_CNY
2022-04-19,2022-04-19 00:00:00+00:00,KZT,0.174902,RUB_per_KZT
2022-04-19,2022-04-19 00:00:00+00:00,USD,79.4529,RUB_per_USD
2022-04-20,2022-04-20 00:00:00+00:00,CNY,12.3602,RUB_per_CNY
2022-04-20,2022-04-20 00:00:00+00:00,KZT,0.1756779999999999,RUB_per_KZT
2022-04-20,2022-04-20 00:00:00+00:00,USD,79.0287,RUB_per_USD
2022-04-21,2022-04-21 00:00:00+00:00,CNY,12.0155,RUB_per_CNY
2022-04-21,2022-04-21 00:00:00+00:00,KZT,0.173774,RUB_per_KZT
2022-04-21,2022-04-21 00:00:00+00:00,USD,77.0809,RUB_per_USD
2022-04-22,2022-04-22 00:00:00+00:00,CNY,11.635,RUB_per_CNY
2022-04-22,2022-04-22 00:00:00+00:00,KZT,0.168905,RUB_per_KZT
2022-04-22,2022-04-22 00:00:00+00:00,USD,74.999,RUB_per_USD
2022-04-23,2022-04-23 00:00:00+00:00,CNY,11.3057,RUB_per_CNY
2022-04-23,2022-04-23 00:00:00+00:00,KZT,0.165537,RUB_per_KZT
2022-04-23,2022-04-23 00:00:00+00:00,USD,73.505,RUB_per_USD
2022-04-26,2022-04-26 00:00:00+00:00,CNY,11.2289,RUB_per_CNY
2022-04-26,2022-04-26 00:00:00+00:00,KZT,0.165231,RUB_per_KZT
2022-04-26,2022-04-26 00:00:00+00:00,USD,73.3611,RUB_per_USD
2022-04-27,2022-04-27 00:00:00+00:00,CNY,11.1576,RUB_per_CNY
2022-04-27,2022-04-27 00:00:00+00:00,KZT,0.162203,RUB_per_KZT
2022-04-27,2022-04-27 00:00:00+00:00,USD,72.7089,RUB_per_USD
2022-04-28,2022-04-28 00:00:00+00:00,CNY,11.1223,RUB_per_CNY
2022-04-28,2022-04-28 00:00:00+00:00,KZT,0.160687,RUB_per_KZT
2022-04-28,2022-04-28 00:00:00+00:00,USD,72.8764,RUB_per_USD
2022-04-29,2022-04-29 00:00:00+00:00,CNY,10.9613,RUB_per_CNY
2022-04-29,2022-04-29 00:00:00+00:00,KZT,0.160817,RUB_per_KZT
2022-04-29,2022-04-29 00:00:00+00:00,USD,72.2953,RUB_per_USD
2022-04-30,2022-04-30 00:00:00+00:00,CNY,10.8518,RUB_per_CNY
2022-04-30,2022-04-30 00:00:00+00:00,KZT,0.158362,RUB_per_KZT
2022-04-30,2022-04-30 00:00:00+00:00,USD,71.0237,RUB_per_USD
2022-05-05,2022-05-05 00:00:00+00:00,CNY,10.4877,RUB_per_CNY
2022-05-05,2022-05-05 00:00:00+00:00,KZT,0.157178,RUB_per_KZT
2022-05-05,2022-05-05 00:00:00+00:00,USD,69.416,RUB_per_USD
2022-05-06,2022-05-06 00:00:00+00:00,CNY,9.99646,RUB_per_CNY
2022-05-06,2022-05-06 00:00:00+00:00,KZT,0.1516259999999999,RUB_per_KZT
2022-05-06,2022-05-06 00:00:00+00:00,USD,66.2378,RUB_per_USD
2022-05-07,2022-05-07 00:00:00+00:00,CNY,10.0352,RUB_per_CNY
2022-05-07,2022-05-07 00:00:00+00:00,KZT,0.157514,RUB_per_KZT
2022-05-07,2022-05-07 00:00:00+00:00,USD,67.3843,RUB_per_USD
2022-05-12,2022-05-12 00:00:00+00:00,CNY,10.2029,RUB_per_CNY
2022-05-12,2022-05-12 00:00:00+00:00,KZT,0.158443,RUB_per_KZT
2022-05-12,2022-05-12 00:00:00+00:00,USD,68.8389,RUB_per_USD
2022-05-13,2022-05-13 00:00:00+00:00,CNY,9.6905,RUB_per_CNY
2022-05-13,2022-05-13 00:00:00+00:00,KZT,0.148645,RUB_per_KZT
2022-05-13,2022-05-13 00:00:00+00:00,USD,65.7916,RUB_per_USD
2022-05-14,2022-05-14 00:00:00+00:00,CNY,9.36542,RUB_per_CNY
2022-05-14,2022-05-14 00:00:00+00:00,KZT,0.146701,RUB_per_KZT
2022-05-14,2022-05-14 00:00:00+00:00,USD,63.7799,RUB_per_USD
2022-05-17,2022-05-17 00:00:00+00:00,CNY,9.36231,RUB_per_CNY
2022-05-17,2022-05-17 00:00:00+00:00,KZT,0.14829,RUB_per_KZT
2022-05-17,2022-05-17 00:00:00+00:00,USD,63.4445,RUB_per_USD
2022-05-18,2022-05-18 00:00:00+00:00,CNY,9.44705,RUB_per_CNY
2022-05-18,2022-05-18 00:00:00+00:00,KZT,0.147922,RUB_per_KZT
2022-05-18,2022-05-18 00:00:00+00:00,USD,63.5428,RUB_per_USD
2022-05-19,2022-05-19 00:00:00+00:00,CNY,9.45947,RUB_per_CNY
2022-05-19,2022-05-19 00:00:00+00:00,KZT,0.146871,RUB_per_KZT
2022-05-19,2022-05-19 00:00:00+00:00,USD,63.5643,RUB_per_USD
2022-05-20,2022-05-20 00:00:00+00:00,CNY,9.2395,RUB_per_CNY
2022-05-20,2022-05-20 00:00:00+00:00,KZT,0.144221,RUB_per_KZT
2022-05-20,2022-05-20 00:00:00+00:00,USD,62.4031,RUB_per_USD
2022-05-21,2022-05-21 00:00:00+00:00,CNY,8.880320000000001,RUB_per_CNY
2022-05-21,2022-05-21 00:00:00+00:00,KZT,0.1364969999999999,RUB_per_KZT
2022-05-21,2022-05-21 00:00:00+00:00,USD,58.8862,RUB_per_USD
2022-05-24,2022-05-24 00:00:00+00:00,CNY,8.79854,RUB_per_CNY
2022-05-24,2022-05-24 00:00:00+00:00,KZT,0.136955,RUB_per_KZT
2022-05-24,2022-05-24 00:00:00+00:00,USD,58.2087,RUB_per_USD
2022-05-25,2022-05-25 00:00:00+00:00,CNY,8.70648,RUB_per_CNY
2022-05-25,2022-05-25 00:00:00+00:00,KZT,0.134095,RUB_per_KZT
2022-05-25,2022-05-25 00:00:00+00:00,USD,56.969,RUB_per_USD
2022-05-26,2022-05-26 00:00:00+00:00,CNY,8.5902,RUB_per_CNY
2022-05-26,2022-05-26 00:00:00+00:00,KZT,0.13504,RUB_per_KZT
2022-05-26,2022-05-26 00:00:00+00:00,USD,56.2996,RUB_per_USD
2022-05-27,2022-05-27 00:00:00+00:00,CNY,9.47641,RUB_per_CNY
2022-05-27,2022-05-27 00:00:00+00:00,KZT,0.149474,RUB_per_KZT
2022-05-27,2022-05-27 00:00:00+00:00,USD,62.0495,RUB_per_USD
2022-05-28,2022-05-28 00:00:00+00:00,CNY,10.0616,RUB_per_CNY
2022-05-28,2022-05-28 00:00:00+00:00,KZT,0.157349,RUB_per_KZT
2022-05-28,2022-05-28 00:00:00+00:00,USD,66.4029,RUB_per_USD
2022-05-31,2022-05-31 00:00:00+00:00,CNY,9.56025,RUB_per_CNY
2022-05-31,2022-05-31 00:00:00+00:00,KZT,0.145621,RUB_per_KZT
2022-05-31,2022-05-31 00:00:00+00:00,USD,63.0975,RUB_per_USD
2022-06-01,2022-06-01 00:00:00+00:00,CNY,9.40696,RUB_per_CNY
2022-06-01,2022-06-01 00:00:00+00:00,KZT,0.144147,RUB_per_KZT
2022-06-01,2022-06-01 00:00:00+00:00,USD,61.6069,RUB_per_USD
2022-06-02,2022-06-02 00:00:00+00:00,CNY,9.37092,RUB_per_CNY
2022-06-02,2022-06-02 00:00:00+00:00,KZT,0.148246,RUB_per_KZT
2022-06-02,2022-06-02 00:00:00+00:00,USD,61.4733,RUB_per_USD
2022-06-03,2022-06-03 00:00:00+00:00,CNY,9.35701,RUB_per_CNY
2022-06-03,2022-06-03 00:00:00+00:00,KZT,0.145012,RUB_per_KZT
2022-06-03,2022-06-03 00:00:00+00:00,USD,61.575,RUB_per_USD
2022-06-04,2022-06-04 00:00:00+00:00,CNY,9.41664,RUB_per_CNY
2022-06-04,2022-06-04 00:00:00+00:00,KZT,0.143181,RUB_per_KZT
2022-06-04,2022-06-04 00:00:00+00:00,USD,61.9659,RUB_per_USD
2022-06-07,2022-06-07 00:00:00+00:00,CNY,9.30979,RUB_per_CNY
2022-06-07,2022-06-07 00:00:00+00:00,KZT,0.141473,RUB_per_KZT
2022-06-07,2022-06-07 00:00:00+00:00,USD,61.1094,RUB_per_USD
2022-06-08,2022-06-08 00:00:00+00:00,CNY,9.30036,RUB_per_CNY
2022-06-08,2022-06-08 00:00:00+00:00,KZT,0.141142,RUB_per_KZT
2022-06-08,2022-06-08 00:00:00+00:00,USD,60.9565,RUB_per_USD
2022-06-09,2022-06-09 00:00:00+00:00,CNY,9.26609,RUB_per_CNY
2022-06-09,2022-06-09 00:00:00+00:00,KZT,0.140258,RUB_per_KZT
2022-06-09,2022-06-09 00:00:00+00:00,USD,60.2282,RUB_per_USD
2022-06-10,2022-06-10 00:00:00+00:00,CNY,9.08111,RUB_per_CNY
2022-06-10,2022-06-10 00:00:00+00:00,KZT,0.134709,RUB_per_KZT
2022-06-10,2022-06-10 00:00:00+00:00,USD,58.3895,RUB_per_USD
2022-06-11,2022-06-11 00:00:00+00:00,CNY,8.897920000000001,RUB_per_CNY
2022-06-11,2022-06-11 00:00:00+00:00,KZT,0.132973,RUB_per_KZT
2022-06-11,2022-06-11 00:00:00+00:00,USD,57.778,RUB_per_USD
2022-06-15,2022-06-15 00:00:00+00:00,CNY,8.60514,RUB_per_CNY
2022-06-15,2022-06-15 00:00:00+00:00,KZT,0.130892,RUB_per_KZT
2022-06-15,2022-06-15 00:00:00+00:00,USD,57.0926,RUB_per_USD
2022-06-16,2022-06-16 00:00:00+00:00,CNY,8.54161,RUB_per_CNY
2022-06-16,2022-06-16 00:00:00+00:00,KZT,0.129983,RUB_per_KZT
2022-06-16,2022-06-16 00:00:00+00:00,USD,56.6624,RUB_per_USD
2022-06-17,2022-06-17 00:00:00+00:00,CNY,8.55449,RUB_per_CNY
2022-06-17,2022-06-17 00:00:00+00:00,KZT,0.129711,RUB_per_KZT
2022-06-17,2022-06-17 00:00:00+00:00,USD,56.8691,RUB_per_USD
2022-06-18,2022-06-18 00:00:00+00:00,CNY,8.55776,RUB_per_CNY
2022-06-18,2022-06-18 00:00:00+00:00,KZT,0.128254,RUB_per_KZT
2022-06-18,2022-06-18 00:00:00+00:00,USD,56.7101,RUB_per_USD
2022-06-21,2022-06-21 00:00:00+00:00,CNY,8.47402,RUB_per_CNY
2022-06-21,2022-06-21 00:00:00+00:00,KZT,0.125703,RUB_per_KZT
2022-06-21,2022-06-21 00:00:00+00:00,USD,56.1727,RUB_per_USD
2022-06-22,2022-06-22 00:00:00+00:00,CNY,8.26992,RUB_per_CNY
2022-06-22,2022-06-22 00:00:00+00:00,KZT,0.123422,RUB_per_KZT
2022-06-22,2022-06-22 00:00:00+00:00,USD,54.7081,RUB_per_USD
2022-06-23,2022-06-23 00:00:00+00:00,CNY,8.02259,RUB_per_CNY
2022-06-23,2022-06-23 00:00:00+00:00,KZT,0.118944,RUB_per_KZT
2022-06-23,2022-06-23 00:00:00+00:00,USD,53.2788,RUB_per_USD
2022-06-24,2022-06-24 00:00:00+00:00,CNY,8.00483,RUB_per_CNY
2022-06-24,2022-06-24 00:00:00+00:00,KZT,0.1175,RUB_per_KZT
2022-06-24,2022-06-24 00:00:00+00:00,USD,53.3578,RUB_per_USD
2022-06-25,2022-06-25 00:00:00+00:00,CNY,8.01826,RUB_per_CNY
2022-06-25,2022-06-25 00:00:00+00:00,KZT,0.1147209999999999,RUB_per_KZT
2022-06-25,2022-06-25 00:00:00+00:00,USD,53.3234,RUB_per_USD
2022-06-28,2022-06-28 00:00:00+00:00,CNY,8.04837,RUB_per_CNY
2022-06-28,2022-06-28 00:00:00+00:00,KZT,0.113324,RUB_per_KZT
2022-06-28,2022-06-28 00:00:00+00:00,USD,53.3641,RUB_per_USD
2022-06-29,2022-06-29 00:00:00+00:00,CNY,7.97616,RUB_per_CNY
2022-06-29,2022-06-29 00:00:00+00:00,KZT,0.114915,RUB_per_KZT
2022-06-29,2022-06-29 00:00:00+00:00,USD,52.9699,RUB_per_USD
2022-06-30,2022-06-30 00:00:00+00:00,CNY,7.69846,RUB_per_CNY
2022-06-30,2022-06-30 00:00:00+00:00,KZT,0.112176,RUB_per_KZT
2022-06-30,2022-06-30 00:00:00+00:00,USD,51.158,RUB_per_USD
2022-07-01,2022-07-01 00:00:00+00:00,CNY,8.28897,RUB_per_CNY
2022-07-01,2022-07-01 00:00:00+00:00,KZT,0.11291,RUB_per_KZT
2022-07-01,2022-07-01 00:00:00+00:00,USD,52.5123,RUB_per_USD
2022-07-02,2022-07-02 00:00:00+00:00,CNY,8.59418,RUB_per_CNY
2022-07-02,2022-07-02 00:00:00+00:00,KZT,0.114316,RUB_per_KZT
2022-07-02,2022-07-02 00:00:00+00:00,USD,53.7676,RUB_per_USD
2022-07-05,2022-07-05 00:00:00+00:00,CNY,8.713989999999999,RUB_per_CNY
2022-07-05,2022-07-05 00:00:00+00:00,KZT,0.118098,RUB_per_KZT
2022-07-05,2022-07-05 00:00:00+00:00,USD,55.0858,RUB_per_USD
2022-07-06,2022-07-06 00:00:00+00:00,CNY,8.94609,RUB_per_CNY
2022-07-06,2022-07-06 00:00:00+00:00,KZT,0.12606,RUB_per_KZT
2022-07-06,2022-07-06 00:00:00+00:00,USD,58.5118,RUB_per_USD
2022-07-07,2022-07-07 00:00:00+00:00,CNY,9.55793,RUB_per_CNY
2022-07-07,2022-07-07 00:00:00+00:00,KZT,0.134064,RUB_per_KZT
2022-07-07,2022-07-07 00:00:00+00:00,USD,62.911,RUB_per_USD
2022-07-08,2022-07-08 00:00:00+00:00,CNY,9.59366,RUB_per_CNY
2022-07-08,2022-07-08 00:00:00+00:00,KZT,0.134558,RUB_per_KZT
2022-07-08,2022-07-08 00:00:00+00:00,USD,63.1427,RUB_per_USD
2022-07-09,2022-07-09 00:00:00+00:00,CNY,9.28268,RUB_per_CNY
2022-07-09,2022-07-09 00:00:00+00:00,KZT,0.128376,RUB_per_KZT
2022-07-09,2022-07-09 00:00:00+00:00,USD,61.2664,RUB_per_USD
2022-07-12,2022-07-12 00:00:00+00:00,CNY,9.21024,RUB_per_CNY
2022-07-12,2022-07-12 00:00:00+00:00,KZT,0.129084,RUB_per_KZT
2022-07-12,2022-07-12 00:00:00+00:00,USD,61.3045,RUB_per_USD
2022-07-13,2022-07-13 00:00:00+00:00,CNY,8.79476,RUB_per_CNY
2022-07-13,2022-07-13 00:00:00+00:00,KZT,0.126609,RUB_per_KZT
2022-07-13,2022-07-13 00:00:00+00:00,USD,58.8541,RUB_per_USD
2022-07-14,2022-07-14 00:00:00+00:00,CNY,8.724509999999999,RUB_per_CNY
2022-07-14,2022-07-14 00:00:00+00:00,KZT,0.1236469999999999,RUB_per_KZT
2022-07-14,2022-07-14 00:00:00+00:00,USD,58.5322,RUB_per_USD
2022-07-15,2022-07-15 00:00:00+00:00,CNY,8.63954,RUB_per_CNY
2022-07-15,2022-07-15 00:00:00+00:00,KZT,0.1224109999999999,RUB_per_KZT
2022-07-15,2022-07-15 00:00:00+00:00,USD,58.2568,RUB_per_USD
2022-07-16,2022-07-16 00:00:00+00:00,CNY,8.57233,RUB_per_CNY
2022-07-16,2022-07-16 00:00:00+00:00,KZT,0.120889,RUB_per_KZT
2022-07-16,2022-07-16 00:00:00+00:00,USD,57.8323,RUB_per_USD
2022-07-19,2022-07-19 00:00:00+00:00,CNY,8.42641,RUB_per_CNY
2022-07-19,2022-07-19 00:00:00+00:00,KZT,0.1177459999999999,RUB_per_KZT
2022-07-19,2022-07-19 00:00:00+00:00,USD,56.5616,RUB_per_USD
2022-07-20,2022-07-20 00:00:00+00:00,CNY,8.25787,RUB_per_CNY
2022-07-20,2022-07-20 00:00:00+00:00,KZT,0.114497,RUB_per_KZT
2022-07-20,2022-07-20 00:00:00+00:00,USD,55.437,RUB_per_USD
2022-07-21,2022-07-21 00:00:00+00:00,CNY,8.16011,RUB_per_CNY
2022-07-21,2022-07-21 00:00:00+00:00,KZT,0.114183,RUB_per_KZT
2022-07-21,2022-07-21 00:00:00+00:00,USD,54.8491,RUB_per_USD
2022-07-22,2022-07-22 00:00:00+00:00,CNY,8.39854,RUB_per_CNY
2022-07-22,2022-07-22 00:00:00+00:00,KZT,0.11737,RUB_per_KZT
2022-07-22,2022-07-22 00:00:00+00:00,USD,56.4783,RUB_per_USD
2022-07-23,2022-07-23 00:00:00+00:00,CNY,8.58282,RUB_per_CNY
2022-07-23,2022-07-23 00:00:00+00:00,KZT,0.11906,RUB_per_KZT
2022-07-23,2022-07-23 00:00:00+00:00,USD,57.3917,RUB_per_USD
2022-07-26,2022-07-26 00:00:00+00:00,CNY,8.63099,RUB_per_CNY
2022-07-26,2022-07-26 00:00:00+00:00,KZT,0.1194139999999999,RUB_per_KZT
2022-07-26,2022-07-26 00:00:00+00:00,USD,57.7821,RUB_per_USD
2022-07-27,2022-07-27 00:00:00+00:00,CNY,8.78717,RUB_per_CNY
2022-07-27,2022-07-27 00:00:00+00:00,KZT,0.1232569999999999,RUB_per_KZT
2022-07-27,2022-07-27 00:00:00+00:00,USD,58.6605,RUB_per_USD
2022-07-28,2022-07-28 00:00:00+00:00,CNY,9.04128,RUB_per_CNY
2022-07-28,2022-07-28 00:00:00+00:00,KZT,0.125502,RUB_per_KZT
2022-07-28,2022-07-28 00:00:00+00:00,USD,60.2198,RUB_per_USD
2022-07-29,2022-07-29 00:00:00+00:00,CNY,9.04549,RUB_per_CNY
2022-07-29,2022-07-29 00:00:00+00:00,KZT,0.125381,RUB_per_KZT
2022-07-29,2022-07-29 00:00:00+00:00,USD,60.2031,RUB_per_USD
2022-07-30,2022-07-30 00:00:00+00:00,CNY,9.21636,RUB_per_CNY
2022-07-30,2022-07-30 00:00:00+00:00,KZT,0.128055,RUB_per_KZT
2022-07-30,2022-07-30 00:00:00+00:00,USD,61.3101,RUB_per_USD
2022-08-02,2022-08-02 00:00:00+00:00,CNY,9.28229,RUB_per_CNY
2022-08-02,2022-08-02 00:00:00+00:00,KZT,0.130061,RUB_per_KZT
2022-08-02,2022-08-02 00:00:00+00:00,USD,62.0506,RUB_per_USD
2022-08-03,2022-08-03 00:00:00+00:00,CNY,8.95175,RUB_per_CNY
2022-08-03,2022-08-03 00:00:00+00:00,KZT,0.12546,RUB_per_KZT
2022-08-03,2022-08-03 00:00:00+00:00,USD,60.1595,RUB_per_USD
2022-08-04,2022-08-04 00:00:00+00:00,CNY,8.94465,RUB_per_CNY
2022-08-04,2022-08-04 00:00:00+00:00,KZT,0.126605,RUB_per_KZT
2022-08-04,2022-08-04 00:00:00+00:00,USD,60.2374,RUB_per_USD
2022-08-05,2022-08-05 00:00:00+00:00,CNY,8.933620000000001,RUB_per_CNY
2022-08-05,2022-08-05 00:00:00+00:00,KZT,0.126521,RUB_per_KZT
2022-08-05,2022-08-05 00:00:00+00:00,USD,60.258,RUB_per_USD
2022-08-06,2022-08-06 00:00:00+00:00,CNY,8.96876,RUB_per_CNY
2022-08-06,2022-08-06 00:00:00+00:00,KZT,0.126779,RUB_per_KZT
2022-08-06,2022-08-06 00:00:00+00:00,USD,60.3696,RUB_per_USD
2022-08-09,2022-08-09 00:00:00+00:00,CNY,8.9613,RUB_per_CNY
2022-08-09,2022-08-09 00:00:00+00:00,KZT,0.12619,RUB_per_KZT
2022-08-09,2022-08-09 00:00:00+00:00,USD,60.3164,RUB_per_USD
2022-08-10,2022-08-10 00:00:00+00:00,CNY,8.95342,RUB_per_CNY
2022-08-10,2022-08-10 00:00:00+00:00,KZT,0.126687,RUB_per_KZT
2022-08-10,2022-08-10 00:00:00+00:00,USD,60.3814,RUB_per_USD
2022-08-11,2022-08-11 00:00:00+00:00,CNY,8.95251,RUB_per_CNY
2022-08-11,2022-08-11 00:00:00+00:00,KZT,0.12637,RUB_per_KZT
2022-08-11,2022-08-11 00:00:00+00:00,USD,60.4542,RUB_per_USD
2022-08-12,2022-08-12 00:00:00+00:00,CNY,9.00583,RUB_per_CNY
2022-08-12,2022-08-12 00:00:00+00:00,KZT,0.126823,RUB_per_KZT
2022-08-12,2022-08-12 00:00:00+00:00,USD,60.6229,RUB_per_USD
2022-08-13,2022-08-13 00:00:00+00:00,CNY,9.03978,RUB_per_CNY
2022-08-13,2022-08-13 00:00:00+00:00,KZT,0.127492,RUB_per_KZT
2022-08-13,2022-08-13 00:00:00+00:00,USD,60.8993,RUB_per_USD
2022-08-16,2022-08-16 00:00:00+00:00,CNY,9.04515,RUB_per_CNY
2022-08-16,2022-08-16 00:00:00+00:00,KZT,0.128936,RUB_per_KZT
2022-08-16,2022-08-16 00:00:00+00:00,USD,61.3747,RUB_per_USD
2022-08-17,2022-08-17 00:00:00+00:00,CNY,9.01556,RUB_per_CNY
2022-08-17,2022-08-17 00:00:00+00:00,KZT,0.128995,RUB_per_KZT
2022-08-17,2022-08-17 00:00:00+00:00,USD,61.4247,RUB_per_USD
2022-08-18,2022-08-18 00:00:00+00:00,CNY,8.950990000000001,RUB_per_CNY
2022-08-18,2022-08-18 00:00:00+00:00,KZT,0.127482,RUB_per_KZT
2022-08-18,2022-08-18 00:00:00+00:00,USD,60.7552,RUB_per_USD
2022-08-19,2022-08-19 00:00:00+00:00,CNY,8.8274,RUB_per_CNY
2022-08-19,2022-08-19 00:00:00+00:00,KZT,0.125907,RUB_per_KZT
2022-08-19,2022-08-19 00:00:00+00:00,USD,59.957,RUB_per_USD
2022-08-20,2022-08-20 00:00:00+00:00,CNY,8.6583,RUB_per_CNY
2022-08-20,2022-08-20 00:00:00+00:00,KZT,0.124243,RUB_per_KZT
2022-08-20,2022-08-20 00:00:00+00:00,USD,59.1321,RUB_per_USD
2022-08-23,2022-08-23 00:00:00+00:00,CNY,8.71277,RUB_per_CNY
2022-08-23,2022-08-23 00:00:00+00:00,KZT,0.125395,RUB_per_KZT
2022-08-23,2022-08-23 00:00:00+00:00,USD,59.7419,RUB_per_USD
2022-08-24,2022-08-24 00:00:00+00:00,CNY,8.71738,RUB_per_CNY
2022-08-24,2022-08-24 00:00:00+00:00,KZT,0.126366,RUB_per_KZT
2022-08-24,2022-08-24 00:00:00+00:00,USD,59.8963,RUB_per_USD
2022-08-25,2022-08-25 00:00:00+00:00,CNY,8.73526,RUB_per_CNY
2022-08-25,2022-08-25 00:00:00+00:00,KZT,0.127532,RUB_per_KZT
2022-08-25,2022-08-25 00:00:00+00:00,USD,59.9974,RUB_per_USD
2022-08-26,2022-08-26 00:00:00+00:00,CNY,8.71936,RUB_per_CNY
2022-08-26,2022-08-26 00:00:00+00:00,KZT,0.129378,RUB_per_KZT
2022-08-26,2022-08-26 00:00:00+00:00,USD,59.7699,RUB_per_USD
2022-08-27,2022-08-27 00:00:00+00:00,CNY,8.74478,RUB_per_CNY
2022-08-27,2022-08-27 00:00:00+00:00,KZT,0.129217,RUB_per_KZT
2022-08-27,2022-08-27 00:00:00+00:00,USD,60.0924,RUB_per_USD
2022-08-30,2022-08-30 00:00:00+00:00,CNY,8.72167,RUB_per_CNY
2022-08-30,2022-08-30 00:00:00+00:00,KZT,0.128954,RUB_per_KZT
2022-08-30,2022-08-30 00:00:00+00:00,USD,60.3636,RUB_per_USD
2022-08-31,2022-08-31 00:00:00+00:00,CNY,8.738299999999999,RUB_per_CNY
2022-08-31,2022-08-31 00:00:00+00:00,KZT,0.128963,RUB_per_KZT
2022-08-31,2022-08-31 00:00:00+00:00,USD,60.3677,RUB_per_USD
2022-09-01,2022-09-01 00:00:00+00:00,CNY,8.72611,RUB_per_CNY
2022-09-01,2022-09-01 00:00:00+00:00,KZT,0.128687,RUB_per_KZT
2022-09-01,2022-09-01 00:00:00+00:00,USD,60.2386,RUB_per_USD
2022-09-02,2022-09-02 00:00:00+00:00,CNY,8.72835,RUB_per_CNY
2022-09-02,2022-09-02 00:00:00+00:00,KZT,0.1275639999999999,RUB_per_KZT
2022-09-02,2022-09-02 00:00:00+00:00,USD,60.237,RUB_per_USD
2022-09-03,2022-09-03 00:00:00+00:00,CNY,8.743649999999999,RUB_per_CNY
2022-09-03,2022-09-03 00:00:00+00:00,KZT,0.1280599999999999,RUB_per_KZT
2022-09-03,2022-09-03 00:00:00+00:00,USD,60.3713,RUB_per_USD
2022-09-06,2022-09-06 00:00:00+00:00,CNY,8.784180000000001,RUB_per_CNY
2022-09-06,2022-09-06 00:00:00+00:00,KZT,0.128904,RUB_per_KZT
2022-09-06,2022-09-06 00:00:00+00:00,USD,60.9033,RUB_per_USD
2022-09-07,2022-09-07 00:00:00+00:00,CNY,8.747060000000001,RUB_per_CNY
2022-09-07,2022-09-07 00:00:00+00:00,KZT,0.128757,RUB_per_KZT
2022-09-07,2022-09-07 00:00:00+00:00,USD,60.8544,RUB_per_USD
2022-09-08,2022-09-08 00:00:00+00:00,CNY,8.756499999999999,RUB_per_CNY
2022-09-08,2022-09-08 00:00:00+00:00,KZT,0.129493,RUB_per_KZT
2022-09-08,2022-09-08 00:00:00+00:00,USD,61.1814,RUB_per_USD
2022-09-09,2022-09-09 00:00:00+00:00,CNY,8.73741,RUB_per_CNY
2022-09-09,2022-09-09 00:00:00+00:00,KZT,0.128516,RUB_per_KZT
2022-09-09,2022-09-09 00:00:00+00:00,USD,60.801,RUB_per_USD
2022-09-10,2022-09-10 00:00:00+00:00,CNY,8.73512,RUB_per_CNY
2022-09-10,2022-09-10 00:00:00+00:00,KZT,0.1266489999999999,RUB_per_KZT
2022-09-10,2022-09-10 00:00:00+00:00,USD,60.4696,RUB_per_USD
2022-09-13,2022-09-13 00:00:00+00:00,CNY,8.725249999999999,RUB_per_CNY
2022-09-13,2022-09-13 00:00:00+00:00,KZT,0.127721,RUB_per_KZT
2022-09-13,2022-09-13 00:00:00+00:00,USD,60.4568,RUB_per_USD
2022-09-14,2022-09-14 00:00:00+00:00,CNY,8.66164,RUB_per_CNY
2022-09-14,2022-09-14 00:00:00+00:00,KZT,0.127265,RUB_per_KZT
2022-09-14,2022-09-14 00:00:00+00:00,USD,60.0676,RUB_per_USD
2022-09-15,2022-09-15 00:00:00+00:00,CNY,8.56771,RUB_per_CNY
2022-09-15,2022-09-15 00:00:00+00:00,KZT,0.126254,RUB_per_KZT
2022-09-15,2022-09-15 00:00:00+00:00,USD,59.7751,RUB_per_USD
2022-09-16,2022-09-16 00:00:00+00:00,CNY,8.54232,RUB_per_CNY
2022-09-16,2022-09-16 00:00:00+00:00,KZT,0.125902,RUB_per_KZT
2022-09-16,2022-09-16 00:00:00+00:00,USD,59.6663,RUB_per_USD
2022-09-17,2022-09-17 00:00:00+00:00,CNY,8.54611,RUB_per_CNY
2022-09-17,2022-09-17 00:00:00+00:00,KZT,0.126598,RUB_per_KZT
2022-09-17,2022-09-17 00:00:00+00:00,USD,60.0316,RUB_per_USD
2022-09-20,2022-09-20 00:00:00+00:00,CNY,8.55472,RUB_per_CNY
2022-09-20,2022-09-20 00:00:00+00:00,KZT,0.126103,RUB_per_KZT
2022-09-20,2022-09-20 00:00:00+00:00,USD,60.1662,RUB_per_USD
2022-09-21,2022-09-21 00:00:00+00:00,CNY,8.54169,RUB_per_CNY
2022-09-21,2022-09-21 00:00:00+00:00,KZT,0.125677,RUB_per_KZT
2022-09-21,2022-09-21 00:00:00+00:00,USD,60.0158,RUB_per_USD
2022-09-22,2022-09-22 00:00:00+00:00,CNY,8.602419999999999,RUB_per_CNY
2022-09-22,2022-09-22 00:00:00+00:00,KZT,0.127271,RUB_per_KZT
2022-09-22,2022-09-22 00:00:00+00:00,USD,60.8685,RUB_per_USD
2022-09-23,2022-09-23 00:00:00+00:00,CNY,8.43825,RUB_per_CNY
2022-09-23,2022-09-23 00:00:00+00:00,KZT,0.125242,RUB_per_KZT
2022-09-23,2022-09-23 00:00:00+00:00,USD,59.8318,RUB_per_USD
2022-09-24,2022-09-24 00:00:00+00:00,CNY,8.15329,RUB_per_CNY
2022-09-24,2022-09-24 00:00:00+00:00,KZT,0.1207179999999999,RUB_per_KZT
2022-09-24,2022-09-24 00:00:00+00:00,USD,58.1006,RUB_per_USD
2022-09-27,2022-09-27 00:00:00+00:00,CNY,8.09047,RUB_per_CNY
2022-09-27,2022-09-27 00:00:00+00:00,KZT,0.120977,RUB_per_KZT
2022-09-27,2022-09-27 00:00:00+00:00,USD,57.999,RUB_per_USD
2022-09-28,2022-09-28 00:00:00+00:00,CNY,8.10556,RUB_per_CNY
2022-09-28,2022-09-28 00:00:00+00:00,KZT,0.121867,RUB_per_KZT
2022-09-28,2022-09-28 00:00:00+00:00,USD,58.1756,RUB_per_USD
2022-09-29,2022-09-29 00:00:00+00:00,CNY,8.072,RUB_per_CNY
2022-09-29,2022-09-29 00:00:00+00:00,KZT,0.122047,RUB_per_KZT
2022-09-29,2022-09-29 00:00:00+00:00,USD,58.4485,RUB_per_USD
2022-09-30,2022-09-30 00:00:00+00:00,CNY,7.98495,RUB_per_CNY
2022-09-30,2022-09-30 00:00:00+00:00,KZT,0.119763,RUB_per_KZT
2022-09-30,2022-09-30 00:00:00+00:00,USD,57.413,RUB_per_USD
2022-10-01,2022-10-01 00:00:00+00:00,CNY,8.15532,RUB_per_CNY
2022-10-01,2022-10-01 00:00:00+00:00,KZT,0.115957,RUB_per_KZT
2022-10-01,2022-10-01 00:00:00+00:00,USD,55.2987,RUB_per_USD
2022-10-04,2022-10-04 00:00:00+00:00,CNY,8.13315,RUB_per_CNY
2022-10-04,2022-10-04 00:00:00+00:00,KZT,0.1207579999999999,RUB_per_KZT
2022-10-04,2022-10-04 00:00:00+00:00,USD,57.5664,RUB_per_USD
2022-10-05,2022-10-05 00:00:00+00:00,CNY,8.1823,RUB_per_CNY
2022-10-05,2022-10-05 00:00:00+00:00,KZT,0.123638,RUB_per_KZT
2022-10-05,2022-10-05 00:00:00+00:00,USD,58.7913,RUB_per_USD
2022-10-06,2022-10-06 00:00:00+00:00,CNY,8.3637,RUB_per_CNY
2022-10-06,2022-10-06 00:00:00+00:00,KZT,0.125676,RUB_per_KZT
2022-10-06,2022-10-06 00:00:00+00:00,USD,59.4043,RUB_per_USD
2022-10-07,2022-10-07 00:00:00+00:00,CNY,8.590779999999999,RUB_per_CNY
2022-10-07,2022-10-07 00:00:00+00:00,KZT,0.128182,RUB_per_KZT
2022-10-07,2022-10-07 00:00:00+00:00,USD,60.2534,RUB_per_USD
2022-10-08,2022-10-08 00:00:00+00:00,CNY,8.59359,RUB_per_CNY
2022-10-08,2022-10-08 00:00:00+00:00,KZT,0.130661,RUB_per_KZT
2022-10-08,2022-10-08 00:00:00+00:00,USD,61.2475,RUB_per_USD
2022-10-11,2022-10-11 00:00:00+00:00,CNY,8.61548,RUB_per_CNY
2022-10-11,2022-10-11 00:00:00+00:00,KZT,0.1320069999999999,RUB_per_KZT
2022-10-11,2022-10-11 00:00:00+00:00,USD,62.3126,RUB_per_USD
2022-10-12,2022-10-12 00:00:00+00:00,CNY,8.752410000000001,RUB_per_CNY
2022-10-12,2022-10-12 00:00:00+00:00,KZT,0.1345299999999999,RUB_per_KZT
2022-10-12,2022-10-12 00:00:00+00:00,USD,63.684,RUB_per_USD
2022-10-13,2022-10-13 00:00:00+00:00,CNY,8.669799999999999,RUB_per_CNY
2022-10-13,2022-10-13 00:00:00+00:00,KZT,0.134237,RUB_per_KZT
2022-10-13,2022-10-13 00:00:00+00:00,USD,63.7559,RUB_per_USD
2022-10-14,2022-10-14 00:00:00+00:00,CNY,8.70486,RUB_per_CNY
2022-10-14,2022-10-14 00:00:00+00:00,KZT,0.132858,RUB_per_KZT
2022-10-14,2022-10-14 00:00:00+00:00,USD,63.4917,RUB_per_USD
2022-10-15,2022-10-15 00:00:00+00:00,CNY,8.69152,RUB_per_CNY
2022-10-15,2022-10-15 00:00:00+00:00,KZT,0.131553,RUB_per_KZT
2022-10-15,2022-10-15 00:00:00+00:00,USD,63.0558,RUB_per_USD
2022-10-18,2022-10-18 00:00:00+00:00,CNY,8.52304,RUB_per_CNY
2022-10-18,2022-10-18 00:00:00+00:00,KZT,0.129513,RUB_per_KZT
2022-10-18,2022-10-18 00:00:00+00:00,USD,61.7634,RUB_per_USD
2022-10-19,2022-10-19 00:00:00+00:00,CNY,8.50975,RUB_per_CNY
2022-10-19,2022-10-19 00:00:00+00:00,KZT,0.130473,RUB_per_KZT
2022-10-19,2022-10-19 00:00:00+00:00,USD,61.7032,RUB_per_USD
2022-10-20,2022-10-20 00:00:00+00:00,CNY,8.45711,RUB_per_CNY
2022-10-20,2022-10-20 00:00:00+00:00,KZT,0.130246,RUB_per_KZT
2022-10-20,2022-10-20 00:00:00+00:00,USD,61.5905,RUB_per_USD
2022-10-21,2022-10-21 00:00:00+00:00,CNY,8.45185,RUB_per_CNY
2022-10-21,2022-10-21 00:00:00+00:00,KZT,0.130819,RUB_per_KZT
2022-10-21,2022-10-21 00:00:00+00:00,USD,61.5018,RUB_per_USD
2022-10-22,2022-10-22 00:00:00+00:00,CNY,8.3732,RUB_per_CNY
2022-10-22,2022-10-22 00:00:00+00:00,KZT,0.130685,RUB_per_KZT
2022-10-22,2022-10-22 00:00:00+00:00,USD,61.1958,RUB_per_USD
2022-10-25,2022-10-25 00:00:00+00:00,CNY,8.32169,RUB_per_CNY
2022-10-25,2022-10-25 00:00:00+00:00,KZT,0.129328,RUB_per_KZT
2022-10-25,2022-10-25 00:00:00+00:00,USD,61.1629,RUB_per_USD
2022-10-26,2022-10-26 00:00:00+00:00,CNY,8.324160000000001,RUB_per_CNY
2022-10-26,2022-10-26 00:00:00+00:00,KZT,0.129686,RUB_per_KZT
2022-10-26,2022-10-26 00:00:00+00:00,USD,61.3326,RUB_per_USD
2022-10-27,2022-10-27 00:00:00+00:00,CNY,8.478449999999999,RUB_per_CNY
2022-10-27,2022-10-27 00:00:00+00:00,KZT,0.129888,RUB_per_KZT
2022-10-27,2022-10-27 00:00:00+00:00,USD,61.4277,RUB_per_USD
2022-10-28,2022-10-28 00:00:00+00:00,CNY,8.43967,RUB_per_CNY
2022-10-28,2022-10-28 00:00:00+00:00,KZT,0.130185,RUB_per_KZT
2022-10-28,2022-10-28 00:00:00+00:00,USD,61.3589,RUB_per_USD
2022-10-29,2022-10-29 00:00:00+00:00,CNY,8.43159,RUB_per_CNY
2022-10-29,2022-10-29 00:00:00+00:00,KZT,0.1322289999999999,RUB_per_KZT
2022-10-29,2022-10-29 00:00:00+00:00,USD,61.5343,RUB_per_USD
2022-11-01,2022-11-01 00:00:00+00:00,CNY,8.39469,RUB_per_CNY
2022-11-01,2022-11-01 00:00:00+00:00,KZT,0.131955,RUB_per_KZT
2022-11-01,2022-11-01 00:00:00+00:00,USD,61.6229,RUB_per_USD
2022-11-02,2022-11-02 00:00:00+00:00,CNY,8.40548,RUB_per_CNY
2022-11-02,2022-11-02 00:00:00+00:00,KZT,0.131157,RUB_per_KZT
2022-11-02,2022-11-02 00:00:00+00:00,USD,61.4275,RUB_per_USD
2022-11-03,2022-11-03 00:00:00+00:00,CNY,8.42847,RUB_per_CNY
2022-11-03,2022-11-03 00:00:00+00:00,KZT,0.132164,RUB_per_KZT
2022-11-03,2022-11-03 00:00:00+00:00,USD,61.6175,RUB_per_USD
2022-11-04,2022-11-04 00:00:00+00:00,CNY,8.43037,RUB_per_CNY
2022-11-04,2022-11-04 00:00:00+00:00,KZT,0.134826,RUB_per_KZT
2022-11-04,2022-11-04 00:00:00+00:00,USD,62.0955,RUB_per_USD
2022-11-08,2022-11-08 00:00:00+00:00,CNY,8.43154,RUB_per_CNY
2022-11-08,2022-11-08 00:00:00+00:00,KZT,0.131848,RUB_per_KZT
2022-11-08,2022-11-08 00:00:00+00:00,USD,61.2367,RUB_per_USD
2022-11-09,2022-11-09 00:00:00+00:00,CNY,8.36997,RUB_per_CNY
2022-11-09,2022-11-09 00:00:00+00:00,KZT,0.131304,RUB_per_KZT
2022-11-09,2022-11-09 00:00:00+00:00,USD,60.9774,RUB_per_USD
2022-11-10,2022-11-10 00:00:00+00:00,CNY,8.39724,RUB_per_CNY
2022-11-10,2022-11-10 00:00:00+00:00,KZT,0.131594,RUB_per_KZT
2022-11-10,2022-11-10 00:00:00+00:00,USD,61.0611,RUB_per_USD
2022-11-11,2022-11-11 00:00:00+00:00,CNY,8.40456,RUB_per_CNY
2022-11-11,2022-11-11 00:00:00+00:00,KZT,0.131542,RUB_per_KZT
2022-11-11,2022-11-11 00:00:00+00:00,USD,61.2434,RUB_per_USD
2022-11-12,2022-11-12 00:00:00+00:00,CNY,8.44637,RUB_per_CNY
2022-11-12,2022-11-12 00:00:00+00:00,KZT,0.1282809999999999,RUB_per_KZT
2022-11-12,2022-11-12 00:00:00+00:00,USD,60.2179,RUB_per_USD
2022-11-15,2022-11-15 00:00:00+00:00,CNY,8.542480000000001,RUB_per_CNY
2022-11-15,2022-11-15 00:00:00+00:00,KZT,0.130729,RUB_per_KZT
2022-11-15,2022-11-15 00:00:00+00:00,USD,60.3982,RUB_per_USD
2022-11-16,2022-11-16 00:00:00+00:00,CNY,8.53691,RUB_per_CNY
2022-11-16,2022-11-16 00:00:00+00:00,KZT,0.131186,RUB_per_KZT
2022-11-16,2022-11-16 00:00:00+00:00,USD,60.3116,RUB_per_USD
2022-11-17,2022-11-17 00:00:00+00:00,CNY,8.50026,RUB_per_CNY
2022-11-17,2022-11-17 00:00:00+00:00,KZT,0.13091,RUB_per_KZT
2022-11-17,2022-11-17 00:00:00+00:00,USD,60.3484,RUB_per_USD
2022-11-18,2022-11-18 00:00:00+00:00,CNY,8.44679,RUB_per_CNY
2022-11-18,2022-11-18 00:00:00+00:00,KZT,0.131467,RUB_per_KZT
2022-11-18,2022-11-18 00:00:00+00:00,USD,60.3894,RUB_per_USD
2022-11-19,2022-11-19 00:00:00+00:00,CNY,8.472010000000001,RUB_per_CNY
2022-11-19,2022-11-19 00:00:00+00:00,KZT,0.13152,RUB_per_KZT
2022-11-19,2022-11-19 00:00:00+00:00,USD,60.3741,RUB_per_USD
2022-11-22,2022-11-22 00:00:00+00:00,CNY,8.475570000000001,RUB_per_CNY
2022-11-22,2022-11-22 00:00:00+00:00,KZT,0.132315,RUB_per_KZT
2022-11-22,2022-11-22 00:00:00+00:00,USD,60.7379,RUB_per_USD
2022-11-23,2022-11-23 00:00:00+00:00,CNY,8.47222,RUB_per_CNY
2022-11-23,2022-11-23 00:00:00+00:00,KZT,0.130852,RUB_per_KZT
2022-11-23,2022-11-23 00:00:00+00:00,USD,60.6566,RUB_per_USD
2022-11-24,2022-11-24 00:00:00+00:00,CNY,8.43616,RUB_per_CNY
2022-11-24,2022-11-24 00:00:00+00:00,KZT,0.130749,RUB_per_KZT
2022-11-24,2022-11-24 00:00:00+00:00,USD,60.5043,RUB_per_USD
2022-11-25,2022-11-25 00:00:00+00:00,CNY,8.437999999999999,RUB_per_CNY
2022-11-25,2022-11-25 00:00:00+00:00,KZT,0.130523,RUB_per_KZT
2022-11-25,2022-11-25 00:00:00+00:00,USD,60.3866,RUB_per_USD
2022-11-26,2022-11-26 00:00:00+00:00,CNY,8.424479999999999,RUB_per_CNY
2022-11-26,2022-11-26 00:00:00+00:00,KZT,0.129799,RUB_per_KZT
2022-11-26,2022-11-26 00:00:00+00:00,USD,60.4797,RUB_per_USD
2022-11-29,2022-11-29 00:00:00+00:00,CNY,8.412560000000001,RUB_per_CNY
2022-11-29,2022-11-29 00:00:00+00:00,KZT,0.130543,RUB_per_KZT
2022-11-29,2022-11-29 00:00:00+00:00,USD,60.752,RUB_per_USD
2022-11-30,2022-11-30 00:00:00+00:00,CNY,8.48798,RUB_per_CNY
2022-11-30,2022-11-30 00:00:00+00:00,KZT,0.130503,RUB_per_KZT
2022-11-30,2022-11-30 00:00:00+00:00,USD,61.0742,RUB_per_USD
2022-12-01,2022-12-01 00:00:00+00:00,CNY,8.53746,RUB_per_CNY
2022-12-01,2022-12-01 00:00:00+00:00,KZT,0.129967,RUB_per_KZT
2022-12-01,2022-12-01 00:00:00+00:00,USD,60.8803,RUB_per_USD
2022-12-02,2022-12-02 00:00:00+00:00,CNY,8.63709,RUB_per_CNY
2022-12-02,2022-12-02 00:00:00+00:00,KZT,0.130407,RUB_per_KZT
2022-12-02,2022-12-02 00:00:00+00:00,USD,61.1479,RUB_per_USD
2022-12-03,2022-12-03 00:00:00+00:00,CNY,8.78395,RUB_per_CNY
2022-12-03,2022-12-03 00:00:00+00:00,KZT,0.131871,RUB_per_KZT
2022-12-03,2022-12-03 00:00:00+00:00,USD,61.7749,RUB_per_USD
2022-12-06,2022-12-06 00:00:00+00:00,CNY,8.93117,RUB_per_CNY
2022-12-06,2022-12-06 00:00:00+00:00,KZT,0.132596,RUB_per_KZT
2022-12-06,2022-12-06 00:00:00+00:00,USD,62.1849,RUB_per_USD
2022-12-07,2022-12-07 00:00:00+00:00,CNY,8.96835,RUB_per_CNY
2022-12-07,2022-12-07 00:00:00+00:00,KZT,0.1340879999999999,RUB_per_KZT
2022-12-07,2022-12-07 00:00:00+00:00,USD,62.9103,RUB_per_USD
2022-12-08,2022-12-08 00:00:00+00:00,CNY,8.99043,RUB_per_CNY
2022-12-08,2022-12-08 00:00:00+00:00,KZT,0.133248,RUB_per_KZT
2022-12-08,2022-12-08 00:00:00+00:00,USD,62.9372,RUB_per_USD
2022-12-09,2022-12-09 00:00:00+00:00,CNY,8.97431,RUB_per_CNY
2022-12-09,2022-12-09 00:00:00+00:00,KZT,0.132137,RUB_per_KZT
2022-12-09,2022-12-09 00:00:00+00:00,USD,62.5722,RUB_per_USD
2022-12-10,2022-12-10 00:00:00+00:00,CNY,8.96236,RUB_per_CNY
2022-12-10,2022-12-10 00:00:00+00:00,KZT,0.132116,RUB_per_KZT
2022-12-10,2022-12-10 00:00:00+00:00,USD,62.3813,RUB_per_USD
2022-12-13,2022-12-13 00:00:00+00:00,CNY,8.984359999999999,RUB_per_CNY
2022-12-13,2022-12-13 00:00:00+00:00,KZT,0.132942,RUB_per_KZT
2022-12-13,2022-12-13 00:00:00+00:00,USD,62.7674,RUB_per_USD
2022-12-14,2022-12-14 00:00:00+00:00,CNY,9.03731,RUB_per_CNY
2022-12-14,2022-12-14 00:00:00+00:00,KZT,0.134514,RUB_per_KZT
2022-12-14,2022-12-14 00:00:00+00:00,USD,63.212,RUB_per_USD
2022-12-15,2022-12-15 00:00:00+00:00,CNY,9.10864,RUB_per_CNY
2022-12-15,2022-12-15 00:00:00+00:00,KZT,0.134993,RUB_per_KZT
2022-12-15,2022-12-15 00:00:00+00:00,USD,63.359,RUB_per_USD
2022-12-16,2022-12-16 00:00:00+00:00,CNY,9.20786,RUB_per_CNY
2022-12-16,2022-12-16 00:00:00+00:00,KZT,0.137244,RUB_per_KZT
2022-12-16,2022-12-16 00:00:00+00:00,USD,64.3015,RUB_per_USD
2022-12-17,2022-12-17 00:00:00+00:00,CNY,9.24382,RUB_per_CNY
2022-12-17,2022-12-17 00:00:00+00:00,KZT,0.137886,RUB_per_KZT
2022-12-17,2022-12-17 00:00:00+00:00,USD,64.6078,RUB_per_USD
2022-12-20,2022-12-20 00:00:00+00:00,CNY,9.49964,RUB_per_CNY
2022-12-20,2022-12-20 00:00:00+00:00,KZT,0.141599,RUB_per_KZT
2022-12-20,2022-12-20 00:00:00+00:00,USD,66.3474,RUB_per_USD
2022-12-21,2022-12-21 00:00:00+00:00,CNY,9.87901,RUB_per_CNY
2022-12-21,2022-12-21 00:00:00+00:00,KZT,0.147368,RUB_per_KZT
2022-12-21,2022-12-21 00:00:00+00:00,USD,69.0037,RUB_per_USD
2022-12-22,2022-12-22 00:00:00+00:00,CNY,10.0836,RUB_per_CNY
2022-12-22,2022-12-22 00:00:00+00:00,KZT,0.150317,RUB_per_KZT
2022-12-22,2022-12-22 00:00:00+00:00,USD,70.5256,RUB_per_USD
2022-12-23,2022-12-23 00:00:00+00:00,CNY,10.26,RUB_per_CNY
2022-12-23,2022-12-23 00:00:00+00:00,KZT,0.153378,RUB_per_KZT
2022-12-23,2022-12-23 00:00:00+00:00,USD,72.1306,RUB_per_USD
2022-12-24,2022-12-24 00:00:00+00:00,CNY,9.75884,RUB_per_CNY
2022-12-24,2022-12-24 00:00:00+00:00,KZT,0.147064,RUB_per_KZT
2022-12-24,2022-12-24 00:00:00+00:00,USD,68.676,RUB_per_USD
2022-12-27,2022-12-27 00:00:00+00:00,CNY,9.73334,RUB_per_CNY
2022-12-27,2022-12-27 00:00:00+00:00,KZT,0.148167,RUB_per_KZT
2022-12-27,2022-12-27 00:00:00+00:00,USD,68.4487,RUB_per_USD
2022-12-28,2022-12-28 00:00:00+00:00,CNY,9.94575,RUB_per_CNY
2022-12-28,2022-12-28 00:00:00+00:00,KZT,0.151669,RUB_per_KZT
2022-12-28,2022-12-28 00:00:00+00:00,USD,69.9346,RUB_per_USD
2022-12-29,2022-12-29 00:00:00+00:00,CNY,10.1469,RUB_per_CNY
2022-12-29,2022-12-29 00:00:00+00:00,KZT,0.1548479999999999,RUB_per_KZT
2022-12-29,2022-12-29 00:00:00+00:00,USD,71.3261,RUB_per_USD
2022-12-30,2022-12-30 00:00:00+00:00,CNY,10.1306,RUB_per_CNY
2022-12-30,2022-12-30 00:00:00+00:00,KZT,0.156056,RUB_per_KZT
2022-12-30,2022-12-30 00:00:00+00:00,USD,71.9778,RUB_per_USD
2022-12-31,2022-12-31 00:00:00+00:00,CNY,9.89492,RUB_per_CNY
2022-12-31,2022-12-31 00:00:00+00:00,KZT,0.152583,RUB_per_KZT
2022-12-31,2022-12-31 00:00:00+00:00,USD,70.3375,RUB_per_USD
2023-01-10,2023-01-10 00:00:00+00:00,CNY,10.2867,RUB_per_CNY
2023-01-10,2023-01-10 00:00:00+00:00,KZT,0.151735,RUB_per_KZT
2023-01-10,2023-01-10 00:00:00+00:00,USD,70.3002,RUB_per_USD
2023-01-11,2023-01-11 00:00:00+00:00,CNY,10.22,RUB_per_CNY
2023-01-11,2023-01-11 00:00:00+00:00,KZT,0.15051,RUB_per_KZT
2023-01-11,2023-01-11 00:00:00+00:00,USD,69.6094,RUB_per_USD
2023-01-12,2023-01-12 00:00:00+00:00,CNY,10.1396,RUB_per_CNY
2023-01-12,2023-01-12 00:00:00+00:00,KZT,0.149446,RUB_per_KZT
2023-01-12,2023-01-12 00:00:00+00:00,USD,69.0202,RUB_per_USD
2023-01-13,2023-01-13 00:00:00+00:00,CNY,10.0016,RUB_per_CNY
2023-01-13,2023-01-13 00:00:00+00:00,KZT,0.146641,RUB_per_KZT
2023-01-13,2023-01-13 00:00:00+00:00,USD,67.7775,RUB_per_USD
2023-01-14,2023-01-14 00:00:00+00:00,CNY,10.0307,RUB_per_CNY
2023-01-14,2023-01-14 00:00:00+00:00,KZT,0.146082,RUB_per_KZT
2023-01-14,2023-01-14 00:00:00+00:00,USD,67.5744,RUB_per_USD
2023-01-17,2023-01-17 00:00:00+00:00,CNY,10.1368,RUB_per_CNY
2023-01-17,2023-01-17 00:00:00+00:00,KZT,0.147719,RUB_per_KZT
2023-01-17,2023-01-17 00:00:00+00:00,USD,68.2892,RUB_per_USD
2023-01-18,2023-01-18 00:00:00+00:00,CNY,10.1146,RUB_per_CNY
2023-01-18,2023-01-18 00:00:00+00:00,KZT,0.1484029999999999,RUB_per_KZT
2023-01-18,2023-01-18 00:00:00+00:00,USD,68.6644,RUB_per_USD
2023-01-19,2023-01-19 00:00:00+00:00,CNY,10.1751,RUB_per_CNY
2023-01-19,2023-01-19 00:00:00+00:00,KZT,0.148404,RUB_per_KZT
2023-01-19,2023-01-19 00:00:00+00:00,USD,68.8728,RUB_per_USD
2023-01-20,2023-01-20 00:00:00+00:00,CNY,10.132,RUB_per_CNY
2023-01-20,2023-01-20 00:00:00+00:00,KZT,0.148268,RUB_per_KZT
2023-01-20,2023-01-20 00:00:00+00:00,USD,68.8467,RUB_per_USD
2023-01-21,2023-01-21 00:00:00+00:00,CNY,10.1227,RUB_per_CNY
2023-01-21,2023-01-21 00:00:00+00:00,KZT,0.1483799999999999,RUB_per_KZT
2023-01-21,2023-01-21 00:00:00+00:00,USD,68.6656,RUB_per_USD
2023-01-24,2023-01-24 00:00:00+00:00,CNY,10.1125,RUB_per_CNY
2023-01-24,2023-01-24 00:00:00+00:00,KZT,0.148371,RUB_per_KZT
2023-01-24,2023-01-24 00:00:00+00:00,USD,68.6288,RUB_per_USD
2023-01-25,2023-01-25 00:00:00+00:00,CNY,10.111,RUB_per_CNY
2023-01-25,2023-01-25 00:00:00+00:00,KZT,0.148803,RUB_per_KZT
2023-01-25,2023-01-25 00:00:00+00:00,USD,68.7529,RUB_per_USD
2023-01-26,2023-01-26 00:00:00+00:00,CNY,10.1479,RUB_per_CNY
2023-01-26,2023-01-26 00:00:00+00:00,KZT,0.149297,RUB_per_KZT
2023-01-26,2023-01-26 00:00:00+00:00,USD,68.9573,RUB_per_USD
2023-01-27,2023-01-27 00:00:00+00:00,CNY,10.2491,RUB_per_CNY
2023-01-27,2023-01-27 00:00:00+00:00,KZT,0.149815,RUB_per_KZT
2023-01-27,2023-01-27 00:00:00+00:00,USD,69.1263,RUB_per_USD
2023-01-28,2023-01-28 00:00:00+00:00,CNY,10.2525,RUB_per_CNY
2023-01-28,2023-01-28 00:00:00+00:00,KZT,0.150285,RUB_per_KZT
2023-01-28,2023-01-28 00:00:00+00:00,USD,69.3372,RUB_per_USD
2023-01-31,2023-01-31 00:00:00+00:00,CNY,10.3077,RUB_per_CNY
2023-01-31,2023-01-31 00:00:00+00:00,KZT,0.151147,RUB_per_KZT
2023-01-31,2023-01-31 00:00:00+00:00,USD,69.5927,RUB_per_USD
2023-02-01,2023-02-01 00:00:00+00:00,CNY,10.4259,RUB_per_CNY
2023-02-01,2023-02-01 00:00:00+00:00,KZT,0.153325,RUB_per_KZT
2023-02-01,2023-02-01 00:00:00+00:00,USD,70.5174,RUB_per_USD
2023-02-02,2023-02-02 00:00:00+00:00,CNY,10.3905,RUB_per_CNY
2023-02-02,2023-02-02 00:00:00+00:00,KZT,0.15227,RUB_per_KZT
2023-02-02,2023-02-02 00:00:00+00:00,USD,70.1217,RUB_per_USD
2023-02-03,2023-02-03 00:00:00+00:00,CNY,10.4037,RUB_per_CNY
2023-02-03,2023-02-03 00:00:00+00:00,KZT,0.151976,RUB_per_KZT
2023-02-03,2023-02-03 00:00:00+00:00,USD,70.0414,RUB_per_USD
2023-02-04,2023-02-04 00:00:00+00:00,CNY,10.4217,RUB_per_CNY
2023-02-04,2023-02-04 00:00:00+00:00,KZT,0.1530369999999999,RUB_per_KZT
2023-02-04,2023-02-04 00:00:00+00:00,USD,70.3847,RUB_per_USD
2023-02-07,2023-02-07 00:00:00+00:00,CNY,10.3815,RUB_per_CNY
2023-02-07,2023-02-07 00:00:00+00:00,KZT,0.153915,RUB_per_KZT
2023-02-07,2023-02-07 00:00:00+00:00,USD,70.5991,RUB_per_USD
2023-02-08,2023-02-08 00:00:00+00:00,CNY,10.4331,RUB_per_CNY
2023-02-08,2023-02-08 00:00:00+00:00,KZT,0.154888,RUB_per_KZT
2023-02-08,2023-02-08 00:00:00+00:00,USD,70.8924,RUB_per_USD
2023-02-09,2023-02-09 00:00:00+00:00,CNY,10.5391,RUB_per_CNY
2023-02-09,2023-02-09 00:00:00+00:00,KZT,0.156629,RUB_per_KZT
2023-02-09,2023-02-09 00:00:00+00:00,USD,71.5763,RUB_per_USD
2023-02-10,2023-02-10 00:00:00+00:00,CNY,10.7524,RUB_per_CNY
2023-02-10,2023-02-10 00:00:00+00:00,KZT,0.1599799999999999,RUB_per_KZT
2023-02-10,2023-02-10 00:00:00+00:00,USD,72.8949,RUB_per_USD
2023-02-11,2023-02-11 00:00:00+00:00,CNY,10.6916,RUB_per_CNY
2023-02-11,2023-02-11 00:00:00+00:00,KZT,0.160906,RUB_per_KZT
2023-02-11,2023-02-11 00:00:00+00:00,USD,72.7923,RUB_per_USD
2023-02-14,2023-02-14 00:00:00+00:00,CNY,10.7717,RUB_per_CNY
2023-02-14,2023-02-14 00:00:00+00:00,KZT,0.163337,RUB_per_KZT
2023-02-14,2023-02-14 00:00:00+00:00,USD,73.6307,RUB_per_USD
2023-02-15,2023-02-15 00:00:00+00:00,CNY,10.8227,RUB_per_CNY
2023-02-15,2023-02-15 00:00:00+00:00,KZT,0.163262,RUB_per_KZT
2023-02-15,2023-02-15 00:00:00+00:00,USD,73.8645,RUB_per_USD
2023-02-16,2023-02-16 00:00:00+00:00,CNY,10.8473,RUB_per_CNY
2023-02-16,2023-02-16 00:00:00+00:00,KZT,0.164478,RUB_per_KZT
2023-02-16,2023-02-16 00:00:00+00:00,USD,74.2077,RUB_per_USD
2023-02-17,2023-02-17 00:00:00+00:00,CNY,10.8855,RUB_per_CNY
2023-02-17,2023-02-17 00:00:00+00:00,KZT,0.167148,RUB_per_KZT
2023-02-17,2023-02-17 00:00:00+00:00,USD,74.7638,RUB_per_USD
2023-02-18,2023-02-18 00:00:00+00:00,CNY,10.8409,RUB_per_CNY
2023-02-18,2023-02-18 00:00:00+00:00,KZT,0.168342,RUB_per_KZT
2023-02-18,2023-02-18 00:00:00+00:00,USD,74.7588,RUB_per_USD
2023-02-21,2023-02-21 00:00:00+00:00,CNY,10.7797,RUB_per_CNY
2023-02-21,2023-02-21 00:00:00+00:00,KZT,0.166678,RUB_per_KZT
2023-02-21,2023-02-21 00:00:00+00:00,USD,74.0432,RUB_per_USD
2023-02-22,2023-02-22 00:00:00+00:00,CNY,10.8562,RUB_per_CNY
2023-02-22,2023-02-22 00:00:00+00:00,KZT,0.1672169999999999,RUB_per_KZT
2023-02-22,2023-02-22 00:00:00+00:00,USD,74.8596,RUB_per_USD
2023-02-23,2023-02-23 00:00:00+00:00,CNY,10.8398,RUB_per_CNY
2023-02-23,2023-02-23 00:00:00+00:00,KZT,0.1676399999999999,RUB_per_KZT
2023-02-23,2023-02-23 00:00:00+00:00,USD,74.7087,RUB_per_USD
2023-02-28,2023-02-28 00:00:00+00:00,CNY,10.7928,RUB_per_CNY
2023-02-28,2023-02-28 00:00:00+00:00,KZT,0.168477,RUB_per_KZT
2023-02-28,2023-02-28 00:00:00+00:00,USD,75.4323,RUB_per_USD
2023-03-01,2023-03-01 00:00:00+00:00,CNY,10.7467,RUB_per_CNY
2023-03-01,2023-03-01 00:00:00+00:00,KZT,0.166748,RUB_per_KZT
2023-03-01,2023-03-01 00:00:00+00:00,USD,74.8932,RUB_per_USD
2023-03-02,2023-03-02 00:00:00+00:00,CNY,10.9077,RUB_per_CNY
2023-03-02,2023-03-02 00:00:00+00:00,KZT,0.168793,RUB_per_KZT
2023-03-02,2023-03-02 00:00:00+00:00,USD,75.2513,RUB_per_USD
2023-03-03,2023-03-03 00:00:00+00:00,CNY,10.9089,RUB_per_CNY
2023-03-03,2023-03-03 00:00:00+00:00,KZT,0.170711,RUB_per_KZT
2023-03-03,2023-03-03 00:00:00+00:00,USD,75.4729,RUB_per_USD
2023-03-04,2023-03-04 00:00:00+00:00,CNY,10.9137,RUB_per_CNY
2023-03-04,2023-03-04 00:00:00+00:00,KZT,0.173195,RUB_per_KZT
2023-03-04,2023-03-04 00:00:00+00:00,USD,75.4592,RUB_per_USD
2023-03-07,2023-03-07 00:00:00+00:00,CNY,10.8754,RUB_per_CNY
2023-03-07,2023-03-07 00:00:00+00:00,KZT,0.1750779999999999,RUB_per_KZT
2023-03-07,2023-03-07 00:00:00+00:00,USD,75.4728,RUB_per_USD
2023-03-08,2023-03-08 00:00:00+00:00,CNY,10.8672,RUB_per_CNY
2023-03-08,2023-03-08 00:00:00+00:00,KZT,0.174336,RUB_per_KZT
2023-03-08,2023-03-08 00:00:00+00:00,USD,75.4577,RUB_per_USD
2023-03-10,2023-03-10 00:00:00+00:00,CNY,10.8623,RUB_per_CNY
2023-03-10,2023-03-10 00:00:00+00:00,KZT,0.173069,RUB_per_KZT
2023-03-10,2023-03-10 00:00:00+00:00,USD,75.9028,RUB_per_USD
2023-03-11,2023-03-11 00:00:00+00:00,CNY,10.8995,RUB_per_CNY
2023-03-11,2023-03-11 00:00:00+00:00,KZT,0.172154,RUB_per_KZT
2023-03-11,2023-03-11 00:00:00+00:00,USD,75.9406,RUB_per_USD
2023-03-14,2023-03-14 00:00:00+00:00,CNY,10.9313,RUB_per_CNY
2023-03-14,2023-03-14 00:00:00+00:00,KZT,0.169202,RUB_per_KZT
2023-03-14,2023-03-14 00:00:00+00:00,USD,75.4609,RUB_per_USD
2023-03-15,2023-03-15 00:00:00+00:00,CNY,10.9296,RUB_per_CNY
2023-03-15,2023-03-15 00:00:00+00:00,KZT,0.164658,RUB_per_KZT
2023-03-15,2023-03-15 00:00:00+00:00,USD,75.1927,RUB_per_USD
2023-03-16,2023-03-16 00:00:00+00:00,CNY,10.9704,RUB_per_CNY
2023-03-16,2023-03-16 00:00:00+00:00,KZT,0.165304,RUB_per_KZT
2023-03-16,2023-03-16 00:00:00+00:00,USD,75.7457,RUB_per_USD
2023-03-17,2023-03-17 00:00:00+00:00,CNY,11.0485,RUB_per_CNY
2023-03-17,2023-03-17 00:00:00+00:00,KZT,0.164396,RUB_per_KZT
2023-03-17,2023-03-17 00:00:00+00:00,USD,76.4095,RUB_per_USD
2023-03-18,2023-03-18 00:00:00+00:00,CNY,11.1226,RUB_per_CNY
2023-03-18,2023-03-18 00:00:00+00:00,KZT,0.1643339999999999,RUB_per_KZT
2023-03-18,2023-03-18 00:00:00+00:00,USD,76.6044,RUB_per_USD
2023-03-21,2023-03-21 00:00:00+00:00,CNY,11.2057,RUB_per_CNY
2023-03-21,2023-03-21 00:00:00+00:00,KZT,0.16763,RUB_per_KZT
2023-03-21,2023-03-21 00:00:00+00:00,USD,77.2422,RUB_per_USD
2023-03-22,2023-03-22 00:00:00+00:00,CNY,11.1652,RUB_per_CNY
2023-03-22,2023-03-22 00:00:00+00:00,KZT,0.166185,RUB_per_KZT
2023-03-22,2023-03-22 00:00:00+00:00,USD,76.8373,RUB_per_USD
2023-03-23,2023-03-23 00:00:00+00:00,CNY,11.1547,RUB_per_CNY
2023-03-23,2023-03-23 00:00:00+00:00,KZT,0.166442,RUB_per_KZT
2023-03-23,2023-03-23 00:00:00+00:00,USD,76.9561,RUB_per_USD
2023-03-24,2023-03-24 00:00:00+00:00,CNY,11.1662,RUB_per_CNY
2023-03-24,2023-03-24 00:00:00+00:00,KZT,0.165038,RUB_per_KZT
2023-03-24,2023-03-24 00:00:00+00:00,USD,76.3072,RUB_per_USD
2023-03-25,2023-03-25 00:00:00+00:00,CNY,11.1146,RUB_per_CNY
2023-03-25,2023-03-25 00:00:00+00:00,KZT,0.165343,RUB_per_KZT
2023-03-25,2023-03-25 00:00:00+00:00,USD,76.4479,RUB_per_USD
2023-03-28,2023-03-28 00:00:00+00:00,CNY,11.1098,RUB_per_CNY
2023-03-28,2023-03-28 00:00:00+00:00,KZT,0.167435,RUB_per_KZT
2023-03-28,2023-03-28 00:00:00+00:00,USD,76.5662,RUB_per_USD
2023-03-29,2023-03-29 00:00:00+00:00,CNY,11.1127,RUB_per_CNY
2023-03-29,2023-03-29 00:00:00+00:00,KZT,0.166919,RUB_per_KZT
2023-03-29,2023-03-29 00:00:00+00:00,USD,76.5939,RUB_per_USD
2023-03-30,2023-03-30 00:00:00+00:00,CNY,11.1622,RUB_per_CNY
2023-03-30,2023-03-30 00:00:00+00:00,KZT,0.1691829999999999,RUB_per_KZT
2023-03-30,2023-03-30 00:00:00+00:00,USD,76.9781,RUB_per_USD
2023-03-31,2023-03-31 00:00:00+00:00,CNY,11.1847,RUB_per_CNY
2023-03-31,2023-03-31 00:00:00+00:00,KZT,0.171918,RUB_per_KZT
2023-03-31,2023-03-31 00:00:00+00:00,USD,77.0863,RUB_per_USD
2023-04-01,2023-04-01 00:00:00+00:00,CNY,11.2411,RUB_per_CNY
2023-04-01,2023-04-01 00:00:00+00:00,KZT,0.172577,RUB_per_KZT
2023-04-01,2023-04-01 00:00:00+00:00,USD,77.3233,RUB_per_USD
2023-04-04,2023-04-04 00:00:00+00:00,CNY,11.3028,RUB_per_CNY
2023-04-04,2023-04-04 00:00:00+00:00,KZT,0.172569,RUB_per_KZT
2023-04-04,2023-04-04 00:00:00+00:00,USD,77.951,RUB_per_USD
2023-04-05,2023-04-05 00:00:00+00:00,CNY,11.5308,RUB_per_CNY
2023-04-05,2023-04-05 00:00:00+00:00,KZT,0.1760229999999999,RUB_per_KZT
2023-04-05,2023-04-05 00:00:00+00:00,USD,79.3563,RUB_per_USD
2023-04-06,2023-04-06 00:00:00+00:00,CNY,11.5445,RUB_per_CNY
2023-04-06,2023-04-06 00:00:00+00:00,KZT,0.176898,RUB_per_KZT
2023-04-06,2023-04-06 00:00:00+00:00,USD,79.4961,RUB_per_USD
2023-04-07,2023-04-07 00:00:00+00:00,CNY,11.7039,RUB_per_CNY
2023-04-07,2023-04-07 00:00:00+00:00,KZT,0.180558,RUB_per_KZT
2023-04-07,2023-04-07 00:00:00+00:00,USD,80.6713,RUB_per_USD
2023-04-08,2023-04-08 00:00:00+00:00,CNY,11.9582,RUB_per_CNY
2023-04-08,2023-04-08 00:00:00+00:00,KZT,0.1842099999999999,RUB_per_KZT
2023-04-08,2023-04-08 00:00:00+00:00,USD,82.3988,RUB_per_USD
2023-04-11,2023-04-11 00:00:00+00:00,CNY,11.8746,RUB_per_CNY
2023-04-11,2023-04-11 00:00:00+00:00,KZT,0.18369,RUB_per_KZT
2023-04-11,2023-04-11 00:00:00+00:00,USD,81.7441,RUB_per_USD
2023-04-12,2023-04-12 00:00:00+00:00,CNY,11.9248,RUB_per_CNY
2023-04-12,2023-04-12 00:00:00+00:00,KZT,0.184969,RUB_per_KZT
2023-04-12,2023-04-12 00:00:00+00:00,USD,82.1799,RUB_per_USD
2023-04-13,2023-04-13 00:00:00+00:00,CNY,11.9142,RUB_per_CNY
2023-04-13,2023-04-13 00:00:00+00:00,KZT,0.182909,RUB_per_KZT
2023-04-13,2023-04-13 00:00:00+00:00,USD,82.0934,RUB_per_USD
2023-04-14,2023-04-14 00:00:00+00:00,CNY,11.8566,RUB_per_CNY
2023-04-14,2023-04-14 00:00:00+00:00,KZT,0.1803119999999999,RUB_per_KZT
2023-04-14,2023-04-14 00:00:00+00:00,USD,81.6758,RUB_per_USD
2023-04-15,2023-04-15 00:00:00+00:00,CNY,11.8803,RUB_per_CNY
2023-04-15,2023-04-15 00:00:00+00:00,KZT,0.181177,RUB_per_KZT
2023-04-15,2023-04-15 00:00:00+00:00,USD,81.5045,RUB_per_USD
2023-04-18,2023-04-18 00:00:00+00:00,CNY,11.852,RUB_per_CNY
2023-04-18,2023-04-18 00:00:00+00:00,KZT,0.181295,RUB_per_KZT
2023-04-18,2023-04-18 00:00:00+00:00,USD,81.6279,RUB_per_USD
2023-04-19,2023-04-19 00:00:00+00:00,CNY,11.8482,RUB_per_CNY
2023-04-19,2023-04-19 00:00:00+00:00,KZT,0.181983,RUB_per_KZT
2023-04-19,2023-04-19 00:00:00+00:00,USD,81.6028,RUB_per_USD
2023-04-20,2023-04-20 00:00:00+00:00,CNY,11.8178,RUB_per_CNY
2023-04-20,2023-04-20 00:00:00+00:00,KZT,0.181053,RUB_per_KZT
2023-04-20,2023-04-20 00:00:00+00:00,USD,81.6549,RUB_per_USD
2023-04-21,2023-04-21 00:00:00+00:00,CNY,11.847,RUB_per_CNY
2023-04-21,2023-04-21 00:00:00+00:00,KZT,0.179354,RUB_per_KZT
2023-04-21,2023-04-21 00:00:00+00:00,USD,81.6188,RUB_per_USD
2023-04-22,2023-04-22 00:00:00+00:00,CNY,11.8111,RUB_per_CNY
2023-04-22,2023-04-22 00:00:00+00:00,KZT,0.178843,RUB_per_KZT
2023-04-22,2023-04-22 00:00:00+00:00,USD,81.4863,RUB_per_USD
2023-04-25,2023-04-25 00:00:00+00:00,CNY,11.77,RUB_per_CNY
2023-04-25,2023-04-25 00:00:00+00:00,KZT,0.177579,RUB_per_KZT
2023-04-25,2023-04-25 00:00:00+00:00,USD,81.2745,RUB_per_USD
2023-04-26,2023-04-26 00:00:00+00:00,CNY,11.7664,RUB_per_CNY
2023-04-26,2023-04-26 00:00:00+00:00,KZT,0.178704,RUB_per_KZT
2023-04-26,2023-04-26 00:00:00+00:00,USD,81.5499,RUB_per_USD
2023-04-27,2023-04-27 00:00:00+00:00,CNY,11.7626,RUB_per_CNY
2023-04-27,2023-04-27 00:00:00+00:00,KZT,0.179385,RUB_per_KZT
2023-04-27,2023-04-27 00:00:00+00:00,USD,81.6274,RUB_per_USD
2023-04-28,2023-04-28 00:00:00+00:00,CNY,11.7609,RUB_per_CNY
2023-04-28,2023-04-28 00:00:00+00:00,KZT,0.179676,RUB_per_KZT
2023-04-28,2023-04-28 00:00:00+00:00,USD,81.5601,RUB_per_USD
2023-04-29,2023-04-29 00:00:00+00:00,CNY,11.5659,RUB_per_CNY
2023-04-29,2023-04-29 00:00:00+00:00,KZT,0.176474,RUB_per_KZT
2023-04-29,2023-04-29 00:00:00+00:00,USD,80.5093,RUB_per_USD
2023-05-03,2023-05-03 00:00:00+00:00,CNY,11.4884,RUB_per_CNY
2023-05-03,2023-05-03 00:00:00+00:00,KZT,0.176362,RUB_per_KZT
2023-05-03,2023-05-03 00:00:00+00:00,USD,79.9609,RUB_per_USD
2023-05-04,2023-05-04 00:00:00+00:00,CNY,11.4456,RUB_per_CNY
2023-05-04,2023-05-04 00:00:00+00:00,KZT,0.176572,RUB_per_KZT
2023-05-04,2023-05-04 00:00:00+00:00,USD,79.3071,RUB_per_USD
2023-05-05,2023-05-05 00:00:00+00:00,CNY,11.3488,RUB_per_CNY
2023-05-05,2023-05-05 00:00:00+00:00,KZT,0.177651,RUB_per_KZT
2023-05-05,2023-05-05 00:00:00+00:00,USD,78.6139,RUB_per_USD
2023-05-06,2023-05-06 00:00:00+00:00,CNY,11.1158,RUB_per_CNY
2023-05-06,2023-05-06 00:00:00+00:00,KZT,0.172518,RUB_per_KZT
2023-05-06,2023-05-06 00:00:00+00:00,USD,76.8207,RUB_per_USD
2023-05-11,2023-05-11 00:00:00+00:00,CNY,11.039,RUB_per_CNY
2023-05-11,2023-05-11 00:00:00+00:00,KZT,0.172235,RUB_per_KZT
2023-05-11,2023-05-11 00:00:00+00:00,USD,76.6929,RUB_per_USD
2023-05-12,2023-05-12 00:00:00+00:00,CNY,10.9119,RUB_per_CNY
2023-05-12,2023-05-12 00:00:00+00:00,KZT,0.17085,RUB_per_KZT
2023-05-12,2023-05-12 00:00:00+00:00,USD,75.8846,RUB_per_USD
2023-05-13,2023-05-13 00:00:00+00:00,CNY,11.0844,RUB_per_CNY
2023-05-13,2023-05-13 00:00:00+00:00,KZT,0.173797,RUB_per_KZT
2023-05-13,2023-05-13 00:00:00+00:00,USD,77.2041,RUB_per_USD
2023-05-16,2023-05-16 00:00:00+00:00,CNY,11.3467,RUB_per_CNY
2023-05-16,2023-05-16 00:00:00+00:00,KZT,0.177359,RUB_per_KZT
2023-05-16,2023-05-16 00:00:00+00:00,USD,79.1004,RUB_per_USD
2023-05-17,2023-05-17 00:00:00+00:00,CNY,11.464,RUB_per_CNY
2023-05-17,2023-05-17 00:00:00+00:00,KZT,0.177544,RUB_per_KZT
2023-05-17,2023-05-17 00:00:00+00:00,USD,79.9798,RUB_per_USD
2023-05-18,2023-05-18 00:00:00+00:00,CNY,11.5124,RUB_per_CNY
2023-05-18,2023-05-18 00:00:00+00:00,KZT,0.1798239999999999,RUB_per_KZT
2023-05-18,2023-05-18 00:00:00+00:00,USD,80.7642,RUB_per_USD
2023-05-19,2023-05-19 00:00:00+00:00,CNY,11.3554,RUB_per_CNY
2023-05-19,2023-05-19 00:00:00+00:00,KZT,0.177982,RUB_per_KZT
2023-05-19,2023-05-19 00:00:00+00:00,USD,80.0366,RUB_per_USD
2023-05-20,2023-05-20 00:00:00+00:00,CNY,11.366,RUB_per_CNY
2023-05-20,2023-05-20 00:00:00+00:00,KZT,0.177896,RUB_per_KZT
2023-05-20,2023-05-20 00:00:00+00:00,USD,79.9093,RUB_per_USD
2023-05-23,2023-05-23 00:00:00+00:00,CNY,11.3499,RUB_per_CNY
2023-05-23,2023-05-23 00:00:00+00:00,KZT,0.178309,RUB_per_KZT
2023-05-23,2023-05-23 00:00:00+00:00,USD,79.9379,RUB_per_USD
2023-05-24,2023-05-24 00:00:00+00:00,CNY,11.3504,RUB_per_CNY
2023-05-24,2023-05-24 00:00:00+00:00,KZT,0.180101,RUB_per_KZT
2023-05-24,2023-05-24 00:00:00+00:00,USD,80.1665,RUB_per_USD
2023-05-25,2023-05-25 00:00:00+00:00,CNY,11.3243,RUB_per_CNY
2023-05-25,2023-05-25 00:00:00+00:00,KZT,0.181027,RUB_per_KZT
2023-05-25,2023-05-25 00:00:00+00:00,USD,79.9669,RUB_per_USD
2023-05-26,2023-05-26 00:00:00+00:00,CNY,11.2816,RUB_per_CNY
2023-05-26,2023-05-26 00:00:00+00:00,KZT,0.179966,RUB_per_KZT
2023-05-26,2023-05-26 00:00:00+00:00,USD,79.9841,RUB_per_USD
2023-05-27,2023-05-27 00:00:00+00:00,CNY,11.3044,RUB_per_CNY
2023-05-27,2023-05-27 00:00:00+00:00,KZT,0.179037,RUB_per_KZT
2023-05-27,2023-05-27 00:00:00+00:00,USD,79.9667,RUB_per_USD
2023-05-30,2023-05-30 00:00:00+00:00,CNY,11.2901,RUB_per_CNY
2023-05-30,2023-05-30 00:00:00+00:00,KZT,0.1796259999999999,RUB_per_KZT
2023-05-30,2023-05-30 00:00:00+00:00,USD,80.0555,RUB_per_USD
2023-05-31,2023-05-31 00:00:00+00:00,CNY,11.3615,RUB_per_CNY
2023-05-31,2023-05-31 00:00:00+00:00,KZT,0.1815439999999999,RUB_per_KZT
2023-05-31,2023-05-31 00:00:00+00:00,USD,80.6872,RUB_per_USD
2023-06-01,2023-06-01 00:00:00+00:00,CNY,11.3697,RUB_per_CNY
2023-06-01,2023-06-01 00:00:00+00:00,KZT,0.181163,RUB_per_KZT
2023-06-01,2023-06-01 00:00:00+00:00,USD,80.9942,RUB_per_USD
2023-06-02,2023-06-02 00:00:00+00:00,CNY,11.3629,RUB_per_CNY
2023-06-02,2023-06-02 00:00:00+00:00,KZT,0.180675,RUB_per_KZT
2023-06-02,2023-06-02 00:00:00+00:00,USD,80.9657,RUB_per_USD
2023-06-03,2023-06-03 00:00:00+00:00,CNY,11.4139,RUB_per_CNY
2023-06-03,2023-06-03 00:00:00+00:00,KZT,0.1802359999999999,RUB_per_KZT
2023-06-03,2023-06-03 00:00:00+00:00,USD,80.8756,RUB_per_USD
2023-06-06,2023-06-06 00:00:00+00:00,CNY,11.415,RUB_per_CNY
2023-06-06,2023-06-06 00:00:00+00:00,KZT,0.181579,RUB_per_KZT
2023-06-06,2023-06-06 00:00:00+00:00,USD,81.3294,RUB_per_USD
2023-06-07,2023-06-07 00:00:00+00:00,CNY,11.3892,RUB_per_CNY
2023-06-07,2023-06-07 00:00:00+00:00,KZT,0.181075,RUB_per_KZT
2023-06-07,2023-06-07 00:00:00+00:00,USD,81.2502,RUB_per_USD
2023-06-08,2023-06-08 00:00:00+00:00,CNY,11.4163,RUB_per_CNY
2023-06-08,2023-06-08 00:00:00+00:00,KZT,0.181944,RUB_per_KZT
2023-06-08,2023-06-08 00:00:00+00:00,USD,81.4581,RUB_per_USD
2023-06-09,2023-06-09 00:00:00+00:00,CNY,11.4896,RUB_per_CNY
2023-06-09,2023-06-09 00:00:00+00:00,KZT,0.183797,RUB_per_KZT
2023-06-09,2023-06-09 00:00:00+00:00,USD,82.093,RUB_per_USD
2023-06-10,2023-06-10 00:00:00+00:00,CNY,11.5716,RUB_per_CNY
2023-06-10,2023-06-10 00:00:00+00:00,KZT,0.185774,RUB_per_KZT
2023-06-10,2023-06-10 00:00:00+00:00,USD,82.6417,RUB_per_USD
2023-06-14,2023-06-14 00:00:00+00:00,CNY,11.6681,RUB_per_CNY
2023-06-14,2023-06-14 00:00:00+00:00,KZT,0.186981,RUB_per_KZT
2023-06-14,2023-06-14 00:00:00+00:00,USD,83.6405,RUB_per_USD
2023-06-15,2023-06-15 00:00:00+00:00,CNY,11.7626,RUB_per_CNY
2023-06-15,2023-06-15 00:00:00+00:00,KZT,0.187965,RUB_per_KZT
2023-06-15,2023-06-15 00:00:00+00:00,USD,84.3249,RUB_per_USD
2023-06-16,2023-06-16 00:00:00+00:00,CNY,11.7356,RUB_per_CNY
2023-06-16,2023-06-16 00:00:00+00:00,KZT,0.1865139999999999,RUB_per_KZT
2023-06-16,2023-06-16 00:00:00+00:00,USD,83.9611,RUB_per_USD
2023-06-17,2023-06-17 00:00:00+00:00,CNY,11.733,RUB_per_CNY
2023-06-17,2023-06-17 00:00:00+00:00,KZT,0.18514,RUB_per_KZT
2023-06-17,2023-06-17 00:00:00+00:00,USD,83.6498,RUB_per_USD
2023-06-20,2023-06-20 00:00:00+00:00,CNY,11.7153,RUB_per_CNY
2023-06-20,2023-06-20 00:00:00+00:00,KZT,0.1862269999999999,RUB_per_KZT
2023-06-20,2023-06-20 00:00:00+00:00,USD,83.9866,RUB_per_USD
2023-06-21,2023-06-21 00:00:00+00:00,CNY,11.7255,RUB_per_CNY
2023-06-21,2023-06-21 00:00:00+00:00,KZT,0.188379,RUB_per_KZT
2023-06-21,2023-06-21 00:00:00+00:00,USD,84.2336,RUB_per_USD
2023-06-22,2023-06-22 00:00:00+00:00,CNY,11.7059,RUB_per_CNY
2023-06-22,2023-06-22 00:00:00+00:00,KZT,0.187925,RUB_per_KZT
2023-06-22,2023-06-22 00:00:00+00:00,USD,84.2467,RUB_per_USD
2023-06-23,2023-06-23 00:00:00+00:00,CNY,11.6221,RUB_per_CNY
2023-06-23,2023-06-23 00:00:00+00:00,KZT,0.186875,RUB_per_KZT
2023-06-23,2023-06-23 00:00:00+00:00,USD,83.6077,RUB_per_USD
2023-06-24,2023-06-24 00:00:00+00:00,CNY,11.6455,RUB_per_CNY
2023-06-24,2023-06-24 00:00:00+00:00,KZT,0.187836,RUB_per_KZT
2023-06-24,2023-06-24 00:00:00+00:00,USD,84.0793,RUB_per_USD
2023-06-27,2023-06-27 00:00:00+00:00,CNY,11.6875,RUB_per_CNY
2023-06-27,2023-06-27 00:00:00+00:00,KZT,0.189384,RUB_per_KZT
2023-06-27,2023-06-27 00:00:00+00:00,USD,84.6642,RUB_per_USD
2023-06-28,2023-06-28 00:00:00+00:00,CNY,11.768,RUB_per_CNY
2023-06-28,2023-06-28 00:00:00+00:00,KZT,0.188976,RUB_per_KZT
2023-06-28,2023-06-28 00:00:00+00:00,USD,85.0504,RUB_per_USD
2023-06-29,2023-06-29 00:00:00+00:00,CNY,11.7958,RUB_per_CNY
2023-06-29,2023-06-29 00:00:00+00:00,KZT,0.1901129999999999,RUB_per_KZT
2023-06-29,2023-06-29 00:00:00+00:00,USD,85.6192,RUB_per_USD
2023-06-30,2023-06-30 00:00:00+00:00,CNY,11.9894,RUB_per_CNY
2023-06-30,2023-06-30 00:00:00+00:00,KZT,0.193255,RUB_per_KZT
2023-06-30,2023-06-30 00:00:00+00:00,USD,87.0341,RUB_per_USD
2023-07-01,2023-07-01 00:00:00+00:00,CNY,12.1588,RUB_per_CNY
2023-07-01,2023-07-01 00:00:00+00:00,KZT,0.194624,RUB_per_KZT
2023-07-01,2023-07-01 00:00:00+00:00,USD,88.3844,RUB_per_USD
2023-07-04,2023-07-04 00:00:00+00:00,CNY,12.2923,RUB_per_CNY
2023-07-04,2023-07-04 00:00:00+00:00,KZT,0.198797,RUB_per_KZT
2023-07-04,2023-07-04 00:00:00+00:00,USD,89.3255,RUB_per_USD
2023-07-05,2023-07-05 00:00:00+00:00,CNY,12.3722,RUB_per_CNY
2023-07-05,2023-07-05 00:00:00+00:00,KZT,0.199819,RUB_per_KZT
2023-07-05,2023-07-05 00:00:00+00:00,USD,89.545,RUB_per_USD
2023-07-06,2023-07-06 00:00:00+00:00,CNY,12.4484,RUB_per_CNY
2023-07-06,2023-07-06 00:00:00+00:00,KZT,0.202193,RUB_per_KZT
2023-07-06,2023-07-06 00:00:00+00:00,USD,90.338,RUB_per_USD
2023-07-07,2023-07-07 00:00:00+00:00,CNY,12.7551,RUB_per_CNY
2023-07-07,2023-07-07 00:00:00+00:00,KZT,0.208565,RUB_per_KZT
2023-07-07,2023-07-07 00:00:00+00:00,USD,92.5695,RUB_per_USD
2023-07-08,2023-07-08 00:00:00+00:00,CNY,12.6377,RUB_per_CNY
2023-07-08,2023-07-08 00:00:00+00:00,KZT,0.206579,RUB_per_KZT
2023-07-08,2023-07-08 00:00:00+00:00,USD,91.6879,RUB_per_USD
2023-07-11,2023-07-11 00:00:00+00:00,CNY,12.6231,RUB_per_CNY
2023-07-11,2023-07-11 00:00:00+00:00,KZT,0.20614,RUB_per_KZT
2023-07-11,2023-07-11 00:00:00+00:00,USD,91.4931,RUB_per_USD
2023-07-12,2023-07-12 00:00:00+00:00,CNY,12.5491,RUB_per_CNY
2023-07-12,2023-07-12 00:00:00+00:00,KZT,0.203431,RUB_per_KZT
2023-07-12,2023-07-12 00:00:00+00:00,USD,90.5045,RUB_per_USD
2023-07-13,2023-07-13 00:00:00+00:00,CNY,12.5829,RUB_per_CNY
2023-07-13,2023-07-13 00:00:00+00:00,KZT,0.205448,RUB_per_KZT
2023-07-13,2023-07-13 00:00:00+00:00,USD,90.6253,RUB_per_USD
2023-07-14,2023-07-14 00:00:00+00:00,CNY,12.581,RUB_per_CNY
2023-07-14,2023-07-14 00:00:00+00:00,KZT,0.204689,RUB_per_KZT
2023-07-14,2023-07-14 00:00:00+00:00,USD,90.1757,RUB_per_USD
2023-07-15,2023-07-15 00:00:00+00:00,CNY,12.6072,RUB_per_CNY
2023-07-15,2023-07-15 00:00:00+00:00,KZT,0.203245,RUB_per_KZT
2023-07-15,2023-07-15 00:00:00+00:00,USD,90.119,RUB_per_USD
2023-07-18,2023-07-18 00:00:00+00:00,CNY,12.5927,RUB_per_CNY
2023-07-18,2023-07-18 00:00:00+00:00,KZT,0.2025209999999999,RUB_per_KZT
2023-07-18,2023-07-18 00:00:00+00:00,USD,90.4217,RUB_per_USD
2023-07-19,2023-07-19 00:00:00+00:00,CNY,12.6351,RUB_per_CNY
2023-07-19,2023-07-19 00:00:00+00:00,KZT,0.203187,RUB_per_KZT
2023-07-19,2023-07-19 00:00:00+00:00,USD,90.6906,RUB_per_USD
2023-07-20,2023-07-20 00:00:00+00:00,CNY,12.6303,RUB_per_CNY
2023-07-20,2023-07-20 00:00:00+00:00,KZT,0.205346,RUB_per_KZT
2023-07-20,2023-07-20 00:00:00+00:00,USD,91.2046,RUB_per_USD
2023-07-21,2023-07-21 00:00:00+00:00,CNY,12.6455,RUB_per_CNY
2023-07-21,2023-07-21 00:00:00+00:00,KZT,0.205237,RUB_per_KZT
2023-07-21,2023-07-21 00:00:00+00:00,USD,90.8545,RUB_per_USD
2023-07-22,2023-07-22 00:00:00+00:00,CNY,12.5784,RUB_per_CNY
2023-07-22,2023-07-22 00:00:00+00:00,KZT,0.2035739999999999,RUB_per_KZT
2023-07-22,2023-07-22 00:00:00+00:00,USD,90.3846,RUB_per_USD
2023-07-25,2023-07-25 00:00:00+00:00,CNY,12.5536,RUB_per_CNY
2023-07-25,2023-07-25 00:00:00+00:00,KZT,0.203433,RUB_per_KZT
2023-07-25,2023-07-25 00:00:00+00:00,USD,90.489,RUB_per_USD
2023-07-26,2023-07-26 00:00:00+00:00,CNY,12.5988,RUB_per_CNY
2023-07-26,2023-07-26 00:00:00+00:00,KZT,0.20235,RUB_per_KZT
2023-07-26,2023-07-26 00:00:00+00:00,USD,90.0945,RUB_per_USD
2023-07-27,2023-07-27 00:00:00+00:00,CNY,12.5766,RUB_per_CNY
2023-07-27,2023-07-27 00:00:00+00:00,KZT,0.202325,RUB_per_KZT
2023-07-27,2023-07-27 00:00:00+00:00,USD,90.0468,RUB_per_USD
2023-07-28,2023-07-28 00:00:00+00:00,CNY,12.5897,RUB_per_CNY
2023-07-28,2023-07-28 00:00:00+00:00,KZT,0.202621,RUB_per_KZT
2023-07-28,2023-07-28 00:00:00+00:00,USD,90.0225,RUB_per_USD
2023-07-29,2023-07-29 00:00:00+00:00,CNY,12.6891,RUB_per_CNY
2023-07-29,2023-07-29 00:00:00+00:00,KZT,0.204574,RUB_per_KZT
2023-07-29,2023-07-29 00:00:00+00:00,USD,90.9783,RUB_per_USD
2023-08-01,2023-08-01 00:00:00+00:00,CNY,12.7949,RUB_per_CNY
2023-08-01,2023-08-01 00:00:00+00:00,KZT,0.205511,RUB_per_KZT
2023-08-01,2023-08-01 00:00:00+00:00,USD,91.5923,RUB_per_USD
2023-08-02,2023-08-02 00:00:00+00:00,CNY,12.7855,RUB_per_CNY
2023-08-02,2023-08-02 00:00:00+00:00,KZT,0.205742,RUB_per_KZT
2023-08-02,2023-08-02 00:00:00+00:00,USD,91.7755,RUB_per_USD
2023-08-03,2023-08-03 00:00:00+00:00,CNY,12.9223,RUB_per_CNY
2023-08-03,2023-08-03 00:00:00+00:00,KZT,0.208613,RUB_per_KZT
2023-08-03,2023-08-03 00:00:00+00:00,USD,92.841,RUB_per_USD
2023-08-04,2023-08-04 00:00:00+00:00,CNY,13.0395,RUB_per_CNY
2023-08-04,2023-08-04 00:00:00+00:00,KZT,0.2113759999999999,RUB_per_KZT
2023-08-04,2023-08-04 00:00:00+00:00,USD,93.7792,RUB_per_USD
2023-08-05,2023-08-05 00:00:00+00:00,CNY,13.1755,RUB_per_CNY
2023-08-05,2023-08-05 00:00:00+00:00,KZT,0.213046,RUB_per_KZT
2023-08-05,2023-08-05 00:00:00+00:00,USD,94.8076,RUB_per_USD
2023-08-08,2023-08-08 00:00:00+00:00,CNY,13.41,RUB_per_CNY
2023-08-08,2023-08-08 00:00:00+00:00,KZT,0.216863,RUB_per_KZT
2023-08-08,2023-08-08 00:00:00+00:00,USD,96.5668,RUB_per_USD
2023-08-09,2023-08-09 00:00:00+00:00,CNY,13.277,RUB_per_CNY
2023-08-09,2023-08-09 00:00:00+00:00,KZT,0.215242,RUB_per_KZT
2023-08-09,2023-08-09 00:00:00+00:00,USD,96.0755,RUB_per_USD
2023-08-10,2023-08-10 00:00:00+00:00,CNY,13.4741,RUB_per_CNY
2023-08-10,2023-08-10 00:00:00+00:00,KZT,0.218444,RUB_per_KZT
2023-08-10,2023-08-10 00:00:00+00:00,USD,97.3999,RUB_per_USD
2023-08-11,2023-08-11 00:00:00+00:00,CNY,13.459,RUB_per_CNY
2023-08-11,2023-08-11 00:00:00+00:00,KZT,0.2179589999999999,RUB_per_KZT
2023-08-11,2023-08-11 00:00:00+00:00,USD,97.2794,RUB_per_USD
2023-08-12,2023-08-12 00:00:00+00:00,CNY,13.5351,RUB_per_CNY
2023-08-12,2023-08-12 00:00:00+00:00,KZT,0.2206739999999999,RUB_per_KZT
2023-08-12,2023-08-12 00:00:00+00:00,USD,98.2066,RUB_per_USD
2023-08-15,2023-08-15 00:00:00+00:00,CNY,13.8741,RUB_per_CNY
2023-08-15,2023-08-15 00:00:00+00:00,KZT,0.226643,RUB_per_KZT
2023-08-15,2023-08-15 00:00:00+00:00,USD,101.0399,RUB_per_USD
2023-08-16,2023-08-16 00:00:00+00:00,CNY,13.3227,RUB_per_CNY
2023-08-16,2023-08-16 00:00:00+00:00,KZT,0.217193,RUB_per_KZT
2023-08-16,2023-08-16 00:00:00+00:00,USD,97.4217,RUB_per_USD
2023-08-17,2023-08-17 00:00:00+00:00,CNY,13.2065,RUB_per_CNY
2023-08-17,2023-08-17 00:00:00+00:00,KZT,0.215296,RUB_per_KZT
2023-08-17,2023-08-17 00:00:00+00:00,USD,96.7045,RUB_per_USD
2023-08-18,2023-08-18 00:00:00+00:00,CNY,12.7875,RUB_per_CNY
2023-08-18,2023-08-18 00:00:00+00:00,KZT,0.206353,RUB_per_KZT
2023-08-18,2023-08-18 00:00:00+00:00,USD,93.746,RUB_per_USD
2023-08-19,2023-08-19 00:00:00+00:00,CNY,12.7545,RUB_per_CNY
2023-08-19,2023-08-19 00:00:00+00:00,KZT,0.201655,RUB_per_KZT
2023-08-19,2023-08-19 00:00:00+00:00,USD,93.4047,RUB_per_USD
2023-08-22,2023-08-22 00:00:00+00:00,CNY,12.862,RUB_per_CNY
2023-08-22,2023-08-22 00:00:00+00:00,KZT,0.203899,RUB_per_KZT
2023-08-22,2023-08-22 00:00:00+00:00,USD,94.1424,RUB_per_USD
2023-08-23,2023-08-23 00:00:00+00:00,CNY,12.8734,RUB_per_CNY
2023-08-23,2023-08-23 00:00:00+00:00,KZT,0.2080699999999999,RUB_per_KZT
2023-08-23,2023-08-23 00:00:00+00:00,USD,94.1185,RUB_per_USD
2023-08-24,2023-08-24 00:00:00+00:00,CNY,12.9215,RUB_per_CNY
2023-08-24,2023-08-24 00:00:00+00:00,KZT,0.208422,RUB_per_KZT
2023-08-24,2023-08-24 00:00:00+00:00,USD,94.4421,RUB_per_USD
2023-08-25,2023-08-25 00:00:00+00:00,CNY,12.9407,RUB_per_CNY
2023-08-25,2023-08-25 00:00:00+00:00,KZT,0.206057,RUB_per_KZT
2023-08-25,2023-08-25 00:00:00+00:00,USD,94.4007,RUB_per_USD
2023-08-26,2023-08-26 00:00:00+00:00,CNY,12.972,RUB_per_CNY
2023-08-26,2023-08-26 00:00:00+00:00,KZT,0.204986,RUB_per_KZT
2023-08-26,2023-08-26 00:00:00+00:00,USD,94.7117,RUB_per_USD
2023-08-29,2023-08-29 00:00:00+00:00,CNY,13.055,RUB_per_CNY
2023-08-29,2023-08-29 00:00:00+00:00,KZT,0.207471,RUB_per_KZT
2023-08-29,2023-08-29 00:00:00+00:00,USD,95.4717,RUB_per_USD
2023-08-30,2023-08-30 00:00:00+00:00,CNY,13.1096,RUB_per_CNY
2023-08-30,2023-08-30 00:00:00+00:00,KZT,0.206243,RUB_per_KZT
2023-08-30,2023-08-30 00:00:00+00:00,USD,95.707,RUB_per_USD
2023-08-31,2023-08-31 00:00:00+00:00,CNY,13.1311,RUB_per_CNY
2023-08-31,2023-08-31 00:00:00+00:00,KZT,0.207889,RUB_per_KZT
2023-08-31,2023-08-31 00:00:00+00:00,USD,95.9283,RUB_per_USD
2023-09-01,2023-09-01 00:00:00+00:00,CNY,13.1943,RUB_per_CNY
2023-09-01,2023-09-01 00:00:00+00:00,KZT,0.2087689999999999,RUB_per_KZT
2023-09-01,2023-09-01 00:00:00+00:00,USD,96.3344,RUB_per_USD
2023-09-02,2023-09-02 00:00:00+00:00,CNY,13.2479,RUB_per_CNY
2023-09-02,2023-09-02 00:00:00+00:00,KZT,0.209578,RUB_per_KZT
2023-09-02,2023-09-02 00:00:00+00:00,USD,96.3411,RUB_per_USD
2023-09-05,2023-09-05 00:00:00+00:00,CNY,13.2861,RUB_per_CNY
2023-09-05,2023-09-05 00:00:00+00:00,KZT,0.211705,RUB_per_KZT
2023-09-05,2023-09-05 00:00:00+00:00,USD,96.6199,RUB_per_USD
2023-09-06,2023-09-06 00:00:00+00:00,CNY,13.3402,RUB_per_CNY
2023-09-06,2023-09-06 00:00:00+00:00,KZT,0.2122609999999999,RUB_per_KZT
2023-09-06,2023-09-06 00:00:00+00:00,USD,97.5383,RUB_per_USD
2023-09-07,2023-09-07 00:00:00+00:00,CNY,13.3749,RUB_per_CNY
2023-09-07,2023-09-07 00:00:00+00:00,KZT,0.212718,RUB_per_KZT
2023-09-07,2023-09-07 00:00:00+00:00,USD,97.8439,RUB_per_USD
2023-09-08,2023-09-08 00:00:00+00:00,CNY,13.3787,RUB_per_CNY
2023-09-08,2023-09-08 00:00:00+00:00,KZT,0.212817,RUB_per_KZT
2023-09-08,2023-09-08 00:00:00+00:00,USD,98.1961,RUB_per_USD
2023-09-09,2023-09-09 00:00:00+00:00,CNY,13.3135,RUB_per_CNY
2023-09-09,2023-09-09 00:00:00+00:00,KZT,0.2108249999999999,RUB_per_KZT
2023-09-09,2023-09-09 00:00:00+00:00,USD,97.9241,RUB_per_USD
2023-09-12,2023-09-12 00:00:00+00:00,CNY,13.1975,RUB_per_CNY
2023-09-12,2023-09-12 00:00:00+00:00,KZT,0.206971,RUB_per_KZT
2023-09-12,2023-09-12 00:00:00+00:00,USD,96.5083,RUB_per_USD
2023-09-13,2023-09-13 00:00:00+00:00,CNY,12.9522,RUB_per_CNY
2023-09-13,2023-09-13 00:00:00+00:00,KZT,0.2045959999999999,RUB_per_KZT
2023-09-13,2023-09-13 00:00:00+00:00,USD,94.7035,RUB_per_USD
2023-09-14,2023-09-14 00:00:00+00:00,CNY,13.1735,RUB_per_CNY
2023-09-14,2023-09-14 00:00:00+00:00,KZT,0.208424,RUB_per_KZT
2023-09-14,2023-09-14 00:00:00+00:00,USD,95.9794,RUB_per_USD
2023-09-15,2023-09-15 00:00:00+00:00,CNY,13.1931,RUB_per_CNY
2023-09-15,2023-09-15 00:00:00+00:00,KZT,0.207252,RUB_per_KZT
2023-09-15,2023-09-15 00:00:00+00:00,USD,96.1609,RUB_per_USD
2023-09-16,2023-09-16 00:00:00+00:00,CNY,13.2672,RUB_per_CNY
2023-09-16,2023-09-16 00:00:00+00:00,KZT,0.207289,RUB_per_KZT
2023-09-16,2023-09-16 00:00:00+00:00,USD,96.6338,RUB_per_USD
2023-09-19,2023-09-19 00:00:00+00:00,CNY,13.2387,RUB_per_CNY
2023-09-19,2023-09-19 00:00:00+00:00,KZT,0.206825,RUB_per_KZT
2023-09-19,2023-09-19 00:00:00+00:00,USD,96.6472,RUB_per_USD
2023-09-20,2023-09-20 00:00:00+00:00,CNY,13.1695,RUB_per_CNY
2023-09-20,2023-09-20 00:00:00+00:00,KZT,0.205032,RUB_per_KZT
2023-09-20,2023-09-20 00:00:00+00:00,USD,96.2236,RUB_per_USD
2023-09-21,2023-09-21 00:00:00+00:00,CNY,13.2097,RUB_per_CNY
2023-09-21,2023-09-21 00:00:00+00:00,KZT,0.204936,RUB_per_KZT
2023-09-21,2023-09-21 00:00:00+00:00,USD,96.6172,RUB_per_USD
2023-09-22,2023-09-22 00:00:00+00:00,CNY,13.1335,RUB_per_CNY
2023-09-22,2023-09-22 00:00:00+00:00,KZT,0.203026,RUB_per_KZT
2023-09-22,2023-09-22 00:00:00+00:00,USD,96.0762,RUB_per_USD
2023-09-23,2023-09-23 00:00:00+00:00,CNY,13.1414,RUB_per_CNY
2023-09-23,2023-09-23 00:00:00+00:00,KZT,0.201786,RUB_per_KZT
2023-09-23,2023-09-23 00:00:00+00:00,USD,96.0419,RUB_per_USD
2023-09-26,2023-09-26 00:00:00+00:00,CNY,13.1394,RUB_per_CNY
2023-09-26,2023-09-26 00:00:00+00:00,KZT,0.2023049999999999,RUB_per_KZT
2023-09-26,2023-09-26 00:00:00+00:00,USD,96.1456,RUB_per_USD
2023-09-27,2023-09-27 00:00:00+00:00,CNY,13.1504,RUB_per_CNY
2023-09-27,2023-09-27 00:00:00+00:00,KZT,0.203042,RUB_per_KZT
2023-09-27,2023-09-27 00:00:00+00:00,USD,96.2378,RUB_per_USD
2023-09-28,2023-09-28 00:00:00+00:00,CNY,13.1852,RUB_per_CNY
2023-09-28,2023-09-28 00:00:00+00:00,KZT,0.2023529999999999,RUB_per_KZT
2023-09-28,2023-09-28 00:00:00+00:00,USD,96.5,RUB_per_USD
2023-09-29,2023-09-29 00:00:00+00:00,CNY,13.2753,RUB_per_CNY
2023-09-29,2023-09-29 00:00:00+00:00,KZT,0.200928,RUB_per_KZT
2023-09-29,2023-09-29 00:00:00+00:00,USD,97.0018,RUB_per_USD
2023-09-30,2023-09-30 00:00:00+00:00,CNY,13.3587,RUB_per_CNY
2023-09-30,2023-09-30 00:00:00+00:00,KZT,0.20398,RUB_per_KZT
2023-09-30,2023-09-30 00:00:00+00:00,USD,97.4147,RUB_per_USD
2023-10-03,2023-10-03 00:00:00+00:00,CNY,13.4955,RUB_per_CNY
2023-10-03,2023-10-03 00:00:00+00:00,KZT,0.207555,RUB_per_KZT
2023-10-03,2023-10-03 00:00:00+00:00,USD,98.4785,RUB_per_USD
2023-10-04,2023-10-04 00:00:00+00:00,CNY,13.5556,RUB_per_CNY
2023-10-04,2023-10-04 00:00:00+00:00,KZT,0.2075209999999999,RUB_per_KZT
2023-10-04,2023-10-04 00:00:00+00:00,USD,99.2677,RUB_per_USD
2023-10-05,2023-10-05 00:00:00+00:00,CNY,13.5779,RUB_per_CNY
2023-10-05,2023-10-05 00:00:00+00:00,KZT,0.208393,RUB_per_KZT
2023-10-05,2023-10-05 00:00:00+00:00,USD,99.4555,RUB_per_USD
2023-10-06,2023-10-06 00:00:00+00:00,CNY,13.6183,RUB_per_CNY
2023-10-06,2023-10-06 00:00:00+00:00,KZT,0.209145,RUB_per_KZT
2023-10-06,2023-10-06 00:00:00+00:00,USD,99.6762,RUB_per_USD
2023-10-07,2023-10-07 00:00:00+00:00,CNY,13.7373,RUB_per_CNY
2023-10-07,2023-10-07 00:00:00+00:00,KZT,0.2104789999999999,RUB_per_KZT
2023-10-07,2023-10-07 00:00:00+00:00,USD,100.4911,RUB_per_USD
2023-10-10,2023-10-10 00:00:00+00:00,CNY,13.8926,RUB_per_CNY
2023-10-10,2023-10-10 00:00:00+00:00,KZT,0.211859,RUB_per_KZT
2023-10-10,2023-10-10 00:00:00+00:00,USD,101.3598,RUB_per_USD
2023-10-11,2023-10-11 00:00:00+00:00,CNY,13.6821,RUB_per_CNY
2023-10-11,2023-10-11 00:00:00+00:00,KZT,0.209498,RUB_per_KZT
2023-10-11,2023-10-11 00:00:00+00:00,USD,99.9349,RUB_per_USD
2023-10-12,2023-10-12 00:00:00+00:00,CNY,13.6982,RUB_per_CNY
2023-10-12,2023-10-12 00:00:00+00:00,KZT,0.209511,RUB_per_KZT
2023-10-12,2023-10-12 00:00:00+00:00,USD,99.9808,RUB_per_USD
2023-10-13,2023-10-13 00:00:00+00:00,CNY,13.284,RUB_per_CNY
2023-10-13,2023-10-13 00:00:00+00:00,KZT,0.2034369999999999,RUB_per_KZT
2023-10-13,2023-10-13 00:00:00+00:00,USD,96.9948,RUB_per_USD
2023-10-14,2023-10-14 00:00:00+00:00,CNY,13.3026,RUB_per_CNY
2023-10-14,2023-10-14 00:00:00+00:00,KZT,0.204522,RUB_per_KZT
2023-10-14,2023-10-14 00:00:00+00:00,USD,97.3075,RUB_per_USD
2023-10-17,2023-10-17 00:00:00+00:00,CNY,13.2893,RUB_per_CNY
2023-10-17,2023-10-17 00:00:00+00:00,KZT,0.203963,RUB_per_KZT
2023-10-17,2023-10-17 00:00:00+00:00,USD,97.2865,RUB_per_USD
2023-10-18,2023-10-18 00:00:00+00:00,CNY,13.2855,RUB_per_CNY
2023-10-18,2023-10-18 00:00:00+00:00,KZT,0.204233,RUB_per_KZT
2023-10-18,2023-10-18 00:00:00+00:00,USD,97.3458,RUB_per_USD
2023-10-19,2023-10-19 00:00:00+00:00,CNY,13.2881,RUB_per_CNY
2023-10-19,2023-10-19 00:00:00+00:00,KZT,0.204084,RUB_per_KZT
2023-10-19,2023-10-19 00:00:00+00:00,USD,97.3724,RUB_per_USD
2023-10-20,2023-10-20 00:00:00+00:00,CNY,13.2533,RUB_per_CNY
2023-10-20,2023-10-20 00:00:00+00:00,KZT,0.203576,RUB_per_KZT
2023-10-20,2023-10-20 00:00:00+00:00,USD,97.3074,RUB_per_USD
2023-10-21,2023-10-21 00:00:00+00:00,CNY,13.0688,RUB_per_CNY
2023-10-21,2023-10-21 00:00:00+00:00,KZT,0.2000529999999999,RUB_per_KZT
2023-10-21,2023-10-21 00:00:00+00:00,USD,95.9053,RUB_per_USD
2023-10-24,2023-10-24 00:00:00+00:00,CNY,12.9219,RUB_per_CNY
2023-10-24,2023-10-24 00:00:00+00:00,KZT,0.197696,RUB_per_KZT
2023-10-24,2023-10-24 00:00:00+00:00,USD,94.7081,RUB_per_USD
2023-10-25,2023-10-25 00:00:00+00:00,CNY,12.766,RUB_per_CNY
2023-10-25,2023-10-25 00:00:00+00:00,KZT,0.1953389999999999,RUB_per_KZT
2023-10-25,2023-10-25 00:00:00+00:00,USD,93.5224,RUB_per_USD
2023-10-26,2023-10-26 00:00:00+00:00,CNY,12.7084,RUB_per_CNY
2023-10-26,2023-10-26 00:00:00+00:00,KZT,0.1957519999999999,RUB_per_KZT
2023-10-26,2023-10-26 00:00:00+00:00,USD,93.1507,RUB_per_USD
2023-10-27,2023-10-27 00:00:00+00:00,CNY,12.7507,RUB_per_CNY
2023-10-27,2023-10-27 00:00:00+00:00,KZT,0.196616,RUB_per_KZT
2023-10-27,2023-10-27 00:00:00+00:00,USD,93.5616,RUB_per_USD
2023-10-28,2023-10-28 00:00:00+00:00,CNY,12.7122,RUB_per_CNY
2023-10-28,2023-10-28 00:00:00+00:00,KZT,0.19572,RUB_per_KZT
2023-10-28,2023-10-28 00:00:00+00:00,USD,93.2174,RUB_per_USD
2023-10-31,2023-10-31 00:00:00+00:00,CNY,12.7071,RUB_per_CNY
2023-10-31,2023-10-31 00:00:00+00:00,KZT,0.198264,RUB_per_KZT
2023-10-31,2023-10-31 00:00:00+00:00,USD,93.2435,RUB_per_USD
2023-11-01,2023-11-01 00:00:00+00:00,CNY,12.5339,RUB_per_CNY
2023-11-01,2023-11-01 00:00:00+00:00,KZT,0.195017,RUB_per_KZT
2023-11-01,2023-11-01 00:00:00+00:00,USD,92.0226,RUB_per_USD
2023-11-02,2023-11-02 00:00:00+00:00,CNY,12.7052,RUB_per_CNY
2023-11-02,2023-11-02 00:00:00+00:00,KZT,0.198608,RUB_per_KZT
2023-11-02,2023-11-02 00:00:00+00:00,USD,93.2801,RUB_per_USD
2023-11-03,2023-11-03 00:00:00+00:00,CNY,12.7042,RUB_per_CNY
2023-11-03,2023-11-03 00:00:00+00:00,KZT,0.198202,RUB_per_KZT
2023-11-03,2023-11-03 00:00:00+00:00,USD,93.173,RUB_per_USD
2023-11-04,2023-11-04 00:00:00+00:00,CNY,12.6911,RUB_per_CNY
2023-11-04,2023-11-04 00:00:00+00:00,KZT,0.198738,RUB_per_KZT
2023-11-04,2023-11-04 00:00:00+00:00,USD,93.0351,RUB_per_USD
2023-11-08,2023-11-08 00:00:00+00:00,CNY,12.6656,RUB_per_CNY
2023-11-08,2023-11-08 00:00:00+00:00,KZT,0.1998339999999999,RUB_per_KZT
2023-11-08,2023-11-08 00:00:00+00:00,USD,92.4151,RUB_per_USD
2023-11-09,2023-11-09 00:00:00+00:00,CNY,12.663,RUB_per_CNY
2023-11-09,2023-11-09 00:00:00+00:00,KZT,0.198491,RUB_per_KZT
2023-11-09,2023-11-09 00:00:00+00:00,USD,92.1973,RUB_per_USD
2023-11-10,2023-11-10 00:00:00+00:00,CNY,12.5998,RUB_per_CNY
2023-11-10,2023-11-10 00:00:00+00:00,KZT,0.196934,RUB_per_KZT
2023-11-10,2023-11-10 00:00:00+00:00,USD,91.9266,RUB_per_USD
2023-11-11,2023-11-11 00:00:00+00:00,CNY,12.5979,RUB_per_CNY
2023-11-11,2023-11-11 00:00:00+00:00,KZT,0.196675,RUB_per_KZT
2023-11-11,2023-11-11 00:00:00+00:00,USD,92.0535,RUB_per_USD
2023-11-14,2023-11-14 00:00:00+00:00,CNY,12.6122,RUB_per_CNY
2023-11-14,2023-11-14 00:00:00+00:00,KZT,0.196876,RUB_per_KZT
2023-11-14,2023-11-14 00:00:00+00:00,USD,92.1185,RUB_per_USD
2023-11-15,2023-11-15 00:00:00+00:00,CNY,12.4948,RUB_per_CNY
2023-11-15,2023-11-15 00:00:00+00:00,KZT,0.195877,RUB_per_KZT
2023-11-15,2023-11-15 00:00:00+00:00,USD,91.257,RUB_per_USD
2023-11-16,2023-11-16 00:00:00+00:00,CNY,12.3348,RUB_per_CNY
2023-11-16,2023-11-16 00:00:00+00:00,KZT,0.19294,RUB_per_KZT
2023-11-16,2023-11-16 00:00:00+00:00,USD,89.4565,RUB_per_USD
2023-11-17,2023-11-17 00:00:00+00:00,CNY,12.2479,RUB_per_CNY
2023-11-17,2023-11-17 00:00:00+00:00,KZT,0.1927209999999999,RUB_per_KZT
2023-11-17,2023-11-17 00:00:00+00:00,USD,88.9466,RUB_per_USD
2023-11-18,2023-11-18 00:00:00+00:00,CNY,12.3104,RUB_per_CNY
2023-11-18,2023-11-18 00:00:00+00:00,KZT,0.193097,RUB_per_KZT
2023-11-18,2023-11-18 00:00:00+00:00,USD,89.1237,RUB_per_USD
2023-11-21,2023-11-21 00:00:00+00:00,CNY,12.323,RUB_per_CNY
2023-11-21,2023-11-21 00:00:00+00:00,KZT,0.191222,RUB_per_KZT
2023-11-21,2023-11-21 00:00:00+00:00,USD,88.4954,RUB_per_USD
2023-11-22,2023-11-22 00:00:00+00:00,CNY,12.3009,RUB_per_CNY
2023-11-22,2023-11-22 00:00:00+00:00,KZT,0.189965,RUB_per_KZT
2023-11-22,2023-11-22 00:00:00+00:00,USD,87.8701,RUB_per_USD
2023-11-23,2023-11-23 00:00:00+00:00,CNY,12.3026,RUB_per_CNY
2023-11-23,2023-11-23 00:00:00+00:00,KZT,0.1920629999999999,RUB_per_KZT
2023-11-23,2023-11-23 00:00:00+00:00,USD,88.1648,RUB_per_USD
2023-11-24,2023-11-24 00:00:00+00:00,CNY,12.3225,RUB_per_CNY
2023-11-24,2023-11-24 00:00:00+00:00,KZT,0.192896,RUB_per_KZT
2023-11-24,2023-11-24 00:00:00+00:00,USD,88.1206,RUB_per_USD
2023-11-25,2023-11-25 00:00:00+00:00,CNY,12.3949,RUB_per_CNY
2023-11-25,2023-11-25 00:00:00+00:00,KZT,0.1925829999999999,RUB_per_KZT
2023-11-25,2023-11-25 00:00:00+00:00,USD,88.8133,RUB_per_USD
2023-11-28,2023-11-28 00:00:00+00:00,CNY,12.3842,RUB_per_CNY
2023-11-28,2023-11-28 00:00:00+00:00,KZT,0.191549,RUB_per_KZT
2023-11-28,2023-11-28 00:00:00+00:00,USD,88.7045,RUB_per_USD
2023-11-29,2023-11-29 00:00:00+00:00,CNY,12.3685,RUB_per_CNY
2023-11-29,2023-11-29 00:00:00+00:00,KZT,0.192895,RUB_per_KZT
2023-11-29,2023-11-29 00:00:00+00:00,USD,88.6102,RUB_per_USD
2023-11-30,2023-11-30 00:00:00+00:00,CNY,12.4527,RUB_per_CNY
2023-11-30,2023-11-30 00:00:00+00:00,KZT,0.19363,RUB_per_KZT
2023-11-30,2023-11-30 00:00:00+00:00,USD,88.8841,RUB_per_USD
2023-12-01,2023-12-01 00:00:00+00:00,CNY,12.3927,RUB_per_CNY
2023-12-01,2023-12-01 00:00:00+00:00,KZT,0.192964,RUB_per_KZT
2023-12-01,2023-12-01 00:00:00+00:00,USD,88.5819,RUB_per_USD
2023-12-02,2023-12-02 00:00:00+00:00,CNY,12.5479,RUB_per_CNY
2023-12-02,2023-12-02 00:00:00+00:00,KZT,0.19597,RUB_per_KZT
2023-12-02,2023-12-02 00:00:00+00:00,USD,89.7619,RUB_per_USD
2023-12-05,2023-12-05 00:00:00+00:00,CNY,12.6897,RUB_per_CNY
2023-12-05,2023-12-05 00:00:00+00:00,KZT,0.197051,RUB_per_KZT
2023-12-05,2023-12-05 00:00:00+00:00,USD,90.6728,RUB_per_USD
2023-12-06,2023-12-06 00:00:00+00:00,CNY,12.8073,RUB_per_CNY
2023-12-06,2023-12-06 00:00:00+00:00,KZT,0.198518,RUB_per_KZT
2023-12-06,2023-12-06 00:00:00+00:00,USD,91.5823,RUB_per_USD
2023-12-07,2023-12-07 00:00:00+00:00,CNY,12.9511,RUB_per_CNY
2023-12-07,2023-12-07 00:00:00+00:00,KZT,0.2012419999999999,RUB_per_KZT
2023-12-07,2023-12-07 00:00:00+00:00,USD,92.7826,RUB_per_USD
2023-12-08,2023-12-08 00:00:00+00:00,CNY,12.922,RUB_per_CNY
2023-12-08,2023-12-08 00:00:00+00:00,KZT,0.201466,RUB_per_KZT
2023-12-08,2023-12-08 00:00:00+00:00,USD,92.5654,RUB_per_USD
2023-12-09,2023-12-09 00:00:00+00:00,CNY,12.7893,RUB_per_CNY
2023-12-09,2023-12-09 00:00:00+00:00,KZT,0.199257,RUB_per_KZT
2023-12-09,2023-12-09 00:00:00+00:00,USD,91.6402,RUB_per_USD
2023-12-12,2023-12-12 00:00:00+00:00,CNY,12.6503,RUB_per_CNY
2023-12-12,2023-12-12 00:00:00+00:00,KZT,0.198826,RUB_per_KZT
2023-12-12,2023-12-12 00:00:00+00:00,USD,90.9846,RUB_per_USD
2023-12-13,2023-12-13 00:00:00+00:00,CNY,12.5636,RUB_per_CNY
2023-12-13,2023-12-13 00:00:00+00:00,KZT,0.196767,RUB_per_KZT
2023-12-13,2023-12-13 00:00:00+00:00,USD,90.2158,RUB_per_USD
2023-12-14,2023-12-14 00:00:00+00:00,CNY,12.4993,RUB_per_CNY
2023-12-14,2023-12-14 00:00:00+00:00,KZT,0.196908,RUB_per_KZT
2023-12-14,2023-12-14 00:00:00+00:00,USD,89.8926,RUB_per_USD
2023-12-15,2023-12-15 00:00:00+00:00,CNY,12.5457,RUB_per_CNY
2023-12-15,2023-12-15 00:00:00+00:00,KZT,0.196788,RUB_per_KZT
2023-12-15,2023-12-15 00:00:00+00:00,USD,89.6741,RUB_per_USD
2023-12-16,2023-12-16 00:00:00+00:00,CNY,12.6091,RUB_per_CNY
2023-12-16,2023-12-16 00:00:00+00:00,KZT,0.1968629999999999,RUB_per_KZT
2023-12-16,2023-12-16 00:00:00+00:00,USD,89.6966,RUB_per_USD
2023-12-19,2023-12-19 00:00:00+00:00,CNY,12.6578,RUB_per_CNY
2023-12-19,2023-12-19 00:00:00+00:00,KZT,0.197657,RUB_per_KZT
2023-12-19,2023-12-19 00:00:00+00:00,USD,90.4162,RUB_per_USD
2023-12-20,2023-12-20 00:00:00+00:00,CNY,12.579,RUB_per_CNY
2023-12-20,2023-12-20 00:00:00+00:00,KZT,0.196937,RUB_per_KZT
2023-12-20,2023-12-20 00:00:00+00:00,USD,90.087,RUB_per_USD
2023-12-21,2023-12-21 00:00:00+00:00,CNY,12.6577,RUB_per_CNY
2023-12-21,2023-12-21 00:00:00+00:00,KZT,0.197392,RUB_per_KZT
2023-12-21,2023-12-21 00:00:00+00:00,USD,90.4056,RUB_per_USD
2023-12-22,2023-12-22 00:00:00+00:00,CNY,12.8124,RUB_per_CNY
2023-12-22,2023-12-22 00:00:00+00:00,KZT,0.201031,RUB_per_KZT
2023-12-22,2023-12-22 00:00:00+00:00,USD,91.7062,RUB_per_USD
2023-12-23,2023-12-23 00:00:00+00:00,CNY,12.8598,RUB_per_CNY
2023-12-23,2023-12-23 00:00:00+00:00,KZT,0.201184,RUB_per_KZT
2023-12-23,2023-12-23 00:00:00+00:00,USD,91.9389,RUB_per_USD
2023-12-26,2023-12-26 00:00:00+00:00,CNY,12.8379,RUB_per_CNY
2023-12-26,2023-12-26 00:00:00+00:00,KZT,0.200067,RUB_per_KZT
2023-12-26,2023-12-26 00:00:00+00:00,USD,91.969,RUB_per_USD
2023-12-27,2023-12-27 00:00:00+00:00,CNY,12.7937,RUB_per_CNY
2023-12-27,2023-12-27 00:00:00+00:00,KZT,0.200395,RUB_per_KZT
2023-12-27,2023-12-27 00:00:00+00:00,USD,91.7069,RUB_per_USD
2023-12-28,2023-12-28 00:00:00+00:00,CNY,12.8011,RUB_per_CNY
2023-12-28,2023-12-28 00:00:00+00:00,KZT,0.201011,RUB_per_KZT
2023-12-28,2023-12-28 00:00:00+00:00,USD,91.7051,RUB_per_USD
2023-12-29,2023-12-29 00:00:00+00:00,CNY,12.6749,RUB_per_CNY
2023-12-29,2023-12-29 00:00:00+00:00,KZT,0.1982529999999999,RUB_per_KZT
2023-12-29,2023-12-29 00:00:00+00:00,USD,90.3041,RUB_per_USD
2023-12-30,2023-12-30 00:00:00+00:00,CNY,12.5762,RUB_per_CNY
2023-12-30,2023-12-30 00:00:00+00:00,KZT,0.197708,RUB_per_KZT
2023-12-30,2023-12-30 00:00:00+00:00,USD,89.6883,RUB_per_USD
2024-01-10,2024-01-10 00:00:00+00:00,CNY,12.5861,RUB_per_CNY
2024-01-10,2024-01-10 00:00:00+00:00,KZT,0.1993909999999999,RUB_per_KZT
2024-01-10,2024-01-10 00:00:00+00:00,USD,90.404,RUB_per_USD
2024-01-11,2024-01-11 00:00:00+00:00,CNY,12.4305,RUB_per_CNY
2024-01-11,2024-01-11 00:00:00+00:00,KZT,0.197255,RUB_per_KZT
2024-01-11,2024-01-11 00:00:00+00:00,USD,89.3939,RUB_per_USD
2024-01-12,2024-01-12 00:00:00+00:00,CNY,12.363,RUB_per_CNY
2024-01-12,2024-01-12 00:00:00+00:00,KZT,0.1958389999999999,RUB_per_KZT
2024-01-12,2024-01-12 00:00:00+00:00,USD,88.7818,RUB_per_USD
2024-01-13,2024-01-13 00:00:00+00:00,CNY,12.2428,RUB_per_CNY
2024-01-13,2024-01-13 00:00:00+00:00,KZT,0.1945009999999999,RUB_per_KZT
2024-01-13,2024-01-13 00:00:00+00:00,USD,88.1324,RUB_per_USD
2024-01-16,2024-01-16 00:00:00+00:00,CNY,12.152,RUB_per_CNY
2024-01-16,2024-01-16 00:00:00+00:00,KZT,0.194264,RUB_per_KZT
2024-01-16,2024-01-16 00:00:00+00:00,USD,87.6772,RUB_per_USD
2024-01-17,2024-01-17 00:00:00+00:00,CNY,12.1217,RUB_per_CNY
2024-01-17,2024-01-17 00:00:00+00:00,KZT,0.194177,RUB_per_KZT
2024-01-17,2024-01-17 00:00:00+00:00,USD,87.6457,RUB_per_USD
2024-01-18,2024-01-18 00:00:00+00:00,CNY,12.1935,RUB_per_CNY
2024-01-18,2024-01-18 00:00:00+00:00,KZT,0.195798,RUB_per_KZT
2024-01-18,2024-01-18 00:00:00+00:00,USD,88.354,RUB_per_USD
2024-01-19,2024-01-19 00:00:00+00:00,CNY,12.249,RUB_per_CNY
2024-01-19,2024-01-19 00:00:00+00:00,KZT,0.195741,RUB_per_KZT
2024-01-19,2024-01-19 00:00:00+00:00,USD,88.661,RUB_per_USD
2024-01-20,2024-01-20 00:00:00+00:00,CNY,12.2706,RUB_per_CNY
2024-01-20,2024-01-20 00:00:00+00:00,KZT,0.196081,RUB_per_KZT
2024-01-20,2024-01-20 00:00:00+00:00,USD,88.5896,RUB_per_USD
2024-01-23,2024-01-23 00:00:00+00:00,CNY,12.1803,RUB_per_CNY
2024-01-23,2024-01-23 00:00:00+00:00,KZT,0.1954769999999999,RUB_per_KZT
2024-01-23,2024-01-23 00:00:00+00:00,USD,87.9724,RUB_per_USD
2024-01-24,2024-01-24 00:00:00+00:00,CNY,12.2274,RUB_per_CNY
2024-01-24,2024-01-24 00:00:00+00:00,KZT,0.195983,RUB_per_KZT
2024-01-24,2024-01-24 00:00:00+00:00,USD,87.9199,RUB_per_USD
2024-01-25,2024-01-25 00:00:00+00:00,CNY,12.2887,RUB_per_CNY
2024-01-25,2024-01-25 00:00:00+00:00,KZT,0.19793,RUB_per_KZT
2024-01-25,2024-01-25 00:00:00+00:00,USD,88.2829,RUB_per_USD
2024-01-26,2024-01-26 00:00:00+00:00,CNY,12.327,RUB_per_CNY
2024-01-26,2024-01-26 00:00:00+00:00,KZT,0.199035,RUB_per_KZT
2024-01-26,2024-01-26 00:00:00+00:00,USD,88.6562,RUB_per_USD
2024-01-27,2024-01-27 00:00:00+00:00,CNY,12.4375,RUB_per_CNY
2024-01-27,2024-01-27 00:00:00+00:00,KZT,0.200695,RUB_per_KZT
2024-01-27,2024-01-27 00:00:00+00:00,USD,89.5159,RUB_per_USD
2024-01-30,2024-01-30 00:00:00+00:00,CNY,12.449,RUB_per_CNY
2024-01-30,2024-01-30 00:00:00+00:00,KZT,0.199246,RUB_per_KZT
2024-01-30,2024-01-30 00:00:00+00:00,USD,89.609,RUB_per_USD
2024-01-31,2024-01-31 00:00:00+00:00,CNY,12.4066,RUB_per_CNY
2024-01-31,2024-01-31 00:00:00+00:00,KZT,0.198428,RUB_per_KZT
2024-01-31,2024-01-31 00:00:00+00:00,USD,89.2887,RUB_per_USD
2024-02-01,2024-02-01 00:00:00+00:00,CNY,12.458,RUB_per_CNY
2024-02-01,2024-02-01 00:00:00+00:00,KZT,0.200075,RUB_per_KZT
2024-02-01,2024-02-01 00:00:00+00:00,USD,89.6678,RUB_per_USD
2024-02-02,2024-02-02 00:00:00+00:00,CNY,12.5357,RUB_per_CNY
2024-02-02,2024-02-02 00:00:00+00:00,KZT,0.201523,RUB_per_KZT
2024-02-02,2024-02-02 00:00:00+00:00,USD,90.2299,RUB_per_USD
2024-02-03,2024-02-03 00:00:00+00:00,CNY,12.6002,RUB_per_CNY
2024-02-03,2024-02-03 00:00:00+00:00,KZT,0.2016339999999999,RUB_per_KZT
2024-02-03,2024-02-03 00:00:00+00:00,USD,90.6626,RUB_per_USD
2024-02-06,2024-02-06 00:00:00+00:00,CNY,12.6335,RUB_per_CNY
2024-02-06,2024-02-06 00:00:00+00:00,KZT,0.202206,RUB_per_KZT
2024-02-06,2024-02-06 00:00:00+00:00,USD,91.2434,RUB_per_USD
2024-02-07,2024-02-07 00:00:00+00:00,CNY,12.5926,RUB_per_CNY
2024-02-07,2024-02-07 00:00:00+00:00,KZT,0.200115,RUB_per_KZT
2024-02-07,2024-02-07 00:00:00+00:00,USD,90.6842,RUB_per_USD
2024-02-08,2024-02-08 00:00:00+00:00,CNY,12.6484,RUB_per_CNY
2024-02-08,2024-02-08 00:00:00+00:00,KZT,0.200513,RUB_per_KZT
2024-02-08,2024-02-08 00:00:00+00:00,USD,91.1514,RUB_per_USD
2024-02-09,2024-02-09 00:00:00+00:00,CNY,12.6352,RUB_per_CNY
2024-02-09,2024-02-09 00:00:00+00:00,KZT,0.2018319999999999,RUB_per_KZT
2024-02-09,2024-02-09 00:00:00+00:00,USD,91.2561,RUB_per_USD
2024-02-10,2024-02-10 00:00:00+00:00,CNY,12.5407,RUB_per_CNY
2024-02-10,2024-02-10 00:00:00+00:00,KZT,0.201826,RUB_per_KZT
2024-02-10,2024-02-10 00:00:00+00:00,USD,90.8901,RUB_per_USD
2024-02-13,2024-02-13 00:00:00+00:00,CNY,12.5526,RUB_per_CNY
2024-02-13,2024-02-13 00:00:00+00:00,KZT,0.203703,RUB_per_KZT
2024-02-13,2024-02-13 00:00:00+00:00,USD,91.0758,RUB_per_USD
2024-02-14,2024-02-14 00:00:00+00:00,CNY,12.5814,RUB_per_CNY
2024-02-14,2024-02-14 00:00:00+00:00,KZT,0.204167,RUB_per_KZT
2024-02-14,2024-02-14 00:00:00+00:00,USD,91.2057,RUB_per_USD
2024-02-15,2024-02-15 00:00:00+00:00,CNY,12.5833,RUB_per_CNY
2024-02-15,2024-02-15 00:00:00+00:00,KZT,0.204093,RUB_per_KZT
2024-02-15,2024-02-15 00:00:00+00:00,USD,91.4316,RUB_per_USD
2024-02-16,2024-02-16 00:00:00+00:00,CNY,12.6566,RUB_per_CNY
2024-02-16,2024-02-16 00:00:00+00:00,KZT,0.205344,RUB_per_KZT
2024-02-16,2024-02-16 00:00:00+00:00,USD,91.8237,RUB_per_USD
2024-02-17,2024-02-17 00:00:00+00:00,CNY,12.7418,RUB_per_CNY
2024-02-17,2024-02-17 00:00:00+00:00,KZT,0.206555,RUB_per_KZT
2024-02-17,2024-02-17 00:00:00+00:00,USD,92.5492,RUB_per_USD
2024-02-20,2024-02-20 00:00:00+00:00,CNY,12.7662,RUB_per_CNY
2024-02-20,2024-02-20 00:00:00+00:00,KZT,0.20596,RUB_per_KZT
2024-02-20,2024-02-20 00:00:00+00:00,USD,92.4102,RUB_per_USD
2024-02-21,2024-02-21 00:00:00+00:00,CNY,12.797,RUB_per_CNY
2024-02-21,2024-02-21 00:00:00+00:00,KZT,0.205156,RUB_per_KZT
2024-02-21,2024-02-21 00:00:00+00:00,USD,92.349,RUB_per_USD
2024-02-22,2024-02-22 00:00:00+00:00,CNY,12.8039,RUB_per_CNY
2024-02-22,2024-02-22 00:00:00+00:00,KZT,0.204086,RUB_per_KZT
2024-02-22,2024-02-22 00:00:00+00:00,USD,92.4387,RUB_per_USD
2024-02-23,2024-02-23 00:00:00+00:00,CNY,12.7951,RUB_per_CNY
2024-02-23,2024-02-23 00:00:00+00:00,KZT,0.20575,RUB_per_KZT
2024-02-23,2024-02-23 00:00:00+00:00,USD,92.7519,RUB_per_USD
2024-02-27,2024-02-27 00:00:00+00:00,CNY,12.7809,RUB_per_CNY
2024-02-27,2024-02-27 00:00:00+00:00,KZT,0.2059039999999999,RUB_per_KZT
2024-02-27,2024-02-27 00:00:00+00:00,USD,92.6321,RUB_per_USD
2024-02-28,2024-02-28 00:00:00+00:00,CNY,12.7357,RUB_per_CNY
2024-02-28,2024-02-28 00:00:00+00:00,KZT,0.204557,RUB_per_KZT
2024-02-28,2024-02-28 00:00:00+00:00,USD,92.0425,RUB_per_USD
2024-02-29,2024-02-29 00:00:00+00:00,CNY,12.7085,RUB_per_CNY
2024-02-29,2024-02-29 00:00:00+00:00,KZT,0.204659,RUB_per_KZT
2024-02-29,2024-02-29 00:00:00+00:00,USD,91.8692,RUB_per_USD
2024-03-01,2024-03-01 00:00:00+00:00,CNY,12.5675,RUB_per_CNY
2024-03-01,2024-03-01 00:00:00+00:00,KZT,0.201286,RUB_per_KZT
2024-03-01,2024-03-01 00:00:00+00:00,USD,90.8423,RUB_per_USD
2024-03-02,2024-03-02 00:00:00+00:00,CNY,12.6316,RUB_per_CNY
2024-03-02,2024-03-02 00:00:00+00:00,KZT,0.2026889999999999,RUB_per_KZT
2024-03-02,2024-03-02 00:00:00+00:00,USD,91.3336,RUB_per_USD
2024-03-05,2024-03-05 00:00:00+00:00,CNY,12.6478,RUB_per_CNY
2024-03-05,2024-03-05 00:00:00+00:00,KZT,0.202544,RUB_per_KZT
2024-03-05,2024-03-05 00:00:00+00:00,USD,91.3534,RUB_per_USD
2024-03-06,2024-03-06 00:00:00+00:00,CNY,12.618,RUB_per_CNY
2024-03-06,2024-03-06 00:00:00+00:00,KZT,0.201082,RUB_per_KZT
2024-03-06,2024-03-06 00:00:00+00:00,USD,91.1604,RUB_per_USD
2024-03-07,2024-03-07 00:00:00+00:00,CNY,12.5061,RUB_per_CNY
2024-03-07,2024-03-07 00:00:00+00:00,KZT,0.2005219999999999,RUB_per_KZT
2024-03-07,2024-03-07 00:00:00+00:00,USD,90.3412,RUB_per_USD
2024-03-08,2024-03-08 00:00:00+00:00,CNY,12.5756,RUB_per_CNY
2024-03-08,2024-03-08 00:00:00+00:00,KZT,0.202783,RUB_per_KZT
2024-03-08,2024-03-08 00:00:00+00:00,USD,90.7493,RUB_per_USD
2024-03-12,2024-03-12 00:00:00+00:00,CNY,12.5938,RUB_per_CNY
2024-03-12,2024-03-12 00:00:00+00:00,KZT,0.2026089999999999,RUB_per_KZT
2024-03-12,2024-03-12 00:00:00+00:00,USD,90.6252,RUB_per_USD
2024-03-13,2024-03-13 00:00:00+00:00,CNY,12.644,RUB_per_CNY
2024-03-13,2024-03-13 00:00:00+00:00,KZT,0.20245,RUB_per_KZT
2024-03-13,2024-03-13 00:00:00+00:00,USD,90.8818,RUB_per_USD
2024-03-14,2024-03-14 00:00:00+00:00,CNY,12.7041,RUB_per_CNY
2024-03-14,2024-03-14 00:00:00+00:00,KZT,0.20375,RUB_per_KZT
2024-03-14,2024-03-14 00:00:00+00:00,USD,91.5449,RUB_per_USD
2024-03-15,2024-03-15 00:00:00+00:00,CNY,12.7151,RUB_per_CNY
2024-03-15,2024-03-15 00:00:00+00:00,KZT,0.203685,RUB_per_KZT
2024-03-15,2024-03-15 00:00:00+00:00,USD,91.6359,RUB_per_USD
2024-03-16,2024-03-16 00:00:00+00:00,CNY,12.7328,RUB_per_CNY
2024-03-16,2024-03-16 00:00:00+00:00,KZT,0.204537,RUB_per_KZT
2024-03-16,2024-03-16 00:00:00+00:00,USD,91.87,RUB_per_USD
2024-03-19,2024-03-19 00:00:00+00:00,CNY,12.7501,RUB_per_CNY
2024-03-19,2024-03-19 00:00:00+00:00,KZT,0.205054,RUB_per_KZT
2024-03-19,2024-03-19 00:00:00+00:00,USD,91.9829,RUB_per_USD
2024-03-20,2024-03-20 00:00:00+00:00,CNY,12.7729,RUB_per_CNY
2024-03-20,2024-03-20 00:00:00+00:00,KZT,0.205262,RUB_per_KZT
2024-03-20,2024-03-20 00:00:00+00:00,USD,92.2243,RUB_per_USD
2024-03-21,2024-03-21 00:00:00+00:00,CNY,12.8337,RUB_per_CNY
2024-03-21,2024-03-21 00:00:00+00:00,KZT,0.205476,RUB_per_KZT
2024-03-21,2024-03-21 00:00:00+00:00,USD,92.6861,RUB_per_USD
2024-03-22,2024-03-22 00:00:00+00:00,CNY,12.7519,RUB_per_CNY
2024-03-22,2024-03-22 00:00:00+00:00,KZT,0.203758,RUB_per_KZT
2024-03-22,2024-03-22 00:00:00+00:00,USD,91.9499,RUB_per_USD
2024-03-23,2024-03-23 00:00:00+00:00,CNY,12.7445,RUB_per_CNY
2024-03-23,2024-03-23 00:00:00+00:00,KZT,0.205225,RUB_per_KZT
2024-03-23,2024-03-23 00:00:00+00:00,USD,92.6118,RUB_per_USD
2024-03-26,2024-03-26 00:00:00+00:00,CNY,12.7893,RUB_per_CNY
2024-03-26,2024-03-26 00:00:00+00:00,KZT,0.205589,RUB_per_KZT
2024-03-26,2024-03-26 00:00:00+00:00,USD,92.7761,RUB_per_USD
2024-03-27,2024-03-27 00:00:00+00:00,CNY,12.7844,RUB_per_CNY
2024-03-27,2024-03-27 00:00:00+00:00,KZT,0.205142,RUB_per_KZT
2024-03-27,2024-03-27 00:00:00+00:00,USD,92.5745,RUB_per_USD
2024-03-28,2024-03-28 00:00:00+00:00,CNY,12.7477,RUB_per_CNY
2024-03-28,2024-03-28 00:00:00+00:00,KZT,0.205728,RUB_per_KZT
2024-03-28,2024-03-28 00:00:00+00:00,USD,92.5919,RUB_per_USD
2024-03-29,2024-03-29 00:00:00+00:00,CNY,12.6979,RUB_per_CNY
2024-03-29,2024-03-29 00:00:00+00:00,KZT,0.2052199999999999,RUB_per_KZT
2024-03-29,2024-03-29 00:00:00+00:00,USD,92.2628,RUB_per_USD
2024-03-30,2024-03-30 00:00:00+00:00,CNY,12.671,RUB_per_CNY
2024-03-30,2024-03-30 00:00:00+00:00,KZT,0.2061049999999999,RUB_per_KZT
2024-03-30,2024-03-30 00:00:00+00:00,USD,92.366,RUB_per_USD
2024-04-02,2024-04-02 00:00:00+00:00,CNY,12.6872,RUB_per_CNY
2024-04-02,2024-04-02 00:00:00+00:00,KZT,0.20657,RUB_per_KZT
2024-04-02,2024-04-02 00:00:00+00:00,USD,92.2914,RUB_per_USD
2024-04-03,2024-04-03 00:00:00+00:00,CNY,12.7211,RUB_per_CNY
2024-04-03,2024-04-03 00:00:00+00:00,KZT,0.207196,RUB_per_KZT
2024-04-03,2024-04-03 00:00:00+00:00,USD,92.5254,RUB_per_USD
2024-04-04,2024-04-04 00:00:00+00:00,CNY,12.7145,RUB_per_CNY
2024-04-04,2024-04-04 00:00:00+00:00,KZT,0.206442,RUB_per_KZT
2024-04-04,2024-04-04 00:00:00+00:00,USD,92.3892,RUB_per_USD
2024-04-05,2024-04-05 00:00:00+00:00,CNY,12.7143,RUB_per_CNY
2024-04-05,2024-04-05 00:00:00+00:00,KZT,0.206542,RUB_per_KZT
2024-04-05,2024-04-05 00:00:00+00:00,USD,92.3058,RUB_per_USD
2024-04-06,2024-04-06 00:00:00+00:00,CNY,12.7602,RUB_per_CNY
2024-04-06,2024-04-06 00:00:00+00:00,KZT,0.206982,RUB_per_KZT
2024-04-06,2024-04-06 00:00:00+00:00,USD,92.4155,RUB_per_USD
2024-04-09,2024-04-09 00:00:00+00:00,CNY,12.7696,RUB_per_CNY
2024-04-09,2024-04-09 00:00:00+00:00,KZT,0.207218,RUB_per_KZT
2024-04-09,2024-04-09 00:00:00+00:00,USD,92.581,RUB_per_USD
2024-04-10,2024-04-10 00:00:00+00:00,CNY,12.8004,RUB_per_CNY
2024-04-10,2024-04-10 00:00:00+00:00,KZT,0.207975,RUB_per_KZT
2024-04-10,2024-04-10 00:00:00+00:00,USD,92.7463,RUB_per_USD
2024-04-11,2024-04-11 00:00:00+00:00,CNY,12.873,RUB_per_CNY
2024-04-11,2024-04-11 00:00:00+00:00,KZT,0.208947,RUB_per_KZT
2024-04-11,2024-04-11 00:00:00+00:00,USD,93.2198,RUB_per_USD
2024-04-12,2024-04-12 00:00:00+00:00,CNY,12.9119,RUB_per_CNY
2024-04-12,2024-04-12 00:00:00+00:00,KZT,0.209593,RUB_per_KZT
2024-04-12,2024-04-12 00:00:00+00:00,USD,93.7196,RUB_per_USD
2024-04-13,2024-04-13 00:00:00+00:00,CNY,12.8685,RUB_per_CNY
2024-04-13,2024-04-13 00:00:00+00:00,KZT,0.208385,RUB_per_KZT
2024-04-13,2024-04-13 00:00:00+00:00,USD,93.4419,RUB_per_USD
2024-04-16,2024-04-16 00:00:00+00:00,CNY,12.8844,RUB_per_CNY
2024-04-16,2024-04-16 00:00:00+00:00,KZT,0.208956,RUB_per_KZT
2024-04-16,2024-04-16 00:00:00+00:00,USD,93.5891,RUB_per_USD
2024-04-17,2024-04-17 00:00:00+00:00,CNY,12.9331,RUB_per_CNY
2024-04-17,2024-04-17 00:00:00+00:00,KZT,0.209725,RUB_per_KZT
2024-04-17,2024-04-17 00:00:00+00:00,USD,94.0742,RUB_per_USD
2024-04-18,2024-04-18 00:00:00+00:00,CNY,13.0,RUB_per_CNY
2024-04-18,2024-04-18 00:00:00+00:00,KZT,0.210165,RUB_per_KZT
2024-04-18,2024-04-18 00:00:00+00:00,USD,94.3242,RUB_per_USD
2024-04-19,2024-04-19 00:00:00+00:00,CNY,12.976,RUB_per_CNY
2024-04-19,2024-04-19 00:00:00+00:00,KZT,0.209611,RUB_per_KZT
2024-04-19,2024-04-19 00:00:00+00:00,USD,94.0922,RUB_per_USD
2024-04-20,2024-04-20 00:00:00+00:00,CNY,12.8816,RUB_per_CNY
2024-04-20,2024-04-20 00:00:00+00:00,KZT,0.208853,RUB_per_KZT
2024-04-20,2024-04-20 00:00:00+00:00,USD,93.4409,RUB_per_USD
2024-04-23,2024-04-23 00:00:00+00:00,CNY,12.8484,RUB_per_CNY
2024-04-23,2024-04-23 00:00:00+00:00,KZT,0.208856,RUB_per_KZT
2024-04-23,2024-04-23 00:00:00+00:00,USD,93.2519,RUB_per_USD
2024-04-24,2024-04-24 00:00:00+00:00,CNY,12.8396,RUB_per_CNY
2024-04-24,2024-04-24 00:00:00+00:00,KZT,0.209334,RUB_per_KZT
2024-04-24,2024-04-24 00:00:00+00:00,USD,93.2918,RUB_per_USD
2024-04-25,2024-04-25 00:00:00+00:00,CNY,12.7183,RUB_per_CNY
2024-04-25,2024-04-25 00:00:00+00:00,KZT,0.208196,RUB_per_KZT
2024-04-25,2024-04-25 00:00:00+00:00,USD,92.5058,RUB_per_USD
2024-04-26,2024-04-26 00:00:00+00:00,CNY,12.6716,RUB_per_CNY
2024-04-26,2024-04-26 00:00:00+00:00,KZT,0.207573,RUB_per_KZT
2024-04-26,2024-04-26 00:00:00+00:00,USD,92.1314,RUB_per_USD
2024-04-27,2024-04-27 00:00:00+00:00,CNY,12.6347,RUB_per_CNY
2024-04-27,2024-04-27 00:00:00+00:00,KZT,0.2071349999999999,RUB_per_KZT
2024-04-27,2024-04-27 00:00:00+00:00,USD,92.0134,RUB_per_USD
2024-04-28,2024-04-28 00:00:00+00:00,CNY,12.5657,RUB_per_CNY
2024-04-28,2024-04-28 00:00:00+00:00,KZT,0.207013,RUB_per_KZT
2024-04-28,2024-04-28 00:00:00+00:00,USD,91.7791,RUB_per_USD
2024-05-03,2024-05-03 00:00:00+00:00,CNY,12.6821,RUB_per_CNY
2024-05-03,2024-05-03 00:00:00+00:00,KZT,0.208243,RUB_per_KZT
2024-05-03,2024-05-03 00:00:00+00:00,USD,92.0538,RUB_per_USD
2024-05-04,2024-05-04 00:00:00+00:00,CNY,12.6972,RUB_per_CNY
2024-05-04,2024-05-04 00:00:00+00:00,KZT,0.206807,RUB_per_KZT
2024-05-04,2024-05-04 00:00:00+00:00,USD,91.6918,RUB_per_USD
2024-05-07,2024-05-07 00:00:00+00:00,CNY,12.6453,RUB_per_CNY
2024-05-07,2024-05-07 00:00:00+00:00,KZT,0.206748,RUB_per_KZT
2024-05-07,2024-05-07 00:00:00+00:00,USD,91.3124,RUB_per_USD
2024-05-08,2024-05-08 00:00:00+00:00,CNY,12.5962,RUB_per_CNY
2024-05-08,2024-05-08 00:00:00+00:00,KZT,0.207367,RUB_per_KZT
2024-05-08,2024-05-08 00:00:00+00:00,USD,91.1231,RUB_per_USD
2024-05-09,2024-05-09 00:00:00+00:00,CNY,12.6243,RUB_per_CNY
2024-05-09,2024-05-09 00:00:00+00:00,KZT,0.208961,RUB_per_KZT
2024-05-09,2024-05-09 00:00:00+00:00,USD,91.8239,RUB_per_USD
2024-05-14,2024-05-14 00:00:00+00:00,CNY,12.623,RUB_per_CNY
2024-05-14,2024-05-14 00:00:00+00:00,KZT,0.2085409999999999,RUB_per_KZT
2024-05-14,2024-05-14 00:00:00+00:00,USD,91.633,RUB_per_USD
2024-05-15,2024-05-15 00:00:00+00:00,CNY,12.6025,RUB_per_CNY
2024-05-15,2024-05-15 00:00:00+00:00,KZT,0.207201,RUB_per_KZT
2024-05-15,2024-05-15 00:00:00+00:00,USD,91.3591,RUB_per_USD
2024-05-16,2024-05-16 00:00:00+00:00,CNY,12.6113,RUB_per_CNY
2024-05-16,2024-05-16 00:00:00+00:00,KZT,0.20698,RUB_per_KZT
2024-05-16,2024-05-16 00:00:00+00:00,USD,91.2573,RUB_per_USD
2024-05-17,2024-05-17 00:00:00+00:00,CNY,12.5832,RUB_per_CNY
2024-05-17,2024-05-17 00:00:00+00:00,KZT,0.205985,RUB_per_KZT
2024-05-17,2024-05-17 00:00:00+00:00,USD,90.9239,RUB_per_USD
2024-05-18,2024-05-18 00:00:00+00:00,CNY,12.5753,RUB_per_CNY
2024-05-18,2024-05-18 00:00:00+00:00,KZT,0.206049,RUB_per_KZT
2024-05-18,2024-05-18 00:00:00+00:00,USD,90.9873,RUB_per_USD
2024-05-21,2024-05-21 00:00:00+00:00,CNY,12.51,RUB_per_CNY
2024-05-21,2024-05-21 00:00:00+00:00,KZT,0.204433,RUB_per_KZT
2024-05-21,2024-05-21 00:00:00+00:00,USD,90.6537,RUB_per_USD
2024-05-22,2024-05-22 00:00:00+00:00,CNY,12.4613,RUB_per_CNY
2024-05-22,2024-05-22 00:00:00+00:00,KZT,0.203751,RUB_per_KZT
2024-05-22,2024-05-22 00:00:00+00:00,USD,90.4082,RUB_per_USD
2024-05-23,2024-05-23 00:00:00+00:00,CNY,12.4274,RUB_per_CNY
2024-05-23,2024-05-23 00:00:00+00:00,KZT,0.204139,RUB_per_KZT
2024-05-23,2024-05-23 00:00:00+00:00,USD,90.1887,RUB_per_USD
2024-05-24,2024-05-24 00:00:00+00:00,CNY,12.4266,RUB_per_CNY
2024-05-24,2024-05-24 00:00:00+00:00,KZT,0.204279,RUB_per_KZT
2024-05-24,2024-05-24 00:00:00+00:00,USD,90.2486,RUB_per_USD
2024-05-25,2024-05-25 00:00:00+00:00,CNY,12.33,RUB_per_CNY
2024-05-25,2024-05-25 00:00:00+00:00,KZT,0.202475,RUB_per_KZT
2024-05-25,2024-05-25 00:00:00+00:00,USD,89.7026,RUB_per_USD
2024-05-28,2024-05-28 00:00:00+00:00,CNY,12.1903,RUB_per_CNY
2024-05-28,2024-05-28 00:00:00+00:00,KZT,0.20012,RUB_per_KZT
2024-05-28,2024-05-28 00:00:00+00:00,USD,88.6852,RUB_per_USD
2024-05-29,2024-05-29 00:00:00+00:00,CNY,12.1628,RUB_per_CNY
2024-05-29,2024-05-29 00:00:00+00:00,KZT,0.199705,RUB_per_KZT
2024-05-29,2024-05-29 00:00:00+00:00,USD,88.4375,RUB_per_USD
2024-05-30,2024-05-30 00:00:00+00:00,CNY,12.2752,RUB_per_CNY
2024-05-30,2024-05-30 00:00:00+00:00,KZT,0.202131,RUB_per_KZT
2024-05-30,2024-05-30 00:00:00+00:00,USD,89.2589,RUB_per_USD
2024-05-31,2024-05-31 00:00:00+00:00,CNY,12.365,RUB_per_CNY
2024-05-31,2024-05-31 00:00:00+00:00,KZT,0.2027479999999999,RUB_per_KZT
2024-05-31,2024-05-31 00:00:00+00:00,USD,89.7869,RUB_per_USD
2024-06-01,2024-06-01 00:00:00+00:00,CNY,12.4028,RUB_per_CNY
2024-06-01,2024-06-01 00:00:00+00:00,KZT,0.202773,RUB_per_KZT
2024-06-01,2024-06-01 00:00:00+00:00,USD,90.1915,RUB_per_USD
2024-06-04,2024-06-04 00:00:00+00:00,CNY,12.3011,RUB_per_CNY
2024-06-04,2024-06-04 00:00:00+00:00,KZT,0.199833,RUB_per_KZT
2024-06-04,2024-06-04 00:00:00+00:00,USD,89.3755,RUB_per_USD
2024-06-05,2024-06-05 00:00:00+00:00,CNY,12.2248,RUB_per_CNY
2024-06-05,2024-06-05 00:00:00+00:00,KZT,0.1985269999999999,RUB_per_KZT
2024-06-05,2024-06-05 00:00:00+00:00,USD,88.7574,RUB_per_USD
2024-06-06,2024-06-06 00:00:00+00:00,CNY,12.2244,RUB_per_CNY
2024-06-06,2024-06-06 00:00:00+00:00,KZT,0.1980839999999999,RUB_per_KZT
2024-06-06,2024-06-06 00:00:00+00:00,USD,88.7436,RUB_per_USD
2024-06-07,2024-06-07 00:00:00+00:00,CNY,12.2251,RUB_per_CNY
2024-06-07,2024-06-07 00:00:00+00:00,KZT,0.197843,RUB_per_KZT
2024-06-07,2024-06-07 00:00:00+00:00,USD,88.7604,RUB_per_USD
2024-06-08,2024-06-08 00:00:00+00:00,CNY,12.229,RUB_per_CNY
2024-06-08,2024-06-08 00:00:00+00:00,KZT,0.198618,RUB_per_KZT
2024-06-08,2024-06-08 00:00:00+00:00,USD,88.7606,RUB_per_USD
2024-06-11,2024-06-11 00:00:00+00:00,CNY,12.2213,RUB_per_CNY
2024-06-11,2024-06-11 00:00:00+00:00,KZT,0.198928,RUB_per_KZT
2024-06-11,2024-06-11 00:00:00+00:00,USD,88.9944,RUB_per_USD
2024-06-12,2024-06-12 00:00:00+00:00,CNY,12.231,RUB_per_CNY
2024-06-12,2024-06-12 00:00:00+00:00,KZT,0.198655,RUB_per_KZT
2024-06-12,2024-06-12 00:00:00+00:00,USD,89.0214,RUB_per_USD
2024-06-14,2024-06-14 00:00:00+00:00,CNY,12.0408,RUB_per_CNY
2024-06-14,2024-06-14 00:00:00+00:00,KZT,0.1952499999999999,RUB_per_KZT
2024-06-14,2024-06-14 00:00:00+00:00,USD,88.208,RUB_per_USD
2024-06-15,2024-06-15 00:00:00+00:00,CNY,12.1629,RUB_per_CNY
2024-06-15,2024-06-15 00:00:00+00:00,KZT,0.197319,RUB_per_KZT
2024-06-15,2024-06-15 00:00:00+00:00,USD,89.0658,RUB_per_USD
2024-06-18,2024-06-18 00:00:00+00:00,CNY,12.1267,RUB_per_CNY
2024-06-18,2024-06-18 00:00:00+00:00,KZT,0.197542,RUB_per_KZT
2024-06-18,2024-06-18 00:00:00+00:00,USD,89.0499,RUB_per_USD
2024-06-19,2024-06-19 00:00:00+00:00,CNY,11.7964,RUB_per_CNY
2024-06-19,2024-06-19 00:00:00+00:00,KZT,0.192165,RUB_per_KZT
2024-06-19,2024-06-19 00:00:00+00:00,USD,87.0354,RUB_per_USD
2024-06-20,2024-06-20 00:00:00+00:00,CNY,11.1652,RUB_per_CNY
2024-06-20,2024-06-20 00:00:00+00:00,KZT,0.180419,RUB_per_KZT
2024-06-20,2024-06-20 00:00:00+00:00,USD,82.6282,RUB_per_USD
2024-06-21,2024-06-21 00:00:00+00:00,CNY,11.5185,RUB_per_CNY
2024-06-21,2024-06-21 00:00:00+00:00,KZT,0.185791,RUB_per_KZT
2024-06-21,2024-06-21 00:00:00+00:00,USD,85.4176,RUB_per_USD
2024-06-22,2024-06-22 00:00:00+00:00,CNY,12.0455,RUB_per_CNY
2024-06-22,2024-06-22 00:00:00+00:00,KZT,0.191383,RUB_per_KZT
2024-06-22,2024-06-22 00:00:00+00:00,USD,87.9595,RUB_per_USD
2024-06-25,2024-06-25 00:00:00+00:00,CNY,11.8582,RUB_per_CNY
2024-06-25,2024-06-25 00:00:00+00:00,KZT,0.188012,RUB_per_KZT
2024-06-25,2024-06-25 00:00:00+00:00,USD,87.373,RUB_per_USD
2024-06-26,2024-06-26 00:00:00+00:00,CNY,11.8105,RUB_per_CNY
2024-06-26,2024-06-26 00:00:00+00:00,KZT,0.18758,RUB_per_KZT
2024-06-26,2024-06-26 00:00:00+00:00,USD,87.277,RUB_per_USD
2024-06-27,2024-06-27 00:00:00+00:00,CNY,11.8748,RUB_per_CNY
2024-06-27,2024-06-27 00:00:00+00:00,KZT,0.187906,RUB_per_KZT
2024-06-27,2024-06-27 00:00:00+00:00,USD,87.8064,RUB_per_USD
2024-06-28,2024-06-28 00:00:00+00:00,CNY,11.4753,RUB_per_CNY
2024-06-28,2024-06-28 00:00:00+00:00,KZT,0.183203,RUB_per_KZT
2024-06-28,2024-06-28 00:00:00+00:00,USD,84.964,RUB_per_USD
2024-06-29,2024-06-29 00:00:00+00:00,CNY,11.5756,RUB_per_CNY
2024-06-29,2024-06-29 00:00:00+00:00,KZT,0.1841979999999999,RUB_per_KZT
2024-06-29,2024-06-29 00:00:00+00:00,USD,85.748,RUB_per_USD
2024-07-02,2024-07-02 00:00:00+00:00,CNY,11.8019,RUB_per_CNY
2024-07-02,2024-07-02 00:00:00+00:00,KZT,0.185164,RUB_per_KZT
2024-07-02,2024-07-02 00:00:00+00:00,USD,87.2972,RUB_per_USD
2024-07-03,2024-07-03 00:00:00+00:00,CNY,11.9017,RUB_per_CNY
2024-07-03,2024-07-03 00:00:00+00:00,KZT,0.185176,RUB_per_KZT
2024-07-03,2024-07-03 00:00:00+00:00,USD,87.9921,RUB_per_USD
2024-07-04,2024-07-04 00:00:00+00:00,CNY,11.8936,RUB_per_CNY
2024-07-04,2024-07-04 00:00:00+00:00,KZT,0.1864029999999999,RUB_per_KZT
2024-07-04,2024-07-04 00:00:00+00:00,USD,87.9506,RUB_per_USD
2024-07-05,2024-07-05 00:00:00+00:00,CNY,11.9896,RUB_per_CNY
2024-07-05,2024-07-05 00:00:00+00:00,KZT,0.1864709999999999,RUB_per_KZT
2024-07-05,2024-07-05 00:00:00+00:00,USD,88.1205,RUB_per_USD
2024-07-06,2024-07-06 00:00:00+00:00,CNY,12.0058,RUB_per_CNY
2024-07-06,2024-07-06 00:00:00+00:00,KZT,0.185395,RUB_per_KZT
2024-07-06,2024-07-06 00:00:00+00:00,USD,88.1348,RUB_per_USD
2024-07-09,2024-07-09 00:00:00+00:00,CNY,11.9804,RUB_per_CNY
2024-07-09,2024-07-09 00:00:00+00:00,KZT,0.1851239999999999,RUB_per_KZT
2024-07-09,2024-07-09 00:00:00+00:00,USD,88.1688,RUB_per_USD
2024-07-10,2024-07-10 00:00:00+00:00,CNY,11.9469,RUB_per_CNY
2024-07-10,2024-07-10 00:00:00+00:00,KZT,0.184776,RUB_per_KZT
2024-07-10,2024-07-10 00:00:00+00:00,USD,88.0031,RUB_per_USD
2024-07-11,2024-07-11 00:00:00+00:00,CNY,11.9596,RUB_per_CNY
2024-07-11,2024-07-11 00:00:00+00:00,KZT,0.182738,RUB_per_KZT
2024-07-11,2024-07-11 00:00:00+00:00,USD,87.8551,RUB_per_USD
2024-07-12,2024-07-12 00:00:00+00:00,CNY,11.9987,RUB_per_CNY
2024-07-12,2024-07-12 00:00:00+00:00,KZT,0.183891,RUB_per_KZT
2024-07-12,2024-07-12 00:00:00+00:00,USD,87.988,RUB_per_USD
2024-07-13,2024-07-13 00:00:00+00:00,CNY,11.9766,RUB_per_CNY
2024-07-13,2024-07-13 00:00:00+00:00,KZT,0.18501,RUB_per_KZT
2024-07-13,2024-07-13 00:00:00+00:00,USD,87.7427,RUB_per_USD
2024-07-16,2024-07-16 00:00:00+00:00,CNY,11.9791,RUB_per_CNY
2024-07-16,2024-07-16 00:00:00+00:00,KZT,0.184847,RUB_per_KZT
2024-07-16,2024-07-16 00:00:00+00:00,USD,87.8077,RUB_per_USD
2024-07-17,2024-07-17 00:00:00+00:00,CNY,12.0492,RUB_per_CNY
2024-07-17,2024-07-17 00:00:00+00:00,KZT,0.186845,RUB_per_KZT
2024-07-17,2024-07-17 00:00:00+00:00,USD,88.2824,RUB_per_USD
2024-07-18,2024-07-18 00:00:00+00:00,CNY,12.0537,RUB_per_CNY
2024-07-18,2024-07-18 00:00:00+00:00,KZT,0.185595,RUB_per_KZT
2024-07-18,2024-07-18 00:00:00+00:00,USD,88.0872,RUB_per_USD
2024-07-19,2024-07-19 00:00:00+00:00,CNY,12.0227,RUB_per_CNY
2024-07-19,2024-07-19 00:00:00+00:00,KZT,0.1850669999999999,RUB_per_KZT
2024-07-19,2024-07-19 00:00:00+00:00,USD,87.8754,RUB_per_USD
2024-07-20,2024-07-20 00:00:00+00:00,CNY,12.0335,RUB_per_CNY
2024-07-20,2024-07-20 00:00:00+00:00,KZT,0.184518,RUB_per_KZT
2024-07-20,2024-07-20 00:00:00+00:00,USD,88.0206,RUB_per_USD
2024-07-23,2024-07-23 00:00:00+00:00,CNY,11.974,RUB_per_CNY
2024-07-23,2024-07-23 00:00:00+00:00,KZT,0.183419,RUB_per_KZT
2024-07-23,2024-07-23 00:00:00+00:00,USD,87.7805,RUB_per_USD
2024-07-24,2024-07-24 00:00:00+00:00,CNY,11.9062,RUB_per_CNY
2024-07-24,2024-07-24 00:00:00+00:00,KZT,0.184506,RUB_per_KZT
2024-07-24,2024-07-24 00:00:00+00:00,USD,87.299,RUB_per_USD
2024-07-25,2024-07-25 00:00:00+00:00,CNY,11.8263,RUB_per_CNY
2024-07-25,2024-07-25 00:00:00+00:00,KZT,0.183129,RUB_per_KZT
2024-07-25,2024-07-25 00:00:00+00:00,USD,86.5502,RUB_per_USD
2024-07-26,2024-07-26 00:00:00+00:00,CNY,11.7408,RUB_per_CNY
2024-07-26,2024-07-26 00:00:00+00:00,KZT,0.1801559999999999,RUB_per_KZT
2024-07-26,2024-07-26 00:00:00+00:00,USD,85.41,RUB_per_USD
2024-07-27,2024-07-27 00:00:00+00:00,CNY,11.7296,RUB_per_CNY
2024-07-27,2024-07-27 00:00:00+00:00,KZT,0.180243,RUB_per_KZT
2024-07-27,2024-07-27 00:00:00+00:00,USD,85.565,RUB_per_USD
2024-07-30,2024-07-30 00:00:00+00:00,CNY,11.8567,RUB_per_CNY
2024-07-30,2024-07-30 00:00:00+00:00,KZT,0.182287,RUB_per_KZT
2024-07-30,2024-07-30 00:00:00+00:00,USD,86.5554,RUB_per_USD
2024-07-31,2024-07-31 00:00:00+00:00,CNY,11.8368,RUB_per_CNY
2024-07-31,2024-07-31 00:00:00+00:00,KZT,0.182404,RUB_per_KZT
2024-07-31,2024-07-31 00:00:00+00:00,USD,86.33,RUB_per_USD
2024-08-01,2024-08-01 00:00:00+00:00,CNY,11.8747,RUB_per_CNY
2024-08-01,2024-08-01 00:00:00+00:00,KZT,0.181141,RUB_per_KZT
2024-08-01,2024-08-01 00:00:00+00:00,USD,86.1091,RUB_per_USD
2024-08-02,2024-08-02 00:00:00+00:00,CNY,11.7918,RUB_per_CNY
2024-08-02,2024-08-02 00:00:00+00:00,KZT,0.180997,RUB_per_KZT
2024-08-02,2024-08-02 00:00:00+00:00,USD,85.7833,RUB_per_USD
2024-08-03,2024-08-03 00:00:00+00:00,CNY,11.8307,RUB_per_CNY
2024-08-03,2024-08-03 00:00:00+00:00,KZT,0.180536,RUB_per_KZT
2024-08-03,2024-08-03 00:00:00+00:00,USD,85.7024,RUB_per_USD
2024-08-06,2024-08-06 00:00:00+00:00,CNY,11.8289,RUB_per_CNY
2024-08-06,2024-08-06 00:00:00+00:00,KZT,0.178998,RUB_per_KZT
2024-08-06,2024-08-06 00:00:00+00:00,USD,84.9471,RUB_per_USD
2024-08-07,2024-08-07 00:00:00+00:00,CNY,11.789,RUB_per_CNY
2024-08-07,2024-08-07 00:00:00+00:00,KZT,0.178486,RUB_per_KZT
2024-08-07,2024-08-07 00:00:00+00:00,USD,85.1646,RUB_per_USD
2024-08-08,2024-08-08 00:00:00+00:00,CNY,11.8074,RUB_per_CNY
2024-08-08,2024-08-08 00:00:00+00:00,KZT,0.179296,RUB_per_KZT
2024-08-08,2024-08-08 00:00:00+00:00,USD,85.9543,RUB_per_USD
2024-08-09,2024-08-09 00:00:00+00:00,CNY,11.8664,RUB_per_CNY
2024-08-09,2024-08-09 00:00:00+00:00,KZT,0.181998,RUB_per_KZT
2024-08-09,2024-08-09 00:00:00+00:00,USD,86.5621,RUB_per_USD
2024-08-10,2024-08-10 00:00:00+00:00,CNY,11.8911,RUB_per_CNY
2024-08-10,2024-08-10 00:00:00+00:00,KZT,0.184415,RUB_per_KZT
2024-08-10,2024-08-10 00:00:00+00:00,USD,87.992,RUB_per_USD
2024-08-13,2024-08-13 00:00:00+00:00,CNY,11.8576,RUB_per_CNY
2024-08-13,2024-08-13 00:00:00+00:00,KZT,0.188553,RUB_per_KZT
2024-08-13,2024-08-13 00:00:00+00:00,USD,89.9475,RUB_per_USD
2024-08-14,2024-08-14 00:00:00+00:00,CNY,12.0233,RUB_per_CNY
2024-08-14,2024-08-14 00:00:00+00:00,KZT,0.193431,RUB_per_KZT
2024-08-14,2024-08-14 00:00:00+00:00,USD,92.6592,RUB_per_USD
2024-08-15,2024-08-15 00:00:00+00:00,CNY,12.0672,RUB_per_CNY
2024-08-15,2024-08-15 00:00:00+00:00,KZT,0.18773,RUB_per_KZT
2024-08-15,2024-08-15 00:00:00+00:00,USD,90.0055,RUB_per_USD
2024-08-16,2024-08-16 00:00:00+00:00,CNY,11.9319,RUB_per_CNY
2024-08-16,2024-08-16 00:00:00+00:00,KZT,0.185057,RUB_per_KZT
2024-08-16,2024-08-16 00:00:00+00:00,USD,88.796,RUB_per_USD
2024-08-17,2024-08-17 00:00:00+00:00,CNY,12.0542,RUB_per_CNY
2024-08-17,2024-08-17 00:00:00+00:00,KZT,0.185775,RUB_per_KZT
2024-08-17,2024-08-17 00:00:00+00:00,USD,88.9062,RUB_per_USD
2024-08-20,2024-08-20 00:00:00+00:00,CNY,12.1204,RUB_per_CNY
2024-08-20,2024-08-20 00:00:00+00:00,KZT,0.186972,RUB_per_KZT
2024-08-20,2024-08-20 00:00:00+00:00,USD,89.5428,RUB_per_USD
2024-08-21,2024-08-21 00:00:00+00:00,CNY,12.1161,RUB_per_CNY
2024-08-21,2024-08-21 00:00:00+00:00,KZT,0.189444,RUB_per_KZT
2024-08-21,2024-08-21 00:00:00+00:00,USD,90.6944,RUB_per_USD
2024-08-22,2024-08-22 00:00:00+00:00,CNY,12.2114,RUB_per_CNY
2024-08-22,2024-08-22 00:00:00+00:00,KZT,0.192291,RUB_per_KZT
2024-08-22,2024-08-22 00:00:00+00:00,USD,91.6862,RUB_per_USD
2024-08-23,2024-08-23 00:00:00+00:00,CNY,11.9567,RUB_per_CNY
2024-08-23,2024-08-23 00:00:00+00:00,KZT,0.191903,RUB_per_KZT
2024-08-23,2024-08-23 00:00:00+00:00,USD,91.2881,RUB_per_USD
2024-08-24,2024-08-24 00:00:00+00:00,CNY,11.7747,RUB_per_CNY
2024-08-24,2024-08-24 00:00:00+00:00,KZT,0.191202,RUB_per_KZT
2024-08-24,2024-08-24 00:00:00+00:00,USD,91.6012,RUB_per_USD
2024-08-27,2024-08-27 00:00:00+00:00,CNY,11.6863,RUB_per_CNY
2024-08-27,2024-08-27 00:00:00+00:00,KZT,0.190096,RUB_per_KZT
2024-08-27,2024-08-27 00:00:00+00:00,USD,91.7745,RUB_per_USD
2024-08-28,2024-08-28 00:00:00+00:00,CNY,11.7513,RUB_per_CNY
2024-08-28,2024-08-28 00:00:00+00:00,KZT,0.189146,RUB_per_KZT
2024-08-28,2024-08-28 00:00:00+00:00,USD,91.4807,RUB_per_USD
2024-08-29,2024-08-29 00:00:00+00:00,CNY,11.8357,RUB_per_CNY
2024-08-29,2024-08-29 00:00:00+00:00,KZT,0.190276,RUB_per_KZT
2024-08-29,2024-08-29 00:00:00+00:00,USD,91.4449,RUB_per_USD
2024-08-30,2024-08-30 00:00:00+00:00,CNY,11.9057,RUB_per_CNY
2024-08-30,2024-08-30 00:00:00+00:00,KZT,0.190048,RUB_per_KZT
2024-08-30,2024-08-30 00:00:00+00:00,USD,91.4548,RUB_per_USD
2024-08-31,2024-08-31 00:00:00+00:00,CNY,12.0151,RUB_per_CNY
2024-08-31,2024-08-31 00:00:00+00:00,KZT,0.18933,RUB_per_KZT
2024-08-31,2024-08-31 00:00:00+00:00,USD,91.1868,RUB_per_USD
2024-09-03,2024-09-03 00:00:00+00:00,CNY,12.0532,RUB_per_CNY
2024-09-03,2024-09-03 00:00:00+00:00,KZT,0.186868,RUB_per_KZT
2024-09-03,2024-09-03 00:00:00+00:00,USD,90.0013,RUB_per_USD
2024-09-04,2024-09-04 00:00:00+00:00,CNY,12.1106,RUB_per_CNY
2024-09-04,2024-09-04 00:00:00+00:00,KZT,0.18364,RUB_per_KZT
2024-09-04,2024-09-04 00:00:00+00:00,USD,88.6118,RUB_per_USD
2024-09-05,2024-09-05 00:00:00+00:00,CNY,12.5086,RUB_per_CNY
2024-09-05,2024-09-05 00:00:00+00:00,KZT,0.184217,RUB_per_KZT
2024-09-05,2024-09-05 00:00:00+00:00,USD,88.9288,RUB_per_USD
2024-09-06,2024-09-06 00:00:00+00:00,CNY,12.5054,RUB_per_CNY
2024-09-06,2024-09-06 00:00:00+00:00,KZT,0.185504,RUB_per_KZT
2024-09-06,2024-09-06 00:00:00+00:00,USD,89.7044,RUB_per_USD
2024-09-07,2024-09-07 00:00:00+00:00,CNY,12.5387,RUB_per_CNY
2024-09-07,2024-09-07 00:00:00+00:00,KZT,0.185991,RUB_per_KZT
2024-09-07,2024-09-07 00:00:00+00:00,USD,89.8225,RUB_per_USD
2024-09-10,2024-09-10 00:00:00+00:00,CNY,12.6262,RUB_per_CNY
2024-09-10,2024-09-10 00:00:00+00:00,KZT,0.188087,RUB_per_KZT
2024-09-10,2024-09-10 00:00:00+00:00,USD,90.3853,RUB_per_USD
2024-09-11,2024-09-11 00:00:00+00:00,CNY,12.6952,RUB_per_CNY
2024-09-11,2024-09-11 00:00:00+00:00,KZT,0.190258,RUB_per_KZT
2024-09-11,2024-09-11 00:00:00+00:00,USD,91.1127,RUB_per_USD
2024-09-12,2024-09-12 00:00:00+00:00,CNY,12.7173,RUB_per_CNY
2024-09-12,2024-09-12 00:00:00+00:00,KZT,0.191152,RUB_per_KZT
2024-09-12,2024-09-12 00:00:00+00:00,USD,91.2653,RUB_per_USD
2024-09-13,2024-09-13 00:00:00+00:00,CNY,12.7362,RUB_per_CNY
2024-09-13,2024-09-13 00:00:00+00:00,KZT,0.190758,RUB_per_KZT
2024-09-13,2024-09-13 00:00:00+00:00,USD,91.1096,RUB_per_USD
2024-09-14,2024-09-14 00:00:00+00:00,CNY,12.7178,RUB_per_CNY
2024-09-14,2024-09-14 00:00:00+00:00,KZT,0.1905859999999999,RUB_per_KZT
2024-09-14,2024-09-14 00:00:00+00:00,USD,90.9345,RUB_per_USD
2024-09-17,2024-09-17 00:00:00+00:00,CNY,12.7762,RUB_per_CNY
2024-09-17,2024-09-17 00:00:00+00:00,KZT,0.190125,RUB_per_KZT
2024-09-17,2024-09-17 00:00:00+00:00,USD,91.1423,RUB_per_USD
2024-09-18,2024-09-18 00:00:00+00:00,CNY,12.9226,RUB_per_CNY
2024-09-18,2024-09-18 00:00:00+00:00,KZT,0.190236,RUB_per_KZT
2024-09-18,2024-09-18 00:00:00+00:00,USD,91.4292,RUB_per_USD
2024-09-19,2024-09-19 00:00:00+00:00,CNY,12.9451,RUB_per_CNY
2024-09-19,2024-09-19 00:00:00+00:00,KZT,0.190731,RUB_per_KZT
2024-09-19,2024-09-19 00:00:00+00:00,USD,91.6712,RUB_per_USD
2024-09-20,2024-09-20 00:00:00+00:00,CNY,13.1028,RUB_per_CNY
2024-09-20,2024-09-20 00:00:00+00:00,KZT,0.193536,RUB_per_KZT
2024-09-20,2024-09-20 00:00:00+00:00,USD,92.6962,RUB_per_USD
2024-09-21,2024-09-21 00:00:00+00:00,CNY,13.0425,RUB_per_CNY
2024-09-21,2024-09-21 00:00:00+00:00,KZT,0.193316,RUB_per_KZT
2024-09-21,2024-09-21 00:00:00+00:00,USD,92.5848,RUB_per_USD
2024-09-24,2024-09-24 00:00:00+00:00,CNY,13.1134,RUB_per_CNY
2024-09-24,2024-09-24 00:00:00+00:00,KZT,0.193967,RUB_per_KZT
2024-09-24,2024-09-24 00:00:00+00:00,USD,92.92,RUB_per_USD
2024-09-25,2024-09-25 00:00:00+00:00,CNY,13.216,RUB_per_CNY
2024-09-25,2024-09-25 00:00:00+00:00,KZT,0.193262,RUB_per_KZT
2024-09-25,2024-09-25 00:00:00+00:00,USD,92.8622,RUB_per_USD
2024-09-26,2024-09-26 00:00:00+00:00,CNY,13.0939,RUB_per_CNY
2024-09-26,2024-09-26 00:00:00+00:00,KZT,0.192591,RUB_per_KZT
2024-09-26,2024-09-26 00:00:00+00:00,USD,92.388,RUB_per_USD
2024-09-27,2024-09-27 00:00:00+00:00,CNY,13.1451,RUB_per_CNY
2024-09-27,2024-09-27 00:00:00+00:00,KZT,0.193256,RUB_per_KZT
2024-09-27,2024-09-27 00:00:00+00:00,USD,92.4074,RUB_per_USD
2024-09-28,2024-09-28 00:00:00+00:00,CNY,13.2163,RUB_per_CNY
2024-09-28,2024-09-28 00:00:00+00:00,KZT,0.193741,RUB_per_KZT
2024-09-28,2024-09-28 00:00:00+00:00,USD,92.7126,RUB_per_USD
2024-10-01,2024-10-01 00:00:00+00:00,CNY,13.2425,RUB_per_CNY
2024-10-01,2024-10-01 00:00:00+00:00,KZT,0.194525,RUB_per_KZT
2024-10-01,2024-10-01 00:00:00+00:00,USD,93.2221,RUB_per_USD
2024-10-02,2024-10-02 00:00:00+00:00,CNY,13.1959,RUB_per_CNY
2024-10-02,2024-10-02 00:00:00+00:00,KZT,0.194015,RUB_per_KZT
2024-10-02,2024-10-02 00:00:00+00:00,USD,93.3581,RUB_per_USD
2024-10-03,2024-10-03 00:00:00+00:00,CNY,13.3914,RUB_per_CNY
2024-10-03,2024-10-03 00:00:00+00:00,KZT,0.196841,RUB_per_KZT
2024-10-03,2024-10-03 00:00:00+00:00,USD,94.5054,RUB_per_USD
2024-10-04,2024-10-04 00:00:00+00:00,CNY,13.4808,RUB_per_CNY
2024-10-04,2024-10-04 00:00:00+00:00,KZT,0.196648,RUB_per_KZT
2024-10-04,2024-10-04 00:00:00+00:00,USD,95.0262,RUB_per_USD
2024-10-05,2024-10-05 00:00:00+00:00,CNY,13.4127,RUB_per_CNY
2024-10-05,2024-10-05 00:00:00+00:00,KZT,0.196475,RUB_per_KZT
2024-10-05,2024-10-05 00:00:00+00:00,USD,94.87,RUB_per_USD
2024-10-08,2024-10-08 00:00:00+00:00,CNY,13.5537,RUB_per_CNY
2024-10-08,2024-10-08 00:00:00+00:00,KZT,0.199371,RUB_per_KZT
2024-10-08,2024-10-08 00:00:00+00:00,USD,96.0649,RUB_per_USD
2024-10-09,2024-10-09 00:00:00+00:00,CNY,13.581,RUB_per_CNY
2024-10-09,2024-10-09 00:00:00+00:00,KZT,0.1984179999999999,RUB_per_KZT
2024-10-09,2024-10-09 00:00:00+00:00,USD,96.1079,RUB_per_USD
2024-10-10,2024-10-10 00:00:00+00:00,CNY,13.6869,RUB_per_CNY
2024-10-10,2024-10-10 00:00:00+00:00,KZT,0.1993019999999999,RUB_per_KZT
2024-10-10,2024-10-10 00:00:00+00:00,USD,96.9483,RUB_per_USD
2024-10-11,2024-10-11 00:00:00+00:00,CNY,13.6922,RUB_per_CNY
2024-10-11,2024-10-11 00:00:00+00:00,KZT,0.198829,RUB_per_KZT
2024-10-11,2024-10-11 00:00:00+00:00,USD,97.2394,RUB_per_USD
2024-10-12,2024-10-12 00:00:00+00:00,CNY,13.4752,RUB_per_CNY
2024-10-12,2024-10-12 00:00:00+00:00,KZT,0.1957229999999999,RUB_per_KZT
2024-10-12,2024-10-12 00:00:00+00:00,USD,96.0686,RUB_per_USD
2024-10-15,2024-10-15 00:00:00+00:00,CNY,13.4987,RUB_per_CNY
2024-10-15,2024-10-15 00:00:00+00:00,KZT,0.197185,RUB_per_KZT
2024-10-15,2024-10-15 00:00:00+00:00,USD,96.1021,RUB_per_USD
2024-10-16,2024-10-16 00:00:00+00:00,CNY,13.5683,RUB_per_CNY
2024-10-16,2024-10-16 00:00:00+00:00,KZT,0.200393,RUB_per_KZT
2024-10-16,2024-10-16 00:00:00+00:00,USD,97.0121,RUB_per_USD
2024-10-17,2024-10-17 00:00:00+00:00,CNY,13.5917,RUB_per_CNY
2024-10-17,2024-10-17 00:00:00+00:00,KZT,0.199534,RUB_per_KZT
2024-10-17,2024-10-17 00:00:00+00:00,USD,97.2568,RUB_per_USD
2024-10-18,2024-10-18 00:00:00+00:00,CNY,13.5487,RUB_per_CNY
2024-10-18,2024-10-18 00:00:00+00:00,KZT,0.198697,RUB_per_KZT
2024-10-18,2024-10-18 00:00:00+00:00,USD,97.149,RUB_per_USD
2024-10-19,2024-10-19 00:00:00+00:00,CNY,13.4631,RUB_per_CNY
2024-10-19,2024-10-19 00:00:00+00:00,KZT,0.197884,RUB_per_KZT
2024-10-19,2024-10-19 00:00:00+00:00,USD,96.4172,RUB_per_USD
2024-10-22,2024-10-22 00:00:00+00:00,CNY,13.4733,RUB_per_CNY
2024-10-22,2024-10-22 00:00:00+00:00,KZT,0.1981119999999999,RUB_per_KZT
2024-10-22,2024-10-22 00:00:00+00:00,USD,96.0924,RUB_per_USD
2024-10-23,2024-10-23 00:00:00+00:00,CNY,13.5463,RUB_per_CNY
2024-10-23,2024-10-23 00:00:00+00:00,KZT,0.200531,RUB_per_KZT
2024-10-23,2024-10-23 00:00:00+00:00,USD,96.5918,RUB_per_USD
2024-10-24,2024-10-24 00:00:00+00:00,CNY,13.5192,RUB_per_CNY
2024-10-24,2024-10-24 00:00:00+00:00,KZT,0.199587,RUB_per_KZT
2024-10-24,2024-10-24 00:00:00+00:00,USD,96.6379,RUB_per_USD
2024-10-25,2024-10-25 00:00:00+00:00,CNY,13.5348,RUB_per_CNY
2024-10-25,2024-10-25 00:00:00+00:00,KZT,0.198788,RUB_per_KZT
2024-10-25,2024-10-25 00:00:00+00:00,USD,96.7402,RUB_per_USD
2024-10-26,2024-10-26 00:00:00+00:00,CNY,13.5007,RUB_per_CNY
2024-10-26,2024-10-26 00:00:00+00:00,KZT,0.199266,RUB_per_KZT
2024-10-26,2024-10-26 00:00:00+00:00,USD,96.6657,RUB_per_USD
2024-10-29,2024-10-29 00:00:00+00:00,CNY,13.6103,RUB_per_CNY
2024-10-29,2024-10-29 00:00:00+00:00,KZT,0.200429,RUB_per_KZT
2024-10-29,2024-10-29 00:00:00+00:00,USD,97.23,RUB_per_USD
2024-10-30,2024-10-30 00:00:00+00:00,CNY,13.5954,RUB_per_CNY
2024-10-30,2024-10-30 00:00:00+00:00,KZT,0.199516,RUB_per_KZT
2024-10-30,2024-10-30 00:00:00+00:00,USD,97.3261,RUB_per_USD
2024-10-31,2024-10-31 00:00:00+00:00,CNY,13.5876,RUB_per_CNY
2024-10-31,2024-10-31 00:00:00+00:00,KZT,0.1973829999999999,RUB_per_KZT
2024-10-31,2024-10-31 00:00:00+00:00,USD,97.053,RUB_per_USD
2024-11-01,2024-11-01 00:00:00+00:00,CNY,13.6068,RUB_per_CNY
2024-11-01,2024-11-01 00:00:00+00:00,KZT,0.1986339999999999,RUB_per_KZT
2024-11-01,2024-11-01 00:00:00+00:00,USD,97.0226,RUB_per_USD
2024-11-02,2024-11-02 00:00:00+00:00,CNY,13.6394,RUB_per_CNY
2024-11-02,2024-11-02 00:00:00+00:00,KZT,0.199566,RUB_per_KZT
2024-11-02,2024-11-02 00:00:00+00:00,USD,97.4402,RUB_per_USD
2024-11-03,2024-11-03 00:00:00+00:00,CNY,13.6731,RUB_per_CNY
2024-11-03,2024-11-03 00:00:00+00:00,KZT,0.199852,RUB_per_KZT
2024-11-03,2024-11-03 00:00:00+00:00,USD,97.5499,RUB_per_USD
2024-11-06,2024-11-06 00:00:00+00:00,CNY,13.7539,RUB_per_CNY
2024-11-06,2024-11-06 00:00:00+00:00,KZT,0.200376,RUB_per_KZT
2024-11-06,2024-11-06 00:00:00+00:00,USD,98.0562,RUB_per_USD
2024-11-07,2024-11-07 00:00:00+00:00,CNY,13.6395,RUB_per_CNY
2024-11-07,2024-11-07 00:00:00+00:00,KZT,0.200903,RUB_per_KZT
2024-11-07,2024-11-07 00:00:00+00:00,USD,98.2236,RUB_per_USD
2024-11-08,2024-11-08 00:00:00+00:00,CNY,13.624,RUB_per_CNY
2024-11-08,2024-11-08 00:00:00+00:00,KZT,0.199278,RUB_per_KZT
2024-11-08,2024-11-08 00:00:00+00:00,USD,98.0726,RUB_per_USD
2024-11-09,2024-11-09 00:00:00+00:00,CNY,13.594,RUB_per_CNY
2024-11-09,2024-11-09 00:00:00+00:00,KZT,0.19876,RUB_per_KZT
2024-11-09,2024-11-09 00:00:00+00:00,USD,97.8335,RUB_per_USD
2024-11-12,2024-11-12 00:00:00+00:00,CNY,13.552,RUB_per_CNY
2024-11-12,2024-11-12 00:00:00+00:00,KZT,0.1992129999999999,RUB_per_KZT
2024-11-12,2024-11-12 00:00:00+00:00,USD,97.955,RUB_per_USD
2024-11-13,2024-11-13 00:00:00+00:00,CNY,13.4951,RUB_per_CNY
2024-11-13,2024-11-13 00:00:00+00:00,KZT,0.198835,RUB_per_KZT
2024-11-13,2024-11-13 00:00:00+00:00,USD,97.9559,RUB_per_USD
2024-11-14,2024-11-14 00:00:00+00:00,CNY,13.598,RUB_per_CNY
2024-11-14,2024-11-14 00:00:00+00:00,KZT,0.198739,RUB_per_KZT
2024-11-14,2024-11-14 00:00:00+00:00,USD,98.3657,RUB_per_USD
2024-11-15,2024-11-15 00:00:00+00:00,CNY,13.6596,RUB_per_CNY
2024-11-15,2024-11-15 00:00:00+00:00,KZT,0.201187,RUB_per_KZT
2024-11-15,2024-11-15 00:00:00+00:00,USD,99.018,RUB_per_USD
2024-11-16,2024-11-16 00:00:00+00:00,CNY,13.7992,RUB_per_CNY
2024-11-16,2024-11-16 00:00:00+00:00,KZT,0.202485,RUB_per_KZT
2024-11-16,2024-11-16 00:00:00+00:00,USD,99.9971,RUB_per_USD
2024-11-19,2024-11-19 00:00:00+00:00,CNY,13.7597,RUB_per_CNY
2024-11-19,2024-11-19 00:00:00+00:00,KZT,0.201518,RUB_per_KZT
2024-11-19,2024-11-19 00:00:00+00:00,USD,99.943,RUB_per_USD
2024-11-20,2024-11-20 00:00:00+00:00,CNY,13.7744,RUB_per_CNY
2024-11-20,2024-11-20 00:00:00+00:00,KZT,0.2009169999999999,RUB_per_KZT
2024-11-20,2024-11-20 00:00:00+00:00,USD,100.0348,RUB_per_USD
2024-11-21,2024-11-21 00:00:00+00:00,CNY,13.8224,RUB_per_CNY
2024-11-21,2024-11-21 00:00:00+00:00,KZT,0.201543,RUB_per_KZT
2024-11-21,2024-11-21 00:00:00+00:00,USD,100.2192,RUB_per_USD
2024-11-22,2024-11-22 00:00:00+00:00,CNY,13.8821,RUB_per_CNY
2024-11-22,2024-11-22 00:00:00+00:00,KZT,0.203311,RUB_per_KZT
2024-11-22,2024-11-22 00:00:00+00:00,USD,100.6798,RUB_per_USD
2024-11-23,2024-11-23 00:00:00+00:00,CNY,13.9427,RUB_per_CNY
2024-11-23,2024-11-23 00:00:00+00:00,KZT,0.207279,RUB_per_KZT
2024-11-23,2024-11-23 00:00:00+00:00,USD,102.5761,RUB_per_USD
2024-11-26,2024-11-26 00:00:00+00:00,CNY,14.2057,RUB_per_CNY
2024-11-26,2024-11-26 00:00:00+00:00,KZT,0.208273,RUB_per_KZT
2024-11-26,2024-11-26 00:00:00+00:00,USD,103.7908,RUB_per_USD
2024-11-27,2024-11-27 00:00:00+00:00,CNY,14.4449,RUB_per_CNY
2024-11-27,2024-11-27 00:00:00+00:00,KZT,0.210749,RUB_per_KZT
2024-11-27,2024-11-27 00:00:00+00:00,USD,105.0604,RUB_per_USD
2024-11-28,2024-11-28 00:00:00+00:00,CNY,14.8382,RUB_per_CNY
2024-11-28,2024-11-28 00:00:00+00:00,KZT,0.2166489999999999,RUB_per_KZT
2024-11-28,2024-11-28 00:00:00+00:00,USD,108.0104,RUB_per_USD
2024-11-29,2024-11-29 00:00:00+00:00,CNY,14.6653,RUB_per_CNY
2024-11-29,2024-11-29 00:00:00+00:00,KZT,0.219371,RUB_per_KZT
2024-11-29,2024-11-29 00:00:00+00:00,USD,109.5782,RUB_per_USD
2024-11-30,2024-11-30 00:00:00+00:00,CNY,14.7233,RUB_per_CNY
2024-11-30,2024-11-30 00:00:00+00:00,KZT,0.2100209999999999,RUB_per_KZT
2024-11-30,2024-11-30 00:00:00+00:00,USD,107.7409,RUB_per_USD
2024-12-03,2024-12-03 00:00:00+00:00,CNY,14.6258,RUB_per_CNY
2024-12-03,2024-12-03 00:00:00+00:00,KZT,0.209647,RUB_per_KZT
2024-12-03,2024-12-03 00:00:00+00:00,USD,107.1758,RUB_per_USD
2024-12-04,2024-12-04 00:00:00+00:00,CNY,14.5545,RUB_per_CNY
2024-12-04,2024-12-04 00:00:00+00:00,KZT,0.202424,RUB_per_KZT
2024-12-04,2024-12-04 00:00:00+00:00,USD,106.1878,RUB_per_USD
2024-12-05,2024-12-05 00:00:00+00:00,CNY,14.2565,RUB_per_CNY
2024-12-05,2024-12-05 00:00:00+00:00,KZT,0.199239,RUB_per_KZT
2024-12-05,2024-12-05 00:00:00+00:00,USD,104.2361,RUB_per_USD
2024-12-06,2024-12-06 00:00:00+00:00,CNY,14.1399,RUB_per_CNY
2024-12-06,2024-12-06 00:00:00+00:00,KZT,0.197455,RUB_per_KZT
2024-12-06,2024-12-06 00:00:00+00:00,USD,103.3837,RUB_per_USD
2024-12-07,2024-12-07 00:00:00+00:00,CNY,13.597,RUB_per_CNY
2024-12-07,2024-12-07 00:00:00+00:00,KZT,0.189501,RUB_per_KZT
2024-12-07,2024-12-07 00:00:00+00:00,USD,99.4215,RUB_per_USD
2024-12-10,2024-12-10 00:00:00+00:00,CNY,13.524,RUB_per_CNY
2024-12-10,2024-12-10 00:00:00+00:00,KZT,0.193094,RUB_per_KZT
2024-12-10,2024-12-10 00:00:00+00:00,USD,99.3759,RUB_per_USD
2024-12-11,2024-12-11 00:00:00+00:00,CNY,13.6566,RUB_per_CNY
2024-12-11,2024-12-11 00:00:00+00:00,KZT,0.196111,RUB_per_KZT
2024-12-11,2024-12-11 00:00:00+00:00,USD,100.0324,RUB_per_USD
2024-12-12,2024-12-12 00:00:00+00:00,CNY,13.8539,RUB_per_CNY
2024-12-12,2024-12-12 00:00:00+00:00,KZT,0.2032689999999999,RUB_per_KZT
2024-12-12,2024-12-12 00:00:00+00:00,USD,103.2707,RUB_per_USD
2024-12-13,2024-12-13 00:00:00+00:00,CNY,13.9594,RUB_per_CNY
2024-12-13,2024-12-13 00:00:00+00:00,KZT,0.201091,RUB_per_KZT
2024-12-13,2024-12-13 00:00:00+00:00,USD,103.95,RUB_per_USD
2024-12-14,2024-12-14 00:00:00+00:00,CNY,14.0096,RUB_per_CNY
2024-12-14,2024-12-14 00:00:00+00:00,KZT,0.197798,RUB_per_KZT
2024-12-14,2024-12-14 00:00:00+00:00,USD,103.4305,RUB_per_USD
2024-12-17,2024-12-17 00:00:00+00:00,CNY,13.8603,RUB_per_CNY
2024-12-17,2024-12-17 00:00:00+00:00,KZT,0.196965,RUB_per_KZT
2024-12-17,2024-12-17 00:00:00+00:00,USD,102.9125,RUB_per_USD
2024-12-18,2024-12-18 00:00:00+00:00,CNY,13.9613,RUB_per_CNY
2024-12-18,2024-12-18 00:00:00+00:00,KZT,0.197129,RUB_per_KZT
2024-12-18,2024-12-18 00:00:00+00:00,USD,102.9979,RUB_per_USD
2024-12-19,2024-12-19 00:00:00+00:00,CNY,14.0761,RUB_per_CNY
2024-12-19,2024-12-19 00:00:00+00:00,KZT,0.1958909999999999,RUB_per_KZT
2024-12-19,2024-12-19 00:00:00+00:00,USD,102.7763,RUB_per_USD
2024-12-20,2024-12-20 00:00:00+00:00,CNY,14.186,RUB_per_CNY
2024-12-20,2024-12-20 00:00:00+00:00,KZT,0.1978849999999999,RUB_per_KZT
2024-12-20,2024-12-20 00:00:00+00:00,USD,103.4207,RUB_per_USD
2024-12-21,2024-12-21 00:00:00+00:00,CNY,13.9897,RUB_per_CNY
2024-12-21,2024-12-21 00:00:00+00:00,KZT,0.195305,RUB_per_KZT
2024-12-21,2024-12-21 00:00:00+00:00,USD,102.3438,RUB_per_USD
2024-12-24,2024-12-24 00:00:00+00:00,CNY,13.8254,RUB_per_CNY
2024-12-24,2024-12-24 00:00:00+00:00,KZT,0.193972,RUB_per_KZT
2024-12-24,2024-12-24 00:00:00+00:00,USD,101.6143,RUB_per_USD
2024-12-25,2024-12-25 00:00:00+00:00,CNY,13.6624,RUB_per_CNY
2024-12-25,2024-12-25 00:00:00+00:00,KZT,0.190699,RUB_per_KZT
2024-12-25,2024-12-25 00:00:00+00:00,USD,99.8729,RUB_per_USD
2024-12-26,2024-12-26 00:00:00+00:00,CNY,13.6054,RUB_per_CNY
2024-12-26,2024-12-26 00:00:00+00:00,KZT,0.193089,RUB_per_KZT
2024-12-26,2024-12-26 00:00:00+00:00,USD,99.6125,RUB_per_USD
2024-12-27,2024-12-27 00:00:00+00:00,CNY,13.4716,RUB_per_CNY
2024-12-27,2024-12-27 00:00:00+00:00,KZT,0.192705,RUB_per_KZT
2024-12-27,2024-12-27 00:00:00+00:00,USD,99.2295,RUB_per_USD
2024-12-28,2024-12-28 00:00:00+00:00,CNY,13.4434,RUB_per_CNY
2024-12-28,2024-12-28 00:00:00+00:00,KZT,0.195105,RUB_per_KZT
2024-12-28,2024-12-28 00:00:00+00:00,USD,100.5281,RUB_per_USD
2024-12-29,2024-12-29 00:00:00+00:00,CNY,13.4272,RUB_per_CNY
2024-12-29,2024-12-29 00:00:00+00:00,KZT,0.19486,RUB_per_KZT
2024-12-29,2024-12-29 00:00:00+00:00,USD,101.6797,RUB_per_USD
2025-01-10,2025-01-10 00:00:00+00:00,CNY,13.6934,RUB_per_CNY
2025-01-10,2025-01-10 00:00:00+00:00,KZT,0.194016,RUB_per_KZT
2025-01-10,2025-01-10 00:00:00+00:00,USD,102.2911,RUB_per_USD
2025-01-11,2025-01-11 00:00:00+00:00,CNY,13.6866,RUB_per_CNY
2025-01-11,2025-01-11 00:00:00+00:00,KZT,0.194216,RUB_per_KZT
2025-01-11,2025-01-11 00:00:00+00:00,USD,101.9146,RUB_per_USD
2025-01-14,2025-01-14 00:00:00+00:00,CNY,13.8184,RUB_per_CNY
2025-01-14,2025-01-14 00:00:00+00:00,KZT,0.194962,RUB_per_KZT
2025-01-14,2025-01-14 00:00:00+00:00,USD,102.7081,RUB_per_USD
2025-01-15,2025-01-15 00:00:00+00:00,CNY,13.9486,RUB_per_CNY
2025-01-15,2025-01-15 00:00:00+00:00,KZT,0.195713,RUB_per_KZT
2025-01-15,2025-01-15 00:00:00+00:00,USD,103.438,RUB_per_USD
2025-01-16,2025-01-16 00:00:00+00:00,CNY,13.9197,RUB_per_CNY
2025-01-16,2025-01-16 00:00:00+00:00,KZT,0.193889,RUB_per_KZT
2025-01-16,2025-01-16 00:00:00+00:00,USD,102.8078,RUB_per_USD
2025-01-17,2025-01-17 00:00:00+00:00,CNY,13.9143,RUB_per_CNY
2025-01-17,2025-01-17 00:00:00+00:00,KZT,0.193272,RUB_per_KZT
2025-01-17,2025-01-17 00:00:00+00:00,USD,102.3762,RUB_per_USD
2025-01-18,2025-01-18 00:00:00+00:00,CNY,13.9338,RUB_per_CNY
2025-01-18,2025-01-18 00:00:00+00:00,KZT,0.1933609999999999,RUB_per_KZT
2025-01-18,2025-01-18 00:00:00+00:00,USD,102.4137,RUB_per_USD
2025-01-21,2025-01-21 00:00:00+00:00,CNY,13.8302,RUB_per_CNY
2025-01-21,2025-01-21 00:00:00+00:00,KZT,0.19233,RUB_per_KZT
2025-01-21,2025-01-21 00:00:00+00:00,USD,101.9579,RUB_per_USD
2025-01-22,2025-01-22 00:00:00+00:00,CNY,13.737,RUB_per_CNY
2025-01-22,2025-01-22 00:00:00+00:00,KZT,0.188547,RUB_per_KZT
2025-01-22,2025-01-22 00:00:00+00:00,USD,99.9282,RUB_per_USD
2025-01-23,2025-01-23 00:00:00+00:00,CNY,13.5443,RUB_per_CNY
2025-01-23,2025-01-23 00:00:00+00:00,KZT,0.1862849999999999,RUB_per_KZT
2025-01-23,2025-01-23 00:00:00+00:00,USD,98.2804,RUB_per_USD
2025-01-24,2025-01-24 00:00:00+00:00,CNY,13.5786,RUB_per_CNY
2025-01-24,2025-01-24 00:00:00+00:00,KZT,0.19024,RUB_per_KZT
2025-01-24,2025-01-24 00:00:00+00:00,USD,99.0978,RUB_per_USD
2025-01-25,2025-01-25 00:00:00+00:00,CNY,13.5101,RUB_per_CNY
2025-01-25,2025-01-25 00:00:00+00:00,KZT,0.188093,RUB_per_KZT
2025-01-25,2025-01-25 00:00:00+00:00,USD,98.2636,RUB_per_USD
2025-01-28,2025-01-28 00:00:00+00:00,CNY,13.3806,RUB_per_CNY
2025-01-28,2025-01-28 00:00:00+00:00,KZT,0.187571,RUB_per_KZT
2025-01-28,2025-01-28 00:00:00+00:00,USD,97.132,RUB_per_USD
2025-01-29,2025-01-29 00:00:00+00:00,CNY,13.4568,RUB_per_CNY
2025-01-29,2025-01-29 00:00:00+00:00,KZT,0.189573,RUB_per_KZT
2025-01-29,2025-01-29 00:00:00+00:00,USD,97.9658,RUB_per_USD
2025-01-30,2025-01-30 00:00:00+00:00,CNY,13.3817,RUB_per_CNY
2025-01-30,2025-01-30 00:00:00+00:00,KZT,0.1898989999999999,RUB_per_KZT
2025-01-30,2025-01-30 00:00:00+00:00,USD,98.0126,RUB_per_USD
2025-01-31,2025-01-31 00:00:00+00:00,CNY,13.3729,RUB_per_CNY
2025-01-31,2025-01-31 00:00:00+00:00,KZT,0.1896219999999999,RUB_per_KZT
2025-01-31,2025-01-31 00:00:00+00:00,USD,98.0062,RUB_per_USD
2025-02-01,2025-02-01 00:00:00+00:00,CNY,13.2638,RUB_per_CNY
2025-02-01,2025-02-01 00:00:00+00:00,KZT,0.188358,RUB_per_KZT
2025-02-01,2025-02-01 00:00:00+00:00,USD,97.8107,RUB_per_USD
2025-02-04,2025-02-04 00:00:00+00:00,CNY,13.4095,RUB_per_CNY
2025-02-04,2025-02-04 00:00:00+00:00,KZT,0.192889,RUB_per_KZT
2025-02-04,2025-02-04 00:00:00+00:00,USD,99.9433,RUB_per_USD
2025-02-05,2025-02-05 00:00:00+00:00,CNY,13.2985,RUB_per_CNY
2025-02-05,2025-02-05 00:00:00+00:00,KZT,0.188906,RUB_per_KZT
2025-02-05,2025-02-05 00:00:00+00:00,USD,98.5336,RUB_per_USD
2025-02-06,2025-02-06 00:00:00+00:00,CNY,13.249,RUB_per_CNY
2025-02-06,2025-02-06 00:00:00+00:00,KZT,0.188471,RUB_per_KZT
2025-02-06,2025-02-06 00:00:00+00:00,USD,98.0556,RUB_per_USD
2025-02-07,2025-02-07 00:00:00+00:00,CNY,13.0503,RUB_per_CNY
2025-02-07,2025-02-07 00:00:00+00:00,KZT,0.187822,RUB_per_KZT
2025-02-07,2025-02-07 00:00:00+00:00,USD,96.9104,RUB_per_USD
2025-02-08,2025-02-08 00:00:00+00:00,CNY,13.2365,RUB_per_CNY
2025-02-08,2025-02-08 00:00:00+00:00,KZT,0.188772,RUB_per_KZT
2025-02-08,2025-02-08 00:00:00+00:00,USD,97.2762,RUB_per_USD
2025-02-11,2025-02-11 00:00:00+00:00,CNY,13.2421,RUB_per_CNY
2025-02-11,2025-02-11 00:00:00+00:00,KZT,0.189331,RUB_per_KZT
2025-02-11,2025-02-11 00:00:00+00:00,USD,96.7821,RUB_per_USD
2025-02-12,2025-02-12 00:00:00+00:00,CNY,13.0258,RUB_per_CNY
2025-02-12,2025-02-12 00:00:00+00:00,KZT,0.187668,RUB_per_KZT
2025-02-12,2025-02-12 00:00:00+00:00,USD,95.8024,RUB_per_USD
2025-02-13,2025-02-13 00:00:00+00:00,CNY,12.7702,RUB_per_CNY
2025-02-13,2025-02-13 00:00:00+00:00,KZT,0.185709,RUB_per_KZT
2025-02-13,2025-02-13 00:00:00+00:00,USD,94.0485,RUB_per_USD
2025-02-14,2025-02-14 00:00:00+00:00,CNY,12.3356,RUB_per_CNY
2025-02-14,2025-02-14 00:00:00+00:00,KZT,0.181587,RUB_per_KZT
2025-02-14,2025-02-14 00:00:00+00:00,USD,91.0313,RUB_per_USD
2025-02-15,2025-02-15 00:00:00+00:00,CNY,12.3668,RUB_per_CNY
2025-02-15,2025-02-15 00:00:00+00:00,KZT,0.181389,RUB_per_KZT
2025-02-15,2025-02-15 00:00:00+00:00,USD,90.3099,RUB_per_USD
2025-02-18,2025-02-18 00:00:00+00:00,CNY,12.4935,RUB_per_CNY
2025-02-18,2025-02-18 00:00:00+00:00,KZT,0.184612,RUB_per_KZT
2025-02-18,2025-02-18 00:00:00+00:00,USD,91.4347,RUB_per_USD
2025-02-19,2025-02-19 00:00:00+00:00,CNY,12.4167,RUB_per_CNY
2025-02-19,2025-02-19 00:00:00+00:00,KZT,0.183137,RUB_per_KZT
2025-02-19,2025-02-19 00:00:00+00:00,USD,91.3398,RUB_per_USD
2025-02-20,2025-02-20 00:00:00+00:00,CNY,12.3608,RUB_per_CNY
2025-02-20,2025-02-20 00:00:00+00:00,KZT,0.18162,RUB_per_KZT
2025-02-20,2025-02-20 00:00:00+00:00,USD,90.4268,RUB_per_USD
2025-02-21,2025-02-21 00:00:00+00:00,CNY,12.1252,RUB_per_CNY
2025-02-21,2025-02-21 00:00:00+00:00,KZT,0.175752,RUB_per_KZT
2025-02-21,2025-02-21 00:00:00+00:00,USD,88.5103,RUB_per_USD
2025-02-22,2025-02-22 00:00:00+00:00,CNY,12.043,RUB_per_CNY
2025-02-22,2025-02-22 00:00:00+00:00,KZT,0.17642,RUB_per_KZT
2025-02-22,2025-02-22 00:00:00+00:00,USD,88.1676,RUB_per_USD
2025-02-25,2025-02-25 00:00:00+00:00,CNY,12.0634,RUB_per_CNY
2025-02-25,2025-02-25 00:00:00+00:00,KZT,0.175546,RUB_per_KZT
2025-02-25,2025-02-25 00:00:00+00:00,USD,88.2065,RUB_per_USD
2025-02-26,2025-02-26 00:00:00+00:00,CNY,11.8002,RUB_per_CNY
2025-02-26,2025-02-26 00:00:00+00:00,KZT,0.172268,RUB_per_KZT
2025-02-26,2025-02-26 00:00:00+00:00,USD,86.6318,RUB_per_USD
2025-02-27,2025-02-27 00:00:00+00:00,CNY,11.737,RUB_per_CNY
2025-02-27,2025-02-27 00:00:00+00:00,KZT,0.172307,RUB_per_KZT
2025-02-27,2025-02-27 00:00:00+00:00,USD,85.9279,RUB_per_USD
2025-02-28,2025-02-28 00:00:00+00:00,CNY,11.9563,RUB_per_CNY
2025-02-28,2025-02-28 00:00:00+00:00,KZT,0.174946,RUB_per_KZT
2025-02-28,2025-02-28 00:00:00+00:00,USD,87.6967,RUB_per_USD
2025-03-01,2025-03-01 00:00:00+00:00,CNY,12.0754,RUB_per_CNY
2025-03-01,2025-03-01 00:00:00+00:00,KZT,0.175989,RUB_per_KZT
2025-03-01,2025-03-01 00:00:00+00:00,USD,88.2568,RUB_per_USD
2025-03-04,2025-03-04 00:00:00+00:00,CNY,12.1658,RUB_per_CNY
2025-03-04,2025-03-04 00:00:00+00:00,KZT,0.178778,RUB_per_KZT
2025-03-04,2025-03-04 00:00:00+00:00,USD,89.2497,RUB_per_USD
2025-03-05,2025-03-05 00:00:00+00:00,CNY,12.1906,RUB_per_CNY
2025-03-05,2025-03-05 00:00:00+00:00,KZT,0.178808,RUB_per_KZT
2025-03-05,2025-03-05 00:00:00+00:00,USD,89.2448,RUB_per_USD
2025-03-06,2025-03-06 00:00:00+00:00,CNY,12.289,RUB_per_CNY
2025-03-06,2025-03-06 00:00:00+00:00,KZT,0.179669,RUB_per_KZT
2025-03-06,2025-03-06 00:00:00+00:00,USD,89.7878,RUB_per_USD
2025-03-07,2025-03-07 00:00:00+00:00,CNY,12.2892,RUB_per_CNY
2025-03-07,2025-03-07 00:00:00+00:00,KZT,0.180331,RUB_per_KZT
2025-03-07,2025-03-07 00:00:00+00:00,USD,89.5724,RUB_per_USD
2025-03-08,2025-03-08 00:00:00+00:00,CNY,12.2387,RUB_per_CNY
2025-03-08,2025-03-08 00:00:00+00:00,KZT,0.179728,RUB_per_KZT
2025-03-08,2025-03-08 00:00:00+00:00,USD,89.1362,RUB_per_USD
2025-03-11,2025-03-11 00:00:00+00:00,CNY,12.0798,RUB_per_CNY
2025-03-11,2025-03-11 00:00:00+00:00,KZT,0.178618,RUB_per_KZT
2025-03-11,2025-03-11 00:00:00+00:00,USD,88.3872,RUB_per_USD
2025-03-12,2025-03-12 00:00:00+00:00,CNY,11.8458,RUB_per_CNY
2025-03-12,2025-03-12 00:00:00+00:00,KZT,0.174939,RUB_per_KZT
2025-03-12,2025-03-12 00:00:00+00:00,USD,86.5669,RUB_per_USD
2025-03-13,2025-03-13 00:00:00+00:00,CNY,11.9242,RUB_per_CNY
2025-03-13,2025-03-13 00:00:00+00:00,KZT,0.177308,RUB_per_KZT
2025-03-13,2025-03-13 00:00:00+00:00,USD,86.6204,RUB_per_USD
2025-03-14,2025-03-14 00:00:00+00:00,CNY,11.873,RUB_per_CNY
2025-03-14,2025-03-14 00:00:00+00:00,KZT,0.177081,RUB_per_KZT
2025-03-14,2025-03-14 00:00:00+00:00,USD,86.619,RUB_per_USD
2025-03-15,2025-03-15 00:00:00+00:00,CNY,11.8167,RUB_per_CNY
2025-03-15,2025-03-15 00:00:00+00:00,KZT,0.17277,RUB_per_KZT
2025-03-15,2025-03-15 00:00:00+00:00,USD,85.5694,RUB_per_USD
2025-03-18,2025-03-18 00:00:00+00:00,CNY,11.6,RUB_per_CNY
2025-03-18,2025-03-18 00:00:00+00:00,KZT,0.1668929999999999,RUB_per_KZT
2025-03-18,2025-03-18 00:00:00+00:00,USD,84.3059,RUB_per_USD
2025-03-19,2025-03-19 00:00:00+00:00,CNY,11.2232,RUB_per_CNY
2025-03-19,2025-03-19 00:00:00+00:00,KZT,0.163317,RUB_per_KZT
2025-03-19,2025-03-19 00:00:00+00:00,USD,81.5018,RUB_per_USD
2025-03-20,2025-03-20 00:00:00+00:00,CNY,11.4337,RUB_per_CNY
2025-03-20,2025-03-20 00:00:00+00:00,KZT,0.166896,RUB_per_KZT
2025-03-20,2025-03-20 00:00:00+00:00,USD,82.8487,RUB_per_USD
2025-03-21,2025-03-21 00:00:00+00:00,CNY,11.6019,RUB_per_CNY
2025-03-21,2025-03-21 00:00:00+00:00,KZT,0.168683,RUB_per_KZT
2025-03-21,2025-03-21 00:00:00+00:00,USD,84.3955,RUB_per_USD
2025-03-22,2025-03-22 00:00:00+00:00,CNY,11.5779,RUB_per_CNY
2025-03-22,2025-03-22 00:00:00+00:00,KZT,0.168327,RUB_per_KZT
2025-03-22,2025-03-22 00:00:00+00:00,USD,84.64,RUB_per_USD
2025-03-25,2025-03-25 00:00:00+00:00,CNY,11.461,RUB_per_CNY
2025-03-25,2025-03-25 00:00:00+00:00,KZT,0.1668029999999999,RUB_per_KZT
2025-03-25,2025-03-25 00:00:00+00:00,USD,83.8737,RUB_per_USD
2025-03-26,2025-03-26 00:00:00+00:00,CNY,11.5572,RUB_per_CNY
2025-03-26,2025-03-26 00:00:00+00:00,KZT,0.167438,RUB_per_KZT
2025-03-26,2025-03-26 00:00:00+00:00,USD,84.193,RUB_per_USD
2025-03-27,2025-03-27 00:00:00+00:00,CNY,11.5225,RUB_per_CNY
2025-03-27,2025-03-27 00:00:00+00:00,KZT,0.167465,RUB_per_KZT
2025-03-27,2025-03-27 00:00:00+00:00,USD,84.2065,RUB_per_USD
2025-03-28,2025-03-28 00:00:00+00:00,CNY,11.497,RUB_per_CNY
2025-03-28,2025-03-28 00:00:00+00:00,KZT,0.167065,RUB_per_KZT
2025-03-28,2025-03-28 00:00:00+00:00,USD,83.8347,RUB_per_USD
2025-03-29,2025-03-29 00:00:00+00:00,CNY,11.4575,RUB_per_CNY
2025-03-29,2025-03-29 00:00:00+00:00,KZT,0.16795,RUB_per_KZT
2025-03-29,2025-03-29 00:00:00+00:00,USD,83.6813,RUB_per_USD
2025-04-01,2025-04-01 00:00:00+00:00,CNY,11.7136,RUB_per_CNY
2025-04-01,2025-04-01 00:00:00+00:00,KZT,0.169831,RUB_per_KZT
2025-04-01,2025-04-01 00:00:00+00:00,USD,85.4963,RUB_per_USD
2025-04-02,2025-04-02 00:00:00+00:00,CNY,11.6029,RUB_per_CNY
2025-04-02,2025-04-02 00:00:00+00:00,KZT,0.168247,RUB_per_KZT
2025-04-02,2025-04-02 00:00:00+00:00,USD,84.8707,RUB_per_USD
2025-04-03,2025-04-03 00:00:00+00:00,CNY,11.5258,RUB_per_CNY
2025-04-03,2025-04-03 00:00:00+00:00,KZT,0.168046,RUB_per_KZT
2025-04-03,2025-04-03 00:00:00+00:00,USD,84.5522,RUB_per_USD
2025-04-04,2025-04-04 00:00:00+00:00,CNY,11.4818,RUB_per_CNY
2025-04-04,2025-04-04 00:00:00+00:00,KZT,0.167743,RUB_per_KZT
2025-04-04,2025-04-04 00:00:00+00:00,USD,84.383,RUB_per_USD
2025-04-05,2025-04-05 00:00:00+00:00,CNY,11.6044,RUB_per_CNY
2025-04-05,2025-04-05 00:00:00+00:00,KZT,0.168027,RUB_per_KZT
2025-04-05,2025-04-05 00:00:00+00:00,USD,84.2774,RUB_per_USD
2025-04-08,2025-04-08 00:00:00+00:00,CNY,11.7286,RUB_per_CNY
2025-04-08,2025-04-08 00:00:00+00:00,KZT,0.170895,RUB_per_KZT
2025-04-08,2025-04-08 00:00:00+00:00,USD,86.1891,RUB_per_USD
2025-04-09,2025-04-09 00:00:00+00:00,CNY,11.5664,RUB_per_CNY
2025-04-09,2025-04-09 00:00:00+00:00,KZT,0.16489,RUB_per_KZT
2025-04-09,2025-04-09 00:00:00+00:00,USD,85.4641,RUB_per_USD
2025-04-10,2025-04-10 00:00:00+00:00,CNY,11.6352,RUB_per_CNY
2025-04-10,2025-04-10 00:00:00+00:00,KZT,0.166019,RUB_per_KZT
2025-04-10,2025-04-10 00:00:00+00:00,USD,86.0923,RUB_per_USD
2025-04-11,2025-04-11 00:00:00+00:00,CNY,11.5336,RUB_per_CNY
2025-04-11,2025-04-11 00:00:00+00:00,KZT,0.163341,RUB_per_KZT
2025-04-11,2025-04-11 00:00:00+00:00,USD,85.0159,RUB_per_USD
2025-04-12,2025-04-12 00:00:00+00:00,CNY,11.4471,RUB_per_CNY
2025-04-12,2025-04-12 00:00:00+00:00,KZT,0.163058,RUB_per_KZT
2025-04-12,2025-04-12 00:00:00+00:00,USD,84.004,RUB_per_USD
2025-04-15,2025-04-15 00:00:00+00:00,CNY,11.2274,RUB_per_CNY
2025-04-15,2025-04-15 00:00:00+00:00,KZT,0.1607319999999999,RUB_per_KZT
2025-04-15,2025-04-15 00:00:00+00:00,USD,82.7671,RUB_per_USD
2025-04-16,2025-04-16 00:00:00+00:00,CNY,11.164,RUB_per_CNY
2025-04-16,2025-04-16 00:00:00+00:00,KZT,0.158817,RUB_per_KZT
2025-04-16,2025-04-16 00:00:00+00:00,USD,82.3003,RUB_per_USD
2025-04-17,2025-04-17 00:00:00+00:00,CNY,11.2812,RUB_per_CNY
2025-04-17,2025-04-17 00:00:00+00:00,KZT,0.159775,RUB_per_KZT
2025-04-17,2025-04-17 00:00:00+00:00,USD,82.5892,RUB_per_USD
2025-04-18,2025-04-18 00:00:00+00:00,CNY,11.1915,RUB_per_CNY
2025-04-18,2025-04-18 00:00:00+00:00,KZT,0.157226,RUB_per_KZT
2025-04-18,2025-04-18 00:00:00+00:00,USD,82.02,RUB_per_USD
2025-04-19,2025-04-19 00:00:00+00:00,CNY,11.0889,RUB_per_CNY
2025-04-19,2025-04-19 00:00:00+00:00,KZT,0.155079,RUB_per_KZT
2025-04-19,2025-04-19 00:00:00+00:00,USD,81.1371,RUB_per_USD
2025-04-22,2025-04-22 00:00:00+00:00,CNY,11.0648,RUB_per_CNY
2025-04-22,2025-04-22 00:00:00+00:00,KZT,0.154742,RUB_per_KZT
2025-04-22,2025-04-22 00:00:00+00:00,USD,80.7597,RUB_per_USD
2025-04-23,2025-04-23 00:00:00+00:00,CNY,11.1123,RUB_per_CNY
2025-04-23,2025-04-23 00:00:00+00:00,KZT,0.156198,RUB_per_KZT
2025-04-23,2025-04-23 00:00:00+00:00,USD,81.462,RUB_per_USD
2025-04-24,2025-04-24 00:00:00+00:00,CNY,11.3388,RUB_per_CNY
2025-04-24,2025-04-24 00:00:00+00:00,KZT,0.1589819999999999,RUB_per_KZT
2025-04-24,2025-04-24 00:00:00+00:00,USD,82.3637,RUB_per_USD
2025-04-25,2025-04-25 00:00:00+00:00,CNY,11.3979,RUB_per_CNY
2025-04-25,2025-04-25 00:00:00+00:00,KZT,0.159849,RUB_per_KZT
2025-04-25,2025-04-25 00:00:00+00:00,USD,82.8559,RUB_per_USD
2025-04-26,2025-04-26 00:00:00+00:00,CNY,11.3506,RUB_per_CNY
2025-04-26,2025-04-26 00:00:00+00:00,KZT,0.159825,RUB_per_KZT
2025-04-26,2025-04-26 00:00:00+00:00,USD,82.6549,RUB_per_USD
2025-04-29,2025-04-29 00:00:00+00:00,CNY,11.2761,RUB_per_CNY
2025-04-29,2025-04-29 00:00:00+00:00,KZT,0.160276,RUB_per_KZT
2025-04-29,2025-04-29 00:00:00+00:00,USD,82.5467,RUB_per_USD
2025-04-30,2025-04-30 00:00:00+00:00,CNY,11.2016,RUB_per_CNY
2025-04-30,2025-04-30 00:00:00+00:00,KZT,0.158779,RUB_per_KZT
2025-04-30,2025-04-30 00:00:00+00:00,USD,81.5616,RUB_per_USD
2025-05-01,2025-05-01 00:00:00+00:00,CNY,11.1713,RUB_per_CNY
2025-05-01,2025-05-01 00:00:00+00:00,KZT,0.159067,RUB_per_KZT
2025-05-01,2025-05-01 00:00:00+00:00,USD,81.4933,RUB_per_USD
2025-05-06,2025-05-06 00:00:00+00:00,CNY,11.3025,RUB_per_CNY
2025-05-06,2025-05-06 00:00:00+00:00,KZT,0.158698,RUB_per_KZT
2025-05-06,2025-05-06 00:00:00+00:00,USD,81.9137,RUB_per_USD
2025-05-07,2025-05-07 00:00:00+00:00,CNY,11.2155,RUB_per_CNY
2025-05-07,2025-05-07 00:00:00+00:00,KZT,0.156142,RUB_per_KZT
2025-05-07,2025-05-07 00:00:00+00:00,USD,80.9644,RUB_per_USD
2025-05-08,2025-05-08 00:00:00+00:00,CNY,11.1819,RUB_per_CNY
2025-05-08,2025-05-08 00:00:00+00:00,KZT,0.157165,RUB_per_KZT
2025-05-08,2025-05-08 00:00:00+00:00,USD,80.8612,RUB_per_USD
2025-05-13,2025-05-13 00:00:00+00:00,CNY,11.1789,RUB_per_CNY
2025-05-13,2025-05-13 00:00:00+00:00,KZT,0.156757,RUB_per_KZT
2025-05-13,2025-05-13 00:00:00+00:00,USD,80.8883,RUB_per_USD
2025-05-14,2025-05-14 00:00:00+00:00,CNY,11.1573,RUB_per_CNY
2025-05-14,2025-05-14 00:00:00+00:00,KZT,0.156791,RUB_per_KZT
2025-05-14,2025-05-14 00:00:00+00:00,USD,80.55,RUB_per_USD
2025-05-15,2025-05-15 00:00:00+00:00,CNY,11.1128,RUB_per_CNY
2025-05-15,2025-05-15 00:00:00+00:00,KZT,0.157283,RUB_per_KZT
2025-05-15,2025-05-15 00:00:00+00:00,USD,80.2237,RUB_per_USD
2025-05-16,2025-05-16 00:00:00+00:00,CNY,11.1143,RUB_per_CNY
2025-05-16,2025-05-16 00:00:00+00:00,KZT,0.158656,RUB_per_KZT
2025-05-16,2025-05-16 00:00:00+00:00,USD,80.3134,RUB_per_USD
2025-05-17,2025-05-17 00:00:00+00:00,CNY,11.1593,RUB_per_CNY
2025-05-17,2025-05-17 00:00:00+00:00,KZT,0.15819,RUB_per_KZT
2025-05-17,2025-05-17 00:00:00+00:00,USD,80.7689,RUB_per_USD
2025-05-20,2025-05-20 00:00:00+00:00,CNY,11.1179,RUB_per_CNY
2025-05-20,2025-05-20 00:00:00+00:00,KZT,0.157826,RUB_per_KZT
2025-05-20,2025-05-20 00:00:00+00:00,USD,80.4137,RUB_per_USD
2025-05-21,2025-05-21 00:00:00+00:00,CNY,11.1625,RUB_per_CNY
2025-05-21,2025-05-21 00:00:00+00:00,KZT,0.157225,RUB_per_KZT
2025-05-21,2025-05-21 00:00:00+00:00,USD,80.3075,RUB_per_USD
2025-05-22,2025-05-22 00:00:00+00:00,CNY,11.0876,RUB_per_CNY
2025-05-22,2025-05-22 00:00:00+00:00,KZT,0.155892,RUB_per_KZT
2025-05-22,2025-05-22 00:00:00+00:00,USD,79.753,RUB_per_USD
2025-05-23,2025-05-23 00:00:00+00:00,CNY,11.0101,RUB_per_CNY
2025-05-23,2025-05-23 00:00:00+00:00,KZT,0.156164,RUB_per_KZT
2025-05-23,2025-05-23 00:00:00+00:00,USD,79.7357,RUB_per_USD
2025-05-24,2025-05-24 00:00:00+00:00,CNY,11.0772,RUB_per_CNY
2025-05-24,2025-05-24 00:00:00+00:00,KZT,0.157199,RUB_per_KZT
2025-05-24,2025-05-24 00:00:00+00:00,USD,79.7108,RUB_per_USD
2025-05-27,2025-05-27 00:00:00+00:00,CNY,11.0802,RUB_per_CNY
2025-05-27,2025-05-27 00:00:00+00:00,KZT,0.155937,RUB_per_KZT
2025-05-27,2025-05-27 00:00:00+00:00,USD,79.6588,RUB_per_USD
2025-05-28,2025-05-28 00:00:00+00:00,CNY,11.1014,RUB_per_CNY
2025-05-28,2025-05-28 00:00:00+00:00,KZT,0.155795,RUB_per_KZT
2025-05-28,2025-05-28 00:00:00+00:00,USD,79.6176,RUB_per_USD
2025-05-29,2025-05-29 00:00:00+00:00,CNY,11.0504,RUB_per_CNY
2025-05-29,2025-05-29 00:00:00+00:00,KZT,0.155427,RUB_per_KZT
2025-05-29,2025-05-29 00:00:00+00:00,USD,79.6037,RUB_per_USD
2025-05-30,2025-05-30 00:00:00+00:00,CNY,10.894,RUB_per_CNY
2025-05-30,2025-05-30 00:00:00+00:00,KZT,0.153117,RUB_per_KZT
2025-05-30,2025-05-30 00:00:00+00:00,USD,78.497,RUB_per_USD
2025-05-31,2025-05-31 00:00:00+00:00,CNY,10.8897,RUB_per_CNY
2025-05-31,2025-05-31 00:00:00+00:00,KZT,0.154375,RUB_per_KZT
2025-05-31,2025-05-31 00:00:00+00:00,USD,78.6171,RUB_per_USD
2025-06-03,2025-06-03 00:00:00+00:00,CNY,10.9452,RUB_per_CNY
2025-06-03,2025-06-03 00:00:00+00:00,KZT,0.154908,RUB_per_KZT
2025-06-03,2025-06-03 00:00:00+00:00,USD,79.1285,RUB_per_USD
2025-06-04,2025-06-04 00:00:00+00:00,CNY,10.9128,RUB_per_CNY
2025-06-04,2025-06-04 00:00:00+00:00,KZT,0.1542029999999999,RUB_per_KZT
2025-06-04,2025-06-04 00:00:00+00:00,USD,78.8549,RUB_per_USD
2025-06-05,2025-06-05 00:00:00+00:00,CNY,10.8685,RUB_per_CNY
2025-06-05,2025-06-05 00:00:00+00:00,KZT,0.153295,RUB_per_KZT
2025-06-05,2025-06-05 00:00:00+00:00,USD,78.5025,RUB_per_USD
2025-06-06,2025-06-06 00:00:00+00:00,CNY,11.0208,RUB_per_CNY
2025-06-06,2025-06-06 00:00:00+00:00,KZT,0.154645,RUB_per_KZT
2025-06-06,2025-06-06 00:00:00+00:00,USD,79.1272,RUB_per_USD
2025-06-07,2025-06-07 00:00:00+00:00,CNY,11.011,RUB_per_CNY
2025-06-07,2025-06-07 00:00:00+00:00,KZT,0.1551779999999999,RUB_per_KZT
2025-06-07,2025-06-07 00:00:00+00:00,USD,79.1703,RUB_per_USD
2025-06-10,2025-06-10 00:00:00+00:00,CNY,10.9784,RUB_per_CNY
2025-06-10,2025-06-10 00:00:00+00:00,KZT,0.155147,RUB_per_KZT
2025-06-10,2025-06-10 00:00:00+00:00,USD,79.1543,RUB_per_USD
2025-06-11,2025-06-11 00:00:00+00:00,CNY,10.9057,RUB_per_CNY
2025-06-11,2025-06-11 00:00:00+00:00,KZT,0.154573,RUB_per_KZT
2025-06-11,2025-06-11 00:00:00+00:00,USD,78.6003,RUB_per_USD
2025-06-12,2025-06-12 00:00:00+00:00,CNY,10.9317,RUB_per_CNY
2025-06-12,2025-06-12 00:00:00+00:00,KZT,0.155389,RUB_per_KZT
2025-06-12,2025-06-12 00:00:00+00:00,USD,79.0028,RUB_per_USD
2025-06-17,2025-06-17 00:00:00+00:00,CNY,10.8979,RUB_per_CNY
2025-06-17,2025-06-17 00:00:00+00:00,KZT,0.153357,RUB_per_KZT
2025-06-17,2025-06-17 00:00:00+00:00,USD,78.5067,RUB_per_USD
2025-06-18,2025-06-18 00:00:00+00:00,CNY,10.921,RUB_per_CNY
2025-06-18,2025-06-18 00:00:00+00:00,KZT,0.153605,RUB_per_KZT
2025-06-18,2025-06-18 00:00:00+00:00,USD,78.7135,RUB_per_USD
2025-06-19,2025-06-19 00:00:00+00:00,CNY,10.8728,RUB_per_CNY
2025-06-19,2025-06-19 00:00:00+00:00,KZT,0.152126,RUB_per_KZT
2025-06-19,2025-06-19 00:00:00+00:00,USD,78.7174,RUB_per_USD
2025-06-20,2025-06-20 00:00:00+00:00,CNY,10.8605,RUB_per_CNY
2025-06-20,2025-06-20 00:00:00+00:00,KZT,0.151277,RUB_per_KZT
2025-06-20,2025-06-20 00:00:00+00:00,USD,78.4839,RUB_per_USD
2025-06-21,2025-06-21 00:00:00+00:00,CNY,10.9021,RUB_per_CNY
2025-06-21,2025-06-21 00:00:00+00:00,KZT,0.151095,RUB_per_KZT
2025-06-21,2025-06-21 00:00:00+00:00,USD,78.5016,RUB_per_USD
2025-06-24,2025-06-24 00:00:00+00:00,CNY,10.8691,RUB_per_CNY
2025-06-24,2025-06-24 00:00:00+00:00,KZT,0.150109,RUB_per_KZT
2025-06-24,2025-06-24 00:00:00+00:00,USD,78.2923,RUB_per_USD
2025-06-25,2025-06-25 00:00:00+00:00,CNY,10.9657,RUB_per_CNY
2025-06-25,2025-06-25 00:00:00+00:00,KZT,0.149752,RUB_per_KZT
2025-06-25,2025-06-25 00:00:00+00:00,USD,78.3892,RUB_per_USD
2025-06-26,2025-06-26 00:00:00+00:00,CNY,10.9069,RUB_per_CNY
2025-06-26,2025-06-26 00:00:00+00:00,KZT,0.150591,RUB_per_KZT
2025-06-26,2025-06-26 00:00:00+00:00,USD,78.1959,RUB_per_USD
2025-06-27,2025-06-27 00:00:00+00:00,CNY,10.9343,RUB_per_CNY
2025-06-27,2025-06-27 00:00:00+00:00,KZT,0.150842,RUB_per_KZT
2025-06-27,2025-06-27 00:00:00+00:00,USD,78.2117,RUB_per_USD
2025-06-28,2025-06-28 00:00:00+00:00,CNY,10.9433,RUB_per_CNY
2025-06-28,2025-06-28 00:00:00+00:00,KZT,0.151384,RUB_per_KZT
2025-06-28,2025-06-28 00:00:00+00:00,USD,78.4685,RUB_per_USD
2025-07-01,2025-07-01 00:00:00+00:00,CNY,10.9298,RUB_per_CNY
2025-07-01,2025-07-01 00:00:00+00:00,KZT,0.1509029999999999,RUB_per_KZT
2025-07-01,2025-07-01 00:00:00+00:00,USD,78.5284,RUB_per_USD
2025-07-02,2025-07-02 00:00:00+00:00,CNY,10.9384,RUB_per_CNY
2025-07-02,2025-07-02 00:00:00+00:00,KZT,0.150909,RUB_per_KZT
2025-07-02,2025-07-02 00:00:00+00:00,USD,78.4181,RUB_per_USD
2025-07-03,2025-07-03 00:00:00+00:00,CNY,10.9465,RUB_per_CNY
2025-07-03,2025-07-03 00:00:00+00:00,KZT,0.151464,RUB_per_KZT
2025-07-03,2025-07-03 00:00:00+00:00,USD,78.654,RUB_per_USD
2025-07-04,2025-07-04 00:00:00+00:00,CNY,10.9852,RUB_per_CNY
2025-07-04,2025-07-04 00:00:00+00:00,KZT,0.151982,RUB_per_KZT
2025-07-04,2025-07-04 00:00:00+00:00,USD,78.7831,RUB_per_USD
2025-07-05,2025-07-05 00:00:00+00:00,CNY,10.9947,RUB_per_CNY
2025-07-05,2025-07-05 00:00:00+00:00,KZT,0.151732,RUB_per_KZT
2025-07-05,2025-07-05 00:00:00+00:00,USD,78.8354,RUB_per_USD
2025-07-08,2025-07-08 00:00:00+00:00,CNY,10.9808,RUB_per_CNY
2025-07-08,2025-07-08 00:00:00+00:00,KZT,0.151525,RUB_per_KZT
2025-07-08,2025-07-08 00:00:00+00:00,USD,78.7185,RUB_per_USD
2025-07-09,2025-07-09 00:00:00+00:00,CNY,10.8597,RUB_per_CNY
2025-07-09,2025-07-09 00:00:00+00:00,KZT,0.150465,RUB_per_KZT
2025-07-09,2025-07-09 00:00:00+00:00,USD,78.1682,RUB_per_USD
2025-07-10,2025-07-10 00:00:00+00:00,CNY,10.8494,RUB_per_CNY
2025-07-10,2025-07-10 00:00:00+00:00,KZT,0.150454,RUB_per_KZT
2025-07-10,2025-07-10 00:00:00+00:00,USD,78.1727,RUB_per_USD
2025-07-11,2025-07-11 00:00:00+00:00,CNY,10.8185,RUB_per_CNY
2025-07-11,2025-07-11 00:00:00+00:00,KZT,0.150111,RUB_per_KZT
2025-07-11,2025-07-11 00:00:00+00:00,USD,77.9029,RUB_per_USD
2025-07-12,2025-07-12 00:00:00+00:00,CNY,10.8435,RUB_per_CNY
2025-07-12,2025-07-12 00:00:00+00:00,KZT,0.150259,RUB_per_KZT
2025-07-12,2025-07-12 00:00:00+00:00,USD,77.8855,RUB_per_USD
2025-07-15,2025-07-15 00:00:00+00:00,CNY,10.8932,RUB_per_CNY
2025-07-15,2025-07-15 00:00:00+00:00,KZT,0.150447,RUB_per_KZT
2025-07-15,2025-07-15 00:00:00+00:00,USD,78.3722,RUB_per_USD
2025-07-16,2025-07-16 00:00:00+00:00,CNY,10.8353,RUB_per_CNY
2025-07-16,2025-07-16 00:00:00+00:00,KZT,0.148707,RUB_per_KZT
2025-07-16,2025-07-16 00:00:00+00:00,USD,77.9584,RUB_per_USD
2025-07-17,2025-07-17 00:00:00+00:00,CNY,10.8414,RUB_per_CNY
2025-07-17,2025-07-17 00:00:00+00:00,KZT,0.148247,RUB_per_KZT
2025-07-17,2025-07-17 00:00:00+00:00,USD,77.9585,RUB_per_USD
2025-07-18,2025-07-18 00:00:00+00:00,CNY,10.8787,RUB_per_CNY
2025-07-18,2025-07-18 00:00:00+00:00,KZT,0.148501,RUB_per_KZT
2025-07-18,2025-07-18 00:00:00+00:00,USD,78.1856,RUB_per_USD
2025-07-19,2025-07-19 00:00:00+00:00,CNY,10.8959,RUB_per_CNY
2025-07-19,2025-07-19 00:00:00+00:00,KZT,0.147,RUB_per_KZT
2025-07-19,2025-07-19 00:00:00+00:00,USD,78.3129,RUB_per_USD
2025-07-22,2025-07-22 00:00:00+00:00,CNY,10.891,RUB_per_CNY
2025-07-22,2025-07-22 00:00:00+00:00,KZT,0.146788,RUB_per_KZT
2025-07-22,2025-07-22 00:00:00+00:00,USD,78.3274,RUB_per_USD
2025-07-23,2025-07-23 00:00:00+00:00,CNY,10.8829,RUB_per_CNY
2025-07-23,2025-07-23 00:00:00+00:00,KZT,0.147492,RUB_per_KZT
2025-07-23,2025-07-23 00:00:00+00:00,USD,78.0882,RUB_per_USD
2025-07-24,2025-07-24 00:00:00+00:00,CNY,10.9593,RUB_per_CNY
2025-07-24,2025-07-24 00:00:00+00:00,KZT,0.147469,RUB_per_KZT
2025-07-24,2025-07-24 00:00:00+00:00,USD,78.4477,RUB_per_USD
2025-07-25,2025-07-25 00:00:00+00:00,CNY,11.0652,RUB_per_CNY
2025-07-25,2025-07-25 00:00:00+00:00,KZT,0.14641,RUB_per_KZT
2025-07-25,2025-07-25 00:00:00+00:00,USD,78.8623,RUB_per_USD
2025-07-26,2025-07-26 00:00:00+00:00,CNY,11.0659,RUB_per_CNY
2025-07-26,2025-07-26 00:00:00+00:00,KZT,0.146795,RUB_per_KZT
2025-07-26,2025-07-26 00:00:00+00:00,USD,79.5527,RUB_per_USD
2025-07-29,2025-07-29 00:00:00+00:00,CNY,11.1209,RUB_per_CNY
2025-07-29,2025-07-29 00:00:00+00:00,KZT,0.14605,RUB_per_KZT
2025-07-29,2025-07-29 00:00:00+00:00,USD,79.5782,RUB_per_USD
2025-07-30,2025-07-30 00:00:00+00:00,CNY,11.427,RUB_per_CNY
2025-07-30,2025-07-30 00:00:00+00:00,KZT,0.151851,RUB_per_KZT
2025-07-30,2025-07-30 00:00:00+00:00,USD,82.2197,RUB_per_USD
2025-07-31,2025-07-31 00:00:00+00:00,CNY,11.3683,RUB_per_CNY
2025-07-31,2025-07-31 00:00:00+00:00,KZT,0.150978,RUB_per_KZT
2025-07-31,2025-07-31 00:00:00+00:00,USD,81.8347,RUB_per_USD
2025-08-01,2025-08-01 00:00:00+00:00,CNY,11.0928,RUB_per_CNY
2025-08-01,2025-08-01 00:00:00+00:00,KZT,0.147003,RUB_per_KZT
2025-08-01,2025-08-01 00:00:00+00:00,USD,80.3163,RUB_per_USD
2025-08-02,2025-08-02 00:00:00+00:00,CNY,11.0899,RUB_per_CNY
2025-08-02,2025-08-02 00:00:00+00:00,KZT,0.148543,RUB_per_KZT
2025-08-02,2025-08-02 00:00:00+00:00,USD,80.3289,RUB_per_USD
2025-08-05,2025-08-05 00:00:00+00:00,CNY,11.067,RUB_per_CNY
2025-08-05,2025-08-05 00:00:00+00:00,KZT,0.146664,RUB_per_KZT
2025-08-05,2025-08-05 00:00:00+00:00,USD,79.6736,RUB_per_USD
2025-08-06,2025-08-06 00:00:00+00:00,CNY,11.1036,RUB_per_CNY
2025-08-06,2025-08-06 00:00:00+00:00,KZT,0.147741,RUB_per_KZT
2025-08-06,2025-08-06 00:00:00+00:00,USD,80.049,RUB_per_USD
2025-08-07,2025-08-07 00:00:00+00:00,CNY,11.1165,RUB_per_CNY
2025-08-07,2025-08-07 00:00:00+00:00,KZT,0.149185,RUB_per_KZT
2025-08-07,2025-08-07 00:00:00+00:00,USD,80.1914,RUB_per_USD
2025-08-08,2025-08-08 00:00:00+00:00,CNY,11.017,RUB_per_CNY
2025-08-08,2025-08-08 00:00:00+00:00,KZT,0.147946,RUB_per_KZT
2025-08-08,2025-08-08 00:00:00+00:00,USD,79.3847,RUB_per_USD
2025-08-09,2025-08-09 00:00:00+00:00,CNY,11.0665,RUB_per_CNY
2025-08-09,2025-08-09 00:00:00+00:00,KZT,0.14791,RUB_per_KZT
2025-08-09,2025-08-09 00:00:00+00:00,USD,79.7796,RUB_per_USD
2025-08-12,2025-08-12 00:00:00+00:00,CNY,11.0514,RUB_per_CNY
2025-08-12,2025-08-12 00:00:00+00:00,KZT,0.147672,RUB_per_KZT
2025-08-12,2025-08-12 00:00:00+00:00,USD,79.6677,RUB_per_USD
2025-08-13,2025-08-13 00:00:00+00:00,CNY,11.0609,RUB_per_CNY
2025-08-13,2025-08-13 00:00:00+00:00,KZT,0.147185,RUB_per_KZT
2025-08-13,2025-08-13 00:00:00+00:00,USD,79.8714,RUB_per_USD
2025-08-14,2025-08-14 00:00:00+00:00,CNY,11.0667,RUB_per_CNY
2025-08-14,2025-08-14 00:00:00+00:00,KZT,0.146791,RUB_per_KZT
2025-08-14,2025-08-14 00:00:00+00:00,USD,79.6032,RUB_per_USD
2025-08-15,2025-08-15 00:00:00+00:00,CNY,11.094,RUB_per_CNY
2025-08-15,2025-08-15 00:00:00+00:00,KZT,0.148274,RUB_per_KZT
2025-08-15,2025-08-15 00:00:00+00:00,USD,79.7653,RUB_per_USD
2025-08-16,2025-08-16 00:00:00+00:00,CNY,11.1072,RUB_per_CNY
2025-08-16,2025-08-16 00:00:00+00:00,KZT,0.148732,RUB_per_KZT
2025-08-16,2025-08-16 00:00:00+00:00,USD,80.0224,RUB_per_USD
2025-08-19,2025-08-19 00:00:00+00:00,CNY,11.1547,RUB_per_CNY
2025-08-19,2025-08-19 00:00:00+00:00,KZT,0.148697,RUB_per_KZT
2025-08-19,2025-08-19 00:00:00+00:00,USD,80.4256,RUB_per_USD
2025-08-20,2025-08-20 00:00:00+00:00,CNY,11.1702,RUB_per_CNY
2025-08-20,2025-08-20 00:00:00+00:00,KZT,0.14879,RUB_per_KZT
2025-08-20,2025-08-20 00:00:00+00:00,USD,80.3466,RUB_per_USD
2025-08-21,2025-08-21 00:00:00+00:00,CNY,11.1451,RUB_per_CNY
2025-08-21,2025-08-21 00:00:00+00:00,KZT,0.148736,RUB_per_KZT
2025-08-21,2025-08-21 00:00:00+00:00,USD,80.1045,RUB_per_USD
2025-08-22,2025-08-22 00:00:00+00:00,CNY,11.1562,RUB_per_CNY
2025-08-22,2025-08-22 00:00:00+00:00,KZT,0.149081,RUB_per_KZT
2025-08-22,2025-08-22 00:00:00+00:00,USD,80.2548,RUB_per_USD
2025-08-23,2025-08-23 00:00:00+00:00,CNY,11.1982,RUB_per_CNY
2025-08-23,2025-08-23 00:00:00+00:00,KZT,0.150162,RUB_per_KZT
2025-08-23,2025-08-23 00:00:00+00:00,USD,80.7498,RUB_per_USD
2025-08-26,2025-08-26 00:00:00+00:00,CNY,11.2615,RUB_per_CNY
2025-08-26,2025-08-26 00:00:00+00:00,KZT,0.1501549999999999,RUB_per_KZT
2025-08-26,2025-08-26 00:00:00+00:00,USD,80.6842,RUB_per_USD
2025-08-27,2025-08-27 00:00:00+00:00,CNY,11.1844,RUB_per_CNY
2025-08-27,2025-08-27 00:00:00+00:00,KZT,0.1502389999999999,RUB_per_KZT
2025-08-27,2025-08-27 00:00:00+00:00,USD,80.5268,RUB_per_USD
2025-08-28,2025-08-28 00:00:00+00:00,CNY,11.2009,RUB_per_CNY
2025-08-28,2025-08-28 00:00:00+00:00,KZT,0.150677,RUB_per_KZT
2025-08-28,2025-08-28 00:00:00+00:00,USD,80.4421,RUB_per_USD
2025-08-29,2025-08-29 00:00:00+00:00,CNY,11.2382,RUB_per_CNY
2025-08-29,2025-08-29 00:00:00+00:00,KZT,0.149344,RUB_per_KZT
2025-08-29,2025-08-29 00:00:00+00:00,USD,80.2918,RUB_per_USD
2025-08-30,2025-08-30 00:00:00+00:00,CNY,11.2713,RUB_per_CNY
2025-08-30,2025-08-30 00:00:00+00:00,KZT,0.149382,RUB_per_KZT
2025-08-30,2025-08-30 00:00:00+00:00,USD,80.3316,RUB_per_USD
2025-09-02,2025-09-02 00:00:00+00:00,CNY,11.2618,RUB_per_CNY
2025-09-02,2025-09-02 00:00:00+00:00,KZT,0.149341,RUB_per_KZT
2025-09-02,2025-09-02 00:00:00+00:00,USD,80.4261,RUB_per_USD
2025-09-03,2025-09-03 00:00:00+00:00,CNY,11.2557,RUB_per_CNY
2025-09-03,2025-09-03 00:00:00+00:00,KZT,0.149654,RUB_per_KZT
2025-09-03,2025-09-03 00:00:00+00:00,USD,80.5947,RUB_per_USD
2025-09-04,2025-09-04 00:00:00+00:00,CNY,11.2981,RUB_per_CNY
2025-09-04,2025-09-04 00:00:00+00:00,KZT,0.149845,RUB_per_KZT
2025-09-04,2025-09-04 00:00:00+00:00,USD,80.8488,RUB_per_USD
2025-09-05,2025-09-05 00:00:00+00:00,CNY,11.3536,RUB_per_CNY
2025-09-05,2025-09-05 00:00:00+00:00,KZT,0.150501,RUB_per_KZT
2025-09-05,2025-09-05 00:00:00+00:00,USD,81.2977,RUB_per_USD
2025-09-06,2025-09-06 00:00:00+00:00,CNY,11.3884,RUB_per_CNY
2025-09-06,2025-09-06 00:00:00+00:00,KZT,0.151015,RUB_per_KZT
2025-09-06,2025-09-06 00:00:00+00:00,USD,81.5556,RUB_per_USD
2025-09-09,2025-09-09 00:00:00+00:00,CNY,11.4746,RUB_per_CNY
2025-09-09,2025-09-09 00:00:00+00:00,KZT,0.153073,RUB_per_KZT
2025-09-09,2025-09-09 00:00:00+00:00,USD,82.3397,RUB_per_USD
2025-09-10,2025-09-10 00:00:00+00:00,CNY,11.6934,RUB_per_CNY
2025-09-10,2025-09-10 00:00:00+00:00,KZT,0.155556,RUB_per_KZT
2025-09-10,2025-09-10 00:00:00+00:00,USD,83.2425,RUB_per_USD
2025-09-11,2025-09-11 00:00:00+00:00,CNY,11.8961,RUB_per_CNY
2025-09-11,2025-09-11 00:00:00+00:00,KZT,0.158211,RUB_per_KZT
2025-09-11,2025-09-11 00:00:00+00:00,USD,84.9211,RUB_per_USD
2025-09-12,2025-09-12 00:00:00+00:00,CNY,11.9373,RUB_per_CNY
2025-09-12,2025-09-12 00:00:00+00:00,KZT,0.159169,RUB_per_KZT
2025-09-12,2025-09-12 00:00:00+00:00,USD,85.6647,RUB_per_USD
2025-09-13,2025-09-13 00:00:00+00:00,CNY,11.8263,RUB_per_CNY
2025-09-13,2025-09-13 00:00:00+00:00,KZT,0.156581,RUB_per_KZT
2025-09-13,2025-09-13 00:00:00+00:00,USD,84.3798,RUB_per_USD
2025-09-16,2025-09-16 00:00:00+00:00,CNY,11.5949,RUB_per_CNY
2025-09-16,2025-09-16 00:00:00+00:00,KZT,0.153598,RUB_per_KZT
2025-09-16,2025-09-16 00:00:00+00:00,USD,83.0718,RUB_per_USD
2025-09-17,2025-09-17 00:00:00+00:00,CNY,11.6052,RUB_per_CNY
2025-09-17,2025-09-17 00:00:00+00:00,KZT,0.153065,RUB_per_KZT
2025-09-17,2025-09-17 00:00:00+00:00,USD,82.8359,RUB_per_USD
2025-09-18,2025-09-18 00:00:00+00:00,CNY,11.6623,RUB_per_CNY
2025-09-18,2025-09-18 00:00:00+00:00,KZT,0.153832,RUB_per_KZT
2025-09-18,2025-09-18 00:00:00+00:00,USD,82.9987,RUB_per_USD
2025-09-19,2025-09-19 00:00:00+00:00,CNY,11.6661,RUB_per_CNY
2025-09-19,2025-09-19 00:00:00+00:00,KZT,0.1537359999999999,RUB_per_KZT
2025-09-19,2025-09-19 00:00:00+00:00,USD,83.1725,RUB_per_USD
2025-09-20,2025-09-20 00:00:00+00:00,CNY,11.706,RUB_per_CNY
2025-09-20,2025-09-20 00:00:00+00:00,KZT,0.154414,RUB_per_KZT
2025-09-20,2025-09-20 00:00:00+00:00,USD,83.5904,RUB_per_USD
2025-09-23,2025-09-23 00:00:00+00:00,CNY,11.7292,RUB_per_CNY
2025-09-23,2025-09-23 00:00:00+00:00,KZT,0.155248,RUB_per_KZT
2025-09-23,2025-09-23 00:00:00+00:00,USD,84.0186,RUB_per_USD
2025-09-24,2025-09-24 00:00:00+00:00,CNY,11.7014,RUB_per_CNY
2025-09-24,2025-09-24 00:00:00+00:00,KZT,0.153594,RUB_per_KZT
2025-09-24,2025-09-24 00:00:00+00:00,USD,83.3506,RUB_per_USD
2025-09-25,2025-09-25 00:00:00+00:00,CNY,11.7231,RUB_per_CNY
2025-09-25,2025-09-25 00:00:00+00:00,KZT,0.15411,RUB_per_KZT
2025-09-25,2025-09-25 00:00:00+00:00,USD,83.9914,RUB_per_USD
2025-09-26,2025-09-26 00:00:00+00:00,CNY,11.7064,RUB_per_CNY
2025-09-26,2025-09-26 00:00:00+00:00,KZT,0.154029,RUB_per_KZT
2025-09-26,2025-09-26 00:00:00+00:00,USD,83.6069,RUB_per_USD
2025-09-27,2025-09-27 00:00:00+00:00,CNY,11.6751,RUB_per_CNY
2025-09-27,2025-09-27 00:00:00+00:00,KZT,0.154356,RUB_per_KZT
2025-09-27,2025-09-27 00:00:00+00:00,USD,83.6118,RUB_per_USD
2025-09-30,2025-09-30 00:00:00+00:00,CNY,11.5978,RUB_per_CNY
2025-09-30,2025-09-30 00:00:00+00:00,KZT,0.152257,RUB_per_KZT
2025-09-30,2025-09-30 00:00:00+00:00,USD,82.8676,RUB_per_USD
2025-10-01,2025-10-01 00:00:00+00:00,CNY,11.5548,RUB_per_CNY
2025-10-01,2025-10-01 00:00:00+00:00,KZT,0.150528,RUB_per_KZT
2025-10-01,2025-10-01 00:00:00+00:00,USD,82.6084,RUB_per_USD
2025-10-02,2025-10-02 00:00:00+00:00,CNY,11.392,RUB_per_CNY
2025-10-02,2025-10-02 00:00:00+00:00,KZT,0.148429,RUB_per_KZT
2025-10-02,2025-10-02 00:00:00+00:00,USD,81.4967,RUB_per_USD
2025-10-03,2025-10-03 00:00:00+00:00,CNY,11.3342,RUB_per_CNY
2025-10-03,2025-10-03 00:00:00+00:00,KZT,0.147516,RUB_per_KZT
2025-10-03,2025-10-03 00:00:00+00:00,USD,81.0085,RUB_per_USD
2025-10-04,2025-10-04 00:00:00+00:00,CNY,11.4165,RUB_per_CNY
2025-10-04,2025-10-04 00:00:00+00:00,KZT,0.149731,RUB_per_KZT
2025-10-04,2025-10-04 00:00:00+00:00,USD,81.8969,RUB_per_USD
2025-10-07,2025-10-07 00:00:00+00:00,CNY,11.5581,RUB_per_CNY
2025-10-07,2025-10-07 00:00:00+00:00,KZT,0.151579,RUB_per_KZT
2025-10-07,2025-10-07 00:00:00+00:00,USD,83.0,RUB_per_USD
2025-10-08,2025-10-08 00:00:00+00:00,CNY,11.3685,RUB_per_CNY
2025-10-08,2025-10-08 00:00:00+00:00,KZT,0.1501549999999999,RUB_per_KZT
2025-10-08,2025-10-08 00:00:00+00:00,USD,81.9349,RUB_per_USD
2025-10-09,2025-10-09 00:00:00+00:00,CNY,11.3476,RUB_per_CNY
2025-10-09,2025-10-09 00:00:00+00:00,KZT,0.15056,RUB_per_KZT
2025-10-09,2025-10-09 00:00:00+00:00,USD,81.5478,RUB_per_USD
2025-10-10,2025-10-10 00:00:00+00:00,CNY,11.3642,RUB_per_CNY
2025-10-10,2025-10-10 00:00:00+00:00,KZT,0.150743,RUB_per_KZT
2025-10-10,2025-10-10 00:00:00+00:00,USD,81.4103,RUB_per_USD
2025-10-11,2025-10-11 00:00:00+00:00,CNY,11.3626,RUB_per_CNY
2025-10-11,2025-10-11 00:00:00+00:00,KZT,0.149924,RUB_per_KZT
2025-10-11,2025-10-11 00:00:00+00:00,USD,81.1898,RUB_per_USD
2025-10-14,2025-10-14 00:00:00+00:00,CNY,11.2816,RUB_per_CNY
2025-10-14,2025-10-14 00:00:00+00:00,KZT,0.149992,RUB_per_KZT
2025-10-14,2025-10-14 00:00:00+00:00,USD,80.8548,RUB_per_USD
2025-10-15,2025-10-15 00:00:00+00:00,CNY,11.119,RUB_per_CNY
2025-10-15,2025-10-15 00:00:00+00:00,KZT,0.148686,RUB_per_KZT
2025-10-15,2025-10-15 00:00:00+00:00,USD,79.9589,RUB_per_USD
2025-10-16,2025-10-16 00:00:00+00:00,CNY,11.0216,RUB_per_CNY
2025-10-16,2025-10-16 00:00:00+00:00,KZT,0.146369,RUB_per_KZT
2025-10-16,2025-10-16 00:00:00+00:00,USD,78.839,RUB_per_USD
2025-10-17,2025-10-17 00:00:00+00:00,CNY,11.0623,RUB_per_CNY
2025-10-17,2025-10-17 00:00:00+00:00,KZT,0.146571,RUB_per_KZT
2025-10-17,2025-10-17 00:00:00+00:00,USD,79.0839,RUB_per_USD
2025-10-18,2025-10-18 00:00:00+00:00,CNY,11.3435,RUB_per_CNY
2025-10-18,2025-10-18 00:00:00+00:00,KZT,0.150572,RUB_per_KZT
2025-10-18,2025-10-18 00:00:00+00:00,USD,80.9834,RUB_per_USD
2025-10-21,2025-10-21 00:00:00+00:00,CNY,11.354,RUB_per_CNY
2025-10-21,2025-10-21 00:00:00+00:00,KZT,0.151697,RUB_per_KZT
2025-10-21,2025-10-21 00:00:00+00:00,USD,81.3582,RUB_per_USD
2025-10-22,2025-10-22 00:00:00+00:00,CNY,11.3645,RUB_per_CNY
2025-10-22,2025-10-22 00:00:00+00:00,KZT,0.15117,RUB_per_KZT
2025-10-22,2025-10-22 00:00:00+00:00,USD,81.3475,RUB_per_USD
2025-10-23,2025-10-23 00:00:00+00:00,CNY,11.4541,RUB_per_CNY
2025-10-23,2025-10-23 00:00:00+00:00,KZT,0.151617,RUB_per_KZT
2025-10-23,2025-10-23 00:00:00+00:00,USD,81.6549,RUB_per_USD
2025-10-24,2025-10-24 00:00:00+00:00,CNY,11.3733,RUB_per_CNY
2025-10-24,2025-10-24 00:00:00+00:00,KZT,0.150909,RUB_per_KZT
2025-10-24,2025-10-24 00:00:00+00:00,USD,81.269,RUB_per_USD
2025-10-25,2025-10-25 00:00:00+00:00,CNY,11.3079,RUB_per_CNY
2025-10-25,2025-10-25 00:00:00+00:00,KZT,0.150474,RUB_per_KZT
2025-10-25,2025-10-25 00:00:00+00:00,USD,80.9713,RUB_per_USD
2025-10-28,2025-10-28 00:00:00+00:00,CNY,11.0648,RUB_per_CNY
2025-10-28,2025-10-28 00:00:00+00:00,KZT,0.146776,RUB_per_KZT
2025-10-28,2025-10-28 00:00:00+00:00,USD,78.9848,RUB_per_USD
2025-10-29,2025-10-29 00:00:00+00:00,CNY,11.1921,RUB_per_CNY
2025-10-29,2025-10-29 00:00:00+00:00,KZT,0.148324,RUB_per_KZT
2025-10-29,2025-10-29 00:00:00+00:00,USD,79.8174,RUB_per_USD
2025-10-30,2025-10-30 00:00:00+00:00,CNY,11.1707,RUB_per_CNY
2025-10-30,2025-10-30 00:00:00+00:00,KZT,0.148315,RUB_per_KZT
2025-10-30,2025-10-30 00:00:00+00:00,USD,79.4715,RUB_per_USD
2025-10-31,2025-10-31 00:00:00+00:00,CNY,11.2952,RUB_per_CNY
2025-10-31,2025-10-31 00:00:00+00:00,KZT,0.151851,RUB_per_KZT
2025-10-31,2025-10-31 00:00:00+00:00,USD,80.5037,RUB_per_USD
2025-11-01,2025-11-01 00:00:00+00:00,CNY,11.3408,RUB_per_CNY
2025-11-01,2025-11-01 00:00:00+00:00,KZT,0.152764,RUB_per_KZT
2025-11-01,2025-11-01 00:00:00+00:00,USD,80.9756,RUB_per_USD
2025-11-02,2025-11-02 00:00:00+00:00,CNY,11.2449,RUB_per_CNY
2025-11-02,2025-11-02 00:00:00+00:00,KZT,0.15248,RUB_per_KZT
2025-11-02,2025-11-02 00:00:00+00:00,USD,80.8861,RUB_per_USD
2025-11-06,2025-11-06 00:00:00+00:00,CNY,11.3362,RUB_per_CNY
2025-11-06,2025-11-06 00:00:00+00:00,KZT,0.155388,RUB_per_KZT
2025-11-06,2025-11-06 00:00:00+00:00,USD,81.1885,RUB_per_USD
2025-11-07,2025-11-07 00:00:00+00:00,CNY,11.3674,RUB_per_CNY
2025-11-07,2025-11-07 00:00:00+00:00,KZT,0.155021,RUB_per_KZT
2025-11-07,2025-11-07 00:00:00+00:00,USD,81.3765,RUB_per_USD
2025-11-08,2025-11-08 00:00:00+00:00,CNY,11.3561,RUB_per_CNY
2025-11-08,2025-11-08 00:00:00+00:00,KZT,0.15419,RUB_per_KZT
2025-11-08,2025-11-08 00:00:00+00:00,USD,81.2257,RUB_per_USD
2025-11-11,2025-11-11 00:00:00+00:00,CNY,11.3506,RUB_per_CNY
2025-11-11,2025-11-11 00:00:00+00:00,KZT,0.1540119999999999,RUB_per_KZT
2025-11-11,2025-11-11 00:00:00+00:00,USD,81.0132,RUB_per_USD
2025-11-12,2025-11-12 00:00:00+00:00,CNY,11.413,RUB_per_CNY
2025-11-12,2025-11-12 00:00:00+00:00,KZT,0.155384,RUB_per_KZT
2025-11-12,2025-11-12 00:00:00+00:00,USD,81.3562,RUB_per_USD
2025-11-13,2025-11-13 00:00:00+00:00,CNY,11.3731,RUB_per_CNY
2025-11-13,2025-11-13 00:00:00+00:00,KZT,0.154746,RUB_per_KZT
2025-11-13,2025-11-13 00:00:00+00:00,USD,81.2852,RUB_per_USD
2025-11-14,2025-11-14 00:00:00+00:00,CNY,11.3214,RUB_per_CNY
2025-11-14,2025-11-14 00:00:00+00:00,KZT,0.153628,RUB_per_KZT
2025-11-14,2025-11-14 00:00:00+00:00,USD,80.601,RUB_per_USD
2025-11-15,2025-11-15 00:00:00+00:00,CNY,11.4021,RUB_per_CNY
2025-11-15,2025-11-15 00:00:00+00:00,KZT,0.154729,RUB_per_KZT
2025-11-15,2025-11-15 00:00:00+00:00,USD,81.1276,RUB_per_USD
2025-11-18,2025-11-18 00:00:00+00:00,CNY,11.4002,RUB_per_CNY
2025-11-18,2025-11-18 00:00:00+00:00,KZT,0.155365,RUB_per_KZT
2025-11-18,2025-11-18 00:00:00+00:00,USD,81.1302,RUB_per_USD
2025-11-19,2025-11-19 00:00:00+00:00,CNY,11.381,RUB_per_CNY
2025-11-19,2025-11-19 00:00:00+00:00,KZT,0.154643,RUB_per_KZT
2025-11-19,2025-11-19 00:00:00+00:00,USD,81.0547,RUB_per_USD
2025-11-20,2025-11-20 00:00:00+00:00,CNY,11.3434,RUB_per_CNY
2025-11-20,2025-11-20 00:00:00+00:00,KZT,0.155361,RUB_per_KZT
2025-11-20,2025-11-20 00:00:00+00:00,USD,80.9448,RUB_per_USD
2025-11-21,2025-11-21 00:00:00+00:00,CNY,11.2795,RUB_per_CNY
2025-11-21,2025-11-21 00:00:00+00:00,KZT,0.1554299999999999,RUB_per_KZT
2025-11-21,2025-11-21 00:00:00+00:00,USD,80.7321,RUB_per_USD
2025-11-22,2025-11-22 00:00:00+00:00,CNY,11.0576,RUB_per_CNY
2025-11-22,2025-11-22 00:00:00+00:00,KZT,0.152501,RUB_per_KZT
2025-11-22,2025-11-22 00:00:00+00:00,USD,79.0246,RUB_per_USD
2025-11-25,2025-11-25 00:00:00+00:00,CNY,11.0516,RUB_per_CNY
2025-11-25,2025-11-25 00:00:00+00:00,KZT,0.152162,RUB_per_KZT
2025-11-25,2025-11-25 00:00:00+00:00,USD,78.9202,RUB_per_USD
2025-11-26,2025-11-26 00:00:00+00:00,CNY,11.1052,RUB_per_CNY
2025-11-26,2025-11-26 00:00:00+00:00,KZT,0.151855,RUB_per_KZT
2025-11-26,2025-11-26 00:00:00+00:00,USD,78.9615,RUB_per_USD
2025-11-27,2025-11-27 00:00:00+00:00,CNY,11.079,RUB_per_CNY
2025-11-27,2025-11-27 00:00:00+00:00,KZT,0.151609,RUB_per_KZT
2025-11-27,2025-11-27 00:00:00+00:00,USD,78.5941,RUB_per_USD
2025-11-28,2025-11-28 00:00:00+00:00,CNY,11.025,RUB_per_CNY
2025-11-28,2025-11-28 00:00:00+00:00,KZT,0.150864,RUB_per_KZT
2025-11-28,2025-11-28 00:00:00+00:00,USD,78.2503,RUB_per_USD
2025-11-29,2025-11-29 00:00:00+00:00,CNY,11.0211,RUB_per_CNY
2025-11-29,2025-11-29 00:00:00+00:00,KZT,0.151353,RUB_per_KZT
2025-11-29,2025-11-29 00:00:00+00:00,USD,78.2284,RUB_per_USD
2025-12-02,2025-12-02 00:00:00+00:00,CNY,10.9581,RUB_per_CNY
2025-12-02,2025-12-02 00:00:00+00:00,KZT,0.151606,RUB_per_KZT
2025-12-02,2025-12-02 00:00:00+00:00,USD,77.7027,RUB_per_USD
2025-12-03,2025-12-03 00:00:00+00:00,CNY,10.9251,RUB_per_CNY
2025-12-03,2025-12-03 00:00:00+00:00,KZT,0.150868,RUB_per_KZT
2025-12-03,2025-12-03 00:00:00+00:00,USD,77.4631,RUB_per_USD
2025-12-04,2025-12-04 00:00:00+00:00,CNY,10.9762,RUB_per_CNY
2025-12-04,2025-12-04 00:00:00+00:00,KZT,0.153396,RUB_per_KZT
2025-12-04,2025-12-04 00:00:00+00:00,USD,77.9556,RUB_per_USD
2025-12-05,2025-12-05 00:00:00+00:00,CNY,10.8487,RUB_per_CNY
2025-12-05,2025-12-05 00:00:00+00:00,KZT,0.152753,RUB_per_KZT
2025-12-05,2025-12-05 00:00:00+00:00,USD,76.9708,RUB_per_USD
2025-12-06,2025-12-06 00:00:00+00:00,CNY,10.7328,RUB_per_CNY
2025-12-06,2025-12-06 00:00:00+00:00,KZT,0.152294,RUB_per_KZT
2025-12-06,2025-12-06 00:00:00+00:00,USD,76.0937,RUB_per_USD
2025-12-09,2025-12-09 00:00:00+00:00,CNY,10.8283,RUB_per_CNY
2025-12-09,2025-12-09 00:00:00+00:00,KZT,0.153171,RUB_per_KZT
2025-12-09,2025-12-09 00:00:00+00:00,USD,77.2733,RUB_per_USD
2025-12-10,2025-12-10 00:00:00+00:00,CNY,10.834,RUB_per_CNY
2025-12-10,2025-12-10 00:00:00+00:00,KZT,0.151108,RUB_per_KZT
2025-12-10,2025-12-10 00:00:00+00:00,USD,76.8084,RUB_per_USD
2025-12-11,2025-12-11 00:00:00+00:00,CNY,10.9644,RUB_per_CNY
2025-12-11,2025-12-11 00:00:00+00:00,KZT,0.151338,RUB_per_KZT
2025-12-11,2025-12-11 00:00:00+00:00,USD,77.8998,RUB_per_USD
2025-12-12,2025-12-12 00:00:00+00:00,CNY,11.1867,RUB_per_CNY
2025-12-12,2025-12-12 00:00:00+00:00,KZT,0.15305,RUB_per_KZT
2025-12-12,2025-12-12 00:00:00+00:00,USD,79.3398,RUB_per_USD
2025-12-13,2025-12-13 00:00:00+00:00,CNY,11.2726,RUB_per_CNY
2025-12-13,2025-12-13 00:00:00+00:00,KZT,0.15332,RUB_per_KZT
2025-12-13,2025-12-13 00:00:00+00:00,USD,79.7296,RUB_per_USD
2025-12-16,2025-12-16 00:00:00+00:00,CNY,11.2151,RUB_per_CNY
2025-12-16,2025-12-16 00:00:00+00:00,KZT,0.152091,RUB_per_KZT
2025-12-16,2025-12-16 00:00:00+00:00,USD,79.4495,RUB_per_USD
2025-12-17,2025-12-17 00:00:00+00:00,CNY,11.2567,RUB_per_CNY
2025-12-17,2025-12-17 00:00:00+00:00,KZT,0.152865,RUB_per_KZT
2025-12-17,2025-12-17 00:00:00+00:00,USD,79.4302,RUB_per_USD
2025-12-18,2025-12-18 00:00:00+00:00,CNY,11.3698,RUB_per_CNY
2025-12-18,2025-12-18 00:00:00+00:00,KZT,0.154694,RUB_per_KZT
2025-12-18,2025-12-18 00:00:00+00:00,USD,80.3807,RUB_per_USD
2025-12-19,2025-12-19 00:00:00+00:00,CNY,11.3328,RUB_per_CNY
2025-12-19,2025-12-19 00:00:00+00:00,KZT,0.155607,RUB_per_KZT
2025-12-19,2025-12-19 00:00:00+00:00,USD,80.0301,RUB_per_USD
2025-12-20,2025-12-20 00:00:00+00:00,CNY,11.4463,RUB_per_CNY
2025-12-20,2025-12-20 00:00:00+00:00,KZT,0.157184,RUB_per_KZT
2025-12-20,2025-12-20 00:00:00+00:00,USD,80.722,RUB_per_USD
2025-12-23,2025-12-23 00:00:00+00:00,CNY,11.2308,RUB_per_CNY
2025-12-23,2025-12-23 00:00:00+00:00,KZT,0.153218,RUB_per_KZT
2025-12-23,2025-12-23 00:00:00+00:00,USD,79.3146,RUB_per_USD
2025-12-24,2025-12-24 00:00:00+00:00,CNY,11.1497,RUB_per_CNY
2025-12-24,2025-12-24 00:00:00+00:00,KZT,0.152586,RUB_per_KZT
2025-12-24,2025-12-24 00:00:00+00:00,USD,78.585,RUB_per_USD
2025-12-25,2025-12-25 00:00:00+00:00,CNY,11.1824,RUB_per_CNY
2025-12-25,2025-12-25 00:00:00+00:00,KZT,0.153743,RUB_per_KZT
2025-12-25,2025-12-25 00:00:00+00:00,USD,78.4368,RUB_per_USD
2025-12-26,2025-12-26 00:00:00+00:00,CNY,11.0773,RUB_per_CNY
2025-12-26,2025-12-26 00:00:00+00:00,KZT,0.152416,RUB_per_KZT
2025-12-26,2025-12-26 00:00:00+00:00,USD,77.8844,RUB_per_USD
2025-12-27,2025-12-27 00:00:00+00:00,CNY,11.0449,RUB_per_CNY
2025-12-27,2025-12-27 00:00:00+00:00,KZT,0.151503,RUB_per_KZT
2025-12-27,2025-12-27 00:00:00+00:00,USD,77.6923,RUB_per_USD
2025-12-30,2025-12-30 00:00:00+00:00,CNY,11.0501,RUB_per_CNY
2025-12-30,2025-12-30 00:00:00+00:00,KZT,0.153481,RUB_per_KZT
2025-12-30,2025-12-30 00:00:00+00:00,USD,77.4466,RUB_per_USD
2025-12-31,2025-12-31 00:00:00+00:00,CNY,11.1592,RUB_per_CNY
2025-12-31,2025-12-31 00:00:00+00:00,KZT,0.154978,RUB_per_KZT
2025-12-31,2025-12-31 00:00:00+00:00,USD,78.2267,RUB_per_USD
2026-01-13,2026-01-13 00:00:00+00:00,CNY,11.2856,RUB_per_CNY
2026-01-13,2026-01-13 00:00:00+00:00,KZT,0.154511,RUB_per_KZT
2026-01-13,2026-01-13 00:00:00+00:00,USD,78.7913,RUB_per_USD
2026-01-14,2026-01-14 00:00:00+00:00,CNY,11.2763,RUB_per_CNY
2026-01-14,2026-01-14 00:00:00+00:00,KZT,0.154662,RUB_per_KZT
2026-01-14,2026-01-14 00:00:00+00:00,USD,78.8527,RUB_per_USD
2026-01-15,2026-01-15 00:00:00+00:00,CNY,11.2419,RUB_per_CNY
2026-01-15,2026-01-15 00:00:00+00:00,KZT,0.154137,RUB_per_KZT
2026-01-15,2026-01-15 00:00:00+00:00,USD,78.5711,RUB_per_USD
2026-01-16,2026-01-16 00:00:00+00:00,CNY,11.2402,RUB_per_CNY
2026-01-16,2026-01-16 00:00:00+00:00,KZT,0.153847,RUB_per_KZT
2026-01-16,2026-01-16 00:00:00+00:00,USD,78.528,RUB_per_USD
2026-01-17,2026-01-17 00:00:00+00:00,CNY,11.151,RUB_per_CNY
2026-01-17,2026-01-17 00:00:00+00:00,KZT,0.15233,RUB_per_KZT
2026-01-17,2026-01-17 00:00:00+00:00,USD,77.8332,RUB_per_USD
2026-01-20,2026-01-20 00:00:00+00:00,CNY,11.1604,RUB_per_CNY
2026-01-20,2026-01-20 00:00:00+00:00,KZT,0.151825,RUB_per_KZT
2026-01-20,2026-01-20 00:00:00+00:00,USD,77.7586,RUB_per_USD
2026-01-21,2026-01-21 00:00:00+00:00,CNY,11.1691,RUB_per_CNY
2026-01-21,2026-01-21 00:00:00+00:00,KZT,0.1527079999999999,RUB_per_KZT
2026-01-21,2026-01-21 00:00:00+00:00,USD,77.8247,RUB_per_USD
2026-01-22,2026-01-22 00:00:00+00:00,CNY,11.111,RUB_per_CNY
2026-01-22,2026-01-22 00:00:00+00:00,KZT,0.1528759999999999,RUB_per_KZT
2026-01-22,2026-01-22 00:00:00+00:00,USD,77.5159,RUB_per_USD
2026-01-23,2026-01-23 00:00:00+00:00,CNY,10.8646,RUB_per_CNY
2026-01-23,2026-01-23 00:00:00+00:00,KZT,0.150066,RUB_per_KZT
2026-01-23,2026-01-23 00:00:00+00:00,USD,76.0382,RUB_per_USD
2026-01-24,2026-01-24 00:00:00+00:00,CNY,10.8724,RUB_per_CNY
2026-01-24,2026-01-24 00:00:00+00:00,KZT,0.150135,RUB_per_KZT
2026-01-24,2026-01-24 00:00:00+00:00,USD,75.9246,RUB_per_USD
2026-01-27,2026-01-27 00:00:00+00:00,CNY,10.9315,RUB_per_CNY
2026-01-27,2026-01-27 00:00:00+00:00,KZT,0.151008,RUB_per_KZT
2026-01-27,2026-01-27 00:00:00+00:00,USD,76.0101,RUB_per_USD
2026-01-28,2026-01-28 00:00:00+00:00,CNY,10.9751,RUB_per_CNY
2026-01-28,2026-01-28 00:00:00+00:00,KZT,0.152558,RUB_per_KZT
2026-01-28,2026-01-28 00:00:00+00:00,USD,76.5519,RUB_per_USD
2026-01-29,2026-01-29 00:00:00+00:00,CNY,10.943,RUB_per_CNY
2026-01-29,2026-01-29 00:00:00+00:00,KZT,0.151843,RUB_per_KZT
2026-01-29,2026-01-29 00:00:00+00:00,USD,76.2662,RUB_per_USD
2026-01-30,2026-01-30 00:00:00+00:00,CNY,10.9002,RUB_per_CNY
2026-01-30,2026-01-30 00:00:00+00:00,KZT,0.150873,RUB_per_KZT
2026-01-30,2026-01-30 00:00:00+00:00,USD,76.0251,RUB_per_USD
2026-01-31,2026-01-31 00:00:00+00:00,CNY,10.8689,RUB_per_CNY
2026-01-31,2026-01-31 00:00:00+00:00,KZT,0.150511,RUB_per_KZT
2026-01-31,2026-01-31 00:00:00+00:00,USD,75.7327,RUB_per_USD
2026-02-03,2026-02-03 00:00:00+00:00,CNY,11.0538,RUB_per_CNY
2026-02-03,2026-02-03 00:00:00+00:00,KZT,0.153731,RUB_per_KZT
2026-02-03,2026-02-03 00:00:00+00:00,USD,77.0223,RUB_per_USD
2026-02-04,2026-02-04 00:00:00+00:00,CNY,11.0638,RUB_per_CNY
2026-02-04,2026-02-04 00:00:00+00:00,KZT,0.152388,RUB_per_KZT
2026-02-04,2026-02-04 00:00:00+00:00,USD,76.9817,RUB_per_USD
2026-02-05,2026-02-05 00:00:00+00:00,CNY,11.0515,RUB_per_CNY
2026-02-05,2026-02-05 00:00:00+00:00,KZT,0.152769,RUB_per_KZT
2026-02-05,2026-02-05 00:00:00+00:00,USD,76.9102,RUB_per_USD
2026-02-06,2026-02-06 00:00:00+00:00,CNY,10.9931,RUB_per_CNY
2026-02-06,2026-02-06 00:00:00+00:00,KZT,0.153519,RUB_per_KZT
2026-02-06,2026-02-06 00:00:00+00:00,USD,76.5523,RUB_per_USD
2026-02-07,2026-02-07 00:00:00+00:00,CNY,11.1061,RUB_per_CNY
2026-02-07,2026-02-07 00:00:00+00:00,KZT,0.155633,RUB_per_KZT
2026-02-07,2026-02-07 00:00:00+00:00,USD,77.054,RUB_per_USD
2026-02-10,2026-02-10 00:00:00+00:00,CNY,11.1677,RUB_per_CNY
2026-02-10,2026-02-10 00:00:00+00:00,KZT,0.156986,RUB_per_KZT
2026-02-10,2026-02-10 00:00:00+00:00,USD,77.6502,RUB_per_USD
2026-02-11,2026-02-11 00:00:00+00:00,CNY,11.1533,RUB_per_CNY
2026-02-11,2026-02-11 00:00:00+00:00,KZT,0.156057,RUB_per_KZT
2026-02-11,2026-02-11 00:00:00+00:00,USD,77.2091,RUB_per_USD
2026-02-12,2026-02-12 00:00:00+00:00,CNY,11.1681,RUB_per_CNY
2026-02-12,2026-02-12 00:00:00+00:00,KZT,0.157487,RUB_per_KZT
2026-02-12,2026-02-12 00:00:00+00:00,USD,77.4648,RUB_per_USD
2026-02-13,2026-02-13 00:00:00+00:00,CNY,11.1582,RUB_per_CNY
2026-02-13,2026-02-13 00:00:00+00:00,KZT,0.15734,RUB_per_KZT
2026-02-13,2026-02-13 00:00:00+00:00,USD,77.188,RUB_per_USD
2026-02-14,2026-02-14 00:00:00+00:00,CNY,11.1523,RUB_per_CNY
2026-02-14,2026-02-14 00:00:00+00:00,KZT,0.156175,RUB_per_KZT
2026-02-14,2026-02-14 00:00:00+00:00,USD,77.1944,RUB_per_USD
2026-02-17,2026-02-17 00:00:00+00:00,CNY,11.0859,RUB_per_CNY
2026-02-17,2026-02-17 00:00:00+00:00,KZT,0.154476,RUB_per_KZT
2026-02-17,2026-02-17 00:00:00+00:00,USD,76.6201,RUB_per_USD
2026-02-18,2026-02-18 00:00:00+00:00,CNY,11.0934,RUB_per_CNY
2026-02-18,2026-02-18 00:00:00+00:00,KZT,0.155983,RUB_per_KZT
2026-02-18,2026-02-18 00:00:00+00:00,USD,76.7389,RUB_per_USD
2026-02-19,2026-02-19 00:00:00+00:00,CNY,11.0137,RUB_per_CNY
2026-02-19,2026-02-19 00:00:00+00:00,KZT,0.155416,RUB_per_KZT
2026-02-19,2026-02-19 00:00:00+00:00,USD,76.1524,RUB_per_USD
2026-02-20,2026-02-20 00:00:00+00:00,CNY,11.0747,RUB_per_CNY
2026-02-20,2026-02-20 00:00:00+00:00,KZT,0.156633,RUB_per_KZT
2026-02-20,2026-02-20 00:00:00+00:00,USD,76.6405,RUB_per_USD
2026-02-21,2026-02-21 00:00:00+00:00,CNY,11.0929,RUB_per_CNY
2026-02-21,2026-02-21 00:00:00+00:00,KZT,0.156902,RUB_per_KZT
2026-02-21,2026-02-21 00:00:00+00:00,USD,76.7519,RUB_per_USD
2026-02-25,2026-02-25 00:00:00+00:00,CNY,11.1172,RUB_per_CNY
2026-02-25,2026-02-25 00:00:00+00:00,KZT,0.154091,RUB_per_KZT
2026-02-25,2026-02-25 00:00:00+00:00,USD,76.6342,RUB_per_USD
2026-02-26,2026-02-26 00:00:00+00:00,CNY,11.1187,RUB_per_CNY
2026-02-26,2026-02-26 00:00:00+00:00,KZT,0.153905,RUB_per_KZT
2026-02-26,2026-02-26 00:00:00+00:00,USD,76.4678,RUB_per_USD
2026-02-27,2026-02-27 00:00:00+00:00,CNY,11.2487,RUB_per_CNY
2026-02-27,2026-02-27 00:00:00+00:00,KZT,0.153856,RUB_per_KZT
2026-02-27,2026-02-27 00:00:00+00:00,USD,77.1218,RUB_per_USD
2026-02-28,2026-02-28 00:00:00+00:00,CNY,11.2394,RUB_per_CNY
2026-02-28,2026-02-28 00:00:00+00:00,KZT,0.154008,RUB_per_KZT
2026-02-28,2026-02-28 00:00:00+00:00,USD,77.2736,RUB_per_USD
2026-03-03,2026-03-03 00:00:00+00:00,CNY,11.196,RUB_per_CNY
2026-03-03,2026-03-03 00:00:00+00:00,KZT,0.155104,RUB_per_KZT
2026-03-03,2026-03-03 00:00:00+00:00,USD,77.1734,RUB_per_USD
2026-03-04,2026-03-04 00:00:00+00:00,CNY,11.221,RUB_per_CNY
2026-03-04,2026-03-04 00:00:00+00:00,KZT,0.154416,RUB_per_KZT
2026-03-04,2026-03-04 00:00:00+00:00,USD,77.6093,RUB_per_USD
2026-03-05,2026-03-05 00:00:00+00:00,CNY,11.2488,RUB_per_CNY
2026-03-05,2026-03-05 00:00:00+00:00,KZT,0.156198,RUB_per_KZT
2026-03-05,2026-03-05 00:00:00+00:00,USD,77.8009,RUB_per_USD
2026-03-06,2026-03-06 00:00:00+00:00,CNY,11.3486,RUB_per_CNY
2026-03-06,2026-03-06 00:00:00+00:00,KZT,0.156433,RUB_per_KZT
2026-03-06,2026-03-06 00:00:00+00:00,USD,78.19,RUB_per_USD
2026-03-07,2026-03-07 00:00:00+00:00,CNY,11.4368,RUB_per_CNY
2026-03-07,2026-03-07 00:00:00+00:00,KZT,0.160431,RUB_per_KZT
2026-03-07,2026-03-07 00:00:00+00:00,USD,79.15,RUB_per_USD
2026-03-11,2026-03-11 00:00:00+00:00,CNY,11.4413,RUB_per_CNY
2026-03-11,2026-03-11 00:00:00+00:00,KZT,0.15944,RUB_per_KZT
2026-03-11,2026-03-11 00:00:00+00:00,USD,78.7396,RUB_per_USD
2026-03-12,2026-03-12 00:00:00+00:00,CNY,11.5051,RUB_per_CNY
2026-03-12,2026-03-12 00:00:00+00:00,KZT,0.1608409999999999,RUB_per_KZT
2026-03-12,2026-03-12 00:00:00+00:00,USD,79.068,RUB_per_USD
2026-03-13,2026-03-13 00:00:00+00:00,CNY,11.5027,RUB_per_CNY
2026-03-13,2026-03-13 00:00:00+00:00,KZT,0.161563,RUB_per_KZT
2026-03-13,2026-03-13 00:00:00+00:00,USD,79.0671,RUB_per_USD
2026-03-14,2026-03-14 00:00:00+00:00,CNY,11.6504,RUB_per_CNY
2026-03-14,2026-03-14 00:00:00+00:00,KZT,0.163166,RUB_per_KZT
2026-03-14,2026-03-14 00:00:00+00:00,USD,80.2254,RUB_per_USD
2026-03-17,2026-03-17 00:00:00+00:00,CNY,11.7441,RUB_per_CNY
2026-03-17,2026-03-17 00:00:00+00:00,KZT,0.1649769999999999,RUB_per_KZT
2026-03-17,2026-03-17 00:00:00+00:00,USD,81.0517,RUB_per_USD
2026-03-18,2026-03-18 00:00:00+00:00,CNY,11.8865,RUB_per_CNY
2026-03-18,2026-03-18 00:00:00+00:00,KZT,0.16847,RUB_per_KZT
2026-03-18,2026-03-18 00:00:00+00:00,USD,81.9103,RUB_per_USD
2026-03-19,2026-03-19 00:00:00+00:00,CNY,12.1155,RUB_per_CNY
2026-03-19,2026-03-19 00:00:00+00:00,KZT,0.173533,RUB_per_KZT
2026-03-19,2026-03-19 00:00:00+00:00,USD,83.1259,RUB_per_USD
2026-03-20,2026-03-20 00:00:00+00:00,CNY,12.3824,RUB_per_CNY
2026-03-20,2026-03-20 00:00:00+00:00,KZT,0.175833,RUB_per_KZT
2026-03-20,2026-03-20 00:00:00+00:00,USD,84.8379,RUB_per_USD
2026-03-21,2026-03-21 00:00:00+00:00,CNY,12.2171,RUB_per_CNY
2026-03-21,2026-03-21 00:00:00+00:00,KZT,0.174155,RUB_per_KZT
2026-03-21,2026-03-21 00:00:00+00:00,USD,83.9982,RUB_per_USD
2026-03-24,2026-03-24 00:00:00+00:00,CNY,11.8709,RUB_per_CNY
2026-03-24,2026-03-24 00:00:00+00:00,KZT,0.169752,RUB_per_KZT
2026-03-24,2026-03-24 00:00:00+00:00,USD,81.8763,RUB_per_USD
2026-03-25,2026-03-25 00:00:00+00:00,CNY,11.7271,RUB_per_CNY
2026-03-25,2026-03-25 00:00:00+00:00,KZT,0.167853,RUB_per_KZT
2026-03-25,2026-03-25 00:00:00+00:00,USD,80.9604,RUB_per_USD
2026-03-26,2026-03-26 00:00:00+00:00,CNY,11.6947,RUB_per_CNY
2026-03-26,2026-03-26 00:00:00+00:00,KZT,0.1673529999999999,RUB_per_KZT
2026-03-26,2026-03-26 00:00:00+00:00,USD,80.7192,RUB_per_USD
2026-03-27,2026-03-27 00:00:00+00:00,CNY,11.9001,RUB_per_CNY
2026-03-27,2026-03-27 00:00:00+00:00,KZT,0.170281,RUB_per_KZT
2026-03-27,2026-03-27 00:00:00+00:00,USD,82.1314,RUB_per_USD
2026-03-28,2026-03-28 00:00:00+00:00,CNY,11.7301,RUB_per_CNY
2026-03-28,2026-03-28 00:00:00+00:00,KZT,0.168409,RUB_per_KZT
2026-03-28,2026-03-28 00:00:00+00:00,USD,81.1443,RUB_per_USD
2026-03-31,2026-03-31 00:00:00+00:00,CNY,11.7439,RUB_per_CNY
2026-03-31,2026-03-31 00:00:00+00:00,KZT,0.168478,RUB_per_KZT
2026-03-31,2026-03-31 00:00:00+00:00,USD,81.2955,RUB_per_USD
2026-04-01,2026-04-01 00:00:00+00:00,CNY,11.7804,RUB_per_CNY
2026-04-01,2026-04-01 00:00:00+00:00,KZT,0.16873,RUB_per_KZT
2026-04-01,2026-04-01 00:00:00+00:00,USD,81.2504,RUB_per_USD
2026-04-02,2026-04-02 00:00:00+00:00,CNY,11.707,RUB_per_CNY
2026-04-02,2026-04-02 00:00:00+00:00,KZT,0.168397,RUB_per_KZT
2026-04-02,2026-04-02 00:00:00+00:00,USD,80.6234,RUB_per_USD
2026-04-03,2026-04-03 00:00:00+00:00,CNY,11.6278,RUB_per_CNY
2026-04-03,2026-04-03 00:00:00+00:00,KZT,0.16909,RUB_per_KZT
2026-04-03,2026-04-03 00:00:00+00:00,USD,80.3332,RUB_per_USD
2026-04-04,2026-04-04 00:00:00+00:00,CNY,11.5743,RUB_per_CNY
2026-04-04,2026-04-04 00:00:00+00:00,KZT,0.168807,RUB_per_KZT
2026-04-04,2026-04-04 00:00:00+00:00,USD,79.7293,RUB_per_USD
2026-04-07,2026-04-07 00:00:00+00:00,CNY,11.4481,RUB_per_CNY
2026-04-07,2026-04-07 00:00:00+00:00,KZT,0.167342,RUB_per_KZT
2026-04-07,2026-04-07 00:00:00+00:00,USD,78.7277,RUB_per_USD
2026-04-08,2026-04-08 00:00:00+00:00,CNY,11.4713,RUB_per_CNY
2026-04-08,2026-04-08 00:00:00+00:00,KZT,0.168871,RUB_per_KZT
2026-04-08,2026-04-08 00:00:00+00:00,USD,78.7496,RUB_per_USD
2026-04-09,2026-04-09 00:00:00+00:00,CNY,11.4581,RUB_per_CNY
2026-04-09,2026-04-09 00:00:00+00:00,KZT,0.17009,RUB_per_KZT
2026-04-09,2026-04-09 00:00:00+00:00,USD,78.3043,RUB_per_USD
2026-04-10,2026-04-10 00:00:00+00:00,CNY,11.3685,RUB_per_CNY
2026-04-10,2026-04-10 00:00:00+00:00,KZT,0.16376,RUB_per_KZT
2026-04-10,2026-04-10 00:00:00+00:00,USD,77.8366,RUB_per_USD
2026-04-11,2026-04-11 00:00:00+00:00,CNY,11.2521,RUB_per_CNY
2026-04-11,2026-04-11 00:00:00+00:00,KZT,0.1604189999999999,RUB_per_KZT
2026-04-11,2026-04-11 00:00:00+00:00,USD,76.9724,RUB_per_USD
2026-04-14,2026-04-14 00:00:00+00:00,CNY,11.1338,RUB_per_CNY
2026-04-14,2026-04-14 00:00:00+00:00,KZT,0.161158,RUB_per_KZT
2026-04-14,2026-04-14 00:00:00+00:00,USD,76.2489,RUB_per_USD
2026-04-15,2026-04-15 00:00:00+00:00,CNY,11.091,RUB_per_CNY
2026-04-15,2026-04-15 00:00:00+00:00,KZT,0.159725,RUB_per_KZT
2026-04-15,2026-04-15 00:00:00+00:00,USD,75.8532,RUB_per_USD
2026-04-16,2026-04-16 00:00:00+00:00,CNY,11.0334,RUB_per_CNY
2026-04-16,2026-04-16 00:00:00+00:00,KZT,0.157734,RUB_per_KZT
2026-04-16,2026-04-16 00:00:00+00:00,USD,75.2346,RUB_per_USD
2026-04-17,2026-04-17 00:00:00+00:00,CNY,11.17,RUB_per_CNY
2026-04-17,2026-04-17 00:00:00+00:00,KZT,0.160492,RUB_per_KZT
2026-04-17,2026-04-17 00:00:00+00:00,USD,76.0861,RUB_per_USD
2026-04-18,2026-04-18 00:00:00+00:00,CNY,11.1457,RUB_per_CNY
2026-04-18,2026-04-18 00:00:00+00:00,KZT,0.161315,RUB_per_KZT
2026-04-18,2026-04-18 00:00:00+00:00,USD,76.0535,RUB_per_USD
2026-04-21,2026-04-21 00:00:00+00:00,CNY,11.0418,RUB_per_CNY
2026-04-21,2026-04-21 00:00:00+00:00,KZT,0.160242,RUB_per_KZT
2026-04-21,2026-04-21 00:00:00+00:00,USD,75.237,RUB_per_USD
2026-04-22,2026-04-22 00:00:00+00:00,CNY,10.9451,RUB_per_CNY
2026-04-22,2026-04-22 00:00:00+00:00,KZT,0.158874,RUB_per_KZT
2026-04-22,2026-04-22 00:00:00+00:00,USD,74.5897,RUB_per_USD
2026-04-23,2026-04-23 00:00:00+00:00,CNY,10.9931,RUB_per_CNY
2026-04-23,2026-04-23 00:00:00+00:00,KZT,0.161383,RUB_per_KZT
2026-04-23,2026-04-23 00:00:00+00:00,USD,74.9995,RUB_per_USD
2026-04-24,2026-04-24 00:00:00+00:00,CNY,10.9441,RUB_per_CNY
2026-04-24,2026-04-24 00:00:00+00:00,KZT,0.1622009999999999,RUB_per_KZT
2026-04-24,2026-04-24 00:00:00+00:00,USD,74.8349,RUB_per_USD
2026-04-25,2026-04-25 00:00:00+00:00,CNY,11.027,RUB_per_CNY
2026-04-25,2026-04-25 00:00:00+00:00,KZT,0.1631719999999999,RUB_per_KZT
2026-04-25,2026-04-25 00:00:00+00:00,USD,75.5273,RUB_per_USD
2026-04-28,2026-04-28 00:00:00+00:00,CNY,10.9513,RUB_per_CNY
2026-04-28,2026-04-28 00:00:00+00:00,KZT,0.160926,RUB_per_KZT
2026-04-28,2026-04-28 00:00:00+00:00,USD,74.8081,RUB_per_USD
2026-04-29,2026-04-29 00:00:00+00:00,CNY,10.942,RUB_per_CNY
2026-04-29,2026-04-29 00:00:00+00:00,KZT,0.162098,RUB_per_KZT
2026-04-29,2026-04-29 00:00:00+00:00,USD,74.6947,RUB_per_USD
2026-04-30,2026-04-30 00:00:00+00:00,CNY,10.9535,RUB_per_CNY
2026-04-30,2026-04-30 00:00:00+00:00,KZT,0.163777,RUB_per_KZT
2026-04-30,2026-04-30 00:00:00+00:00,USD,74.8806,RUB_per_USD
2026-05-01,2026-05-01 00:00:00+00:00,CNY,10.9593,RUB_per_CNY
2026-05-01,2026-05-01 00:00:00+00:00,KZT,0.162066,RUB_per_KZT
2026-05-01,2026-05-01 00:00:00+00:00,USD,74.8014,RUB_per_USD
2026-05-05,2026-05-05 00:00:00+00:00,CNY,11.0343,RUB_per_CNY
2026-05-05,2026-05-05 00:00:00+00:00,KZT,0.162966,RUB_per_KZT
2026-05-05,2026-05-05 00:00:00+00:00,USD,75.4388,RUB_per_USD
2026-05-06,2026-05-06 00:00:00+00:00,CNY,11.0247,RUB_per_CNY
2026-05-06,2026-05-06 00:00:00+00:00,KZT,0.162196,RUB_per_KZT
2026-05-06,2026-05-06 00:00:00+00:00,USD,75.3448,RUB_per_USD
2026-05-07,2026-05-07 00:00:00+00:00,CNY,10.9949,RUB_per_CNY
2026-05-07,2026-05-07 00:00:00+00:00,KZT,0.16177,RUB_per_KZT
2026-05-07,2026-05-07 00:00:00+00:00,USD,75.2246,RUB_per_USD
2026-05-08,2026-05-08 00:00:00+00:00,CNY,10.9709,RUB_per_CNY
2026-05-08,2026-05-08 00:00:00+00:00,KZT,0.161026,RUB_per_KZT
2026-05-08,2026-05-08 00:00:00+00:00,USD,74.6209,RUB_per_USD
2026-05-09,2026-05-09 00:00:00+00:00,CNY,10.9306,RUB_per_CNY
2026-05-09,2026-05-09 00:00:00+00:00,KZT,0.160325,RUB_per_KZT
2026-05-09,2026-05-09 00:00:00+00:00,USD,74.2963,RUB_per_USD
2026-05-13,2026-05-13 00:00:00+00:00,CNY,10.8522,RUB_per_CNY
2026-05-13,2026-05-13 00:00:00+00:00,KZT,0.15997,RUB_per_KZT
2026-05-13,2026-05-13 00:00:00+00:00,USD,73.7878,RUB_per_USD
2026-05-14,2026-05-14 00:00:00+00:00,CNY,10.7933,RUB_per_CNY
2026-05-14,2026-05-14 00:00:00+00:00,KZT,0.1580949999999999,RUB_per_KZT
2026-05-14,2026-05-14 00:00:00+00:00,USD,73.342,RUB_per_USD
2026-05-15,2026-05-15 00:00:00+00:00,CNY,10.7855,RUB_per_CNY
2026-05-15,2026-05-15 00:00:00+00:00,KZT,0.156402,RUB_per_KZT
2026-05-15,2026-05-15 00:00:00+00:00,USD,73.1385,RUB_per_USD
2026-05-16,2026-05-16 00:00:00+00:00,CNY,10.7318,RUB_per_CNY
2026-05-16,2026-05-16 00:00:00+00:00,KZT,0.1542639999999999,RUB_per_KZT
2026-05-16,2026-05-16 00:00:00+00:00,USD,73.1275,RUB_per_USD
2026-05-19,2026-05-19 00:00:00+00:00,CNY,10.6279,RUB_per_CNY
2026-05-19,2026-05-19 00:00:00+00:00,KZT,0.15388,RUB_per_KZT
2026-05-19,2026-05-19 00:00:00+00:00,USD,72.3497,RUB_per_USD
2026-05-20,2026-05-20 00:00:00+00:00,CNY,10.4545,RUB_per_CNY
2026-05-20,2026-05-20 00:00:00+00:00,KZT,0.152471,RUB_per_KZT
2026-05-20,2026-05-20 00:00:00+00:00,USD,71.2926,RUB_per_USD
2026-05-21,2026-05-21 00:00:00+00:00,CNY,10.4161,RUB_per_CNY
2026-05-21,2026-05-21 00:00:00+00:00,KZT,0.150342,RUB_per_KZT
2026-05-21,2026-05-21 00:00:00+00:00,USD,70.9509,RUB_per_USD
2026-05-22,2026-05-22 00:00:00+00:00,CNY,10.398,RUB_per_CNY
2026-05-22,2026-05-22 00:00:00+00:00,KZT,0.150052,RUB_per_KZT
2026-05-22,2026-05-22 00:00:00+00:00,USD,70.7902,RUB_per_USD
2026-05-23,2026-05-23 00:00:00+00:00,CNY,10.4823,RUB_per_CNY
2026-05-23,2026-05-23 00:00:00+00:00,KZT,0.151043,RUB_per_KZT
2026-05-23,2026-05-23 00:00:00+00:00,USD,71.209,RUB_per_USD
2026-05-26,2026-05-26 00:00:00+00:00,CNY,10.5317,RUB_per_CNY
2026-05-26,2026-05-26 00:00:00+00:00,KZT,0.151967,RUB_per_KZT
2026-05-26,2026-05-26 00:00:00+00:00,USD,71.546,RUB_per_USD
2026-05-27,2026-05-27 00:00:00+00:00,CNY,10.5505,RUB_per_CNY
2026-05-27,2026-05-27 00:00:00+00:00,KZT,0.151685,RUB_per_KZT
2026-05-27,2026-05-27 00:00:00+00:00,USD,71.668,RUB_per_USD
2026-05-28,2026-05-28 00:00:00+00:00,CNY,10.4557,RUB_per_CNY
2026-05-28,2026-05-28 00:00:00+00:00,KZT,0.14849,RUB_per_KZT
2026-05-28,2026-05-28 00:00:00+00:00,USD,70.9012,RUB_per_USD
2026-05-29,2026-05-29 00:00:00+00:00,CNY,10.4487,RUB_per_CNY
2026-05-29,2026-05-29 00:00:00+00:00,KZT,0.149475,RUB_per_KZT
2026-05-29,2026-05-29 00:00:00+00:00,USD,71.3715,RUB_per_USD
2026-05-30,2026-05-30 00:00:00+00:00,CNY,10.4865,RUB_per_CNY
2026-05-30,2026-05-30 00:00:00+00:00,KZT,0.146272,RUB_per_KZT
2026-05-30,2026-05-30 00:00:00+00:00,USD,71.0224,RUB_per_USD
2026-06-02,2026-06-02 00:00:00+00:00,CNY,10.5762,RUB_per_CNY
2026-06-02,2026-06-02 00:00:00+00:00,KZT,0.1472439999999999,RUB_per_KZT
2026-06-02,2026-06-02 00:00:00+00:00,USD,71.5532,RUB_per_USD
2026-06-03,2026-06-03 00:00:00+00:00,CNY,10.7312,RUB_per_CNY
2026-06-03,2026-06-03 00:00:00+00:00,KZT,0.148396,RUB_per_KZT
2026-06-03,2026-06-03 00:00:00+00:00,USD,72.5597,RUB_per_USD
2026-06-04,2026-06-04 00:00:00+00:00,CNY,10.8262,RUB_per_CNY
2026-06-04,2026-06-04 00:00:00+00:00,KZT,0.148725,RUB_per_KZT
2026-06-04,2026-06-04 00:00:00+00:00,USD,73.3436,RUB_per_USD
2026-06-05,2026-06-05 00:00:00+00:00,CNY,10.9536,RUB_per_CNY
2026-06-05,2026-06-05 00:00:00+00:00,KZT,0.151837,RUB_per_KZT
2026-06-05,2026-06-05 00:00:00+00:00,USD,74.2956,RUB_per_USD
2026-06-06,2026-06-06 00:00:00+00:00,CNY,10.853,RUB_per_CNY
2026-06-06,2026-06-06 00:00:00+00:00,KZT,0.151376,RUB_per_KZT
2026-06-06,2026-06-06 00:00:00+00:00,USD,73.4689,RUB_per_USD
2026-06-09,2026-06-09 00:00:00+00:00,CNY,10.7826,RUB_per_CNY
2026-06-09,2026-06-09 00:00:00+00:00,KZT,0.150304,RUB_per_KZT
2026-06-09,2026-06-09 00:00:00+00:00,USD,73.2644,RUB_per_USD
2026-06-10,2026-06-10 00:00:00+00:00,CNY,10.5831,RUB_per_CNY
2026-06-10,2026-06-10 00:00:00+00:00,KZT,0.147968,RUB_per_KZT
2026-06-10,2026-06-10 00:00:00+00:00,USD,71.7318,RUB_per_USD
2026-06-11,2026-06-11 00:00:00+00:00,CNY,10.5825,RUB_per_CNY
2026-06-11,2026-06-11 00:00:00+00:00,KZT,0.146446,RUB_per_KZT
2026-06-11,2026-06-11 00:00:00+00:00,USD,71.7892,RUB_per_USD
2026-06-12,2026-06-12 00:00:00+00:00,CNY,10.6064,RUB_per_CNY
2026-06-12,2026-06-12 00:00:00+00:00,KZT,0.147174,RUB_per_KZT
2026-06-12,2026-06-12 00:00:00+00:00,USD,71.9077,RUB_per_USD
2026-06-16,2026-06-16 00:00:00+00:00,CNY,10.7047,RUB_per_CNY
2026-06-16,2026-06-16 00:00:00+00:00,KZT,0.148062,RUB_per_KZT
2026-06-16,2026-06-16 00:00:00+00:00,USD,72.4513,RUB_per_USD
2026-06-17,2026-06-17 00:00:00+00:00,CNY,10.6624,RUB_per_CNY
2026-06-17,2026-06-17 00:00:00+00:00,KZT,0.146812,RUB_per_KZT
2026-06-17,2026-06-17 00:00:00+00:00,USD,72.1388,RUB_per_USD
2026-06-18,2026-06-18 00:00:00+00:00,CNY,10.7589,RUB_per_CNY
2026-06-18,2026-06-18 00:00:00+00:00,KZT,0.149328,RUB_per_KZT
2026-06-18,2026-06-18 00:00:00+00:00,USD,72.7479,RUB_per_USD
2026-06-19,2026-06-19 00:00:00+00:00,CNY,10.8284,RUB_per_CNY
2026-06-19,2026-06-19 00:00:00+00:00,KZT,0.149899,RUB_per_KZT
2026-06-19,2026-06-19 00:00:00+00:00,USD,73.3591,RUB_per_USD
2026-06-20,2026-06-20 00:00:00+00:00,CNY,10.806,RUB_per_CNY
2026-06-20,2026-06-20 00:00:00+00:00,KZT,0.1505729999999999,RUB_per_KZT
2026-06-20,2026-06-20 00:00:00+00:00,USD,73.439,RUB_per_USD
2026-06-23,2026-06-23 00:00:00+00:00,CNY,10.8847,RUB_per_CNY
2026-06-23,2026-06-23 00:00:00+00:00,KZT,0.151043,RUB_per_KZT
2026-06-23,2026-06-23 00:00:00+00:00,USD,73.765,RUB_per_USD
2026-06-24,2026-06-24 00:00:00+00:00,CNY,10.9947,RUB_per_CNY
2026-06-24,2026-06-24 00:00:00+00:00,KZT,0.153221,RUB_per_KZT
2026-06-24,2026-06-24 00:00:00+00:00,USD,74.62,RUB_per_USD
2026-06-25,2026-06-25 00:00:00+00:00,CNY,10.9713,RUB_per_CNY
2026-06-25,2026-06-25 00:00:00+00:00,KZT,0.153795,RUB_per_KZT
2026-06-25,2026-06-25 00:00:00+00:00,USD,74.7738,RUB_per_USD
2026-06-26,2026-06-26 00:00:00+00:00,CNY,11.044,RUB_per_CNY
2026-06-26,2026-06-26 00:00:00+00:00,KZT,0.155301,RUB_per_KZT
2026-06-26,2026-06-26 00:00:00+00:00,USD,75.6347,RUB_per_USD
2026-06-27,2026-06-27 00:00:00+00:00,CNY,11.3359,RUB_per_CNY
2026-06-27,2026-06-27 00:00:00+00:00,KZT,0.158758,RUB_per_KZT
2026-06-27,2026-06-27 00:00:00+00:00,USD,77.0611,RUB_per_USD
2026-06-30,2026-06-30 00:00:00+00:00,CNY,11.4624,RUB_per_CNY
2026-06-30,2026-06-30 00:00:00+00:00,KZT,0.159833,RUB_per_KZT
2026-06-30,2026-06-30 00:00:00+00:00,USD,77.7539,RUB_per_USD
2026-07-01,2026-07-01 00:00:00+00:00,CNY,11.4932,RUB_per_CNY
2026-07-01,2026-07-01 00:00:00+00:00,KZT,0.161108,RUB_per_KZT
2026-07-01,2026-07-01 00:00:00+00:00,USD,78.2696,RUB_per_USD
2026-07-02,2026-07-02 00:00:00+00:00,CNY,11.4842,RUB_per_CNY
2026-07-02,2026-07-02 00:00:00+00:00,KZT,0.1628079999999999,RUB_per_KZT
2026-07-02,2026-07-02 00:00:00+00:00,USD,78.2652,RUB_per_USD
2026-07-03,2026-07-03 00:00:00+00:00,CNY,11.4693,RUB_per_CNY
2026-07-03,2026-07-03 00:00:00+00:00,KZT,0.162603,RUB_per_KZT
2026-07-03,2026-07-03 00:00:00+00:00,USD,77.9293,RUB_per_USD
2026-07-04,2026-07-04 00:00:00+00:00,CNY,11.3803,RUB_per_CNY
2026-07-04,2026-07-04 00:00:00+00:00,KZT,0.162764,RUB_per_KZT
2026-07-04,2026-07-04 00:00:00+00:00,USD,77.2264,RUB_per_USD
2026-07-07,2026-07-07 00:00:00+00:00,CNY,11.4555,RUB_per_CNY
2026-07-07,2026-07-07 00:00:00+00:00,KZT,0.165179,RUB_per_KZT
2026-07-07,2026-07-07 00:00:00+00:00,USD,77.9695,RUB_per_USD
2026-07-08,2026-07-08 00:00:00+00:00,CNY,11.2068,RUB_per_CNY
2026-07-08,2026-07-08 00:00:00+00:00,KZT,0.161273,RUB_per_KZT
2026-07-08,2026-07-08 00:00:00+00:00,USD,76.1258,RUB_per_USD
2026-07-09,2026-07-09 00:00:00+00:00,CNY,11.2219,RUB_per_CNY
2026-07-09,2026-07-09 00:00:00+00:00,KZT,0.1621999999999999,RUB_per_KZT
2026-07-09,2026-07-09 00:00:00+00:00,USD,76.4026,RUB_per_USD
2026-07-10,2026-07-10 00:00:00+00:00,CNY,11.1616,RUB_per_CNY
2026-07-10,2026-07-10 00:00:00+00:00,KZT,0.162251,RUB_per_KZT
2026-07-10,2026-07-10 00:00:00+00:00,USD,75.93,RUB_per_USD
2026-07-11,2026-07-11 00:00:00+00:00,CNY,11.3037,RUB_per_CNY
2026-07-11,2026-07-11 00:00:00+00:00,KZT,0.16402,RUB_per_KZT
2026-07-11,2026-07-11 00:00:00+00:00,USD,76.6647,RUB_per_USD
2026-07-14,2026-07-14 00:00:00+00:00,CNY,11.2925,RUB_per_CNY
2026-07-14,2026-07-14 00:00:00+00:00,KZT,0.16488,RUB_per_KZT
2026-07-14,2026-07-14 00:00:00+00:00,USD,76.6213,RUB_per_USD
2026-07-15,2026-07-15 00:00:00+00:00,CNY,11.3775,RUB_per_CNY
2026-07-15,2026-07-15 00:00:00+00:00,KZT,0.162418,RUB_per_KZT
2026-07-15,2026-07-15 00:00:00+00:00,USD,77.4912,RUB_per_USD
2026-07-16,2026-07-16 00:00:00+00:00,CNY,11.5136,RUB_per_CNY
2026-07-16,2026-07-16 00:00:00+00:00,KZT,0.166262,RUB_per_KZT
2026-07-16,2026-07-16 00:00:00+00:00,USD,77.9568,RUB_per_USD
2026-07-17,2026-07-17 00:00:00+00:00,CNY,11.5139,RUB_per_CNY
2026-07-17,2026-07-17 00:00:00+00:00,KZT,0.166737,RUB_per_KZT
2026-07-17,2026-07-17 00:00:00+00:00,USD,78.3181,RUB_per_USD
2026-07-18,2026-07-18 00:00:00+00:00,CNY,11.5602,RUB_per_CNY
2026-07-18,2026-07-18 00:00:00+00:00,KZT,0.165979,RUB_per_KZT
2026-07-18,2026-07-18 00:00:00+00:00,USD,78.3987,RUB_per_USD
2026-07-21,2026-07-21 00:00:00+00:00,CNY,11.5698,RUB_per_CNY
2026-07-21,2026-07-21 00:00:00+00:00,KZT,0.16669,RUB_per_KZT
2026-07-21,2026-07-21 00:00:00+00:00,USD,78.3159,RUB_per_USD
2026-07-22,2026-07-22 00:00:00+00:00,CNY,11.6091,RUB_per_CNY
2026-07-22,2026-07-22 00:00:00+00:00,KZT,0.167037,RUB_per_KZT
2026-07-22,2026-07-22 00:00:00+00:00,USD,78.554,RUB_per_USD
2026-07-23,2026-07-23 00:00:00+00:00,CNY,11.5782,RUB_per_CNY
2026-07-23,2026-07-23 00:00:00+00:00,KZT,0.167115,RUB_per_KZT
2026-07-23,2026-07-23 00:00:00+00:00,USD,78.4756,RUB_per_USD
2026-07-24,2026-07-24 00:00:00+00:00,CNY,11.5826,RUB_per_CNY
2026-07-24,2026-07-24 00:00:00+00:00,KZT,0.167657,RUB_per_KZT
2026-07-24,2026-07-24 00:00:00+00:00,USD,78.4049,RUB_per_USD
2026-07-25,2026-07-25 00:00:00+00:00,CNY,11.5025,RUB_per_CNY
2026-07-25,2026-07-25 00:00:00+00:00,KZT,0.167542,RUB_per_KZT
2026-07-25,2026-07-25 00:00:00+00:00,USD,78.0308,RUB_per_USD
2026-07-28,2026-07-28 00:00:00+00:00,CNY,11.5218,RUB_per_CNY
2026-07-28,2026-07-28 00:00:00+00:00,KZT,0.163878,RUB_per_KZT
2026-07-28,2026-07-28 00:00:00+00:00,USD,78.0172,RUB_per_USD
2026-07-29,2026-07-29 00:00:00+00:00,CNY,11.5911,RUB_per_CNY
2026-07-29,2026-07-29 00:00:00+00:00,KZT,0.16624,RUB_per_KZT
2026-07-29,2026-07-29 00:00:00+00:00,USD,78.698,RUB_per_USD
2026-07-30,2026-07-30 00:00:00+00:00,CNY,11.7215,RUB_per_CNY
2026-07-30,2026-07-30 00:00:00+00:00,KZT,0.166454,RUB_per_KZT
2026-07-30,2026-07-30 00:00:00+00:00,USD,79.357,RUB_per_USD
2026-07-31,2026-07-31 00:00:00+00:00,CNY,11.8194,RUB_per_CNY
2026-07-31,2026-07-31 00:00:00+00:00,KZT,0.167356,RUB_per_KZT
2026-07-31,2026-07-31 00:00:00+00:00,USD,79.8573,RUB_per_USD
2026-08-01,2026-08-01 00:00:00+00:00,CNY,11.7694,RUB_per_CNY
2026-08-01,2026-08-01 00:00:00+00:00,KZT,0.167422,RUB_per_KZT
2026-08-01,2026-08-01 00:00:00+00:00,USD,79.4637,RUB_per_USD
2026-08-04,2026-08-04 00:00:00+00:00,CNY,11.8342,RUB_per_CNY
2026-08-04,2026-08-04 00:00:00+00:00,KZT,0.169068,RUB_per_KZT
2026-08-04,2026-08-04 00:00:00+00:00,USD,80.0687,RUB_per_USD
2026-08-05,2026-08-05 00:00:00+00:00,CNY,11.9677,RUB_per_CNY
2026-08-05,2026-08-05 00:00:00+00:00,KZT,0.1706619999999999,RUB_per_KZT
2026-08-05,2026-08-05 00:00:00+00:00,USD,81.1291,RUB_per_USD
2026-08-06,2026-08-06 00:00:00+00:00,CNY,11.9684,RUB_per_CNY
2026-08-06,2026-08-06 00:00:00+00:00,KZT,0.1714679999999999,RUB_per_KZT
2026-08-06,2026-08-06 00:00:00+00:00,USD,80.9293,RUB_per_USD
2026-08-07,2026-08-07 00:00:00+00:00,CNY,12.0637,RUB_per_CNY
2026-08-07,2026-08-07 00:00:00+00:00,KZT,0.173263,RUB_per_KZT
2026-08-07,2026-08-07 00:00:00+00:00,USD,81.4077,RUB_per_USD
2026-08-08,2026-08-08 00:00:00+00:00,CNY,12.1655,RUB_per_CNY
2026-08-08,2026-08-08 00:00:00+00:00,KZT,0.175765,RUB_per_KZT
2026-08-08,2026-08-08 00:00:00+00:00,USD,82.1665,RUB_per_USD
2026-08-11,2026-08-11 00:00:00+00:00,CNY,12.2546,RUB_per_CNY
2026-08-11,2026-08-11 00:00:00+00:00,KZT,0.175784,RUB_per_KZT
2026-08-11,2026-08-11 00:00:00+00:00,USD,82.606,RUB_per_USD
2026-08-12,2026-08-12 00:00:00+00:00,CNY,12.1819,RUB_per_CNY
2026-08-12,2026-08-12 00:00:00+00:00,KZT,0.176738,RUB_per_KZT
2026-08-12,2026-08-12 00:00:00+00:00,USD,82.3742,RUB_per_USD
2026-08-13,2026-08-13 00:00:00+00:00,CNY,12.278,RUB_per_CNY
2026-08-13,2026-08-13 00:00:00+00:00,KZT,0.1782059999999999,RUB_per_KZT
2026-08-13,2026-08-13 00:00:00+00:00,USD,82.9977,RUB_per_USD
2026-08-14,2026-08-14 00:00:00+00:00,CNY,12.4175,RUB_per_CNY
2026-08-14,2026-08-14 00:00:00+00:00,KZT,0.180154,RUB_per_KZT
2026-08-14,2026-08-14 00:00:00+00:00,USD,83.8058,RUB_per_USD
2026-08-15,2026-08-15 00:00:00+00:00,CNY,12.4789,RUB_per_CNY
2026-08-15,2026-08-15 00:00:00+00:00,KZT,0.181743,RUB_per_KZT
2026-08-15,2026-08-15 00:00:00+00:00,USD,84.5449,RUB_per_USD
2026-08-18,2026-08-18 00:00:00+00:00,CNY,12.6275,RUB_per_CNY
2026-08-18,2026-08-18 00:00:00+00:00,KZT,0.183211,RUB_per_KZT
2026-08-18,2026-08-18 00:00:00+00:00,USD,85.0136,RUB_per_USD
2026-08-19,2026-08-19 00:00:00+00:00,CNY,12.624,RUB_per_CNY
2026-08-19,2026-08-19 00:00:00+00:00,KZT,0.184582,RUB_per_KZT
2026-08-19,2026-08-19 00:00:00+00:00,USD,85.1645,RUB_per_USD
2026-08-20,2026-08-20 00:00:00+00:00,CNY,12.6301,RUB_per_CNY
2026-08-20,2026-08-20 00:00:00+00:00,KZT,0.185011,RUB_per_KZT
2026-08-20,2026-08-20 00:00:00+00:00,USD,85.1293,RUB_per_USD
2026-08-21,2026-08-21 00:00:00+00:00,CNY,12.4057,RUB_per_CNY
2026-08-21,2026-08-21 00:00:00+00:00,KZT,0.180336,RUB_per_KZT
2026-08-21,2026-08-21 00:00:00+00:00,USD,83.355,RUB_per_USD
2026-08-22,2026-08-22 00:00:00+00:00,CNY,12.3343,RUB_per_CNY
2026-08-22,2026-08-22 00:00:00+00:00,KZT,0.18096,RUB_per_KZT
2026-08-22,2026-08-22 00:00:00+00:00,USD,82.9211,RUB_per_USD
2026-08-25,2026-08-25 00:00:00+00:00,CNY,12.3853,RUB_per_CNY
2026-08-25,2026-08-25 00:00:00+00:00,KZT,0.182297,RUB_per_KZT
2026-08-25,2026-08-25 00:00:00+00:00,USD,83.2878,RUB_per_USD
2026-08-26,2026-08-26 00:00:00+00:00,CNY,12.5659,RUB_per_CNY
2026-08-26,2026-08-26 00:00:00+00:00,KZT,0.184422,RUB_per_KZT
2026-08-26,2026-08-26 00:00:00+00:00,USD,84.4635,RUB_per_USD
2026-08-27,2026-08-27 00:00:00+00:00,CNY,12.5294,RUB_per_CNY
2026-08-27,2026-08-27 00:00:00+00:00,KZT,0.183829,RUB_per_KZT
2026-08-27,2026-08-27 00:00:00+00:00,USD,84.282,RUB_per_USD
2026-08-28,2026-08-28 00:00:00+00:00,CNY,12.7691,RUB_per_CNY
2026-08-28,2026-08-28 00:00:00+00:00,KZT,0.187317,RUB_per_KZT
2026-08-28,2026-08-28 00:00:00+00:00,USD,85.9541,RUB_per_USD
2026-08-29,2026-08-29 00:00:00+00:00,CNY,12.7335,RUB_per_CNY
2026-08-29,2026-08-29 00:00:00+00:00,KZT,0.185163,RUB_per_KZT
2026-08-29,2026-08-29 00:00:00+00:00,USD,85.6007,RUB_per_USD
2026-09-01,2026-09-01 00:00:00+00:00,CNY,12.858,RUB_per_CNY
2026-09-01,2026-09-01 00:00:00+00:00,KZT,0.185854,RUB_per_KZT
2026-09-01,2026-09-01 00:00:00+00:00,USD,86.3793,RUB_per_USD
2026-09-02,2026-09-02 00:00:00+00:00,CNY,12.897,RUB_per_CNY
2026-09-02,2026-09-02 00:00:00+00:00,KZT,0.187651,RUB_per_KZT
2026-09-02,2026-09-02 00:00:00+00:00,USD,86.753,RUB_per_USD
2026-09-03,2026-09-03 00:00:00+00:00,CNY,12.9217,RUB_per_CNY
2026-09-03,2026-09-03 00:00:00+00:00,KZT,0.189762,RUB_per_KZT
2026-09-03,2026-09-03 00:00:00+00:00,USD,86.9963,RUB_per_USD
