date,moex_is_fresh,cbr_rate,cbr_age_days,cbr_is_fresh,nbk_rate,nbk_age_days,nbk_is_fresh,weekday,week_of_month,month,is_month_end,is_ru_weekend,is_kz_weekend,is_ru_holiday,is_kz_holiday,days_since_ru_holiday,days_to_ru_holiday,days_since_kz_holiday,days_to_kz_holiday
2020-09-03,1,0.17632,0,1,,,0,3,1,9,0,0,0,0,0,30,30,3,30
2020-09-04,1,0.179284,0,1,,,0,4,1,9,0,0,0,0,0,30,30,4,30
2020-09-05,0,0.17860600000000001,0,1,,,0,5,1,9,0,1,1,0,0,30,30,5,30
2020-09-06,0,0.17860600000000001,1,0,,,0,6,1,9,0,1,1,0,0,30,30,6,30
2020-09-07,0,0.17860600000000001,2,0,,,0,0,1,9,0,0,0,0,0,30,30,7,30
2020-09-08,1,0.178538,0,1,,,0,1,2,9,0,0,0,0,0,30,30,8,30
2020-09-09,0,0.178997,0,1,,,0,2,2,9,0,0,0,0,0,30,30,9,30
2020-09-10,1,0.177762,0,1,,,0,3,2,9,0,0,0,0,0,30,30,10,30
2020-09-11,1,0.176842,0,1,,,0,4,2,9,0,0,0,0,0,30,30,11,30
2020-09-12,0,0.175287,0,1,,,0,5,2,9,0,1,1,0,0,30,30,12,30
2020-09-13,0,0.175287,1,0,,,0,6,2,9,0,1,1,0,0,30,30,13,30
2020-09-14,1,0.175287,2,0,,,0,0,2,9,0,0,0,0,0,30,30,14,30
2020-09-15,1,0.175062,0,1,,,0,1,3,9,0,0,0,0,0,30,30,15,30
2020-09-16,0,0.176048,0,1,,,0,2,3,9,0,0,0,0,0,30,30,16,30
2020-09-17,1,0.176263,0,1,,,0,3,3,9,0,0,0,0,0,30,30,17,30
2020-09-18,0,0.17736999999999997,0,1,,,0,4,3,9,0,0,0,0,0,30,30,18,30
2020-09-19,0,0.178291,0,1,,,0,5,3,9,0,1,1,0,0,30,30,19,30
2020-09-20,0,0.178291,1,0,,,0,6,3,9,0,1,1,0,0,30,30,20,30
2020-09-21,1,0.178291,2,0,,,0,0,3,9,0,0,0,0,0,30,30,21,30
2020-09-22,1,0.180147,0,1,,,0,1,4,9,0,0,0,0,0,30,30,22,30
2020-09-23,0,0.179846,0,1,,,0,2,4,9,0,0,0,0,0,30,30,23,30
2020-09-24,0,0.179472,0,1,,,0,3,4,9,0,0,0,0,0,30,30,24,30
2020-09-25,1,0.18066400000000002,0,1,,,0,4,4,9,0,0,0,0,0,30,30,25,30
2020-09-26,0,0.179973,0,1,,,0,5,4,9,0,1,1,0,0,30,30,26,29
2020-09-27,0,0.179973,1,0,,,0,6,4,9,0,1,1,0,0,30,30,27,28
2020-09-28,1,0.179973,2,0,,,0,0,4,9,1,0,0,0,0,30,30,28,27
2020-09-29,1,0.18276900000000001,0,1,,,0,1,5,9,1,0,0,0,0,30,30,29,26
2020-09-30,1,0.184609,0,1,,,0,2,5,9,1,0,0,0,0,30,30,30,25
2020-10-01,1,0.18199500000000002,0,1,,,0,3,1,10,0,0,0,0,0,30,30,30,24
2020-10-02,1,0.179803,0,1,,,0,4,1,10,0,0,0,0,0,30,30,30,23
2020-10-03,0,0.180435,0,1,,,0,5,1,10,0,1,1,0,0,30,30,30,22
2020-10-04,0,0.180435,1,0,,,0,6,1,10,0,1,1,0,0,30,30,30,21
2020-10-05,1,0.180435,2,0,,,0,0,1,10,0,0,0,0,0,30,30,30,20
2020-10-06,1,0.18087499999999998,0,1,,,0,1,1,10,0,0,0,0,0,30,29,30,19
2020-10-07,0,0.18246300000000001,0,1,,,0,2,1,10,0,0,0,0,0,30,28,30,18
2020-10-08,1,0.182058,0,1,,,0,3,2,10,0,0,0,0,0,30,27,30,17
2020-10-09,0,0.181817,0,1,,,0,4,2,10,0,0,0,0,0,30,26,30,16
2020-10-10,0,0.180209,0,1,,,0,5,2,10,0,1,1,0,0,30,25,30,15
2020-10-11,0,0.180209,1,0,,,0,6,2,10,0,1,1,0,0,30,24,30,14
2020-10-12,0,0.180209,2,0,,,0,0,2,10,0,0,0,0,0,30,23,30,13
2020-10-13,1,0.179946,0,1,,,0,1,2,10,0,0,0,0,0,30,22,30,12
2020-10-14,1,0.180052,0,1,,,0,2,2,10,0,0,0,0,0,30,21,30,11
2020-10-15,0,0.17998799999999998,0,1,,,0,3,3,10,0,0,0,0,0,30,20,30,10
2020-10-16,0,0.181824,0,1,,,0,4,3,10,0,0,0,0,0,30,19,30,9
2020-10-17,0,0.181697,0,1,,,0,5,3,10,0,1,1,0,0,30,18,30,8
2020-10-18,0,0.181697,1,0,,,0,6,3,10,0,1,1,0,0,30,17,30,7
2020-10-19,1,0.181697,2,0,,,0,0,3,10,0,0,0,0,0,30,16,30,6
2020-10-20,1,0.18187899999999999,0,1,,,0,1,3,10,0,0,0,0,0,30,15,30,5
2020-10-21,0,0.18134699999999998,0,1,,,0,2,3,10,0,0,0,0,0,30,14,30,4
2020-10-22,1,0.18000699999999997,0,1,,,0,3,4,10,0,0,0,0,0,30,13,30,3
2020-10-23,1,0.17986899999999997,0,1,,,0,4,4,10,0,0,0,0,0,30,12,30,2
2020-10-24,0,0.178832,0,1,,,0,5,4,10,0,1,1,0,0,30,11,30,1
2020-10-25,0,0.178832,1,0,,,0,6,4,10,0,1,1,0,1,30,10,0,0
2020-10-26,0,0.178832,2,0,,,0,0,4,10,0,0,0,0,1,30,9,0,0
2020-10-27,1,0.177844,0,1,,,0,1,4,10,0,0,0,0,0,30,8,1,30
2020-10-28,1,0.17787,0,1,,,0,2,4,10,0,0,0,0,0,30,7,2,30
2020-10-29,0,0.17995999999999998,0,1,,,0,3,5,10,1,0,0,0,0,30,6,3,30
2020-10-30,1,0.182276,0,1,,,0,4,5,10,1,0,0,0,0,30,5,4,30
2020-10-31,0,0.183154,0,1,,,0,5,5,10,1,1,1,0,0,30,4,5,30
2020-11-01,0,0.183154,1,0,,,0,6,1,11,0,1,1,0,0,30,3,6,30
2020-11-02,1,0.183154,2,0,,,0,0,1,11,0,0,0,0,0,30,2,7,30
2020-11-03,1,0.184892,0,1,,,0,1,1,11,0,0,0,0,0,30,1,8,30
2020-11-04,0,0.184591,0,1,,,0,2,1,11,0,0,0,1,0,0,0,9,30
2020-11-05,1,0.184591,1,0,,,0,3,1,11,0,0,0,0,0,1,30,10,30
2020-11-06,0,0.18134,0,1,,,0,4,1,11,0,0,0,0,0,2,30,11,30
2020-11-07,0,0.178491,0,1,,,0,5,1,11,0,1,1,0,0,3,30,12,30
2020-11-08,0,0.178491,1,0,,,0,6,2,11,0,1,1,0,0,4,30,13,30
2020-11-09,1,0.178491,2,0,,,0,0,2,11,0,0,0,0,0,5,30,14,30
2020-11-10,0,0.178587,0,1,,,0,1,2,11,0,0,0,0,0,6,30,15,30
2020-11-11,1,0.178067,0,1,,,0,2,2,11,0,0,0,0,0,7,30,16,30
2020-11-12,1,0.178351,0,1,,,0,3,2,11,0,0,0,0,0,8,30,17,30
2020-11-13,0,0.17961200000000002,0,1,,,0,4,2,11,0,0,0,0,0,9,30,18,30
2020-11-14,0,0.17974900000000002,0,1,,,0,5,2,11,0,1,1,0,0,10,30,19,30
2020-11-15,0,0.17974900000000002,1,0,,,0,6,3,11,0,1,1,0,0,11,30,20,30
2020-11-16,1,0.17974900000000002,2,0,,,0,0,3,11,0,0,0,0,0,12,30,21,30
2020-11-17,1,0.179116,0,1,,,0,1,3,11,0,0,0,0,0,13,30,22,29
2020-11-18,0,0.177874,0,1,,,0,2,3,11,0,0,0,0,0,14,30,23,28
2020-11-19,1,0.17750699999999997,0,1,,,0,3,3,11,0,0,0,0,0,15,30,24,27
2020-11-20,1,0.17802199999999999,0,1,,,0,4,3,11,0,0,0,0,0,16,30,25,26
2020-11-21,0,0.177499,0,1,,,0,5,3,11,0,1,1,0,0,17,30,26,25
2020-11-22,0,0.177499,1,0,,,0,6,4,11,0,1,1,0,0,18,30,27,24
2020-11-23,1,0.177499,2,0,,,0,0,4,11,0,0,0,0,0,19,30,28,23
2020-11-24,0,0.178242,0,1,,,0,1,4,11,0,0,0,0,0,20,30,29,22
2020-11-25,1,0.17856000000000002,0,1,,,0,2,4,11,0,0,0,0,0,21,30,30,21
2020-11-26,1,0.178427,0,1,,,0,3,4,11,0,0,0,0,0,22,30,30,20
2020-11-27,1,0.17831399999999997,0,1,,,0,4,4,11,0,0,0,0,0,23,30,30,19
2020-11-28,0,0.178898,0,1,,,0,5,4,11,1,1,1,0,0,24,30,30,18
2020-11-29,0,0.178898,1,0,,,0,6,5,11,1,1,1,0,0,25,30,30,17
2020-11-30,0,0.178898,2,0,,,0,0,5,11,1,0,0,0,0,26,30,30,16
2020-12-01,1,0.179066,0,1,,,0,1,1,12,0,0,0,0,0,27,30,30,15
2020-12-02,0,0.179286,0,1,,,0,2,1,12,0,0,0,0,0,28,30,30,14
2020-12-03,1,0.177755,0,1,,,0,3,1,12,0,0,0,0,0,29,29,30,13
2020-12-04,0,0.17780200000000002,0,1,,,0,4,1,12,0,0,0,0,0,30,28,30,12
2020-12-05,0,0.17633500000000002,0,1,,,0,5,1,12,0,1,1,0,0,30,27,30,11
2020-12-06,0,0.17633500000000002,1,0,,,0,6,1,12,0,1,1,0,0,30,26,30,10
2020-12-07,1,0.17633500000000002,2,0,,,0,0,1,12,0,0,0,0,0,30,25,30,9
2020-12-08,0,0.17599499999999998,0,1,,,0,1,2,12,0,0,0,0,0,30,24,30,8
2020-12-09,1,0.17493099999999998,0,1,,,0,2,2,12,0,0,0,0,0,30,23,30,7
2020-12-10,1,0.174521,0,1,,,0,3,2,12,0,0,0,0,0,30,22,30,6
2020-12-11,0,0.175322,0,1,,,0,4,2,12,0,0,0,0,0,30,21,30,5
2020-12-12,0,0.174472,0,1,,,0,5,2,12,0,1,1,0,0,30,20,30,4
2020-12-13,0,0.174472,1,0,,,0,6,2,12,0,1,1,0,0,30,19,30,3
2020-12-14,1,0.174472,2,0,,,0,0,2,12,0,0,0,0,0,30,18,30,2
2020-12-15,0,0.174209,0,1,,,0,1,3,12,0,0,0,0,0,30,17,30,1
2020-12-16,1,0.174832,0,1,,,0,2,3,12,0,0,0,0,1,30,16,0,0
2020-12-17,0,0.17491800000000002,0,1,,,0,3,3,12,0,0,0,0,0,30,15,1,15
2020-12-18,1,0.17386500000000002,0,1,,,0,4,3,12,0,0,0,0,0,30,14,2,14
2020-12-19,0,0.174669,0,1,,,0,5,3,12,0,1,1,0,0,30,13,3,13
2020-12-20,0,0.174669,1,0,,,0,6,3,12,0,1,1,0,0,30,12,4,12
2020-12-21,1,0.174669,2,0,,,0,0,3,12,0,0,0,0,0,30,11,5,11
2020-12-22,0,0.17762599999999998,0,1,,,0,1,4,12,0,0,0,0,0,30,10,6,10
2020-12-23,1,0.179089,0,1,,,0,2,4,12,0,0,0,0,0,30,9,7,9
2020-12-24,1,0.179088,0,1,,,0,3,4,12,0,0,0,0,0,30,8,8,8
2020-12-25,1,0.178341,0,1,,,0,4,4,12,0,0,0,0,0,30,7,9,7
2020-12-26,0,0.17562899999999998,0,1,,,0,5,4,12,0,1,1,0,0,30,6,10,6
2020-12-27,0,0.17562899999999998,1,0,,,0,6,4,12,0,1,1,0,0,30,5,11,5
2020-12-28,1,0.17562899999999998,2,0,,,0,0,4,12,0,0,0,0,0,30,4,12,4
2020-12-29,1,0.175397,0,1,,,0,1,5,12,1,0,0,0,0,30,3,13,3
2020-12-30,1,0.175148,0,1,,,0,2,5,12,1,0,0,0,0,30,2,14,2
2020-12-31,0,0.17548100000000003,0,1,,,0,3,5,12,1,0,0,0,0,30,1,15,1
2021-01-01,0,0.17525200000000002,0,1,,,0,4,1,1,0,0,0,1,1,0,0,0,0
2021-01-02,0,0.17525200000000002,1,0,,,0,5,1,1,0,1,1,1,1,0,0,0,0
2021-01-03,0,0.17525200000000002,2,0,,,0,6,1,1,0,1,1,1,0,0,0,1,1
2021-01-04,0,0.17525200000000002,3,0,,,0,0,1,1,0,0,0,1,1,0,0,0,0
2021-01-05,0,0.17525200000000002,4,0,,,0,1,1,1,0,0,0,1,0,0,0,1,2
2021-01-06,0,0.17525200000000002,5,0,,,0,2,1,1,0,0,0,1,0,0,0,2,1
2021-01-07,0,0.17525200000000002,6,0,,,0,3,1,1,0,0,0,1,1,0,0,0,0
2021-01-08,0,0.17525200000000002,7,0,,,0,4,2,1,0,0,0,1,0,0,0,1,30
2021-01-09,0,0.17525200000000002,8,0,,,0,5,2,1,0,1,1,0,0,1,30,2,30
2021-01-10,0,0.17525200000000002,9,0,,,0,6,2,1,0,1,1,0,0,2,30,3,30
2021-01-11,0,0.17525200000000002,10,0,,,0,0,2,1,0,0,0,0,0,3,30,4,30
2021-01-12,0,0.17750699999999997,0,1,,,0,1,2,1,0,0,0,0,0,4,30,5,30
2021-01-13,1,0.176535,0,1,,,0,2,2,1,0,0,0,0,0,5,30,6,30
2021-01-14,1,0.175443,0,1,,,0,3,2,1,0,0,0,0,0,6,30,7,30
2021-01-15,1,0.17568799999999998,0,1,,,0,4,3,1,0,0,0,0,0,7,30,8,30
2021-01-16,0,0.175321,0,1,,,0,5,3,1,0,1,1,0,0,8,30,9,30
2021-01-17,0,0.175321,1,0,,,0,6,3,1,0,1,1,0,0,9,30,10,30
2021-01-18,1,0.175321,2,0,,,0,0,3,1,0,0,0,0,0,10,30,11,30
2021-01-19,1,0.175839,0,1,,,0,1,3,1,0,0,0,0,0,11,30,12,30
2021-01-20,0,0.17557999999999999,0,1,,,0,2,3,1,0,0,0,0,0,12,30,13,30
2021-01-21,0,0.175272,0,1,,,0,3,3,1,0,0,0,0,0,13,30,14,30
2021-01-22,1,0.175298,0,1,,,0,4,4,1,0,0,0,0,0,14,30,15,30
2021-01-23,0,0.176929,0,1,,,0,5,4,1,0,1,1,0,0,15,30,16,30
2021-01-24,0,0.176929,1,0,,,0,6,4,1,0,1,1,0,0,16,30,17,30
2021-01-25,0,0.176929,2,0,,,0,0,4,1,0,0,0,0,0,17,29,18,30
2021-01-26,1,0.177938,0,1,,,0,1,4,1,0,0,0,0,0,18,28,19,30
2021-01-27,1,0.178981,0,1,,,0,2,4,1,0,0,0,0,0,19,27,20,30
2021-01-28,1,0.177866,0,1,,,0,3,4,1,0,0,0,0,0,20,26,21,30
2021-01-29,0,0.179602,0,1,,,0,4,5,1,1,0,0,0,0,21,25,22,30
2021-01-30,0,0.179782,0,1,,,0,5,5,1,1,1,1,0,0,22,24,23,30
2021-01-31,0,0.179782,1,0,,,0,6,5,1,1,1,1,0,0,23,23,24,30
2021-02-01,0,0.179782,2,0,,,0,0,1,2,0,0,0,0,0,24,22,25,30
2021-02-02,1,0.178083,0,1,,,0,1,1,2,0,0,0,0,0,25,21,26,30
2021-02-03,1,0.17912299999999998,0,1,,,0,2,1,2,0,0,0,0,0,26,20,27,30
2021-02-04,1,0.179587,0,1,,,0,3,1,2,0,0,0,0,0,27,19,28,30
2021-02-05,1,0.17952100000000001,0,1,,,0,4,1,2,0,0,0,0,0,28,18,29,30
2021-02-06,0,0.178754,0,1,,,0,5,1,2,0,1,1,0,0,29,17,30,30
2021-02-07,0,0.178754,1,0,,,0,6,1,2,0,1,1,0,0,30,16,30,29
2021-02-08,1,0.178754,2,0,,,0,0,2,2,0,0,0,0,0,30,15,30,28
2021-02-09,0,0.177342,0,1,,,0,1,2,2,0,0,0,0,0,30,14,30,27
2021-02-10,1,0.177153,0,1,,,0,2,2,2,0,0,0,0,0,30,13,30,26
2021-02-11,0,0.176833,0,1,,,0,3,2,2,0,0,0,0,0,30,12,30,25
2021-02-12,1,0.17656400000000003,0,1,,,0,4,2,2,0,0,0,0,0,30,11,30,24
2021-02-13,0,0.176362,0,1,,,0,5,2,2,0,1,1,0,0,30,10,30,23
2021-02-14,0,0.176362,1,0,,,0,6,2,2,0,1,1,0,0,30,9,30,22
2021-02-15,1,0.176362,2,0,,,0,0,3,2,0,0,0,0,0,30,8,30,21
2021-02-16,1,0.17580600000000002,0,1,,,0,1,3,2,0,0,0,0,0,30,7,30,20
2021-02-17,1,0.17588499999999999,0,1,,,0,2,3,2,0,0,0,0,0,30,6,30,19
2021-02-18,0,0.176924,0,1,,,0,3,3,2,0,0,0,0,0,30,5,30,18
2021-02-19,1,0.17724299999999998,0,1,,,0,4,3,2,0,0,0,0,0,30,4,30,17
2021-02-20,0,0.177034,0,1,,,0,5,3,2,0,1,1,0,0,30,3,30,16
2021-02-21,0,0.177231,0,1,,,0,6,3,2,0,1,1,0,0,30,2,30,15
2021-02-22,0,0.177231,1,0,,,0,0,4,2,0,0,0,0,0,30,1,30,14
2021-02-23,0,0.177231,2,0,,,0,1,4,2,0,0,0,1,0,0,0,30,13
2021-02-24,1,0.177231,3,0,,,0,2,4,2,0,0,0,0,0,1,12,30,12
2021-02-25,0,0.17746800000000001,0,1,,,0,3,4,2,0,0,0,0,0,2,11,30,11
2021-02-26,1,0.17705400000000002,0,1,,,0,4,4,2,1,0,0,0,0,3,10,30,10
2021-02-27,0,0.17825500000000002,0,1,,,0,5,4,2,1,1,1,0,0,4,9,30,9
2021-02-28,0,0.17825500000000002,1,0,,,0,6,4,2,1,1,1,0,0,5,8,30,8
2021-03-01,1,0.17825500000000002,2,0,,,0,0,1,3,0,0,0,0,0,6,7,30,7
2021-03-02,1,0.17701799999999998,0,1,,,0,1,1,3,0,0,0,0,0,7,6,30,6
2021-03-03,1,0.177122,0,1,,,0,2,1,3,0,0,0,0,0,8,5,30,5
2021-03-04,0,0.17521599999999998,0,1,,,0,3,1,3,0,0,0,0,0,9,4,30,4
2021-03-05,0,0.175854,0,1,,,0,4,1,3,0,0,0,0,0,10,3,30,3
2021-03-06,0,0.17706499999999997,0,1,,,0,5,1,3,0,1,1,0,0,11,2,30,2
2021-03-07,0,0.17706499999999997,1,0,,,0,6,1,3,0,1,1,0,0,12,1,30,1
2021-03-08,0,0.17706499999999997,2,0,,,0,0,2,3,0,0,0,1,1,0,0,0,0
2021-03-09,1,0.17706499999999997,3,0,,,0,1,2,3,0,0,0,0,0,1,30,1,12
2021-03-10,0,0.17690799999999998,0,1,,,0,2,2,3,0,0,0,0,0,2,30,2,11
2021-03-11,1,0.176016,0,1,,,0,3,2,3,0,0,0,0,0,3,30,3,10
2021-03-12,1,0.175375,0,1,,,0,4,2,3,0,0,0,0,0,4,30,4,9
2021-03-13,0,0.175378,0,1,,,0,5,2,3,0,1,1,0,0,5,30,5,8
2021-03-14,0,0.175378,1,0,,,0,6,2,3,0,1,1,0,0,6,30,6,7
2021-03-15,1,0.175378,2,0,,,0,0,3,3,0,0,0,0,0,7,30,7,6
2021-03-16,1,0.174756,0,1,,,0,1,3,3,0,0,0,0,0,8,30,8,5
2021-03-17,0,0.17415400000000003,0,1,,,0,2,3,3,0,0,0,0,0,9,30,9,4
2021-03-18,1,0.174543,0,1,,,0,3,3,3,0,0,0,0,0,10,30,10,3
2021-03-19,1,0.175753,0,1,,,0,4,3,3,0,0,0,0,0,11,30,11,2
2021-03-20,0,0.175998,0,1,,,0,5,3,3,0,1,1,0,0,12,30,12,1
2021-03-21,0,0.175998,1,0,,,0,6,3,3,0,1,1,0,1,13,30,0,0
2021-03-22,0,0.175998,2,0,,,0,0,4,3,0,0,0,0,1,14,30,0,0
2021-03-23,0,0.17721699999999999,0,1,,,0,1,4,3,0,0,0,0,1,15,30,0,0
2021-03-24,1,0.178999,0,1,,,0,2,4,3,0,0,0,0,0,16,30,1,30
2021-03-25,1,0.180887,0,1,,,0,3,4,3,0,0,0,0,0,17,30,2,30
2021-03-26,0,0.179739,0,1,,,0,4,4,3,0,0,0,0,0,18,30,3,30
2021-03-27,0,0.178629,0,1,,,0,5,4,3,0,1,1,0,0,19,30,4,30
2021-03-28,0,0.178629,1,0,,,0,6,4,3,0,1,1,0,0,20,30,5,30
2021-03-29,0,0.178629,2,0,,,0,0,5,3,1,0,0,0,0,21,30,6,30
2021-03-30,1,0.17877600000000002,0,1,,,0,1,5,3,1,0,0,0,0,22,30,7,30
2021-03-31,0,0.17826799999999998,0,1,,,0,2,5,3,1,0,0,0,0,23,30,8,30
2021-04-01,0,0.17780100000000001,0,1,,,0,3,1,4,0,0,0,0,0,24,30,9,30
2021-04-02,1,0.177325,0,1,,,0,4,1,4,0,0,0,0,0,25,29,10,29
2021-04-03,0,0.17817699999999997,0,1,,,0,5,1,4,0,1,1,0,0,26,28,11,28
2021-04-04,0,0.17817699999999997,1,0,,,0,6,1,4,0,1,1,0,0,27,27,12,27
2021-04-05,1,0.17817699999999997,2,0,,,0,0,1,4,0,0,0,0,0,28,26,13,26
2021-04-06,1,0.178982,0,1,,,0,1,1,4,0,0,0,0,0,29,25,14,25
2021-04-07,1,0.17781199999999997,0,1,,,0,2,1,4,0,0,0,0,0,30,24,15,24
2021-04-08,1,0.179758,0,1,,,0,3,2,4,0,0,0,0,0,30,23,16,23
2021-04-09,0,0.177835,0,1,,,0,4,2,4,0,0,0,0,0,30,22,17,22
2021-04-10,0,0.178025,0,1,,,0,5,2,4,0,1,1,0,0,30,21,18,21
2021-04-11,0,0.178025,1,0,,,0,6,2,4,0,1,1,0,0,30,20,19,20
2021-04-12,1,0.178025,2,0,,,0,0,2,4,0,0,0,0,0,30,19,20,19
2021-04-13,0,0.178737,0,1,,,0,1,2,4,0,0,0,0,0,30,18,21,18
2021-04-14,0,0.17816600000000002,0,1,,,0,2,2,4,0,0,0,0,0,30,17,22,17
2021-04-15,1,0.17573799999999998,0,1,,,0,3,3,4,0,0,0,0,0,30,16,23,16
2021-04-16,0,0.178318,0,1,,,0,4,3,4,0,0,0,0,0,30,15,24,15
2021-04-17,0,0.175683,0,1,,,0,5,3,4,0,1,1,0,0,30,14,25,14
2021-04-18,0,0.175683,1,0,,,0,6,3,4,0,1,1,0,0,30,13,26,13
2021-04-19,0,0.175683,2,0,,,0,0,3,4,0,0,0,0,0,30,12,27,12
2021-04-20,0,0.176828,0,1,,,0,1,3,4,0,0,0,0,0,30,11,28,11
2021-04-21,0,0.176717,0,1,,,0,2,3,4,0,0,0,0,0,30,10,29,10
2021-04-22,1,0.17761600000000002,0,1,,,0,3,4,4,0,0,0,0,0,30,9,30,9
2021-04-23,0,0.176716,0,1,,,0,4,4,4,0,0,0,0,0,30,8,30,8
2021-04-24,0,0.174361,0,1,,,0,5,4,4,0,1,1,0,0,30,7,30,7
2021-04-25,0,0.174361,1,0,,,0,6,4,4,0,1,1,0,0,30,6,30,6
2021-04-26,1,0.174361,2,0,,,0,0,4,4,0,0,0,0,0,30,5,30,5
2021-04-27,0,0.173816,0,1,,,0,1,4,4,0,0,0,0,0,30,4,30,4
2021-04-28,1,0.174521,0,1,,,0,2,4,4,1,0,0,0,0,30,3,30,3
2021-04-29,1,0.17441700000000002,0,1,,,0,3,5,4,1,0,0,0,0,30,2,30,2
2021-04-30,0,0.173809,0,1,,,0,4,5,4,1,0,0,0,0,30,1,30,1
2021-05-01,0,0.174178,0,1,,,0,5,1,5,0,1,1,1,1,0,0,0,0
2021-05-02,0,0.174178,1,0,,,0,6,1,5,0,1,1,0,0,1,1,1,1
2021-05-03,0,0.174178,2,0,,,0,0,1,5,0,0,0,1,1,0,0,0,0
2021-05-04,0,0.174178,3,0,,,0,1,1,5,0,0,0,0,0,1,5,1,3
2021-05-05,0,0.17546199999999998,0,1,,,0,2,1,5,0,0,0,0,0,2,4,2,2
2021-05-06,1,0.17542100000000002,0,1,,,0,3,1,5,0,0,0,0,0,3,3,3,1
2021-05-07,0,0.174836,0,1,0.1890359168241966,0,1,4,1,5,0,0,0,0,1,4,2,0,0
2021-05-08,0,0.173784,0,1,0.17482517482517484,0,1,5,2,5,0,1,1,0,0,5,1,1,1
2021-05-09,0,0.173784,1,0,0.17482517482517484,0,1,6,2,5,0,1,1,1,1,0,0,0,0
2021-05-10,0,0.173784,2,0,0.17482517482517484,0,1,0,2,5,0,0,0,1,1,0,0,0,0
2021-05-11,1,0.173784,3,0,0.17482517482517484,0,1,1,2,5,0,0,0,0,0,1,30,1,30
2021-05-12,0,0.17352499999999998,0,1,0.17301038062283736,0,1,2,2,5,0,0,0,0,0,2,30,2,30
2021-05-13,1,0.17373999999999998,0,1,0.17421602787456444,0,1,3,2,5,0,0,0,0,0,3,30,3,30
2021-05-14,1,0.173708,0,1,0.17391304347826086,0,1,4,2,5,0,0,0,0,0,4,29,4,30
2021-05-15,0,0.172626,0,1,0.17271157167530224,0,1,5,3,5,0,1,1,0,0,5,28,5,30
2021-05-16,0,0.172626,1,0,0.17271157167530224,0,1,6,3,5,0,1,1,0,0,6,27,6,30
2021-05-17,1,0.172626,2,0,0.17271157167530224,0,1,0,3,5,0,0,0,0,0,7,26,7,30
2021-05-18,0,0.172614,0,1,0.17301038062283736,0,1,1,3,5,0,0,0,0,0,8,25,8,30
2021-05-19,0,0.17300100000000002,0,1,0.17301038062283736,0,1,2,3,5,0,0,0,0,0,9,24,9,30
2021-05-20,1,0.172162,0,1,0.1724137931034483,0,1,3,3,5,0,0,0,0,0,10,23,10,30
2021-05-21,1,0.171581,0,1,0.17152658662092624,0,1,4,3,5,0,0,0,0,0,11,22,11,30
2021-05-22,0,0.17153400000000002,0,1,0.17123287671232876,0,1,5,4,5,0,1,1,0,0,12,21,12,30
2021-05-23,0,0.17153400000000002,1,0,0.17123287671232876,0,1,6,4,5,0,1,1,0,0,13,20,13,30
2021-05-24,1,0.17153400000000002,2,0,0.17123287671232876,0,1,0,4,5,0,0,0,0,0,14,19,14,30
2021-05-25,1,0.17180900000000002,0,1,0.17211703958691912,0,1,1,4,5,0,0,0,0,0,15,18,15,30
2021-05-26,1,0.171967,0,1,0.17211703958691912,0,1,2,4,5,0,0,0,0,0,16,17,16,30
2021-05-27,0,0.171746,0,1,0.17211703958691912,0,1,3,4,5,0,0,0,0,0,17,16,17,30
2021-05-28,0,0.17128900000000002,0,1,0.17152658662092624,0,1,4,4,5,0,0,0,0,0,18,15,18,30
2021-05-29,0,0.17167000000000002,0,1,0.1718213058419244,0,1,5,5,5,1,1,1,0,0,19,14,19,30
2021-05-30,0,0.17167000000000002,1,0,0.1718213058419244,0,1,6,5,5,1,1,1,0,0,20,13,20,30
2021-05-31,1,0.17167000000000002,2,0,0.1718213058419244,0,1,0,5,5,1,0,0,0,0,21,12,21,30
2021-06-01,1,0.170912,0,1,0.17123287671232876,0,1,1,1,6,0,0,0,0,0,22,11,22,30
2021-06-02,1,0.17124199999999998,0,1,0.1718213058419244,0,1,2,1,6,0,0,0,0,0,23,10,23,30
2021-06-03,1,0.171562,0,1,0.1718213058419244,0,1,3,1,6,0,0,0,0,0,24,9,24,30
2021-06-04,0,0.17105499999999998,0,1,0.17094017094017094,0,1,4,1,6,0,0,0,0,0,25,8,25,30
2021-06-05,0,0.171039,0,1,0.17094017094017094,0,1,5,1,6,0,1,1,0,0,26,7,26,30
2021-06-06,0,0.171039,1,0,0.17094017094017094,0,1,6,1,6,0,1,1,0,0,27,6,27,30
2021-06-07,1,0.171039,2,0,0.17094017094017094,0,1,0,1,6,0,0,0,0,0,28,5,28,29
2021-06-08,0,0.17079699999999998,0,1,0.1706484641638225,0,1,1,2,6,0,0,0,0,0,29,4,29,28
2021-06-09,0,0.170175,0,1,0.16977928692699493,0,1,2,2,6,0,0,0,0,0,30,3,30,27
2021-06-10,1,0.168814,0,1,0.1692047377326565,0,1,3,2,6,0,0,0,0,0,30,2,30,26
2021-06-11,1,0.168845,0,1,0.16891891891891891,0,1,4,2,6,0,0,0,0,0,30,1,30,25
2021-06-12,0,0.16778400000000002,0,1,0.16778523489932887,0,1,5,2,6,0,1,1,1,0,0,0,30,24
2021-06-13,0,0.16778400000000002,1,0,0.16778523489932887,0,1,6,2,6,0,1,1,0,0,1,1,30,23
2021-06-14,0,0.16778400000000002,2,0,0.16778523489932887,0,1,0,2,6,0,0,0,1,0,0,0,30,22
2021-06-15,0,0.16778400000000002,3,0,0.1692047377326565,0,1,1,3,6,0,0,0,0,0,1,30,30,21
2021-06-16,1,0.168305,0,1,0.16835016835016833,0,1,2,3,6,0,0,0,0,0,2,30,30,20
2021-06-17,1,0.169052,0,1,0.16891891891891891,0,1,3,3,6,0,0,0,0,0,3,30,30,19
2021-06-18,0,0.16950500000000002,0,1,0.16977928692699493,0,1,4,3,6,0,0,0,0,0,4,30,30,18
2021-06-19,0,0.16852699999999998,0,1,0.16863406408094436,0,1,5,3,6,0,1,1,0,0,5,30,30,17
2021-06-20,0,0.16852699999999998,1,0,0.16863406408094436,0,1,6,3,6,0,1,1,0,0,6,30,30,16
2021-06-21,0,0.16852699999999998,2,0,0.16863406408094436,0,1,0,3,6,0,0,0,0,0,7,30,30,15
2021-06-22,0,0.17102699999999998,0,1,0.17094017094017094,0,1,1,4,6,0,0,0,0,0,8,30,30,14
2021-06-23,0,0.171311,0,1,0.1718213058419244,0,1,2,4,6,0,0,0,0,0,9,30,30,13
2021-06-24,1,0.170003,0,1,0.17006802721088435,0,1,3,4,6,0,0,0,0,0,10,30,30,12
2021-06-25,0,0.168673,0,1,0.1692047377326565,0,1,4,4,6,0,0,0,0,0,11,30,30,11
2021-06-26,0,0.16876000000000002,0,1,0.16891891891891891,0,1,5,4,6,0,1,1,0,0,12,30,30,10
2021-06-27,0,0.16876000000000002,1,0,0.16891891891891891,0,1,6,4,6,0,1,1,0,0,13,30,30,9
2021-06-28,1,0.16876000000000002,2,0,0.16891891891891891,0,1,0,4,6,1,0,0,0,0,14,30,30,8
2021-06-29,1,0.169266,0,1,0.1694915254237288,0,1,1,5,6,1,0,0,0,0,15,30,30,7
2021-06-30,0,0.16889900000000002,0,1,0.1692047377326565,0,1,2,5,6,1,0,0,0,0,16,30,30,6
2021-07-01,0,0.16977799999999998,0,1,0.17094017094017094,0,1,3,1,7,0,0,0,0,0,17,30,30,5
2021-07-02,1,0.17064800000000002,0,1,0.17123287671232876,0,1,4,1,7,0,0,0,0,0,18,30,30,4
2021-07-03,0,0.17224699999999998,0,1,0.17271157167530224,0,1,5,1,7,0,1,1,0,0,19,30,30,3
2021-07-04,0,0.17224699999999998,1,0,0.17211703958691912,0,1,6,1,7,0,1,1,0,0,20,30,30,2
2021-07-05,1,0.17224699999999998,2,0,0.17211703958691912,0,1,0,1,7,0,0,0,0,0,21,30,30,1
2021-07-06,1,0.172029,0,1,0.17211703958691912,0,1,1,1,7,0,0,0,0,1,22,30,0,0
2021-07-07,1,0.171823,0,1,0.17211703958691912,0,1,2,1,7,0,0,0,0,0,23,30,1,30
2021-07-08,0,0.17291399999999998,0,1,0.1733102253032929,0,1,3,2,7,0,0,0,0,0,24,30,2,30
2021-07-09,0,0.17454999999999998,0,1,0.17452006980802792,0,1,4,2,7,0,0,0,0,0,25,30,3,30
2021-07-10,0,0.17342400000000002,0,1,0.17301038062283736,0,1,5,2,7,0,1,1,0,0,26,30,4,30
2021-07-11,0,0.17342400000000002,1,0,0.17301038062283736,0,1,6,2,7,0,1,1,0,0,27,30,5,30
2021-07-12,1,0.17342400000000002,2,0,0.17301038062283736,0,1,0,2,7,0,0,0,0,0,28,30,6,30
2021-07-13,1,0.17410699999999998,0,1,0.17452006980802792,0,1,1,2,7,0,0,0,0,0,29,30,7,30
2021-07-14,1,0.173158,0,1,0.1736111111111111,0,1,2,2,7,0,0,0,0,0,30,30,8,30
2021-07-15,1,0.173512,0,1,0.17421602787456444,0,1,3,3,7,0,0,0,0,0,30,30,9,30
2021-07-16,0,0.17400200000000002,0,1,0.1736111111111111,0,1,4,3,7,0,0,0,0,0,30,30,10,30
2021-07-17,0,0.173712,0,1,0.1736111111111111,0,1,5,3,7,0,1,1,0,0,30,30,11,30
2021-07-18,0,0.173712,1,0,0.1736111111111111,0,1,6,3,7,0,1,1,0,0,30,30,12,30
2021-07-19,0,0.173712,2,0,0.1736111111111111,0,1,0,3,7,0,0,0,0,0,30,30,13,30
2021-07-20,1,0.173647,0,1,0.17452006980802792,0,1,1,3,7,0,0,0,0,0,30,30,14,30
2021-07-21,1,0.173843,0,1,0.17452006980802792,0,1,2,3,7,0,0,0,0,0,30,30,15,30
2021-07-22,0,0.17403500000000002,0,1,0.1733102253032929,0,1,3,4,7,0,0,0,0,0,30,30,16,30
2021-07-23,0,0.172852,0,1,0.1733102253032929,0,1,4,4,7,0,0,0,0,0,30,30,17,30
2021-07-24,0,0.173264,0,1,0.1733102253032929,0,1,5,4,7,0,1,1,0,0,30,30,18,30
2021-07-25,0,0.173264,1,0,0.1733102253032929,0,1,6,4,7,0,1,1,0,0,30,30,19,30
2021-07-26,1,0.173264,2,0,0.1733102253032929,0,1,0,4,7,0,0,0,0,0,30,30,20,30
2021-07-27,1,0.17381900000000003,0,1,0.17452006980802792,0,1,1,4,7,0,0,0,0,0,30,30,21,30
2021-07-28,1,0.173515,0,1,0.17391304347826086,0,1,2,4,7,0,0,0,0,0,30,30,22,30
2021-07-29,1,0.17281300000000002,0,1,0.17301038062283736,0,1,3,5,7,1,0,0,0,0,30,30,23,30
2021-07-30,0,0.172093,0,1,0.1724137931034483,0,1,4,5,7,1,0,0,0,0,30,30,24,30
2021-07-31,0,0.171891,0,1,0.17211703958691912,0,1,5,5,7,1,1,1,0,0,30,30,25,30
2021-08-01,0,0.171891,1,0,0.17211703958691912,0,1,6,1,8,0,1,1,0,0,30,30,26,29
2021-08-02,0,0.171891,2,0,0.17211703958691912,0,1,0,1,8,0,0,0,0,0,30,30,27,28
2021-08-03,1,0.171925,0,1,0.1718213058419244,0,1,1,1,8,0,0,0,0,0,30,30,28,27
2021-08-04,0,0.171747,0,1,0.1718213058419244,0,1,2,1,8,0,0,0,0,0,30,30,29,26
2021-08-05,0,0.171482,0,1,0.1718213058419244,0,1,3,1,8,0,0,0,0,0,30,30,30,25
2021-08-06,1,0.171937,0,1,0.17211703958691912,0,1,4,1,8,0,0,0,0,0,30,30,30,24
2021-08-07,0,0.17225400000000002,0,1,0.1724137931034483,0,1,5,1,8,0,1,1,0,0,30,30,30,23
2021-08-08,0,0.17225400000000002,1,0,0.1724137931034483,0,1,6,2,8,0,1,1,0,0,30,30,30,22
2021-08-09,1,0.17225400000000002,2,0,0.1724137931034483,0,1,0,2,8,0,0,0,0,0,30,30,30,21
2021-08-10,1,0.172291,0,1,0.17211703958691912,0,1,1,2,8,0,0,0,0,0,30,30,30,20
2021-08-11,1,0.17271999999999998,0,1,0.17271157167530224,0,1,2,2,8,0,0,0,0,0,30,30,30,19
2021-08-12,1,0.173597,0,1,0.17391304347826086,0,1,3,2,8,0,0,0,0,0,30,30,30,18
2021-08-13,1,0.17315999999999998,0,1,0.1733102253032929,0,1,4,2,8,0,0,0,0,0,30,30,30,17
2021-08-14,0,0.172774,0,1,0.17271157167530224,0,1,5,2,8,0,1,1,0,0,30,30,30,16
2021-08-15,0,0.172774,1,0,0.17271157167530224,0,1,6,3,8,0,1,1,0,0,30,30,30,15
2021-08-16,1,0.172774,2,0,0.17271157167530224,0,1,0,3,8,0,0,0,0,0,30,30,30,14
2021-08-17,1,0.172403,0,1,0.1724137931034483,0,1,1,3,8,0,0,0,0,0,30,30,30,13
2021-08-18,1,0.172802,0,1,0.17271157167530224,0,1,2,3,8,0,0,0,0,0,30,30,30,12
2021-08-19,1,0.172571,0,1,0.17271157167530224,0,1,3,3,8,0,0,0,0,0,30,30,30,11
2021-08-20,1,0.17357299999999998,0,1,0.1736111111111111,0,1,4,3,8,0,0,0,0,0,30,30,30,10
2021-08-21,0,0.173992,0,1,0.17452006980802792,0,1,5,3,8,0,1,1,0,0,30,30,30,9
2021-08-22,0,0.173992,1,0,0.17452006980802792,0,1,6,4,8,0,1,1,0,0,30,30,30,8
2021-08-23,1,0.173992,2,0,0.17452006980802792,0,1,0,4,8,0,0,0,0,0,30,30,30,7
2021-08-24,0,0.17392600000000003,0,1,0.17391304347826086,0,1,1,4,8,0,0,0,0,0,30,30,30,6
2021-08-25,1,0.17384899999999998,0,1,0.17421602787456444,0,1,2,4,8,0,0,0,0,0,30,30,30,5
2021-08-26,1,0.173125,0,1,0.1736111111111111,0,1,3,4,8,0,0,0,0,0,30,30,30,4
2021-08-27,1,0.173402,0,1,0.17391304347826086,0,1,4,4,8,0,0,0,0,0,30,30,30,3
2021-08-28,0,0.173048,0,1,0.17391304347826086,0,1,5,4,8,0,1,1,0,0,30,30,30,2
2021-08-29,0,0.173048,1,0,0.17391304347826086,0,1,6,5,8,1,1,1,0,0,30,30,30,1
2021-08-30,1,0.173048,2,0,0.17391304347826086,0,1,0,5,8,1,0,0,0,1,30,30,0,0
2021-08-31,1,0.172184,0,1,0.17391304347826086,0,1,1,5,8,1,0,0,0,0,30,30,1,30
2021-09-01,1,0.17175200000000002,0,1,0.17211703958691912,0,1,2,1,9,0,0,0,0,0,30,30,2,30
2021-09-02,1,0.17160699999999998,0,1,0.1718213058419244,0,1,3,1,9,0,0,0,0,0,30,30,3,30
2021-09-03,1,0.17090499999999997,0,1,0.1706484641638225,0,1,4,1,9,0,0,0,0,0,30,30,4,30
2021-09-04,0,0.171239,0,1,0.17123287671232876,0,1,5,1,9,0,1,1,0,0,30,30,5,30
2021-09-05,0,0.171239,1,0,0.17123287671232876,0,1,6,1,9,0,1,1,0,0,30,30,6,30
2021-09-06,1,0.171239,2,0,0.17123287671232876,0,1,0,1,9,0,0,0,0,0,30,30,7,30
2021-09-07,0,0.171153,0,1,0.17123287671232876,0,1,1,1,9,0,0,0,0,0,30,30,8,30
2021-09-08,1,0.171669,0,1,0.17211703958691912,0,1,2,2,9,0,0,0,0,0,30,30,9,30
2021-09-09,1,0.171996,0,1,0.17211703958691912,0,1,3,2,9,0,0,0,0,0,30,30,10,30
2021-09-10,1,0.171523,0,1,0.17152658662092624,0,1,4,2,9,0,0,0,0,0,30,30,11,30
2021-09-11,0,0.170638,0,1,0.1706484641638225,0,1,5,2,9,0,1,1,0,0,30,30,12,30
2021-09-12,0,0.170638,1,0,0.1706484641638225,0,1,6,2,9,0,1,1,0,0,30,30,13,30
2021-09-13,1,0.170638,2,0,0.1706484641638225,0,1,0,2,9,0,0,0,0,0,30,30,14,30
2021-09-14,0,0.17137799999999997,0,1,0.17123287671232876,0,1,1,2,9,0,0,0,0,0,30,30,15,30
2021-09-15,1,0.170597,0,1,0.17123287671232876,0,1,2,3,9,0,0,0,0,0,30,30,16,30
2021-09-16,0,0.170754,0,1,0.17035775127768313,0,1,3,3,9,0,0,0,0,0,30,30,17,30
2021-09-17,1,0.17029,0,1,0.17035775127768313,0,1,4,3,9,0,0,0,0,0,30,30,18,30
2021-09-18,0,0.170389,0,1,0.17094017094017094,0,1,5,3,9,0,1,1,0,0,30,30,19,30
2021-09-19,0,0.170389,1,0,0.17094017094017094,0,1,6,3,9,0,1,1,0,0,30,30,20,30
2021-09-20,1,0.170389,2,0,0.17094017094017094,0,1,0,3,9,0,0,0,0,0,30,30,21,30
2021-09-21,0,0.17199799999999998,0,1,0.1724137931034483,0,1,1,3,9,0,0,0,0,0,30,30,22,30
2021-09-22,1,0.171726,0,1,0.1718213058419244,0,1,2,4,9,0,0,0,0,0,30,30,23,30
2021-09-23,0,0.171101,0,1,0.17094017094017094,0,1,3,4,9,0,0,0,0,0,30,30,24,30
2021-09-24,0,0.171016,0,1,0.17094017094017094,0,1,4,4,9,0,0,0,0,0,30,30,25,30
2021-09-25,0,0.17168299999999997,0,1,0.1718213058419244,0,1,5,4,9,0,1,1,0,0,30,30,26,30
2021-09-26,0,0.17168299999999997,1,0,0.1718213058419244,0,1,6,4,9,0,1,1,0,0,30,30,27,29
2021-09-27,1,0.17168299999999997,2,0,0.1718213058419244,0,1,0,4,9,0,0,0,0,0,30,30,28,28
2021-09-28,1,0.171008,0,1,0.17123287671232876,0,1,1,4,9,1,0,0,0,0,30,30,29,27
2021-09-29,1,0.17072800000000002,0,1,0.17152658662092624,0,1,2,5,9,1,0,0,0,0,30,30,30,26
2021-09-30,0,0.17092,0,1,0.17094017094017094,0,1,3,5,9,1,0,0,0,0,30,30,30,25
2021-10-01,1,0.170653,0,1,0.17094017094017094,0,1,4,1,10,0,0,0,0,0,30,30,30,24
2021-10-02,0,0.17099699999999998,0,1,0.17152658662092624,0,1,5,1,10,0,1,1,0,0,30,30,30,23
2021-10-03,0,0.17099699999999998,1,0,0.17152658662092624,0,1,6,1,10,0,1,1,0,0,30,30,30,22
2021-10-04,0,0.17099699999999998,2,0,0.17152658662092624,0,1,0,1,10,0,0,0,0,0,30,30,30,21
2021-10-05,0,0.171324,0,1,0.17123287671232876,0,1,1,1,10,0,0,0,0,0,30,30,30,20
2021-10-06,1,0.17077,0,1,0.17094017094017094,0,1,2,1,10,0,0,0,0,0,30,29,30,19
2021-10-07,0,0.170568,0,1,0.17094017094017094,0,1,3,1,10,0,0,0,0,0,30,28,30,18
2021-10-08,1,0.16970400000000002,0,1,0.1694915254237288,0,1,4,2,10,0,0,0,0,0,30,27,30,17
2021-10-09,0,0.16924499999999998,0,1,0.1694915254237288,0,1,5,2,10,0,1,1,0,0,30,26,30,16
2021-10-10,0,0.16924499999999998,1,0,0.1694915254237288,0,1,6,2,10,0,1,1,0,0,30,25,30,15
2021-10-11,1,0.16924499999999998,2,0,0.1694915254237288,0,1,0,2,10,0,0,0,0,0,30,24,30,14
2021-10-12,1,0.16855799999999999,0,1,0.16863406408094436,0,1,1,2,10,0,0,0,0,0,30,23,30,13
2021-10-13,1,0.168911,0,1,0.16891891891891891,0,1,2,2,10,0,0,0,0,0,30,22,30,12
2021-10-14,1,0.16866,0,1,0.16835016835016833,0,1,3,2,10,0,0,0,0,0,30,21,30,11
2021-10-15,1,0.168489,0,1,0.1680672268907563,0,1,4,3,10,0,0,0,0,0,30,20,30,10
2021-10-16,0,0.167223,0,1,0.16722408026755853,0,1,5,3,10,0,1,1,0,0,30,19,30,9
2021-10-17,0,0.167223,1,0,0.16722408026755853,0,1,6,3,10,0,1,1,0,0,30,18,30,8
2021-10-18,1,0.167223,2,0,0.16722408026755853,0,1,0,3,10,0,0,0,0,0,30,17,30,7
2021-10-19,1,0.16724599999999998,0,1,0.16750418760469013,0,1,1,3,10,0,0,0,0,0,30,16,30,6
2021-10-20,0,0.166708,0,1,0.16611295681063123,0,1,2,3,10,0,0,0,0,0,30,15,30,5
2021-10-21,1,0.16668,0,1,0.16666666666666666,0,1,3,3,10,0,0,0,0,0,30,14,30,4
2021-10-22,1,0.16652699999999998,0,1,0.1669449081803005,0,1,4,4,10,0,0,0,0,0,30,13,30,3
2021-10-23,0,0.16636299999999998,0,1,0.16556291390728478,0,1,5,4,10,0,1,1,0,0,30,12,30,2
2021-10-24,0,0.16636299999999998,1,0,0.16556291390728478,0,1,6,4,10,0,1,1,0,0,30,11,30,1
2021-10-25,1,0.16636299999999998,2,0,0.16556291390728478,0,1,0,4,10,0,0,0,0,1,30,10,0,0
2021-10-26,1,0.16494499999999998,0,1,0.16501650165016502,0,1,1,4,10,0,0,0,0,0,30,9,1,30
2021-10-27,1,0.163365,0,1,0.16286644951140067,0,1,2,4,10,0,0,0,0,0,30,8,2,30
2021-10-28,1,0.16358599999999998,0,1,0.1652892561983471,0,1,3,4,10,0,0,0,0,0,30,7,3,30
2021-10-29,1,0.164941,0,1,0.16447368421052633,0,1,4,5,10,1,0,0,0,0,30,6,4,30
2021-10-30,0,0.16494,0,1,0.1652892561983471,0,1,5,5,10,1,1,1,0,0,30,5,5,30
2021-10-31,0,0.16494,1,0,0.1652892561983471,0,1,6,5,10,1,1,1,0,0,30,4,6,30
2021-11-01,1,0.16494,2,0,0.1652892561983471,0,1,0,1,11,0,0,0,0,0,30,3,7,30
2021-11-02,1,0.166031,0,1,0.16556291390728478,0,1,1,1,11,0,0,0,0,0,30,2,8,30
2021-11-03,1,0.167123,0,1,0.16835016835016833,0,1,2,1,11,0,0,0,0,0,30,1,9,30
2021-11-04,0,0.16685199999999997,0,1,0.16750418760469013,0,1,3,1,11,0,0,0,1,0,0,0,10,30
2021-11-05,0,0.16685199999999997,1,0,0.16666666666666666,0,1,4,1,11,0,0,0,0,0,1,30,11,30
2021-11-06,0,0.16685199999999997,2,0,0.16666666666666666,0,1,5,1,11,0,1,1,0,0,2,30,12,30
2021-11-07,0,0.16685199999999997,3,0,0.16666666666666666,0,1,6,1,11,0,1,1,0,0,3,30,13,30
2021-11-08,1,0.16685199999999997,4,0,0.16666666666666666,0,1,0,2,11,0,0,0,0,0,4,30,14,30
2021-11-09,1,0.166292,0,1,0.16666666666666666,0,1,1,2,11,0,0,0,0,0,5,30,15,30
2021-11-10,1,0.165995,0,1,0.1652892561983471,0,1,2,2,11,0,0,0,0,0,6,30,16,30
2021-11-11,1,0.16486699999999999,0,1,0.16501650165016502,0,1,3,2,11,0,0,0,0,0,7,30,17,30
2021-11-12,1,0.165669,0,1,0.16556291390728478,0,1,4,2,11,0,0,0,0,0,8,30,18,30
2021-11-13,0,0.166927,0,1,0.16778523489932887,0,1,5,2,11,0,1,1,0,0,9,30,19,30
2021-11-14,0,0.166927,1,0,0.16778523489932887,0,1,6,2,11,0,1,1,0,0,10,30,20,30
2021-11-15,1,0.166927,2,0,0.16778523489932887,0,1,0,3,11,0,0,0,0,0,11,30,21,30
2021-11-16,1,0.16788,0,1,0.16835016835016833,0,1,1,3,11,0,0,0,0,0,12,30,22,30
2021-11-17,1,0.168283,0,1,0.16891891891891891,0,1,2,3,11,0,0,0,0,0,13,30,23,29
2021-11-18,1,0.168552,0,1,0.16891891891891891,0,1,3,3,11,0,0,0,0,0,14,30,24,28
2021-11-19,1,0.167518,0,1,0.16891891891891891,0,1,4,3,11,0,0,0,0,0,15,30,25,27
2021-11-20,0,0.16839099999999999,0,1,0.17035775127768313,0,1,5,3,11,0,1,1,0,0,16,30,26,26
2021-11-21,0,0.16839099999999999,1,0,0.17035775127768313,0,1,6,3,11,0,1,1,0,0,17,30,27,25
2021-11-22,1,0.16839099999999999,2,0,0.17035775127768313,0,1,0,4,11,0,0,0,0,0,18,30,28,24
2021-11-23,1,0.169456,0,1,0.17152658662092624,0,1,1,4,11,0,0,0,0,0,19,30,29,23
2021-11-24,0,0.172465,0,1,0.1733102253032929,0,1,2,4,11,0,0,0,0,0,20,30,30,22
2021-11-25,0,0.17187999999999998,0,1,0.1736111111111111,0,1,3,4,11,0,0,0,0,0,21,30,30,21
2021-11-26,1,0.172327,0,1,0.1733102253032929,0,1,4,4,11,0,0,0,0,0,22,30,30,20
2021-11-27,0,0.173385,0,1,0.17574692442882248,0,1,5,4,11,0,1,1,0,0,23,30,30,19
2021-11-28,0,0.173385,1,0,0.17574692442882248,0,1,6,4,11,1,1,1,0,0,24,30,30,18
2021-11-29,1,0.173385,2,0,0.17574692442882248,0,1,0,5,11,1,0,0,0,0,25,30,30,17
2021-11-30,1,0.17115200000000003,0,1,0.17301038062283736,0,1,1,5,11,1,0,0,0,0,26,30,30,16
2021-12-01,1,0.170443,0,1,0.17211703958691912,0,1,2,1,12,0,0,0,0,0,27,30,30,15
2021-12-02,1,0.169569,0,1,0.17211703958691912,0,1,3,1,12,0,0,0,0,0,28,30,30,14
2021-12-03,1,0.167926,0,1,0.16977928692699493,0,1,4,1,12,0,0,0,0,0,29,29,30,13
2021-12-04,0,0.16811299999999998,0,1,0.16891891891891891,0,1,5,1,12,0,1,1,0,0,30,28,30,12
2021-12-05,0,0.16811299999999998,1,0,0.16891891891891891,0,1,6,1,12,0,1,1,0,0,30,27,30,11
2021-12-06,1,0.16811299999999998,2,0,0.16891891891891891,0,1,0,1,12,0,0,0,0,0,30,26,30,10
2021-12-07,1,0.168214,0,1,0.16891891891891891,0,1,1,1,12,0,0,0,0,0,30,25,30,9
2021-12-08,1,0.169773,0,1,0.17094017094017094,0,1,2,2,12,0,0,0,0,0,30,24,30,8
2021-12-09,1,0.169002,0,1,0.1694915254237288,0,1,3,2,12,0,0,0,0,0,30,23,30,7
2021-12-10,1,0.16902,0,1,0.17006802721088435,0,1,4,2,12,0,0,0,0,0,30,22,30,6
2021-12-11,0,0.16853100000000001,0,1,0.1692047377326565,0,1,5,2,12,0,1,1,0,0,30,21,30,5
2021-12-12,0,0.16853100000000001,1,0,0.1692047377326565,0,1,6,2,12,0,1,1,0,0,30,20,30,4
2021-12-13,1,0.16853100000000001,2,0,0.1692047377326565,0,1,0,2,12,0,0,0,0,0,30,19,30,3
2021-12-14,1,0.168373,0,1,0.1694915254237288,0,1,1,2,12,0,0,0,0,0,30,18,30,2
2021-12-15,0,0.167912,0,1,0.1692047377326565,0,1,2,3,12,0,0,0,0,0,30,17,30,1
2021-12-16,1,0.168398,0,1,0.1694915254237288,0,1,3,3,12,0,0,0,0,1,30,16,0,0
2021-12-17,1,0.167989,0,1,0.1694915254237288,0,1,4,3,12,0,0,0,0,0,30,15,1,15
2021-12-18,0,0.16835899999999998,0,1,0.1694915254237288,0,1,5,3,12,0,1,1,0,0,30,14,2,14
2021-12-19,0,0.16835899999999998,1,0,0.1694915254237288,0,1,6,3,12,0,1,1,0,0,30,13,3,13
2021-12-20,1,0.16835899999999998,2,0,0.1694915254237288,0,1,0,3,12,0,0,0,0,0,30,12,4,12
2021-12-21,1,0.169121,0,1,0.17006802721088435,0,1,1,3,12,0,0,0,0,0,30,11,5,11
2021-12-22,0,0.168598,0,1,0.1694915254237288,0,1,2,4,12,0,0,0,0,0,30,10,6,10
2021-12-23,1,0.169146,0,1,0.16977928692699493,0,1,3,4,12,0,0,0,0,0,30,9,7,9
2021-12-24,1,0.168137,0,1,0.16891891891891891,0,1,4,4,12,0,0,0,0,0,30,8,8,8
2021-12-25,0,0.16900700000000002,0,1,0.16977928692699493,0,1,5,4,12,0,1,1,0,0,30,7,9,7
2021-12-26,0,0.16900700000000002,1,0,0.16977928692699493,0,1,6,4,12,0,1,1,0,0,30,6,10,6
2021-12-27,1,0.16900700000000002,2,0,0.16977928692699493,0,1,0,4,12,0,0,0,0,0,30,5,11,5
2021-12-28,1,0.168993,0,1,0.17035775127768313,0,1,1,4,12,0,0,0,0,0,30,4,12,4
2021-12-29,1,0.169248,0,1,0.1706484641638225,0,1,2,5,12,1,0,0,0,0,30,3,13,3
2021-12-30,0,0.169158,0,1,0.1706484641638225,0,1,3,5,12,1,0,0,0,0,30,2,14,2
2021-12-31,0,0.16899999999999998,0,1,0.1733102253032929,0,1,4,5,12,1,0,0,0,0,30,1,15,1
2022-01-01,0,0.16899999999999998,1,0,0.1736111111111111,0,1,5,1,1,0,1,1,1,1,0,0,0,0
2022-01-02,0,0.16899999999999998,2,0,0.1736111111111111,0,1,6,1,1,0,1,1,1,1,0,0,0,0
2022-01-03,0,0.16899999999999998,3,0,0.1736111111111111,0,1,0,1,1,0,0,0,1,1,0,0,0,0
2022-01-04,0,0.16899999999999998,4,0,0.1736111111111111,0,1,1,1,1,0,0,0,1,0,0,0,1,3
2022-01-05,0,0.16899999999999998,5,0,0.1736111111111111,0,1,2,1,1,0,0,0,1,0,0,0,2,2
2022-01-06,0,0.16899999999999998,6,0,0.17543859649122806,0,1,3,1,1,0,0,0,1,0,0,0,3,1
2022-01-07,0,0.16899999999999998,7,0,0.17543859649122806,0,1,4,1,1,0,0,0,1,1,0,0,0,0
2022-01-08,0,0.16899999999999998,8,0,0.17543859649122806,0,1,5,2,1,0,1,1,1,0,0,0,1,30
2022-01-09,0,0.16899999999999998,9,0,0.17543859649122806,0,1,6,2,1,0,1,1,0,0,1,1,2,30
2022-01-10,1,0.16899999999999998,10,0,0.17543859649122806,0,1,0,2,1,0,0,0,1,0,0,0,3,30
2022-01-11,1,0.172328,0,1,0.17543859649122806,0,1,1,2,1,0,0,0,0,0,1,30,4,30
2022-01-12,0,0.171858,0,1,0.17543859649122806,0,1,2,2,1,0,0,0,0,0,2,30,5,30
2022-01-13,1,0.17136700000000002,0,1,0.17152658662092624,0,1,3,2,1,0,0,0,0,0,3,30,6,30
2022-01-14,1,0.171442,0,1,0.17211703958691912,0,1,4,2,1,0,0,0,0,0,4,30,7,30
2022-01-15,0,0.173677,0,1,0.17482517482517484,0,1,5,3,1,0,1,1,0,0,5,30,8,30
2022-01-16,0,0.173677,1,0,0.17482517482517484,0,1,6,3,1,0,1,1,0,0,6,30,9,30
2022-01-17,1,0.173677,2,0,0.17482517482517484,0,1,0,3,1,0,0,0,0,0,7,30,10,30
2022-01-18,1,0.17462499999999997,0,1,0.17605633802816903,0,1,1,3,1,0,0,0,0,0,8,30,11,30
2022-01-19,1,0.1752,0,1,0.17667844522968199,0,1,2,3,1,0,0,0,0,0,9,30,12,30
2022-01-20,0,0.17596399999999998,0,1,0.17605633802816903,0,1,3,3,1,0,0,0,0,0,10,30,13,30
2022-01-21,1,0.175323,0,1,0.1763668430335097,0,1,4,3,1,0,0,0,0,0,11,30,14,30
2022-01-22,0,0.17581499999999997,0,1,0.17574692442882248,0,1,5,4,1,0,1,1,0,0,12,30,15,30
2022-01-23,0,0.17581499999999997,1,0,0.17574692442882248,0,1,6,4,1,0,1,1,0,0,13,30,16,30
2022-01-24,1,0.17581499999999997,2,0,0.17574692442882248,0,1,0,4,1,0,0,0,0,0,14,30,17,30
2022-01-25,1,0.177402,0,1,0.1798561151079137,0,1,1,4,1,0,0,0,0,0,15,29,18,30
2022-01-26,0,0.18016500000000002,0,1,0.18050541516245489,0,1,2,4,1,0,0,0,0,0,16,28,19,30
2022-01-27,1,0.18116700000000002,0,1,0.18181818181818182,0,1,3,4,1,0,0,0,0,0,17,27,20,30
2022-01-28,1,0.181675,0,1,0.1811594202898551,0,1,4,4,1,0,0,0,0,0,18,26,21,30
2022-01-29,0,0.178808,0,1,0.17953321364452424,0,1,5,5,1,1,1,1,0,0,19,25,22,30
2022-01-30,0,0.178808,1,0,0.17953321364452424,0,1,6,5,1,1,1,1,0,0,20,24,23,30
2022-01-31,1,0.178808,2,0,0.17953321364452424,0,1,0,5,1,1,0,0,0,0,21,23,24,30
2022-02-01,1,0.178379,0,1,0.17857142857142858,0,1,1,1,2,0,0,0,0,0,22,22,25,30
2022-02-02,0,0.177719,0,1,0.17761989342806395,0,1,2,1,2,0,0,0,0,0,23,21,26,30
2022-02-03,1,0.176253,0,1,0.17574692442882248,0,1,3,1,2,0,0,0,0,0,24,20,27,30
2022-02-04,1,0.17630800000000002,0,1,0.1763668430335097,0,1,4,1,2,0,0,0,0,0,25,19,28,30
2022-02-05,0,0.17594200000000002,0,1,0.17543859649122806,0,1,5,1,2,0,1,1,0,0,26,18,29,30
2022-02-06,0,0.17594200000000002,1,0,0.17543859649122806,0,1,6,1,2,0,1,1,0,0,27,17,30,30
2022-02-07,1,0.17594200000000002,2,0,0.17543859649122806,0,1,0,1,2,0,0,0,0,0,28,16,30,29
2022-02-08,1,0.17569500000000002,0,1,0.17513134851138354,0,1,1,2,2,0,0,0,0,0,29,15,30,28
2022-02-09,1,0.17596499999999998,0,1,0.17574692442882248,0,1,2,2,2,0,0,0,0,0,30,14,30,27
2022-02-10,0,0.17559000000000002,0,1,0.17543859649122806,0,1,3,2,2,0,0,0,0,0,30,13,30,26
2022-02-11,1,0.175018,0,1,0.17543859649122806,0,1,4,2,2,0,0,0,0,0,30,12,30,25
2022-02-12,0,0.174631,0,1,0.17482517482517484,0,1,5,2,2,0,1,1,0,0,30,11,30,24
2022-02-13,0,0.174631,1,0,0.17482517482517484,0,1,6,2,2,0,1,1,0,0,30,10,30,23
2022-02-14,1,0.174631,2,0,0.17482517482517484,0,1,0,2,2,0,0,0,0,0,30,9,30,22
2022-02-15,1,0.17765,0,1,0.17921146953405018,0,1,1,3,2,0,0,0,0,0,30,8,30,21
2022-02-16,1,0.17694500000000002,0,1,0.17543859649122806,0,1,2,3,2,0,0,0,0,0,30,7,30,20
2022-02-17,1,0.175533,0,1,0.17574692442882248,0,1,3,3,2,0,0,0,0,0,30,6,30,19
2022-02-18,1,0.176786,0,1,0.1773049645390071,0,1,4,3,2,0,0,0,0,0,30,5,30,18
2022-02-19,0,0.176931,0,1,0.17699115044247787,0,1,5,3,2,0,1,1,0,0,30,4,30,17
2022-02-20,0,0.176931,1,0,0.17699115044247787,0,1,6,3,2,0,1,1,0,0,30,3,30,16
2022-02-21,1,0.176931,2,0,0.17699115044247787,0,1,0,3,2,0,0,0,0,0,30,2,30,15
2022-02-22,1,0.17953,0,1,0.17953321364452424,0,1,1,4,2,0,0,0,0,0,30,1,30,14
2022-02-23,0,0.18468099999999998,0,1,0.1841620626151013,0,1,2,4,2,0,0,0,1,0,0,0,30,13
2022-02-24,0,0.18468099999999998,1,0,0.18181818181818182,0,1,3,4,2,0,0,0,0,0,1,12,30,12
2022-02-25,0,0.185306,0,1,0.18083182640144665,0,1,4,4,2,0,0,0,0,0,2,11,30,11
2022-02-26,0,0.18001899999999998,0,1,0.17667844522968199,0,1,5,4,2,1,1,1,0,0,3,10,30,10
2022-02-27,0,0.18001899999999998,1,0,0.17667844522968199,0,1,6,4,2,1,1,1,0,0,4,9,30,9
2022-02-28,1,0.18001899999999998,2,0,0.17667844522968199,0,1,0,4,2,1,0,0,0,0,5,8,30,8
2022-03-01,1,0.188393,0,1,0.20202020202020202,0,1,1,1,3,0,0,0,0,0,6,7,30,7
2022-03-02,1,0.18662099999999998,0,1,0.19342359767891684,0,1,2,1,3,0,0,0,0,0,7,6,30,6
2022-03-03,1,0.209806,0,1,0.22271714922048996,0,1,3,1,3,0,0,0,0,0,8,5,30,5
2022-03-04,1,0.225809,0,1,0.23696682464454977,0,1,4,1,3,0,0,0,0,0,9,4,30,4
2022-03-05,0,0.210524,0,1,0.22026431718061673,0,1,5,1,3,0,1,1,0,0,10,3,30,3
2022-03-06,0,0.207345,0,1,0.24038461538461536,0,1,6,1,3,0,1,1,0,0,11,2,30,2
2022-03-07,0,0.207345,1,0,0.24038461538461536,0,1,0,1,3,0,0,0,0,0,12,1,30,1
2022-03-08,0,0.207345,2,0,0.24038461538461536,0,1,1,2,3,0,0,0,1,1,0,0,0,0
2022-03-09,1,0.207345,3,0,0.24038461538461536,0,1,2,2,3,0,0,0,0,0,1,30,1,12
2022-03-10,1,0.230647,0,1,0.25125628140703515,0,1,3,2,3,0,0,0,0,0,2,30,2,11
2022-03-11,1,0.23148800000000003,0,1,0.2331002331002331,0,1,4,2,3,0,0,0,0,0,3,30,3,10
2022-03-12,0,0.228376,0,1,0.22624434389140272,0,1,5,2,3,0,1,1,0,0,4,30,4,9
2022-03-13,0,0.228376,1,0,0.22624434389140272,0,1,6,2,3,0,1,1,0,0,5,30,5,8
2022-03-14,1,0.228376,2,0,0.22624434389140272,0,1,0,2,3,0,0,0,0,0,6,30,6,7
2022-03-15,1,0.22490300000000002,0,1,0.22026431718061673,0,1,1,3,3,0,0,0,0,0,7,30,7,6
2022-03-16,1,0.217075,0,1,0.2188183807439825,0,1,2,3,3,0,0,0,0,0,8,30,8,5
2022-03-17,1,0.21200600000000003,0,1,0.2114164904862579,0,1,3,3,3,0,0,0,0,0,9,30,9,4
2022-03-18,1,0.20614100000000002,0,1,0.2040816326530612,0,1,4,3,3,0,0,0,0,0,10,30,10,3
2022-03-19,0,0.204893,0,1,0.2040816326530612,0,1,5,3,3,0,1,1,0,0,11,30,11,2
2022-03-20,0,0.204893,1,0,0.2040816326530612,0,1,6,3,3,0,1,1,0,0,12,30,12,1
2022-03-21,1,0.204893,2,0,0.2040816326530612,0,1,0,3,3,0,0,0,0,1,13,30,0,0
2022-03-22,1,0.206331,0,1,0.2040816326530612,0,1,1,4,3,0,0,0,0,1,14,30,0,0
2022-03-23,1,0.205133,0,1,0.2040816326530612,0,1,2,4,3,0,0,0,0,1,15,30,0,0
2022-03-24,1,0.203014,0,1,0.2040816326530612,0,1,3,4,3,0,0,0,0,0,16,30,1,30
2022-03-25,1,0.194515,0,1,0.1941747572815534,0,1,4,4,3,0,0,0,0,0,17,30,2,30
2022-03-26,0,0.193977,0,1,0.1984126984126984,0,1,5,4,3,0,1,1,0,0,18,30,3,30
2022-03-27,0,0.193977,1,0,0.1984126984126984,0,1,6,4,3,0,1,1,0,0,19,30,4,30
2022-03-28,1,0.193977,2,0,0.1984126984126984,0,1,0,4,3,0,0,0,0,0,20,30,5,30
2022-03-29,1,0.194731,0,1,0.2012072434607646,0,1,1,5,3,1,0,0,0,0,21,30,6,30
2022-03-30,1,0.18476299999999998,0,1,0.18867924528301888,0,1,2,5,3,1,0,0,0,0,22,30,7,30
2022-03-31,1,0.180649,0,1,0.18214936247723132,0,1,3,5,3,1,0,0,0,0,23,30,8,30
2022-04-01,1,0.177349,0,1,0.17543859649122806,0,1,4,1,4,0,0,0,0,0,24,30,9,30
2022-04-02,0,0.175449,0,1,0.1724137931034483,0,1,5,1,4,0,1,1,0,0,25,29,10,29
2022-04-03,0,0.175449,1,0,0.1724137931034483,0,1,6,1,4,0,1,1,0,0,26,28,11,28
2022-04-04,1,0.175449,2,0,0.1724137931034483,0,1,0,1,4,0,0,0,0,0,27,27,12,27
2022-04-05,1,0.176894,0,1,0.17605633802816903,0,1,1,1,4,0,0,0,0,0,28,26,13,26
2022-04-06,1,0.176309,0,1,0.17857142857142858,0,1,2,1,4,0,0,0,0,0,29,25,14,25
2022-04-07,1,0.178428,0,1,0.18050541516245489,0,1,3,1,4,0,0,0,0,0,30,24,15,24
2022-04-08,1,0.16497499999999998,0,1,0.16611295681063123,0,1,4,2,4,0,0,0,0,0,30,23,16,23
2022-04-09,0,0.163118,0,1,0.1692047377326565,0,1,5,2,4,0,1,1,0,0,30,22,17,22
2022-04-10,0,0.163118,1,0,0.1692047377326565,0,1,6,2,4,0,1,1,0,0,30,21,18,21
2022-04-11,1,0.163118,2,0,0.1692047377326565,0,1,0,2,4,0,0,0,0,0,30,20,19,20
2022-04-12,1,0.177134,0,1,0.17513134851138354,0,1,1,2,4,0,0,0,0,0,30,19,20,19
2022-04-13,1,0.177135,0,1,0.1855287569573284,0,1,2,2,4,0,0,0,0,0,30,18,21,18
2022-04-14,1,0.177541,0,1,0.1763668430335097,0,1,3,2,4,0,0,0,0,0,30,17,22,17
2022-04-15,1,0.180572,0,1,0.18281535648994515,0,1,4,3,4,0,0,0,0,0,30,16,23,16
2022-04-16,0,0.178593,0,1,0.17421602787456444,0,1,5,3,4,0,1,1,0,0,30,15,24,15
2022-04-17,0,0.178593,1,0,0.17421602787456444,0,1,6,3,4,0,1,1,0,0,30,14,25,14
2022-04-18,1,0.178593,2,0,0.17421602787456444,0,1,0,3,4,0,0,0,0,0,30,13,26,13
2022-04-19,1,0.174902,0,1,0.17513134851138354,0,1,1,3,4,0,0,0,0,0,30,12,27,12
2022-04-20,1,0.17567799999999997,0,1,0.1763668430335097,0,1,2,3,4,0,0,0,0,0,30,11,28,11
2022-04-21,1,0.173774,0,1,0.18281535648994515,0,1,3,3,4,0,0,0,0,0,30,10,29,10
2022-04-22,1,0.168905,0,1,0.1736111111111111,0,1,4,4,4,0,0,0,0,0,30,9,30,9
2022-04-23,0,0.165537,0,1,0.1763668430335097,0,1,5,4,4,0,1,1,0,0,30,8,30,8
2022-04-24,0,0.165537,1,0,0.1763668430335097,0,1,6,4,4,0,1,1,0,0,30,7,30,7
2022-04-25,1,0.165537,2,0,0.1763668430335097,0,1,0,4,4,0,0,0,0,0,30,6,30,6
2022-04-26,1,0.165231,0,1,0.16501650165016502,0,1,1,4,4,0,0,0,0,0,30,5,30,5
2022-04-27,1,0.162203,0,1,0.1631321370309951,0,1,2,4,4,0,0,0,0,0,30,4,30,4
2022-04-28,1,0.160687,0,1,0.1639344262295082,0,1,3,4,4,1,0,0,0,0,30,3,30,3
2022-04-29,1,0.16081700000000002,0,1,0.15723270440251572,0,1,4,5,4,1,0,0,0,0,30,2,30,2
2022-04-30,0,0.158362,0,1,0.1579778830963665,0,1,5,5,4,1,1,1,0,0,30,1,30,1
2022-05-01,0,0.158362,1,0,0.1579778830963665,0,1,6,1,5,0,1,1,1,1,0,0,0,0
2022-05-02,0,0.158362,2,0,0.1579778830963665,0,1,0,1,5,0,0,0,1,1,0,0,0,0
2022-05-03,0,0.158362,3,0,0.1579778830963665,0,1,1,1,5,0,0,0,0,0,1,6,1,4
2022-05-04,1,0.158362,4,0,0.1579778830963665,0,1,2,1,5,0,0,0,0,0,2,5,2,3
2022-05-05,1,0.157178,0,1,0.15220700152207,0,1,3,1,5,0,0,0,0,0,3,4,3,2
2022-05-06,1,0.15162599999999998,0,1,0.14727540500736377,0,1,4,1,5,0,0,0,0,0,4,3,4,1
2022-05-07,0,0.15751400000000002,0,1,0.1519756838905775,0,1,5,1,5,0,1,1,0,1,5,2,0,0
2022-05-08,0,0.15751400000000002,1,0,0.1519756838905775,0,1,6,2,5,0,1,1,0,0,6,1,1,1
2022-05-09,0,0.15751400000000002,2,0,0.1519756838905775,0,1,0,2,5,0,0,0,1,1,0,0,0,0
2022-05-10,0,0.15751400000000002,3,0,0.1519756838905775,0,1,1,2,5,0,0,0,0,0,1,30,1,30
2022-05-11,1,0.15751400000000002,4,0,0.1519756838905775,0,1,2,2,5,0,0,0,0,0,2,30,2,30
2022-05-12,1,0.158443,0,1,0.14836795252225518,0,1,3,2,5,0,0,0,0,0,3,30,3,30
2022-05-13,1,0.148645,0,1,0.1447178002894356,0,1,4,2,5,0,0,0,0,0,4,30,4,30
2022-05-14,0,0.146701,0,1,0.14992503748125938,0,1,5,2,5,0,1,1,0,0,5,29,5,30
2022-05-15,0,0.146701,1,0,0.14992503748125938,0,1,6,3,5,0,1,1,0,0,6,28,6,30
2022-05-16,1,0.146701,2,0,0.14992503748125938,0,1,0,3,5,0,0,0,0,0,7,27,7,30
2022-05-17,1,0.14829,0,1,0.1440922190201729,0,1,1,3,5,0,0,0,0,0,8,26,8,30
2022-05-18,1,0.147922,0,1,0.1485884101040119,0,1,2,3,5,0,0,0,0,0,9,25,9,30
2022-05-19,1,0.146871,0,1,0.14684287812041116,0,1,3,3,5,0,0,0,0,0,10,24,10,30
2022-05-20,1,0.14422100000000002,0,1,0.14450867052023122,0,1,4,3,5,0,0,0,0,0,11,23,11,30
2022-05-21,0,0.13649699999999998,0,1,0.1394700139470014,0,1,5,3,5,0,1,1,0,0,12,22,12,30
2022-05-22,0,0.13649699999999998,1,0,0.1394700139470014,0,1,6,4,5,0,1,1,0,0,13,21,13,30
2022-05-23,1,0.13649699999999998,2,0,0.1394700139470014,0,1,0,4,5,0,0,0,0,0,14,20,14,30
2022-05-24,1,0.136955,0,1,0.136986301369863,0,1,1,4,5,0,0,0,0,0,15,19,15,30
2022-05-25,1,0.134095,0,1,0.1362397820163488,0,1,2,4,5,0,0,0,0,0,16,18,16,30
2022-05-26,1,0.13504,0,1,0.1349527665317139,0,1,3,4,5,0,0,0,0,0,17,17,17,30
2022-05-27,1,0.149474,0,1,0.14814814814814814,0,1,4,4,5,0,0,0,0,0,18,16,18,30
2022-05-28,0,0.157349,0,1,0.15432098765432098,0,1,5,4,5,0,1,1,0,0,19,15,19,30
2022-05-29,0,0.157349,1,0,0.15432098765432098,0,1,6,5,5,1,1,1,0,0,20,14,20,30
2022-05-30,1,0.157349,2,0,0.15432098765432098,0,1,0,5,5,1,0,0,0,0,21,13,21,30
2022-05-31,1,0.145621,0,1,0.14684287812041116,0,1,1,5,5,1,0,0,0,0,22,12,22,30
2022-06-01,1,0.144147,0,1,0.14749262536873156,0,1,2,1,6,0,0,0,0,0,23,11,23,30
2022-06-02,1,0.148246,0,1,0.1440922190201729,0,1,3,1,6,0,0,0,0,0,24,10,24,30
2022-06-03,1,0.145012,0,1,0.14204545454545456,0,1,4,1,6,0,0,0,0,0,25,9,25,30
2022-06-04,0,0.143181,0,1,0.14326647564469913,0,1,5,1,6,0,1,1,0,0,26,8,26,30
2022-06-05,0,0.143181,1,0,0.14326647564469913,0,1,6,1,6,0,1,1,0,0,27,7,27,30
2022-06-06,1,0.143181,2,0,0.14326647564469913,0,1,0,1,6,0,0,0,0,0,28,6,28,30
2022-06-07,1,0.141473,0,1,0.14104372355430184,0,1,1,1,6,0,0,0,0,0,29,5,29,29
2022-06-08,1,0.141142,0,1,0.14204545454545456,0,1,2,2,6,0,0,0,0,0,30,4,30,28
2022-06-09,1,0.140258,0,1,0.1388888888888889,0,1,3,2,6,0,0,0,0,0,30,3,30,27
2022-06-10,1,0.134709,0,1,0.1342281879194631,0,1,4,2,6,0,0,0,0,0,30,2,30,26
2022-06-11,0,0.132973,0,1,0.13262599469496023,0,1,5,2,6,0,1,1,0,0,30,1,30,25
2022-06-12,0,0.132973,1,0,0.13262599469496023,0,1,6,2,6,0,1,1,1,0,0,0,30,24
2022-06-13,0,0.132973,2,0,0.13262599469496023,0,1,0,2,6,0,0,0,1,0,0,0,30,23
2022-06-14,1,0.132973,3,0,0.13071895424836602,0,1,1,2,6,0,0,0,0,0,1,30,30,22
2022-06-15,1,0.130892,0,1,0.13071895424836602,0,1,2,3,6,0,0,0,0,0,2,30,30,21
2022-06-16,1,0.12998300000000002,0,1,0.12919896640826872,0,1,3,3,6,0,0,0,0,0,3,30,30,20
2022-06-17,1,0.129711,0,1,0.12820512820512822,0,1,4,3,6,0,0,0,0,0,4,30,30,19
2022-06-18,0,0.128254,0,1,0.1264222503160556,0,1,5,3,6,0,1,1,0,0,5,30,30,18
2022-06-19,0,0.128254,1,0,0.1264222503160556,0,1,6,3,6,0,1,1,0,0,6,30,30,17
2022-06-20,1,0.128254,2,0,0.1264222503160556,0,1,0,3,6,0,0,0,0,0,7,30,30,16
2022-06-21,1,0.125703,0,1,0.1264222503160556,0,1,1,3,6,0,0,0,0,0,8,30,30,15
2022-06-22,1,0.123422,0,1,0.121654501216545,0,1,2,4,6,0,0,0,0,0,9,30,30,14
2022-06-23,1,0.118944,0,1,0.117096018735363,0,1,3,4,6,0,0,0,0,0,10,30,30,13
2022-06-24,1,0.1175,0,1,0.11415525114155252,0,1,4,4,6,0,0,0,0,0,11,30,30,12
2022-06-25,0,0.11472099999999999,0,1,0.11325028312570781,0,1,5,4,6,0,1,1,0,0,12,30,30,11
2022-06-26,0,0.11472099999999999,1,0,0.11325028312570781,0,1,6,4,6,0,1,1,0,0,13,30,30,10
2022-06-27,1,0.11472099999999999,2,0,0.11325028312570781,0,1,0,4,6,0,0,0,0,0,14,30,30,9
2022-06-28,1,0.113324,0,1,0.11547344110854503,0,1,1,4,6,1,0,0,0,0,15,30,30,8
2022-06-29,1,0.114915,0,1,0.11614401858304298,0,1,2,5,6,1,0,0,0,0,16,30,30,7
2022-06-30,1,0.112176,0,1,0.10989010989010989,0,1,3,5,6,1,0,0,0,0,17,30,30,6
2022-07-01,1,0.11291000000000001,0,1,0.11135857461024498,0,1,4,1,7,0,0,0,0,0,18,30,30,5
2022-07-02,0,0.114316,0,1,0.11682242990654206,0,1,5,1,7,0,1,1,0,0,19,30,30,4
2022-07-03,0,0.114316,1,0,0.11682242990654206,0,1,6,1,7,0,1,1,0,0,20,30,30,3
2022-07-04,1,0.114316,2,0,0.11682242990654206,0,1,0,1,7,0,0,0,0,0,21,30,30,2
2022-07-05,1,0.118098,0,1,0.11876484560570072,0,1,1,1,7,0,0,0,0,0,22,30,30,1
2022-07-06,1,0.12606,0,1,0.12437810945273634,0,1,2,1,7,0,0,0,0,1,23,30,0,0
2022-07-07,1,0.134064,0,1,0.12437810945273634,0,1,3,1,7,0,0,0,0,0,24,30,1,30
2022-07-08,1,0.134558,0,1,0.13245033112582782,0,1,4,2,7,0,0,0,0,0,25,30,2,30
2022-07-09,0,0.128376,0,1,0.1295336787564767,0,1,5,2,7,0,1,1,0,0,26,30,3,30
2022-07-10,0,0.128376,1,0,0.1295336787564767,0,1,6,2,7,0,1,1,0,0,27,30,4,30
2022-07-11,1,0.128376,2,0,0.1295336787564767,0,1,0,2,7,0,0,0,0,0,28,30,5,30
2022-07-12,1,0.129084,0,1,0.13245033112582782,0,1,1,2,7,0,0,0,0,0,29,30,6,30
2022-07-13,1,0.126609,0,1,0.12422360248447203,0,1,2,2,7,0,0,0,0,0,30,30,7,30
2022-07-14,1,0.12364699999999999,0,1,0.12269938650306748,0,1,3,2,7,0,0,0,0,0,30,30,8,30
2022-07-15,1,0.12241099999999999,0,1,0.12180267965895249,0,1,4,3,7,0,0,0,0,0,30,30,9,30
2022-07-16,0,0.12088900000000001,0,1,0.11976047904191617,0,1,5,3,7,0,1,1,0,0,30,30,10,30
2022-07-17,0,0.12088900000000001,1,0,0.11976047904191617,0,1,6,3,7,0,1,1,0,0,30,30,11,30
2022-07-18,1,0.12088900000000001,2,0,0.11976047904191617,0,1,0,3,7,0,0,0,0,0,30,30,12,30
2022-07-19,1,0.11774599999999999,0,1,0.11668611435239207,0,1,1,3,7,0,0,0,0,0,30,30,13,30
2022-07-20,1,0.114497,0,1,0.11507479861910243,0,1,2,3,7,0,0,0,0,0,30,30,14,30
2022-07-21,1,0.114183,0,1,0.11402508551881414,0,1,3,3,7,0,0,0,0,0,30,30,15,30
2022-07-22,1,0.11737,0,1,0.12135922330097088,0,1,4,4,7,0,0,0,0,0,30,30,16,30
2022-07-23,0,0.11906,0,1,0.11947431302270013,0,1,5,4,7,0,1,1,0,0,30,30,17,30
2022-07-24,0,0.11906,1,0,0.11947431302270013,0,1,6,4,7,0,1,1,0,0,30,30,18,30
2022-07-25,1,0.11906,2,0,0.11947431302270013,0,1,0,4,7,0,0,0,0,0,30,30,19,30
2022-07-26,1,0.11941399999999999,0,1,0.12195121951219513,0,1,1,4,7,0,0,0,0,0,30,30,20,30
2022-07-27,1,0.12325699999999999,0,1,0.12180267965895249,0,1,2,4,7,0,0,0,0,0,30,30,21,30
2022-07-28,1,0.125502,0,1,0.12594458438287154,0,1,3,4,7,0,0,0,0,0,30,30,22,30
2022-07-29,1,0.125381,0,1,0.12547051442910917,0,1,4,5,7,1,0,0,0,0,30,30,23,30
2022-07-30,0,0.128055,0,1,0.12903225806451613,0,1,5,5,7,1,1,1,0,0,30,30,24,30
2022-07-31,0,0.128055,1,0,0.12903225806451613,0,1,6,5,7,1,1,1,0,0,30,30,25,30
2022-08-01,1,0.128055,2,0,0.12903225806451613,0,1,0,1,8,0,0,0,0,0,30,30,26,29
2022-08-02,1,0.130061,0,1,0.13003901170351104,0,1,1,1,8,0,0,0,0,0,30,30,27,28
2022-08-03,1,0.12546,0,1,0.12626262626262627,0,1,2,1,8,0,0,0,0,0,30,30,28,27
2022-08-04,1,0.126605,0,1,0.12180267965895249,0,1,3,1,8,0,0,0,0,0,30,30,29,26
2022-08-05,1,0.126521,0,1,0.12626262626262627,0,1,4,1,8,0,0,0,0,0,30,30,30,25
2022-08-06,0,0.126779,0,1,0.12610340479192939,0,1,5,1,8,0,1,1,0,0,30,30,30,24
2022-08-07,0,0.126779,1,0,0.12610340479192939,0,1,6,1,8,0,1,1,0,0,30,30,30,23
2022-08-08,1,0.126779,2,0,0.12610340479192939,0,1,0,2,8,0,0,0,0,0,30,30,30,22
2022-08-09,1,0.12619,0,1,0.12562814070351758,0,1,1,2,8,0,0,0,0,0,30,30,30,21
2022-08-10,1,0.126687,0,1,0.12578616352201258,0,1,2,2,8,0,0,0,0,0,30,30,30,20
2022-08-11,1,0.12637,0,1,0.1264222503160556,0,1,3,2,8,0,0,0,0,0,30,30,30,19
2022-08-12,1,0.126823,0,1,0.1267427122940431,0,1,4,2,8,0,0,0,0,0,30,30,30,18
2022-08-13,0,0.127492,0,1,0.12804097311139565,0,1,5,2,8,0,1,1,0,0,30,30,30,17
2022-08-14,0,0.127492,1,0,0.12804097311139565,0,1,6,2,8,0,1,1,0,0,30,30,30,16
2022-08-15,1,0.127492,2,0,0.12804097311139565,0,1,0,3,8,0,0,0,0,0,30,30,30,15
2022-08-16,1,0.128936,0,1,0.1288659793814433,0,1,1,3,8,0,0,0,0,0,30,30,30,14
2022-08-17,1,0.128995,0,1,0.1287001287001287,0,1,2,3,8,0,0,0,0,0,30,30,30,13
2022-08-18,1,0.127482,0,1,0.1272264631043257,0,1,3,3,8,0,0,0,0,0,30,30,30,12
2022-08-19,1,0.125907,0,1,0.12594458438287154,0,1,4,3,8,0,0,0,0,0,30,30,30,11
2022-08-20,0,0.124243,0,1,0.12391573729863692,0,1,5,3,8,0,1,1,0,0,30,30,30,10
2022-08-21,0,0.124243,1,0,0.12391573729863692,0,1,6,3,8,0,1,1,0,0,30,30,30,9
2022-08-22,1,0.124243,2,0,0.12391573729863692,0,1,0,4,8,0,0,0,0,0,30,30,30,8
2022-08-23,1,0.125395,0,1,0.12594458438287154,0,1,1,4,8,0,0,0,0,0,30,30,30,7
2022-08-24,1,0.126366,0,1,0.12738853503184713,0,1,2,4,8,0,0,0,0,0,30,30,30,6
2022-08-25,1,0.127532,0,1,0.12987012987012986,0,1,3,4,8,0,0,0,0,0,30,30,30,5
2022-08-26,1,0.129378,0,1,0.12836970474967907,0,1,4,4,8,0,0,0,0,0,30,30,30,4
2022-08-27,0,0.129217,0,1,0.1272264631043257,0,1,5,4,8,0,1,1,0,0,30,30,30,3
2022-08-28,0,0.129217,1,0,0.1267427122940431,0,1,6,4,8,0,1,1,0,0,30,30,30,2
2022-08-29,1,0.129217,2,0,0.1267427122940431,0,1,0,5,8,1,0,0,0,0,30,30,30,1
2022-08-30,1,0.128954,0,1,0.1267427122940431,0,1,1,5,8,1,0,0,0,1,30,30,0,0
2022-08-31,1,0.128963,0,1,0.1267427122940431,0,1,2,5,8,1,0,0,0,0,30,30,1,30
2022-09-01,1,0.128687,0,1,0.12755102040816327,0,1,3,1,9,0,0,0,0,0,30,30,2,30
2022-09-02,1,0.12756399999999998,0,1,0.1278772378516624,0,1,4,1,9,0,0,0,0,0,30,30,3,30
2022-09-03,0,0.12805999999999998,0,1,0.12755102040816327,0,1,5,1,9,0,1,1,0,0,30,30,4,30
2022-09-04,0,0.12805999999999998,1,0,0.12755102040816327,0,1,6,1,9,0,1,1,0,0,30,30,5,30
2022-09-05,1,0.12805999999999998,2,0,0.12755102040816327,0,1,0,1,9,0,0,0,0,0,30,30,6,30
2022-09-06,1,0.128904,0,1,0.1295336787564767,0,1,1,1,9,0,0,0,0,0,30,30,7,30
2022-09-07,1,0.128757,0,1,0.12836970474967907,0,1,2,1,9,0,0,0,0,0,30,30,8,30
2022-09-08,1,0.129493,0,1,0.12919896640826872,0,1,3,2,9,0,0,0,0,0,30,30,9,30
2022-09-09,1,0.128516,0,1,0.12706480304955528,0,1,4,2,9,0,0,0,0,0,30,30,10,30
2022-09-10,0,0.12664899999999998,0,1,0.12755102040816327,0,1,5,2,9,0,1,1,0,0,30,30,11,30
2022-09-11,0,0.12664899999999998,1,0,0.12755102040816327,0,1,6,2,9,0,1,1,0,0,30,30,12,30
2022-09-12,1,0.12664899999999998,2,0,0.12755102040816327,0,1,0,2,9,0,0,0,0,0,30,30,13,30
2022-09-13,1,0.127721,0,1,0.12804097311139565,0,1,1,2,9,0,0,0,0,0,30,30,14,30
2022-09-14,1,0.127265,0,1,0.1267427122940431,0,1,2,2,9,0,0,0,0,0,30,30,15,30
2022-09-15,1,0.126254,0,1,0.12594458438287154,0,1,3,3,9,0,0,0,0,0,30,30,16,30
2022-09-16,1,0.125902,0,1,0.12562814070351758,0,1,4,3,9,0,0,0,0,0,30,30,17,30
2022-09-17,0,0.12659800000000002,0,1,0.12578616352201258,0,1,5,3,9,0,1,1,0,0,30,30,18,30
2022-09-18,0,0.12659800000000002,1,0,0.12578616352201258,0,1,6,3,9,0,1,1,0,0,30,30,19,30
2022-09-19,1,0.12659800000000002,2,0,0.12578616352201258,0,1,0,3,9,0,0,0,0,0,30,30,20,30
2022-09-20,1,0.126103,0,1,0.12578616352201258,0,1,1,3,9,0,0,0,0,0,30,30,21,30
2022-09-21,1,0.125677,0,1,0.12547051442910917,0,1,2,3,9,0,0,0,0,0,30,30,22,30
2022-09-22,1,0.127271,0,1,0.12690355329949238,0,1,3,4,9,0,0,0,0,0,30,30,23,30
2022-09-23,1,0.125242,0,1,0.12453300124533002,0,1,4,4,9,0,0,0,0,0,30,30,24,30
2022-09-24,0,0.12071799999999999,0,1,0.12180267965895249,0,1,5,4,9,0,1,1,0,0,30,30,25,30
2022-09-25,0,0.12071799999999999,1,0,0.12180267965895249,0,1,6,4,9,0,1,1,0,0,30,30,26,30
2022-09-26,1,0.12071799999999999,2,0,0.12180267965895249,0,1,0,4,9,0,0,0,0,0,30,30,27,29
2022-09-27,1,0.120977,0,1,0.12091898428053205,0,1,1,4,9,0,0,0,0,0,30,30,28,28
2022-09-28,1,0.121867,0,1,0.12135922330097088,0,1,2,4,9,1,0,0,0,0,30,30,29,27
2022-09-29,1,0.122047,0,1,0.12180267965895249,0,1,3,5,9,1,0,0,0,0,30,30,30,26
2022-09-30,1,0.11976300000000001,0,1,0.12033694344163658,0,1,4,5,9,1,0,0,0,0,30,30,30,25
2022-10-01,0,0.115957,0,1,0.11961722488038279,0,1,5,1,10,0,1,1,0,0,30,30,30,24
2022-10-02,0,0.115957,1,0,0.11961722488038279,0,1,6,1,10,0,1,1,0,0,30,30,30,23
2022-10-03,1,0.115957,2,0,0.11961722488038279,0,1,0,1,10,0,0,0,0,0,30,30,30,22
2022-10-04,1,0.12075799999999999,0,1,0.12195121951219513,0,1,1,1,10,0,0,0,0,0,30,30,30,21
2022-10-05,1,0.123638,0,1,0.12484394506866417,0,1,2,1,10,0,0,0,0,0,30,30,30,20
2022-10-06,1,0.125676,0,1,0.1264222503160556,0,1,3,1,10,0,0,0,0,0,30,29,30,19
2022-10-07,1,0.128182,0,1,0.1287001287001287,0,1,4,1,10,0,0,0,0,0,30,28,30,18
2022-10-08,0,0.130661,0,1,0.12987012987012986,0,1,5,2,10,0,1,1,0,0,30,27,30,17
2022-10-09,0,0.130661,1,0,0.12987012987012986,0,1,6,2,10,0,1,1,0,0,30,26,30,16
2022-10-10,1,0.130661,2,0,0.12987012987012986,0,1,0,2,10,0,0,0,0,0,30,25,30,15
2022-10-11,1,0.13200699999999999,0,1,0.13123359580052493,0,1,1,2,10,0,0,0,0,0,30,24,30,14
2022-10-12,1,0.13452999999999998,0,1,0.13440860215053763,0,1,2,2,10,0,0,0,0,0,30,23,30,13
2022-10-13,1,0.134237,0,1,0.13351134846461948,0,1,3,2,10,0,0,0,0,0,30,22,30,12
2022-10-14,1,0.132858,0,1,0.1321003963011889,0,1,4,2,10,0,0,0,0,0,30,21,30,11
2022-10-15,0,0.131553,0,1,0.1321003963011889,0,1,5,3,10,0,1,1,0,0,30,20,30,10
2022-10-16,0,0.131553,1,0,0.1321003963011889,0,1,6,3,10,0,1,1,0,0,30,19,30,9
2022-10-17,1,0.131553,2,0,0.1321003963011889,0,1,0,3,10,0,0,0,0,0,30,18,30,8
2022-10-18,1,0.129513,0,1,0.13020833333333334,0,1,1,3,10,0,0,0,0,0,30,17,30,7
2022-10-19,1,0.130473,0,1,0.13054830287206265,0,1,2,3,10,0,0,0,0,0,30,16,30,6
2022-10-20,1,0.130246,0,1,0.13089005235602094,0,1,3,3,10,0,0,0,0,0,30,15,30,5
2022-10-21,1,0.130819,0,1,0.13157894736842105,0,1,4,3,10,0,0,0,0,0,30,14,30,4
2022-10-22,0,0.130685,0,1,0.1303780964797914,0,1,5,4,10,0,1,1,0,0,30,13,30,3
2022-10-23,0,0.130685,1,0,0.12820512820512822,0,1,6,4,10,0,1,1,0,0,30,12,30,2
2022-10-24,1,0.130685,2,0,0.12820512820512822,0,1,0,4,10,0,0,0,0,0,30,11,30,1
2022-10-25,1,0.129328,0,1,0.12820512820512822,0,1,1,4,10,0,0,0,0,1,30,10,0,0
2022-10-26,1,0.129686,0,1,0.12820512820512822,0,1,2,4,10,0,0,0,0,0,30,9,1,30
2022-10-27,1,0.129888,0,1,0.1303780964797914,0,1,3,4,10,0,0,0,0,0,30,8,2,30
2022-10-28,1,0.130185,0,1,0.13175230566534915,0,1,4,4,10,0,0,0,0,0,30,7,3,30
2022-10-29,0,0.13222899999999999,0,1,0.13192612137203166,0,1,5,5,10,1,1,1,0,0,30,6,4,30
2022-10-30,0,0.13222899999999999,1,0,0.13192612137203166,0,1,6,5,10,1,1,1,0,0,30,5,5,30
2022-10-31,1,0.13222899999999999,2,0,0.13192612137203166,0,1,0,5,10,1,0,0,0,0,30,4,6,30
2022-11-01,1,0.131955,0,1,0.13157894736842105,0,1,1,1,11,0,0,0,0,0,30,3,7,30
2022-11-02,1,0.131157,0,1,0.1314060446780552,0,1,2,1,11,0,0,0,0,0,30,2,8,30
2022-11-03,1,0.132164,0,1,0.13386880856760375,0,1,3,1,11,0,0,0,0,0,30,1,9,30
2022-11-04,0,0.134826,0,1,0.13386880856760375,0,1,4,1,11,0,0,0,1,0,0,0,10,30
2022-11-05,0,0.134826,1,0,0.13351134846461948,0,1,5,1,11,0,1,1,0,0,1,30,11,30
2022-11-06,0,0.134826,2,0,0.13351134846461948,0,1,6,1,11,0,1,1,0,0,2,30,12,30
2022-11-07,1,0.134826,3,0,0.13351134846461948,0,1,0,1,11,0,0,0,0,0,3,30,13,30
2022-11-08,1,0.131848,0,1,0.13175230566534915,0,1,1,2,11,0,0,0,0,0,4,30,14,30
2022-11-09,1,0.131304,0,1,0.1314060446780552,0,1,2,2,11,0,0,0,0,0,5,30,15,30
2022-11-10,1,0.131594,0,1,0.13123359580052493,0,1,3,2,11,0,0,0,0,0,6,30,16,30
2022-11-11,1,0.131542,0,1,0.13020833333333334,0,1,4,2,11,0,0,0,0,0,7,30,17,30
2022-11-12,0,0.12828099999999998,0,1,0.1303780964797914,0,1,5,2,11,0,1,1,0,0,8,30,18,30
2022-11-13,0,0.12828099999999998,1,0,0.1303780964797914,0,1,6,2,11,0,1,1,0,0,9,30,19,30
2022-11-14,1,0.12828099999999998,2,0,0.1303780964797914,0,1,0,2,11,0,0,0,0,0,10,30,20,30
2022-11-15,1,0.130729,0,1,0.1314060446780552,0,1,1,3,11,0,0,0,0,0,11,30,21,30
2022-11-16,1,0.131186,0,1,0.13089005235602094,0,1,2,3,11,0,0,0,0,0,12,30,22,30
2022-11-17,1,0.13091,0,1,0.1314060446780552,0,1,3,3,11,0,0,0,0,0,13,30,23,29
2022-11-18,1,0.131467,0,1,0.1314060446780552,0,1,4,3,11,0,0,0,0,0,14,30,24,28
2022-11-19,0,0.13152,0,1,0.1314060446780552,0,1,5,3,11,0,1,1,0,0,15,30,25,27
2022-11-20,0,0.13152,1,0,0.1314060446780552,0,1,6,3,11,0,1,1,0,0,16,30,26,26
2022-11-21,1,0.13152,2,0,0.1314060446780552,0,1,0,3,11,0,0,0,0,0,17,30,27,25
2022-11-22,1,0.13231500000000002,0,1,0.13089005235602094,0,1,1,4,11,0,0,0,0,0,18,30,28,24
2022-11-23,1,0.130852,0,1,0.13089005235602094,0,1,2,4,11,0,0,0,0,0,19,30,29,23
2022-11-24,1,0.130749,0,1,0.13089005235602094,0,1,3,4,11,0,0,0,0,0,20,30,30,22
2022-11-25,1,0.130523,0,1,0.1295336787564767,0,1,4,4,11,0,0,0,0,0,21,30,30,21
2022-11-26,0,0.129799,0,1,0.13003901170351104,0,1,5,4,11,0,1,1,0,0,22,30,30,20
2022-11-27,0,0.129799,1,0,0.13003901170351104,0,1,6,4,11,0,1,1,0,0,23,30,30,19
2022-11-28,1,0.129799,2,0,0.13003901170351104,0,1,0,4,11,1,0,0,0,0,24,30,30,18
2022-11-29,1,0.130543,0,1,0.12987012987012986,0,1,1,5,11,1,0,0,0,0,25,30,30,17
2022-11-30,1,0.130503,0,1,0.1303780964797914,0,1,2,5,11,1,0,0,0,0,26,30,30,16
2022-12-01,1,0.129967,0,1,0.12987012987012986,0,1,3,1,12,0,0,0,0,0,27,30,30,15
2022-12-02,1,0.130407,0,1,0.13054830287206265,0,1,4,1,12,0,0,0,0,0,28,30,30,14
2022-12-03,0,0.131871,0,1,0.13175230566534915,0,1,5,1,12,0,1,1,0,0,29,29,30,13
2022-12-04,0,0.131871,1,0,0.13175230566534915,0,1,6,1,12,0,1,1,0,0,30,28,30,12
2022-12-05,1,0.131871,2,0,0.13175230566534915,0,1,0,1,12,0,0,0,0,0,30,27,30,11
2022-12-06,1,0.13259600000000002,0,1,0.1322751322751323,0,1,1,1,12,0,0,0,0,0,30,26,30,10
2022-12-07,1,0.13408799999999998,0,1,0.13333333333333333,0,1,2,1,12,0,0,0,0,0,30,25,30,9
2022-12-08,1,0.133248,0,1,0.13280212483399734,0,1,3,2,12,0,0,0,0,0,30,24,30,8
2022-12-09,1,0.132137,0,1,0.1321003963011889,0,1,4,2,12,0,0,0,0,0,30,23,30,7
2022-12-10,0,0.132116,0,1,0.13071895424836602,0,1,5,2,12,0,1,1,0,0,30,22,30,6
2022-12-11,0,0.132116,1,0,0.13071895424836602,0,1,6,2,12,0,1,1,0,0,30,21,30,5
2022-12-12,1,0.132116,2,0,0.13071895424836602,0,1,0,2,12,0,0,0,0,0,30,20,30,4
2022-12-13,1,0.132942,0,1,0.13351134846461948,0,1,1,2,12,0,0,0,0,0,30,19,30,3
2022-12-14,1,0.134514,0,1,0.13440860215053763,0,1,2,2,12,0,0,0,0,0,30,18,30,2
2022-12-15,1,0.134993,0,1,0.13513513513513511,0,1,3,3,12,0,0,0,0,0,30,17,30,1
2022-12-16,1,0.137244,0,1,0.136986301369863,0,1,4,3,12,0,0,0,0,1,30,16,0,0
2022-12-17,0,0.137886,0,1,0.136986301369863,0,1,5,3,12,0,1,1,0,0,30,15,1,15
2022-12-18,0,0.137886,1,0,0.136986301369863,0,1,6,3,12,0,1,1,0,0,30,14,2,14
2022-12-19,1,0.137886,2,0,0.136986301369863,0,1,0,3,12,0,0,0,0,0,30,13,3,13
2022-12-20,1,0.141599,0,1,0.136986301369863,1,0,1,3,12,0,0,0,0,0,30,12,4,12
2022-12-21,1,0.147368,0,1,0.14705882352941177,0,1,2,3,12,0,0,0,0,0,30,11,5,11
2022-12-22,1,0.150317,0,1,0.15015015015015015,0,1,3,4,12,0,0,0,0,0,30,10,6,10
2022-12-23,1,0.153378,0,1,0.15432098765432098,0,1,4,4,12,0,0,0,0,0,30,9,7,9
2022-12-24,0,0.147064,0,1,0.14684287812041116,0,1,5,4,12,0,1,1,0,0,30,8,8,8
2022-12-25,0,0.147064,1,0,0.14684287812041116,0,1,6,4,12,0,1,1,0,0,30,7,9,7
2022-12-26,1,0.147064,2,0,0.14684287812041116,0,1,0,4,12,0,0,0,0,0,30,6,10,6
2022-12-27,1,0.14816700000000002,0,1,0.14836795252225518,0,1,1,4,12,0,0,0,0,0,30,5,11,5
2022-12-28,1,0.151669,0,1,0.1519756838905775,0,1,2,4,12,0,0,0,0,0,30,4,12,4
2022-12-29,1,0.15484799999999999,0,1,0.15408320493066255,0,1,3,5,12,1,0,0,0,0,30,3,13,3
2022-12-30,1,0.156056,0,1,0.15552099533437014,0,1,4,5,12,1,0,0,0,0,30,2,14,2
2022-12-31,0,0.152583,0,1,0.15552099533437014,0,1,5,5,12,1,1,1,0,0,30,1,15,1
2023-01-01,0,0.152583,1,0,0.15552099533437014,0,1,6,1,1,0,1,1,1,1,0,0,0,0
2023-01-02,0,0.152583,2,0,0.15552099533437014,0,1,0,1,1,0,0,0,1,1,0,0,0,0
2023-01-03,1,0.152583,3,0,0.15552099533437014,0,1,1,1,1,0,0,0,1,0,0,0,1,4
2023-01-04,1,0.152583,4,0,0.15552099533437014,0,1,2,1,1,0,0,0,1,0,0,0,2,3
2023-01-05,1,0.152583,5,0,0.15313935681470137,0,1,3,1,1,0,0,0,1,0,0,0,3,2
2023-01-06,1,0.152583,6,0,0.15313935681470137,0,1,4,1,1,0,0,0,1,0,0,0,4,1
2023-01-07,0,0.152583,7,0,0.15503875968992248,0,1,5,1,1,0,1,1,1,1,0,0,0,0
2023-01-08,0,0.152583,8,0,0.15503875968992248,0,1,6,2,1,0,1,1,1,0,0,0,1,1
2023-01-09,1,0.152583,9,0,0.15503875968992248,0,1,0,2,1,0,0,0,1,1,0,0,0,0
2023-01-10,1,0.151735,0,1,0.15037593984962405,0,1,1,2,1,0,0,0,0,0,1,30,1,30
2023-01-11,1,0.15051,0,1,0.15037593984962405,0,1,2,2,1,0,0,0,0,0,2,30,2,30
2023-01-12,1,0.149446,0,1,0.14947683109118085,0,1,3,2,1,0,0,0,0,0,3,30,3,30
2023-01-13,1,0.146641,0,1,0.14641288433382138,0,1,4,2,1,0,0,0,0,0,4,30,4,30
2023-01-14,0,0.146082,0,1,0.14556040756914118,0,1,5,2,1,0,1,1,0,0,5,30,5,30
2023-01-15,0,0.146082,1,0,0.14556040756914118,0,1,6,3,1,0,1,1,0,0,6,30,6,30
2023-01-16,1,0.146082,2,0,0.14556040756914118,0,1,0,3,1,0,0,0,0,0,7,30,7,30
2023-01-17,1,0.14771900000000002,0,1,0.14792899408284024,0,1,1,3,1,0,0,0,0,0,8,30,8,30
2023-01-18,1,0.14840299999999998,0,1,0.14771048744460857,0,1,2,3,1,0,0,0,0,0,9,30,9,30
2023-01-19,1,0.148404,0,1,0.14792899408284024,0,1,3,3,1,0,0,0,0,0,10,30,10,30
2023-01-20,1,0.148268,0,1,0.1485884101040119,0,1,4,3,1,0,0,0,0,0,11,30,11,30
2023-01-21,0,0.14837999999999998,0,1,0.14836795252225518,0,1,5,3,1,0,1,1,0,0,12,30,12,30
2023-01-22,0,0.14837999999999998,1,0,0.14836795252225518,0,1,6,4,1,0,1,1,0,0,13,30,13,30
2023-01-23,1,0.14837999999999998,2,0,0.14836795252225518,0,1,0,4,1,0,0,0,0,0,14,30,14,30
2023-01-24,1,0.148371,0,1,0.14836795252225518,0,1,1,4,1,0,0,0,0,0,15,30,15,30
2023-01-25,1,0.148803,0,1,0.1488095238095238,0,1,2,4,1,0,0,0,0,0,16,29,16,30
2023-01-26,1,0.149297,0,1,0.14925373134328357,0,1,3,4,1,0,0,0,0,0,17,28,17,30
2023-01-27,1,0.149815,0,1,0.14947683109118085,0,1,4,4,1,0,0,0,0,0,18,27,18,30
2023-01-28,0,0.150285,0,1,0.15037593984962405,0,1,5,4,1,0,1,1,0,0,19,26,19,30
2023-01-29,0,0.150285,1,0,0.15037593984962405,0,1,6,5,1,1,1,1,0,0,20,25,20,30
2023-01-30,1,0.150285,2,0,0.15037593984962405,0,1,0,5,1,1,0,0,0,0,21,24,21,30
2023-01-31,1,0.151147,0,1,0.1510574018126888,0,1,1,5,1,1,0,0,0,0,22,23,22,30
2023-02-01,1,0.153325,0,1,0.15313935681470137,0,1,2,1,2,0,0,0,0,0,23,22,23,30
2023-02-02,1,0.15227000000000002,0,1,0.15220700152207,0,1,3,1,2,0,0,0,0,0,24,21,24,30
2023-02-03,1,0.151976,0,1,0.15220700152207,0,1,4,1,2,0,0,0,0,0,25,20,25,30
2023-02-04,0,0.15303699999999998,0,1,0.15337423312883436,0,1,5,1,2,0,1,1,0,0,26,19,26,30
2023-02-05,0,0.15303699999999998,1,0,0.15337423312883436,0,1,6,1,2,0,1,1,0,0,27,18,27,30
2023-02-06,1,0.15303699999999998,2,0,0.15337423312883436,0,1,0,1,2,0,0,0,0,0,28,17,28,30
2023-02-07,1,0.153915,0,1,0.15408320493066255,0,1,1,1,2,0,0,0,0,0,29,16,29,29
2023-02-08,1,0.154888,0,1,0.15503875968992248,0,1,2,2,2,0,0,0,0,0,30,15,30,28
2023-02-09,1,0.15662900000000002,0,1,0.15723270440251572,0,1,3,2,2,0,0,0,0,0,30,14,30,27
2023-02-10,1,0.15997999999999998,0,1,0.1607717041800643,0,1,4,2,2,0,0,0,0,0,30,13,30,26
2023-02-11,0,0.160906,0,1,0.16155088852988692,0,1,5,2,2,0,1,1,0,0,30,12,30,25
2023-02-12,0,0.160906,1,0,0.16155088852988692,0,1,6,2,2,0,1,1,0,0,30,11,30,24
2023-02-13,1,0.160906,2,0,0.16155088852988692,0,1,0,2,2,0,0,0,0,0,30,10,30,23
2023-02-14,1,0.163337,0,1,0.16286644951140067,0,1,1,2,2,0,0,0,0,0,30,9,30,22
2023-02-15,1,0.163262,0,1,0.1636661211129296,0,1,2,3,2,0,0,0,0,0,30,8,30,21
2023-02-16,1,0.164478,0,1,0.16611295681063123,0,1,3,3,2,0,0,0,0,0,30,7,30,20
2023-02-17,1,0.167148,0,1,0.1680672268907563,0,1,4,3,2,0,0,0,0,0,30,6,30,19
2023-02-18,0,0.168342,0,1,0.16778523489932887,0,1,5,3,2,0,1,1,0,0,30,5,30,18
2023-02-19,0,0.168342,1,0,0.16778523489932887,0,1,6,3,2,0,1,1,0,0,30,4,30,17
2023-02-20,1,0.168342,2,0,0.16778523489932887,0,1,0,3,2,0,0,0,0,0,30,3,30,16
2023-02-21,1,0.166678,0,1,0.1652892561983471,0,1,1,3,2,0,0,0,0,0,30,2,30,15
2023-02-22,1,0.16721699999999998,0,1,0.16722408026755853,0,1,2,4,2,0,0,0,0,0,30,1,30,14
2023-02-23,0,0.16763999999999998,0,1,0.16778523489932887,0,1,3,4,2,0,0,0,1,0,0,0,30,13
2023-02-24,1,0.16763999999999998,1,0,0.1669449081803005,0,1,4,4,2,0,0,0,0,0,1,12,30,12
2023-02-25,0,0.16763999999999998,2,0,0.16863406408094436,0,1,5,4,2,0,1,1,0,0,2,11,30,11
2023-02-26,0,0.16763999999999998,3,0,0.16863406408094436,0,1,6,4,2,1,1,1,0,0,3,10,30,10
2023-02-27,1,0.16763999999999998,4,0,0.16863406408094436,0,1,0,4,2,1,0,0,0,0,4,9,30,9
2023-02-28,1,0.168477,0,1,0.16778523489932887,0,1,1,4,2,1,0,0,0,0,5,8,30,8
2023-03-01,1,0.166748,0,1,0.16778523489932887,0,1,2,1,3,0,0,0,0,0,6,7,30,7
2023-03-02,1,0.168793,0,1,0.17006802721088435,0,1,3,1,3,0,0,0,0,0,7,6,30,6
2023-03-03,1,0.170711,0,1,0.17301038062283736,0,1,4,1,3,0,0,0,0,0,8,5,30,5
2023-03-04,0,0.17319500000000002,0,1,0.17482517482517484,0,1,5,1,3,0,1,1,0,0,9,4,30,4
2023-03-05,0,0.17319500000000002,1,0,0.17482517482517484,0,1,6,1,3,0,1,1,0,0,10,3,30,3
2023-03-06,1,0.17319500000000002,2,0,0.17482517482517484,0,1,0,1,3,0,0,0,0,0,11,2,30,2
2023-03-07,1,0.17507799999999998,0,1,0.17391304347826086,0,1,1,1,3,0,0,0,0,0,12,1,30,1
2023-03-08,0,0.174336,0,1,0.17211703958691912,0,1,2,2,3,0,0,0,1,1,0,0,0,0
2023-03-09,1,0.174336,1,0,0.17211703958691912,0,1,3,2,3,0,0,0,0,0,1,30,1,12
2023-03-10,1,0.173069,0,1,0.1718213058419244,0,1,4,2,3,0,0,0,0,0,2,30,2,11
2023-03-11,0,0.172154,0,1,0.17035775127768313,0,1,5,2,3,0,1,1,0,0,3,30,3,10
2023-03-12,0,0.172154,1,0,0.17035775127768313,0,1,6,2,3,0,1,1,0,0,4,30,4,9
2023-03-13,1,0.172154,2,0,0.17035775127768313,0,1,0,2,3,0,0,0,0,0,5,30,5,8
2023-03-14,1,0.16920200000000002,0,1,0.16556291390728478,0,1,1,2,3,0,0,0,0,0,6,30,6,7
2023-03-15,1,0.16465800000000003,0,1,0.16420361247947454,0,1,2,3,3,0,0,0,0,0,7,30,7,6
2023-03-16,1,0.165304,0,1,0.16286644951140067,0,1,3,3,3,0,0,0,0,0,8,30,8,5
2023-03-17,1,0.164396,0,1,0.1639344262295082,0,1,4,3,3,0,0,0,0,0,9,30,9,4
2023-03-18,0,0.16433399999999998,0,1,0.16611295681063123,0,1,5,3,3,0,1,1,0,0,10,30,10,3
2023-03-19,0,0.16433399999999998,1,0,0.16611295681063123,0,1,6,3,3,0,1,1,0,0,11,30,11,2
2023-03-20,1,0.16433399999999998,2,0,0.16611295681063123,0,1,0,3,3,0,0,0,0,0,12,30,12,1
2023-03-21,1,0.16763000000000003,0,1,0.1669449081803005,0,1,1,3,3,0,0,0,0,1,13,30,0,0
2023-03-22,1,0.166185,0,1,0.1669449081803005,0,1,2,4,3,0,0,0,0,1,14,30,0,0
2023-03-23,1,0.166442,0,1,0.1669449081803005,0,1,3,4,3,0,0,0,0,1,15,30,0,0
2023-03-24,1,0.165038,0,1,0.1669449081803005,0,1,4,4,3,0,0,0,0,0,16,30,1,30
2023-03-25,0,0.16534300000000002,0,1,0.16750418760469013,0,1,5,4,3,0,1,1,0,0,17,30,2,30
2023-03-26,0,0.16534300000000002,1,0,0.16750418760469013,0,1,6,4,3,0,1,1,0,0,18,30,3,30
2023-03-27,1,0.16534300000000002,2,0,0.16750418760469013,0,1,0,4,3,0,0,0,0,0,19,30,4,30
2023-03-28,1,0.167435,0,1,0.16666666666666666,0,1,1,4,3,0,0,0,0,0,20,30,5,30
2023-03-29,1,0.166919,0,1,0.16835016835016833,0,1,2,5,3,1,0,0,0,0,21,30,6,30
2023-03-30,1,0.16918299999999997,0,1,0.17152658662092624,0,1,3,5,3,1,0,0,0,0,22,30,7,30
2023-03-31,1,0.17191800000000002,0,1,0.1718213058419244,0,1,4,5,3,1,0,0,0,0,23,30,8,30
2023-04-01,0,0.172577,0,1,0.1706484641638225,0,1,5,1,4,0,1,1,0,0,24,30,9,30
2023-04-02,0,0.172577,1,0,0.1706484641638225,0,1,6,1,4,0,1,1,0,0,25,29,10,29
2023-04-03,1,0.172577,2,0,0.1706484641638225,0,1,0,1,4,0,0,0,0,0,26,28,11,28
2023-04-04,1,0.17256900000000003,0,1,0.17301038062283736,0,1,1,1,4,0,0,0,0,0,27,27,12,27
2023-04-05,1,0.17602299999999999,0,1,0.17667844522968199,0,1,2,1,4,0,0,0,0,0,28,26,13,26
2023-04-06,1,0.17689800000000003,0,1,0.17761989342806395,0,1,3,1,4,0,0,0,0,0,29,25,14,25
2023-04-07,1,0.18055800000000002,0,1,0.18050541516245489,0,1,4,1,4,0,0,0,0,0,30,24,15,24
2023-04-08,0,0.18420999999999998,0,1,0.18656716417910446,0,1,5,2,4,0,1,1,0,0,30,23,16,23
2023-04-09,0,0.18420999999999998,1,0,0.18656716417910446,0,1,6,2,4,0,1,1,0,0,30,22,17,22
2023-04-10,1,0.18420999999999998,2,0,0.18656716417910446,0,1,0,2,4,0,0,0,0,0,30,21,18,21
2023-04-11,1,0.18369,0,1,0.1838235294117647,0,1,1,2,4,0,0,0,0,0,30,20,19,20
2023-04-12,1,0.184969,0,1,0.18315018315018314,0,1,2,2,4,0,0,0,0,0,30,19,20,19
2023-04-13,1,0.18290900000000002,0,1,0.1811594202898551,0,1,3,2,4,0,0,0,0,0,30,18,21,18
2023-04-14,1,0.18031199999999997,0,1,0.18148820326678766,0,1,4,2,4,0,0,0,0,0,30,17,22,17
2023-04-15,0,0.181177,0,1,0.1811594202898551,0,1,5,3,4,0,1,1,0,0,30,16,23,16
2023-04-16,0,0.181177,1,0,0.1811594202898551,0,1,6,3,4,0,1,1,0,0,30,15,24,15
2023-04-17,1,0.181177,2,0,0.1811594202898551,0,1,0,3,4,0,0,0,0,0,30,14,25,14
2023-04-18,1,0.181295,0,1,0.1811594202898551,0,1,1,3,4,0,0,0,0,0,30,13,26,13
2023-04-19,1,0.181983,0,1,0.18083182640144665,0,1,2,3,4,0,0,0,0,0,30,12,27,12
2023-04-20,1,0.181053,0,1,0.17921146953405018,0,1,3,3,4,0,0,0,0,0,30,11,28,11
2023-04-21,1,0.179354,0,1,0.17921146953405018,0,1,4,3,4,0,0,0,0,0,30,10,29,10
2023-04-22,0,0.178843,0,1,0.17605633802816903,0,1,5,4,4,0,1,1,0,0,30,9,30,9
2023-04-23,0,0.178843,1,0,0.17605633802816903,0,1,6,4,4,0,1,1,0,0,30,8,30,8
2023-04-24,1,0.178843,2,0,0.17605633802816903,0,1,0,4,4,0,0,0,0,0,30,7,30,7
2023-04-25,1,0.177579,0,1,0.17793594306049823,0,1,1,4,4,0,0,0,0,0,30,6,30,6
2023-04-26,1,0.178704,0,1,0.17889087656529518,0,1,2,4,4,0,0,0,0,0,30,5,30,5
2023-04-27,1,0.17938500000000002,0,1,0.1798561151079137,0,1,3,4,4,0,0,0,0,0,30,4,30,4
2023-04-28,1,0.179676,0,1,0.17857142857142858,0,1,4,4,4,1,0,0,0,0,30,3,30,3
2023-04-29,0,0.17647400000000002,0,1,0.17761989342806395,0,1,5,5,4,1,1,1,0,0,30,2,30,2
2023-04-30,0,0.17647400000000002,1,0,0.17761989342806395,0,1,6,5,4,1,1,1,0,0,30,1,30,1
2023-05-01,0,0.17647400000000002,2,0,0.17761989342806395,0,1,0,1,5,0,0,0,1,1,0,0,0,0
2023-05-02,1,0.17647400000000002,3,0,0.17761989342806395,0,1,1,1,5,0,0,0,0,0,1,7,1,5
2023-05-03,1,0.176362,0,1,0.1773049645390071,0,1,2,1,5,0,0,0,0,0,2,6,2,4
2023-05-04,1,0.176572,0,1,0.17921146953405018,0,1,3,1,5,0,0,0,0,0,3,5,3,3
2023-05-05,1,0.177651,0,1,0.17574692442882248,0,1,4,1,5,0,0,0,0,0,4,4,4,2
2023-05-06,0,0.172518,0,1,0.1724137931034483,0,1,5,1,5,0,1,1,0,0,5,3,5,1
2023-05-07,0,0.172518,1,0,0.1724137931034483,0,1,6,1,5,0,1,1,0,1,6,2,0,0
2023-05-08,1,0.172518,2,0,0.1724137931034483,0,1,0,2,5,0,0,0,0,1,7,1,0,0
2023-05-09,0,0.172518,3,0,0.1724137931034483,0,1,1,2,5,0,0,0,1,1,0,0,0,0
2023-05-10,1,0.172518,4,0,0.1724137931034483,0,1,2,2,5,0,0,0,0,0,1,30,1,30
2023-05-11,1,0.17223500000000003,0,1,0.1718213058419244,0,1,3,2,5,0,0,0,0,0,2,30,2,30
2023-05-12,1,0.17085,0,1,0.17006802721088435,0,1,4,2,5,0,0,0,0,0,3,30,3,30
2023-05-13,0,0.173797,0,1,0.17301038062283736,0,1,5,2,5,0,1,1,0,0,4,30,4,30
2023-05-14,0,0.173797,1,0,0.17301038062283736,0,1,6,2,5,0,1,1,0,0,5,29,5,30
2023-05-15,1,0.173797,2,0,0.17301038062283736,0,1,0,3,5,0,0,0,0,0,6,28,6,30
2023-05-16,1,0.17735900000000002,0,1,0.17574692442882248,0,1,1,3,5,0,0,0,0,0,7,27,7,30
2023-05-17,1,0.177544,0,1,0.17825311942959002,0,1,2,3,5,0,0,0,0,0,8,26,8,30
2023-05-18,1,0.17982399999999998,0,1,0.17953321364452424,0,1,3,3,5,0,0,0,0,0,9,25,9,30
2023-05-19,1,0.177982,0,1,0.17825311942959002,0,1,4,3,5,0,0,0,0,0,10,24,10,30
2023-05-20,0,0.177896,0,1,0.17793594306049823,0,1,5,3,5,0,1,1,0,0,11,23,11,30
2023-05-21,0,0.177896,1,0,0.17793594306049823,0,1,6,3,5,0,1,1,0,0,12,22,12,30
2023-05-22,1,0.177896,2,0,0.17793594306049823,0,1,0,4,5,0,0,0,0,0,13,21,13,30
2023-05-23,1,0.178309,0,1,0.17921146953405018,0,1,1,4,5,0,0,0,0,0,14,20,14,30
2023-05-24,1,0.180101,0,1,0.18148820326678766,0,1,2,4,5,0,0,0,0,0,15,19,15,30
2023-05-25,1,0.181027,0,1,0.1798561151079137,0,1,3,4,5,0,0,0,0,0,16,18,16,30
2023-05-26,1,0.17996600000000001,0,1,0.17857142857142858,0,1,4,4,5,0,0,0,0,0,17,17,17,30
2023-05-27,0,0.179037,0,1,0.17953321364452424,0,1,5,4,5,0,1,1,0,0,18,16,18,30
2023-05-28,0,0.179037,1,0,0.17953321364452424,0,1,6,4,5,0,1,1,0,0,19,15,19,30
2023-05-29,1,0.179037,2,0,0.17953321364452424,0,1,0,5,5,1,0,0,0,0,20,14,20,30
2023-05-30,1,0.17962599999999998,0,1,0.1798561151079137,0,1,1,5,5,1,0,0,0,0,21,13,21,30
2023-05-31,1,0.18154399999999998,0,1,0.18083182640144665,0,1,2,5,5,1,0,0,0,0,22,12,22,30
2023-06-01,1,0.181163,0,1,0.17921146953405018,0,1,3,1,6,0,0,0,0,0,23,11,23,30
2023-06-02,1,0.180675,0,1,0.1798561151079137,0,1,4,1,6,0,0,0,0,0,24,10,24,30
2023-06-03,0,0.18023599999999998,0,1,0.18050541516245489,0,1,5,1,6,0,1,1,0,0,25,9,25,30
2023-06-04,0,0.18023599999999998,1,0,0.18050541516245489,0,1,6,1,6,0,1,1,0,0,26,8,26,30
2023-06-05,1,0.18023599999999998,2,0,0.18050541516245489,0,1,0,1,6,0,0,0,0,0,27,7,27,30
2023-06-06,1,0.18157900000000002,0,1,0.1811594202898551,0,1,1,1,6,0,0,0,0,0,28,6,28,30
2023-06-07,1,0.181075,0,1,0.18148820326678766,0,1,2,1,6,0,0,0,0,0,29,5,29,29
2023-06-08,1,0.18194400000000002,0,1,0.18214936247723132,0,1,3,2,6,0,0,0,0,0,30,4,30,28
2023-06-09,1,0.183797,0,1,0.18450184501845018,0,1,4,2,6,0,0,0,0,0,30,3,30,27
2023-06-10,0,0.185774,0,1,0.18518518518518517,0,1,5,2,6,0,1,1,0,0,30,2,30,26
2023-06-11,0,0.185774,1,0,0.18518518518518517,0,1,6,2,6,0,1,1,0,0,30,1,30,25
2023-06-12,0,0.185774,2,0,0.18518518518518517,0,1,0,2,6,0,0,0,1,0,0,0,30,24
2023-06-13,1,0.185774,3,0,0.1841620626151013,0,1,1,2,6,0,0,0,0,0,1,30,30,23
2023-06-14,1,0.186981,0,1,0.1869158878504673,0,1,2,2,6,0,0,0,0,0,2,30,30,22
2023-06-15,1,0.18796500000000002,0,1,0.1869158878504673,0,1,3,3,6,0,0,0,0,0,3,30,30,21
2023-06-16,1,0.18651399999999999,0,1,0.1855287569573284,0,1,4,3,6,0,0,0,0,0,4,30,30,20
2023-06-17,0,0.18514,0,1,0.18518518518518517,0,1,5,3,6,0,1,1,0,0,5,30,30,19
2023-06-18,0,0.18514,1,0,0.18518518518518517,0,1,6,3,6,0,1,1,0,0,6,30,30,18
2023-06-19,1,0.18514,2,0,0.18518518518518517,0,1,0,3,6,0,0,0,0,0,7,30,30,17
2023-06-20,1,0.18622699999999998,0,1,0.18761726078799248,0,1,1,3,6,0,0,0,0,0,8,30,30,16
2023-06-21,1,0.18837900000000002,0,1,0.18761726078799248,0,1,2,3,6,0,0,0,0,0,9,30,30,15
2023-06-22,1,0.187925,0,1,0.18796992481203006,0,1,3,4,6,0,0,0,0,0,10,30,30,14
2023-06-23,1,0.186875,0,1,0.18656716417910446,0,1,4,4,6,0,0,0,0,0,11,30,30,13
2023-06-24,0,0.187836,0,1,0.18796992481203006,0,1,5,4,6,0,1,1,0,0,12,30,30,12
2023-06-25,0,0.187836,1,0,0.18796992481203006,0,1,6,4,6,0,1,1,0,0,13,30,30,11
2023-06-26,1,0.187836,2,0,0.18796992481203006,0,1,0,4,6,0,0,0,0,0,14,30,30,10
2023-06-27,1,0.18938400000000002,0,1,0.18796992481203006,0,1,1,4,6,0,0,0,0,0,15,30,30,9
2023-06-28,1,0.188976,0,1,0.18867924528301888,0,1,2,4,6,1,0,0,0,0,16,30,30,8
2023-06-29,1,0.19011299999999998,0,1,0.18867924528301888,0,1,3,5,6,1,0,0,0,0,17,30,30,7
2023-06-30,1,0.193255,0,1,0.19157088122605365,0,1,4,5,6,1,0,0,0,0,18,30,30,6
2023-07-01,0,0.194624,0,1,0.19455252918287938,0,1,5,1,7,0,1,1,0,0,19,30,30,5
2023-07-02,0,0.194624,1,0,0.19342359767891684,0,1,6,1,7,0,1,1,0,0,20,30,30,4
2023-07-03,1,0.194624,2,0,0.19342359767891684,0,1,0,1,7,0,0,0,0,0,21,30,30,3
2023-07-04,1,0.198797,0,1,0.1996007984031936,0,1,1,1,7,0,0,0,0,0,22,30,30,2
2023-07-05,1,0.199819,0,1,0.2004008016032064,0,1,2,1,7,0,0,0,0,0,23,30,30,1
2023-07-06,1,0.202193,0,1,0.2040816326530612,0,1,3,1,7,0,0,0,0,1,24,30,0,0
2023-07-07,1,0.208565,0,1,0.2040816326530612,0,1,4,1,7,0,0,0,0,0,25,30,1,30
2023-07-08,0,0.206579,0,1,0.2040816326530612,0,1,5,2,7,0,1,1,0,0,26,30,2,30
2023-07-09,0,0.206579,1,0,0.2040816326530612,0,1,6,2,7,0,1,1,0,0,27,30,3,30
2023-07-10,1,0.206579,2,0,0.2040816326530612,0,1,0,2,7,0,0,0,0,0,28,30,4,30
2023-07-11,1,0.20614000000000002,0,1,0.2061855670103093,0,1,1,2,7,0,0,0,0,0,29,30,5,30
2023-07-12,1,0.203431,0,1,0.20491803278688525,0,1,2,2,7,0,0,0,0,0,30,30,6,30
2023-07-13,1,0.205448,0,1,0.2053388090349076,0,1,3,2,7,0,0,0,0,0,30,30,7,30
2023-07-14,1,0.204689,0,1,0.2032520325203252,0,1,4,2,7,0,0,0,0,0,30,30,8,30
2023-07-15,0,0.203245,0,1,0.20202020202020202,0,1,5,3,7,0,1,1,0,0,30,30,9,30
2023-07-16,0,0.203245,1,0,0.20202020202020202,0,1,6,3,7,0,1,1,0,0,30,30,10,30
2023-07-17,1,0.203245,2,0,0.20202020202020202,0,1,0,3,7,0,0,0,0,0,30,30,11,30
2023-07-18,1,0.20252099999999998,0,1,0.20202020202020202,0,1,1,3,7,0,0,0,0,0,30,30,12,30
2023-07-19,1,0.203187,0,1,0.20366598778004072,0,1,2,3,7,0,0,0,0,0,30,30,13,30
2023-07-20,1,0.205346,0,1,0.20576131687242796,0,1,3,3,7,0,0,0,0,0,30,30,14,30
2023-07-21,1,0.205237,0,1,0.20449897750511248,0,1,4,3,7,0,0,0,0,0,30,30,15,30
2023-07-22,0,0.20357399999999998,0,1,0.2032520325203252,0,1,5,4,7,0,1,1,0,0,30,30,16,30
2023-07-23,0,0.20357399999999998,1,0,0.2032520325203252,0,1,6,4,7,0,1,1,0,0,30,30,17,30
2023-07-24,1,0.20357399999999998,2,0,0.2032520325203252,0,1,0,4,7,0,0,0,0,0,30,30,18,30
2023-07-25,1,0.203433,0,1,0.20283975659229211,0,1,1,4,7,0,0,0,0,0,30,30,19,30
2023-07-26,1,0.20235,0,1,0.20242914979757085,0,1,2,4,7,0,0,0,0,0,30,30,20,30
2023-07-27,1,0.202325,0,1,0.20242914979757085,0,1,3,4,7,0,0,0,0,0,30,30,21,30
2023-07-28,1,0.202621,0,1,0.20242914979757085,1,0,4,4,7,0,0,0,0,0,30,30,22,30
2023-07-29,0,0.204574,0,1,0.20242914979757085,2,0,5,5,7,1,1,1,0,0,30,30,23,30
2023-07-30,0,0.204574,1,0,0.20242914979757085,3,0,6,5,7,1,1,1,0,0,30,30,24,30
2023-07-31,1,0.204574,2,0,0.20242914979757085,4,0,0,5,7,1,0,0,0,0,30,30,25,30
2023-08-01,1,0.20551100000000003,0,1,0.20242914979757085,5,0,1,1,8,0,0,0,0,0,30,30,26,29
2023-08-02,1,0.205742,0,1,0.20242914979757085,6,0,2,1,8,0,0,0,0,0,30,30,27,28
2023-08-03,1,0.208613,0,1,0.20242914979757085,7,0,3,1,8,0,0,0,0,0,30,30,28,27
2023-08-04,1,0.21137599999999998,0,1,0.20242914979757085,8,0,4,1,8,0,0,0,0,0,30,30,29,26
2023-08-05,0,0.213046,0,1,0.20242914979757085,9,0,5,1,8,0,1,1,0,0,30,30,30,25
2023-08-06,0,0.213046,1,0,0.20242914979757085,10,0,6,1,8,0,1,1,0,0,30,30,30,24
2023-08-07,1,0.213046,2,0,0.20242914979757085,11,0,0,1,8,0,0,0,0,0,30,30,30,23
2023-08-08,1,0.216863,0,1,0.20242914979757085,12,0,1,2,8,0,0,0,0,0,30,30,30,22
2023-08-09,1,0.21524200000000002,0,1,0.20242914979757085,13,0,2,2,8,0,0,0,0,0,30,30,30,21
2023-08-10,1,0.218444,0,1,0.20242914979757085,14,0,3,2,8,0,0,0,0,0,30,30,30,20
2023-08-11,1,0.21795899999999999,0,1,0.20242914979757085,15,0,4,2,8,0,0,0,0,0,30,30,30,19
2023-08-12,0,0.22067399999999998,0,1,0.20242914979757085,16,0,5,2,8,0,1,1,0,0,30,30,30,18
2023-08-13,0,0.22067399999999998,1,0,0.20242914979757085,17,0,6,2,8,0,1,1,0,0,30,30,30,17
2023-08-14,1,0.22067399999999998,2,0,0.20242914979757085,18,0,0,2,8,0,0,0,0,0,30,30,30,16
2023-08-15,1,0.226643,0,1,0.20242914979757085,19,0,1,3,8,0,0,0,0,0,30,30,30,15
2023-08-16,1,0.217193,0,1,0.20242914979757085,20,0,2,3,8,0,0,0,0,0,30,30,30,14
2023-08-17,1,0.215296,0,1,0.20242914979757085,21,0,3,3,8,0,0,0,0,0,30,30,30,13
2023-08-18,1,0.206353,0,1,0.20242914979757085,22,0,4,3,8,0,0,0,0,0,30,30,30,12
2023-08-19,0,0.20165500000000003,0,1,0.20242914979757085,23,0,5,3,8,0,1,1,0,0,30,30,30,11
2023-08-20,0,0.20165500000000003,1,0,0.20242914979757085,24,0,6,3,8,0,1,1,0,0,30,30,30,10
2023-08-21,1,0.20165500000000003,2,0,0.20242914979757085,25,0,0,3,8,0,0,0,0,0,30,30,30,9
2023-08-22,1,0.203899,0,1,0.20833333333333334,0,1,1,4,8,0,0,0,0,0,30,30,30,8
2023-08-23,1,0.20806999999999998,0,1,0.20833333333333334,1,0,2,4,8,0,0,0,0,0,30,30,30,7
2023-08-24,1,0.208422,0,1,0.20833333333333334,2,0,3,4,8,0,0,0,0,0,30,30,30,6
2023-08-25,1,0.206057,0,1,0.20833333333333334,3,0,4,4,8,0,0,0,0,0,30,30,30,5
2023-08-26,0,0.204986,0,1,0.20833333333333334,4,0,5,4,8,0,1,1,0,0,30,30,30,4
2023-08-27,0,0.204986,1,0,0.20833333333333334,5,0,6,4,8,0,1,1,0,0,30,30,30,3
2023-08-28,1,0.204986,2,0,0.20833333333333334,6,0,0,4,8,0,0,0,0,0,30,30,30,2
2023-08-29,1,0.207471,0,1,0.2053388090349076,0,1,1,5,8,1,0,0,0,0,30,30,30,1
2023-08-30,1,0.206243,0,1,0.20703933747412007,0,1,2,5,8,1,0,0,0,1,30,30,0,0
2023-08-31,1,0.20788900000000002,0,1,0.20703933747412007,0,1,3,5,8,1,0,0,0,0,30,30,1,30
2023-09-01,1,0.20876899999999998,0,1,0.20964360587002098,0,1,4,1,9,0,0,0,0,0,30,30,2,30
2023-09-02,0,0.209578,0,1,0.21097046413502107,0,1,5,1,9,0,1,1,0,0,30,30,3,30
2023-09-03,0,0.209578,1,0,0.21097046413502107,0,1,6,1,9,0,1,1,0,0,30,30,4,30
2023-09-04,1,0.209578,2,0,0.21097046413502107,0,1,0,1,9,0,0,0,0,0,30,30,5,30
2023-09-05,1,0.211705,0,1,0.21008403361344538,0,1,1,1,9,0,0,0,0,0,30,30,6,30
2023-09-06,1,0.21226099999999998,0,1,0.21231422505307856,0,1,2,1,9,0,0,0,0,0,30,30,7,30
2023-09-07,1,0.212718,0,1,0.21186440677966104,0,1,3,1,9,0,0,0,0,0,30,30,8,30
2023-09-08,1,0.212817,0,1,0.21186440677966104,0,1,4,2,9,0,0,0,0,0,30,30,9,30
2023-09-09,0,0.21082499999999998,0,1,0.20964360587002098,0,1,5,2,9,0,1,1,0,0,30,30,10,30
2023-09-10,0,0.21082499999999998,1,0,0.20964360587002098,0,1,6,2,9,0,1,1,0,0,30,30,11,30
2023-09-11,1,0.21082499999999998,2,0,0.20964360587002098,0,1,0,2,9,0,0,0,0,0,30,30,12,30
2023-09-12,1,0.206971,0,1,0.2079002079002079,0,1,1,2,9,0,0,0,0,0,30,30,13,30
2023-09-13,1,0.20459599999999997,0,1,0.2053388090349076,0,1,2,2,9,0,0,0,0,0,30,30,14,30
2023-09-14,1,0.20842400000000003,0,1,0.2066115702479339,0,1,3,2,9,0,0,0,0,0,30,30,15,30
2023-09-15,1,0.20725200000000002,0,1,0.2061855670103093,0,1,4,3,9,0,0,0,0,0,30,30,16,30
2023-09-16,0,0.207289,0,1,0.2066115702479339,0,1,5,3,9,0,1,1,0,0,30,30,17,30
2023-09-17,0,0.207289,1,0,0.2066115702479339,0,1,6,3,9,0,1,1,0,0,30,30,18,30
2023-09-18,1,0.207289,2,0,0.2066115702479339,0,1,0,3,9,0,0,0,0,0,30,30,19,30
2023-09-19,1,0.206825,0,1,0.2053388090349076,0,1,1,3,9,0,0,0,0,0,30,30,20,30
2023-09-20,1,0.205032,0,1,0.2040816326530612,0,1,2,3,9,0,0,0,0,0,30,30,21,30
2023-09-21,1,0.204936,0,1,0.2040816326530612,0,1,3,3,9,0,0,0,0,0,30,30,22,30
2023-09-22,1,0.203026,0,1,0.20161290322580647,0,1,4,4,9,0,0,0,0,0,30,30,23,30
2023-09-23,0,0.201786,0,1,0.20202020202020202,0,1,5,4,9,0,1,1,0,0,30,30,24,30
2023-09-24,0,0.201786,1,0,0.20202020202020202,0,1,6,4,9,0,1,1,0,0,30,30,25,30
2023-09-25,1,0.201786,2,0,0.20202020202020202,0,1,0,4,9,0,0,0,0,0,30,30,26,30
2023-09-26,1,0.20230499999999998,0,1,0.20283975659229211,0,1,1,4,9,0,0,0,0,0,30,30,27,29
2023-09-27,1,0.20304200000000003,0,1,0.20202020202020202,0,1,2,4,9,0,0,0,0,0,30,30,28,28
2023-09-28,1,0.20235299999999998,0,1,0.2,0,1,3,4,9,1,0,0,0,0,30,30,29,27
2023-09-29,1,0.200928,0,1,0.2032520325203252,0,1,4,5,9,1,0,0,0,0,30,30,30,26
2023-09-30,0,0.20398,0,1,0.20491803278688525,0,1,5,5,9,1,1,1,0,0,30,30,30,25
2023-10-01,0,0.20398,1,0,0.20491803278688525,0,1,6,1,10,0,1,1,0,0,30,30,30,24
2023-10-02,1,0.20398,2,0,0.20491803278688525,0,1,0,1,10,0,0,0,0,0,30,30,30,23
2023-10-03,1,0.20755500000000002,0,1,0.20576131687242796,0,1,1,1,10,0,0,0,0,0,30,30,30,22
2023-10-04,1,0.20752099999999998,0,1,0.2079002079002079,0,1,2,1,10,0,0,0,0,0,30,30,30,21
2023-10-05,1,0.20839300000000002,0,1,0.20876826722338204,0,1,3,1,10,0,0,0,0,0,30,30,30,20
2023-10-06,1,0.209145,0,1,0.20876826722338204,0,1,4,1,10,0,0,0,0,0,30,29,30,19
2023-10-07,0,0.21047899999999997,0,1,0.20964360587002098,0,1,5,1,10,0,1,1,0,0,30,28,30,18
2023-10-08,0,0.21047899999999997,1,0,0.20964360587002098,0,1,6,2,10,0,1,1,0,0,30,27,30,17
2023-10-09,1,0.21047899999999997,2,0,0.20964360587002098,0,1,0,2,10,0,0,0,0,0,30,26,30,16
2023-10-10,1,0.211859,0,1,0.2114164904862579,0,1,1,2,10,0,0,0,0,0,30,25,30,15
2023-10-11,1,0.209498,0,1,0.2079002079002079,0,1,2,2,10,0,0,0,0,0,30,24,30,14
2023-10-12,1,0.209511,0,1,0.20920502092050208,0,1,3,2,10,0,0,0,0,0,30,23,30,13
2023-10-13,1,0.20343699999999998,0,1,0.20366598778004072,0,1,4,2,10,0,0,0,0,0,30,22,30,12
2023-10-14,0,0.204522,0,1,0.20366598778004072,0,1,5,2,10,0,1,1,0,0,30,21,30,11
2023-10-15,0,0.204522,1,0,0.20366598778004072,0,1,6,3,10,0,1,1,0,0,30,20,30,10
2023-10-16,1,0.204522,2,0,0.20366598778004072,0,1,0,3,10,0,0,0,0,0,30,19,30,9
2023-10-17,1,0.203963,0,1,0.2040816326530612,0,1,1,3,10,0,0,0,0,0,30,18,30,8
2023-10-18,1,0.204233,0,1,0.2040816326530612,0,1,2,3,10,0,0,0,0,0,30,17,30,7
2023-10-19,1,0.20408400000000002,0,1,0.20366598778004072,0,1,3,3,10,0,0,0,0,0,30,16,30,6
2023-10-20,1,0.203576,0,1,0.20283975659229211,0,1,4,3,10,0,0,0,0,0,30,15,30,5
2023-10-21,0,0.20005299999999998,0,1,0.1996007984031936,0,1,5,3,10,0,1,1,0,0,30,14,30,4
2023-10-22,0,0.20005299999999998,1,0,0.1996007984031936,0,1,6,4,10,0,1,1,0,0,30,13,30,3
2023-10-23,1,0.20005299999999998,2,0,0.1996007984031936,0,1,0,4,10,0,0,0,0,0,30,12,30,2
2023-10-24,1,0.197696,0,1,0.1972386587771203,0,1,1,4,10,0,0,0,0,0,30,11,30,1
2023-10-25,1,0.19533899999999998,0,1,0.19685039370078738,0,1,2,4,10,0,0,0,0,1,30,10,0,0
2023-10-26,1,0.19575199999999998,0,1,0.19685039370078738,0,1,3,4,10,0,0,0,0,0,30,9,1,30
2023-10-27,1,0.196616,0,1,0.19646365422396858,0,1,4,4,10,0,0,0,0,0,30,8,2,30
2023-10-28,0,0.19572,0,1,0.1984126984126984,0,1,5,4,10,0,1,1,0,0,30,7,3,30
2023-10-29,0,0.19572,1,0,0.1984126984126984,0,1,6,5,10,1,1,1,0,0,30,6,4,30
2023-10-30,1,0.19572,2,0,0.1984126984126984,0,1,0,5,10,1,0,0,0,0,30,5,5,30
2023-10-31,1,0.198264,0,1,0.1972386587771203,0,1,1,5,10,1,0,0,0,0,30,4,6,30
2023-11-01,1,0.195017,0,1,0.19569471624266144,0,1,2,1,11,0,0,0,0,0,30,3,7,30
2023-11-02,1,0.198608,0,1,0.19801980198019803,0,1,3,1,11,0,0,0,0,0,30,2,8,30
2023-11-03,1,0.198202,0,1,0.19880715705765406,0,1,4,1,11,0,0,0,0,0,30,1,9,30
2023-11-04,0,0.198738,0,1,0.1996007984031936,0,1,5,1,11,0,1,1,1,0,0,0,10,30
2023-11-05,0,0.198738,1,0,0.1996007984031936,0,1,6,1,11,0,1,1,0,0,1,1,11,30
2023-11-06,1,0.198738,2,0,0.1996007984031936,0,1,0,1,11,0,0,0,1,0,0,0,12,30
2023-11-07,1,0.198738,3,0,0.1996007984031936,0,1,1,1,11,0,0,0,0,0,1,30,13,30
2023-11-08,1,0.19983399999999998,0,1,0.19880715705765406,0,1,2,2,11,0,0,0,0,0,2,30,14,30
2023-11-09,1,0.198491,0,1,0.1972386587771203,0,1,3,2,11,0,0,0,0,0,3,30,15,30
2023-11-10,1,0.196934,0,1,0.19646365422396858,0,1,4,2,11,0,0,0,0,0,4,30,16,30
2023-11-11,0,0.19667500000000002,0,1,0.19685039370078738,0,1,5,2,11,0,1,1,0,0,5,30,17,30
2023-11-12,0,0.19667500000000002,1,0,0.19685039370078738,0,1,6,2,11,0,1,1,0,0,6,30,18,30
2023-11-13,1,0.19667500000000002,2,0,0.19685039370078738,0,1,0,2,11,0,0,0,0,0,7,30,19,30
2023-11-14,1,0.196876,0,1,0.19762845849802374,0,1,1,2,11,0,0,0,0,0,8,30,20,30
2023-11-15,1,0.19587700000000002,0,1,0.1972386587771203,0,1,2,3,11,0,0,0,0,0,9,30,21,30
2023-11-16,1,0.19294,0,1,0.19342359767891684,0,1,3,3,11,0,0,0,0,0,10,30,22,30
2023-11-17,1,0.19272099999999998,0,1,0.19267822736030826,0,1,4,3,11,0,0,0,0,0,11,30,23,29
2023-11-18,0,0.193097,0,1,0.1923076923076923,0,1,5,3,11,0,1,1,0,0,12,30,24,28
2023-11-19,0,0.193097,1,0,0.1923076923076923,0,1,6,3,11,0,1,1,0,0,13,30,25,27
2023-11-20,1,0.193097,2,0,0.1923076923076923,0,1,0,3,11,0,0,0,0,0,14,30,26,26
2023-11-21,1,0.191222,0,1,0.19083969465648853,0,1,1,3,11,0,0,0,0,0,15,30,27,25
2023-11-22,1,0.18996500000000002,0,1,0.19157088122605365,0,1,2,4,11,0,0,0,0,0,16,30,28,24
2023-11-23,1,0.19206299999999998,0,1,0.19305019305019305,0,1,3,4,11,0,0,0,0,0,17,30,29,23
2023-11-24,1,0.192896,0,1,0.19120458891013384,0,1,4,4,11,0,0,0,0,0,18,30,30,22
2023-11-25,0,0.19258299999999998,0,1,0.19193857965451055,0,1,5,4,11,0,1,1,0,0,19,30,30,21
2023-11-26,0,0.19258299999999998,1,0,0.19193857965451055,0,1,6,4,11,0,1,1,0,0,20,30,30,20
2023-11-27,1,0.19258299999999998,2,0,0.19193857965451055,0,1,0,4,11,0,0,0,0,0,21,30,30,19
2023-11-28,1,0.19154900000000002,0,1,0.19305019305019305,0,1,1,4,11,1,0,0,0,0,22,30,30,18
2023-11-29,1,0.192895,0,1,0.19305019305019305,0,1,2,5,11,1,0,0,0,0,23,30,30,17
2023-11-30,1,0.19363,0,1,0.19379844961240308,0,1,3,5,11,1,0,0,0,0,24,30,30,16
2023-12-01,1,0.192964,0,1,0.19342359767891684,0,1,4,1,12,0,0,0,0,0,25,30,30,15
2023-12-02,0,0.19597,0,1,0.19569471624266144,0,1,5,1,12,0,1,1,0,0,26,30,30,14
2023-12-03,0,0.19597,1,0,0.19569471624266144,0,1,6,1,12,0,1,1,0,0,27,29,30,13
2023-12-04,1,0.19597,2,0,0.19569471624266144,0,1,0,1,12,0,0,0,0,0,28,28,30,12
2023-12-05,1,0.197051,0,1,0.19607843137254904,0,1,1,1,12,0,0,0,0,0,29,27,30,11
2023-12-06,1,0.198518,0,1,0.19880715705765406,0,1,2,1,12,0,0,0,0,0,30,26,30,10
2023-12-07,1,0.20124199999999998,0,1,0.20283975659229211,0,1,3,1,12,0,0,0,0,0,30,25,30,9
2023-12-08,1,0.201466,0,1,0.2012072434607646,0,1,4,2,12,0,0,0,0,0,30,24,30,8
2023-12-09,0,0.199257,0,1,0.2004008016032064,0,1,5,2,12,0,1,1,0,0,30,23,30,7
2023-12-10,0,0.199257,1,0,0.2004008016032064,0,1,6,2,12,0,1,1,0,0,30,22,30,6
2023-12-11,1,0.199257,2,0,0.2004008016032064,0,1,0,2,12,0,0,0,0,0,30,21,30,5
2023-12-12,1,0.198826,0,1,0.1984126984126984,0,1,1,2,12,0,0,0,0,0,30,20,30,4
2023-12-13,1,0.196767,0,1,0.19762845849802374,0,1,2,2,12,0,0,0,0,0,30,19,30,3
2023-12-14,1,0.196908,0,1,0.1972386587771203,0,1,3,2,12,0,0,0,0,0,30,18,30,2
2023-12-15,1,0.196788,0,1,0.19685039370078738,0,1,4,3,12,0,0,0,0,0,30,17,30,1
2023-12-16,0,0.19686299999999998,0,1,0.19569471624266144,0,1,5,3,12,0,1,1,0,1,30,16,0,0
2023-12-17,0,0.19686299999999998,1,0,0.19569471624266144,0,1,6,3,12,0,1,1,0,0,30,15,1,1
2023-12-18,1,0.19686299999999998,2,0,0.19569471624266144,0,1,0,3,12,0,0,0,0,1,30,14,0,0
2023-12-19,1,0.197657,0,1,0.19569471624266144,0,1,1,3,12,0,0,0,0,0,30,13,1,13
2023-12-20,1,0.196937,0,1,0.19685039370078738,0,1,2,3,12,0,0,0,0,0,30,12,2,12
2023-12-21,1,0.197392,0,1,0.19801980198019803,0,1,3,3,12,0,0,0,0,0,30,11,3,11
2023-12-22,1,0.20103100000000002,0,1,0.2012072434607646,0,1,4,4,12,0,0,0,0,0,30,10,4,10
2023-12-23,0,0.201184,0,1,0.1996007984031936,0,1,5,4,12,0,1,1,0,0,30,9,5,9
2023-12-24,0,0.201184,1,0,0.1996007984031936,0,1,6,4,12,0,1,1,0,0,30,8,6,8
2023-12-25,1,0.201184,2,0,0.1996007984031936,0,1,0,4,12,0,0,0,0,0,30,7,7,7
2023-12-26,1,0.200067,0,1,0.2008032128514056,0,1,1,4,12,0,0,0,0,0,30,6,8,6
2023-12-27,1,0.200395,0,1,0.2004008016032064,0,1,2,4,12,0,0,0,0,0,30,5,9,5
2023-12-28,1,0.201011,0,1,0.2012072434607646,0,1,3,4,12,0,0,0,0,0,30,4,10,4
2023-12-29,1,0.19825299999999998,0,1,0.1996007984031936,0,1,4,5,12,1,0,0,0,0,30,3,11,3
2023-12-30,0,0.19770800000000002,0,1,0.19762845849802374,0,1,5,5,12,1,1,1,0,0,30,2,12,2
2023-12-31,0,0.19770800000000002,1,0,0.19762845849802374,0,1,6,5,12,1,1,1,0,0,30,1,13,1
2024-01-01,0,0.19770800000000002,2,0,0.19762845849802374,0,1,0,1,1,0,0,0,1,1,0,0,0,0
2024-01-02,0,0.19770800000000002,3,0,0.19762845849802374,0,1,1,1,1,0,0,0,1,1,0,0,0,0
2024-01-03,1,0.19770800000000002,4,0,0.19762845849802374,0,1,2,1,1,0,0,0,1,0,0,0,1,4
2024-01-04,1,0.19770800000000002,5,0,0.2,0,1,3,1,1,0,0,0,1,0,0,0,2,3
2024-01-05,1,0.19770800000000002,6,0,0.2,0,1,4,1,1,0,0,0,1,0,0,0,3,2
2024-01-06,0,0.19770800000000002,7,0,0.2008032128514056,0,1,5,1,1,0,1,1,1,0,0,0,4,1
2024-01-07,0,0.19770800000000002,8,0,0.2008032128514056,0,1,6,1,1,0,1,1,1,1,0,0,0,0
2024-01-08,1,0.19770800000000002,9,0,0.2008032128514056,0,1,0,2,1,0,0,0,1,1,0,0,0,0
2024-01-09,1,0.19770800000000002,10,0,0.2004008016032064,0,1,1,2,1,0,0,0,0,0,1,30,1,30
2024-01-10,1,0.19939099999999998,0,1,0.19920318725099603,0,1,2,2,1,0,0,0,0,0,2,30,2,30
2024-01-11,1,0.197255,0,1,0.1972386587771203,0,1,3,2,1,0,0,0,0,0,3,30,3,30
2024-01-12,1,0.19583899999999999,0,1,0.19607843137254904,0,1,4,2,1,0,0,0,0,0,4,30,4,30
2024-01-13,0,0.19450099999999998,0,1,0.1953125,0,1,5,2,1,0,1,1,0,0,5,30,5,30
2024-01-14,0,0.19450099999999998,1,0,0.1953125,0,1,6,2,1,0,1,1,0,0,6,30,6,30
2024-01-15,1,0.19450099999999998,2,0,0.1953125,0,1,0,3,1,0,0,0,0,0,7,30,7,30
2024-01-16,1,0.19426400000000002,0,1,0.1941747572815534,0,1,1,3,1,0,0,0,0,0,8,30,8,30
2024-01-17,1,0.194177,0,1,0.1941747572815534,0,1,2,3,1,0,0,0,0,0,9,30,9,30
2024-01-18,1,0.195798,0,1,0.19493177387914232,0,1,3,3,1,0,0,0,0,0,10,30,10,30
2024-01-19,1,0.19574100000000003,0,1,0.19607843137254904,0,1,4,3,1,0,0,0,0,0,11,30,11,30
2024-01-20,0,0.196081,0,1,0.19646365422396858,0,1,5,3,1,0,1,1,0,0,12,30,12,30
2024-01-21,0,0.196081,1,0,0.19646365422396858,0,1,6,3,1,0,1,1,0,0,13,30,13,30
2024-01-22,1,0.196081,2,0,0.19646365422396858,0,1,0,4,1,0,0,0,0,0,14,30,14,30
2024-01-23,1,0.19547699999999998,0,1,0.19569471624266144,0,1,1,4,1,0,0,0,0,0,15,30,15,30
2024-01-24,1,0.195983,0,1,0.1972386587771203,0,1,2,4,1,0,0,0,0,0,16,30,16,30
2024-01-25,1,0.19793,0,1,0.1984126984126984,0,1,3,4,1,0,0,0,0,0,17,29,17,30
2024-01-26,1,0.19903500000000002,0,1,0.19880715705765406,0,1,4,4,1,0,0,0,0,0,18,28,18,30
2024-01-27,0,0.200695,0,1,0.19880715705765406,0,1,5,4,1,0,1,1,0,0,19,27,19,30
2024-01-28,0,0.200695,1,0,0.19880715705765406,0,1,6,4,1,0,1,1,0,0,20,26,20,30
2024-01-29,1,0.200695,2,0,0.19880715705765406,0,1,0,5,1,1,0,0,0,0,21,25,21,30
2024-01-30,1,0.199246,0,1,0.19920318725099603,0,1,1,5,1,1,0,0,0,0,22,24,22,30
2024-01-31,1,0.198428,0,1,0.19880715705765406,0,1,2,5,1,1,0,0,0,0,23,23,23,30
2024-02-01,1,0.200075,0,1,0.2004008016032064,0,1,3,1,2,0,0,0,0,0,24,22,24,30
2024-02-02,1,0.201523,0,1,0.2008032128514056,0,1,4,1,2,0,0,0,0,0,25,21,25,30
2024-02-03,0,0.20163399999999998,0,1,0.2008032128514056,0,1,5,1,2,0,1,1,0,0,26,20,26,30
2024-02-04,0,0.20163399999999998,1,0,0.2008032128514056,0,1,6,1,2,0,1,1,0,0,27,19,27,30
2024-02-05,1,0.20163399999999998,2,0,0.2008032128514056,0,1,0,1,2,0,0,0,0,0,28,18,28,30
2024-02-06,1,0.202206,0,1,0.2012072434607646,0,1,1,1,2,0,0,0,0,0,29,17,29,30
2024-02-07,1,0.20011500000000002,0,1,0.1996007984031936,0,1,2,1,2,0,0,0,0,0,30,16,30,30
2024-02-08,1,0.20051300000000002,0,1,0.20161290322580647,0,1,3,2,2,0,0,0,0,0,30,15,30,29
2024-02-09,1,0.20183199999999998,0,1,0.20283975659229211,0,1,4,2,2,0,0,0,0,0,30,14,30,28
2024-02-10,0,0.201826,0,1,0.2032520325203252,0,1,5,2,2,0,1,1,0,0,30,13,30,27
2024-02-11,0,0.201826,1,0,0.2032520325203252,0,1,6,2,2,0,1,1,0,0,30,12,30,26
2024-02-12,1,0.201826,2,0,0.2032520325203252,0,1,0,2,2,0,0,0,0,0,30,11,30,25
2024-02-13,1,0.203703,0,1,0.2040816326530612,0,1,1,2,2,0,0,0,0,0,30,10,30,24
2024-02-14,1,0.204167,0,1,0.20366598778004072,0,1,2,2,2,0,0,0,0,0,30,9,30,23
2024-02-15,1,0.20409300000000002,0,1,0.20449897750511248,0,1,3,3,2,0,0,0,0,0,30,8,30,22
2024-02-16,1,0.20534400000000003,0,1,0.20491803278688525,0,1,4,3,2,0,0,0,0,0,30,7,30,21
2024-02-17,0,0.206555,0,1,0.2061855670103093,0,1,5,3,2,0,1,1,0,0,30,6,30,20
2024-02-18,0,0.206555,1,0,0.2061855670103093,0,1,6,3,2,0,1,1,0,0,30,5,30,19
2024-02-19,1,0.206555,2,0,0.2061855670103093,0,1,0,3,2,0,0,0,0,0,30,4,30,18
2024-02-20,1,0.20596,0,1,0.2053388090349076,0,1,1,3,2,0,0,0,0,0,30,3,30,17
2024-02-21,1,0.205156,0,1,0.2040816326530612,0,1,2,3,2,0,0,0,0,0,30,2,30,16
2024-02-22,1,0.204086,0,1,0.20491803278688525,0,1,3,4,2,0,0,0,0,0,30,1,30,15
2024-02-23,0,0.20575,0,1,0.2066115702479339,0,1,4,4,2,0,0,0,1,0,0,0,30,14
2024-02-24,0,0.20575,1,0,0.20703933747412007,0,1,5,4,2,0,1,1,0,0,1,13,30,13
2024-02-25,0,0.20575,2,0,0.20703933747412007,0,1,6,4,2,0,1,1,0,0,2,12,30,12
2024-02-26,1,0.20575,3,0,0.20703933747412007,0,1,0,4,2,0,0,0,0,0,3,11,30,11
2024-02-27,1,0.20590399999999998,0,1,0.20576131687242796,0,1,1,4,2,1,0,0,0,0,4,10,30,10
2024-02-28,1,0.204557,0,1,0.20449897750511248,0,1,2,4,2,1,0,0,0,0,5,9,30,9
2024-02-29,1,0.204659,0,1,0.2040816326530612,0,1,3,5,2,1,0,0,0,0,6,8,30,8
2024-03-01,1,0.201286,0,1,0.2012072434607646,0,1,4,1,3,0,0,0,0,0,7,7,30,7
2024-03-02,0,0.20268899999999998,0,1,0.20242914979757085,0,1,5,1,3,0,1,1,0,0,8,6,30,6
2024-03-03,0,0.20268899999999998,1,0,0.20242914979757085,0,1,6,1,3,0,1,1,0,0,9,5,30,5
2024-03-04,1,0.20268899999999998,2,0,0.20242914979757085,0,1,0,1,3,0,0,0,0,0,10,4,30,4
2024-03-05,1,0.202544,0,1,0.20161290322580647,0,1,1,1,3,0,0,0,0,0,11,3,30,3
2024-03-06,1,0.201082,0,1,0.20202020202020202,0,1,2,1,3,0,0,0,0,0,12,2,30,2
2024-03-07,1,0.20052199999999998,0,1,0.20161290322580647,0,1,3,1,3,0,0,0,0,0,13,1,30,1
2024-03-08,0,0.20278300000000002,0,1,0.20283975659229211,0,1,4,2,3,0,0,0,1,1,0,0,0,0
2024-03-09,0,0.20278300000000002,1,0,0.20283975659229211,0,1,5,2,3,0,1,1,0,0,1,30,1,12
2024-03-10,0,0.20278300000000002,2,0,0.20283975659229211,0,1,6,2,3,0,1,1,0,0,2,30,2,11
2024-03-11,1,0.20278300000000002,3,0,0.20283975659229211,0,1,0,2,3,0,0,0,0,0,3,30,3,10
2024-03-12,1,0.20260899999999998,0,1,0.20161290322580647,0,1,1,2,3,0,0,0,0,0,4,30,4,9
2024-03-13,1,0.20245000000000002,0,1,0.20283975659229211,0,1,2,2,3,0,0,0,0,0,5,30,5,8
2024-03-14,1,0.20375,0,1,0.20366598778004072,0,1,3,2,3,0,0,0,0,0,6,30,6,7
2024-03-15,1,0.203685,0,1,0.20366598778004072,0,1,4,3,3,0,0,0,0,0,7,30,7,6
2024-03-16,0,0.20453700000000002,0,1,0.20491803278688525,0,1,5,3,3,0,1,1,0,0,8,30,8,5
2024-03-17,0,0.20453700000000002,1,0,0.20491803278688525,0,1,6,3,3,0,1,1,0,0,9,30,9,4
2024-03-18,1,0.20453700000000002,2,0,0.20491803278688525,0,1,0,3,3,0,0,0,0,0,10,30,10,3
2024-03-19,1,0.20505400000000001,0,1,0.20449897750511248,0,1,1,3,3,0,0,0,0,0,11,30,11,2
2024-03-20,1,0.205262,0,1,0.20491803278688525,0,1,2,3,3,0,0,0,0,0,12,30,12,1
2024-03-21,1,0.205476,0,1,0.2053388090349076,0,1,3,3,3,0,0,0,0,1,13,30,0,0
2024-03-22,1,0.20375800000000002,0,1,0.2053388090349076,0,1,4,4,3,0,0,0,0,1,14,30,0,0
2024-03-23,0,0.20522500000000002,0,1,0.2053388090349076,0,1,5,4,3,0,1,1,0,1,15,30,0,0
2024-03-24,0,0.20522500000000002,1,0,0.2053388090349076,0,1,6,4,3,0,1,1,0,0,16,30,1,1
2024-03-25,1,0.20522500000000002,2,0,0.2053388090349076,0,1,0,4,3,0,0,0,0,1,17,30,0,0
2024-03-26,1,0.20558900000000002,0,1,0.2053388090349076,0,1,1,4,3,0,0,0,0,0,18,30,1,30
2024-03-27,1,0.205142,0,1,0.20576131687242796,0,1,2,4,3,0,0,0,0,0,19,30,2,30
2024-03-28,1,0.20572800000000002,0,1,0.20576131687242796,0,1,3,4,3,0,0,0,0,0,20,30,3,30
2024-03-29,1,0.20521999999999999,0,1,0.20576131687242796,0,1,4,5,3,1,0,0,0,0,21,30,4,30
2024-03-30,0,0.20610499999999998,0,1,0.2066115702479339,0,1,5,5,3,1,1,1,0,0,22,30,5,30
2024-03-31,0,0.20610499999999998,1,0,0.2066115702479339,0,1,6,5,3,1,1,1,0,0,23,30,6,30
2024-04-01,1,0.20610499999999998,2,0,0.2066115702479339,0,1,0,1,4,0,0,0,0,0,24,30,7,30
2024-04-02,1,0.20657,0,1,0.2066115702479339,0,1,1,1,4,0,0,0,0,0,25,29,8,29
2024-04-03,1,0.207196,0,1,0.2066115702479339,0,1,2,1,4,0,0,0,0,0,26,28,9,28
2024-04-04,1,0.20644200000000001,0,1,0.2061855670103093,0,1,3,1,4,0,0,0,0,0,27,27,10,27
2024-04-05,1,0.206542,0,1,0.2061855670103093,0,1,4,1,4,0,0,0,0,0,28,26,11,26
2024-04-06,0,0.206982,0,1,0.2066115702479339,0,1,5,1,4,0,1,1,0,0,29,25,12,25
2024-04-07,0,0.206982,1,0,0.2066115702479339,0,1,6,1,4,0,1,1,0,0,30,24,13,24
2024-04-08,1,0.206982,2,0,0.2066115702479339,0,1,0,2,4,0,0,0,0,0,30,23,14,23
2024-04-09,1,0.207218,0,1,0.20746887966804978,0,1,1,2,4,0,0,0,0,0,30,22,15,22
2024-04-10,1,0.207975,0,1,0.2079002079002079,0,1,2,2,4,0,0,0,0,0,30,21,16,21
2024-04-11,1,0.208947,0,1,0.20833333333333334,0,1,3,2,4,0,0,0,0,0,30,20,17,20
2024-04-12,1,0.209593,0,1,0.20876826722338204,0,1,4,2,4,0,0,0,0,0,30,19,18,19
2024-04-13,0,0.208385,0,1,0.20876826722338204,0,1,5,2,4,0,1,1,0,0,30,18,19,18
2024-04-14,0,0.208385,1,0,0.20876826722338204,0,1,6,2,4,0,1,1,0,0,30,17,20,17
2024-04-15,1,0.208385,2,0,0.20876826722338204,0,1,0,3,4,0,0,0,0,0,30,16,21,16
2024-04-16,1,0.20895600000000003,0,1,0.20876826722338204,0,1,1,3,4,0,0,0,0,0,30,15,22,15
2024-04-17,1,0.209725,0,1,0.20964360587002098,0,1,2,3,4,0,0,0,0,0,30,14,23,14
2024-04-18,1,0.21016500000000002,0,1,0.21008403361344538,0,1,3,3,4,0,0,0,0,0,30,13,24,13
2024-04-19,1,0.209611,0,1,0.21008403361344538,0,1,4,3,4,0,0,0,0,0,30,12,25,12
2024-04-20,0,0.208853,0,1,0.20876826722338204,0,1,5,3,4,0,1,1,0,0,30,11,26,11
2024-04-21,0,0.208853,1,0,0.20876826722338204,0,1,6,3,4,0,1,1,0,0,30,10,27,10
2024-04-22,1,0.208853,2,0,0.20876826722338204,0,1,0,4,4,0,0,0,0,0,30,9,28,9
2024-04-23,1,0.208856,0,1,0.20920502092050208,0,1,1,4,4,0,0,0,0,0,30,8,29,8
2024-04-24,1,0.209334,0,1,0.21008403361344538,0,1,2,4,4,0,0,0,0,0,30,7,30,7
2024-04-25,1,0.20819600000000002,0,1,0.20833333333333334,0,1,3,4,4,0,0,0,0,0,30,6,30,6
2024-04-26,1,0.207573,0,1,0.20746887966804978,0,1,4,4,4,0,0,0,0,0,30,5,30,5
2024-04-27,1,0.20713499999999999,0,1,0.20746887966804978,0,1,5,4,4,0,1,1,0,0,30,4,30,4
2024-04-28,0,0.207013,0,1,0.20746887966804978,0,1,6,4,4,1,1,1,0,0,30,3,30,3
2024-04-29,1,0.207013,1,0,0.20746887966804978,0,1,0,5,4,1,0,0,0,0,30,2,30,2
2024-04-30,1,0.207013,2,0,0.21052631578947367,0,1,1,5,4,1,0,0,0,0,30,1,30,1
2024-05-01,0,0.207013,3,0,0.21097046413502107,0,1,2,1,5,0,0,0,1,1,0,0,0,0
2024-05-02,1,0.207013,4,0,0.21097046413502107,0,1,3,1,5,0,0,0,0,0,1,7,1,5
2024-05-03,1,0.208243,0,1,0.20703933747412007,0,1,4,1,5,0,0,0,0,0,2,6,2,4
2024-05-04,0,0.20680700000000002,0,1,0.2061855670103093,0,1,5,1,5,0,1,1,0,0,3,5,3,3
2024-05-05,0,0.20680700000000002,1,0,0.20576131687242796,0,1,6,1,5,0,1,1,0,0,4,4,4,2
2024-05-06,1,0.20680700000000002,2,0,0.20576131687242796,0,1,0,1,5,0,0,0,0,0,5,3,5,1
2024-05-07,1,0.20674800000000002,0,1,0.20746887966804978,0,1,1,1,5,0,0,0,0,1,6,2,0,0
2024-05-08,1,0.207367,0,1,0.20746887966804978,0,1,2,2,5,0,0,0,0,0,7,1,1,1
2024-05-09,0,0.208961,0,1,0.20746887966804978,0,1,3,2,5,0,0,0,1,1,0,0,0,0
2024-05-10,1,0.208961,1,0,0.20746887966804978,0,1,4,2,5,0,0,0,0,0,1,30,1,30
2024-05-11,0,0.208961,2,0,0.21008403361344538,0,1,5,2,5,0,1,1,0,0,2,30,2,30
2024-05-12,0,0.208961,3,0,0.21008403361344538,0,1,6,2,5,0,1,1,0,0,3,30,3,30
2024-05-13,1,0.208961,4,0,0.21008403361344538,0,1,0,2,5,0,0,0,0,0,4,30,4,30
2024-05-14,1,0.20854099999999998,0,1,0.20746887966804978,0,1,1,2,5,0,0,0,0,0,5,29,5,30
2024-05-15,1,0.207201,0,1,0.20746887966804978,0,1,2,3,5,0,0,0,0,0,6,28,6,30
2024-05-16,1,0.20698,0,1,0.2066115702479339,0,1,3,3,5,0,0,0,0,0,7,27,7,30
2024-05-17,1,0.205985,0,1,0.20576131687242796,0,1,4,3,5,0,0,0,0,0,8,26,8,30
2024-05-18,0,0.206049,0,1,0.20491803278688525,0,1,5,3,5,0,1,1,0,0,9,25,9,30
2024-05-19,0,0.206049,1,0,0.20491803278688525,0,1,6,3,5,0,1,1,0,0,10,24,10,30
2024-05-20,1,0.206049,2,0,0.20491803278688525,0,1,0,3,5,0,0,0,0,0,11,23,11,30
2024-05-21,1,0.204433,0,1,0.2040816326530612,0,1,1,3,5,0,0,0,0,0,12,22,12,30
2024-05-22,1,0.203751,0,1,0.20491803278688525,0,1,2,4,5,0,0,0,0,0,13,21,13,30
2024-05-23,1,0.20413900000000001,0,1,0.2040816326530612,0,1,3,4,5,0,0,0,0,0,14,20,14,30
2024-05-24,1,0.20427900000000002,0,1,0.20366598778004072,0,1,4,4,5,0,0,0,0,0,15,19,15,30
2024-05-25,0,0.202475,0,1,0.20242914979757085,0,1,5,4,5,0,1,1,0,0,16,18,16,30
2024-05-26,0,0.202475,1,0,0.20242914979757085,0,1,6,4,5,0,1,1,0,0,17,17,17,30
2024-05-27,1,0.202475,2,0,0.20242914979757085,0,1,0,4,5,0,0,0,0,0,18,16,18,30
2024-05-28,1,0.20012,0,1,0.2,0,1,1,4,5,0,0,0,0,0,19,15,19,30
2024-05-29,1,0.19970500000000002,0,1,0.2004008016032064,0,1,2,5,5,1,0,0,0,0,20,14,20,30
2024-05-30,1,0.202131,0,1,0.20242914979757085,0,1,3,5,5,1,0,0,0,0,21,13,21,30
2024-05-31,1,0.20274799999999998,0,1,0.20202020202020202,0,1,4,5,5,1,0,0,0,0,22,12,22,30
2024-06-01,0,0.202773,0,1,0.20161290322580647,0,1,5,1,6,0,1,1,0,0,23,11,23,30
2024-06-02,0,0.202773,1,0,0.20161290322580647,0,1,6,1,6,0,1,1,0,0,24,10,24,30
2024-06-03,1,0.202773,2,0,0.20161290322580647,0,1,0,1,6,0,0,0,0,0,25,9,25,30
2024-06-04,1,0.199833,0,1,0.1996007984031936,0,1,1,1,6,0,0,0,0,0,26,8,26,30
2024-06-05,1,0.19852699999999998,0,1,0.19801980198019803,0,1,2,1,6,0,0,0,0,0,27,7,27,30
2024-06-06,1,0.19808399999999998,0,1,0.19762845849802374,0,1,3,1,6,0,0,0,0,0,28,6,28,30
2024-06-07,1,0.19784300000000002,0,1,0.1984126984126984,0,1,4,1,6,0,0,0,0,0,29,5,29,29
2024-06-08,0,0.198618,0,1,0.1984126984126984,0,1,5,2,6,0,1,1,0,0,30,4,30,28
2024-06-09,0,0.198618,1,0,0.1984126984126984,0,1,6,2,6,0,1,1,0,0,30,3,30,27
2024-06-10,1,0.198618,2,0,0.1984126984126984,0,1,0,2,6,0,0,0,0,0,30,2,30,26
2024-06-11,1,0.19892800000000002,0,1,0.19801980198019803,0,1,1,2,6,0,0,0,0,0,30,1,30,25
2024-06-12,0,0.198655,0,1,0.19801980198019803,0,1,2,2,6,0,0,0,1,0,0,0,30,24
2024-06-13,1,0.198655,1,0,0.1972386587771203,0,1,3,2,6,0,0,0,0,0,1,30,30,23
2024-06-14,1,0.19524999999999998,0,1,0.19455252918287938,0,1,4,2,6,0,0,0,0,0,2,30,30,22
2024-06-15,0,0.197319,0,1,0.19801980198019803,0,1,5,3,6,0,1,1,0,0,3,30,30,21
2024-06-16,0,0.197319,1,0,0.19801980198019803,0,1,6,3,6,0,1,1,0,0,4,30,30,20
2024-06-17,1,0.197319,2,0,0.19801980198019803,0,1,0,3,6,0,0,0,0,0,5,30,30,19
2024-06-18,1,0.197542,0,1,0.1953125,0,1,1,3,6,0,0,0,0,0,6,30,30,18
2024-06-19,1,0.192165,0,1,0.19011406844106465,0,1,2,3,6,0,0,0,0,0,7,30,30,17
2024-06-20,1,0.180419,0,1,0.18050541516245489,0,1,3,3,6,0,0,0,0,0,8,30,30,16
2024-06-21,1,0.185791,0,1,0.1858736059479554,0,1,4,3,6,0,0,0,0,0,9,30,30,15
2024-06-22,0,0.191383,0,1,0.18518518518518517,0,1,5,4,6,0,1,1,0,0,10,30,30,14
2024-06-23,0,0.191383,1,0,0.18518518518518517,0,1,6,4,6,0,1,1,0,0,11,30,30,13
2024-06-24,1,0.191383,2,0,0.18518518518518517,0,1,0,4,6,0,0,0,0,0,12,30,30,12
2024-06-25,1,0.188012,0,1,0.18761726078799248,0,1,1,4,6,0,0,0,0,0,13,30,30,11
2024-06-26,1,0.18758,0,1,0.1869158878504673,0,1,2,4,6,0,0,0,0,0,14,30,30,10
2024-06-27,1,0.18790600000000002,0,1,0.18832391713747648,0,1,3,4,6,0,0,0,0,0,15,30,30,9
2024-06-28,1,0.183203,0,1,0.18348623853211007,0,1,4,4,6,1,0,0,0,0,16,30,30,8
2024-06-29,0,0.18419799999999997,0,1,0.18083182640144665,0,1,5,5,6,1,1,1,0,0,17,30,30,7
2024-06-30,0,0.18419799999999997,1,0,0.18083182640144665,0,1,6,5,6,1,1,1,0,0,18,30,30,6
2024-07-01,1,0.18419799999999997,2,0,0.18083182640144665,0,1,0,1,7,0,0,0,0,0,19,30,30,5
2024-07-02,1,0.185164,0,1,0.18281535648994515,0,1,1,1,7,0,0,0,0,0,20,30,30,4
2024-07-03,1,0.185176,0,1,0.18518518518518517,0,1,2,1,7,0,0,0,0,0,21,30,30,3
2024-07-04,1,0.18640299999999999,0,1,0.18518518518518517,0,1,3,1,7,0,0,0,0,0,22,30,30,2
2024-07-05,1,0.18647099999999997,0,1,0.18518518518518517,0,1,4,1,7,0,0,0,0,0,23,30,30,1
2024-07-06,0,0.185395,0,1,0.18484288354898337,0,1,5,1,7,0,1,1,0,1,24,30,0,0
2024-07-07,0,0.185395,1,0,0.18484288354898337,0,1,6,1,7,0,1,1,0,0,25,30,1,1
2024-07-08,1,0.185395,2,0,0.18484288354898337,0,1,0,2,7,0,0,0,0,1,26,30,0,0
2024-07-09,1,0.18512399999999998,0,1,0.18484288354898337,0,1,1,2,7,0,0,0,0,0,27,30,1,30
2024-07-10,1,0.184776,0,1,0.18148820326678766,0,1,2,2,7,0,0,0,0,0,28,30,2,30
2024-07-11,1,0.182738,0,1,0.18281535648994515,0,1,3,2,7,0,0,0,0,0,29,30,3,30
2024-07-12,1,0.183891,0,1,0.1841620626151013,0,1,4,2,7,0,0,0,0,0,30,30,4,30
2024-07-13,0,0.18501,0,1,0.1838235294117647,0,1,5,2,7,0,1,1,0,0,30,30,5,30
2024-07-14,0,0.18501,1,0,0.1838235294117647,0,1,6,2,7,0,1,1,0,0,30,30,6,30
2024-07-15,1,0.18501,2,0,0.1838235294117647,0,1,0,3,7,0,0,0,0,0,30,30,7,30
2024-07-16,1,0.184847,0,1,0.18484288354898337,0,1,1,3,7,0,0,0,0,0,30,30,8,30
2024-07-17,1,0.186845,0,1,0.1855287569573284,0,1,2,3,7,0,0,0,0,0,30,30,9,30
2024-07-18,1,0.185595,0,1,0.18518518518518517,0,1,3,3,7,0,0,0,0,0,30,30,10,30
2024-07-19,1,0.18506699999999998,0,1,0.1841620626151013,0,1,4,3,7,0,0,0,0,0,30,30,11,30
2024-07-20,0,0.184518,0,1,0.1838235294117647,0,1,5,3,7,0,1,1,0,0,30,30,12,30
2024-07-21,0,0.184518,1,0,0.1838235294117647,0,1,6,3,7,0,1,1,0,0,30,30,13,30
2024-07-22,1,0.184518,2,0,0.1838235294117647,0,1,0,4,7,0,0,0,0,0,30,30,14,30
2024-07-23,1,0.183419,0,1,0.18518518518518517,0,1,1,4,7,0,0,0,0,0,30,30,15,30
2024-07-24,1,0.184506,0,1,0.1841620626151013,0,1,2,4,7,0,0,0,0,0,30,30,16,30
2024-07-25,1,0.183129,0,1,0.18248175182481752,0,1,3,4,7,0,0,0,0,0,30,30,17,30
2024-07-26,1,0.18015599999999998,0,1,0.17921146953405018,0,1,4,4,7,0,0,0,0,0,30,30,18,30
2024-07-27,0,0.18024300000000001,0,1,0.18181818181818182,0,1,5,4,7,0,1,1,0,0,30,30,19,30
2024-07-28,0,0.18024300000000001,1,0,0.18181818181818182,0,1,6,4,7,0,1,1,0,0,30,30,20,30
2024-07-29,1,0.18024300000000001,2,0,0.18181818181818182,0,1,0,5,7,1,0,0,0,0,30,30,21,30
2024-07-30,1,0.182287,0,1,0.18281535648994515,0,1,1,5,7,1,0,0,0,0,30,30,22,30
2024-07-31,1,0.182404,0,1,0.18148820326678766,0,1,2,5,7,1,0,0,0,0,30,30,23,30
2024-08-01,1,0.181141,0,1,0.18181818181818182,0,1,3,1,8,0,0,0,0,0,30,30,24,29
2024-08-02,1,0.180997,0,1,0.18050541516245489,0,1,4,1,8,0,0,0,0,0,30,30,25,28
2024-08-03,0,0.180536,0,1,0.18083182640144665,0,1,5,1,8,0,1,1,0,0,30,30,26,27
2024-08-04,0,0.180536,1,0,0.18083182640144665,0,1,6,1,8,0,1,1,0,0,30,30,27,26
2024-08-05,1,0.180536,2,0,0.18083182640144665,0,1,0,1,8,0,0,0,0,0,30,30,28,25
2024-08-06,1,0.178998,0,1,0.17761989342806395,0,1,1,1,8,0,0,0,0,0,30,30,29,24
2024-08-07,1,0.178486,0,1,0.17825311942959002,0,1,2,1,8,0,0,0,0,0,30,30,30,23
2024-08-08,1,0.179296,0,1,0.1811594202898551,0,1,3,2,8,0,0,0,0,0,30,30,30,22
2024-08-09,1,0.181998,0,1,0.18214936247723132,0,1,4,2,8,0,0,0,0,0,30,30,30,21
2024-08-10,0,0.18441500000000002,0,1,0.186219739292365,0,1,5,2,8,0,1,1,0,0,30,30,30,20
2024-08-11,0,0.18441500000000002,1,0,0.186219739292365,0,1,6,2,8,0,1,1,0,0,30,30,30,19
2024-08-12,1,0.18441500000000002,2,0,0.186219739292365,0,1,0,2,8,0,0,0,0,0,30,30,30,18
2024-08-13,1,0.188553,0,1,0.18832391713747648,0,1,1,2,8,0,0,0,0,0,30,30,30,17
2024-08-14,1,0.193431,0,1,0.19157088122605365,0,1,2,2,8,0,0,0,0,0,30,30,30,16
2024-08-15,1,0.18773,0,1,0.1855287569573284,0,1,3,3,8,0,0,0,0,0,30,30,30,15
2024-08-16,1,0.185057,0,1,0.18518518518518517,0,1,4,3,8,0,0,0,0,0,30,30,30,14
2024-08-17,0,0.185775,0,1,0.1858736059479554,0,1,5,3,8,0,1,1,0,0,30,30,30,13
2024-08-18,0,0.185775,1,0,0.1858736059479554,0,1,6,3,8,0,1,1,0,0,30,30,30,12
2024-08-19,1,0.185775,2,0,0.1858736059479554,0,1,0,3,8,0,0,0,0,0,30,30,30,11
2024-08-20,1,0.186972,0,1,0.1869158878504673,0,1,1,3,8,0,0,0,0,0,30,30,30,10
2024-08-21,1,0.18944400000000003,0,1,0.19193857965451055,0,1,2,3,8,0,0,0,0,0,30,30,30,9
2024-08-22,1,0.192291,0,1,0.19305019305019305,0,1,3,4,8,0,0,0,0,0,30,30,30,8
2024-08-23,1,0.19190300000000002,0,1,0.19011406844106465,0,1,4,4,8,0,0,0,0,0,30,30,30,7
2024-08-24,0,0.191202,0,1,0.1893939393939394,0,1,5,4,8,0,1,1,0,0,30,30,30,6
2024-08-25,0,0.191202,1,0,0.1893939393939394,0,1,6,4,8,0,1,1,0,0,30,30,30,5
2024-08-26,1,0.191202,2,0,0.1893939393939394,0,1,0,4,8,0,0,0,0,0,30,30,30,4
2024-08-27,1,0.190096,0,1,0.18975332068311196,0,1,1,4,8,0,0,0,0,0,30,30,30,3
2024-08-28,1,0.189146,0,1,0.19011406844106465,0,1,2,4,8,0,0,0,0,0,30,30,30,2
2024-08-29,1,0.190276,0,1,0.18975332068311196,0,1,3,5,8,1,0,0,0,0,30,30,30,1
2024-08-30,1,0.190048,0,1,0.1893939393939394,0,1,4,5,8,1,0,0,0,1,30,30,0,0
2024-08-31,0,0.18933,0,1,0.1893939393939394,0,1,5,5,8,1,1,1,0,0,30,30,1,30
2024-09-01,0,0.18933,1,0,0.1893939393939394,0,1,6,1,9,0,1,1,0,0,30,30,2,30
2024-09-02,1,0.18933,2,0,0.1893939393939394,0,1,0,1,9,0,0,0,0,0,30,30,3,30
2024-09-03,1,0.186868,0,1,0.18484288354898337,0,1,1,1,9,0,0,0,0,0,30,30,4,30
2024-09-04,1,0.18364,0,1,0.1838235294117647,0,1,2,1,9,0,0,0,0,0,30,30,5,30
2024-09-05,1,0.18421700000000002,0,1,0.18484288354898337,0,1,3,1,9,0,0,0,0,0,30,30,6,30
2024-09-06,1,0.185504,0,1,0.1869158878504673,0,1,4,1,9,0,0,0,0,0,30,30,7,30
2024-09-07,0,0.185991,0,1,0.18656716417910446,0,1,5,1,9,0,1,1,0,0,30,30,8,30
2024-09-08,0,0.185991,1,0,0.18656716417910446,0,1,6,2,9,0,1,1,0,0,30,30,9,30
2024-09-09,1,0.185991,2,0,0.18656716417910446,0,1,0,2,9,0,0,0,0,0,30,30,10,30
2024-09-10,1,0.188087,0,1,0.1890359168241966,0,1,1,2,9,0,0,0,0,0,30,30,11,30
2024-09-11,1,0.190258,0,1,0.19083969465648853,0,1,2,2,9,0,0,0,0,0,30,30,12,30
2024-09-12,1,0.19115200000000002,0,1,0.19047619047619047,0,1,3,2,9,0,0,0,0,0,30,30,13,30
2024-09-13,1,0.190758,0,1,0.19083969465648853,0,1,4,2,9,0,0,0,0,0,30,30,14,30
2024-09-14,0,0.19058599999999998,0,1,0.18975332068311196,0,1,5,2,9,0,1,1,0,0,30,30,15,30
2024-09-15,0,0.19058599999999998,1,0,0.18975332068311196,0,1,6,3,9,0,1,1,0,0,30,30,16,30
2024-09-16,1,0.19058599999999998,2,0,0.18975332068311196,0,1,0,3,9,0,0,0,0,0,30,30,17,30
2024-09-17,1,0.190125,0,1,0.1893939393939394,0,1,1,3,9,0,0,0,0,0,30,30,18,30
2024-09-18,1,0.190236,0,1,0.18975332068311196,0,1,2,3,9,0,0,0,0,0,30,30,19,30
2024-09-19,1,0.190731,0,1,0.19157088122605365,0,1,3,3,9,0,0,0,0,0,30,30,20,30
2024-09-20,1,0.193536,0,1,0.19379844961240308,0,1,4,3,9,0,0,0,0,0,30,30,21,30
2024-09-21,0,0.19331600000000002,0,1,0.19342359767891684,0,1,5,3,9,0,1,1,0,0,30,30,22,30
2024-09-22,0,0.19331600000000002,1,0,0.19342359767891684,0,1,6,4,9,0,1,1,0,0,30,30,23,30
2024-09-23,1,0.19331600000000002,2,0,0.19342359767891684,0,1,0,4,9,0,0,0,0,0,30,30,24,30
2024-09-24,1,0.193967,0,1,0.19305019305019305,0,1,1,4,9,0,0,0,0,0,30,30,25,30
2024-09-25,1,0.193262,0,1,0.19379844961240308,0,1,2,4,9,0,0,0,0,0,30,30,26,30
2024-09-26,1,0.192591,0,1,0.19305019305019305,0,1,3,4,9,0,0,0,0,0,30,30,27,29
2024-09-27,1,0.193256,0,1,0.19342359767891684,0,1,4,4,9,0,0,0,0,0,30,30,28,28
2024-09-28,0,0.193741,0,1,0.19379844961240308,0,1,5,4,9,1,1,1,0,0,30,30,29,27
2024-09-29,0,0.193741,1,0,0.19379844961240308,0,1,6,5,9,1,1,1,0,0,30,30,30,26
2024-09-30,1,0.193741,2,0,0.19379844961240308,0,1,0,5,9,1,0,0,0,0,30,30,30,25
2024-10-01,1,0.194525,0,1,0.19305019305019305,0,1,1,1,10,0,0,0,0,0,30,30,30,24
2024-10-02,1,0.194015,0,1,0.19455252918287938,0,1,2,1,10,0,0,0,0,0,30,30,30,23
2024-10-03,1,0.19684100000000002,0,1,0.1953125,0,1,3,1,10,0,0,0,0,0,30,30,30,22
2024-10-04,1,0.196648,0,1,0.19685039370078738,0,1,4,1,10,0,0,0,0,0,30,30,30,21
2024-10-05,0,0.196475,0,1,0.1972386587771203,0,1,5,1,10,0,1,1,0,0,30,30,30,20
2024-10-06,0,0.196475,1,0,0.1972386587771203,0,1,6,1,10,0,1,1,0,0,30,29,30,19
2024-10-07,1,0.196475,2,0,0.1972386587771203,0,1,0,1,10,0,0,0,0,0,30,28,30,18
2024-10-08,1,0.19937100000000002,0,1,0.19801980198019803,0,1,1,2,10,0,0,0,0,0,30,27,30,17
2024-10-09,1,0.19841799999999998,0,1,0.19762845849802374,0,1,2,2,10,0,0,0,0,0,30,26,30,16
2024-10-10,1,0.19930199999999998,0,1,0.19801980198019803,0,1,3,2,10,0,0,0,0,0,30,25,30,15
2024-10-11,1,0.198829,0,1,0.1984126984126984,0,1,4,2,10,0,0,0,0,0,30,24,30,14
2024-10-12,0,0.19572299999999998,0,1,0.19646365422396858,0,1,5,2,10,0,1,1,0,0,30,23,30,13
2024-10-13,0,0.19572299999999998,1,0,0.19646365422396858,0,1,6,2,10,0,1,1,0,0,30,22,30,12
2024-10-14,1,0.19572299999999998,2,0,0.19646365422396858,0,1,0,2,10,0,0,0,0,0,30,21,30,11
2024-10-15,1,0.197185,0,1,0.19880715705765406,0,1,1,3,10,0,0,0,0,0,30,20,30,10
2024-10-16,1,0.20039300000000002,0,1,0.1984126984126984,0,1,2,3,10,0,0,0,0,0,30,19,30,9
2024-10-17,1,0.199534,0,1,0.1984126984126984,0,1,3,3,10,0,0,0,0,0,30,18,30,8
2024-10-18,1,0.198697,0,1,0.19920318725099603,0,1,4,3,10,0,0,0,0,0,30,17,30,7
2024-10-19,0,0.197884,0,1,0.1984126984126984,0,1,5,3,10,0,1,1,0,0,30,16,30,6
2024-10-20,0,0.197884,1,0,0.1984126984126984,0,1,6,3,10,0,1,1,0,0,30,15,30,5
2024-10-21,1,0.197884,2,0,0.1984126984126984,0,1,0,3,10,0,0,0,0,0,30,14,30,4
2024-10-22,1,0.19811199999999998,0,1,0.2,0,1,1,4,10,0,0,0,0,0,30,13,30,3
2024-10-23,1,0.20053100000000001,0,1,0.19880715705765406,0,1,2,4,10,0,0,0,0,0,30,12,30,2
2024-10-24,1,0.19958700000000001,0,1,0.19801980198019803,0,1,3,4,10,0,0,0,0,0,30,11,30,1
2024-10-25,1,0.198788,0,1,0.19920318725099603,0,1,4,4,10,0,0,0,0,1,30,10,0,0
2024-10-26,0,0.199266,0,1,0.19920318725099603,0,1,5,4,10,0,1,1,0,0,30,9,1,30
2024-10-27,0,0.199266,1,0,0.19920318725099603,0,1,6,4,10,0,1,1,0,0,30,8,2,30
2024-10-28,1,0.199266,2,0,0.19920318725099603,0,1,0,4,10,0,0,0,0,0,30,7,3,30
2024-10-29,1,0.200429,0,1,0.19920318725099603,0,1,1,5,10,1,0,0,0,0,30,6,4,30
2024-10-30,1,0.199516,0,1,0.1972386587771203,0,1,2,5,10,1,0,0,0,0,30,5,5,30
2024-10-31,1,0.19738299999999998,0,1,0.1984126984126984,0,1,3,5,10,1,0,0,0,0,30,4,6,30
2024-11-01,1,0.19863399999999998,0,1,0.19880715705765406,0,1,4,1,11,0,0,0,0,0,30,3,7,30
2024-11-02,1,0.19956600000000002,0,1,0.1996007984031936,0,1,5,1,11,0,1,1,0,0,30,2,8,30
2024-11-03,0,0.199852,0,1,0.1996007984031936,0,1,6,1,11,0,1,1,0,0,30,1,9,30
2024-11-04,0,0.199852,1,0,0.1996007984031936,0,1,0,1,11,0,0,0,1,0,0,0,10,30
2024-11-05,1,0.199852,2,0,0.2004008016032064,0,1,1,1,11,0,0,0,0,0,1,30,11,30
2024-11-06,1,0.200376,0,1,0.2,0,1,2,1,11,0,0,0,0,0,2,30,12,30
2024-11-07,1,0.200903,0,1,0.1996007984031936,0,1,3,1,11,0,0,0,0,0,3,30,13,30
2024-11-08,1,0.199278,0,1,0.19880715705765406,0,1,4,2,11,0,0,0,0,0,4,30,14,30
2024-11-09,0,0.19876000000000002,0,1,0.19801980198019803,0,1,5,2,11,0,1,1,0,0,5,30,15,30
2024-11-10,0,0.19876000000000002,1,0,0.19801980198019803,0,1,6,2,11,0,1,1,0,0,6,30,16,30
2024-11-11,1,0.19876000000000002,2,0,0.19801980198019803,0,1,0,2,11,0,0,0,0,0,7,30,17,30
2024-11-12,1,0.19921299999999997,0,1,0.19880715705765406,0,1,1,2,11,0,0,0,0,0,8,30,18,30
2024-11-13,1,0.198835,0,1,0.19801980198019803,0,1,2,2,11,0,0,0,0,0,9,30,19,30
2024-11-14,1,0.198739,0,1,0.2,0,1,3,2,11,0,0,0,0,0,10,30,20,30
2024-11-15,1,0.201187,0,1,0.2012072434607646,0,1,4,3,11,0,0,0,0,0,11,30,21,30
2024-11-16,0,0.202485,0,1,0.2008032128514056,0,1,5,3,11,0,1,1,0,0,12,30,22,30
2024-11-17,0,0.202485,1,0,0.2008032128514056,0,1,6,3,11,0,1,1,0,0,13,30,23,29
2024-11-18,1,0.202485,2,0,0.2008032128514056,0,1,0,3,11,0,0,0,0,0,14,30,24,28
2024-11-19,1,0.201518,0,1,0.2,0,1,1,3,11,0,0,0,0,0,15,30,25,27
2024-11-20,1,0.20091699999999998,0,1,0.2012072434607646,0,1,2,3,11,0,0,0,0,0,16,30,26,26
2024-11-21,1,0.201543,0,1,0.20242914979757085,0,1,3,3,11,0,0,0,0,0,17,30,27,25
2024-11-22,1,0.203311,0,1,0.20366598778004072,0,1,4,4,11,0,0,0,0,0,18,30,28,24
2024-11-23,0,0.20727900000000002,0,1,0.2061855670103093,0,1,5,4,11,0,1,1,0,0,19,30,29,23
2024-11-24,0,0.20727900000000002,1,0,0.2061855670103093,0,1,6,4,11,0,1,1,0,0,20,30,30,22
2024-11-25,1,0.20727900000000002,2,0,0.2061855670103093,0,1,0,4,11,0,0,0,0,0,21,30,30,21
2024-11-26,1,0.208273,0,1,0.2079002079002079,0,1,1,4,11,0,0,0,0,0,22,30,30,20
2024-11-27,1,0.210749,0,1,0.21052631578947367,0,1,2,4,11,0,0,0,0,0,23,30,30,19
2024-11-28,1,0.21664899999999998,0,1,0.21645021645021645,0,1,3,4,11,1,0,0,0,0,24,30,30,18
2024-11-29,1,0.219371,0,1,0.21321961620469082,0,1,4,5,11,1,0,0,0,0,25,30,30,17
2024-11-30,0,0.21002099999999999,0,1,0.2114164904862579,0,1,5,5,11,1,1,1,0,0,26,30,30,16
2024-12-01,0,0.21002099999999999,1,0,0.2114164904862579,0,1,6,1,12,0,1,1,0,0,27,30,30,15
2024-12-02,1,0.21002099999999999,2,0,0.2114164904862579,0,1,0,1,12,0,0,0,0,0,28,30,30,14
2024-12-03,1,0.209647,0,1,0.20283975659229211,0,1,1,1,12,0,0,0,0,0,29,29,30,13
2024-12-04,1,0.202424,0,1,0.20283975659229211,0,1,2,1,12,0,0,0,0,0,30,28,30,12
2024-12-05,1,0.199239,0,1,0.1996007984031936,0,1,3,1,12,0,0,0,0,0,30,27,30,11
2024-12-06,1,0.197455,0,1,0.19455252918287938,0,1,4,1,12,0,0,0,0,0,30,26,30,10
2024-12-07,0,0.189501,0,1,0.19342359767891684,0,1,5,1,12,0,1,1,0,0,30,25,30,9
2024-12-08,0,0.189501,1,0,0.19342359767891684,0,1,6,2,12,0,1,1,0,0,30,24,30,8
2024-12-09,1,0.189501,2,0,0.19342359767891684,0,1,0,2,12,0,0,0,0,0,30,23,30,7
2024-12-10,1,0.193094,0,1,0.1941747572815534,0,1,1,2,12,0,0,0,0,0,30,22,30,6
2024-12-11,1,0.196111,0,1,0.19762845849802374,0,1,2,2,12,0,0,0,0,0,30,21,30,5
2024-12-12,1,0.20326899999999998,0,1,0.2008032128514056,0,1,3,2,12,0,0,0,0,0,30,20,30,4
2024-12-13,1,0.20109100000000002,0,1,0.19801980198019803,0,1,4,2,12,0,0,0,0,0,30,19,30,3
2024-12-14,0,0.19779800000000003,0,1,0.19762845849802374,0,1,5,2,12,0,1,1,0,0,30,18,30,2
2024-12-15,0,0.19779800000000003,1,0,0.19762845849802374,0,1,6,3,12,0,1,1,0,0,30,17,30,1
2024-12-16,1,0.19779800000000003,2,0,0.19762845849802374,0,1,0,3,12,0,0,0,0,1,30,16,0,0
2024-12-17,1,0.196965,0,1,0.19762845849802374,0,1,1,3,12,0,0,0,0,0,30,15,1,15
2024-12-18,1,0.197129,0,1,0.19646365422396858,0,1,2,3,12,0,0,0,0,0,30,14,2,14
2024-12-19,1,0.19589099999999998,0,1,0.1972386587771203,0,1,3,3,12,0,0,0,0,0,30,13,3,13
2024-12-20,1,0.19788499999999998,0,1,0.19646365422396858,0,1,4,3,12,0,0,0,0,0,30,12,4,12
2024-12-21,0,0.195305,0,1,0.19569471624266144,0,1,5,3,12,0,1,1,0,0,30,11,5,11
2024-12-22,0,0.195305,1,0,0.19569471624266144,0,1,6,4,12,0,1,1,0,0,30,10,6,10
2024-12-23,1,0.195305,2,0,0.19569471624266144,0,1,0,4,12,0,0,0,0,0,30,9,7,9
2024-12-24,1,0.193972,0,1,0.1923076923076923,0,1,1,4,12,0,0,0,0,0,30,8,8,8
2024-12-25,1,0.190699,0,1,0.19342359767891684,0,1,2,4,12,0,0,0,0,0,30,7,9,7
2024-12-26,1,0.193089,0,1,0.19305019305019305,0,1,3,4,12,0,0,0,0,0,30,6,10,6
2024-12-27,1,0.192705,0,1,0.19305019305019305,0,1,4,4,12,0,0,0,0,0,30,5,11,5
2024-12-28,1,0.195105,0,1,0.19801980198019803,0,1,5,4,12,0,1,1,0,0,30,4,12,4
2024-12-29,0,0.19486,0,1,0.19801980198019803,0,1,6,5,12,1,1,1,0,0,30,3,13,3
2024-12-30,1,0.19486,1,0,0.19801980198019803,0,1,0,5,12,1,0,0,0,0,30,2,14,2
2024-12-31,0,0.19486,2,0,0.2004008016032064,0,1,1,5,12,1,0,0,0,0,30,1,15,1
2025-01-01,0,0.19486,3,0,0.20491803278688525,0,1,2,1,1,0,0,0,1,1,0,0,0,0
2025-01-02,0,0.19486,4,0,0.20491803278688525,0,1,3,1,1,0,0,0,1,1,0,0,0,0
2025-01-03,1,0.19486,5,0,0.20491803278688525,0,1,4,1,1,0,0,0,1,0,0,0,1,4
2025-01-04,0,0.19486,6,0,0.20491803278688525,0,1,5,1,1,0,1,1,1,0,0,0,2,3
2025-01-05,0,0.19486,7,0,0.20491803278688525,0,1,6,1,1,0,1,1,1,0,0,0,3,2
2025-01-06,1,0.19486,8,0,0.21008403361344538,0,1,0,1,1,0,0,0,1,0,0,0,4,1
2025-01-07,0,0.19486,9,0,0.20202020202020202,0,1,1,1,1,0,0,0,1,1,0,0,0,0
2025-01-08,1,0.19486,10,0,0.20202020202020202,0,1,2,2,1,0,0,0,1,0,0,0,1,30
2025-01-09,1,0.19486,11,0,0.19801980198019803,0,1,3,2,1,0,0,0,0,0,1,30,2,30
2025-01-10,1,0.194016,0,1,0.1953125,0,1,4,2,1,0,0,0,0,0,2,30,3,30
2025-01-11,0,0.19421600000000003,0,1,0.19379844961240308,0,1,5,2,1,0,1,1,0,0,3,30,4,30
2025-01-12,0,0.19421600000000003,1,0,0.19379844961240308,0,1,6,2,1,0,1,1,0,0,4,30,5,30
2025-01-13,1,0.19421600000000003,2,0,0.19379844961240308,0,1,0,2,1,0,0,0,0,0,5,30,6,30
2025-01-14,1,0.19496200000000002,0,1,0.19342359767891684,0,1,1,2,1,0,0,0,0,0,6,30,7,30
2025-01-15,1,0.195713,0,1,0.19379844961240308,0,1,2,3,1,0,0,0,0,0,7,30,8,30
2025-01-16,1,0.193889,0,1,0.19342359767891684,0,1,3,3,1,0,0,0,0,0,8,30,9,30
2025-01-17,1,0.193272,0,1,0.19379844961240308,0,1,4,3,1,0,0,0,0,0,9,30,10,30
2025-01-18,0,0.19336099999999998,0,1,0.19342359767891684,0,1,5,3,1,0,1,1,0,0,10,30,11,30
2025-01-19,0,0.19336099999999998,1,0,0.19342359767891684,0,1,6,3,1,0,1,1,0,0,11,30,12,30
2025-01-20,1,0.19336099999999998,2,0,0.19342359767891684,0,1,0,3,1,0,0,0,0,0,12,30,13,30
2025-01-21,1,0.19233,0,1,0.19193857965451055,0,1,1,3,1,0,0,0,0,0,13,30,14,30
2025-01-22,1,0.18854700000000002,0,1,0.1890359168241966,0,1,2,4,1,0,0,0,0,0,14,30,15,30
2025-01-23,1,0.18628499999999998,0,1,0.1890359168241966,0,1,3,4,1,0,0,0,0,0,15,30,16,30
2025-01-24,1,0.19024000000000002,0,1,0.1893939393939394,0,1,4,4,1,0,0,0,0,0,16,30,17,30
2025-01-25,0,0.188093,0,1,0.1893939393939394,0,1,5,4,1,0,1,1,0,0,17,29,18,30
2025-01-26,0,0.188093,1,0,0.1893939393939394,0,1,6,4,1,0,1,1,0,0,18,28,19,30
2025-01-27,1,0.188093,2,0,0.1893939393939394,0,1,0,4,1,0,0,0,0,0,19,27,20,30
2025-01-28,1,0.18757100000000002,0,1,0.18761726078799248,0,1,1,4,1,0,0,0,0,0,20,26,21,30
2025-01-29,1,0.189573,0,1,0.1890359168241966,0,1,2,5,1,1,0,0,0,0,21,25,22,30
2025-01-30,1,0.18989899999999998,0,1,0.19011406844106465,0,1,3,5,1,1,0,0,0,0,22,24,23,30
2025-01-31,1,0.18962199999999999,0,1,0.18832391713747648,0,1,4,5,1,1,0,0,0,0,23,23,24,30
2025-02-01,0,0.188358,0,1,0.18975332068311196,0,1,5,1,2,0,1,1,0,0,24,22,25,30
2025-02-02,0,0.188358,1,0,0.18975332068311196,0,1,6,1,2,0,1,1,0,0,25,21,26,30
2025-02-03,1,0.188358,2,0,0.18975332068311196,0,1,0,1,2,0,0,0,0,0,26,20,27,30
2025-02-04,1,0.192889,0,1,0.19047619047619047,0,1,1,1,2,0,0,0,0,0,27,19,28,30
2025-02-05,1,0.188906,0,1,0.19083969465648853,0,1,2,1,2,0,0,0,0,0,28,18,29,30
2025-02-06,1,0.188471,0,1,0.19047619047619047,0,1,3,1,2,0,0,0,0,0,29,17,30,30
2025-02-07,1,0.187822,0,1,0.18867924528301888,0,1,4,1,2,0,0,0,0,0,30,16,30,29
2025-02-08,0,0.188772,0,1,0.1893939393939394,0,1,5,2,2,0,1,1,0,0,30,15,30,28
2025-02-09,0,0.188772,1,0,0.1893939393939394,0,1,6,2,2,0,1,1,0,0,30,14,30,27
2025-02-10,1,0.188772,2,0,0.1893939393939394,0,1,0,2,2,0,0,0,0,0,30,13,30,26
2025-02-11,1,0.189331,0,1,0.18975332068311196,0,1,1,2,2,0,0,0,0,0,30,12,30,25
2025-02-12,1,0.187668,0,1,0.1893939393939394,0,1,2,2,2,0,0,0,0,0,30,11,30,24
2025-02-13,1,0.185709,0,1,0.18761726078799248,0,1,3,2,2,0,0,0,0,0,30,10,30,23
2025-02-14,1,0.181587,0,1,0.1838235294117647,0,1,4,2,2,0,0,0,0,0,30,9,30,22
2025-02-15,0,0.181389,0,1,0.1838235294117647,0,1,5,3,2,0,1,1,0,0,30,8,30,21
2025-02-16,0,0.181389,1,0,0.1838235294117647,0,1,6,3,2,0,1,1,0,0,30,7,30,20
2025-02-17,1,0.181389,2,0,0.1838235294117647,0,1,0,3,2,0,0,0,0,0,30,6,30,19
2025-02-18,1,0.18461200000000003,0,1,0.18315018315018314,0,1,1,3,2,0,0,0,0,0,30,5,30,18
2025-02-19,1,0.183137,0,1,0.18281535648994515,0,1,2,3,2,0,0,0,0,0,30,4,30,17
2025-02-20,1,0.18162,0,1,0.17921146953405018,0,1,3,3,2,0,0,0,0,0,30,3,30,16
2025-02-21,1,0.175752,0,1,0.17761989342806395,0,1,4,3,2,0,0,0,0,0,30,2,30,15
2025-02-22,0,0.17642,0,1,0.17605633802816903,0,1,5,4,2,0,1,1,0,0,30,1,30,14
2025-02-23,0,0.17642,1,0,0.17605633802816903,0,1,6,4,2,0,1,1,1,0,0,0,30,13
2025-02-24,1,0.17642,2,0,0.17605633802816903,0,1,0,4,2,0,0,0,1,0,0,0,30,12
2025-02-25,1,0.175546,0,1,0.17513134851138354,0,1,1,4,2,0,0,0,0,0,1,11,30,11
2025-02-26,1,0.172268,0,1,0.17271157167530224,0,1,2,4,2,1,0,0,0,0,2,10,30,10
2025-02-27,1,0.172307,0,1,0.1706484641638225,0,1,3,4,2,1,0,0,0,0,3,9,30,9
2025-02-28,1,0.174946,0,1,0.1733102253032929,0,1,4,4,2,1,0,0,0,0,4,8,30,8
2025-03-01,0,0.175989,0,1,0.1773049645390071,0,1,5,1,3,0,1,1,0,0,5,7,30,7
2025-03-02,0,0.175989,1,0,0.1773049645390071,0,1,6,1,3,0,1,1,0,0,6,6,30,6
2025-03-03,1,0.175989,2,0,0.1773049645390071,0,1,0,1,3,0,0,0,0,0,7,5,30,5
2025-03-04,1,0.178778,0,1,0.17921146953405018,0,1,1,1,3,0,0,0,0,0,8,4,30,4
2025-03-05,1,0.178808,0,1,0.17857142857142858,0,1,2,1,3,0,0,0,0,0,9,3,30,3
2025-03-06,1,0.179669,0,1,0.1801801801801802,0,1,3,1,3,0,0,0,0,0,10,2,30,2
2025-03-07,1,0.18033100000000002,0,1,0.18050541516245489,0,1,4,1,3,0,0,0,0,0,11,1,30,1
2025-03-08,0,0.179728,0,1,0.17921146953405018,0,1,5,2,3,0,1,1,1,1,0,0,0,0
2025-03-09,0,0.179728,1,0,0.17921146953405018,0,1,6,2,3,0,1,1,0,0,1,1,1,1
2025-03-10,1,0.179728,2,0,0.17921146953405018,0,1,0,2,3,0,0,0,1,1,0,0,0,0
2025-03-11,1,0.178618,0,1,0.17921146953405018,0,1,1,2,3,0,0,0,0,0,1,30,1,10
2025-03-12,1,0.174939,0,1,0.17605633802816903,0,1,2,2,3,0,0,0,0,0,2,30,2,9
2025-03-13,1,0.177308,0,1,0.1773049645390071,0,1,3,2,3,0,0,0,0,0,3,30,3,8
2025-03-14,1,0.17708100000000002,0,1,0.1733102253032929,0,1,4,2,3,0,0,0,0,0,4,30,4,7
2025-03-15,0,0.17277,0,1,0.16977928692699493,0,1,5,3,3,0,1,1,0,0,5,30,5,6
2025-03-16,0,0.17277,1,0,0.16977928692699493,0,1,6,3,3,0,1,1,0,0,6,30,6,5
2025-03-17,1,0.17277,2,0,0.16977928692699493,0,1,0,3,3,0,0,0,0,0,7,30,7,4
2025-03-18,1,0.16689299999999999,0,1,0.16778523489932887,0,1,1,3,3,0,0,0,0,0,8,30,8,3
2025-03-19,1,0.16331700000000002,0,1,0.1652892561983471,0,1,2,3,3,0,0,0,0,0,9,30,9,2
2025-03-20,1,0.166896,0,1,0.16666666666666666,0,1,3,3,3,0,0,0,0,0,10,30,10,1
2025-03-21,1,0.16868300000000003,0,1,0.1680672268907563,0,1,4,3,3,0,0,0,0,1,11,30,0,0
2025-03-22,0,0.168327,0,1,0.1680672268907563,0,1,5,4,3,0,1,1,0,1,12,30,0,0
2025-03-23,0,0.168327,1,0,0.1680672268907563,0,1,6,4,3,0,1,1,0,1,13,30,0,0
2025-03-24,1,0.168327,2,0,0.1680672268907563,0,1,0,4,3,0,0,0,0,1,14,30,0,0
2025-03-25,1,0.16680299999999998,0,1,0.1680672268907563,0,1,1,4,3,0,0,0,0,0,15,30,1,30
2025-03-26,1,0.167438,0,1,0.1680672268907563,0,1,2,4,3,0,0,0,0,0,16,30,2,30
2025-03-27,1,0.167465,0,1,0.16778523489932887,0,1,3,4,3,0,0,0,0,0,17,30,3,30
2025-03-28,1,0.167065,0,1,0.16778523489932887,0,1,4,4,3,0,0,0,0,0,18,30,4,30
2025-03-29,0,0.16795000000000002,0,1,0.16666666666666666,0,1,5,5,3,1,1,1,0,0,19,30,5,30
2025-03-30,0,0.16795000000000002,1,0,0.16666666666666666,0,1,6,5,3,1,1,1,0,0,20,30,6,30
2025-03-31,1,0.16795000000000002,2,0,0.16666666666666666,0,1,0,5,3,1,0,0,0,0,21,30,7,30
2025-04-01,1,0.169831,0,1,0.1680672268907563,0,1,1,1,4,0,0,0,0,0,22,30,8,30
2025-04-02,1,0.168247,0,1,0.16863406408094436,0,1,2,1,4,0,0,0,0,0,23,29,9,29
2025-04-03,1,0.168046,0,1,0.16722408026755853,0,1,3,1,4,0,0,0,0,0,24,28,10,28
2025-04-04,1,0.167743,0,1,0.16722408026755853,0,1,4,1,4,0,0,0,0,0,25,27,11,27
2025-04-05,0,0.168027,0,1,0.16750418760469013,0,1,5,1,4,0,1,1,0,0,26,26,12,26
2025-04-06,0,0.168027,1,0,0.16750418760469013,0,1,6,1,4,0,1,1,0,0,27,25,13,25
2025-04-07,1,0.168027,2,0,0.16750418760469013,0,1,0,1,4,0,0,0,0,0,28,24,14,24
2025-04-08,1,0.17089500000000002,0,1,0.16583747927031509,0,1,1,2,4,0,0,0,0,0,29,23,15,23
2025-04-09,1,0.16489,0,1,0.1652892561983471,0,1,2,2,4,0,0,0,0,0,30,22,16,22
2025-04-10,1,0.166019,0,1,0.16501650165016502,0,1,3,2,4,0,0,0,0,0,30,21,17,21
2025-04-11,1,0.163341,0,1,0.16501650165016502,0,1,4,2,4,0,0,0,0,0,30,20,18,20
2025-04-12,0,0.163058,0,1,0.1631321370309951,0,1,5,2,4,0,1,1,0,0,30,19,19,19
2025-04-13,0,0.163058,1,0,0.1631321370309951,0,1,6,2,4,0,1,1,0,0,30,18,20,18
2025-04-14,1,0.163058,2,0,0.1631321370309951,0,1,0,2,4,0,0,0,0,0,30,17,21,17
2025-04-15,1,0.16073199999999999,0,1,0.15873015873015872,0,1,1,3,4,0,0,0,0,0,30,16,22,16
2025-04-16,1,0.158817,0,1,0.15873015873015872,0,1,2,3,4,0,0,0,0,0,30,15,23,15
2025-04-17,1,0.159775,0,1,0.1582278481012658,0,1,3,3,4,0,0,0,0,0,30,14,24,14
2025-04-18,1,0.157226,0,1,0.15673981191222572,0,1,4,3,4,0,0,0,0,0,30,13,25,13
2025-04-19,0,0.155079,0,1,0.1564945226917058,0,1,5,3,4,0,1,1,0,0,30,12,26,12
2025-04-20,0,0.155079,1,0,0.1564945226917058,0,1,6,3,4,0,1,1,0,0,30,11,27,11
2025-04-21,1,0.155079,2,0,0.1564945226917058,0,1,0,3,4,0,0,0,0,0,30,10,28,10
2025-04-22,1,0.154742,0,1,0.15552099533437014,0,1,1,4,4,0,0,0,0,0,30,9,29,9
2025-04-23,1,0.156198,0,1,0.15698587127158556,0,1,2,4,4,0,0,0,0,0,30,8,30,8
2025-04-24,1,0.15898199999999998,0,1,0.1594896331738437,0,1,3,4,4,0,0,0,0,0,30,7,30,7
2025-04-25,1,0.159849,0,1,0.16051364365971107,0,1,4,4,4,0,0,0,0,0,30,6,30,6
2025-04-26,0,0.159825,0,1,0.16025641025641024,0,1,5,4,4,0,1,1,0,0,30,5,30,5
2025-04-27,0,0.159825,1,0,0.16025641025641024,0,1,6,4,4,0,1,1,0,0,30,4,30,4
2025-04-28,1,0.159825,2,0,0.16025641025641024,0,1,0,4,4,1,0,0,0,0,30,3,30,3
2025-04-29,1,0.160276,0,1,0.16025641025641024,0,1,1,5,4,1,0,0,0,0,30,2,30,2
2025-04-30,1,0.158779,0,1,0.1589825119236884,0,1,2,5,4,1,0,0,0,0,30,1,30,1
2025-05-01,0,0.15906700000000001,0,1,0.1584786053882726,0,1,3,1,5,0,0,0,1,1,0,0,0,0
2025-05-02,1,0.15906700000000001,1,0,0.1584786053882726,0,1,4,1,5,0,0,0,0,0,1,7,1,5
2025-05-03,0,0.15906700000000001,2,0,0.16,0,1,5,1,5,0,1,1,0,0,2,6,2,4
2025-05-04,0,0.15906700000000001,3,0,0.16,0,1,6,1,5,0,1,1,0,0,3,5,3,3
2025-05-05,1,0.15906700000000001,4,0,0.16,0,1,0,1,5,0,0,0,0,0,4,4,4,2
2025-05-06,1,0.158698,0,1,0.1564945226917058,0,1,1,1,5,0,0,0,0,0,5,3,5,1
2025-05-07,1,0.156142,0,1,0.15748031496062992,0,1,2,1,5,0,0,0,0,1,6,2,0,0
2025-05-08,1,0.157165,0,1,0.15748031496062992,0,1,3,2,5,0,0,0,0,0,7,1,1,1
2025-05-09,0,0.157165,1,0,0.1597444089456869,0,1,4,2,5,0,0,0,1,1,0,0,0,0
2025-05-10,0,0.157165,2,0,0.1597444089456869,0,1,5,2,5,0,1,1,0,0,1,30,1,30
2025-05-11,0,0.157165,3,0,0.1597444089456869,0,1,6,2,5,0,1,1,0,0,2,30,2,30
2025-05-12,1,0.157165,4,0,0.1597444089456869,0,1,0,2,5,0,0,0,0,0,3,30,3,30
2025-05-13,1,0.156757,0,1,0.1579778830963665,0,1,1,2,5,0,0,0,0,0,4,30,4,30
2025-05-14,1,0.156791,0,1,0.1582278481012658,0,1,2,2,5,0,0,0,0,0,5,29,5,30
2025-05-15,1,0.157283,0,1,0.15873015873015872,0,1,3,3,5,0,0,0,0,0,6,28,6,30
2025-05-16,1,0.15865600000000002,0,1,0.15772870662460567,0,1,4,3,5,0,0,0,0,0,7,27,7,30
2025-05-17,0,0.15819,0,1,0.15873015873015872,0,1,5,3,5,0,1,1,0,0,8,26,8,30
2025-05-18,0,0.15819,1,0,0.15873015873015872,0,1,6,3,5,0,1,1,0,0,9,25,9,30
2025-05-19,1,0.15819,2,0,0.15873015873015872,0,1,0,3,5,0,0,0,0,0,10,24,10,30
2025-05-20,1,0.157826,0,1,0.15748031496062992,0,1,1,3,5,0,0,0,0,0,11,23,11,30
2025-05-21,1,0.157225,0,1,0.1579778830963665,0,1,2,3,5,0,0,0,0,0,12,22,12,30
2025-05-22,1,0.155892,0,1,0.15698587127158556,0,1,3,4,5,0,0,0,0,0,13,21,13,30
2025-05-23,1,0.156164,0,1,0.15698587127158556,0,1,4,4,5,0,0,0,0,0,14,20,14,30
2025-05-24,0,0.157199,0,1,0.1564945226917058,0,1,5,4,5,0,1,1,0,0,15,19,15,30
2025-05-25,0,0.157199,1,0,0.1564945226917058,0,1,6,4,5,0,1,1,0,0,16,18,16,30
2025-05-26,1,0.157199,2,0,0.1564945226917058,0,1,0,4,5,0,0,0,0,0,17,17,17,30
2025-05-27,1,0.155937,0,1,0.15600624024961,0,1,1,4,5,0,0,0,0,0,18,16,18,30
2025-05-28,1,0.155795,0,1,0.1564945226917058,0,1,2,4,5,0,0,0,0,0,19,15,19,30
2025-05-29,1,0.155427,0,1,0.15503875968992248,0,1,3,5,5,1,0,0,0,0,20,14,20,30
2025-05-30,1,0.153117,0,1,0.15479876160990713,0,1,4,5,5,1,0,0,0,0,21,13,21,30
2025-05-31,0,0.154375,0,1,0.15360983102918588,0,1,5,5,5,1,1,1,0,0,22,12,22,30
2025-06-01,0,0.154375,1,0,0.15360983102918588,0,1,6,1,6,0,1,1,0,0,23,11,23,30
2025-06-02,1,0.154375,2,0,0.15360983102918588,0,1,0,1,6,0,0,0,0,0,24,10,24,30
2025-06-03,1,0.154908,0,1,0.15479876160990713,0,1,1,1,6,0,0,0,0,0,25,9,25,30
2025-06-04,1,0.15420299999999998,0,1,0.15384615384615385,0,1,2,1,6,0,0,0,0,0,26,8,26,30
2025-06-05,1,0.153295,0,1,0.15313935681470137,0,1,3,1,6,0,0,0,0,0,27,7,27,30
2025-06-06,1,0.154645,0,1,0.15479876160990713,0,1,4,1,6,0,0,0,0,0,28,6,28,30
2025-06-07,0,0.15517799999999998,0,1,0.15479876160990713,0,1,5,1,6,0,1,1,0,0,29,5,29,29
2025-06-08,0,0.15517799999999998,1,0,0.15479876160990713,0,1,6,2,6,0,1,1,0,0,30,4,30,28
2025-06-09,1,0.15517799999999998,2,0,0.15479876160990713,0,1,0,2,6,0,0,0,0,0,30,3,30,27
2025-06-10,1,0.155147,0,1,0.15527950310559005,0,1,1,2,6,0,0,0,0,0,30,2,30,26
2025-06-11,1,0.154573,0,1,0.15432098765432098,0,1,2,2,6,0,0,0,0,0,30,1,30,25
2025-06-12,0,0.155389,0,1,0.15527950310559005,0,1,3,2,6,0,0,0,1,0,0,0,30,24
2025-06-13,1,0.155389,1,0,0.15600624024961,0,1,4,2,6,0,0,0,0,0,1,30,30,23
2025-06-14,0,0.155389,2,0,0.15527950310559005,0,1,5,2,6,0,1,1,0,0,2,30,30,22
2025-06-15,0,0.155389,3,0,0.15527950310559005,0,1,6,3,6,0,1,1,0,0,3,30,30,21
2025-06-16,1,0.155389,4,0,0.15527950310559005,0,1,0,3,6,0,0,0,0,0,4,30,30,20
2025-06-17,1,0.153357,0,1,0.15337423312883436,0,1,1,3,6,0,0,0,0,0,5,30,30,19
2025-06-18,1,0.153605,0,1,0.1519756838905775,0,1,2,3,6,0,0,0,0,0,6,30,30,18
2025-06-19,1,0.152126,0,1,0.15082956259426847,0,1,3,3,6,0,0,0,0,0,7,30,30,17
2025-06-20,1,0.151277,0,1,0.15082956259426847,0,1,4,3,6,0,0,0,0,0,8,30,30,16
2025-06-21,0,0.151095,0,1,0.15037593984962405,0,1,5,3,6,0,1,1,0,0,9,30,30,15
2025-06-22,0,0.151095,1,0,0.15037593984962405,0,1,6,4,6,0,1,1,0,0,10,30,30,14
2025-06-23,1,0.151095,2,0,0.15037593984962405,0,1,0,4,6,0,0,0,0,0,11,30,30,13
2025-06-24,1,0.150109,0,1,0.14947683109118085,0,1,1,4,6,0,0,0,0,0,12,30,30,12
2025-06-25,1,0.149752,0,1,0.1510574018126888,0,1,2,4,6,0,0,0,0,0,13,30,30,11
2025-06-26,1,0.150591,0,1,0.151285930408472,0,1,3,4,6,0,0,0,0,0,14,30,30,10
2025-06-27,1,0.150842,0,1,0.1510574018126888,0,1,4,4,6,0,0,0,0,0,15,30,30,9
2025-06-28,0,0.15138400000000002,0,1,0.15082956259426847,0,1,5,4,6,1,1,1,0,0,16,30,30,8
2025-06-29,0,0.15138400000000002,1,0,0.15082956259426847,0,1,6,5,6,1,1,1,0,0,17,30,30,7
2025-06-30,1,0.15138400000000002,2,0,0.15082956259426847,0,1,0,5,6,1,0,0,0,0,18,30,30,6
2025-07-01,1,0.15090299999999998,0,1,0.1510574018126888,0,1,1,1,7,0,0,0,0,0,19,30,30,5
2025-07-02,1,0.150909,0,1,0.1510574018126888,0,1,2,1,7,0,0,0,0,0,20,30,30,4
2025-07-03,1,0.151464,0,1,0.15151515151515152,0,1,3,1,7,0,0,0,0,0,21,30,30,3
2025-07-04,1,0.151982,0,1,0.151285930408472,0,1,4,1,7,0,0,0,0,0,22,30,30,2
2025-07-05,0,0.151732,0,1,0.15151515151515152,0,1,5,1,7,0,1,1,0,0,23,30,30,1
2025-07-06,0,0.151732,1,0,0.15151515151515152,0,1,6,1,7,0,1,1,0,1,24,30,0,0
2025-07-07,1,0.151732,2,0,0.15151515151515152,0,1,0,1,7,0,0,0,0,1,25,30,0,0
2025-07-08,1,0.151525,0,1,0.15151515151515152,0,1,1,2,7,0,0,0,0,0,26,30,1,30
2025-07-09,1,0.150465,0,1,0.15082956259426847,0,1,2,2,7,0,0,0,0,0,27,30,2,30
2025-07-10,1,0.150454,0,1,0.15060240963855423,0,1,3,2,7,0,0,0,0,0,28,30,3,30
2025-07-11,1,0.150111,0,1,0.15015015015015015,0,1,4,2,7,0,0,0,0,0,29,30,4,30
2025-07-12,0,0.150259,0,1,0.14970059880239522,0,1,5,2,7,0,1,1,0,0,30,30,5,30
2025-07-13,0,0.150259,1,0,0.14970059880239522,0,1,6,2,7,0,1,1,0,0,30,30,6,30
2025-07-14,1,0.150259,2,0,0.14970059880239522,0,1,0,2,7,0,0,0,0,0,30,30,7,30
2025-07-15,1,0.150447,0,1,0.14970059880239522,0,1,1,3,7,0,0,0,0,0,30,30,8,30
2025-07-16,1,0.148707,0,1,0.1488095238095238,0,1,2,3,7,0,0,0,0,0,30,30,9,30
2025-07-17,1,0.148247,0,1,0.1488095238095238,0,1,3,3,7,0,0,0,0,0,30,30,10,30
2025-07-18,1,0.148501,0,1,0.14771048744460857,0,1,4,3,7,0,0,0,0,0,30,30,11,30
2025-07-19,0,0.147,0,1,0.14749262536873156,0,1,5,3,7,0,1,1,0,0,30,30,12,30
2025-07-20,0,0.147,1,0,0.14749262536873156,0,1,6,3,7,0,1,1,0,0,30,30,13,30
2025-07-21,1,0.147,2,0,0.14749262536873156,0,1,0,3,7,0,0,0,0,0,30,30,14,30
2025-07-22,1,0.146788,0,1,0.14792899408284024,0,1,1,4,7,0,0,0,0,0,30,30,15,30
2025-07-23,1,0.147492,0,1,0.14727540500736377,0,1,2,4,7,0,0,0,0,0,30,30,16,30
2025-07-24,1,0.147469,0,1,0.14598540145985403,0,1,3,4,7,0,0,0,0,0,30,30,17,30
2025-07-25,1,0.14641,0,1,0.14641288433382138,0,1,4,4,7,0,0,0,0,0,30,30,18,30
2025-07-26,0,0.146795,0,1,0.14534883720930233,0,1,5,4,7,0,1,1,0,0,30,30,19,30
2025-07-27,0,0.146795,1,0,0.14534883720930233,0,1,6,4,7,0,1,1,0,0,30,30,20,30
2025-07-28,1,0.146795,2,0,0.14534883720930233,0,1,0,4,7,0,0,0,0,0,30,30,21,30
2025-07-29,1,0.14605,0,1,0.14749262536873156,0,1,1,5,7,1,0,0,0,0,30,30,22,30
2025-07-30,1,0.151851,0,1,0.15015015015015015,0,1,2,5,7,1,0,0,0,0,30,30,23,30
2025-07-31,1,0.150978,0,1,0.14925373134328357,0,1,3,5,7,1,0,0,0,0,30,30,24,30
2025-08-01,1,0.147003,0,1,0.14903129657228018,0,1,4,1,8,0,0,0,0,0,30,30,25,29
2025-08-02,0,0.148543,0,1,0.14749262536873156,0,1,5,1,8,0,1,1,0,0,30,30,26,28
2025-08-03,0,0.148543,1,0,0.14749262536873156,0,1,6,1,8,0,1,1,0,0,30,30,27,27
2025-08-04,1,0.148543,2,0,0.14749262536873156,0,1,0,1,8,0,0,0,0,0,30,30,28,26
2025-08-05,1,0.146664,0,1,0.14749262536873156,0,1,1,1,8,0,0,0,0,0,30,30,29,25
2025-08-06,1,0.147741,0,1,0.14903129657228018,0,1,2,1,8,0,0,0,0,0,30,30,30,24
2025-08-07,1,0.149185,0,1,0.14903129657228018,0,1,3,1,8,0,0,0,0,0,30,30,30,23
2025-08-08,1,0.14794600000000002,0,1,0.14792899408284024,0,1,4,2,8,0,0,0,0,0,30,30,30,22
2025-08-09,0,0.14791,0,1,0.14814814814814814,0,1,5,2,8,0,1,1,0,0,30,30,30,21
2025-08-10,0,0.14791,1,0,0.14814814814814814,0,1,6,2,8,0,1,1,0,0,30,30,30,20
2025-08-11,1,0.14791,2,0,0.14814814814814814,0,1,0,2,8,0,0,0,0,0,30,30,30,19
2025-08-12,1,0.147672,0,1,0.14771048744460857,0,1,1,2,8,0,0,0,0,0,30,30,30,18
2025-08-13,1,0.147185,0,1,0.14771048744460857,0,1,2,2,8,0,0,0,0,0,30,30,30,17
2025-08-14,1,0.146791,0,1,0.1485884101040119,0,1,3,2,8,0,0,0,0,0,30,30,30,16
2025-08-15,1,0.14827400000000002,0,1,0.14836795252225518,0,1,4,3,8,0,0,0,0,0,30,30,30,15
2025-08-16,0,0.148732,0,1,0.14792899408284024,0,1,5,3,8,0,1,1,0,0,30,30,30,14
2025-08-17,0,0.148732,1,0,0.14792899408284024,0,1,6,3,8,0,1,1,0,0,30,30,30,13
2025-08-18,1,0.148732,2,0,0.14792899408284024,0,1,0,3,8,0,0,0,0,0,30,30,30,12
2025-08-19,1,0.148697,0,1,0.1488095238095238,0,1,1,3,8,0,0,0,0,0,30,30,30,11
2025-08-20,1,0.14879,0,1,0.14903129657228018,0,1,2,3,8,0,0,0,0,0,30,30,30,10
2025-08-21,1,0.148736,0,1,0.14903129657228018,0,1,3,3,8,0,0,0,0,0,30,30,30,9
2025-08-22,1,0.149081,0,1,0.14903129657228018,0,1,4,4,8,0,0,0,0,0,30,30,30,8
2025-08-23,0,0.150162,0,1,0.15037593984962405,0,1,5,4,8,0,1,1,0,0,30,30,30,7
2025-08-24,0,0.150162,1,0,0.15037593984962405,0,1,6,4,8,0,1,1,0,0,30,30,30,6
2025-08-25,1,0.150162,2,0,0.15037593984962405,0,1,0,4,8,0,0,0,0,0,30,30,30,5
2025-08-26,1,0.15015499999999998,0,1,0.15060240963855423,0,1,1,4,8,0,0,0,0,0,30,30,30,4
2025-08-27,1,0.15023899999999998,0,1,0.15060240963855423,0,1,2,4,8,0,0,0,0,0,30,30,30,3
2025-08-28,1,0.150677,0,1,0.14947683109118085,0,1,3,4,8,0,0,0,0,0,30,30,30,2
2025-08-29,1,0.149344,0,1,0.14925373134328357,0,1,4,5,8,1,0,0,0,0,30,30,30,1
2025-08-30,0,0.14938200000000001,0,1,0.14925373134328357,0,1,5,5,8,1,1,1,0,1,30,30,0,0
2025-08-31,0,0.14938200000000001,1,0,0.14925373134328357,0,1,6,5,8,1,1,1,0,0,30,30,1,1
2025-09-01,1,0.14938200000000001,2,0,0.14925373134328357,0,1,0,1,9,0,0,0,0,1,30,30,0,0
2025-09-02,1,0.149341,0,1,0.14925373134328357,0,1,1,1,9,0,0,0,0,0,30,30,1,30
2025-09-03,1,0.149654,0,1,0.14925373134328357,0,1,2,1,9,0,0,0,0,0,30,30,2,30
2025-09-04,1,0.149845,0,1,0.14970059880239522,0,1,3,1,9,0,0,0,0,0,30,30,3,30
2025-09-05,1,0.150501,0,1,0.15037593984962405,0,1,4,1,9,0,0,0,0,0,30,30,4,30
2025-09-06,0,0.151015,0,1,0.15151515151515152,0,1,5,1,9,0,1,1,0,0,30,30,5,30
2025-09-07,0,0.151015,1,0,0.15151515151515152,0,1,6,1,9,0,1,1,0,0,30,30,6,30
2025-09-08,1,0.151015,2,0,0.15151515151515152,0,1,0,2,9,0,0,0,0,0,30,30,7,30
2025-09-09,1,0.153073,0,1,0.15337423312883436,0,1,1,2,9,0,0,0,0,0,30,30,8,30
2025-09-10,1,0.155556,0,1,0.15503875968992248,0,1,2,2,9,0,0,0,0,0,30,30,9,30
2025-09-11,1,0.158211,0,1,0.15772870662460567,0,1,3,2,9,0,0,0,0,0,30,30,10,30
2025-09-12,1,0.159169,0,1,0.15772870662460567,0,1,4,2,9,0,0,0,0,0,30,30,11,30
2025-09-13,0,0.156581,0,1,0.15552099533437014,0,1,5,2,9,0,1,1,0,0,30,30,12,30
2025-09-14,0,0.156581,1,0,0.15552099533437014,0,1,6,2,9,0,1,1,0,0,30,30,13,30
2025-09-15,1,0.156581,2,0,0.15552099533437014,0,1,0,3,9,0,0,0,0,0,30,30,14,30
2025-09-16,1,0.153598,0,1,0.15337423312883436,0,1,1,3,9,0,0,0,0,0,30,30,15,30
2025-09-17,1,0.153065,0,1,0.15337423312883436,0,1,2,3,9,0,0,0,0,0,30,30,16,30
2025-09-18,1,0.153832,0,1,0.15337423312883436,0,1,3,3,9,0,0,0,0,0,30,30,17,30
2025-09-19,1,0.15373599999999998,0,1,0.15313935681470137,0,1,4,3,9,0,0,0,0,0,30,30,18,30
2025-09-20,0,0.154414,0,1,0.15408320493066255,0,1,5,3,9,0,1,1,0,0,30,30,19,30
2025-09-21,0,0.154414,1,0,0.15408320493066255,0,1,6,3,9,0,1,1,0,0,30,30,20,30
2025-09-22,1,0.154414,2,0,0.15408320493066255,0,1,0,4,9,0,0,0,0,0,30,30,21,30
2025-09-23,1,0.155248,0,1,0.15360983102918588,0,1,1,4,9,0,0,0,0,0,30,30,22,30
2025-09-24,1,0.153594,0,1,0.15337423312883436,0,1,2,4,9,0,0,0,0,0,30,30,23,30
2025-09-25,1,0.15411,0,1,0.15408320493066255,0,1,3,4,9,0,0,0,0,0,30,30,24,30
2025-09-26,1,0.154029,0,1,0.15432098765432098,0,1,4,4,9,0,0,0,0,0,30,30,25,29
2025-09-27,0,0.15435600000000002,0,1,0.15337423312883436,0,1,5,4,9,0,1,1,0,0,30,30,26,28
2025-09-28,0,0.15435600000000002,1,0,0.15337423312883436,0,1,6,4,9,1,1,1,0,0,30,30,27,27
2025-09-29,1,0.15435600000000002,2,0,0.15337423312883436,0,1,0,5,9,1,0,0,0,0,30,30,28,26
2025-09-30,1,0.152257,0,1,0.15082956259426847,0,1,1,5,9,1,0,0,0,0,30,30,29,25
2025-10-01,1,0.150528,0,1,0.15015015015015015,0,1,2,1,10,0,0,0,0,0,30,30,30,24
2025-10-02,1,0.148429,0,1,0.14903129657228018,0,1,3,1,10,0,0,0,0,0,30,30,30,23
2025-10-03,1,0.147516,0,1,0.14925373134328357,0,1,4,1,10,0,0,0,0,0,30,30,30,22
2025-10-04,0,0.149731,0,1,0.14970059880239522,0,1,5,1,10,0,1,1,0,0,30,30,30,21
2025-10-05,0,0.149731,1,0,0.14970059880239522,0,1,6,1,10,0,1,1,0,0,30,30,30,20
2025-10-06,1,0.149731,2,0,0.14970059880239522,0,1,0,1,10,0,0,0,0,0,30,29,30,19
2025-10-07,1,0.151579,0,1,0.15220700152207,0,1,1,1,10,0,0,0,0,0,30,28,30,18
2025-10-08,1,0.15015499999999998,0,1,0.151285930408472,0,1,2,2,10,0,0,0,0,0,30,27,30,17
2025-10-09,1,0.15056,0,1,0.151285930408472,0,1,3,2,10,0,0,0,0,0,30,26,30,16
2025-10-10,1,0.150743,0,1,0.15060240963855423,0,1,4,2,10,0,0,0,0,0,30,25,30,15
2025-10-11,0,0.149924,0,1,0.15082956259426847,0,1,5,2,10,0,1,1,0,0,30,24,30,14
2025-10-12,0,0.149924,1,0,0.15082956259426847,0,1,6,2,10,0,1,1,0,0,30,23,30,13
2025-10-13,1,0.149924,2,0,0.15082956259426847,0,1,0,2,10,0,0,0,0,0,30,22,30,12
2025-10-14,1,0.14999200000000001,0,1,0.15037593984962405,0,1,1,2,10,0,0,0,0,0,30,21,30,11
2025-10-15,1,0.148686,0,1,0.14903129657228018,0,1,2,3,10,0,0,0,0,0,30,20,30,10
2025-10-16,1,0.146369,0,1,0.14619883040935672,0,1,3,3,10,0,0,0,0,0,30,19,30,9
2025-10-17,1,0.146571,0,1,0.14727540500736377,0,1,4,3,10,0,0,0,0,0,30,18,30,8
2025-10-18,0,0.150572,0,1,0.15151515151515152,0,1,5,3,10,0,1,1,0,0,30,17,30,7
2025-10-19,0,0.150572,1,0,0.15151515151515152,0,1,6,3,10,0,1,1,0,0,30,16,30,6
2025-10-20,1,0.150572,2,0,0.15151515151515152,0,1,0,3,10,0,0,0,0,0,30,15,30,5
2025-10-21,1,0.151697,0,1,0.15037593984962405,0,1,1,3,10,0,0,0,0,0,30,14,30,4
2025-10-22,1,0.15117,0,1,0.1510574018126888,0,1,2,4,10,0,0,0,0,0,30,13,30,3
2025-10-23,1,0.151617,0,1,0.15174506828528073,0,1,3,4,10,0,0,0,0,0,30,12,30,2
2025-10-24,1,0.150909,0,1,0.151285930408472,0,1,4,4,10,0,0,0,0,0,30,11,30,1
2025-10-25,0,0.150474,0,1,0.15060240963855423,0,1,5,4,10,0,1,1,0,1,30,10,0,0
2025-10-26,0,0.150474,1,0,0.15060240963855423,0,1,6,4,10,0,1,1,0,0,30,9,1,1
2025-10-27,1,0.150474,2,0,0.15060240963855423,0,1,0,4,10,0,0,0,0,1,30,8,0,0
2025-10-28,1,0.146776,0,1,0.15060240963855423,0,1,1,4,10,0,0,0,0,0,30,7,1,30
2025-10-29,1,0.148324,0,1,0.14947683109118085,0,1,2,5,10,1,0,0,0,0,30,6,2,30
2025-10-30,1,0.148315,0,1,0.15060240963855423,0,1,3,5,10,1,0,0,0,0,30,5,3,30
2025-10-31,1,0.151851,0,1,0.1519756838905775,0,1,4,5,10,1,0,0,0,0,30,4,4,30
2025-11-01,1,0.152764,0,1,0.1524390243902439,0,1,5,1,11,0,1,1,0,0,30,3,5,30
2025-11-02,0,0.15248,0,1,0.1524390243902439,0,1,6,1,11,0,1,1,0,0,30,2,6,30
2025-11-03,1,0.15248,1,0,0.1524390243902439,0,1,0,1,11,0,0,0,0,0,30,1,7,30
2025-11-04,0,0.15248,2,0,0.15267175572519084,0,1,1,1,11,0,0,0,1,0,0,0,8,30
2025-11-05,1,0.15248,3,0,0.1545595054095827,0,1,2,1,11,0,0,0,0,0,1,30,9,30
2025-11-06,1,0.155388,0,1,0.15503875968992248,0,1,3,1,11,0,0,0,0,0,2,30,10,30
2025-11-07,1,0.155021,0,1,0.15360983102918588,0,1,4,1,11,0,0,0,0,0,3,30,11,30
2025-11-08,0,0.15419,0,1,0.15384615384615385,0,1,5,2,11,0,1,1,0,0,4,30,12,30
2025-11-09,0,0.15419,1,0,0.15384615384615385,0,1,6,2,11,0,1,1,0,0,5,30,13,30
2025-11-10,1,0.15419,2,0,0.15384615384615385,0,1,0,2,11,0,0,0,0,0,6,30,14,30
2025-11-11,1,0.15401199999999998,0,1,0.15503875968992248,0,1,1,2,11,0,0,0,0,0,7,30,15,30
2025-11-12,1,0.155384,0,1,0.1545595054095827,0,1,2,2,11,0,0,0,0,0,8,30,16,30
2025-11-13,1,0.154746,0,1,0.15432098765432098,0,1,3,2,11,0,0,0,0,0,9,30,17,30
2025-11-14,1,0.153628,0,1,0.15337423312883436,0,1,4,2,11,0,0,0,0,0,10,30,18,30
2025-11-15,0,0.154729,0,1,0.1545595054095827,0,1,5,3,11,0,1,1,0,0,11,30,19,30
2025-11-16,0,0.154729,1,0,0.1545595054095827,0,1,6,3,11,0,1,1,0,0,12,30,20,30
2025-11-17,1,0.154729,2,0,0.1545595054095827,0,1,0,3,11,0,0,0,0,0,13,30,21,29
2025-11-18,1,0.155365,0,1,0.15479876160990713,0,1,1,3,11,0,0,0,0,0,14,30,22,28
2025-11-19,1,0.154643,0,1,0.1557632398753894,0,1,2,3,11,0,0,0,0,0,15,30,23,27
2025-11-20,1,0.155361,0,1,0.15600624024961,0,1,3,3,11,0,0,0,0,0,16,30,24,26
2025-11-21,1,0.15542999999999998,0,1,0.15552099533437014,0,1,4,3,11,0,0,0,0,0,17,30,25,25
2025-11-22,0,0.152501,0,1,0.1524390243902439,0,1,5,4,11,0,1,1,0,0,18,30,26,24
2025-11-23,0,0.152501,1,0,0.1524390243902439,0,1,6,4,11,0,1,1,0,0,19,30,27,23
2025-11-24,1,0.152501,2,0,0.1524390243902439,0,1,0,4,11,0,0,0,0,0,20,30,28,22
2025-11-25,1,0.15216200000000002,0,1,0.15151515151515152,0,1,1,4,11,0,0,0,0,0,21,30,29,21
2025-11-26,1,0.151855,0,1,0.15267175572519084,0,1,2,4,11,0,0,0,0,0,22,30,30,20
2025-11-27,1,0.151609,0,1,0.1519756838905775,0,1,3,4,11,0,0,0,0,0,23,30,30,19
2025-11-28,1,0.150864,0,1,0.1519756838905775,0,1,4,4,11,1,0,0,0,0,24,30,30,18
2025-11-29,0,0.15135300000000002,0,1,0.15313935681470137,0,1,5,5,11,1,1,1,0,0,25,30,30,17
2025-11-30,0,0.15135300000000002,1,0,0.15313935681470137,0,1,6,5,11,1,1,1,0,0,26,30,30,16
2025-12-01,1,0.15135300000000002,2,0,0.15313935681470137,0,1,0,1,12,0,0,0,0,0,27,30,30,15
2025-12-02,1,0.15160600000000002,0,1,0.15174506828528073,0,1,1,1,12,0,0,0,0,0,28,30,30,14
2025-12-03,1,0.150868,0,1,0.1529051987767584,0,1,2,1,12,0,0,0,0,0,29,29,30,13
2025-12-04,1,0.153396,0,1,0.15432098765432098,0,1,3,1,12,0,0,0,0,0,30,28,30,12
2025-12-05,1,0.152753,0,1,0.1545595054095827,0,1,4,1,12,0,0,0,0,0,30,27,30,11
2025-12-06,0,0.152294,0,1,0.15220700152207,0,1,5,1,12,0,1,1,0,0,30,26,30,10
2025-12-07,0,0.152294,1,0,0.15220700152207,0,1,6,1,12,0,1,1,0,0,30,25,30,9
2025-12-08,1,0.152294,2,0,0.15220700152207,0,1,0,2,12,0,0,0,0,0,30,24,30,8
2025-12-09,1,0.153171,0,1,0.15082956259426847,0,1,1,2,12,0,0,0,0,0,30,23,30,7
2025-12-10,1,0.151108,0,1,0.14903129657228018,0,1,2,2,12,0,0,0,0,0,30,22,30,6
2025-12-11,1,0.151338,0,1,0.14970059880239522,0,1,3,2,12,0,0,0,0,0,30,21,30,5
2025-12-12,1,0.15305,0,1,0.15220700152207,0,1,4,2,12,0,0,0,0,0,30,20,30,4
2025-12-13,0,0.15332,0,1,0.1529051987767584,0,1,5,2,12,0,1,1,0,0,30,19,30,3
2025-12-14,0,0.15332,1,0,0.1529051987767584,0,1,6,2,12,0,1,1,0,0,30,18,30,2
2025-12-15,1,0.15332,2,0,0.1529051987767584,0,1,0,3,12,0,0,0,0,0,30,17,30,1
2025-12-16,1,0.152091,0,1,0.1529051987767584,0,1,1,3,12,0,0,0,0,1,30,16,0,0
2025-12-17,1,0.152865,0,1,0.1529051987767584,0,1,2,3,12,0,0,0,0,0,30,15,1,15
2025-12-18,1,0.154694,0,1,0.15625,0,1,3,3,12,0,0,0,0,0,30,14,2,14
2025-12-19,1,0.155607,0,1,0.1557632398753894,0,1,4,3,12,0,0,0,0,0,30,13,3,13
2025-12-20,0,0.15718400000000002,0,1,0.15527950310559005,0,1,5,3,12,0,1,1,0,0,30,12,4,12
2025-12-21,0,0.15718400000000002,1,0,0.15527950310559005,0,1,6,3,12,0,1,1,0,0,30,11,5,11
2025-12-22,1,0.15718400000000002,2,0,0.15527950310559005,0,1,0,4,12,0,0,0,0,0,30,10,6,10
2025-12-23,1,0.153218,0,1,0.15384615384615385,0,1,1,4,12,0,0,0,0,0,30,9,7,9
2025-12-24,1,0.152586,0,1,0.15360983102918588,0,1,2,4,12,0,0,0,0,0,30,8,8,8
2025-12-25,1,0.153743,0,1,0.15408320493066255,0,1,3,4,12,0,0,0,0,0,30,7,9,7
2025-12-26,1,0.152416,0,1,0.15220700152207,0,1,4,4,12,0,0,0,0,0,30,6,10,6
2025-12-27,0,0.151503,0,1,0.15432098765432098,0,1,5,4,12,0,1,1,0,0,30,5,11,5
2025-12-28,0,0.151503,1,0,0.15432098765432098,0,1,6,4,12,0,1,1,0,0,30,4,12,4
2025-12-29,1,0.151503,2,0,0.15432098765432098,0,1,0,5,12,1,0,0,0,0,30,3,13,3
2025-12-30,1,0.153481,0,1,0.15384615384615385,0,1,1,5,12,1,0,0,0,0,30,2,14,2
2025-12-31,0,0.154978,0,1,0.1557632398753894,0,1,2,5,12,1,0,0,0,0,30,1,15,1
2026-01-01,0,0.154978,1,0,0.15772870662460567,0,1,3,1,1,0,0,0,1,1,0,0,0,0
2026-01-02,0,0.154978,2,0,0.15772870662460567,0,1,4,1,1,0,0,0,1,1,0,0,0,0
2026-01-03,0,0.154978,3,0,0.15772870662460567,0,1,5,1,1,0,1,1,1,0,0,0,1,4
2026-01-04,0,0.154978,4,0,0.15772870662460567,0,1,6,1,1,0,1,1,1,0,0,0,2,3
2026-01-05,1,0.154978,5,0,0.15772870662460567,0,1,0,1,1,0,0,0,1,0,0,0,3,2
2026-01-06,1,0.154978,6,0,0.1582278481012658,0,1,1,1,1,0,0,0,1,0,0,0,4,1
2026-01-07,0,0.154978,7,0,0.15723270440251572,0,1,2,1,1,0,0,0,1,1,0,0,0,0
2026-01-08,1,0.154978,8,0,0.15723270440251572,0,1,3,2,1,0,0,0,1,0,0,0,1,30
2026-01-09,1,0.154978,9,0,0.1579778830963665,0,1,4,2,1,0,0,0,0,0,1,30,2,30
2026-01-10,0,0.154978,10,0,0.15552099533437014,0,1,5,2,1,0,1,1,0,0,2,30,3,30
2026-01-11,0,0.154978,11,0,0.15552099533437014,0,1,6,2,1,0,1,1,0,0,3,30,4,30
2026-01-12,1,0.154978,12,0,0.15552099533437014,0,1,0,2,1,0,0,0,0,0,4,30,5,30
2026-01-13,1,0.154511,0,1,0.1545595054095827,0,1,1,2,1,0,0,0,0,0,5,30,6,30
2026-01-14,1,0.154662,0,1,0.15479876160990713,0,1,2,2,1,0,0,0,0,0,6,30,7,30
2026-01-15,1,0.154137,0,1,0.15408320493066255,0,1,3,3,1,0,0,0,0,0,7,30,8,30
2026-01-16,1,0.153847,0,1,0.15384615384615385,0,1,4,3,1,0,0,0,0,0,8,30,9,30
2026-01-17,0,0.15233,0,1,0.15220700152207,0,1,5,3,1,0,1,1,0,0,9,30,10,30
2026-01-18,0,0.15233,1,0,0.15220700152207,0,1,6,3,1,0,1,1,0,0,10,30,11,30
2026-01-19,1,0.15233,2,0,0.15220700152207,0,1,0,3,1,0,0,0,0,0,11,30,12,30
2026-01-20,1,0.151825,0,1,0.1529051987767584,0,1,1,3,1,0,0,0,0,0,12,30,13,30
2026-01-21,1,0.15270799999999998,0,1,0.15360983102918588,0,1,2,3,1,0,0,0,0,0,13,30,14,30
2026-01-22,1,0.15287599999999998,0,1,0.15313935681470137,0,1,3,4,1,0,0,0,0,0,14,30,15,30
2026-01-23,1,0.150066,0,1,0.15037593984962405,0,1,4,4,1,0,0,0,0,0,15,30,16,30
2026-01-24,0,0.15013500000000002,0,1,0.1510574018126888,0,1,5,4,1,0,1,1,0,0,16,30,17,30
2026-01-25,0,0.15013500000000002,1,0,0.1510574018126888,0,1,6,4,1,0,1,1,0,0,17,29,18,30
2026-01-26,1,0.15013500000000002,2,0,0.1510574018126888,0,1,0,4,1,0,0,0,0,0,18,28,19,30
2026-01-27,1,0.151008,0,1,0.1524390243902439,0,1,1,4,1,0,0,0,0,0,19,27,20,30
2026-01-28,1,0.152558,0,1,0.15220700152207,0,1,2,4,1,0,0,0,0,0,20,26,21,30
2026-01-29,1,0.151843,0,1,0.151285930408472,0,1,3,5,1,1,0,0,0,0,21,25,22,30
2026-01-30,1,0.150873,0,1,0.15082956259426847,0,1,4,5,1,1,0,0,0,0,22,24,23,30
2026-01-31,0,0.150511,0,1,0.15174506828528073,0,1,5,5,1,1,1,1,0,0,23,23,24,30
2026-02-01,0,0.150511,1,0,0.15174506828528073,0,1,6,1,2,0,1,1,0,0,24,22,25,30
2026-02-02,1,0.150511,2,0,0.15174506828528073,0,1,0,1,2,0,0,0,0,0,25,21,26,30
2026-02-03,1,0.153731,0,1,0.15174506828528073,0,1,1,1,2,0,0,0,0,0,26,20,27,30
2026-02-04,1,0.152388,0,1,0.15267175572519084,0,1,2,1,2,0,0,0,0,0,27,19,28,30
2026-02-05,1,0.152769,0,1,0.15408320493066255,0,1,3,1,2,0,0,0,0,0,28,18,29,30
2026-02-06,1,0.15351900000000002,0,1,0.15479876160990713,0,1,4,1,2,0,0,0,0,0,29,17,30,30
2026-02-07,0,0.155633,0,1,0.1557632398753894,0,1,5,1,2,0,1,1,0,0,30,16,30,29
2026-02-08,0,0.155633,1,0,0.1557632398753894,0,1,6,2,2,0,1,1,0,0,30,15,30,28
2026-02-09,1,0.155633,2,0,0.1557632398753894,0,1,0,2,2,0,0,0,0,0,30,14,30,27
2026-02-10,1,0.15698600000000001,0,1,0.15673981191222572,0,1,1,2,2,0,0,0,0,0,30,13,30,26
2026-02-11,1,0.156057,0,1,0.15723270440251572,0,1,2,2,2,0,0,0,0,0,30,12,30,25
2026-02-12,1,0.157487,0,1,0.15772870662460567,0,1,3,2,2,0,0,0,0,0,30,11,30,24
2026-02-13,1,0.15734,0,1,0.15625,0,1,4,2,2,0,0,0,0,0,30,10,30,23
2026-02-14,0,0.156175,0,1,0.1557632398753894,0,1,5,2,2,0,1,1,0,0,30,9,30,22
2026-02-15,0,0.156175,1,0,0.1557632398753894,0,1,6,3,2,0,1,1,0,0,30,8,30,21
2026-02-16,1,0.156175,2,0,0.1557632398753894,0,1,0,3,2,0,0,0,0,0,30,7,30,20
2026-02-17,1,0.154476,0,1,0.1564945226917058,0,1,1,3,2,0,0,0,0,0,30,6,30,19
2026-02-18,1,0.155983,0,1,0.15673981191222572,0,1,2,3,2,0,0,0,0,0,30,5,30,18
2026-02-19,1,0.155416,0,1,0.15673981191222572,0,1,3,3,2,0,0,0,0,0,30,4,30,17
2026-02-20,1,0.156633,0,1,0.15673981191222572,0,1,4,3,2,0,0,0,0,0,30,3,30,16
2026-02-21,0,0.156902,0,1,0.15552099533437014,0,1,5,3,2,0,1,1,0,0,30,2,30,15
2026-02-22,0,0.156902,1,0,0.15552099533437014,0,1,6,4,2,0,1,1,0,0,30,1,30,14
2026-02-23,0,0.156902,2,0,0.15552099533437014,0,1,0,4,2,0,0,0,1,0,0,0,30,13
2026-02-24,1,0.156902,3,0,0.15432098765432098,0,1,1,4,2,0,0,0,0,0,1,12,30,12
2026-02-25,1,0.154091,0,1,0.15408320493066255,0,1,2,4,2,0,0,0,0,0,2,11,30,11
2026-02-26,1,0.153905,0,1,0.1529051987767584,0,1,3,4,2,1,0,0,0,0,3,10,30,10
2026-02-27,1,0.153856,0,1,0.15337423312883436,0,1,4,4,2,1,0,0,0,0,4,9,30,9
2026-02-28,0,0.154008,0,1,0.15527950310559005,0,1,5,4,2,1,1,1,0,0,5,8,30,8
2026-03-01,0,0.154008,1,0,0.15527950310559005,0,1,6,1,3,0,1,1,0,0,6,7,30,7
2026-03-02,1,0.154008,2,0,0.15527950310559005,0,1,0,1,3,0,0,0,0,0,7,6,30,6
2026-03-03,1,0.15510400000000002,0,1,0.15384615384615385,0,1,1,1,3,0,0,0,0,0,8,5,30,5
2026-03-04,1,0.154416,0,1,0.15600624024961,0,1,2,1,3,0,0,0,0,0,9,4,30,4
2026-03-05,1,0.156198,0,1,0.1557632398753894,0,1,3,1,3,0,0,0,0,0,10,3,30,3
2026-03-06,1,0.156433,0,1,0.1589825119236884,0,1,4,1,3,0,0,0,0,0,11,2,30,2
2026-03-07,0,0.160431,0,1,0.16,0,1,5,1,3,0,1,1,0,0,12,1,30,1
2026-03-08,0,0.160431,1,0,0.16,0,1,6,2,3,0,1,1,1,1,0,0,0,0
2026-03-09,1,0.160431,2,0,0.16,0,1,0,2,3,0,0,0,1,1,0,0,0,0
2026-03-10,1,0.160431,3,0,0.16,0,1,1,2,3,0,0,0,0,0,1,30,1,11
2026-03-11,1,0.15944,0,1,0.16025641025641024,0,1,2,2,3,0,0,0,0,0,2,30,2,10
2026-03-12,1,0.16084099999999998,0,1,0.16155088852988692,0,1,3,2,3,0,0,0,0,0,3,30,3,9
2026-03-13,1,0.161563,0,1,0.16129032258064516,0,1,4,2,3,0,0,0,0,0,4,30,4,8
2026-03-14,0,0.163166,0,1,0.1639344262295082,0,1,5,2,3,0,1,1,0,0,5,30,5,7
2026-03-15,0,0.163166,1,0,0.1639344262295082,0,1,6,3,3,0,1,1,0,0,6,30,6,6
2026-03-16,1,0.163166,2,0,0.1639344262295082,0,1,0,3,3,0,0,0,0,0,7,30,7,5
2026-03-17,1,0.16497699999999998,0,1,0.16666666666666666,0,1,1,3,3,0,0,0,0,0,8,30,8,4
2026-03-18,1,0.16847,0,1,0.1718213058419244,0,1,2,3,3,0,0,0,0,0,9,30,9,3
2026-03-19,1,0.17353300000000002,0,1,0.17271157167530224,0,1,3,3,3,0,0,0,0,0,10,30,10,2
2026-03-20,1,0.17583300000000002,0,1,0.17761989342806395,0,1,4,3,3,0,0,0,0,0,11,30,11,1
2026-03-21,0,0.174155,0,1,0.17421602787456444,0,1,5,3,3,0,1,1,0,1,12,30,0,0
2026-03-22,0,0.174155,1,0,0.17421602787456444,0,1,6,4,3,0,1,1,0,1,13,30,0,0
2026-03-23,1,0.174155,2,0,0.17421602787456444,0,1,0,4,3,0,0,0,0,1,14,30,0,0
2026-03-24,1,0.16975200000000001,0,1,0.17421602787456444,0,1,1,4,3,0,0,0,0,0,15,30,1,30
2026-03-25,1,0.167853,0,1,0.17421602787456444,0,1,2,4,3,0,0,0,0,0,16,30,2,30
2026-03-26,1,0.16735299999999997,0,1,0.17421602787456444,0,1,3,4,3,0,0,0,0,0,17,30,3,30
2026-03-27,1,0.170281,0,1,0.17094017094017094,0,1,4,4,3,0,0,0,0,0,18,30,4,30
2026-03-28,0,0.168409,0,1,0.16891891891891891,0,1,5,4,3,0,1,1,0,0,19,30,5,30
2026-03-29,0,0.168409,1,0,0.16891891891891891,0,1,6,5,3,1,1,1,0,0,20,30,6,30
2026-03-30,1,0.168409,2,0,0.16891891891891891,0,1,0,5,3,1,0,0,0,0,21,30,7,30
2026-03-31,1,0.168478,0,1,0.16863406408094436,0,1,1,5,3,1,0,0,0,0,22,30,8,30
2026-04-01,1,0.16873000000000002,0,1,0.17035775127768313,0,1,2,1,4,0,0,0,0,0,23,30,9,30
2026-04-02,1,0.16839700000000002,0,1,0.17035775127768313,0,1,3,1,4,0,0,0,0,0,24,29,10,29
2026-04-03,1,0.16909,0,1,0.1706484641638225,0,1,4,1,4,0,0,0,0,0,25,28,11,28
2026-04-04,0,0.168807,0,1,0.1706484641638225,0,1,5,1,4,0,1,1,0,0,26,27,12,27
2026-04-05,0,0.168807,1,0,0.1706484641638225,0,1,6,1,4,0,1,1,0,0,27,26,13,26
2026-04-06,1,0.168807,2,0,0.1706484641638225,0,1,0,1,4,0,0,0,0,0,28,25,14,25
2026-04-07,1,0.16734200000000002,0,1,0.1694915254237288,0,1,1,1,4,0,0,0,0,0,29,24,15,24
2026-04-08,1,0.168871,0,1,0.1718213058419244,0,1,2,2,4,0,0,0,0,0,30,23,16,23
2026-04-09,1,0.17009,0,1,0.1652892561983471,0,1,3,2,4,0,0,0,0,0,30,22,17,22
2026-04-10,1,0.16376000000000002,0,1,0.16260162601626016,0,1,4,2,4,0,0,0,0,0,30,21,18,21
2026-04-11,0,0.16041899999999998,0,1,0.1631321370309951,0,1,5,2,4,0,1,1,0,0,30,20,19,20
2026-04-12,0,0.16041899999999998,1,0,0.1631321370309951,0,1,6,2,4,0,1,1,0,0,30,19,20,19
2026-04-13,1,0.16041899999999998,2,0,0.1631321370309951,0,1,0,2,4,0,0,0,0,0,30,18,21,18
2026-04-14,1,0.161158,0,1,0.16025641025641024,0,1,1,2,4,0,0,0,0,0,30,17,22,17
2026-04-15,1,0.159725,0,1,0.1594896331738437,0,1,2,3,4,0,0,0,0,0,30,16,23,16
2026-04-16,1,0.157734,0,1,0.1597444089456869,0,1,3,3,4,0,0,0,0,0,30,15,24,15
2026-04-17,1,0.160492,0,1,0.16181229773462785,0,1,4,3,4,0,0,0,0,0,30,14,25,14
2026-04-18,0,0.161315,0,1,0.16260162601626016,0,1,5,3,4,0,1,1,0,0,30,13,26,13
2026-04-19,0,0.161315,1,0,0.16260162601626016,0,1,6,3,4,0,1,1,0,0,30,12,27,12
2026-04-20,1,0.161315,2,0,0.16260162601626016,0,1,0,3,4,0,0,0,0,0,30,11,28,11
2026-04-21,1,0.160242,0,1,0.16025641025641024,0,1,1,3,4,0,0,0,0,0,30,10,29,10
2026-04-22,1,0.158874,0,1,0.16155088852988692,0,1,2,4,4,0,0,0,0,0,30,9,30,9
2026-04-23,1,0.161383,0,1,0.16286644951140067,0,1,3,4,4,0,0,0,0,0,30,8,30,8
2026-04-24,1,0.16220099999999998,0,1,0.16233766233766234,0,1,4,4,4,0,0,0,0,0,30,7,30,7
2026-04-25,0,0.16317199999999998,0,1,0.16286644951140067,0,1,5,4,4,0,1,1,0,0,30,6,30,6
2026-04-26,0,0.16317199999999998,1,0,0.16286644951140067,0,1,6,4,4,0,1,1,0,0,30,5,30,5
2026-04-27,1,0.16317199999999998,2,0,0.16286644951140067,0,1,0,4,4,0,0,0,0,0,30,4,30,4
2026-04-28,1,0.160926,0,1,0.1631321370309951,0,1,1,4,4,1,0,0,0,0,30,3,30,3
2026-04-29,1,0.16209800000000002,0,1,0.16447368421052633,0,1,2,5,4,1,0,0,0,0,30,2,30,2
2026-04-30,1,0.163777,0,1,0.16260162601626016,0,1,3,5,4,1,0,0,0,0,30,1,30,1
2026-05-01,0,0.16206600000000002,0,1,0.16233766233766234,0,1,4,1,5,0,0,0,1,1,0,0,0,0
2026-05-02,0,0.16206600000000002,1,0,0.16233766233766234,0,1,5,1,5,0,1,1,0,0,1,7,1,5
2026-05-03,0,0.16206600000000002,2,0,0.16233766233766234,0,1,6,1,5,0,1,1,0,0,2,6,2,4
2026-05-04,1,0.16206600000000002,3,0,0.16233766233766234,0,1,0,1,5,0,0,0,0,0,3,5,3,3
2026-05-05,1,0.16296600000000003,0,1,0.16260162601626016,0,1,1,1,5,0,0,0,0,0,4,4,4,2
2026-05-06,1,0.162196,0,1,0.16260162601626016,0,1,2,1,5,0,0,0,0,0,5,3,5,1
2026-05-07,1,0.16177,0,1,0.16181229773462785,0,1,3,1,5,0,0,0,0,1,6,2,0,0
2026-05-08,1,0.161026,0,1,0.16181229773462785,0,1,4,2,5,0,0,0,0,0,7,1,1,1
2026-05-09,0,0.160325,0,1,0.16181229773462785,0,1,5,2,5,0,1,1,1,1,0,0,0,0
2026-05-10,0,0.160325,1,0,0.16181229773462785,0,1,6,2,5,0,1,1,0,0,1,1,1,1
2026-05-11,1,0.160325,2,0,0.16181229773462785,0,1,0,2,5,0,0,0,1,1,0,0,0,0
2026-05-12,1,0.160325,3,0,0.16181229773462785,0,1,1,2,5,0,0,0,0,0,1,30,1,30
2026-05-13,1,0.15997,0,1,0.1597444089456869,0,1,2,2,5,0,0,0,0,0,2,30,2,30
2026-05-14,1,0.15809499999999999,0,1,0.15723270440251572,0,1,3,2,5,0,0,0,0,0,3,29,3,30
2026-05-15,1,0.156402,0,1,0.15503875968992248,0,1,4,3,5,0,0,0,0,0,4,28,4,30
2026-05-16,0,0.15426399999999998,0,1,0.1557632398753894,0,1,5,3,5,0,1,1,0,0,5,27,5,30
2026-05-17,0,0.15426399999999998,1,0,0.1557632398753894,0,1,6,3,5,0,1,1,0,0,6,26,6,30
2026-05-18,1,0.15426399999999998,2,0,0.1557632398753894,0,1,0,3,5,0,0,0,0,0,7,25,7,30
2026-05-19,1,0.15388,0,1,0.15527950310559005,0,1,1,3,5,0,0,0,0,0,8,24,8,30
2026-05-20,1,0.152471,0,1,0.151285930408472,0,1,2,3,5,0,0,0,0,0,9,23,9,30
2026-05-21,1,0.150342,0,1,0.15151515151515152,0,1,3,3,5,0,0,0,0,0,10,22,10,30
2026-05-22,1,0.150052,0,1,0.15082956259426847,0,1,4,4,5,0,0,0,0,0,11,21,11,30
2026-05-23,0,0.151043,0,1,0.15151515151515152,0,1,5,4,5,0,1,1,0,0,12,20,12,30
2026-05-24,0,0.151043,1,0,0.15151515151515152,0,1,6,4,5,0,1,1,0,0,13,19,13,30
2026-05-25,1,0.151043,2,0,0.15151515151515152,0,1,0,4,5,0,0,0,0,0,14,18,14,30
2026-05-26,1,0.151967,0,1,0.15174506828528073,0,1,1,4,5,0,0,0,0,0,15,17,15,30
2026-05-27,1,0.151685,0,1,0.15037593984962405,0,1,2,4,5,0,0,0,0,0,16,16,16,30
2026-05-28,1,0.14849,0,1,0.15037593984962405,0,1,3,4,5,0,0,0,0,0,17,15,17,30
2026-05-29,1,0.149475,0,1,0.14684287812041116,0,1,4,5,5,1,0,0,0,0,18,14,18,30
2026-05-30,0,0.146272,0,1,0.14641288433382138,0,1,5,5,5,1,1,1,0,0,19,13,19,30
2026-05-31,0,0.146272,1,0,0.14641288433382138,0,1,6,5,5,1,1,1,0,0,20,12,20,30
2026-06-01,1,0.146272,2,0,0.14641288433382138,0,1,0,1,6,0,0,0,0,0,21,11,21,30
2026-06-02,1,0.14724399999999999,0,1,0.14684287812041116,0,1,1,1,6,0,0,0,0,0,22,10,22,30
2026-06-03,1,0.148396,0,1,0.14771048744460857,0,1,2,1,6,0,0,0,0,0,23,9,23,30
2026-06-04,1,0.148725,0,1,0.15082956259426847,0,1,3,1,6,0,0,0,0,0,24,8,24,30
2026-06-05,1,0.151837,0,1,0.15313935681470137,0,1,4,1,6,0,0,0,0,0,25,7,25,30
2026-06-06,0,0.151376,0,1,0.1510574018126888,0,1,5,1,6,0,1,1,0,0,26,6,26,30
2026-06-07,0,0.151376,1,0,0.1510574018126888,0,1,6,1,6,0,1,1,0,0,27,5,27,29
2026-06-08,1,0.151376,2,0,0.1510574018126888,0,1,0,2,6,0,0,0,0,0,28,4,28,28
2026-06-09,1,0.150304,0,1,0.15151515151515152,0,1,1,2,6,0,0,0,0,0,29,3,29,27
2026-06-10,1,0.147968,0,1,0.14684287812041116,0,1,2,2,6,0,0,0,0,0,30,2,30,26
2026-06-11,1,0.146446,0,1,0.14727540500736377,0,1,3,2,6,0,0,0,0,0,30,1,30,25
2026-06-12,0,0.147174,0,1,0.14814814814814814,0,1,4,2,6,0,0,0,1,0,0,0,30,24
2026-06-13,0,0.147174,1,0,0.14836795252225518,0,1,5,2,6,0,1,1,0,0,1,30,30,23
2026-06-14,0,0.147174,2,0,0.14836795252225518,0,1,6,2,6,0,1,1,0,0,2,30,30,22
2026-06-15,1,0.147174,3,0,0.14836795252225518,0,1,0,3,6,0,0,0,0,0,3,30,30,21
2026-06-16,1,0.148062,0,1,0.14749262536873156,0,1,1,3,6,0,0,0,0,0,4,30,30,20
2026-06-17,1,0.146812,0,1,0.1488095238095238,0,1,2,3,6,0,0,0,0,0,5,30,30,19
2026-06-18,1,0.14932800000000002,0,1,0.14947683109118085,0,1,3,3,6,0,0,0,0,0,6,30,30,18
2026-06-19,1,0.149899,0,1,0.15082956259426847,0,1,4,3,6,0,0,0,0,0,7,30,30,17
2026-06-20,0,0.15057299999999998,0,1,0.15060240963855423,0,1,5,3,6,0,1,1,0,0,8,30,30,16
2026-06-21,0,0.15057299999999998,1,0,0.15060240963855423,0,1,6,3,6,0,1,1,0,0,9,30,30,15
2026-06-22,1,0.15057299999999998,2,0,0.15060240963855423,0,1,0,4,6,0,0,0,0,0,10,30,30,14
2026-06-23,1,0.151043,0,1,0.15174506828528073,0,1,1,4,6,0,0,0,0,0,11,30,30,13
2026-06-24,1,0.153221,0,1,0.15360983102918588,0,1,2,4,6,0,0,0,0,0,12,30,30,12
2026-06-25,1,0.15379500000000002,0,1,0.15360983102918588,0,1,3,4,6,0,0,0,0,0,13,30,30,11
2026-06-26,1,0.155301,0,1,0.15600624024961,0,1,4,4,6,0,0,0,0,0,14,30,30,10
2026-06-27,0,0.158758,0,1,0.1597444089456869,0,1,5,4,6,0,1,1,0,0,15,30,30,9
2026-06-28,0,0.158758,1,0,0.1597444089456869,0,1,6,4,6,1,1,1,0,0,16,30,30,8
2026-06-29,1,0.158758,2,0,0.1597444089456869,0,1,0,5,6,1,0,0,0,0,17,30,30,7
2026-06-30,1,0.159833,0,1,0.16025641025641024,0,1,1,5,6,1,0,0,0,0,18,30,30,6
2026-07-01,1,0.161108,0,1,0.16286644951140067,0,1,2,1,7,0,0,0,0,0,19,30,30,5
2026-07-02,1,0.16280799999999998,0,1,0.1631321370309951,0,1,3,1,7,0,0,0,0,0,20,30,30,4
2026-07-03,1,0.162603,0,1,0.16447368421052633,0,1,4,1,7,0,0,0,0,0,21,30,30,3
2026-07-04,0,0.162764,0,1,0.1636661211129296,0,1,5,1,7,0,1,1,0,0,22,30,30,2
2026-07-05,0,0.162764,1,0,0.1636661211129296,0,1,6,1,7,0,1,1,0,0,23,30,30,1
2026-07-06,1,0.162764,2,0,0.1636661211129296,0,1,0,1,7,0,0,0,0,1,24,30,0,0
2026-07-07,1,0.16517900000000002,0,1,0.1636661211129296,0,1,1,1,7,0,0,0,0,0,25,30,1,30
2026-07-08,1,0.16127300000000003,0,1,0.1620745542949757,0,1,2,2,7,0,0,0,0,0,26,30,2,30
2026-07-09,1,0.16219999999999998,0,1,0.1636661211129296,0,1,3,2,7,0,0,0,0,0,27,30,3,30
2026-07-10,1,0.162251,0,1,0.16286644951140067,0,1,4,2,7,0,0,0,0,0,28,30,4,30
2026-07-11,0,0.16402,0,1,0.1652892561983471,0,1,5,2,7,0,1,1,0,0,29,30,5,30
2026-07-12,0,0.16402,1,0,0.1652892561983471,0,1,6,2,7,0,1,1,0,0,30,30,6,30
2026-07-13,1,0.16402,2,0,0.1652892561983471,0,1,0,2,7,0,0,0,0,0,30,30,7,30
2026-07-14,1,0.16488,0,1,0.16129032258064516,0,1,1,2,7,0,0,0,0,0,30,30,8,30
2026-07-15,1,0.162418,0,1,0.16556291390728478,0,1,2,3,7,0,0,0,0,0,30,30,9,30
2026-07-16,1,0.16626200000000002,0,1,0.1663893510815308,0,1,3,3,7,0,0,0,0,0,30,30,10,30
2026-07-17,1,0.166737,0,1,0.1663893510815308,0,1,4,3,7,0,0,0,0,0,30,30,11,30
2026-07-18,0,0.165979,0,1,0.16750418760469013,0,1,5,3,7,0,1,1,0,0,30,30,12,30
2026-07-19,0,0.165979,1,0,0.16750418760469013,0,1,6,3,7,0,1,1,0,0,30,30,13,30
2026-07-20,1,0.165979,2,0,0.16750418760469013,0,1,0,3,7,0,0,0,0,0,30,30,14,30
2026-07-21,1,0.16669,0,1,0.1669449081803005,0,1,1,3,7,0,0,0,0,0,30,30,15,30
2026-07-22,1,0.16703700000000002,0,1,0.16778523489932887,0,1,2,4,7,0,0,0,0,0,30,30,16,30
2026-07-23,1,0.167115,0,1,0.16778523489932887,0,1,3,4,7,0,0,0,0,0,30,30,17,30
2026-07-24,1,0.167657,0,1,0.16891891891891891,0,1,4,4,7,0,0,0,0,0,30,30,18,30
2026-07-25,0,0.167542,0,1,0.16447368421052633,0,1,5,4,7,0,1,1,0,0,30,30,19,30
2026-07-26,0,0.167542,1,0,0.16447368421052633,0,1,6,4,7,0,1,1,0,0,30,30,20,30
2026-07-27,1,0.167542,2,0,0.16447368421052633,0,1,0,4,7,0,0,0,0,0,30,30,21,30
2026-07-28,1,0.163878,0,1,0.16474464579901152,0,1,1,4,7,0,0,0,0,0,30,30,22,30
2026-07-29,1,0.16624,0,1,0.16501650165016502,0,1,2,5,7,1,0,0,0,0,30,30,23,30
2026-07-30,1,0.166454,0,1,0.1663893510815308,0,1,3,5,7,1,0,0,0,0,30,30,24,30
2026-07-31,1,0.167356,0,1,0.16891891891891891,0,1,4,5,7,1,0,0,0,0,30,30,25,30
2026-08-01,0,0.16742200000000002,0,1,0.16835016835016833,0,1,5,1,8,0,1,1,0,0,30,30,26,29
2026-08-02,0,0.16742200000000002,1,0,0.16835016835016833,0,1,6,1,8,0,1,1,0,0,30,30,27,28
2026-08-03,1,0.16742200000000002,2,0,0.16835016835016833,0,1,0,1,8,0,0,0,0,0,30,30,28,27
2026-08-04,1,0.169068,0,1,0.16863406408094436,0,1,1,1,8,0,0,0,0,0,30,30,29,26
2026-08-05,1,0.17066199999999998,0,1,0.1718213058419244,0,1,2,1,8,0,0,0,0,0,30,30,30,25
2026-08-06,1,0.17146799999999998,0,1,0.17301038062283736,0,1,3,1,8,0,0,0,0,0,30,30,30,24
2026-08-07,1,0.173263,0,1,0.17452006980802792,0,1,4,1,8,0,0,0,0,0,30,30,30,23
2026-08-08,0,0.175765,0,1,0.17513134851138354,0,1,5,2,8,0,1,1,0,0,30,30,30,22
2026-08-09,0,0.175765,1,0,0.17513134851138354,0,1,6,2,8,0,1,1,0,0,30,30,30,21
2026-08-10,1,0.175765,2,0,0.17513134851138354,0,1,0,2,8,0,0,0,0,0,30,30,30,20
2026-08-11,1,0.175784,0,1,0.17699115044247787,0,1,1,2,8,0,0,0,0,0,30,30,30,19
2026-08-12,1,0.176738,0,1,0.17793594306049823,0,1,2,2,8,0,0,0,0,0,30,30,30,18
2026-08-13,1,0.17820599999999998,0,1,0.17825311942959002,0,1,3,2,8,0,0,0,0,0,30,30,30,17
2026-08-14,1,0.180154,0,1,0.1798561151079137,0,1,4,2,8,0,0,0,0,0,30,30,30,16
2026-08-15,0,0.181743,0,1,0.18050541516245489,0,1,5,3,8,0,1,1,0,0,30,30,30,15
2026-08-16,0,0.181743,1,0,0.18050541516245489,0,1,6,3,8,0,1,1,0,0,30,30,30,14
2026-08-17,1,0.181743,2,0,0.18050541516245489,0,1,0,3,8,0,0,0,0,0,30,30,30,13
2026-08-18,1,0.183211,0,1,0.18348623853211007,0,1,1,3,8,0,0,0,0,0,30,30,30,12
2026-08-19,1,0.18458200000000002,0,1,0.18450184501845018,0,1,2,3,8,0,0,0,0,0,30,30,30,11
2026-08-20,1,0.185011,0,1,0.1841620626151013,0,1,3,3,8,0,0,0,0,0,30,30,30,10
2026-08-21,1,0.180336,0,1,0.18315018315018314,0,1,4,3,8,0,0,0,0,0,30,30,30,9
2026-08-22,0,0.18096,0,1,0.18281535648994515,0,1,5,4,8,0,1,1,0,0,30,30,30,8
2026-08-23,0,0.18096,1,0,0.18281535648994515,0,1,6,4,8,0,1,1,0,0,30,30,30,7
2026-08-24,1,0.18096,2,0,0.18281535648994515,0,1,0,4,8,0,0,0,0,0,30,30,30,6
2026-08-25,1,0.18229700000000001,0,1,0.18281535648994515,0,1,1,4,8,0,0,0,0,0,30,30,30,5
2026-08-26,1,0.184422,0,1,0.1841620626151013,0,1,2,4,8,0,0,0,0,0,30,30,30,4
2026-08-27,1,0.183829,0,1,0.18450184501845018,0,1,3,4,8,0,0,0,0,0,30,30,30,3
2026-08-28,1,0.187317,0,1,0.18484288354898337,0,1,4,4,8,0,0,0,0,0,30,30,30,2
2026-08-29,0,0.18516300000000002,0,1,0.18484288354898337,0,1,5,5,8,1,1,1,0,0,30,30,30,1
2026-08-30,0,0.18516300000000002,1,0,0.18484288354898337,0,1,6,5,8,1,1,1,0,1,30,30,0,0
2026-08-31,1,0.18516300000000002,2,0,0.18484288354898337,0,1,0,5,8,1,0,0,0,1,30,30,0,0
2026-09-01,1,0.185854,0,1,0.18726591760299627,0,1,1,1,9,0,0,0,0,0,30,30,1,30
2026-09-02,1,0.187651,0,1,0.1890359168241966,0,1,2,1,9,0,0,0,0,0,30,30,2,30
2026-09-03,1,0.189762,0,1,0.19047619047619047,0,1,3,1,9,0,0,0,0,0,30,30,3,30
