config_id,cutoff,year,mode,policy,rows,dates,signals,weeks,weeks_1_2,signals_per_week,silent_weeks,brier,base_hit,hit_rate,lift,forward_delta_bps,forward_signal_bps
blend_treasH_tabm_periodic_kzt_120m_s0_allaug_kztcal,2025-01-01,2025,bank_delayed,legacy,242,242,45,51,0.7843137254901961,0.8823529411764706,11,0.148344835306973,0.19834710743801653,0.4444444444444444,2.2407407407407405,60.095135717395706,31.8488368296756
blend_treasH_tabm_periodic_kzt_120m_s0_allaug_kztcal,2025-01-01,2025,both_delayed,legacy,242,242,45,51,0.7843137254901961,0.8823529411764706,11,0.14847090003448837,0.19834710743801653,0.4444444444444444,2.2407407407407405,59.119809196760784,30.87351030904068
blend_treasH_tabm_periodic_kzt_120m_s0_allaug_kztcal,2025-01-01,2025,normal,legacy,242,242,43,51,0.7450980392156863,0.8431372549019608,13,0.14296242332308354,0.19834710743801653,0.3953488372093023,1.9932170542635657,67.1616444636604,38.91534557594028
blend_treasH_tabm_periodic_kzt_120m_s0_allaug_kztcal,2025-01-01,2025,oxr_delayed,legacy,242,242,43,51,0.7450980392156863,0.8431372549019608,13,0.14312438800211186,0.19834710743801653,0.3953488372093023,1.9932170542635657,67.1616444636604,38.91534557594028
blend_treasH_tabm_periodic_kzt_120m_s0_allaug_kztcal,2025-01-01,2025,bank_delayed,cadence90_cd3,242,242,47,51,0.8431372549019608,0.9215686274509803,8,0.148344835306973,0.19834710743801653,0.3829787234042553,1.930851063829787,50.85784895897756,22.611550071257454
blend_treasH_tabm_periodic_kzt_120m_s0_allaug_kztcal,2025-01-01,2025,both_delayed,cadence90_cd3,242,242,47,51,0.8431372549019608,0.9215686274509803,8,0.14847090003448837,0.19834710743801653,0.3829787234042553,1.930851063829787,50.85784895897756,22.611550071257454
blend_treasH_tabm_periodic_kzt_120m_s0_allaug_kztcal,2025-01-01,2025,normal,cadence90_cd3,242,242,47,51,0.8431372549019608,0.9215686274509803,8,0.14296242332308354,0.19834710743801653,0.3829787234042553,1.930851063829787,55.03504553629053,26.788746648570424
blend_treasH_tabm_periodic_kzt_120m_s0_allaug_kztcal,2025-01-01,2025,oxr_delayed,cadence90_cd3,242,242,47,51,0.8431372549019608,0.9215686274509803,8,0.14312438800211186,0.19834710743801653,0.3829787234042553,1.930851063829787,57.878789370658346,29.632490482938238
blend_treasH_tabm_periodic_kzt_120m_s0_allaug_kztcal,2025-01-01,2025,bank_delayed,cadence90_cd2,242,242,63,51,0.9215686274509803,1.2352941176470589,4,0.148344835306973,0.19834710743801653,0.36507936507936506,1.8406084656084654,37.052449422858665,8.806150535138558
blend_treasH_tabm_periodic_kzt_120m_s0_allaug_kztcal,2025-01-01,2025,both_delayed,cadence90_cd2,242,242,63,51,0.9215686274509803,1.2352941176470589,4,0.14847090003448837,0.19834710743801653,0.36507936507936506,1.8406084656084654,37.052449422858665,8.806150535138558
blend_treasH_tabm_periodic_kzt_120m_s0_allaug_kztcal,2025-01-01,2025,normal,cadence90_cd2,242,242,60,51,0.9019607843137255,1.1764705882352942,5,0.14296242332308354,0.19834710743801653,0.4,2.0166666666666666,55.96572167810903,27.71942279038892
blend_treasH_tabm_periodic_kzt_120m_s0_allaug_kztcal,2025-01-01,2025,oxr_delayed,cadence90_cd2,242,242,60,51,0.9019607843137255,1.1764705882352942,5,0.14312438800211186,0.19834710743801653,0.4,2.0166666666666666,55.96572167810903,27.71942279038892
blend_treasH_tabm_periodic_kzt_120m_s0_allaug_kztcal,2025-01-01,2025,bank_delayed,cadence85_cd2,242,242,60,51,0.9019607843137255,1.1764705882352942,5,0.148344835306973,0.19834710743801653,0.36666666666666664,1.848611111111111,35.86834706692627,7.622048179206158
blend_treasH_tabm_periodic_kzt_120m_s0_allaug_kztcal,2025-01-01,2025,both_delayed,cadence85_cd2,242,242,60,51,0.9019607843137255,1.1764705882352942,5,0.14847090003448837,0.19834710743801653,0.36666666666666664,1.848611111111111,35.86834706692627,7.622048179206158
blend_treasH_tabm_periodic_kzt_120m_s0_allaug_kztcal,2025-01-01,2025,normal,cadence85_cd2,242,242,59,51,0.8823529411764706,1.1568627450980393,6,0.14296242332308354,0.19834710743801653,0.4067796610169492,2.0508474576271185,58.479279759754846,30.23298087203474
blend_treasH_tabm_periodic_kzt_120m_s0_allaug_kztcal,2025-01-01,2025,oxr_delayed,cadence85_cd2,242,242,59,51,0.8823529411764706,1.1568627450980393,6,0.14312438800211186,0.19834710743801653,0.4067796610169492,2.0508474576271185,58.479279759754846,30.23298087203474
blend_treasH_tabm_periodic_kzt_120m_s0_allaug_kztcal,2026-01-01,2026,bank_delayed,legacy,156,156,33,33,0.8787878787878788,1.0,4,0.23280455874771364,0.36538461538461536,0.42424242424242425,1.1610845295055823,30.748682698388322,67.91325899010744
blend_treasH_tabm_periodic_kzt_120m_s0_allaug_kztcal,2026-01-01,2026,both_delayed,legacy,156,156,33,33,0.8787878787878788,1.0,4,0.2327715912214876,0.36538461538461536,0.3939393939393939,1.0781499202551834,32.74147257875234,69.90604887047145
blend_treasH_tabm_periodic_kzt_120m_s0_allaug_kztcal,2026-01-01,2026,normal,legacy,156,156,33,33,0.9090909090909091,1.0,3,0.2275043958410963,0.36538461538461536,0.45454545454545453,1.244019138755981,42.32806037911749,79.4926366708366
blend_treasH_tabm_periodic_kzt_120m_s0_allaug_kztcal,2026-01-01,2026,oxr_delayed,legacy,156,156,33,33,0.9090909090909091,1.0,3,0.2270678043402574,0.36538461538461536,0.5454545454545454,1.492822966507177,55.98102762923604,93.14560392095515
blend_treasH_tabm_periodic_kzt_120m_s0_allaug_kztcal,2026-01-01,2026,bank_delayed,cadence90_cd3,156,156,39,33,0.9696969696969697,1.1818181818181819,1,0.23280455874771364,0.36538461538461536,0.41025641025641024,1.1228070175438596,20.37889267226317,57.543468963982285
blend_treasH_tabm_periodic_kzt_120m_s0_allaug_kztcal,2026-01-01,2026,both_delayed,cadence90_cd3,156,156,39,33,0.9696969696969697,1.1818181818181819,1,0.2327715912214876,0.36538461538461536,0.41025641025641024,1.1228070175438596,20.37889267226317,57.543468963982285
blend_treasH_tabm_periodic_kzt_120m_s0_allaug_kztcal,2026-01-01,2026,normal,cadence90_cd3,156,156,39,33,0.9696969696969697,1.1818181818181819,1,0.2275043958410963,0.36538461538461536,0.41025641025641024,1.1228070175438596,20.37889267226317,57.543468963982285
blend_treasH_tabm_periodic_kzt_120m_s0_allaug_kztcal,2026-01-01,2026,oxr_delayed,cadence90_cd3,156,156,39,33,0.9696969696969697,1.1818181818181819,1,0.2270678043402574,0.36538461538461536,0.41025641025641024,1.1228070175438596,20.37889267226317,57.543468963982285
blend_treasH_tabm_periodic_kzt_120m_s0_allaug_kztcal,2026-01-01,2026,bank_delayed,cadence90_cd2,156,156,43,33,0.9090909090909091,1.303030303030303,3,0.23280455874771364,0.36538461538461536,0.46511627906976744,1.2729498164014688,48.871757980525686,86.0363342722448
blend_treasH_tabm_periodic_kzt_120m_s0_allaug_kztcal,2026-01-01,2026,both_delayed,cadence90_cd2,156,156,43,33,0.9090909090909091,1.303030303030303,3,0.2327715912214876,0.36538461538461536,0.46511627906976744,1.2729498164014688,48.871757980525686,86.0363342722448
blend_treasH_tabm_periodic_kzt_120m_s0_allaug_kztcal,2026-01-01,2026,normal,cadence90_cd2,156,156,43,33,0.9393939393939394,1.303030303030303,2,0.2275043958410963,0.36538461538461536,0.5116279069767442,1.4002447980416157,38.945978520297274,76.11055481201639
blend_treasH_tabm_periodic_kzt_120m_s0_allaug_kztcal,2026-01-01,2026,oxr_delayed,cadence90_cd2,156,156,43,33,0.9393939393939394,1.303030303030303,2,0.2270678043402574,0.36538461538461536,0.5116279069767442,1.4002447980416157,38.945978520297274,76.11055481201639
blend_treasH_tabm_periodic_kzt_120m_s0_allaug_kztcal,2026-01-01,2026,bank_delayed,cadence85_cd2,156,156,43,33,0.9090909090909091,1.303030303030303,3,0.23280455874771364,0.36538461538461536,0.46511627906976744,1.2729498164014688,48.871757980525686,86.0363342722448
blend_treasH_tabm_periodic_kzt_120m_s0_allaug_kztcal,2026-01-01,2026,both_delayed,cadence85_cd2,156,156,43,33,0.9090909090909091,1.303030303030303,3,0.2327715912214876,0.36538461538461536,0.46511627906976744,1.2729498164014688,48.871757980525686,86.0363342722448
blend_treasH_tabm_periodic_kzt_120m_s0_allaug_kztcal,2026-01-01,2026,normal,cadence85_cd2,156,156,43,33,0.9393939393939394,1.303030303030303,2,0.2275043958410963,0.36538461538461536,0.5116279069767442,1.4002447980416157,38.945978520297274,76.11055481201639
blend_treasH_tabm_periodic_kzt_120m_s0_allaug_kztcal,2026-01-01,2026,oxr_delayed,cadence85_cd2,156,156,43,33,0.9393939393939394,1.303030303030303,2,0.2270678043402574,0.36538461538461536,0.5116279069767442,1.4002447980416157,38.945978520297274,76.11055481201639
blend_treasH_tabm_periodic_kzt_120m_s0_bankaug_kztcal,2025-01-01,2025,bank_delayed,legacy,242,242,46,51,0.7647058823529411,0.9019607843137255,12,0.14900964122227045,0.19834710743801653,0.41304347826086957,2.082427536231884,55.57119435481876,27.324895467098653
blend_treasH_tabm_periodic_kzt_120m_s0_bankaug_kztcal,2025-01-01,2025,both_delayed,legacy,242,242,60,51,0.9411764705882353,1.1764705882352942,3,0.22930771529611693,0.19834710743801653,0.15,0.75625,-0.8203922012711118,-29.06669108899122
blend_treasH_tabm_periodic_kzt_120m_s0_bankaug_kztcal,2025-01-01,2025,normal,legacy,242,242,44,51,0.7450980392156863,0.8627450980392157,13,0.1434721521575407,0.19834710743801653,0.4090909090909091,2.0625,71.13381390373534,42.887515016015236
blend_treasH_tabm_periodic_kzt_120m_s0_bankaug_kztcal,2025-01-01,2025,oxr_delayed,legacy,242,242,60,51,0.9411764705882353,1.1764705882352942,3,0.22510007151046538,0.19834710743801653,0.15,0.75625,-0.8203922012711118,-29.06669108899122
blend_treasH_tabm_periodic_kzt_120m_s0_bankaug_kztcal,2025-01-01,2025,bank_delayed,cadence90_cd3,242,242,48,51,0.8235294117647058,0.9411764705882353,9,0.14900964122227045,0.19834710743801653,0.4166666666666667,2.1006944444444446,53.21404135422354,24.967742466503434
blend_treasH_tabm_periodic_kzt_120m_s0_bankaug_kztcal,2025-01-01,2025,both_delayed,cadence90_cd3,242,242,60,51,0.9411764705882353,1.1764705882352942,3,0.22930771529611693,0.19834710743801653,0.15,0.75625,-0.8203922012711118,-29.06669108899122
blend_treasH_tabm_periodic_kzt_120m_s0_bankaug_kztcal,2025-01-01,2025,normal,cadence90_cd3,242,242,46,51,0.7843137254901961,0.9019607843137255,11,0.1434721521575407,0.19834710743801653,0.3695652173913043,1.8632246376811592,70.19828765466855,41.951988766948446
blend_treasH_tabm_periodic_kzt_120m_s0_bankaug_kztcal,2025-01-01,2025,oxr_delayed,cadence90_cd3,242,242,60,51,0.9411764705882353,1.1764705882352942,3,0.22510007151046538,0.19834710743801653,0.15,0.75625,-0.8203922012711118,-29.06669108899122
blend_treasH_tabm_periodic_kzt_120m_s0_bankaug_kztcal,2025-01-01,2025,bank_delayed,cadence90_cd2,242,242,61,51,0.9215686274509803,1.196078431372549,4,0.14900964122227045,0.19834710743801653,0.32786885245901637,1.653005464480874,31.15120292347364,2.904904035753532
blend_treasH_tabm_periodic_kzt_120m_s0_bankaug_kztcal,2025-01-01,2025,both_delayed,cadence90_cd2,242,242,80,51,0.9607843137254902,1.5686274509803921,2,0.22930771529611693,0.19834710743801653,0.1375,0.6932291666666667,-18.120635555098794,-46.3669344428189
blend_treasH_tabm_periodic_kzt_120m_s0_bankaug_kztcal,2025-01-01,2025,normal,cadence90_cd2,242,242,60,51,0.9215686274509803,1.1764705882352942,4,0.1434721521575407,0.19834710743801653,0.36666666666666664,1.848611111111111,58.05684857666157,29.810549688941464
blend_treasH_tabm_periodic_kzt_120m_s0_bankaug_kztcal,2025-01-01,2025,oxr_delayed,cadence90_cd2,242,242,80,51,0.9607843137254902,1.5686274509803921,2,0.22510007151046538,0.19834710743801653,0.1375,0.6932291666666667,-18.120635555098794,-46.3669344428189
blend_treasH_tabm_periodic_kzt_120m_s0_bankaug_kztcal,2025-01-01,2025,bank_delayed,cadence85_cd2,242,242,60,51,0.9019607843137255,1.1764705882352942,5,0.14900964122227045,0.19834710743801653,0.36666666666666664,1.848611111111111,35.86834706692627,7.622048179206158
blend_treasH_tabm_periodic_kzt_120m_s0_bankaug_kztcal,2025-01-01,2025,both_delayed,cadence85_cd2,242,242,80,51,0.9607843137254902,1.5686274509803921,2,0.22930771529611693,0.19834710743801653,0.1375,0.6932291666666667,-18.120635555098794,-46.3669344428189
blend_treasH_tabm_periodic_kzt_120m_s0_bankaug_kztcal,2025-01-01,2025,normal,cadence85_cd2,242,242,58,51,0.8627450980392157,1.1372549019607843,7,0.1434721521575407,0.19834710743801653,0.39655172413793105,1.9992816091954024,57.012564850973035,28.766265963252927
blend_treasH_tabm_periodic_kzt_120m_s0_bankaug_kztcal,2025-01-01,2025,oxr_delayed,cadence85_cd2,242,242,80,51,0.9607843137254902,1.5686274509803921,2,0.22510007151046538,0.19834710743801653,0.1375,0.6932291666666667,-18.120635555098794,-46.3669344428189
blend_treasH_tabm_periodic_kzt_120m_s0_bankaug_kztcal,2026-01-01,2026,bank_delayed,legacy,156,156,34,33,0.8787878787878788,1.0303030303030303,4,0.22566437535842865,0.36538461538461536,0.4117647058823529,1.1269349845201238,34.0931724665834,71.25774875830251
blend_treasH_tabm_periodic_kzt_120m_s0_bankaug_kztcal,2026-01-01,2026,both_delayed,legacy,156,156,34,33,0.8787878787878788,1.0303030303030303,4,0.22437533901396903,0.36538461538461536,0.4117647058823529,1.1269349845201238,36.21346038572729,73.3780366774464
blend_treasH_tabm_periodic_kzt_120m_s0_bankaug_kztcal,2026-01-01,2026,normal,legacy,156,156,34,33,0.9090909090909091,1.0303030303030303,3,0.2197216321265311,0.36538461538461536,0.4411764705882353,1.2074303405572755,35.7284308594775,72.89300715119661
blend_treasH_tabm_periodic_kzt_120m_s0_bankaug_kztcal,2026-01-01,2026,oxr_delayed,legacy,156,156,35,33,0.9393939393939394,1.0606060606060606,2,0.21787792420462318,0.36538461538461536,0.5142857142857142,1.4075187969924812,38.163377899255366,75.32795419097448
blend_treasH_tabm_periodic_kzt_120m_s0_bankaug_kztcal,2026-01-01,2026,bank_delayed,cadence90_cd3,156,156,37,33,0.9393939393939394,1.121212121212121,2,0.22566437535842865,0.36538461538461536,0.35135135135135137,0.961593172119488,11.74130278679084,48.905879078509955
blend_treasH_tabm_periodic_kzt_120m_s0_bankaug_kztcal,2026-01-01,2026,both_delayed,cadence90_cd3,156,156,39,33,1.0,1.1818181818181819,0,0.22437533901396903,0.36538461538461536,0.3333333333333333,0.9122807017543859,10.827763976814225,47.99234026853334
blend_treasH_tabm_periodic_kzt_120m_s0_bankaug_kztcal,2026-01-01,2026,normal,cadence90_cd3,156,156,36,33,0.9696969696969697,1.0909090909090908,1,0.2197216321265311,0.36538461538461536,0.4166666666666667,1.1403508771929827,26.55181559634972,63.716391888068834
blend_treasH_tabm_periodic_kzt_120m_s0_bankaug_kztcal,2026-01-01,2026,oxr_delayed,cadence90_cd3,156,156,37,33,0.9393939393939394,1.121212121212121,2,0.21787792420462318,0.36538461538461536,0.43243243243243246,1.1834992887624467,2.959218593334981,40.123794885054096
blend_treasH_tabm_periodic_kzt_120m_s0_bankaug_kztcal,2026-01-01,2026,bank_delayed,cadence90_cd2,156,156,39,33,0.8484848484848485,1.1818181818181819,5,0.22566437535842865,0.36538461538461536,0.46153846153846156,1.2631578947368423,49.934311114118074,87.09888740583719
blend_treasH_tabm_periodic_kzt_120m_s0_bankaug_kztcal,2026-01-01,2026,both_delayed,cadence90_cd2,156,156,42,33,0.9090909090909091,1.2727272727272727,3,0.22437533901396903,0.36538461538461536,0.4523809523809524,1.2380952380952381,46.17025347613644,83.33482976785555
blend_treasH_tabm_periodic_kzt_120m_s0_bankaug_kztcal,2026-01-01,2026,normal,cadence90_cd2,156,156,40,33,0.9090909090909091,1.2121212121212122,3,0.2197216321265311,0.36538461538461536,0.475,1.3,43.91695998093361,81.08153627265273
blend_treasH_tabm_periodic_kzt_120m_s0_bankaug_kztcal,2026-01-01,2026,oxr_delayed,cadence90_cd2,156,156,42,33,0.9696969696969697,1.2727272727272727,1,0.21787792420462318,0.36538461538461536,0.47619047619047616,1.3032581453634084,36.34891412685637,73.51349041857549
blend_treasH_tabm_periodic_kzt_120m_s0_bankaug_kztcal,2026-01-01,2026,bank_delayed,cadence85_cd2,156,156,39,33,0.8484848484848485,1.1818181818181819,5,0.22566437535842865,0.36538461538461536,0.46153846153846156,1.2631578947368423,49.934311114118074,87.09888740583719
blend_treasH_tabm_periodic_kzt_120m_s0_bankaug_kztcal,2026-01-01,2026,both_delayed,cadence85_cd2,156,156,42,33,0.9090909090909091,1.2727272727272727,3,0.22437533901396903,0.36538461538461536,0.4523809523809524,1.2380952380952381,46.17025347613644,83.33482976785555
blend_treasH_tabm_periodic_kzt_120m_s0_bankaug_kztcal,2026-01-01,2026,normal,cadence85_cd2,156,156,40,33,0.9090909090909091,1.2121212121212122,3,0.2197216321265311,0.36538461538461536,0.475,1.3,43.91695998093361,81.08153627265273
blend_treasH_tabm_periodic_kzt_120m_s0_bankaug_kztcal,2026-01-01,2026,oxr_delayed,cadence85_cd2,156,156,42,33,0.9696969696969697,1.2727272727272727,1,0.21787792420462318,0.36538461538461536,0.47619047619047616,1.3032581453634084,36.34891412685637,73.51349041857549
blend_treasH_tabm_periodic_kzt_120m_s0_kztcal,2025-01-01,2025,bank_delayed,legacy,242,242,45,51,0.7843137254901961,0.8823529411764706,11,0.1473333834022815,0.19834710743801653,0.37777777777777777,1.9046296296296295,47.18394933029049,18.937650442570376
blend_treasH_tabm_periodic_kzt_120m_s0_kztcal,2025-01-01,2025,both_delayed,legacy,242,242,60,51,0.9411764705882353,1.1764705882352942,3,0.35930566152218196,0.19834710743801653,0.15,0.75625,-0.8203922012711118,-29.06669108899122
blend_treasH_tabm_periodic_kzt_120m_s0_kztcal,2025-01-01,2025,normal,legacy,242,242,46,51,0.7843137254901961,0.9019607843137255,11,0.1431393153483634,0.19834710743801653,0.30434782608695654,1.5344202898550725,46.62435073204064,18.37805184432053
blend_treasH_tabm_periodic_kzt_120m_s0_kztcal,2025-01-01,2025,oxr_delayed,legacy,242,242,60,51,0.9411764705882353,1.1764705882352942,3,0.3575066343771186,0.19834710743801653,0.15,0.75625,-0.8203922012711118,-29.06669108899122
blend_treasH_tabm_periodic_kzt_120m_s0_kztcal,2025-01-01,2025,bank_delayed,cadence90_cd3,242,242,50,51,0.8431372549019608,0.9803921568627451,8,0.1473333834022815,0.19834710743801653,0.32,1.6133333333333333,35.60042124465024,7.354122356930136
blend_treasH_tabm_periodic_kzt_120m_s0_kztcal,2025-01-01,2025,both_delayed,cadence90_cd3,242,242,60,51,0.9411764705882353,1.1764705882352942,3,0.35930566152218196,0.19834710743801653,0.15,0.75625,-0.8203922012711118,-29.06669108899122
blend_treasH_tabm_periodic_kzt_120m_s0_kztcal,2025-01-01,2025,normal,cadence90_cd3,242,242,53,51,0.9019607843137255,1.0392156862745099,5,0.1431393153483634,0.19834710743801653,0.2830188679245283,1.4268867924528301,37.90251051468701,9.656211626966899
blend_treasH_tabm_periodic_kzt_120m_s0_kztcal,2025-01-01,2025,oxr_delayed,cadence90_cd3,242,242,60,51,0.9411764705882353,1.1764705882352942,3,0.3575066343771186,0.19834710743801653,0.15,0.75625,-0.8203922012711118,-29.06669108899122
blend_treasH_tabm_periodic_kzt_120m_s0_kztcal,2025-01-01,2025,bank_delayed,cadence90_cd2,242,242,71,51,0.9411764705882353,1.392156862745098,3,0.1473333834022815,0.19834710743801653,0.28169014084507044,1.42018779342723,29.607502772007475,1.3612038842873653
blend_treasH_tabm_periodic_kzt_120m_s0_kztcal,2025-01-01,2025,both_delayed,cadence90_cd2,242,242,80,51,0.9607843137254902,1.5686274509803921,2,0.35930566152218196,0.19834710743801653,0.1375,0.6932291666666667,-18.120635555098794,-46.3669344428189
blend_treasH_tabm_periodic_kzt_120m_s0_kztcal,2025-01-01,2025,normal,cadence90_cd2,242,242,69,51,0.9803921568627451,1.3529411764705883,1,0.1431393153483634,0.19834710743801653,0.2608695652173913,1.3152173913043477,27.48787585205727,-0.7584230356628383
blend_treasH_tabm_periodic_kzt_120m_s0_kztcal,2025-01-01,2025,oxr_delayed,cadence90_cd2,242,242,80,51,0.9607843137254902,1.5686274509803921,2,0.3575066343771186,0.19834710743801653,0.1375,0.6932291666666667,-18.120635555098794,-46.3669344428189
blend_treasH_tabm_periodic_kzt_120m_s0_kztcal,2025-01-01,2025,bank_delayed,cadence85_cd2,242,242,65,51,0.9215686274509803,1.2745098039215685,4,0.1473333834022815,0.19834710743801653,0.27692307692307694,1.3961538461538463,17.39351817749462,-10.852780710225488
blend_treasH_tabm_periodic_kzt_120m_s0_kztcal,2025-01-01,2025,both_delayed,cadence85_cd2,242,242,80,51,0.9607843137254902,1.5686274509803921,2,0.35930566152218196,0.19834710743801653,0.1375,0.6932291666666667,-18.120635555098794,-46.3669344428189
blend_treasH_tabm_periodic_kzt_120m_s0_kztcal,2025-01-01,2025,normal,cadence85_cd2,242,242,63,51,0.9411764705882353,1.2352941176470589,3,0.1431393153483634,0.19834710743801653,0.30158730158730157,1.5205026455026454,39.14146485901375,10.895165971293647
blend_treasH_tabm_periodic_kzt_120m_s0_kztcal,2025-01-01,2025,oxr_delayed,cadence85_cd2,242,242,80,51,0.9607843137254902,1.5686274509803921,2,0.3575066343771186,0.19834710743801653,0.1375,0.6932291666666667,-18.120635555098794,-46.3669344428189
blend_treasH_tabm_periodic_kzt_120m_s0_kztcal,2026-01-01,2026,bank_delayed,legacy,156,156,35,33,0.9090909090909091,1.0606060606060606,3,0.2085696144736253,0.36538461538461536,0.4,1.0947368421052632,9.980893056463657,47.14546934818277
blend_treasH_tabm_periodic_kzt_120m_s0_kztcal,2026-01-01,2026,both_delayed,legacy,156,156,36,33,0.9696969696969697,1.0909090909090908,1,0.2107182971198546,0.36538461538461536,0.3888888888888889,1.064327485380117,26.711659982941995,63.87623627466111
blend_treasH_tabm_periodic_kzt_120m_s0_kztcal,2026-01-01,2026,normal,legacy,156,156,34,33,0.9090909090909091,1.0303030303030303,3,0.1933954679077761,0.36538461538461536,0.5294117647058824,1.4489164086687307,47.892519001332346,85.05709529305146
blend_treasH_tabm_periodic_kzt_120m_s0_kztcal,2026-01-01,2026,oxr_delayed,legacy,156,156,33,33,0.8787878787878788,1.0,4,0.19422529401771332,0.36538461538461536,0.5151515151515151,1.4098883572567784,50.371230714756635,87.53580700647575
blend_treasH_tabm_periodic_kzt_120m_s0_kztcal,2026-01-01,2026,bank_delayed,cadence90_cd3,156,156,36,33,0.9090909090909091,1.0909090909090908,3,0.2085696144736253,0.36538461538461536,0.3888888888888889,1.064327485380117,6.903528595572219,44.068104887291334
blend_treasH_tabm_periodic_kzt_120m_s0_kztcal,2026-01-01,2026,both_delayed,cadence90_cd3,156,156,36,33,0.9393939393939394,1.0909090909090908,2,0.2107182971198546,0.36538461538461536,0.3888888888888889,1.064327485380117,29.771152114260218,66.93572840597933
blend_treasH_tabm_periodic_kzt_120m_s0_kztcal,2026-01-01,2026,normal,cadence90_cd3,156,156,34,33,0.9090909090909091,1.0303030303030303,3,0.1933954679077761,0.36538461538461536,0.5294117647058824,1.4489164086687307,47.892519001332346,85.05709529305146
blend_treasH_tabm_periodic_kzt_120m_s0_kztcal,2026-01-01,2026,oxr_delayed,cadence90_cd3,156,156,33,33,0.8787878787878788,1.0,4,0.19422529401771332,0.36538461538461536,0.5151515151515151,1.4098883572567784,50.371230714756635,87.53580700647575
blend_treasH_tabm_periodic_kzt_120m_s0_kztcal,2026-01-01,2026,bank_delayed,cadence90_cd2,156,156,41,33,0.8787878787878788,1.2424242424242424,4,0.2085696144736253,0.36538461538461536,0.43902439024390244,1.2015404364569962,35.673108896437626,72.83768518815674
blend_treasH_tabm_periodic_kzt_120m_s0_kztcal,2026-01-01,2026,both_delayed,cadence90_cd2,156,156,41,33,0.8787878787878788,1.2424242424242424,4,0.2107182971198546,0.36538461538461536,0.4146341463414634,1.134788189987163,39.51498334553135,76.67955963725046
blend_treasH_tabm_periodic_kzt_120m_s0_kztcal,2026-01-01,2026,normal,cadence90_cd2,156,156,42,33,0.9090909090909091,1.2727272727272727,3,0.1933954679077761,0.36538461538461536,0.5238095238095238,1.4335839598997495,52.66786477880521,89.83244107052433
blend_treasH_tabm_periodic_kzt_120m_s0_kztcal,2026-01-01,2026,oxr_delayed,cadence90_cd2,156,156,42,33,0.9090909090909091,1.2727272727272727,3,0.19422529401771332,0.36538461538461536,0.4523809523809524,1.2380952380952381,41.24846101816122,78.41303730988034
blend_treasH_tabm_periodic_kzt_120m_s0_kztcal,2026-01-01,2026,bank_delayed,cadence85_cd2,156,156,38,33,0.8484848484848485,1.1515151515151516,5,0.2085696144736253,0.36538461538461536,0.47368421052631576,1.296398891966759,58.7766928043889,95.94126909610802
blend_treasH_tabm_periodic_kzt_120m_s0_kztcal,2026-01-01,2026,both_delayed,cadence85_cd2,156,156,37,33,0.8181818181818182,1.121212121212121,6,0.2107182971198546,0.36538461538461536,0.4864864864864865,1.3314366998577527,59.40700965177484,96.57158594349396
blend_treasH_tabm_periodic_kzt_120m_s0_kztcal,2026-01-01,2026,normal,cadence85_cd2,156,156,40,33,0.9090909090909091,1.2121212121212122,3,0.1933954679077761,0.36538461538461536,0.5,1.368421052631579,57.440789764221364,94.60536605594048
blend_treasH_tabm_periodic_kzt_120m_s0_kztcal,2026-01-01,2026,oxr_delayed,cadence85_cd2,156,156,41,33,0.9090909090909091,1.2424242424242424,3,0.19422529401771332,0.36538461538461536,0.4146341463414634,1.134788189987163,45.550273328594,82.71484962031312
blend_treasH_tabm_periodic_kzt_120m_s0_noage_kztcal,2025-01-01,2025,bank_delayed,legacy,242,242,46,51,0.8235294117647058,0.9019607843137255,9,0.14593777111763134,0.19834710743801653,0.3695652173913043,1.8632246376811592,43.89562495885206,15.649326071131952
blend_treasH_tabm_periodic_kzt_120m_s0_noage_kztcal,2025-01-01,2025,both_delayed,legacy,242,242,43,51,0.7843137254901961,0.8431372549019608,11,0.14653589036613549,0.19834710743801653,0.37209302325581395,1.875968992248062,43.51737786034282,15.271078972622712
blend_treasH_tabm_periodic_kzt_120m_s0_noage_kztcal,2025-01-01,2025,normal,legacy,242,242,45,51,0.7843137254901961,0.8823529411764706,11,0.14332280849612367,0.19834710743801653,0.35555555555555557,1.7925925925925925,54.64526615484317,26.39896726712306
blend_treasH_tabm_periodic_kzt_120m_s0_noage_kztcal,2025-01-01,2025,oxr_delayed,legacy,242,242,45,51,0.7843137254901961,0.8823529411764706,11,0.14365481931029564,0.19834710743801653,0.3333333333333333,1.6805555555555554,51.89779415462422,23.651495266904117
blend_treasH_tabm_periodic_kzt_120m_s0_noage_kztcal,2025-01-01,2025,bank_delayed,cadence90_cd3,242,242,51,51,0.9411764705882353,1.0,3,0.14593777111763134,0.19834710743801653,0.3137254901960784,1.5816993464052287,38.51051568412488,10.264216796404778
blend_treasH_tabm_periodic_kzt_120m_s0_noage_kztcal,2025-01-01,2025,both_delayed,cadence90_cd3,242,242,51,51,0.9411764705882353,1.0,3,0.14653589036613549,0.19834710743801653,0.3137254901960784,1.5816993464052287,39.12551953278501,10.879220645064903
blend_treasH_tabm_periodic_kzt_120m_s0_noage_kztcal,2025-01-01,2025,normal,cadence90_cd3,242,242,51,51,0.9607843137254902,1.0,2,0.14332280849612367,0.19834710743801653,0.2549019607843137,1.2851307189542482,38.69686156300732,10.450562675287207
blend_treasH_tabm_periodic_kzt_120m_s0_noage_kztcal,2025-01-01,2025,oxr_delayed,cadence90_cd3,242,242,51,51,0.9215686274509803,1.0,4,0.14365481931029564,0.19834710743801653,0.23529411764705882,1.1862745098039216,40.58618907923154,12.339890191511431
blend_treasH_tabm_periodic_kzt_120m_s0_noage_kztcal,2025-01-01,2025,bank_delayed,cadence90_cd2,242,242,60,51,0.9019607843137255,1.1764705882352942,5,0.14593777111763134,0.19834710743801653,0.3333333333333333,1.6805555555555554,32.81823495516605,4.571936067445941
blend_treasH_tabm_periodic_kzt_120m_s0_noage_kztcal,2025-01-01,2025,both_delayed,cadence90_cd2,242,242,60,51,0.9215686274509803,1.1764705882352942,4,0.14653589036613549,0.19834710743801653,0.35,1.7645833333333332,29.79825692201655,1.5519580342964387
blend_treasH_tabm_periodic_kzt_120m_s0_noage_kztcal,2025-01-01,2025,normal,cadence90_cd2,242,242,59,51,0.8823529411764706,1.1568627450980393,6,0.14332280849612367,0.19834710743801653,0.3389830508474576,1.7090395480225988,45.92476085317345,17.67846196545334
blend_treasH_tabm_periodic_kzt_120m_s0_noage_kztcal,2025-01-01,2025,oxr_delayed,cadence90_cd2,242,242,59,51,0.9019607843137255,1.1568627450980393,5,0.14365481931029564,0.19834710743801653,0.3559322033898305,1.7944915254237288,48.50278275593986,20.256483868219753
blend_treasH_tabm_periodic_kzt_120m_s0_noage_kztcal,2025-01-01,2025,bank_delayed,cadence85_cd2,242,242,60,51,0.9019607843137255,1.1764705882352942,5,0.14593777111763134,0.19834710743801653,0.3333333333333333,1.6805555555555554,32.81823495516605,4.571936067445941
blend_treasH_tabm_periodic_kzt_120m_s0_noage_kztcal,2025-01-01,2025,both_delayed,cadence85_cd2,242,242,60,51,0.9215686274509803,1.1764705882352942,4,0.14653589036613549,0.19834710743801653,0.35,1.7645833333333332,29.79825692201655,1.5519580342964387
blend_treasH_tabm_periodic_kzt_120m_s0_noage_kztcal,2025-01-01,2025,normal,cadence85_cd2,242,242,59,51,0.8823529411764706,1.1568627450980393,6,0.14332280849612367,0.19834710743801653,0.3389830508474576,1.7090395480225988,45.92476085317345,17.67846196545334
blend_treasH_tabm_periodic_kzt_120m_s0_noage_kztcal,2025-01-01,2025,oxr_delayed,cadence85_cd2,242,242,59,51,0.9019607843137255,1.1568627450980393,5,0.14365481931029564,0.19834710743801653,0.3559322033898305,1.7944915254237288,48.50278275593986,20.256483868219753
blend_treasH_tabm_periodic_kzt_120m_s0_noage_kztcal,2026-01-01,2026,bank_delayed,legacy,156,156,35,33,0.9090909090909091,1.0606060606060606,3,0.20700540848272495,0.36538461538461536,0.42857142857142855,1.1729323308270676,27.147822796640995,64.31239908836011
blend_treasH_tabm_periodic_kzt_120m_s0_noage_kztcal,2026-01-01,2026,both_delayed,legacy,156,156,36,33,0.9696969696969697,1.0909090909090908,1,0.20794422879456403,0.36538461538461536,0.3888888888888889,1.064327485380117,30.608193913804186,67.7727702055233
blend_treasH_tabm_periodic_kzt_120m_s0_noage_kztcal,2026-01-01,2026,normal,legacy,156,156,35,33,0.9393939393939394,1.0606060606060606,2,0.19655042268378137,0.36538461538461536,0.42857142857142855,1.1729323308270676,46.42435513946252,83.58893143118163
blend_treasH_tabm_periodic_kzt_120m_s0_noage_kztcal,2026-01-01,2026,oxr_delayed,legacy,156,156,35,33,0.9696969696969697,1.0606060606060606,1,0.1964082540346807,0.36538461538461536,0.42857142857142855,1.1729323308270676,48.056578433121885,85.221154724841
blend_treasH_tabm_periodic_kzt_120m_s0_noage_kztcal,2026-01-01,2026,bank_delayed,cadence90_cd3,156,156,36,33,0.9090909090909091,1.0909090909090908,3,0.20700540848272495,0.36538461538461536,0.3888888888888889,1.064327485380117,17.823402895544135,54.98797918726325
blend_treasH_tabm_periodic_kzt_120m_s0_noage_kztcal,2026-01-01,2026,both_delayed,cadence90_cd3,156,156,36,33,0.9393939393939394,1.0909090909090908,2,0.20794422879456403,0.36538461538461536,0.3888888888888889,1.064327485380117,37.44387096636258,74.6084472580817
blend_treasH_tabm_periodic_kzt_120m_s0_noage_kztcal,2026-01-01,2026,normal,cadence90_cd3,156,156,35,33,0.9696969696969697,1.0606060606060606,1,0.19655042268378137,0.36538461538461536,0.42857142857142855,1.1729323308270676,48.056578433121885,85.221154724841
blend_treasH_tabm_periodic_kzt_120m_s0_noage_kztcal,2026-01-01,2026,oxr_delayed,cadence90_cd3,156,156,35,33,0.9696969696969697,1.0606060606060606,1,0.1964082540346807,0.36538461538461536,0.42857142857142855,1.1729323308270676,48.056578433121885,85.221154724841
blend_treasH_tabm_periodic_kzt_120m_s0_noage_kztcal,2026-01-01,2026,bank_delayed,cadence90_cd2,156,156,42,33,0.9090909090909091,1.2727272727272727,3,0.20700540848272495,0.36538461538461536,0.47619047619047616,1.3032581453634084,36.647635567865294,73.81221185958441
blend_treasH_tabm_periodic_kzt_120m_s0_noage_kztcal,2026-01-01,2026,both_delayed,cadence90_cd2,156,156,42,33,0.9090909090909091,1.2727272727272727,3,0.20794422879456403,0.36538461538461536,0.4523809523809524,1.2380952380952381,33.99505330456812,71.15962959628723
blend_treasH_tabm_periodic_kzt_120m_s0_noage_kztcal,2026-01-01,2026,normal,cadence90_cd2,156,156,43,33,0.9393939393939394,1.303030303030303,2,0.19655042268378137,0.36538461538461536,0.4883720930232558,1.3365973072215422,34.98867885814761,72.15325514986672
blend_treasH_tabm_periodic_kzt_120m_s0_noage_kztcal,2026-01-01,2026,oxr_delayed,cadence90_cd2,156,156,42,33,0.9393939393939394,1.2727272727272727,2,0.1964082540346807,0.36538461538461536,0.47619047619047616,1.3032581453634084,42.88915454500021,80.05373083671932
blend_treasH_tabm_periodic_kzt_120m_s0_noage_kztcal,2026-01-01,2026,bank_delayed,cadence85_cd2,156,156,42,33,0.9090909090909091,1.2727272727272727,3,0.20700540848272495,0.36538461538461536,0.47619047619047616,1.3032581453634084,36.647635567865294,73.81221185958441
blend_treasH_tabm_periodic_kzt_120m_s0_noage_kztcal,2026-01-01,2026,both_delayed,cadence85_cd2,156,156,42,33,0.9090909090909091,1.2727272727272727,3,0.20794422879456403,0.36538461538461536,0.4523809523809524,1.2380952380952381,33.99505330456812,71.15962959628723
blend_treasH_tabm_periodic_kzt_120m_s0_noage_kztcal,2026-01-01,2026,normal,cadence85_cd2,156,156,43,33,0.9393939393939394,1.303030303030303,2,0.19655042268378137,0.36538461538461536,0.4883720930232558,1.3365973072215422,34.98867885814761,72.15325514986672
blend_treasH_tabm_periodic_kzt_120m_s0_noage_kztcal,2026-01-01,2026,oxr_delayed,cadence85_cd2,156,156,42,33,0.9393939393939394,1.2727272727272727,2,0.1964082540346807,0.36538461538461536,0.47619047619047616,1.3032581453634084,42.88915454500021,80.05373083671932
blend_treasH_tabm_periodic_kzt_120m_s1_kztcal,2025-01-01,2025,bank_delayed,legacy,242,242,53,51,0.9215686274509803,1.0392156862745099,4,0.14836878199851183,0.19834710743801653,0.33962264150943394,1.712264150943396,36.23816745494637,7.99186856722626
blend_treasH_tabm_periodic_kzt_120m_s1_kztcal,2025-01-01,2025,both_delayed,legacy,242,242,60,51,0.9411764705882353,1.1764705882352942,3,0.16689917614248273,0.19834710743801653,0.13333333333333333,0.6722222222222222,-0.8185594601218575,-29.064858347841966
blend_treasH_tabm_periodic_kzt_120m_s1_kztcal,2025-01-01,2025,normal,legacy,242,242,52,51,0.9411764705882353,1.0196078431372548,3,0.14447741942565112,0.19834710743801653,0.40384615384615385,2.0360576923076925,48.08321881712135,19.83691992940124
blend_treasH_tabm_periodic_kzt_120m_s1_kztcal,2025-01-01,2025,oxr_delayed,legacy,242,242,60,51,0.9411764705882353,1.1764705882352942,3,0.16115940446073918,0.19834710743801653,0.13333333333333333,0.6722222222222222,-7.916788839524841,-36.16308772724495
blend_treasH_tabm_periodic_kzt_120m_s1_kztcal,2025-01-01,2025,bank_delayed,cadence90_cd3,242,242,53,51,0.9215686274509803,1.0392156862745099,4,0.14836878199851183,0.19834710743801653,0.33962264150943394,1.712264150943396,36.23816745494637,7.99186856722626
blend_treasH_tabm_periodic_kzt_120m_s1_kztcal,2025-01-01,2025,both_delayed,cadence90_cd3,242,242,60,51,0.9411764705882353,1.1764705882352942,3,0.16689917614248273,0.19834710743801653,0.13333333333333333,0.6722222222222222,-0.8185594601218575,-29.064858347841966
blend_treasH_tabm_periodic_kzt_120m_s1_kztcal,2025-01-01,2025,normal,cadence90_cd3,242,242,52,51,0.9411764705882353,1.0196078431372548,3,0.14447741942565112,0.19834710743801653,0.40384615384615385,2.0360576923076925,48.08321881712135,19.83691992940124
blend_treasH_tabm_periodic_kzt_120m_s1_kztcal,2025-01-01,2025,oxr_delayed,cadence90_cd3,242,242,60,51,0.9411764705882353,1.1764705882352942,3,0.16115940446073918,0.19834710743801653,0.13333333333333333,0.6722222222222222,-7.916788839524841,-36.16308772724495
blend_treasH_tabm_periodic_kzt_120m_s1_kztcal,2025-01-01,2025,bank_delayed,cadence90_cd2,242,242,69,51,0.9803921568627451,1.3529411764705883,1,0.14836878199851183,0.19834710743801653,0.2608695652173913,1.3152173913043477,26.45737401299924,-1.7889248747208706
blend_treasH_tabm_periodic_kzt_120m_s1_kztcal,2025-01-01,2025,both_delayed,cadence90_cd2,242,242,80,51,1.0,1.5686274509803921,0,0.16689917614248273,0.19834710743801653,0.225,1.134375,4.055190635665603,-24.191108252054505
blend_treasH_tabm_periodic_kzt_120m_s1_kztcal,2025-01-01,2025,normal,cadence90_cd2,242,242,67,51,0.9803921568627451,1.3137254901960784,1,0.14447741942565112,0.19834710743801653,0.2835820895522388,1.4297263681592038,28.805695669474503,0.5593967817543959
blend_treasH_tabm_periodic_kzt_120m_s1_kztcal,2025-01-01,2025,oxr_delayed,cadence90_cd2,242,242,80,51,0.9803921568627451,1.5686274509803921,1,0.16115940446073918,0.19834710743801653,0.2125,1.0713541666666666,4.658142784769254,-23.588156102950855
blend_treasH_tabm_periodic_kzt_120m_s1_kztcal,2025-01-01,2025,bank_delayed,cadence85_cd2,242,242,64,51,0.9411764705882353,1.2549019607843137,3,0.14836878199851183,0.19834710743801653,0.34375,1.7330729166666665,33.650853487417436,5.404554599697329
blend_treasH_tabm_periodic_kzt_120m_s1_kztcal,2025-01-01,2025,both_delayed,cadence85_cd2,242,242,75,51,0.9803921568627451,1.4705882352941178,1,0.16689917614248273,0.19834710743801653,0.29333333333333333,1.478888888888889,21.522597560742653,-6.723701326977456
blend_treasH_tabm_periodic_kzt_120m_s1_kztcal,2025-01-01,2025,normal,cadence85_cd2,242,242,61,51,0.9215686274509803,1.196078431372549,4,0.14447741942565112,0.19834710743801653,0.3770491803278688,1.9009562841530052,56.012166711705504,27.7658678239854
blend_treasH_tabm_periodic_kzt_120m_s1_kztcal,2025-01-01,2025,oxr_delayed,cadence85_cd2,242,242,78,51,0.9803921568627451,1.5294117647058822,1,0.16115940446073918,0.19834710743801653,0.2692307692307692,1.3573717948717947,18.664057458726628,-9.58224142899348
blend_treasH_tabm_periodic_kzt_120m_s1_kztcal,2026-01-01,2026,bank_delayed,legacy,156,156,36,33,0.9090909090909091,1.0909090909090908,3,0.2076053705278651,0.36538461538461536,0.4444444444444444,1.2163742690058479,23.840197050610257,61.00477334232937
blend_treasH_tabm_periodic_kzt_120m_s1_kztcal,2026-01-01,2026,both_delayed,legacy,156,156,39,33,0.9696969696969697,1.1818181818181819,1,0.20209236556232593,0.36538461538461536,0.3333333333333333,0.9122807017543859,9.935210836592809,47.099787128311924
blend_treasH_tabm_periodic_kzt_120m_s1_kztcal,2026-01-01,2026,normal,legacy,156,156,35,33,0.9696969696969697,1.0606060606060606,1,0.19997756924198426,0.36538461538461536,0.4857142857142857,1.3293233082706768,40.89908666855338,78.0636629602725
blend_treasH_tabm_periodic_kzt_120m_s1_kztcal,2026-01-01,2026,oxr_delayed,legacy,156,156,38,33,0.9393939393939394,1.1515151515151516,2,0.19429274231154936,0.36538461538461536,0.3157894736842105,0.8642659279778393,-8.038315857885639,29.126260433833476
blend_treasH_tabm_periodic_kzt_120m_s1_kztcal,2026-01-01,2026,bank_delayed,cadence90_cd3,156,156,36,33,0.9090909090909091,1.0909090909090908,3,0.2076053705278651,0.36538461538461536,0.3888888888888889,1.064327485380117,15.170454194714374,52.33503048643349
blend_treasH_tabm_periodic_kzt_120m_s1_kztcal,2026-01-01,2026,both_delayed,cadence90_cd3,156,156,39,33,0.9696969696969697,1.1818181818181819,1,0.20209236556232593,0.36538461538461536,0.3333333333333333,0.9122807017543859,9.935210836592809,47.099787128311924
blend_treasH_tabm_periodic_kzt_120m_s1_kztcal,2026-01-01,2026,normal,cadence90_cd3,156,156,35,33,0.9696969696969697,1.0606060606060606,1,0.19997756924198426,0.36538461538461536,0.4857142857142857,1.3293233082706768,40.89908666855338,78.0636629602725
blend_treasH_tabm_periodic_kzt_120m_s1_kztcal,2026-01-01,2026,oxr_delayed,cadence90_cd3,156,156,39,33,0.9696969696969697,1.1818181818181819,1,0.19429274231154936,0.36538461538461536,0.3333333333333333,0.9122807017543859,9.935210836592809,47.099787128311924
blend_treasH_tabm_periodic_kzt_120m_s1_kztcal,2026-01-01,2026,bank_delayed,cadence90_cd2,156,156,43,33,0.9393939393939394,1.303030303030303,2,0.2076053705278651,0.36538461538461536,0.46511627906976744,1.2729498164014688,26.615028793263534,63.77960508498265
blend_treasH_tabm_periodic_kzt_120m_s1_kztcal,2026-01-01,2026,both_delayed,cadence90_cd2,156,156,50,33,1.0,1.5151515151515151,0,0.20209236556232593,0.36538461538461536,0.38,1.04,17.53717358404655,54.701749875765664
blend_treasH_tabm_periodic_kzt_120m_s1_kztcal,2026-01-01,2026,normal,cadence90_cd2,156,156,44,33,0.9696969696969697,1.3333333333333333,1,0.19997756924198426,0.36538461538461536,0.5,1.368421052631579,31.96864434804222,69.13322063976133
blend_treasH_tabm_periodic_kzt_120m_s1_kztcal,2026-01-01,2026,oxr_delayed,cadence90_cd2,156,156,49,33,0.9696969696969697,1.4848484848484849,1,0.19429274231154936,0.36538461538461536,0.40816326530612246,1.117078410311493,2.2152830017566743,39.37985929347579
blend_treasH_tabm_periodic_kzt_120m_s1_kztcal,2026-01-01,2026,bank_delayed,cadence85_cd2,156,156,41,33,0.9090909090909091,1.2424242424242424,3,0.2076053705278651,0.36538461538461536,0.4878048780487805,1.3350449293966624,41.469163221699844,78.63373951341896
blend_treasH_tabm_periodic_kzt_120m_s1_kztcal,2026-01-01,2026,both_delayed,cadence85_cd2,156,156,50,33,1.0,1.5151515151515151,0,0.20209236556232593,0.36538461538461536,0.38,1.04,17.53717358404655,54.701749875765664
blend_treasH_tabm_periodic_kzt_120m_s1_kztcal,2026-01-01,2026,normal,cadence85_cd2,156,156,43,33,0.9696969696969697,1.303030303030303,1,0.19997756924198426,0.36538461538461536,0.4883720930232558,1.3365973072215422,37.78742516336786,74.95200145508697
blend_treasH_tabm_periodic_kzt_120m_s1_kztcal,2026-01-01,2026,oxr_delayed,cadence85_cd2,156,156,49,33,0.9696969696969697,1.4848484848484849,1,0.19429274231154936,0.36538461538461536,0.40816326530612246,1.117078410311493,10.030646216847053,47.19522250856617
blend_treasH_tabm_periodic_kzt_120m_s2_kztcal,2025-01-01,2025,bank_delayed,legacy,242,242,43,51,0.803921568627451,0.8431372549019608,10,0.145240145748199,0.19834710743801653,0.3953488372093023,1.9932170542635657,57.43912637367238,29.19282748595227
blend_treasH_tabm_periodic_kzt_120m_s2_kztcal,2025-01-01,2025,both_delayed,legacy,242,242,60,51,0.9411764705882353,1.1764705882352942,3,0.26008318831449995,0.19834710743801653,0.15,0.75625,-0.8203922012711118,-29.06669108899122
blend_treasH_tabm_periodic_kzt_120m_s2_kztcal,2025-01-01,2025,normal,legacy,242,242,43,51,0.7450980392156863,0.8431372549019608,13,0.14299168164359055,0.19834710743801653,0.3953488372093023,1.9932170542635657,62.25057083256908,34.00427194484897
blend_treasH_tabm_periodic_kzt_120m_s2_kztcal,2025-01-01,2025,oxr_delayed,legacy,242,242,60,51,0.9411764705882353,1.1764705882352942,3,0.2542007772765265,0.19834710743801653,0.15,0.75625,-0.8203922012711118,-29.06669108899122
blend_treasH_tabm_periodic_kzt_120m_s2_kztcal,2025-01-01,2025,bank_delayed,cadence90_cd3,242,242,48,51,0.8431372549019608,0.9411764705882353,8,0.145240145748199,0.19834710743801653,0.375,1.890625,42.16779074425469,13.92149185653458
blend_treasH_tabm_periodic_kzt_120m_s2_kztcal,2025-01-01,2025,both_delayed,cadence90_cd3,242,242,60,51,0.9411764705882353,1.1764705882352942,3,0.26008318831449995,0.19834710743801653,0.15,0.75625,-0.8203922012711118,-29.06669108899122
blend_treasH_tabm_periodic_kzt_120m_s2_kztcal,2025-01-01,2025,normal,cadence90_cd3,242,242,47,51,0.8431372549019608,0.9215686274509803,8,0.14299168164359055,0.19834710743801653,0.2765957446808511,1.3945035460992907,51.4652414712251,23.21894258350499
blend_treasH_tabm_periodic_kzt_120m_s2_kztcal,2025-01-01,2025,oxr_delayed,cadence90_cd3,242,242,60,51,0.9411764705882353,1.1764705882352942,3,0.2542007772765265,0.19834710743801653,0.15,0.75625,-0.8203922012711118,-29.06669108899122
blend_treasH_tabm_periodic_kzt_120m_s2_kztcal,2025-01-01,2025,bank_delayed,cadence90_cd2,242,242,64,51,0.9215686274509803,1.2549019607843137,4,0.145240145748199,0.19834710743801653,0.25,1.2604166666666667,27.330733201204723,-0.9155656865153841
blend_treasH_tabm_periodic_kzt_120m_s2_kztcal,2025-01-01,2025,both_delayed,cadence90_cd2,242,242,80,51,0.9607843137254902,1.5686274509803921,2,0.26008318831449995,0.19834710743801653,0.1375,0.6932291666666667,-18.120635555098794,-46.3669344428189
blend_treasH_tabm_periodic_kzt_120m_s2_kztcal,2025-01-01,2025,normal,cadence90_cd2,242,242,65,51,0.9607843137254902,1.2745098039215685,2,0.14299168164359055,0.19834710743801653,0.27692307692307694,1.3961538461538463,30.638339192373415,2.392040304653307
blend_treasH_tabm_periodic_kzt_120m_s2_kztcal,2025-01-01,2025,oxr_delayed,cadence90_cd2,242,242,80,51,0.9607843137254902,1.5686274509803921,2,0.2542007772765265,0.19834710743801653,0.1375,0.6932291666666667,-18.120635555098794,-46.3669344428189
blend_treasH_tabm_periodic_kzt_120m_s2_kztcal,2025-01-01,2025,bank_delayed,cadence85_cd2,242,242,53,51,0.8431372549019608,1.0392156862745099,8,0.145240145748199,0.19834710743801653,0.33962264150943394,1.712264150943396,45.52718282776351,17.280883940043402
blend_treasH_tabm_periodic_kzt_120m_s2_kztcal,2025-01-01,2025,both_delayed,cadence85_cd2,242,242,80,51,0.9607843137254902,1.5686274509803921,2,0.26008318831449995,0.19834710743801653,0.1375,0.6932291666666667,-18.120635555098794,-46.3669344428189
blend_treasH_tabm_periodic_kzt_120m_s2_kztcal,2025-01-01,2025,normal,cadence85_cd2,242,242,52,51,0.7843137254901961,1.0196078431372548,11,0.14299168164359055,0.19834710743801653,0.38461538461538464,1.939102564102564,58.367155620302825,30.120856732582713
blend_treasH_tabm_periodic_kzt_120m_s2_kztcal,2025-01-01,2025,oxr_delayed,cadence85_cd2,242,242,80,51,0.9607843137254902,1.5686274509803921,2,0.2542007772765265,0.19834710743801653,0.1375,0.6932291666666667,-18.120635555098794,-46.3669344428189
blend_treasH_tabm_periodic_kzt_120m_s2_kztcal,2026-01-01,2026,bank_delayed,legacy,156,156,35,33,0.9090909090909091,1.0606060606060606,3,0.21039702641961283,0.36538461538461536,0.42857142857142855,1.1729323308270676,24.419075561501792,61.58365185322091
blend_treasH_tabm_periodic_kzt_120m_s2_kztcal,2026-01-01,2026,both_delayed,legacy,156,156,35,33,0.9090909090909091,1.0606060606060606,3,0.21389425847391857,0.36538461538461536,0.4857142857142857,1.3293233082706768,33.33652535613754,70.50110164785666
blend_treasH_tabm_periodic_kzt_120m_s2_kztcal,2026-01-01,2026,normal,legacy,156,156,34,33,0.8787878787878788,1.0303030303030303,4,0.19836603111443796,0.36538461538461536,0.5,1.368421052631579,40.875943731259866,78.04052002297898
blend_treasH_tabm_periodic_kzt_120m_s2_kztcal,2026-01-01,2026,oxr_delayed,legacy,156,156,34,33,0.8484848484848485,1.0303030303030303,5,0.20089561180147777,0.36538461538461536,0.47058823529411764,1.2879256965944272,40.22246267582237,77.38703896754149
blend_treasH_tabm_periodic_kzt_120m_s2_kztcal,2026-01-01,2026,bank_delayed,cadence90_cd3,156,156,36,33,0.9090909090909091,1.0909090909090908,3,0.21039702641961283,0.36538461538461536,0.3888888888888889,1.064327485380117,15.170454194714374,52.33503048643349
blend_treasH_tabm_periodic_kzt_120m_s2_kztcal,2026-01-01,2026,both_delayed,cadence90_cd3,156,156,37,33,0.9696969696969697,1.121212121212121,1,0.21389425847391857,0.36538461538461536,0.35135135135135137,0.961593172119488,18.405575923621505,55.57015221534062
blend_treasH_tabm_periodic_kzt_120m_s2_kztcal,2026-01-01,2026,normal,cadence90_cd3,156,156,36,33,1.0,1.0909090909090908,0,0.19836603111443796,0.36538461538461536,0.5,1.368421052631579,49.613349932242514,86.77792622396163
blend_treasH_tabm_periodic_kzt_120m_s2_kztcal,2026-01-01,2026,oxr_delayed,cadence90_cd3,156,156,35,33,0.9393939393939394,1.0606060606060606,2,0.20089561180147777,0.36538461538461536,0.4857142857142857,1.3293233082706768,51.74911630863933,88.91369260035844
blend_treasH_tabm_periodic_kzt_120m_s2_kztcal,2026-01-01,2026,bank_delayed,cadence90_cd2,156,156,42,33,0.9090909090909091,1.2727272727272727,3,0.21039702641961283,0.36538461538461536,0.47619047619047616,1.3032581453634084,43.05187713926587,80.21645343098498
blend_treasH_tabm_periodic_kzt_120m_s2_kztcal,2026-01-01,2026,both_delayed,cadence90_cd2,156,156,40,33,0.8787878787878788,1.2121212121212122,4,0.21389425847391857,0.36538461538461536,0.425,1.1631578947368422,43.252090998056346,80.41666728977546
blend_treasH_tabm_periodic_kzt_120m_s2_kztcal,2026-01-01,2026,normal,cadence90_cd2,156,156,42,33,0.9393939393939394,1.2727272727272727,2,0.19836603111443796,0.36538461538461536,0.5238095238095238,1.4335839598997495,49.01023871527964,86.17481500699876
blend_treasH_tabm_periodic_kzt_120m_s2_kztcal,2026-01-01,2026,oxr_delayed,cadence90_cd2,156,156,42,33,0.9393939393939394,1.2727272727272727,2,0.20089561180147777,0.36538461538461536,0.47619047619047616,1.3032581453634084,42.056809003208826,79.22138529492794
blend_treasH_tabm_periodic_kzt_120m_s2_kztcal,2026-01-01,2026,bank_delayed,cadence85_cd2,156,156,39,33,0.8787878787878788,1.1818181818181819,4,0.21039702641961283,0.36538461538461536,0.46153846153846156,1.2631578947368423,48.818409860629956,85.98298615234907
blend_treasH_tabm_periodic_kzt_120m_s2_kztcal,2026-01-01,2026,both_delayed,cadence85_cd2,156,156,39,33,0.8484848484848485,1.1818181818181819,5,0.21389425847391857,0.36538461538461536,0.4358974358974359,1.192982456140351,43.152652429712305,80.31722872143142
blend_treasH_tabm_periodic_kzt_120m_s2_kztcal,2026-01-01,2026,normal,cadence85_cd2,156,156,40,33,0.8787878787878788,1.2121212121212122,4,0.19836603111443796,0.36538461538461536,0.55,1.505263157894737,66.21511623261752,103.37969252433663
blend_treasH_tabm_periodic_kzt_120m_s2_kztcal,2026-01-01,2026,oxr_delayed,cadence85_cd2,156,156,39,33,0.8484848484848485,1.1818181818181819,5,0.20089561180147777,0.36538461538461536,0.46153846153846156,1.2631578947368423,66.31477200109877,103.47934829281789
blend_treasH_tabm_periodic_kzt_120m_sensemble3_kztcal,2025-01-01,2025,bank_delayed,legacy,242,242,45,51,0.8235294117647058,0.8823529411764706,9,0.146884512159292,0.19834710743801653,0.37777777777777777,1.9046296296296295,48.11430008961665,19.868001201896536
blend_treasH_tabm_periodic_kzt_120m_sensemble3_kztcal,2025-01-01,2025,both_delayed,legacy,242,242,60,51,0.9411764705882353,1.1764705882352942,3,0.2200339097757535,0.19834710743801653,0.15,0.75625,-0.8203922012711118,-29.06669108899122
blend_treasH_tabm_periodic_kzt_120m_sensemble3_kztcal,2025-01-01,2025,normal,legacy,242,242,45,51,0.7843137254901961,0.8823529411764706,11,0.14331361915499416,0.19834710743801653,0.35555555555555557,1.7925925925925925,54.43116078960593,26.184861901885824
blend_treasH_tabm_periodic_kzt_120m_sensemble3_kztcal,2025-01-01,2025,oxr_delayed,legacy,242,242,60,51,0.9411764705882353,1.1764705882352942,3,0.21516085151205525,0.19834710743801653,0.15,0.75625,-0.8203922012711118,-29.06669108899122
blend_treasH_tabm_periodic_kzt_120m_sensemble3_kztcal,2025-01-01,2025,bank_delayed,cadence90_cd3,242,242,46,51,0.8431372549019608,0.9019607843137255,8,0.146884512159292,0.19834710743801653,0.391304347826087,1.9728260869565217,50.93850113221089,22.692202244490776
blend_treasH_tabm_periodic_kzt_120m_sensemble3_kztcal,2025-01-01,2025,both_delayed,cadence90_cd3,242,242,60,51,0.9411764705882353,1.1764705882352942,3,0.2200339097757535,0.19834710743801653,0.15,0.75625,-0.8203922012711118,-29.06669108899122
blend_treasH_tabm_periodic_kzt_120m_sensemble3_kztcal,2025-01-01,2025,normal,cadence90_cd3,242,242,45,51,0.7843137254901961,0.8823529411764706,11,0.14331361915499416,0.19834710743801653,0.35555555555555557,1.7925925925925925,62.27778154494352,34.031482657223414
blend_treasH_tabm_periodic_kzt_120m_sensemble3_kztcal,2025-01-01,2025,oxr_delayed,cadence90_cd3,242,242,60,51,0.9411764705882353,1.1764705882352942,3,0.21516085151205525,0.19834710743801653,0.15,0.75625,-0.8203922012711118,-29.06669108899122
blend_treasH_tabm_periodic_kzt_120m_sensemble3_kztcal,2025-01-01,2025,bank_delayed,cadence90_cd2,242,242,71,51,0.9607843137254902,1.392156862745098,2,0.146884512159292,0.19834710743801653,0.23943661971830985,1.2071596244131455,18.692018901174762,-9.554279986545346
blend_treasH_tabm_periodic_kzt_120m_sensemble3_kztcal,2025-01-01,2025,both_delayed,cadence90_cd2,242,242,81,51,1.0,1.588235294117647,0,0.2200339097757535,0.19834710743801653,0.2345679012345679,1.1826131687242798,11.341007270020317,-16.905291617699792
blend_treasH_tabm_periodic_kzt_120m_sensemble3_kztcal,2025-01-01,2025,normal,cadence90_cd2,242,242,70,51,1.0,1.3725490196078431,0,0.14331361915499416,0.19834710743801653,0.22857142857142856,1.1523809523809523,23.326803359151334,-4.919495528568773
blend_treasH_tabm_periodic_kzt_120m_sensemble3_kztcal,2025-01-01,2025,oxr_delayed,cadence90_cd2,242,242,81,51,1.0,1.588235294117647,0,0.21516085151205525,0.19834710743801653,0.2345679012345679,1.1826131687242798,11.341007270020317,-16.905291617699792
blend_treasH_tabm_periodic_kzt_120m_sensemble3_kztcal,2025-01-01,2025,bank_delayed,cadence85_cd2,242,242,61,51,0.9019607843137255,1.196078431372549,5,0.146884512159292,0.19834710743801653,0.3114754098360656,1.5703551912568305,32.27354759362092,4.027248705900811
blend_treasH_tabm_periodic_kzt_120m_sensemble3_kztcal,2025-01-01,2025,both_delayed,cadence85_cd2,242,242,80,51,0.9607843137254902,1.5686274509803921,2,0.2200339097757535,0.19834710743801653,0.1375,0.6932291666666667,-18.120635555098794,-46.3669344428189
blend_treasH_tabm_periodic_kzt_120m_sensemble3_kztcal,2025-01-01,2025,normal,cadence85_cd2,242,242,58,51,0.8823529411764706,1.1372549019607843,6,0.14331361915499416,0.19834710743801653,0.3448275862068966,1.738505747126437,51.792501376882456,23.54620248916235
blend_treasH_tabm_periodic_kzt_120m_sensemble3_kztcal,2025-01-01,2025,oxr_delayed,cadence85_cd2,242,242,80,51,0.9607843137254902,1.5686274509803921,2,0.21516085151205525,0.19834710743801653,0.1375,0.6932291666666667,-18.120635555098794,-46.3669344428189
blend_treasH_tabm_periodic_kzt_120m_sensemble3_kztcal,2026-01-01,2026,bank_delayed,legacy,156,156,36,33,0.9090909090909091,1.0909090909090908,3,0.2079537284261159,0.36538461538461536,0.4444444444444444,1.2163742690058479,23.37210747143697,60.536683763156084
blend_treasH_tabm_periodic_kzt_120m_sensemble3_kztcal,2026-01-01,2026,both_delayed,legacy,156,156,37,33,0.9696969696969697,1.121212121212121,1,0.20367060154029926,0.36538461538461536,0.35135135135135137,0.961593172119488,20.986823308212635,58.15139959993175
blend_treasH_tabm_periodic_kzt_120m_sensemble3_kztcal,2026-01-01,2026,normal,legacy,156,156,34,33,0.8787878787878788,1.0303030303030303,4,0.196641771731045,0.36538461538461536,0.5,1.368421052631579,40.875943731259866,78.04052002297898
blend_treasH_tabm_periodic_kzt_120m_sensemble3_kztcal,2026-01-01,2026,oxr_delayed,legacy,156,156,36,33,1.0,1.0909090909090908,0,0.19183554184968746,0.36538461538461536,0.5,1.368421052631579,50.081439511415795,87.24601580313491
blend_treasH_tabm_periodic_kzt_120m_sensemble3_kztcal,2026-01-01,2026,bank_delayed,cadence90_cd3,156,156,36,33,0.9090909090909091,1.0909090909090908,3,0.2079537284261159,0.36538461538461536,0.3888888888888889,1.064327485380117,15.170454194714374,52.33503048643349
blend_treasH_tabm_periodic_kzt_120m_sensemble3_kztcal,2026-01-01,2026,both_delayed,cadence90_cd3,156,156,38,33,0.9696969696969697,1.1515151515151516,1,0.20367060154029926,0.36538461538461536,0.34210526315789475,0.9362880886426593,12.56118693119955,49.725763222918665
blend_treasH_tabm_periodic_kzt_120m_sensemble3_kztcal,2026-01-01,2026,normal,cadence90_cd3,156,156,36,33,1.0,1.0909090909090908,0,0.196641771731045,0.36538461538461536,0.5,1.368421052631579,50.081439511415795,87.24601580313491
blend_treasH_tabm_periodic_kzt_120m_sensemble3_kztcal,2026-01-01,2026,oxr_delayed,cadence90_cd3,156,156,36,33,0.9696969696969697,1.0909090909090908,1,0.19183554184968746,0.36538461538461536,0.4722222222222222,1.2923976608187135,43.57374924653142,80.73832553825054
blend_treasH_tabm_periodic_kzt_120m_sensemble3_kztcal,2026-01-01,2026,bank_delayed,cadence90_cd2,156,156,42,33,0.9090909090909091,1.2727272727272727,3,0.2079537284261159,0.36538461538461536,0.5,1.368421052631579,45.073752585629364,82.23832887734848
blend_treasH_tabm_periodic_kzt_120m_sensemble3_kztcal,2026-01-01,2026,both_delayed,cadence90_cd2,156,156,46,33,0.9696969696969697,1.393939393939394,1,0.20367060154029926,0.36538461538461536,0.45652173913043476,1.2494279176201373,24.14306847690421,61.30764476862333
blend_treasH_tabm_periodic_kzt_120m_sensemble3_kztcal,2026-01-01,2026,normal,cadence90_cd2,156,156,44,33,0.9696969696969697,1.3333333333333333,1,0.196641771731045,0.36538461538461536,0.5,1.368421052631579,37.23054142222033,74.39511771393944
blend_treasH_tabm_periodic_kzt_120m_sensemble3_kztcal,2026-01-01,2026,oxr_delayed,cadence90_cd2,156,156,45,33,0.9393939393939394,1.3636363636363635,2,0.19183554184968746,0.36538461538461536,0.5111111111111111,1.3988304093567252,31.01342463279822,68.17800092451733
blend_treasH_tabm_periodic_kzt_120m_sensemble3_kztcal,2026-01-01,2026,bank_delayed,cadence85_cd2,156,156,42,33,0.9090909090909091,1.2727272727272727,3,0.2079537284261159,0.36538461538461536,0.5,1.368421052631579,45.073752585629364,82.23832887734848
blend_treasH_tabm_periodic_kzt_120m_sensemble3_kztcal,2026-01-01,2026,both_delayed,cadence85_cd2,156,156,46,33,0.9696969696969697,1.393939393939394,1,0.20367060154029926,0.36538461538461536,0.45652173913043476,1.2494279176201373,24.14306847690421,61.30764476862333
blend_treasH_tabm_periodic_kzt_120m_sensemble3_kztcal,2026-01-01,2026,normal,cadence85_cd2,156,156,44,33,0.9696969696969697,1.3333333333333333,1,0.196641771731045,0.36538461538461536,0.5,1.368421052631579,37.23054142222033,74.39511771393944
blend_treasH_tabm_periodic_kzt_120m_sensemble3_kztcal,2026-01-01,2026,oxr_delayed,cadence85_cd2,156,156,45,33,0.9393939393939394,1.3636363636363635,2,0.19183554184968746,0.36538461538461536,0.5111111111111111,1.3988304093567252,31.01342463279822,68.17800092451733
blend_treasH_tabm_periodic_pooled_120m_s0_kztcal,2025-01-01,2025,bank_delayed,legacy,242,242,49,51,0.8823529411764706,0.9607843137254902,6,0.1496189513498362,0.19834710743801653,0.3673469387755102,1.8520408163265307,42.27246053375782,14.02616164603771
blend_treasH_tabm_periodic_pooled_120m_s0_kztcal,2025-01-01,2025,both_delayed,legacy,242,242,49,51,0.8823529411764706,0.9607843137254902,6,0.1496189513498362,0.19834710743801653,0.3673469387755102,1.8520408163265307,42.27246053375782,14.02616164603771
blend_treasH_tabm_periodic_pooled_120m_s0_kztcal,2025-01-01,2025,normal,legacy,242,242,49,51,0.8823529411764706,0.9607843137254902,6,0.14520370141594133,0.19834710743801653,0.3469387755102041,1.7491496598639455,49.64107048890146,21.394771601181358
blend_treasH_tabm_periodic_pooled_120m_s0_kztcal,2025-01-01,2025,oxr_delayed,legacy,242,242,49,51,0.8823529411764706,0.9607843137254902,6,0.14520370141594133,0.19834710743801653,0.3469387755102041,1.7491496598639455,49.64107048890146,21.394771601181358
blend_treasH_tabm_periodic_pooled_120m_s0_kztcal,2025-01-01,2025,bank_delayed,cadence90_cd3,242,242,51,51,0.9019607843137255,1.0,5,0.1496189513498362,0.19834710743801653,0.29411764705882354,1.482843137254902,41.23227160441323,12.985972716693118
blend_treasH_tabm_periodic_pooled_120m_s0_kztcal,2025-01-01,2025,both_delayed,cadence90_cd3,242,242,51,51,0.9019607843137255,1.0,5,0.1496189513498362,0.19834710743801653,0.29411764705882354,1.482843137254902,41.23227160441323,12.985972716693118
blend_treasH_tabm_periodic_pooled_120m_s0_kztcal,2025-01-01,2025,normal,cadence90_cd3,242,242,50,51,0.9019607843137255,0.9803921568627451,5,0.14520370141594133,0.19834710743801653,0.34,1.7141666666666668,44.830115982128675,16.58381709440857
blend_treasH_tabm_periodic_pooled_120m_s0_kztcal,2025-01-01,2025,oxr_delayed,cadence90_cd3,242,242,50,51,0.9019607843137255,0.9803921568627451,5,0.14520370141594133,0.19834710743801653,0.34,1.7141666666666668,44.830115982128675,16.58381709440857
blend_treasH_tabm_periodic_pooled_120m_s0_kztcal,2025-01-01,2025,bank_delayed,cadence90_cd2,242,242,66,51,0.9607843137254902,1.2941176470588236,2,0.1496189513498362,0.19834710743801653,0.30303030303030304,1.5277777777777777,25.96269058622118,-2.283608301498929
blend_treasH_tabm_periodic_pooled_120m_s0_kztcal,2025-01-01,2025,both_delayed,cadence90_cd2,242,242,66,51,0.9607843137254902,1.2941176470588236,2,0.1496189513498362,0.19834710743801653,0.30303030303030304,1.5277777777777777,25.96269058622118,-2.283608301498929
blend_treasH_tabm_periodic_pooled_120m_s0_kztcal,2025-01-01,2025,normal,cadence90_cd2,242,242,64,51,0.9803921568627451,1.2549019607843137,1,0.14520370141594133,0.19834710743801653,0.296875,1.4967447916666665,32.38538912935907,4.139090241638957
blend_treasH_tabm_periodic_pooled_120m_s0_kztcal,2025-01-01,2025,oxr_delayed,cadence90_cd2,242,242,64,51,0.9803921568627451,1.2549019607843137,1,0.14520370141594133,0.19834710743801653,0.296875,1.4967447916666665,32.38538912935907,4.139090241638957
blend_treasH_tabm_periodic_pooled_120m_s0_kztcal,2025-01-01,2025,bank_delayed,cadence85_cd2,242,242,58,51,0.8823529411764706,1.1372549019607843,6,0.1496189513498362,0.19834710743801653,0.3620689655172414,1.8254310344827587,32.966153567186126,4.719854679466017
blend_treasH_tabm_periodic_pooled_120m_s0_kztcal,2025-01-01,2025,both_delayed,cadence85_cd2,242,242,58,51,0.8823529411764706,1.1372549019607843,6,0.1496189513498362,0.19834710743801653,0.3620689655172414,1.8254310344827587,32.966153567186126,4.719854679466017
blend_treasH_tabm_periodic_pooled_120m_s0_kztcal,2025-01-01,2025,normal,cadence85_cd2,242,242,58,51,0.8823529411764706,1.1372549019607843,6,0.14520370141594133,0.19834710743801653,0.41379310344827586,2.086206896551724,60.167968433012916,31.92166954529281
blend_treasH_tabm_periodic_pooled_120m_s0_kztcal,2025-01-01,2025,oxr_delayed,cadence85_cd2,242,242,58,51,0.8823529411764706,1.1372549019607843,6,0.14520370141594133,0.19834710743801653,0.41379310344827586,2.086206896551724,60.167968433012916,31.92166954529281
blend_treasH_tabm_periodic_pooled_120m_s0_kztcal,2026-01-01,2026,bank_delayed,legacy,156,156,35,33,0.9393939393939394,1.0606060606060606,2,0.22412338268529702,0.36538461538461536,0.45714285714285713,1.2511278195488722,32.1392333404587,69.30380963217782
blend_treasH_tabm_periodic_pooled_120m_s0_kztcal,2026-01-01,2026,both_delayed,legacy,156,156,35,33,0.9393939393939394,1.0606060606060606,2,0.22382909367633816,0.36538461538461536,0.45714285714285713,1.2511278195488722,32.1392333404587,69.30380963217782
blend_treasH_tabm_periodic_pooled_120m_s0_kztcal,2026-01-01,2026,normal,legacy,156,156,35,33,0.9393939393939394,1.0606060606060606,2,0.21847931143599433,0.36538461538461536,0.5142857142857142,1.4075187969924812,28.87852613327108,66.0431024249902
blend_treasH_tabm_periodic_pooled_120m_s0_kztcal,2026-01-01,2026,oxr_delayed,legacy,156,156,35,33,0.9393939393939394,1.0606060606060606,2,0.2182398775243312,0.36538461538461536,0.5142857142857142,1.4075187969924812,28.87852613327108,66.0431024249902
blend_treasH_tabm_periodic_pooled_120m_s0_kztcal,2026-01-01,2026,bank_delayed,cadence90_cd3,156,156,37,33,1.0,1.121212121212121,0,0.22412338268529702,0.36538461538461536,0.4594594594594595,1.2574679943100997,22.371472398676296,59.53604869039541
blend_treasH_tabm_periodic_pooled_120m_s0_kztcal,2026-01-01,2026,both_delayed,cadence90_cd3,156,156,37,33,1.0,1.121212121212121,0,0.22382909367633816,0.36538461538461536,0.4594594594594595,1.2574679943100997,22.371472398676296,59.53604869039541
blend_treasH_tabm_periodic_pooled_120m_s0_kztcal,2026-01-01,2026,normal,cadence90_cd3,156,156,35,33,0.9696969696969697,1.0606060606060606,1,0.21847931143599433,0.36538461538461536,0.4857142857142857,1.3293233082706768,31.125329502984087,68.2899057947032
blend_treasH_tabm_periodic_pooled_120m_s0_kztcal,2026-01-01,2026,oxr_delayed,cadence90_cd3,156,156,35,33,0.9696969696969697,1.0606060606060606,1,0.2182398775243312,0.36538461538461536,0.4857142857142857,1.3293233082706768,31.125329502984087,68.2899057947032
blend_treasH_tabm_periodic_pooled_120m_s0_kztcal,2026-01-01,2026,bank_delayed,cadence90_cd2,156,156,42,33,0.8787878787878788,1.2727272727272727,4,0.22412338268529702,0.36538461538461536,0.40476190476190477,1.1077694235588973,32.77043910837202,69.93501540009113
blend_treasH_tabm_periodic_pooled_120m_s0_kztcal,2026-01-01,2026,both_delayed,cadence90_cd2,156,156,42,33,0.8787878787878788,1.2727272727272727,4,0.22382909367633816,0.36538461538461536,0.40476190476190477,1.1077694235588973,32.77043910837202,69.93501540009113
blend_treasH_tabm_periodic_pooled_120m_s0_kztcal,2026-01-01,2026,normal,cadence90_cd2,156,156,43,33,0.9393939393939394,1.303030303030303,2,0.21847931143599433,0.36538461538461536,0.4186046511627907,1.145654834761322,28.125816590080674,65.29039288179979
blend_treasH_tabm_periodic_pooled_120m_s0_kztcal,2026-01-01,2026,oxr_delayed,cadence90_cd2,156,156,43,33,0.9393939393939394,1.303030303030303,2,0.2182398775243312,0.36538461538461536,0.4186046511627907,1.145654834761322,28.125816590080674,65.29039288179979
blend_treasH_tabm_periodic_pooled_120m_s0_kztcal,2026-01-01,2026,bank_delayed,cadence85_cd2,156,156,42,33,0.9090909090909091,1.2727272727272727,3,0.22412338268529702,0.36538461538461536,0.40476190476190477,1.1077694235588973,31.091521511014165,68.25609780273328
blend_treasH_tabm_periodic_pooled_120m_s0_kztcal,2026-01-01,2026,both_delayed,cadence85_cd2,156,156,42,33,0.9090909090909091,1.2727272727272727,3,0.22382909367633816,0.36538461538461536,0.40476190476190477,1.1077694235588973,31.091521511014165,68.25609780273328
blend_treasH_tabm_periodic_pooled_120m_s0_kztcal,2026-01-01,2026,normal,cadence85_cd2,156,156,41,33,0.8787878787878788,1.2424242424242424,4,0.21847931143599433,0.36538461538461536,0.4634146341463415,1.2682926829268295,41.599544617555466,78.76412090927458
blend_treasH_tabm_periodic_pooled_120m_s0_kztcal,2026-01-01,2026,oxr_delayed,cadence85_cd2,156,156,41,33,0.8787878787878788,1.2424242424242424,4,0.2182398775243312,0.36538461538461536,0.4634146341463415,1.2682926829268295,41.599544617555466,78.76412090927458
blend_treasH_tabm_periodic_pooled_120m_s0_pooledcal,2025-01-01,2025,bank_delayed,legacy,242,242,49,51,0.8823529411764706,0.9607843137254902,6,0.1496189513498362,0.19834710743801653,0.3673469387755102,1.8520408163265307,42.27246053375782,14.02616164603771
blend_treasH_tabm_periodic_pooled_120m_s0_pooledcal,2025-01-01,2025,both_delayed,legacy,242,242,49,51,0.8823529411764706,0.9607843137254902,6,0.1496189513498362,0.19834710743801653,0.3673469387755102,1.8520408163265307,42.27246053375782,14.02616164603771
blend_treasH_tabm_periodic_pooled_120m_s0_pooledcal,2025-01-01,2025,normal,legacy,242,242,49,51,0.8823529411764706,0.9607843137254902,6,0.14520370141594133,0.19834710743801653,0.3469387755102041,1.7491496598639455,49.64107048890146,21.394771601181358
blend_treasH_tabm_periodic_pooled_120m_s0_pooledcal,2025-01-01,2025,oxr_delayed,legacy,242,242,49,51,0.8823529411764706,0.9607843137254902,6,0.14520370141594133,0.19834710743801653,0.3469387755102041,1.7491496598639455,49.64107048890146,21.394771601181358
blend_treasH_tabm_periodic_pooled_120m_s0_pooledcal,2025-01-01,2025,bank_delayed,cadence90_cd3,242,242,51,51,0.9019607843137255,1.0,5,0.1496189513498362,0.19834710743801653,0.29411764705882354,1.482843137254902,41.23227160441323,12.985972716693118
blend_treasH_tabm_periodic_pooled_120m_s0_pooledcal,2025-01-01,2025,both_delayed,cadence90_cd3,242,242,51,51,0.9019607843137255,1.0,5,0.1496189513498362,0.19834710743801653,0.29411764705882354,1.482843137254902,41.23227160441323,12.985972716693118
blend_treasH_tabm_periodic_pooled_120m_s0_pooledcal,2025-01-01,2025,normal,cadence90_cd3,242,242,50,51,0.9019607843137255,0.9803921568627451,5,0.14520370141594133,0.19834710743801653,0.34,1.7141666666666668,44.830115982128675,16.58381709440857
blend_treasH_tabm_periodic_pooled_120m_s0_pooledcal,2025-01-01,2025,oxr_delayed,cadence90_cd3,242,242,50,51,0.9019607843137255,0.9803921568627451,5,0.14520370141594133,0.19834710743801653,0.34,1.7141666666666668,44.830115982128675,16.58381709440857
blend_treasH_tabm_periodic_pooled_120m_s0_pooledcal,2025-01-01,2025,bank_delayed,cadence90_cd2,242,242,66,51,0.9607843137254902,1.2941176470588236,2,0.1496189513498362,0.19834710743801653,0.30303030303030304,1.5277777777777777,25.96269058622118,-2.283608301498929
blend_treasH_tabm_periodic_pooled_120m_s0_pooledcal,2025-01-01,2025,both_delayed,cadence90_cd2,242,242,66,51,0.9607843137254902,1.2941176470588236,2,0.1496189513498362,0.19834710743801653,0.30303030303030304,1.5277777777777777,25.96269058622118,-2.283608301498929
blend_treasH_tabm_periodic_pooled_120m_s0_pooledcal,2025-01-01,2025,normal,cadence90_cd2,242,242,64,51,0.9803921568627451,1.2549019607843137,1,0.14520370141594133,0.19834710743801653,0.296875,1.4967447916666665,32.38538912935907,4.139090241638957
blend_treasH_tabm_periodic_pooled_120m_s0_pooledcal,2025-01-01,2025,oxr_delayed,cadence90_cd2,242,242,64,51,0.9803921568627451,1.2549019607843137,1,0.14520370141594133,0.19834710743801653,0.296875,1.4967447916666665,32.38538912935907,4.139090241638957
blend_treasH_tabm_periodic_pooled_120m_s0_pooledcal,2025-01-01,2025,bank_delayed,cadence85_cd2,242,242,58,51,0.8823529411764706,1.1372549019607843,6,0.1496189513498362,0.19834710743801653,0.3620689655172414,1.8254310344827587,32.966153567186126,4.719854679466017
blend_treasH_tabm_periodic_pooled_120m_s0_pooledcal,2025-01-01,2025,both_delayed,cadence85_cd2,242,242,58,51,0.8823529411764706,1.1372549019607843,6,0.1496189513498362,0.19834710743801653,0.3620689655172414,1.8254310344827587,32.966153567186126,4.719854679466017
blend_treasH_tabm_periodic_pooled_120m_s0_pooledcal,2025-01-01,2025,normal,cadence85_cd2,242,242,58,51,0.8823529411764706,1.1372549019607843,6,0.14520370141594133,0.19834710743801653,0.41379310344827586,2.086206896551724,60.167968433012916,31.92166954529281
blend_treasH_tabm_periodic_pooled_120m_s0_pooledcal,2025-01-01,2025,oxr_delayed,cadence85_cd2,242,242,58,51,0.8823529411764706,1.1372549019607843,6,0.14520370141594133,0.19834710743801653,0.41379310344827586,2.086206896551724,60.167968433012916,31.92166954529281
blend_treasH_tabm_periodic_pooled_120m_s0_pooledcal,2026-01-01,2026,bank_delayed,legacy,156,156,35,33,0.9393939393939394,1.0606060606060606,2,0.22322752396524242,0.36538461538461536,0.45714285714285713,1.2511278195488722,32.1392333404587,69.30380963217782
blend_treasH_tabm_periodic_pooled_120m_s0_pooledcal,2026-01-01,2026,both_delayed,legacy,156,156,35,33,0.9393939393939394,1.0606060606060606,2,0.22296221232519534,0.36538461538461536,0.45714285714285713,1.2511278195488722,32.1392333404587,69.30380963217782
blend_treasH_tabm_periodic_pooled_120m_s0_pooledcal,2026-01-01,2026,normal,legacy,156,156,35,33,0.9393939393939394,1.0606060606060606,2,0.21770188504770013,0.36538461538461536,0.5142857142857142,1.4075187969924812,28.87852613327108,66.0431024249902
blend_treasH_tabm_periodic_pooled_120m_s0_pooledcal,2026-01-01,2026,oxr_delayed,legacy,156,156,35,33,0.9393939393939394,1.0606060606060606,2,0.21749020007637818,0.36538461538461536,0.5142857142857142,1.4075187969924812,28.87852613327108,66.0431024249902
blend_treasH_tabm_periodic_pooled_120m_s0_pooledcal,2026-01-01,2026,bank_delayed,cadence90_cd3,156,156,37,33,1.0,1.121212121212121,0,0.22322752396524242,0.36538461538461536,0.4594594594594595,1.2574679943100997,22.371472398676296,59.53604869039541
blend_treasH_tabm_periodic_pooled_120m_s0_pooledcal,2026-01-01,2026,both_delayed,cadence90_cd3,156,156,37,33,1.0,1.121212121212121,0,0.22296221232519534,0.36538461538461536,0.4594594594594595,1.2574679943100997,22.371472398676296,59.53604869039541
blend_treasH_tabm_periodic_pooled_120m_s0_pooledcal,2026-01-01,2026,normal,cadence90_cd3,156,156,35,33,0.9696969696969697,1.0606060606060606,1,0.21770188504770013,0.36538461538461536,0.4857142857142857,1.3293233082706768,31.125329502984087,68.2899057947032
blend_treasH_tabm_periodic_pooled_120m_s0_pooledcal,2026-01-01,2026,oxr_delayed,cadence90_cd3,156,156,35,33,0.9696969696969697,1.0606060606060606,1,0.21749020007637818,0.36538461538461536,0.4857142857142857,1.3293233082706768,31.125329502984087,68.2899057947032
blend_treasH_tabm_periodic_pooled_120m_s0_pooledcal,2026-01-01,2026,bank_delayed,cadence90_cd2,156,156,42,33,0.8787878787878788,1.2727272727272727,4,0.22322752396524242,0.36538461538461536,0.40476190476190477,1.1077694235588973,32.77043910837202,69.93501540009113
blend_treasH_tabm_periodic_pooled_120m_s0_pooledcal,2026-01-01,2026,both_delayed,cadence90_cd2,156,156,42,33,0.8787878787878788,1.2727272727272727,4,0.22296221232519534,0.36538461538461536,0.40476190476190477,1.1077694235588973,32.77043910837202,69.93501540009113
blend_treasH_tabm_periodic_pooled_120m_s0_pooledcal,2026-01-01,2026,normal,cadence90_cd2,156,156,43,33,0.9393939393939394,1.303030303030303,2,0.21770188504770013,0.36538461538461536,0.4186046511627907,1.145654834761322,28.125816590080674,65.29039288179979
blend_treasH_tabm_periodic_pooled_120m_s0_pooledcal,2026-01-01,2026,oxr_delayed,cadence90_cd2,156,156,43,33,0.9393939393939394,1.303030303030303,2,0.21749020007637818,0.36538461538461536,0.4186046511627907,1.145654834761322,28.125816590080674,65.29039288179979
blend_treasH_tabm_periodic_pooled_120m_s0_pooledcal,2026-01-01,2026,bank_delayed,cadence85_cd2,156,156,42,33,0.9090909090909091,1.2727272727272727,3,0.22322752396524242,0.36538461538461536,0.40476190476190477,1.1077694235588973,31.091521511014165,68.25609780273328
blend_treasH_tabm_periodic_pooled_120m_s0_pooledcal,2026-01-01,2026,both_delayed,cadence85_cd2,156,156,42,33,0.9090909090909091,1.2727272727272727,3,0.22296221232519534,0.36538461538461536,0.40476190476190477,1.1077694235588973,31.091521511014165,68.25609780273328
blend_treasH_tabm_periodic_pooled_120m_s0_pooledcal,2026-01-01,2026,normal,cadence85_cd2,156,156,41,33,0.8787878787878788,1.2424242424242424,4,0.21770188504770013,0.36538461538461536,0.4634146341463415,1.2682926829268295,41.599544617555466,78.76412090927458
blend_treasH_tabm_periodic_pooled_120m_s0_pooledcal,2026-01-01,2026,oxr_delayed,cadence85_cd2,156,156,41,33,0.8787878787878788,1.2424242424242424,4,0.21749020007637818,0.36538461538461536,0.4634146341463415,1.2682926829268295,41.599544617555466,78.76412090927458
blend_treasH_tabm_periodic_pooled_24m_s0_kztcal,2025-01-01,2025,bank_delayed,legacy,242,242,52,51,0.9019607843137255,1.0196078431372548,5,0.14906955435088406,0.19834710743801653,0.3076923076923077,1.5512820512820513,32.44747661372435,4.201177726004237
blend_treasH_tabm_periodic_pooled_24m_s0_kztcal,2025-01-01,2025,both_delayed,legacy,242,242,60,51,0.9411764705882353,1.1764705882352942,3,0.1730412836904156,0.19834710743801653,0.13333333333333333,0.6722222222222222,-7.963326477810057,-36.209625365530165
blend_treasH_tabm_periodic_pooled_24m_s0_kztcal,2025-01-01,2025,normal,legacy,242,242,50,51,0.9019607843137255,0.9803921568627451,5,0.14749271244971965,0.19834710743801653,0.34,1.7141666666666668,33.33389820867042,5.0875993209503125
blend_treasH_tabm_periodic_pooled_24m_s0_kztcal,2025-01-01,2025,oxr_delayed,legacy,242,242,60,51,0.9411764705882353,1.1764705882352942,3,0.1721528773975631,0.19834710743801653,0.13333333333333333,0.6722222222222222,-7.963326477810057,-36.209625365530165
blend_treasH_tabm_periodic_pooled_24m_s0_kztcal,2025-01-01,2025,bank_delayed,cadence90_cd3,242,242,52,51,0.9019607843137255,1.0196078431372548,5,0.14906955435088406,0.19834710743801653,0.3076923076923077,1.5512820512820513,29.923166089880624,1.6768672021605144
blend_treasH_tabm_periodic_pooled_24m_s0_kztcal,2025-01-01,2025,both_delayed,cadence90_cd3,242,242,60,51,0.9411764705882353,1.1764705882352942,3,0.1730412836904156,0.19834710743801653,0.13333333333333333,0.6722222222222222,-7.963326477810057,-36.209625365530165
blend_treasH_tabm_periodic_pooled_24m_s0_kztcal,2025-01-01,2025,normal,cadence90_cd3,242,242,52,51,0.9019607843137255,1.0196078431372548,5,0.14749271244971965,0.19834710743801653,0.34615384615384615,1.7451923076923077,21.53504319929966,-6.711255688420447
blend_treasH_tabm_periodic_pooled_24m_s0_kztcal,2025-01-01,2025,oxr_delayed,cadence90_cd3,242,242,60,51,0.9411764705882353,1.1764705882352942,3,0.1721528773975631,0.19834710743801653,0.13333333333333333,0.6722222222222222,-7.963326477810057,-36.209625365530165
blend_treasH_tabm_periodic_pooled_24m_s0_kztcal,2025-01-01,2025,bank_delayed,cadence90_cd2,242,242,67,51,0.9607843137254902,1.3137254901960784,2,0.14906955435088406,0.19834710743801653,0.2537313432835821,1.279228855721393,29.730715596687183,1.484416708967076
blend_treasH_tabm_periodic_pooled_24m_s0_kztcal,2025-01-01,2025,both_delayed,cadence90_cd2,242,242,81,51,1.0,1.588235294117647,0,0.1730412836904156,0.19834710743801653,0.2345679012345679,1.1826131687242798,11.341007270020317,-16.905291617699792
blend_treasH_tabm_periodic_pooled_24m_s0_kztcal,2025-01-01,2025,normal,cadence90_cd2,242,242,67,51,0.9607843137254902,1.3137254901960784,2,0.14749271244971965,0.19834710743801653,0.29850746268656714,1.5049751243781093,28.53990091033487,0.29360202261476287
blend_treasH_tabm_periodic_pooled_24m_s0_kztcal,2025-01-01,2025,oxr_delayed,cadence90_cd2,242,242,81,51,1.0,1.588235294117647,0,0.1721528773975631,0.19834710743801653,0.2345679012345679,1.1826131687242798,11.341007270020317,-16.905291617699792
blend_treasH_tabm_periodic_pooled_24m_s0_kztcal,2025-01-01,2025,bank_delayed,cadence85_cd2,242,242,67,51,0.9607843137254902,1.3137254901960784,2,0.14906955435088406,0.19834710743801653,0.2537313432835821,1.279228855721393,29.730715596687183,1.484416708967076
blend_treasH_tabm_periodic_pooled_24m_s0_kztcal,2025-01-01,2025,both_delayed,cadence85_cd2,242,242,81,51,1.0,1.588235294117647,0,0.1730412836904156,0.19834710743801653,0.2345679012345679,1.1826131687242798,11.341007270020317,-16.905291617699792
blend_treasH_tabm_periodic_pooled_24m_s0_kztcal,2025-01-01,2025,normal,cadence85_cd2,242,242,67,51,0.9607843137254902,1.3137254901960784,2,0.14749271244971965,0.19834710743801653,0.29850746268656714,1.5049751243781093,28.53990091033487,0.29360202261476287
blend_treasH_tabm_periodic_pooled_24m_s0_kztcal,2025-01-01,2025,oxr_delayed,cadence85_cd2,242,242,81,51,1.0,1.588235294117647,0,0.1721528773975631,0.19834710743801653,0.2345679012345679,1.1826131687242798,11.341007270020317,-16.905291617699792
blend_treasH_tabm_periodic_pooled_24m_s0_kztcal,2026-01-01,2026,bank_delayed,legacy,156,156,34,33,0.8787878787878788,1.0303030303030303,4,0.22844264642540082,0.36538461538461536,0.4117647058823529,1.1269349845201238,34.571664833878955,71.73624112559807
blend_treasH_tabm_periodic_pooled_24m_s0_kztcal,2026-01-01,2026,both_delayed,legacy,156,156,35,33,0.9696969696969697,1.0606060606060606,1,0.22326119033712435,0.36538461538461536,0.4857142857142857,1.3293233082706768,32.774043508598,69.93861980031711
blend_treasH_tabm_periodic_pooled_24m_s0_kztcal,2026-01-01,2026,normal,legacy,156,156,34,33,0.9393939393939394,1.0303030303030303,2,0.22357314577255621,0.36538461538461536,0.4411764705882353,1.2074303405572755,48.67024917998282,85.83482547170193
blend_treasH_tabm_periodic_pooled_24m_s0_kztcal,2026-01-01,2026,oxr_delayed,legacy,156,156,35,33,0.9696969696969697,1.0606060606060606,1,0.21829150649110632,0.36538461538461536,0.5142857142857142,1.4075187969924812,41.44313638361234,78.60771267533146
blend_treasH_tabm_periodic_pooled_24m_s0_kztcal,2026-01-01,2026,bank_delayed,cadence90_cd3,156,156,36,33,0.9696969696969697,1.0909090909090908,1,0.22844264642540082,0.36538461538461536,0.4444444444444444,1.2163742690058479,19.451551880435424,56.61612817215454
blend_treasH_tabm_periodic_pooled_24m_s0_kztcal,2026-01-01,2026,both_delayed,cadence90_cd3,156,156,38,33,0.9393939393939394,1.1515151515151516,2,0.22326119033712435,0.36538461538461536,0.34210526315789475,0.9362880886426593,8.350589579042577,45.51516587076169
blend_treasH_tabm_periodic_pooled_24m_s0_kztcal,2026-01-01,2026,normal,cadence90_cd3,156,156,35,33,0.9393939393939394,1.0606060606060606,2,0.22357314577255621,0.36538461538461536,0.42857142857142855,1.1729323308270676,30.706816272281372,67.87139256400049
blend_treasH_tabm_periodic_pooled_24m_s0_kztcal,2026-01-01,2026,oxr_delayed,cadence90_cd3,156,156,36,33,0.9393939393939394,1.0909090909090908,2,0.21829150649110632,0.36538461538461536,0.4166666666666667,1.1403508771929827,23.250936784209124,60.41551307592824
blend_treasH_tabm_periodic_pooled_24m_s0_kztcal,2026-01-01,2026,bank_delayed,cadence90_cd2,156,156,42,33,0.8787878787878788,1.2727272727272727,4,0.22844264642540082,0.36538461538461536,0.40476190476190477,1.1077694235588973,32.77043910837202,69.93501540009113
blend_treasH_tabm_periodic_pooled_24m_s0_kztcal,2026-01-01,2026,both_delayed,cadence90_cd2,156,156,43,33,0.8787878787878788,1.303030303030303,4,0.22326119033712435,0.36538461538461536,0.4186046511627907,1.145654834761322,38.530026000276365,75.69460229199548
blend_treasH_tabm_periodic_pooled_24m_s0_kztcal,2026-01-01,2026,normal,cadence90_cd2,156,156,42,33,0.8787878787878788,1.2727272727272727,4,0.22357314577255621,0.36538461538461536,0.40476190476190477,1.1077694235588973,32.77043910837202,69.93501540009113
blend_treasH_tabm_periodic_pooled_24m_s0_kztcal,2026-01-01,2026,oxr_delayed,cadence90_cd2,156,156,43,33,0.9393939393939394,1.303030303030303,2,0.21829150649110632,0.36538461538461536,0.4186046511627907,1.145654834761322,28.125816590080674,65.29039288179979
blend_treasH_tabm_periodic_pooled_24m_s0_kztcal,2026-01-01,2026,bank_delayed,cadence85_cd2,156,156,41,33,0.8484848484848485,1.2424242424242424,5,0.22844264642540082,0.36538461538461536,0.4146341463414634,1.134788189987163,37.421719155251964,74.58629544697108
blend_treasH_tabm_periodic_pooled_24m_s0_kztcal,2026-01-01,2026,both_delayed,cadence85_cd2,156,156,43,33,0.9090909090909091,1.303030303030303,3,0.22326119033712435,0.36538461538461536,0.3953488372093023,1.0820073439412485,33.296516047935654,70.46109233965477
blend_treasH_tabm_periodic_pooled_24m_s0_kztcal,2026-01-01,2026,normal,cadence85_cd2,156,156,42,33,0.9090909090909091,1.2727272727272727,3,0.22357314577255621,0.36538461538461536,0.40476190476190477,1.1077694235588973,38.13684682364293,75.30142311536204
blend_treasH_tabm_periodic_pooled_24m_s0_kztcal,2026-01-01,2026,oxr_delayed,cadence85_cd2,156,156,43,33,0.9393939393939394,1.303030303030303,2,0.21829150649110632,0.36538461538461536,0.4186046511627907,1.145654834761322,28.125816590080674,65.29039288179979
blend_treasH_tabm_periodic_pooled_24m_s0_pooledcal,2025-01-01,2025,bank_delayed,legacy,242,242,56,51,0.9215686274509803,1.0980392156862746,4,0.15105086920064226,0.19834710743801653,0.17857142857142858,0.9002976190476191,8.065465513839648,-20.18083337388046
blend_treasH_tabm_periodic_pooled_24m_s0_pooledcal,2025-01-01,2025,both_delayed,legacy,242,242,60,51,0.9215686274509803,1.1764705882352942,4,0.17431129016982885,0.19834710743801653,0.13333333333333333,0.6722222222222222,-10.125706903986675,-38.37200579170678
blend_treasH_tabm_periodic_pooled_24m_s0_pooledcal,2025-01-01,2025,normal,legacy,242,242,55,51,0.9215686274509803,1.0784313725490196,4,0.14848768301291979,0.19834710743801653,0.2727272727272727,1.3749999999999998,25.30988271078123,-2.9364161769388777
blend_treasH_tabm_periodic_pooled_24m_s0_pooledcal,2025-01-01,2025,oxr_delayed,legacy,242,242,60,51,0.9411764705882353,1.1764705882352942,3,0.17223467839187426,0.19834710743801653,0.15,0.75625,-10.417166439692792,-38.6634653274129
blend_treasH_tabm_periodic_pooled_24m_s0_pooledcal,2025-01-01,2025,bank_delayed,cadence90_cd3,242,242,50,51,0.8823529411764706,0.9803921568627451,6,0.15105086920064226,0.19834710743801653,0.28,1.4116666666666668,36.510455055210166,8.264156167490059
blend_treasH_tabm_periodic_pooled_24m_s0_pooledcal,2025-01-01,2025,both_delayed,cadence90_cd3,242,242,59,51,0.9215686274509803,1.1568627450980393,4,0.17431129016982885,0.19834710743801653,0.1694915254237288,0.8545197740112994,4.723288941033282,-23.523009946686827
blend_treasH_tabm_periodic_pooled_24m_s0_pooledcal,2025-01-01,2025,normal,cadence90_cd3,242,242,48,51,0.8431372549019608,0.9411764705882353,8,0.14848768301291979,0.19834710743801653,0.3541666666666667,1.785590277777778,46.69798976432078,18.451690876600676
blend_treasH_tabm_periodic_pooled_24m_s0_pooledcal,2025-01-01,2025,oxr_delayed,cadence90_cd3,242,242,59,51,0.9215686274509803,1.1568627450980393,4,0.17223467839187426,0.19834710743801653,0.1694915254237288,0.8545197740112994,4.723288941033282,-23.523009946686827
blend_treasH_tabm_periodic_pooled_24m_s0_pooledcal,2025-01-01,2025,bank_delayed,cadence90_cd2,242,242,68,51,0.9607843137254902,1.3333333333333333,2,0.15105086920064226,0.19834710743801653,0.3088235294117647,1.5569852941176472,39.15853786197918,10.91223897425907
blend_treasH_tabm_periodic_pooled_24m_s0_pooledcal,2025-01-01,2025,both_delayed,cadence90_cd2,242,242,81,51,1.0,1.588235294117647,0,0.17431129016982885,0.19834710743801653,0.2345679012345679,1.1826131687242798,11.341007270020317,-16.905291617699792
blend_treasH_tabm_periodic_pooled_24m_s0_pooledcal,2025-01-01,2025,normal,cadence90_cd2,242,242,70,51,0.9803921568627451,1.3725490196078431,1,0.14848768301291979,0.19834710743801653,0.2714285714285714,1.3684523809523808,31.754029291000627,3.5077304032805183
blend_treasH_tabm_periodic_pooled_24m_s0_pooledcal,2025-01-01,2025,oxr_delayed,cadence90_cd2,242,242,80,51,0.9803921568627451,1.5686274509803921,1,0.17223467839187426,0.19834710743801653,0.2125,1.0713541666666666,4.658142784769254,-23.588156102950855
blend_treasH_tabm_periodic_pooled_24m_s0_pooledcal,2025-01-01,2025,bank_delayed,cadence85_cd2,242,242,63,51,0.9607843137254902,1.2352941176470589,2,0.15105086920064226,0.19834710743801653,0.2857142857142857,1.4404761904761905,40.59405522291287,12.347756335192761
blend_treasH_tabm_periodic_pooled_24m_s0_pooledcal,2025-01-01,2025,both_delayed,cadence85_cd2,242,242,80,51,1.0,1.5686274509803921,0,0.17431129016982885,0.19834710743801653,0.225,1.134375,9.709688955161738,-18.53660993255837
blend_treasH_tabm_periodic_pooled_24m_s0_pooledcal,2025-01-01,2025,normal,cadence85_cd2,242,242,64,51,0.9411764705882353,1.2549019607843137,3,0.14848768301291979,0.19834710743801653,0.34375,1.7330729166666665,42.83579297520248,14.589494087482375
blend_treasH_tabm_periodic_pooled_24m_s0_pooledcal,2025-01-01,2025,oxr_delayed,cadence85_cd2,242,242,80,51,1.0,1.5686274509803921,0,0.17223467839187426,0.19834710743801653,0.25,1.2604166666666667,14.327161992460812,-13.919136895259296
blend_treasH_tabm_periodic_pooled_24m_s0_pooledcal,2026-01-01,2026,bank_delayed,legacy,156,156,34,33,0.8787878787878788,1.0303030303030303,4,0.22723380734797316,0.36538461538461536,0.4117647058823529,1.1269349845201238,34.571664833878955,71.73624112559807
blend_treasH_tabm_periodic_pooled_24m_s0_pooledcal,2026-01-01,2026,both_delayed,legacy,156,156,35,33,0.9696969696969697,1.0606060606060606,1,0.2229738436070478,0.36538461538461536,0.4857142857142857,1.3293233082706768,32.774043508598,69.93861980031711
blend_treasH_tabm_periodic_pooled_24m_s0_pooledcal,2026-01-01,2026,normal,legacy,156,156,34,33,0.9393939393939394,1.0303030303030303,2,0.22250144525551818,0.36538461538461536,0.4411764705882353,1.2074303405572755,48.67024917998282,85.83482547170193
blend_treasH_tabm_periodic_pooled_24m_s0_pooledcal,2026-01-01,2026,oxr_delayed,legacy,156,156,35,33,0.9696969696969697,1.0606060606060606,1,0.21819265273227045,0.36538461538461536,0.5142857142857142,1.4075187969924812,41.44313638361234,78.60771267533146
blend_treasH_tabm_periodic_pooled_24m_s0_pooledcal,2026-01-01,2026,bank_delayed,cadence90_cd3,156,156,36,33,0.9696969696969697,1.0909090909090908,1,0.22723380734797316,0.36538461538461536,0.4444444444444444,1.2163742690058479,19.451551880435424,56.61612817215454
blend_treasH_tabm_periodic_pooled_24m_s0_pooledcal,2026-01-01,2026,both_delayed,cadence90_cd3,156,156,38,33,0.9696969696969697,1.1515151515151516,1,0.2229738436070478,0.36538461538461536,0.3684210526315789,1.0083102493074791,8.010223124114987,45.1747994158341
blend_treasH_tabm_periodic_pooled_24m_s0_pooledcal,2026-01-01,2026,normal,cadence90_cd3,156,156,35,33,0.9393939393939394,1.0606060606060606,2,0.22250144525551818,0.36538461538461536,0.42857142857142855,1.1729323308270676,30.706816272281372,67.87139256400049
blend_treasH_tabm_periodic_pooled_24m_s0_pooledcal,2026-01-01,2026,oxr_delayed,cadence90_cd3,156,156,36,33,0.9393939393939394,1.0909090909090908,2,0.21819265273227045,0.36538461538461536,0.4166666666666667,1.1403508771929827,23.250936784209124,60.41551307592824
blend_treasH_tabm_periodic_pooled_24m_s0_pooledcal,2026-01-01,2026,bank_delayed,cadence90_cd2,156,156,42,33,0.8787878787878788,1.2727272727272727,4,0.22723380734797316,0.36538461538461536,0.40476190476190477,1.1077694235588973,32.77043910837202,69.93501540009113
blend_treasH_tabm_periodic_pooled_24m_s0_pooledcal,2026-01-01,2026,both_delayed,cadence90_cd2,156,156,43,33,0.9090909090909091,1.303030303030303,3,0.2229738436070478,0.36538461538461536,0.3953488372093023,1.0820073439412485,33.296516047935654,70.46109233965477
blend_treasH_tabm_periodic_pooled_24m_s0_pooledcal,2026-01-01,2026,normal,cadence90_cd2,156,156,42,33,0.8787878787878788,1.2727272727272727,4,0.22250144525551818,0.36538461538461536,0.40476190476190477,1.1077694235588973,32.77043910837202,69.93501540009113
blend_treasH_tabm_periodic_pooled_24m_s0_pooledcal,2026-01-01,2026,oxr_delayed,cadence90_cd2,156,156,43,33,0.9393939393939394,1.303030303030303,2,0.21819265273227045,0.36538461538461536,0.4186046511627907,1.145654834761322,28.125816590080674,65.29039288179979
blend_treasH_tabm_periodic_pooled_24m_s0_pooledcal,2026-01-01,2026,bank_delayed,cadence85_cd2,156,156,41,33,0.8484848484848485,1.2424242424242424,5,0.22723380734797316,0.36538461538461536,0.4146341463414634,1.134788189987163,37.421719155251964,74.58629544697108
blend_treasH_tabm_periodic_pooled_24m_s0_pooledcal,2026-01-01,2026,both_delayed,cadence85_cd2,156,156,42,33,0.8787878787878788,1.2727272727272727,4,0.2229738436070478,0.36538461538461536,0.40476190476190477,1.1077694235588973,32.77043910837202,69.93501540009113
blend_treasH_tabm_periodic_pooled_24m_s0_pooledcal,2026-01-01,2026,normal,cadence85_cd2,156,156,42,33,0.9090909090909091,1.2727272727272727,3,0.22250144525551818,0.36538461538461536,0.40476190476190477,1.1077694235588973,38.13684682364293,75.30142311536204
blend_treasH_tabm_periodic_pooled_24m_s0_pooledcal,2026-01-01,2026,oxr_delayed,cadence85_cd2,156,156,43,33,0.9393939393939394,1.303030303030303,2,0.21819265273227045,0.36538461538461536,0.4186046511627907,1.145654834761322,28.125816590080674,65.29039288179979
blend_treasH_tabm_periodic_pooled_60m_s0_kztcal,2025-01-01,2025,bank_delayed,legacy,242,242,47,51,0.8627450980392157,0.9215686274509803,7,0.14943956497267544,0.19834710743801653,0.40425531914893614,2.0381205673758864,55.3989137510776,27.15261486335749
blend_treasH_tabm_periodic_pooled_60m_s0_kztcal,2025-01-01,2025,both_delayed,legacy,242,242,43,51,0.7450980392156863,0.8431372549019608,13,0.14829561638430094,0.19834710743801653,0.37209302325581395,1.875968992248062,54.34890319792433,26.10260431020422
blend_treasH_tabm_periodic_pooled_60m_s0_kztcal,2025-01-01,2025,normal,legacy,242,242,47,51,0.8235294117647058,0.9215686274509803,9,0.14655931680168252,0.19834710743801653,0.3617021276595745,1.823581560283688,55.381263888152716,27.134965000432604
blend_treasH_tabm_periodic_pooled_60m_s0_kztcal,2025-01-01,2025,oxr_delayed,legacy,242,242,44,51,0.7647058823529411,0.8627450980392157,12,0.14544615259740953,0.19834710743801653,0.4090909090909091,2.0625,59.87381559179707,31.627516704076957
blend_treasH_tabm_periodic_pooled_60m_s0_kztcal,2025-01-01,2025,bank_delayed,cadence90_cd3,242,242,51,51,0.9215686274509803,1.0,4,0.14943956497267544,0.19834710743801653,0.3333333333333333,1.6805555555555554,38.747983316921506,10.501684429201394
blend_treasH_tabm_periodic_pooled_60m_s0_kztcal,2025-01-01,2025,both_delayed,cadence90_cd3,242,242,50,51,0.9019607843137255,0.9803921568627451,5,0.14829561638430094,0.19834710743801653,0.34,1.7141666666666668,44.830115982128675,16.58381709440857
blend_treasH_tabm_periodic_pooled_60m_s0_kztcal,2025-01-01,2025,normal,cadence90_cd3,242,242,50,51,0.9019607843137255,0.9803921568627451,5,0.14655931680168252,0.19834710743801653,0.38,1.9158333333333333,49.31921635510713,21.072917467387025
blend_treasH_tabm_periodic_pooled_60m_s0_kztcal,2025-01-01,2025,oxr_delayed,cadence90_cd3,242,242,50,51,0.9019607843137255,0.9803921568627451,5,0.14544615259740953,0.19834710743801653,0.34,1.7141666666666668,44.830115982128675,16.58381709440857
blend_treasH_tabm_periodic_pooled_60m_s0_kztcal,2025-01-01,2025,bank_delayed,cadence90_cd2,242,242,64,51,0.9607843137254902,1.2549019607843137,2,0.14943956497267544,0.19834710743801653,0.34375,1.7330729166666665,37.63425458064276,9.387955692922652
blend_treasH_tabm_periodic_pooled_60m_s0_kztcal,2025-01-01,2025,both_delayed,cadence90_cd2,242,242,62,51,0.9411764705882353,1.2156862745098038,3,0.14829561638430094,0.19834710743801653,0.3548387096774194,1.788978494623656,36.793851299091955,8.547552411371845
blend_treasH_tabm_periodic_pooled_60m_s0_kztcal,2025-01-01,2025,normal,cadence90_cd2,242,242,65,51,0.9803921568627451,1.2745098039215685,1,0.14655931680168252,0.19834710743801653,0.3384615384615385,1.7064102564102566,41.31147027051827,13.06517138279816
blend_treasH_tabm_periodic_pooled_60m_s0_kztcal,2025-01-01,2025,oxr_delayed,cadence90_cd2,242,242,59,51,0.9215686274509803,1.1568627450980393,4,0.14544615259740953,0.19834710743801653,0.3728813559322034,1.8799435028248588,54.65063695579664,26.404338068076534
blend_treasH_tabm_periodic_pooled_60m_s0_kztcal,2025-01-01,2025,bank_delayed,cadence85_cd2,242,242,64,51,0.9607843137254902,1.2549019607843137,2,0.14943956497267544,0.19834710743801653,0.34375,1.7330729166666665,37.63425458064276,9.387955692922652
blend_treasH_tabm_periodic_pooled_60m_s0_kztcal,2025-01-01,2025,both_delayed,cadence85_cd2,242,242,62,51,0.9411764705882353,1.2156862745098038,3,0.14829561638430094,0.19834710743801653,0.3548387096774194,1.788978494623656,36.793851299091955,8.547552411371845
blend_treasH_tabm_periodic_pooled_60m_s0_kztcal,2025-01-01,2025,normal,cadence85_cd2,242,242,65,51,0.9803921568627451,1.2745098039215685,1,0.14655931680168252,0.19834710743801653,0.3384615384615385,1.7064102564102566,41.31147027051827,13.06517138279816
blend_treasH_tabm_periodic_pooled_60m_s0_kztcal,2025-01-01,2025,oxr_delayed,cadence85_cd2,242,242,59,51,0.9215686274509803,1.1568627450980393,4,0.14544615259740953,0.19834710743801653,0.3728813559322034,1.8799435028248588,54.65063695579664,26.404338068076534
blend_treasH_tabm_periodic_pooled_60m_s0_kztcal,2026-01-01,2026,bank_delayed,legacy,156,156,38,33,0.9393939393939394,1.1515151515151516,2,0.22273880290511486,0.36538461538461536,0.34210526315789475,0.9362880886426593,8.350589579042577,45.51516587076169
blend_treasH_tabm_periodic_pooled_60m_s0_kztcal,2026-01-01,2026,both_delayed,legacy,156,156,38,33,0.9393939393939394,1.1515151515151516,2,0.2173650832560834,0.36538461538461536,0.3684210526315789,1.0083102493074791,14.710461750030483,51.8750380417496
blend_treasH_tabm_periodic_pooled_60m_s0_kztcal,2026-01-01,2026,normal,legacy,156,156,37,33,0.9696969696969697,1.121212121212121,1,0.21407942341084116,0.36538461538461536,0.40540540540540543,1.109530583214794,21.464830539424298,58.62940683114341
blend_treasH_tabm_periodic_pooled_60m_s0_kztcal,2026-01-01,2026,oxr_delayed,legacy,156,156,37,33,0.9696969696969697,1.121212121212121,1,0.2093345671223763,0.36538461538461536,0.3783783783783784,1.035561877667141,17.710995564963937,54.87557185668305
blend_treasH_tabm_periodic_pooled_60m_s0_kztcal,2026-01-01,2026,bank_delayed,cadence90_cd3,156,156,38,33,0.9393939393939394,1.1515151515151516,2,0.22273880290511486,0.36538461538461536,0.34210526315789475,0.9362880886426593,8.350589579042577,45.51516587076169
blend_treasH_tabm_periodic_pooled_60m_s0_kztcal,2026-01-01,2026,both_delayed,cadence90_cd3,156,156,38,33,0.9393939393939394,1.1515151515151516,2,0.2173650832560834,0.36538461538461536,0.3684210526315789,1.0083102493074791,14.710461750030483,51.8750380417496
blend_treasH_tabm_periodic_pooled_60m_s0_kztcal,2026-01-01,2026,normal,cadence90_cd3,156,156,37,33,0.9696969696969697,1.121212121212121,1,0.21407942341084116,0.36538461538461536,0.40540540540540543,1.109530583214794,21.464830539424298,58.62940683114341
blend_treasH_tabm_periodic_pooled_60m_s0_kztcal,2026-01-01,2026,oxr_delayed,cadence90_cd3,156,156,37,33,0.9696969696969697,1.121212121212121,1,0.2093345671223763,0.36538461538461536,0.3783783783783784,1.035561877667141,17.710995564963937,54.87557185668305
blend_treasH_tabm_periodic_pooled_60m_s0_kztcal,2026-01-01,2026,bank_delayed,cadence90_cd2,156,156,42,33,0.8787878787878788,1.2727272727272727,4,0.22273880290511486,0.36538461538461536,0.40476190476190477,1.1077694235588973,32.77043910837202,69.93501540009113
blend_treasH_tabm_periodic_pooled_60m_s0_kztcal,2026-01-01,2026,both_delayed,cadence90_cd2,156,156,44,33,0.9090909090909091,1.3333333333333333,3,0.2173650832560834,0.36538461538461536,0.36363636363636365,0.9952153110047848,27.89180538326731,65.05638167498643
blend_treasH_tabm_periodic_pooled_60m_s0_kztcal,2026-01-01,2026,normal,cadence90_cd2,156,156,43,33,0.9090909090909091,1.303030303030303,3,0.21407942341084116,0.36538461538461536,0.3953488372093023,1.0820073439412485,33.296516047935654,70.46109233965477
blend_treasH_tabm_periodic_pooled_60m_s0_kztcal,2026-01-01,2026,oxr_delayed,cadence90_cd2,156,156,43,33,0.9090909090909091,1.303030303030303,3,0.2093345671223763,0.36538461538461536,0.3953488372093023,1.0820073439412485,33.296516047935654,70.46109233965477
blend_treasH_tabm_periodic_pooled_60m_s0_kztcal,2026-01-01,2026,bank_delayed,cadence85_cd2,156,156,42,33,0.9090909090909091,1.2727272727272727,3,0.22273880290511486,0.36538461538461536,0.40476190476190477,1.1077694235588973,30.77572701765959,67.9403033093787
blend_treasH_tabm_periodic_pooled_60m_s0_kztcal,2026-01-01,2026,both_delayed,cadence85_cd2,156,156,42,33,0.9090909090909091,1.2727272727272727,3,0.2173650832560834,0.36538461538461536,0.40476190476190477,1.1077694235588973,31.091521511014165,68.25609780273328
blend_treasH_tabm_periodic_pooled_60m_s0_kztcal,2026-01-01,2026,normal,cadence85_cd2,156,156,42,33,0.9090909090909091,1.2727272727272727,3,0.21407942341084116,0.36538461538461536,0.42857142857142855,1.1729323308270676,39.496933946817066,76.66151023853618
blend_treasH_tabm_periodic_pooled_60m_s0_kztcal,2026-01-01,2026,oxr_delayed,cadence85_cd2,156,156,43,33,0.9090909090909091,1.303030303030303,3,0.2093345671223763,0.36538461538461536,0.3953488372093023,1.0820073439412485,33.296516047935654,70.46109233965477
blend_treasH_tabm_periodic_pooled_60m_s0_pooledcal,2025-01-01,2025,bank_delayed,legacy,242,242,47,51,0.8627450980392157,0.9215686274509803,7,0.15074472626447444,0.19834710743801653,0.40425531914893614,2.0381205673758864,55.3989137510776,27.15261486335749
blend_treasH_tabm_periodic_pooled_60m_s0_pooledcal,2025-01-01,2025,both_delayed,legacy,242,242,42,51,0.7450980392156863,0.8235294117647058,13,0.14878857000267423,0.19834710743801653,0.35714285714285715,1.8005952380952381,52.06609488136341,23.819795993643304
blend_treasH_tabm_periodic_pooled_60m_s0_pooledcal,2025-01-01,2025,normal,legacy,242,242,47,51,0.8235294117647058,0.9215686274509803,9,0.1479583497772622,0.19834710743801653,0.3617021276595745,1.823581560283688,55.381263888152716,27.134965000432604
blend_treasH_tabm_periodic_pooled_60m_s0_pooledcal,2025-01-01,2025,oxr_delayed,legacy,242,242,43,51,0.7450980392156863,0.8431372549019608,13,0.14602696786380892,0.19834710743801653,0.4418604651162791,2.227713178294574,62.59573696336251,34.349438075642404
blend_treasH_tabm_periodic_pooled_60m_s0_pooledcal,2025-01-01,2025,bank_delayed,cadence90_cd3,242,242,51,51,0.9215686274509803,1.0,4,0.15074472626447444,0.19834710743801653,0.37254901960784315,1.8782679738562091,38.2302083915646,9.983909503844494
blend_treasH_tabm_periodic_pooled_60m_s0_pooledcal,2025-01-01,2025,both_delayed,cadence90_cd3,242,242,50,51,0.9019607843137255,0.9803921568627451,5,0.14878857000267423,0.19834710743801653,0.34,1.7141666666666668,44.830115982128675,16.58381709440857
blend_treasH_tabm_periodic_pooled_60m_s0_pooledcal,2025-01-01,2025,normal,cadence90_cd3,242,242,51,51,0.9411764705882353,1.0,3,0.1479583497772622,0.19834710743801653,0.37254901960784315,1.8782679738562091,42.280857251346404,14.0345583636263
blend_treasH_tabm_periodic_pooled_60m_s0_pooledcal,2025-01-01,2025,oxr_delayed,cadence90_cd3,242,242,50,51,0.9019607843137255,0.9803921568627451,5,0.14602696786380892,0.19834710743801653,0.34,1.7141666666666668,43.13223894408672,14.88594005636661
blend_treasH_tabm_periodic_pooled_60m_s0_pooledcal,2025-01-01,2025,bank_delayed,cadence90_cd2,242,242,64,51,0.9607843137254902,1.2549019607843137,2,0.15074472626447444,0.19834710743801653,0.328125,1.654296875,36.90607481799877,8.659775930278666
blend_treasH_tabm_periodic_pooled_60m_s0_pooledcal,2025-01-01,2025,both_delayed,cadence90_cd2,242,242,58,51,0.9019607843137255,1.1372549019607843,5,0.14878857000267423,0.19834710743801653,0.3275862068965517,1.651580459770115,32.77230151060359,4.526002622883484
blend_treasH_tabm_periodic_pooled_60m_s0_pooledcal,2025-01-01,2025,normal,cadence90_cd2,242,242,65,51,0.9607843137254902,1.2745098039215685,2,0.1479583497772622,0.19834710743801653,0.35384615384615387,1.783974358974359,42.236766632567324,13.990467744847212
blend_treasH_tabm_periodic_pooled_60m_s0_pooledcal,2025-01-01,2025,oxr_delayed,cadence90_cd2,242,242,59,51,0.9019607843137255,1.1568627450980393,5,0.14602696786380892,0.19834710743801653,0.3728813559322034,1.8799435028248588,46.63839745291551,18.3920985651954
blend_treasH_tabm_periodic_pooled_60m_s0_pooledcal,2025-01-01,2025,bank_delayed,cadence85_cd2,242,242,64,51,0.9607843137254902,1.2549019607843137,2,0.15074472626447444,0.19834710743801653,0.328125,1.654296875,36.90607481799877,8.659775930278666
blend_treasH_tabm_periodic_pooled_60m_s0_pooledcal,2025-01-01,2025,both_delayed,cadence85_cd2,242,242,58,51,0.9019607843137255,1.1372549019607843,5,0.14878857000267423,0.19834710743801653,0.3275862068965517,1.651580459770115,32.77230151060359,4.526002622883484
blend_treasH_tabm_periodic_pooled_60m_s0_pooledcal,2025-01-01,2025,normal,cadence85_cd2,242,242,65,51,0.9607843137254902,1.2745098039215685,2,0.1479583497772622,0.19834710743801653,0.35384615384615387,1.783974358974359,42.236766632567324,13.990467744847212
blend_treasH_tabm_periodic_pooled_60m_s0_pooledcal,2025-01-01,2025,oxr_delayed,cadence85_cd2,242,242,59,51,0.9019607843137255,1.1568627450980393,5,0.14602696786380892,0.19834710743801653,0.3728813559322034,1.8799435028248588,46.63839745291551,18.3920985651954
blend_treasH_tabm_periodic_pooled_60m_s0_pooledcal,2026-01-01,2026,bank_delayed,legacy,156,156,34,33,0.8787878787878788,1.0303030303030303,4,0.22022867907720622,0.36538461538461536,0.38235294117647056,1.0464396284829722,33.485292018002085,70.6498683097212
blend_treasH_tabm_periodic_pooled_60m_s0_pooledcal,2026-01-01,2026,both_delayed,legacy,156,156,36,33,0.9696969696969697,1.0909090909090908,1,0.21566934609229632,0.36538461538461536,0.4444444444444444,1.2163742690058479,32.001803887664025,69.16638017938314
blend_treasH_tabm_periodic_pooled_60m_s0_pooledcal,2026-01-01,2026,normal,legacy,156,156,34,33,0.9090909090909091,1.0303030303030303,3,0.2122042077380423,0.36538461538461536,0.4411764705882353,1.2074303405572755,46.99001931886288,84.15459561058199
blend_treasH_tabm_periodic_pooled_60m_s0_pooledcal,2026-01-01,2026,oxr_delayed,legacy,156,156,34,33,0.9090909090909091,1.0303030303030303,3,0.20820221455653504,0.36538461538461536,0.4411764705882353,1.2074303405572755,46.48673434870186,83.65131064042097
blend_treasH_tabm_periodic_pooled_60m_s0_pooledcal,2026-01-01,2026,bank_delayed,cadence90_cd3,156,156,38,33,0.9393939393939394,1.1515151515151516,2,0.22022867907720622,0.36538461538461536,0.34210526315789475,0.9362880886426593,8.350589579042577,45.51516587076169
blend_treasH_tabm_periodic_pooled_60m_s0_pooledcal,2026-01-01,2026,both_delayed,cadence90_cd3,156,156,38,33,0.9393939393939394,1.1515151515151516,2,0.21566934609229632,0.36538461538461536,0.3684210526315789,1.0083102493074791,14.710461750030483,51.8750380417496
blend_treasH_tabm_periodic_pooled_60m_s0_pooledcal,2026-01-01,2026,normal,cadence90_cd3,156,156,37,33,0.9696969696969697,1.121212121212121,1,0.2122042077380423,0.36538461538461536,0.40540540540540543,1.109530583214794,21.464830539424298,58.62940683114341
blend_treasH_tabm_periodic_pooled_60m_s0_pooledcal,2026-01-01,2026,oxr_delayed,cadence90_cd3,156,156,37,33,0.9696969696969697,1.121212121212121,1,0.20820221455653504,0.36538461538461536,0.3783783783783784,1.035561877667141,17.710995564963937,54.87557185668305
blend_treasH_tabm_periodic_pooled_60m_s0_pooledcal,2026-01-01,2026,bank_delayed,cadence90_cd2,156,156,42,33,0.8787878787878788,1.2727272727272727,4,0.22022867907720622,0.36538461538461536,0.40476190476190477,1.1077694235588973,32.77043910837202,69.93501540009113
blend_treasH_tabm_periodic_pooled_60m_s0_pooledcal,2026-01-01,2026,both_delayed,cadence90_cd2,156,156,44,33,0.9090909090909091,1.3333333333333333,3,0.21566934609229632,0.36538461538461536,0.36363636363636365,0.9952153110047848,27.89180538326731,65.05638167498643
blend_treasH_tabm_periodic_pooled_60m_s0_pooledcal,2026-01-01,2026,normal,cadence90_cd2,156,156,43,33,0.9090909090909091,1.303030303030303,3,0.2122042077380423,0.36538461538461536,0.3953488372093023,1.0820073439412485,33.296516047935654,70.46109233965477
blend_treasH_tabm_periodic_pooled_60m_s0_pooledcal,2026-01-01,2026,oxr_delayed,cadence90_cd2,156,156,43,33,0.9090909090909091,1.303030303030303,3,0.20820221455653504,0.36538461538461536,0.3953488372093023,1.0820073439412485,33.296516047935654,70.46109233965477
blend_treasH_tabm_periodic_pooled_60m_s0_pooledcal,2026-01-01,2026,bank_delayed,cadence85_cd2,156,156,42,33,0.9090909090909091,1.2727272727272727,3,0.22022867907720622,0.36538461538461536,0.40476190476190477,1.1077694235588973,30.77572701765959,67.9403033093787
blend_treasH_tabm_periodic_pooled_60m_s0_pooledcal,2026-01-01,2026,both_delayed,cadence85_cd2,156,156,42,33,0.9090909090909091,1.2727272727272727,3,0.21566934609229632,0.36538461538461536,0.40476190476190477,1.1077694235588973,31.091521511014165,68.25609780273328
blend_treasH_tabm_periodic_pooled_60m_s0_pooledcal,2026-01-01,2026,normal,cadence85_cd2,156,156,42,33,0.9090909090909091,1.2727272727272727,3,0.2122042077380423,0.36538461538461536,0.42857142857142855,1.1729323308270676,39.496933946817066,76.66151023853618
blend_treasH_tabm_periodic_pooled_60m_s0_pooledcal,2026-01-01,2026,oxr_delayed,cadence85_cd2,156,156,43,33,0.9090909090909091,1.303030303030303,3,0.20820221455653504,0.36538461538461536,0.3953488372093023,1.0820073439412485,33.296516047935654,70.46109233965477
tabm_periodic_kzt_120m_s0_allaug_kztcal,2025-01-01,2025,bank_delayed,legacy,242,242,44,51,0.7254901960784313,0.8627450980392157,14,0.14843879393108936,0.19834710743801653,0.4318181818181818,2.1770833333333335,59.39472832864326,31.148429440923152
tabm_periodic_kzt_120m_s0_allaug_kztcal,2025-01-01,2025,both_delayed,legacy,242,242,46,51,0.7450980392156863,0.9019607843137255,13,0.14866875938184854,0.19834710743801653,0.43478260869565216,2.192028985507246,61.73546869935983,33.48916981163972
tabm_periodic_kzt_120m_s0_allaug_kztcal,2025-01-01,2025,normal,legacy,242,242,46,51,0.7843137254901961,0.9019607843137255,11,0.1421326676430918,0.19834710743801653,0.43478260869565216,2.192028985507246,64.67826018399091,36.4319612962708
tabm_periodic_kzt_120m_s0_allaug_kztcal,2025-01-01,2025,oxr_delayed,legacy,242,242,46,51,0.7843137254901961,0.9019607843137255,11,0.14246213768133992,0.19834710743801653,0.45652173913043476,2.3016304347826084,67.96369307573369,39.717394188013586
tabm_periodic_kzt_120m_s0_allaug_kztcal,2025-01-01,2025,bank_delayed,cadence90_cd3,242,242,50,51,0.8235294117647058,0.9803921568627451,9,0.14843879393108936,0.19834710743801653,0.42,2.1174999999999997,34.502433295252516,6.256134407532409
tabm_periodic_kzt_120m_s0_allaug_kztcal,2025-01-01,2025,both_delayed,cadence90_cd3,242,242,50,51,0.8431372549019608,0.9803921568627451,8,0.14866875938184854,0.19834710743801653,0.4,2.0166666666666666,35.40823252813997,7.161933640419863
tabm_periodic_kzt_120m_s0_allaug_kztcal,2025-01-01,2025,normal,cadence90_cd3,242,242,50,51,0.8627450980392157,0.9803921568627451,7,0.1421326676430918,0.19834710743801653,0.36,1.815,43.02556480977811,14.779265922058002
tabm_periodic_kzt_120m_s0_allaug_kztcal,2025-01-01,2025,oxr_delayed,cadence90_cd3,242,242,50,51,0.8627450980392157,0.9803921568627451,7,0.14246213768133992,0.19834710743801653,0.36,1.815,43.02556480977811,14.779265922058002
tabm_periodic_kzt_120m_s0_allaug_kztcal,2025-01-01,2025,bank_delayed,cadence90_cd2,242,242,63,51,0.8823529411764706,1.2352941176470589,6,0.14843879393108936,0.19834710743801653,0.3333333333333333,1.6805555555555554,30.444224965685734,2.197926077965626
tabm_periodic_kzt_120m_s0_allaug_kztcal,2025-01-01,2025,both_delayed,cadence90_cd2,242,242,63,51,0.8823529411764706,1.2352941176470589,6,0.14866875938184854,0.19834710743801653,0.3333333333333333,1.6805555555555554,31.791746424449197,3.5454475367290876
tabm_periodic_kzt_120m_s0_allaug_kztcal,2025-01-01,2025,normal,cadence90_cd2,242,242,65,51,0.9215686274509803,1.2745098039215685,4,0.1421326676430918,0.19834710743801653,0.35384615384615387,1.783974358974359,43.03352919887071,14.7872303111506
tabm_periodic_kzt_120m_s0_allaug_kztcal,2025-01-01,2025,oxr_delayed,cadence90_cd2,242,242,63,51,0.9019607843137255,1.2352941176470589,5,0.14246213768133992,0.19834710743801653,0.3492063492063492,1.7605820105820105,42.399181090489826,14.152882202769716
tabm_periodic_kzt_120m_s0_allaug_kztcal,2025-01-01,2025,bank_delayed,cadence85_cd2,242,242,58,51,0.8627450980392157,1.1372549019607843,7,0.14843879393108936,0.19834710743801653,0.3448275862068966,1.738505747126437,31.22083184475361,2.9745329570335035
tabm_periodic_kzt_120m_s0_allaug_kztcal,2025-01-01,2025,both_delayed,cadence85_cd2,242,242,58,51,0.8627450980392157,1.1372549019607843,7,0.14866875938184854,0.19834710743801653,0.3448275862068966,1.738505747126437,32.95838204781962,4.712083160099511
tabm_periodic_kzt_120m_s0_allaug_kztcal,2025-01-01,2025,normal,cadence85_cd2,242,242,60,51,0.8823529411764706,1.1764705882352942,6,0.1421326676430918,0.19834710743801653,0.4166666666666667,2.1006944444444446,56.729635683638925,28.483336795918817
tabm_periodic_kzt_120m_s0_allaug_kztcal,2025-01-01,2025,oxr_delayed,cadence85_cd2,242,242,57,51,0.8235294117647058,1.1176470588235294,9,0.14246213768133992,0.19834710743801653,0.40350877192982454,2.0343567251461985,57.08375180712189,28.837452919401784
tabm_periodic_kzt_120m_s0_allaug_kztcal,2026-01-01,2026,bank_delayed,legacy,156,156,33,33,0.9393939393939394,1.0,2,0.24256067358230465,0.36538461538461536,0.3939393939393939,1.0781499202551834,23.74388831776055,60.908464609479665
tabm_periodic_kzt_120m_s0_allaug_kztcal,2026-01-01,2026,both_delayed,legacy,156,156,34,33,0.9393939393939394,1.0303030303030303,2,0.24270410947379986,0.36538461538461536,0.4411764705882353,1.2074303405572755,29.70478746028033,66.86936375199944
tabm_periodic_kzt_120m_s0_allaug_kztcal,2026-01-01,2026,normal,legacy,156,156,34,33,0.9393939393939394,1.0303030303030303,2,0.23695702082571066,0.36538461538461536,0.5294117647058824,1.4489164086687307,47.00107504421011,84.16565133592923
tabm_periodic_kzt_120m_s0_allaug_kztcal,2026-01-01,2026,oxr_delayed,legacy,156,156,36,33,0.9696969696969697,1.0909090909090908,1,0.23624971195727484,0.36538461538461536,0.5,1.368421052631579,49.13371237935475,86.29828867107386
tabm_periodic_kzt_120m_s0_allaug_kztcal,2026-01-01,2026,bank_delayed,cadence90_cd3,156,156,39,33,0.9696969696969697,1.1818181818181819,1,0.24256067358230465,0.36538461538461536,0.3333333333333333,0.9122807017543859,9.935210836592809,47.099787128311924
tabm_periodic_kzt_120m_s0_allaug_kztcal,2026-01-01,2026,both_delayed,cadence90_cd3,156,156,39,33,1.0,1.1818181818181819,0,0.24270410947379986,0.36538461538461536,0.3333333333333333,0.9122807017543859,8.628891509378569,45.793467801097684
tabm_periodic_kzt_120m_s0_allaug_kztcal,2026-01-01,2026,normal,cadence90_cd3,156,156,38,33,0.9696969696969697,1.1515151515151516,1,0.23695702082571066,0.36538461538461536,0.3684210526315789,1.0083102493074791,8.245418271684969,45.409994563404084
tabm_periodic_kzt_120m_s0_allaug_kztcal,2026-01-01,2026,oxr_delayed,cadence90_cd3,156,156,38,33,0.9696969696969697,1.1515151515151516,1,0.23624971195727484,0.36538461538461536,0.3684210526315789,1.0083102493074791,8.245418271684969,45.409994563404084
tabm_periodic_kzt_120m_s0_allaug_kztcal,2026-01-01,2026,bank_delayed,cadence90_cd2,156,156,43,33,0.9696969696969697,1.303030303030303,1,0.24256067358230465,0.36538461538461536,0.3953488372093023,1.0820073439412485,36.692254190886075,73.85683048260519
tabm_periodic_kzt_120m_s0_allaug_kztcal,2026-01-01,2026,both_delayed,cadence90_cd2,156,156,44,33,0.9696969696969697,1.3333333333333333,1,0.24270410947379986,0.36538461538461536,0.38636363636363635,1.0574162679425838,30.106984872811694,67.27156116453081
tabm_periodic_kzt_120m_s0_allaug_kztcal,2026-01-01,2026,normal,cadence90_cd2,156,156,44,33,0.9696969696969697,1.3333333333333333,1,0.23695702082571066,0.36538461538461536,0.4318181818181818,1.1818181818181819,39.54986629405492,76.71444258577404
tabm_periodic_kzt_120m_s0_allaug_kztcal,2026-01-01,2026,oxr_delayed,cadence90_cd2,156,156,43,33,0.9696969696969697,1.303030303030303,1,0.23624971195727484,0.36538461538461536,0.46511627906976744,1.2729498164014688,44.53233988011502,81.69691617183413
tabm_periodic_kzt_120m_s0_allaug_kztcal,2026-01-01,2026,bank_delayed,cadence85_cd2,156,156,43,33,0.9696969696969697,1.303030303030303,1,0.24256067358230465,0.36538461538461536,0.3953488372093023,1.0820073439412485,36.692254190886075,73.85683048260519
tabm_periodic_kzt_120m_s0_allaug_kztcal,2026-01-01,2026,both_delayed,cadence85_cd2,156,156,44,33,0.9696969696969697,1.3333333333333333,1,0.24270410947379986,0.36538461538461536,0.38636363636363635,1.0574162679425838,30.106984872811694,67.27156116453081
tabm_periodic_kzt_120m_s0_allaug_kztcal,2026-01-01,2026,normal,cadence85_cd2,156,156,44,33,0.9696969696969697,1.3333333333333333,1,0.23695702082571066,0.36538461538461536,0.4318181818181818,1.1818181818181819,39.54986629405492,76.71444258577404
tabm_periodic_kzt_120m_s0_allaug_kztcal,2026-01-01,2026,oxr_delayed,cadence85_cd2,156,156,43,33,0.9696969696969697,1.303030303030303,1,0.23624971195727484,0.36538461538461536,0.46511627906976744,1.2729498164014688,44.53233988011502,81.69691617183413
tabm_periodic_kzt_120m_s0_bankaug_kztcal,2025-01-01,2025,bank_delayed,legacy,242,242,48,51,0.7843137254901961,0.9411764705882353,11,0.15030660125998233,0.19834710743801653,0.4375,2.2057291666666665,48.09502909861789,19.848730210897784
tabm_periodic_kzt_120m_s0_bankaug_kztcal,2025-01-01,2025,both_delayed,legacy,242,242,60,51,0.9411764705882353,1.1764705882352942,3,0.4419734061315537,0.19834710743801653,0.15,0.75625,-0.8203922012711118,-29.06669108899122
tabm_periodic_kzt_120m_s0_bankaug_kztcal,2025-01-01,2025,normal,legacy,242,242,49,51,0.8235294117647058,0.9607843137254902,9,0.14377374259784206,0.19834710743801653,0.3469387755102041,1.7491496598639455,40.26756485932621,12.021265971606097
tabm_periodic_kzt_120m_s0_bankaug_kztcal,2025-01-01,2025,oxr_delayed,legacy,242,242,60,51,0.9411764705882353,1.1764705882352942,3,0.4383551038571693,0.19834710743801653,0.15,0.75625,-0.8203922012711118,-29.06669108899122
tabm_periodic_kzt_120m_s0_bankaug_kztcal,2025-01-01,2025,bank_delayed,cadence90_cd3,242,242,52,51,0.8431372549019608,1.0196078431372548,8,0.15030660125998233,0.19834710743801653,0.3269230769230769,1.6482371794871795,32.658773990477634,4.412475102757524
tabm_periodic_kzt_120m_s0_bankaug_kztcal,2025-01-01,2025,both_delayed,cadence90_cd3,242,242,60,51,0.9411764705882353,1.1764705882352942,3,0.4419734061315537,0.19834710743801653,0.15,0.75625,-0.8203922012711118,-29.06669108899122
tabm_periodic_kzt_120m_s0_bankaug_kztcal,2025-01-01,2025,normal,cadence90_cd3,242,242,54,51,0.9019607843137255,1.0588235294117647,5,0.14377374259784206,0.19834710743801653,0.3333333333333333,1.6805555555555554,46.3431032425047,18.096804354784588
tabm_periodic_kzt_120m_s0_bankaug_kztcal,2025-01-01,2025,oxr_delayed,cadence90_cd3,242,242,60,51,0.9411764705882353,1.1764705882352942,3,0.4383551038571693,0.19834710743801653,0.15,0.75625,-0.8203922012711118,-29.06669108899122
tabm_periodic_kzt_120m_s0_bankaug_kztcal,2025-01-01,2025,bank_delayed,cadence90_cd2,242,242,65,51,0.9019607843137255,1.2745098039215685,5,0.15030660125998233,0.19834710743801653,0.3384615384615385,1.7064102564102566,29.204786366504518,0.9584874787844094
tabm_periodic_kzt_120m_s0_bankaug_kztcal,2025-01-01,2025,both_delayed,cadence90_cd2,242,242,80,51,0.9607843137254902,1.5686274509803921,2,0.4419734061315537,0.19834710743801653,0.1375,0.6932291666666667,-18.120635555098794,-46.3669344428189
tabm_periodic_kzt_120m_s0_bankaug_kztcal,2025-01-01,2025,normal,cadence90_cd2,242,242,63,51,0.9215686274509803,1.2352941176470589,4,0.14377374259784206,0.19834710743801653,0.36507936507936506,1.8406084656084654,46.17872930145526,17.932430413735155
tabm_periodic_kzt_120m_s0_bankaug_kztcal,2025-01-01,2025,oxr_delayed,cadence90_cd2,242,242,80,51,0.9607843137254902,1.5686274509803921,2,0.4383551038571693,0.19834710743801653,0.1375,0.6932291666666667,-18.120635555098794,-46.3669344428189
tabm_periodic_kzt_120m_s0_bankaug_kztcal,2025-01-01,2025,bank_delayed,cadence85_cd2,242,242,65,51,0.9019607843137255,1.2745098039215685,5,0.15030660125998233,0.19834710743801653,0.3384615384615385,1.7064102564102566,29.204786366504518,0.9584874787844094
tabm_periodic_kzt_120m_s0_bankaug_kztcal,2025-01-01,2025,both_delayed,cadence85_cd2,242,242,80,51,0.9607843137254902,1.5686274509803921,2,0.4419734061315537,0.19834710743801653,0.1375,0.6932291666666667,-18.120635555098794,-46.3669344428189
tabm_periodic_kzt_120m_s0_bankaug_kztcal,2025-01-01,2025,normal,cadence85_cd2,242,242,63,51,0.9215686274509803,1.2352941176470589,4,0.14377374259784206,0.19834710743801653,0.36507936507936506,1.8406084656084654,46.17872930145526,17.932430413735155
tabm_periodic_kzt_120m_s0_bankaug_kztcal,2025-01-01,2025,oxr_delayed,cadence85_cd2,242,242,80,51,0.9607843137254902,1.5686274509803921,2,0.4383551038571693,0.19834710743801653,0.1375,0.6932291666666667,-18.120635555098794,-46.3669344428189
tabm_periodic_kzt_120m_s0_bankaug_kztcal,2026-01-01,2026,bank_delayed,legacy,156,156,35,33,0.9090909090909091,1.0606060606060606,3,0.2261147517740232,0.36538461538461536,0.4,1.0947368421052632,21.572563720983652,58.73714001270277
tabm_periodic_kzt_120m_s0_bankaug_kztcal,2026-01-01,2026,both_delayed,legacy,156,156,37,33,0.9696969696969697,1.121212121212121,1,0.22321383610192141,0.36538461538461536,0.35135135135135137,0.961593172119488,20.693390613423773,57.85796690514289
tabm_periodic_kzt_120m_s0_bankaug_kztcal,2026-01-01,2026,normal,legacy,156,156,34,33,0.9090909090909091,1.0303030303030303,3,0.21919157034907408,0.36538461538461536,0.5588235294117647,1.5294117647058825,46.56390990122236,83.72848619294147
tabm_periodic_kzt_120m_s0_bankaug_kztcal,2026-01-01,2026,oxr_delayed,legacy,156,156,35,33,0.9696969696969697,1.0606060606060606,1,0.21525770134660732,0.36538461538461536,0.5142857142857142,1.4075187969924812,50.40144422676363,87.56602051848274
tabm_periodic_kzt_120m_s0_bankaug_kztcal,2026-01-01,2026,bank_delayed,cadence90_cd3,156,156,36,33,0.9393939393939394,1.0909090909090908,2,0.2261147517740232,0.36538461538461536,0.4722222222222222,1.2923976608187135,26.98604057544452,64.15061686716363
tabm_periodic_kzt_120m_s0_bankaug_kztcal,2026-01-01,2026,both_delayed,cadence90_cd3,156,156,39,33,1.0,1.1818181818181819,0,0.22321383610192141,0.36538461538461536,0.3333333333333333,0.9122807017543859,10.827763976814225,47.99234026853334
tabm_periodic_kzt_120m_s0_bankaug_kztcal,2026-01-01,2026,normal,cadence90_cd3,156,156,35,33,0.9696969696969697,1.0606060606060606,1,0.21919157034907408,0.36538461538461536,0.4857142857142857,1.3293233082706768,39.945360112166966,77.10993640388608
tabm_periodic_kzt_120m_s0_bankaug_kztcal,2026-01-01,2026,oxr_delayed,cadence90_cd3,156,156,35,33,0.9090909090909091,1.0606060606060606,3,0.21525770134660732,0.36538461538461536,0.5428571428571428,1.4857142857142858,35.30502734705597,72.46960363877508
tabm_periodic_kzt_120m_s0_bankaug_kztcal,2026-01-01,2026,bank_delayed,cadence90_cd2,156,156,42,33,0.9090909090909091,1.2727272727272727,3,0.2261147517740232,0.36538461538461536,0.5,1.368421052631579,45.30755003088154,82.47212632260066
tabm_periodic_kzt_120m_s0_bankaug_kztcal,2026-01-01,2026,both_delayed,cadence90_cd2,156,156,45,33,0.9393939393939394,1.3636363636363635,2,0.22321383610192141,0.36538461538461536,0.4444444444444444,1.2163742690058479,37.2427749581385,74.40735124985761
tabm_periodic_kzt_120m_s0_bankaug_kztcal,2026-01-01,2026,normal,cadence90_cd2,156,156,41,33,0.9393939393939394,1.2424242424242424,2,0.21919157034907408,0.36538461538461536,0.4634146341463415,1.2682926829268295,38.447985571145495,75.61256186286461
tabm_periodic_kzt_120m_s0_bankaug_kztcal,2026-01-01,2026,oxr_delayed,cadence90_cd2,156,156,45,33,0.9696969696969697,1.3636363636363635,1,0.21525770134660732,0.36538461538461536,0.4666666666666667,1.2771929824561405,31.870092164958265,69.03466845667738
tabm_periodic_kzt_120m_s0_bankaug_kztcal,2026-01-01,2026,bank_delayed,cadence85_cd2,156,156,41,33,0.8787878787878788,1.2424242424242424,4,0.2261147517740232,0.36538461538461536,0.4634146341463415,1.2682926829268295,42.42547999876243,79.59005629048154
tabm_periodic_kzt_120m_s0_bankaug_kztcal,2026-01-01,2026,both_delayed,cadence85_cd2,156,156,45,33,0.9393939393939394,1.3636363636363635,2,0.22321383610192141,0.36538461538461536,0.4444444444444444,1.2163742690058479,37.2427749581385,74.40735124985761
tabm_periodic_kzt_120m_s0_bankaug_kztcal,2026-01-01,2026,normal,cadence85_cd2,156,156,41,33,0.9393939393939394,1.2424242424242424,2,0.21919157034907408,0.36538461538461536,0.5121951219512195,1.4017971758664955,45.09277796956003,82.25735426127915
tabm_periodic_kzt_120m_s0_bankaug_kztcal,2026-01-01,2026,oxr_delayed,cadence85_cd2,156,156,44,33,0.9696969696969697,1.3333333333333333,1,0.21525770134660732,0.36538461538461536,0.5681818181818182,1.5550239234449763,39.46038075760056,76.62495704931968
tabm_periodic_kzt_120m_s0_kztcal,2025-01-01,2025,bank_delayed,legacy,242,242,49,51,0.8431372549019608,0.9607843137254902,8,0.14798747953912253,0.19834710743801653,0.3673469387755102,1.8520408163265307,38.67870424871077,10.43240536099066
tabm_periodic_kzt_120m_s0_kztcal,2025-01-01,2025,both_delayed,legacy,242,242,60,51,0.9411764705882353,1.1764705882352942,3,0.5129966008395599,0.19834710743801653,0.15,0.75625,-0.8203922012711118,-29.06669108899122
tabm_periodic_kzt_120m_s0_kztcal,2025-01-01,2025,normal,legacy,242,242,50,51,0.8627450980392157,0.9803921568627451,7,0.14392059470168075,0.19834710743801653,0.3,1.5125,42.319902320613785,14.073603432893679
tabm_periodic_kzt_120m_s0_kztcal,2025-01-01,2025,oxr_delayed,legacy,242,242,60,51,0.9411764705882353,1.1764705882352942,3,0.5121118362346174,0.19834710743801653,0.15,0.75625,-0.8203922012711118,-29.06669108899122
tabm_periodic_kzt_120m_s0_kztcal,2025-01-01,2025,bank_delayed,cadence90_cd3,242,242,50,51,0.8431372549019608,0.9803921568627451,8,0.14798747953912253,0.19834710743801653,0.3,1.5125,25.437600277938607,-2.8086986097815014
tabm_periodic_kzt_120m_s0_kztcal,2025-01-01,2025,both_delayed,cadence90_cd3,242,242,60,51,0.9411764705882353,1.1764705882352942,3,0.5129966008395599,0.19834710743801653,0.15,0.75625,-0.8203922012711118,-29.06669108899122
tabm_periodic_kzt_120m_s0_kztcal,2025-01-01,2025,normal,cadence90_cd3,242,242,54,51,0.9215686274509803,1.0588235294117647,4,0.14392059470168075,0.19834710743801653,0.2777777777777778,1.400462962962963,31.703482834270037,3.4571839465499274
tabm_periodic_kzt_120m_s0_kztcal,2025-01-01,2025,oxr_delayed,cadence90_cd3,242,242,60,51,0.9411764705882353,1.1764705882352942,3,0.5121118362346174,0.19834710743801653,0.15,0.75625,-0.8203922012711118,-29.06669108899122
tabm_periodic_kzt_120m_s0_kztcal,2025-01-01,2025,bank_delayed,cadence90_cd2,242,242,80,51,0.9803921568627451,1.5686274509803921,1,0.14798747953912253,0.19834710743801653,0.2,1.0083333333333333,5.1350089454748336,-23.111289942245275
tabm_periodic_kzt_120m_s0_kztcal,2025-01-01,2025,both_delayed,cadence90_cd2,242,242,80,51,0.9607843137254902,1.5686274509803921,2,0.5129966008395599,0.19834710743801653,0.1375,0.6932291666666667,-18.120635555098794,-46.3669344428189
tabm_periodic_kzt_120m_s0_kztcal,2025-01-01,2025,normal,cadence90_cd2,242,242,80,51,0.9803921568627451,1.5686274509803921,1,0.14392059470168075,0.19834710743801653,0.2125,1.0713541666666666,6.928156101331112,-21.318142786388997
tabm_periodic_kzt_120m_s0_kztcal,2025-01-01,2025,oxr_delayed,cadence90_cd2,242,242,80,51,0.9607843137254902,1.5686274509803921,2,0.5121118362346174,0.19834710743801653,0.1375,0.6932291666666667,-18.120635555098794,-46.3669344428189
tabm_periodic_kzt_120m_s0_kztcal,2025-01-01,2025,bank_delayed,cadence85_cd2,242,242,65,51,0.9019607843137255,1.2745098039215685,5,0.14798747953912253,0.19834710743801653,0.26153846153846155,1.3185897435897436,16.46860759242502,-11.777691295295089
tabm_periodic_kzt_120m_s0_kztcal,2025-01-01,2025,both_delayed,cadence85_cd2,242,242,80,51,0.9607843137254902,1.5686274509803921,2,0.5129966008395599,0.19834710743801653,0.1375,0.6932291666666667,-18.120635555098794,-46.3669344428189
tabm_periodic_kzt_120m_s0_kztcal,2025-01-01,2025,normal,cadence85_cd2,242,242,65,51,0.9019607843137255,1.2745098039215685,5,0.14392059470168075,0.19834710743801653,0.3076923076923077,1.5512820512820513,26.052805574605095,-2.1934933131150127
tabm_periodic_kzt_120m_s0_kztcal,2025-01-01,2025,oxr_delayed,cadence85_cd2,242,242,80,51,0.9607843137254902,1.5686274509803921,2,0.5121118362346174,0.19834710743801653,0.1375,0.6932291666666667,-18.120635555098794,-46.3669344428189
tabm_periodic_kzt_120m_s0_kztcal,2026-01-01,2026,bank_delayed,legacy,156,156,35,33,0.9090909090909091,1.0606060606060606,3,0.2085696144736253,0.36538461538461536,0.4,1.0947368421052632,9.980893056463657,47.14546934818277
tabm_periodic_kzt_120m_s0_kztcal,2026-01-01,2026,both_delayed,legacy,156,156,36,33,0.9696969696969697,1.0909090909090908,1,0.2107182971198546,0.36538461538461536,0.3888888888888889,1.064327485380117,26.711659982941995,63.87623627466111
tabm_periodic_kzt_120m_s0_kztcal,2026-01-01,2026,normal,legacy,156,156,34,33,0.9090909090909091,1.0303030303030303,3,0.1933954679077761,0.36538461538461536,0.5294117647058824,1.4489164086687307,47.892519001332346,85.05709529305146
tabm_periodic_kzt_120m_s0_kztcal,2026-01-01,2026,oxr_delayed,legacy,156,156,33,33,0.8787878787878788,1.0,4,0.19422529401771332,0.36538461538461536,0.5151515151515151,1.4098883572567784,50.371230714756635,87.53580700647575
tabm_periodic_kzt_120m_s0_kztcal,2026-01-01,2026,bank_delayed,cadence90_cd3,156,156,36,33,0.9090909090909091,1.0909090909090908,3,0.2085696144736253,0.36538461538461536,0.3888888888888889,1.064327485380117,6.903528595572219,44.068104887291334
tabm_periodic_kzt_120m_s0_kztcal,2026-01-01,2026,both_delayed,cadence90_cd3,156,156,36,33,0.9393939393939394,1.0909090909090908,2,0.2107182971198546,0.36538461538461536,0.3888888888888889,1.064327485380117,29.771152114260218,66.93572840597933
tabm_periodic_kzt_120m_s0_kztcal,2026-01-01,2026,normal,cadence90_cd3,156,156,34,33,0.9090909090909091,1.0303030303030303,3,0.1933954679077761,0.36538461538461536,0.5294117647058824,1.4489164086687307,47.892519001332346,85.05709529305146
tabm_periodic_kzt_120m_s0_kztcal,2026-01-01,2026,oxr_delayed,cadence90_cd3,156,156,33,33,0.8787878787878788,1.0,4,0.19422529401771332,0.36538461538461536,0.5151515151515151,1.4098883572567784,50.371230714756635,87.53580700647575
tabm_periodic_kzt_120m_s0_kztcal,2026-01-01,2026,bank_delayed,cadence90_cd2,156,156,41,33,0.8787878787878788,1.2424242424242424,4,0.2085696144736253,0.36538461538461536,0.43902439024390244,1.2015404364569962,35.673108896437626,72.83768518815674
tabm_periodic_kzt_120m_s0_kztcal,2026-01-01,2026,both_delayed,cadence90_cd2,156,156,41,33,0.8787878787878788,1.2424242424242424,4,0.2107182971198546,0.36538461538461536,0.4146341463414634,1.134788189987163,39.51498334553135,76.67955963725046
tabm_periodic_kzt_120m_s0_kztcal,2026-01-01,2026,normal,cadence90_cd2,156,156,42,33,0.9090909090909091,1.2727272727272727,3,0.1933954679077761,0.36538461538461536,0.5238095238095238,1.4335839598997495,52.66786477880521,89.83244107052433
tabm_periodic_kzt_120m_s0_kztcal,2026-01-01,2026,oxr_delayed,cadence90_cd2,156,156,42,33,0.9090909090909091,1.2727272727272727,3,0.19422529401771332,0.36538461538461536,0.4523809523809524,1.2380952380952381,41.24846101816122,78.41303730988034
tabm_periodic_kzt_120m_s0_kztcal,2026-01-01,2026,bank_delayed,cadence85_cd2,156,156,38,33,0.8484848484848485,1.1515151515151516,5,0.2085696144736253,0.36538461538461536,0.47368421052631576,1.296398891966759,58.7766928043889,95.94126909610802
tabm_periodic_kzt_120m_s0_kztcal,2026-01-01,2026,both_delayed,cadence85_cd2,156,156,37,33,0.8181818181818182,1.121212121212121,6,0.2107182971198546,0.36538461538461536,0.4864864864864865,1.3314366998577527,59.40700965177484,96.57158594349396
tabm_periodic_kzt_120m_s0_kztcal,2026-01-01,2026,normal,cadence85_cd2,156,156,40,33,0.9090909090909091,1.2121212121212122,3,0.1933954679077761,0.36538461538461536,0.5,1.368421052631579,57.440789764221364,94.60536605594048
tabm_periodic_kzt_120m_s0_kztcal,2026-01-01,2026,oxr_delayed,cadence85_cd2,156,156,41,33,0.9090909090909091,1.2424242424242424,3,0.19422529401771332,0.36538461538461536,0.4146341463414634,1.134788189987163,45.550273328594,82.71484962031312
tabm_periodic_kzt_120m_s0_noage_kztcal,2025-01-01,2025,bank_delayed,legacy,242,242,45,51,0.803921568627451,0.8823529411764706,10,0.14515841740744093,0.19834710743801653,0.35555555555555557,1.7925925925925925,45.80557438055685,17.55927549283674
tabm_periodic_kzt_120m_s0_noage_kztcal,2025-01-01,2025,both_delayed,legacy,242,242,47,51,0.8823529411764706,0.9215686274509803,6,0.1461224563520015,0.19834710743801653,0.2978723404255319,1.50177304964539,37.586843534241694,9.340544646521588
tabm_periodic_kzt_120m_s0_noage_kztcal,2025-01-01,2025,normal,legacy,242,242,45,51,0.7450980392156863,0.8823529411764706,13,0.14444794182054588,0.19834710743801653,0.28888888888888886,1.4564814814814813,42.116566772049424,13.870267884329312
tabm_periodic_kzt_120m_s0_noage_kztcal,2025-01-01,2025,oxr_delayed,legacy,242,242,47,51,0.8235294117647058,0.9215686274509803,9,0.14491927290046058,0.19834710743801653,0.2978723404255319,1.50177304964539,33.45438242646709,5.208083538746981
tabm_periodic_kzt_120m_s0_noage_kztcal,2025-01-01,2025,bank_delayed,cadence90_cd3,242,242,45,51,0.803921568627451,0.8823529411764706,10,0.14515841740744093,0.19834710743801653,0.35555555555555557,1.7925925925925925,45.80557438055685,17.55927549283674
tabm_periodic_kzt_120m_s0_noage_kztcal,2025-01-01,2025,both_delayed,cadence90_cd3,242,242,47,51,0.8823529411764706,0.9215686274509803,6,0.1461224563520015,0.19834710743801653,0.2978723404255319,1.50177304964539,37.586843534241694,9.340544646521588
tabm_periodic_kzt_120m_s0_noage_kztcal,2025-01-01,2025,normal,cadence90_cd3,242,242,45,51,0.7450980392156863,0.8823529411764706,13,0.14444794182054588,0.19834710743801653,0.28888888888888886,1.4564814814814813,42.116566772049424,13.870267884329312
tabm_periodic_kzt_120m_s0_noage_kztcal,2025-01-01,2025,oxr_delayed,cadence90_cd3,242,242,47,51,0.8235294117647058,0.9215686274509803,9,0.14491927290046058,0.19834710743801653,0.2978723404255319,1.50177304964539,32.03591557480458,3.789616687084469
tabm_periodic_kzt_120m_s0_noage_kztcal,2025-01-01,2025,bank_delayed,cadence90_cd2,242,242,72,51,0.9607843137254902,1.411764705882353,2,0.14515841740744093,0.19834710743801653,0.2222222222222222,1.1203703703703702,11.818478639546065,-16.427820248174044
tabm_periodic_kzt_120m_s0_noage_kztcal,2025-01-01,2025,both_delayed,cadence90_cd2,242,242,70,51,0.9215686274509803,1.3725490196078431,4,0.1461224563520015,0.19834710743801653,0.2714285714285714,1.3684523809523808,17.971893683079244,-10.274405204640866
tabm_periodic_kzt_120m_s0_noage_kztcal,2025-01-01,2025,normal,cadence90_cd2,242,242,72,51,0.9411764705882353,1.411764705882353,3,0.14444794182054588,0.19834710743801653,0.2361111111111111,1.1903935185185184,10.461989493380909,-17.7843093943392
tabm_periodic_kzt_120m_s0_noage_kztcal,2025-01-01,2025,oxr_delayed,cadence90_cd2,242,242,73,51,0.9607843137254902,1.4313725490196079,2,0.14491927290046058,0.19834710743801653,0.3150684931506849,1.588470319634703,21.59353495641457,-6.65276393130554
tabm_periodic_kzt_120m_s0_noage_kztcal,2025-01-01,2025,bank_delayed,cadence85_cd2,242,242,72,51,0.9607843137254902,1.411764705882353,2,0.14515841740744093,0.19834710743801653,0.2222222222222222,1.1203703703703702,11.818478639546065,-16.427820248174044
tabm_periodic_kzt_120m_s0_noage_kztcal,2025-01-01,2025,both_delayed,cadence85_cd2,242,242,70,51,0.9215686274509803,1.3725490196078431,4,0.1461224563520015,0.19834710743801653,0.2714285714285714,1.3684523809523808,17.971893683079244,-10.274405204640866
tabm_periodic_kzt_120m_s0_noage_kztcal,2025-01-01,2025,normal,cadence85_cd2,242,242,72,51,0.9411764705882353,1.411764705882353,3,0.14444794182054588,0.19834710743801653,0.2361111111111111,1.1903935185185184,10.461989493380909,-17.7843093943392
tabm_periodic_kzt_120m_s0_noage_kztcal,2025-01-01,2025,oxr_delayed,cadence85_cd2,242,242,73,51,0.9607843137254902,1.4313725490196079,2,0.14491927290046058,0.19834710743801653,0.3150684931506849,1.588470319634703,21.59353495641457,-6.65276393130554
tabm_periodic_kzt_120m_s0_noage_kztcal,2026-01-01,2026,bank_delayed,legacy,156,156,35,33,0.9090909090909091,1.0606060606060606,3,0.20700540848272495,0.36538461538461536,0.42857142857142855,1.1729323308270676,27.147822796640995,64.31239908836011
tabm_periodic_kzt_120m_s0_noage_kztcal,2026-01-01,2026,both_delayed,legacy,156,156,36,33,0.9696969696969697,1.0909090909090908,1,0.20794422879456403,0.36538461538461536,0.3888888888888889,1.064327485380117,30.608193913804186,67.7727702055233
tabm_periodic_kzt_120m_s0_noage_kztcal,2026-01-01,2026,normal,legacy,156,156,35,33,0.9393939393939394,1.0606060606060606,2,0.19655042268378137,0.36538461538461536,0.42857142857142855,1.1729323308270676,46.42435513946252,83.58893143118163
tabm_periodic_kzt_120m_s0_noage_kztcal,2026-01-01,2026,oxr_delayed,legacy,156,156,35,33,0.9696969696969697,1.0606060606060606,1,0.1964082540346807,0.36538461538461536,0.42857142857142855,1.1729323308270676,48.056578433121885,85.221154724841
tabm_periodic_kzt_120m_s0_noage_kztcal,2026-01-01,2026,bank_delayed,cadence90_cd3,156,156,36,33,0.9090909090909091,1.0909090909090908,3,0.20700540848272495,0.36538461538461536,0.3888888888888889,1.064327485380117,17.823402895544135,54.98797918726325
tabm_periodic_kzt_120m_s0_noage_kztcal,2026-01-01,2026,both_delayed,cadence90_cd3,156,156,36,33,0.9393939393939394,1.0909090909090908,2,0.20794422879456403,0.36538461538461536,0.3888888888888889,1.064327485380117,37.44387096636258,74.6084472580817
tabm_periodic_kzt_120m_s0_noage_kztcal,2026-01-01,2026,normal,cadence90_cd3,156,156,35,33,0.9696969696969697,1.0606060606060606,1,0.19655042268378137,0.36538461538461536,0.42857142857142855,1.1729323308270676,48.056578433121885,85.221154724841
tabm_periodic_kzt_120m_s0_noage_kztcal,2026-01-01,2026,oxr_delayed,cadence90_cd3,156,156,35,33,0.9696969696969697,1.0606060606060606,1,0.1964082540346807,0.36538461538461536,0.42857142857142855,1.1729323308270676,48.056578433121885,85.221154724841
tabm_periodic_kzt_120m_s0_noage_kztcal,2026-01-01,2026,bank_delayed,cadence90_cd2,156,156,42,33,0.9090909090909091,1.2727272727272727,3,0.20700540848272495,0.36538461538461536,0.47619047619047616,1.3032581453634084,36.647635567865294,73.81221185958441
tabm_periodic_kzt_120m_s0_noage_kztcal,2026-01-01,2026,both_delayed,cadence90_cd2,156,156,42,33,0.9090909090909091,1.2727272727272727,3,0.20794422879456403,0.36538461538461536,0.4523809523809524,1.2380952380952381,33.99505330456812,71.15962959628723
tabm_periodic_kzt_120m_s0_noage_kztcal,2026-01-01,2026,normal,cadence90_cd2,156,156,43,33,0.9393939393939394,1.303030303030303,2,0.19655042268378137,0.36538461538461536,0.4883720930232558,1.3365973072215422,34.98867885814761,72.15325514986672
tabm_periodic_kzt_120m_s0_noage_kztcal,2026-01-01,2026,oxr_delayed,cadence90_cd2,156,156,42,33,0.9393939393939394,1.2727272727272727,2,0.1964082540346807,0.36538461538461536,0.47619047619047616,1.3032581453634084,42.88915454500021,80.05373083671932
tabm_periodic_kzt_120m_s0_noage_kztcal,2026-01-01,2026,bank_delayed,cadence85_cd2,156,156,42,33,0.9090909090909091,1.2727272727272727,3,0.20700540848272495,0.36538461538461536,0.47619047619047616,1.3032581453634084,36.647635567865294,73.81221185958441
tabm_periodic_kzt_120m_s0_noage_kztcal,2026-01-01,2026,both_delayed,cadence85_cd2,156,156,42,33,0.9090909090909091,1.2727272727272727,3,0.20794422879456403,0.36538461538461536,0.4523809523809524,1.2380952380952381,33.99505330456812,71.15962959628723
tabm_periodic_kzt_120m_s0_noage_kztcal,2026-01-01,2026,normal,cadence85_cd2,156,156,43,33,0.9393939393939394,1.303030303030303,2,0.19655042268378137,0.36538461538461536,0.4883720930232558,1.3365973072215422,34.98867885814761,72.15325514986672
tabm_periodic_kzt_120m_s0_noage_kztcal,2026-01-01,2026,oxr_delayed,cadence85_cd2,156,156,42,33,0.9393939393939394,1.2727272727272727,2,0.1964082540346807,0.36538461538461536,0.47619047619047616,1.3032581453634084,42.88915454500021,80.05373083671932
tabm_periodic_kzt_120m_s1_kztcal,2025-01-01,2025,bank_delayed,legacy,242,242,57,51,0.9215686274509803,1.1176470588235294,4,0.15125568941393167,0.19834710743801653,0.22807017543859648,1.1498538011695905,17.699548336890285,-10.546750550829824
tabm_periodic_kzt_120m_s1_kztcal,2025-01-01,2025,both_delayed,legacy,242,242,60,51,0.9411764705882353,1.1764705882352942,3,0.35350923905873427,0.19834710743801653,0.15,0.75625,-0.8203922012711118,-29.06669108899122
tabm_periodic_kzt_120m_s1_kztcal,2025-01-01,2025,normal,legacy,242,242,56,51,0.9215686274509803,1.0980392156862746,4,0.14927375958654068,0.19834710743801653,0.25,1.2604166666666667,25.41660932236007,-2.8296895653600376
tabm_periodic_kzt_120m_s1_kztcal,2025-01-01,2025,oxr_delayed,legacy,242,242,60,51,0.9411764705882353,1.1764705882352942,3,0.34185048155874054,0.19834710743801653,0.15,0.75625,-0.8203922012711118,-29.06669108899122
tabm_periodic_kzt_120m_s1_kztcal,2025-01-01,2025,bank_delayed,cadence90_cd3,242,242,56,51,0.9019607843137255,1.0980392156862746,5,0.15125568941393167,0.19834710743801653,0.25,1.2604166666666667,17.583376615201228,-10.66292227251888
tabm_periodic_kzt_120m_s1_kztcal,2025-01-01,2025,both_delayed,cadence90_cd3,242,242,60,51,0.9411764705882353,1.1764705882352942,3,0.35350923905873427,0.19834710743801653,0.15,0.75625,-0.8203922012711118,-29.06669108899122
tabm_periodic_kzt_120m_s1_kztcal,2025-01-01,2025,normal,cadence90_cd3,242,242,56,51,0.9215686274509803,1.0980392156862746,4,0.14927375958654068,0.19834710743801653,0.25,1.2604166666666667,25.41660932236007,-2.8296895653600376
tabm_periodic_kzt_120m_s1_kztcal,2025-01-01,2025,oxr_delayed,cadence90_cd3,242,242,60,51,0.9411764705882353,1.1764705882352942,3,0.34185048155874054,0.19834710743801653,0.15,0.75625,-0.8203922012711118,-29.06669108899122
tabm_periodic_kzt_120m_s1_kztcal,2025-01-01,2025,bank_delayed,cadence90_cd2,242,242,72,51,0.9411764705882353,1.411764705882353,3,0.15125568941393167,0.19834710743801653,0.20833333333333334,1.0503472222222223,13.917035084324967,-14.329263803395142
tabm_periodic_kzt_120m_s1_kztcal,2025-01-01,2025,both_delayed,cadence90_cd2,242,242,80,51,0.9607843137254902,1.5686274509803921,2,0.35350923905873427,0.19834710743801653,0.1375,0.6932291666666667,-18.120635555098794,-46.3669344428189
tabm_periodic_kzt_120m_s1_kztcal,2025-01-01,2025,normal,cadence90_cd2,242,242,74,51,0.9607843137254902,1.4509803921568627,2,0.14927375958654068,0.19834710743801653,0.2702702702702703,1.3626126126126126,10.976587600493094,-17.269711287227015
tabm_periodic_kzt_120m_s1_kztcal,2025-01-01,2025,oxr_delayed,cadence90_cd2,242,242,80,51,0.9607843137254902,1.5686274509803921,2,0.34185048155874054,0.19834710743801653,0.1375,0.6932291666666667,-18.120635555098794,-46.3669344428189
tabm_periodic_kzt_120m_s1_kztcal,2025-01-01,2025,bank_delayed,cadence85_cd2,242,242,67,51,0.9215686274509803,1.3137254901960784,4,0.15125568941393167,0.19834710743801653,0.2835820895522388,1.4297263681592038,21.543509026063393,-6.702789861656714
tabm_periodic_kzt_120m_s1_kztcal,2025-01-01,2025,both_delayed,cadence85_cd2,242,242,80,51,0.9607843137254902,1.5686274509803921,2,0.35350923905873427,0.19834710743801653,0.1375,0.6932291666666667,-18.120635555098794,-46.3669344428189
tabm_periodic_kzt_120m_s1_kztcal,2025-01-01,2025,normal,cadence85_cd2,242,242,67,51,0.9607843137254902,1.3137254901960784,2,0.14927375958654068,0.19834710743801653,0.29850746268656714,1.5049751243781093,25.64426736237523,-2.602031525344879
tabm_periodic_kzt_120m_s1_kztcal,2025-01-01,2025,oxr_delayed,cadence85_cd2,242,242,80,51,0.9607843137254902,1.5686274509803921,2,0.34185048155874054,0.19834710743801653,0.1375,0.6932291666666667,-18.120635555098794,-46.3669344428189
tabm_periodic_kzt_120m_s1_kztcal,2026-01-01,2026,bank_delayed,legacy,156,156,36,33,0.9090909090909091,1.0909090909090908,3,0.2076053705278651,0.36538461538461536,0.4444444444444444,1.2163742690058479,23.840197050610257,61.00477334232937
tabm_periodic_kzt_120m_s1_kztcal,2026-01-01,2026,both_delayed,legacy,156,156,39,33,0.9696969696969697,1.1818181818181819,1,0.20209236556232593,0.36538461538461536,0.3333333333333333,0.9122807017543859,9.935210836592809,47.099787128311924
tabm_periodic_kzt_120m_s1_kztcal,2026-01-01,2026,normal,legacy,156,156,35,33,0.9696969696969697,1.0606060606060606,1,0.19997756924198426,0.36538461538461536,0.4857142857142857,1.3293233082706768,40.89908666855338,78.0636629602725
tabm_periodic_kzt_120m_s1_kztcal,2026-01-01,2026,oxr_delayed,legacy,156,156,38,33,0.9393939393939394,1.1515151515151516,2,0.19429274231154936,0.36538461538461536,0.3157894736842105,0.8642659279778393,-8.038315857885639,29.126260433833476
tabm_periodic_kzt_120m_s1_kztcal,2026-01-01,2026,bank_delayed,cadence90_cd3,156,156,36,33,0.9090909090909091,1.0909090909090908,3,0.2076053705278651,0.36538461538461536,0.3888888888888889,1.064327485380117,15.170454194714374,52.33503048643349
tabm_periodic_kzt_120m_s1_kztcal,2026-01-01,2026,both_delayed,cadence90_cd3,156,156,39,33,0.9696969696969697,1.1818181818181819,1,0.20209236556232593,0.36538461538461536,0.3333333333333333,0.9122807017543859,9.935210836592809,47.099787128311924
tabm_periodic_kzt_120m_s1_kztcal,2026-01-01,2026,normal,cadence90_cd3,156,156,35,33,0.9696969696969697,1.0606060606060606,1,0.19997756924198426,0.36538461538461536,0.4857142857142857,1.3293233082706768,40.89908666855338,78.0636629602725
tabm_periodic_kzt_120m_s1_kztcal,2026-01-01,2026,oxr_delayed,cadence90_cd3,156,156,39,33,0.9696969696969697,1.1818181818181819,1,0.19429274231154936,0.36538461538461536,0.3333333333333333,0.9122807017543859,9.935210836592809,47.099787128311924
tabm_periodic_kzt_120m_s1_kztcal,2026-01-01,2026,bank_delayed,cadence90_cd2,156,156,43,33,0.9393939393939394,1.303030303030303,2,0.2076053705278651,0.36538461538461536,0.46511627906976744,1.2729498164014688,26.615028793263534,63.77960508498265
tabm_periodic_kzt_120m_s1_kztcal,2026-01-01,2026,both_delayed,cadence90_cd2,156,156,50,33,1.0,1.5151515151515151,0,0.20209236556232593,0.36538461538461536,0.38,1.04,17.53717358404655,54.701749875765664
tabm_periodic_kzt_120m_s1_kztcal,2026-01-01,2026,normal,cadence90_cd2,156,156,44,33,0.9696969696969697,1.3333333333333333,1,0.19997756924198426,0.36538461538461536,0.5,1.368421052631579,31.96864434804222,69.13322063976133
tabm_periodic_kzt_120m_s1_kztcal,2026-01-01,2026,oxr_delayed,cadence90_cd2,156,156,49,33,0.9696969696969697,1.4848484848484849,1,0.19429274231154936,0.36538461538461536,0.40816326530612246,1.117078410311493,2.2152830017566743,39.37985929347579
tabm_periodic_kzt_120m_s1_kztcal,2026-01-01,2026,bank_delayed,cadence85_cd2,156,156,41,33,0.9090909090909091,1.2424242424242424,3,0.2076053705278651,0.36538461538461536,0.4878048780487805,1.3350449293966624,41.469163221699844,78.63373951341896
tabm_periodic_kzt_120m_s1_kztcal,2026-01-01,2026,both_delayed,cadence85_cd2,156,156,50,33,1.0,1.5151515151515151,0,0.20209236556232593,0.36538461538461536,0.38,1.04,17.53717358404655,54.701749875765664
tabm_periodic_kzt_120m_s1_kztcal,2026-01-01,2026,normal,cadence85_cd2,156,156,43,33,0.9696969696969697,1.303030303030303,1,0.19997756924198426,0.36538461538461536,0.4883720930232558,1.3365973072215422,37.78742516336786,74.95200145508697
tabm_periodic_kzt_120m_s1_kztcal,2026-01-01,2026,oxr_delayed,cadence85_cd2,156,156,49,33,0.9696969696969697,1.4848484848484849,1,0.19429274231154936,0.36538461538461536,0.40816326530612246,1.117078410311493,10.030646216847053,47.19522250856617
tabm_periodic_kzt_120m_s2_kztcal,2025-01-01,2025,bank_delayed,legacy,242,242,45,51,0.803921568627451,0.8823529411764706,10,0.1455017852119978,0.19834710743801653,0.4,2.0166666666666666,55.43766428322259,27.191365395502483
tabm_periodic_kzt_120m_s2_kztcal,2025-01-01,2025,both_delayed,legacy,242,242,60,51,0.9411764705882353,1.1764705882352942,3,0.33950094095541433,0.19834710743801653,0.15,0.75625,-0.8203922012711118,-29.06669108899122
tabm_periodic_kzt_120m_s2_kztcal,2025-01-01,2025,normal,legacy,242,242,41,51,0.7647058823529411,0.803921568627451,12,0.1440234425981792,0.19834710743801653,0.3902439024390244,1.967479674796748,70.40006299997518,42.15376411225507
tabm_periodic_kzt_120m_s2_kztcal,2025-01-01,2025,oxr_delayed,legacy,242,242,60,51,0.9411764705882353,1.1764705882352942,3,0.3330399379606567,0.19834710743801653,0.15,0.75625,-0.8203922012711118,-29.06669108899122
tabm_periodic_kzt_120m_s2_kztcal,2025-01-01,2025,bank_delayed,cadence90_cd3,242,242,59,51,0.9411764705882353,1.1568627450980393,3,0.1455017852119978,0.19834710743801653,0.2711864406779661,1.3672316384180792,13.521906637487206,-14.724392250232903
tabm_periodic_kzt_120m_s2_kztcal,2025-01-01,2025,both_delayed,cadence90_cd3,242,242,60,51,0.9215686274509803,1.1764705882352942,4,0.33950094095541433,0.19834710743801653,0.13333333333333333,0.6722222222222222,-10.125706903986675,-38.37200579170678
tabm_periodic_kzt_120m_s2_kztcal,2025-01-01,2025,normal,cadence90_cd3,242,242,59,51,0.9607843137254902,1.1568627450980393,2,0.1440234425981792,0.19834710743801653,0.2711864406779661,1.3672316384180792,14.352077225891408,-13.8942216618287
tabm_periodic_kzt_120m_s2_kztcal,2025-01-01,2025,oxr_delayed,cadence90_cd3,242,242,60,51,0.9215686274509803,1.1764705882352942,4,0.3330399379606567,0.19834710743801653,0.13333333333333333,0.6722222222222222,-10.125706903986675,-38.37200579170678
tabm_periodic_kzt_120m_s2_kztcal,2025-01-01,2025,bank_delayed,cadence90_cd2,242,242,67,51,0.9411764705882353,1.3137254901960784,3,0.1455017852119978,0.19834710743801653,0.23880597014925373,1.2039800995024874,20.166868106321935,-8.079430781398171
tabm_periodic_kzt_120m_s2_kztcal,2025-01-01,2025,both_delayed,cadence90_cd2,242,242,80,51,0.9607843137254902,1.5686274509803921,2,0.33950094095541433,0.19834710743801653,0.1375,0.6932291666666667,-18.120635555098794,-46.3669344428189
tabm_periodic_kzt_120m_s2_kztcal,2025-01-01,2025,normal,cadence90_cd2,242,242,68,51,0.9411764705882353,1.3333333333333333,3,0.1440234425981792,0.19834710743801653,0.29411764705882354,1.482843137254902,15.845381115831314,-12.400917771888794
tabm_periodic_kzt_120m_s2_kztcal,2025-01-01,2025,oxr_delayed,cadence90_cd2,242,242,80,51,0.9607843137254902,1.5686274509803921,2,0.3330399379606567,0.19834710743801653,0.1375,0.6932291666666667,-18.120635555098794,-46.3669344428189
tabm_periodic_kzt_120m_s2_kztcal,2025-01-01,2025,bank_delayed,cadence85_cd2,242,242,61,51,0.8627450980392157,1.196078431372549,7,0.1455017852119978,0.19834710743801653,0.3114754098360656,1.5703551912568305,33.3939023948915,5.147603507171387
tabm_periodic_kzt_120m_s2_kztcal,2025-01-01,2025,both_delayed,cadence85_cd2,242,242,80,51,0.9607843137254902,1.5686274509803921,2,0.33950094095541433,0.19834710743801653,0.1375,0.6932291666666667,-18.120635555098794,-46.3669344428189
tabm_periodic_kzt_120m_s2_kztcal,2025-01-01,2025,normal,cadence85_cd2,242,242,60,51,0.8823529411764706,1.1764705882352942,6,0.1440234425981792,0.19834710743801653,0.3,1.5125,44.95737221465642,16.71107332693631
tabm_periodic_kzt_120m_s2_kztcal,2025-01-01,2025,oxr_delayed,cadence85_cd2,242,242,80,51,0.9607843137254902,1.5686274509803921,2,0.3330399379606567,0.19834710743801653,0.1375,0.6932291666666667,-18.120635555098794,-46.3669344428189
tabm_periodic_kzt_120m_s2_kztcal,2026-01-01,2026,bank_delayed,legacy,156,156,35,33,0.9090909090909091,1.0606060606060606,3,0.21039702641961283,0.36538461538461536,0.42857142857142855,1.1729323308270676,24.419075561501792,61.58365185322091
tabm_periodic_kzt_120m_s2_kztcal,2026-01-01,2026,both_delayed,legacy,156,156,35,33,0.9090909090909091,1.0606060606060606,3,0.21389425847391857,0.36538461538461536,0.4857142857142857,1.3293233082706768,33.33652535613754,70.50110164785666
tabm_periodic_kzt_120m_s2_kztcal,2026-01-01,2026,normal,legacy,156,156,34,33,0.8787878787878788,1.0303030303030303,4,0.19836603111443796,0.36538461538461536,0.5,1.368421052631579,40.875943731259866,78.04052002297898
tabm_periodic_kzt_120m_s2_kztcal,2026-01-01,2026,oxr_delayed,legacy,156,156,34,33,0.8484848484848485,1.0303030303030303,5,0.20089561180147777,0.36538461538461536,0.47058823529411764,1.2879256965944272,40.22246267582237,77.38703896754149
tabm_periodic_kzt_120m_s2_kztcal,2026-01-01,2026,bank_delayed,cadence90_cd3,156,156,36,33,0.9090909090909091,1.0909090909090908,3,0.21039702641961283,0.36538461538461536,0.3888888888888889,1.064327485380117,15.170454194714374,52.33503048643349
tabm_periodic_kzt_120m_s2_kztcal,2026-01-01,2026,both_delayed,cadence90_cd3,156,156,37,33,0.9696969696969697,1.121212121212121,1,0.21389425847391857,0.36538461538461536,0.35135135135135137,0.961593172119488,18.405575923621505,55.57015221534062
tabm_periodic_kzt_120m_s2_kztcal,2026-01-01,2026,normal,cadence90_cd3,156,156,36,33,1.0,1.0909090909090908,0,0.19836603111443796,0.36538461538461536,0.5,1.368421052631579,49.613349932242514,86.77792622396163
tabm_periodic_kzt_120m_s2_kztcal,2026-01-01,2026,oxr_delayed,cadence90_cd3,156,156,35,33,0.9393939393939394,1.0606060606060606,2,0.20089561180147777,0.36538461538461536,0.4857142857142857,1.3293233082706768,51.74911630863933,88.91369260035844
tabm_periodic_kzt_120m_s2_kztcal,2026-01-01,2026,bank_delayed,cadence90_cd2,156,156,42,33,0.9090909090909091,1.2727272727272727,3,0.21039702641961283,0.36538461538461536,0.47619047619047616,1.3032581453634084,43.05187713926587,80.21645343098498
tabm_periodic_kzt_120m_s2_kztcal,2026-01-01,2026,both_delayed,cadence90_cd2,156,156,40,33,0.8787878787878788,1.2121212121212122,4,0.21389425847391857,0.36538461538461536,0.425,1.1631578947368422,43.252090998056346,80.41666728977546
tabm_periodic_kzt_120m_s2_kztcal,2026-01-01,2026,normal,cadence90_cd2,156,156,42,33,0.9393939393939394,1.2727272727272727,2,0.19836603111443796,0.36538461538461536,0.5238095238095238,1.4335839598997495,49.01023871527964,86.17481500699876
tabm_periodic_kzt_120m_s2_kztcal,2026-01-01,2026,oxr_delayed,cadence90_cd2,156,156,42,33,0.9393939393939394,1.2727272727272727,2,0.20089561180147777,0.36538461538461536,0.47619047619047616,1.3032581453634084,42.056809003208826,79.22138529492794
tabm_periodic_kzt_120m_s2_kztcal,2026-01-01,2026,bank_delayed,cadence85_cd2,156,156,39,33,0.8787878787878788,1.1818181818181819,4,0.21039702641961283,0.36538461538461536,0.46153846153846156,1.2631578947368423,48.818409860629956,85.98298615234907
tabm_periodic_kzt_120m_s2_kztcal,2026-01-01,2026,both_delayed,cadence85_cd2,156,156,39,33,0.8484848484848485,1.1818181818181819,5,0.21389425847391857,0.36538461538461536,0.4358974358974359,1.192982456140351,43.152652429712305,80.31722872143142
tabm_periodic_kzt_120m_s2_kztcal,2026-01-01,2026,normal,cadence85_cd2,156,156,40,33,0.8787878787878788,1.2121212121212122,4,0.19836603111443796,0.36538461538461536,0.55,1.505263157894737,66.21511623261752,103.37969252433663
tabm_periodic_kzt_120m_s2_kztcal,2026-01-01,2026,oxr_delayed,cadence85_cd2,156,156,39,33,0.8484848484848485,1.1818181818181819,5,0.20089561180147777,0.36538461538461536,0.46153846153846156,1.2631578947368423,66.31477200109877,103.47934829281789
tabm_periodic_kzt_120m_sensemble3_kztcal,2025-01-01,2025,bank_delayed,legacy,242,242,48,51,0.8823529411764706,0.9411764705882353,6,0.14752473708846095,0.19834710743801653,0.4166666666666667,2.1006944444444446,42.41835821506991,14.172059327349798
tabm_periodic_kzt_120m_sensemble3_kztcal,2025-01-01,2025,both_delayed,legacy,242,242,60,51,0.9411764705882353,1.1764705882352942,3,0.4068874010270805,0.19834710743801653,0.15,0.75625,-0.8203922012711118,-29.06669108899122
tabm_periodic_kzt_120m_sensemble3_kztcal,2025-01-01,2025,normal,legacy,242,242,48,51,0.8235294117647058,0.9411764705882353,9,0.14497379091522522,0.19834710743801653,0.3333333333333333,1.6805555555555554,46.43168566614213,18.185386778422025
tabm_periodic_kzt_120m_sensemble3_kztcal,2025-01-01,2025,oxr_delayed,legacy,242,242,60,51,0.9411764705882353,1.1764705882352942,3,0.4013514550853896,0.19834710743801653,0.15,0.75625,-0.8203922012711118,-29.06669108899122
tabm_periodic_kzt_120m_sensemble3_kztcal,2025-01-01,2025,bank_delayed,cadence90_cd3,242,242,54,51,0.9019607843137255,1.0588235294117647,5,0.14752473708846095,0.19834710743801653,0.2777777777777778,1.400462962962963,23.21210969721794,-5.034189190502168
tabm_periodic_kzt_120m_sensemble3_kztcal,2025-01-01,2025,both_delayed,cadence90_cd3,242,242,60,51,0.9411764705882353,1.1764705882352942,3,0.4068874010270805,0.19834710743801653,0.15,0.75625,-0.8203922012711118,-29.06669108899122
tabm_periodic_kzt_120m_sensemble3_kztcal,2025-01-01,2025,normal,cadence90_cd3,242,242,55,51,0.9411764705882353,1.0784313725490196,3,0.14497379091522522,0.19834710743801653,0.23636363636363636,1.1916666666666667,33.31272899971814,5.066430111998031
tabm_periodic_kzt_120m_sensemble3_kztcal,2025-01-01,2025,oxr_delayed,cadence90_cd3,242,242,60,51,0.9411764705882353,1.1764705882352942,3,0.4013514550853896,0.19834710743801653,0.15,0.75625,-0.8203922012711118,-29.06669108899122
tabm_periodic_kzt_120m_sensemble3_kztcal,2025-01-01,2025,bank_delayed,cadence90_cd2,242,242,70,51,0.9607843137254902,1.3725490196078431,2,0.14752473708846095,0.19834710743801653,0.2571428571428571,1.2964285714285713,20.25566590722859,-7.99063298049152
tabm_periodic_kzt_120m_sensemble3_kztcal,2025-01-01,2025,both_delayed,cadence90_cd2,242,242,80,51,0.9607843137254902,1.5686274509803921,2,0.4068874010270805,0.19834710743801653,0.1375,0.6932291666666667,-18.120635555098794,-46.3669344428189
tabm_periodic_kzt_120m_sensemble3_kztcal,2025-01-01,2025,normal,cadence90_cd2,242,242,70,51,0.9607843137254902,1.3725490196078431,2,0.14497379091522522,0.19834710743801653,0.2857142857142857,1.4404761904761905,24.013819561435685,-4.232479326284424
tabm_periodic_kzt_120m_sensemble3_kztcal,2025-01-01,2025,oxr_delayed,cadence90_cd2,242,242,80,51,0.9607843137254902,1.5686274509803921,2,0.4013514550853896,0.19834710743801653,0.1375,0.6932291666666667,-18.120635555098794,-46.3669344428189
tabm_periodic_kzt_120m_sensemble3_kztcal,2025-01-01,2025,bank_delayed,cadence85_cd2,242,242,62,51,0.8823529411764706,1.2156862745098038,6,0.14752473708846095,0.19834710743801653,0.2903225806451613,1.463709677419355,30.184336572789245,1.9380376850691363
tabm_periodic_kzt_120m_sensemble3_kztcal,2025-01-01,2025,both_delayed,cadence85_cd2,242,242,80,51,0.9607843137254902,1.5686274509803921,2,0.4068874010270805,0.19834710743801653,0.1375,0.6932291666666667,-18.120635555098794,-46.3669344428189
tabm_periodic_kzt_120m_sensemble3_kztcal,2025-01-01,2025,normal,cadence85_cd2,242,242,64,51,0.8823529411764706,1.2549019607843137,6,0.14497379091522522,0.19834710743801653,0.3125,1.5755208333333333,33.578731012184505,5.332432124464399
tabm_periodic_kzt_120m_sensemble3_kztcal,2025-01-01,2025,oxr_delayed,cadence85_cd2,242,242,80,51,0.9607843137254902,1.5686274509803921,2,0.4013514550853896,0.19834710743801653,0.1375,0.6932291666666667,-18.120635555098794,-46.3669344428189
tabm_periodic_kzt_120m_sensemble3_kztcal,2026-01-01,2026,bank_delayed,legacy,156,156,36,33,0.9090909090909091,1.0909090909090908,3,0.2079537284261159,0.36538461538461536,0.4444444444444444,1.2163742690058479,23.37210747143697,60.536683763156084
tabm_periodic_kzt_120m_sensemble3_kztcal,2026-01-01,2026,both_delayed,legacy,156,156,37,33,0.9696969696969697,1.121212121212121,1,0.20367060154029926,0.36538461538461536,0.35135135135135137,0.961593172119488,20.986823308212635,58.15139959993175
tabm_periodic_kzt_120m_sensemble3_kztcal,2026-01-01,2026,normal,legacy,156,156,34,33,0.8787878787878788,1.0303030303030303,4,0.196641771731045,0.36538461538461536,0.5,1.368421052631579,40.875943731259866,78.04052002297898
tabm_periodic_kzt_120m_sensemble3_kztcal,2026-01-01,2026,oxr_delayed,legacy,156,156,36,33,1.0,1.0909090909090908,0,0.19183554184968746,0.36538461538461536,0.5,1.368421052631579,50.081439511415795,87.24601580313491
tabm_periodic_kzt_120m_sensemble3_kztcal,2026-01-01,2026,bank_delayed,cadence90_cd3,156,156,36,33,0.9090909090909091,1.0909090909090908,3,0.2079537284261159,0.36538461538461536,0.3888888888888889,1.064327485380117,15.170454194714374,52.33503048643349
tabm_periodic_kzt_120m_sensemble3_kztcal,2026-01-01,2026,both_delayed,cadence90_cd3,156,156,38,33,0.9696969696969697,1.1515151515151516,1,0.20367060154029926,0.36538461538461536,0.34210526315789475,0.9362880886426593,12.56118693119955,49.725763222918665
tabm_periodic_kzt_120m_sensemble3_kztcal,2026-01-01,2026,normal,cadence90_cd3,156,156,36,33,1.0,1.0909090909090908,0,0.196641771731045,0.36538461538461536,0.5,1.368421052631579,50.081439511415795,87.24601580313491
tabm_periodic_kzt_120m_sensemble3_kztcal,2026-01-01,2026,oxr_delayed,cadence90_cd3,156,156,36,33,0.9696969696969697,1.0909090909090908,1,0.19183554184968746,0.36538461538461536,0.4722222222222222,1.2923976608187135,43.57374924653142,80.73832553825054
tabm_periodic_kzt_120m_sensemble3_kztcal,2026-01-01,2026,bank_delayed,cadence90_cd2,156,156,42,33,0.9090909090909091,1.2727272727272727,3,0.2079537284261159,0.36538461538461536,0.5,1.368421052631579,45.073752585629364,82.23832887734848
tabm_periodic_kzt_120m_sensemble3_kztcal,2026-01-01,2026,both_delayed,cadence90_cd2,156,156,46,33,0.9696969696969697,1.393939393939394,1,0.20367060154029926,0.36538461538461536,0.45652173913043476,1.2494279176201373,24.14306847690421,61.30764476862333
tabm_periodic_kzt_120m_sensemble3_kztcal,2026-01-01,2026,normal,cadence90_cd2,156,156,44,33,0.9696969696969697,1.3333333333333333,1,0.196641771731045,0.36538461538461536,0.5,1.368421052631579,37.23054142222033,74.39511771393944
tabm_periodic_kzt_120m_sensemble3_kztcal,2026-01-01,2026,oxr_delayed,cadence90_cd2,156,156,45,33,0.9393939393939394,1.3636363636363635,2,0.19183554184968746,0.36538461538461536,0.5111111111111111,1.3988304093567252,31.01342463279822,68.17800092451733
tabm_periodic_kzt_120m_sensemble3_kztcal,2026-01-01,2026,bank_delayed,cadence85_cd2,156,156,42,33,0.9090909090909091,1.2727272727272727,3,0.2079537284261159,0.36538461538461536,0.5,1.368421052631579,45.073752585629364,82.23832887734848
tabm_periodic_kzt_120m_sensemble3_kztcal,2026-01-01,2026,both_delayed,cadence85_cd2,156,156,46,33,0.9696969696969697,1.393939393939394,1,0.20367060154029926,0.36538461538461536,0.45652173913043476,1.2494279176201373,24.14306847690421,61.30764476862333
tabm_periodic_kzt_120m_sensemble3_kztcal,2026-01-01,2026,normal,cadence85_cd2,156,156,44,33,0.9696969696969697,1.3333333333333333,1,0.196641771731045,0.36538461538461536,0.5,1.368421052631579,37.23054142222033,74.39511771393944
tabm_periodic_kzt_120m_sensemble3_kztcal,2026-01-01,2026,oxr_delayed,cadence85_cd2,156,156,45,33,0.9393939393939394,1.3636363636363635,2,0.19183554184968746,0.36538461538461536,0.5111111111111111,1.3988304093567252,31.01342463279822,68.17800092451733
tabm_periodic_pooled_120m_s0_kztcal,2025-01-01,2025,bank_delayed,legacy,242,242,43,51,0.7254901960784313,0.8431372549019608,14,0.1513067248425969,0.19834710743801653,0.32558139534883723,1.6414728682170543,56.09629233092656,27.849993443206454
tabm_periodic_pooled_120m_s0_kztcal,2025-01-01,2025,both_delayed,legacy,242,242,38,51,0.6666666666666666,0.7450980392156863,17,0.15039911179287876,0.19834710743801653,0.42105263157894735,2.1228070175438596,74.99553092447945,46.74923203675934
tabm_periodic_pooled_120m_s0_kztcal,2025-01-01,2025,normal,legacy,242,242,45,51,0.7843137254901961,0.8823529411764706,11,0.14936071609127527,0.19834710743801653,0.37777777777777777,1.9046296296296295,46.41465798033268,18.168359092612572
tabm_periodic_pooled_120m_s0_kztcal,2025-01-01,2025,oxr_delayed,legacy,242,242,39,51,0.6666666666666666,0.7647058823529411,17,0.1484374046501537,0.19834710743801653,0.46153846153846156,2.326923076923077,81.31165660421294,53.065357716492834
tabm_periodic_pooled_120m_s0_kztcal,2025-01-01,2025,bank_delayed,cadence90_cd3,242,242,52,51,0.9215686274509803,1.0196078431372548,4,0.1513067248425969,0.19834710743801653,0.25,1.2604166666666667,28.841008429044013,0.5947095413239042
tabm_periodic_pooled_120m_s0_kztcal,2025-01-01,2025,both_delayed,cadence90_cd3,242,242,43,51,0.7450980392156863,0.8431372549019608,13,0.15039911179287876,0.19834710743801653,0.3488372093023256,1.7587209302325582,47.066060171234156,18.81976128351405
tabm_periodic_pooled_120m_s0_kztcal,2025-01-01,2025,normal,cadence90_cd3,242,242,53,51,0.9607843137254902,1.0392156862745099,2,0.14936071609127527,0.19834710743801653,0.2830188679245283,1.4268867924528301,29.009690240642904,0.763391352922794
tabm_periodic_pooled_120m_s0_kztcal,2025-01-01,2025,oxr_delayed,cadence90_cd3,242,242,43,51,0.7254901960784313,0.8431372549019608,14,0.1484374046501537,0.19834710743801653,0.4186046511627907,2.11046511627907,52.49251733489753,24.24621844717742
tabm_periodic_pooled_120m_s0_kztcal,2025-01-01,2025,bank_delayed,cadence90_cd2,242,242,64,51,0.9215686274509803,1.2549019607843137,4,0.1513067248425969,0.19834710743801653,0.28125,1.41796875,30.6007332247922,2.354434337072092
tabm_periodic_pooled_120m_s0_kztcal,2025-01-01,2025,both_delayed,cadence90_cd2,242,242,54,51,0.803921568627451,1.0588235294117647,10,0.15039911179287876,0.19834710743801653,0.3148148148148148,1.5871913580246915,35.73639500426777,7.490096116547659
tabm_periodic_pooled_120m_s0_kztcal,2025-01-01,2025,normal,cadence90_cd2,242,242,65,51,0.9607843137254902,1.2745098039215685,2,0.14936071609127527,0.19834710743801653,0.2923076923076923,1.4737179487179488,36.53802943492131,8.291730547201206
tabm_periodic_pooled_120m_s0_kztcal,2025-01-01,2025,oxr_delayed,cadence90_cd2,242,242,50,51,0.7843137254901961,0.9803921568627451,11,0.1484374046501537,0.19834710743801653,0.38,1.9158333333333333,56.33914363930373,28.092844751583616
tabm_periodic_pooled_120m_s0_kztcal,2025-01-01,2025,bank_delayed,cadence85_cd2,242,242,56,51,0.8235294117647058,1.0980392156862746,9,0.1513067248425969,0.19834710743801653,0.32142857142857145,1.6205357142857144,41.94243248958954,13.696133601869434
tabm_periodic_pooled_120m_s0_kztcal,2025-01-01,2025,both_delayed,cadence85_cd2,242,242,47,51,0.7254901960784313,0.9215686274509803,14,0.15039911179287876,0.19834710743801653,0.3617021276595745,1.823581560283688,50.57770509106338,22.331406203343274
tabm_periodic_pooled_120m_s0_kztcal,2025-01-01,2025,normal,cadence85_cd2,242,242,58,51,0.8431372549019608,1.1372549019607843,8,0.14936071609127527,0.19834710743801653,0.3448275862068966,1.738505747126437,43.03539435583136,14.789095468111245
tabm_periodic_pooled_120m_s0_kztcal,2025-01-01,2025,oxr_delayed,cadence85_cd2,242,242,46,51,0.7647058823529411,0.9019607843137255,12,0.1484374046501537,0.19834710743801653,0.41304347826086957,2.082427536231884,64.16276981593464,35.91647092821454
tabm_periodic_pooled_120m_s0_kztcal,2026-01-01,2026,bank_delayed,legacy,156,156,36,33,0.9090909090909091,1.0909090909090908,3,0.21653951638807742,0.36538461538461536,0.3888888888888889,1.064327485380117,17.823402895544135,54.98797918726325
tabm_periodic_pooled_120m_s0_kztcal,2026-01-01,2026,both_delayed,legacy,156,156,37,33,0.9696969696969697,1.121212121212121,1,0.215463306639625,0.36538461538461536,0.35135135135135137,0.961593172119488,18.745017930967222,55.90959422268634
tabm_periodic_pooled_120m_s0_kztcal,2026-01-01,2026,normal,legacy,156,156,36,33,0.9696969696969697,1.0909090909090908,1,0.20911064938359686,0.36538461538461536,0.4722222222222222,1.2923976608187135,43.57374924653142,80.73832553825054
tabm_periodic_pooled_120m_s0_kztcal,2026-01-01,2026,oxr_delayed,legacy,156,156,36,33,0.9696969696969697,1.0909090909090908,1,0.2081599825136896,0.36538461538461536,0.4722222222222222,1.2923976608187135,34.546810029602256,71.71138632132137
tabm_periodic_pooled_120m_s0_kztcal,2026-01-01,2026,bank_delayed,cadence90_cd3,156,156,36,33,0.9090909090909091,1.0909090909090908,3,0.21653951638807742,0.36538461538461536,0.3888888888888889,1.064327485380117,17.823402895544135,54.98797918726325
tabm_periodic_pooled_120m_s0_kztcal,2026-01-01,2026,both_delayed,cadence90_cd3,156,156,37,33,0.9696969696969697,1.121212121212121,1,0.215463306639625,0.36538461538461536,0.35135135135135137,0.961593172119488,18.745017930967222,55.90959422268634
tabm_periodic_pooled_120m_s0_kztcal,2026-01-01,2026,normal,cadence90_cd3,156,156,36,33,0.9696969696969697,1.0909090909090908,1,0.20911064938359686,0.36538461538461536,0.4722222222222222,1.2923976608187135,43.57374924653142,80.73832553825054
tabm_periodic_pooled_120m_s0_kztcal,2026-01-01,2026,oxr_delayed,cadence90_cd3,156,156,36,33,0.9696969696969697,1.0909090909090908,1,0.2081599825136896,0.36538461538461536,0.4722222222222222,1.2923976608187135,34.546810029602256,71.71138632132137
tabm_periodic_pooled_120m_s0_kztcal,2026-01-01,2026,bank_delayed,cadence90_cd2,156,156,44,33,0.9696969696969697,1.3333333333333333,1,0.21653951638807742,0.36538461538461536,0.4318181818181818,1.1818181818181819,19.610839929492954,56.77541622121207
tabm_periodic_pooled_120m_s0_kztcal,2026-01-01,2026,both_delayed,cadence90_cd2,156,156,44,33,0.9393939393939394,1.3333333333333333,2,0.215463306639625,0.36538461538461536,0.4318181818181818,1.1818181818181819,31.53396509004125,68.69854138176036
tabm_periodic_pooled_120m_s0_kztcal,2026-01-01,2026,normal,cadence90_cd2,156,156,44,33,0.9393939393939394,1.3333333333333333,2,0.20911064938359686,0.36538461538461536,0.4090909090909091,1.1196172248803828,29.213468474971563,66.37804476669068
tabm_periodic_pooled_120m_s0_kztcal,2026-01-01,2026,oxr_delayed,cadence90_cd2,156,156,44,33,0.9090909090909091,1.3333333333333333,3,0.2081599825136896,0.36538461538461536,0.4318181818181818,1.1818181818181819,33.136568251155566,70.30114454287468
tabm_periodic_pooled_120m_s0_kztcal,2026-01-01,2026,bank_delayed,cadence85_cd2,156,156,41,33,0.9393939393939394,1.2424242424242424,2,0.21653951638807742,0.36538461538461536,0.43902439024390244,1.2015404364569962,29.17760418794751,66.34218047966662
tabm_periodic_pooled_120m_s0_kztcal,2026-01-01,2026,both_delayed,cadence85_cd2,156,156,43,33,0.9393939393939394,1.303030303030303,2,0.215463306639625,0.36538461538461536,0.4186046511627907,1.145654834761322,26.96479828604909,64.1293745777682
tabm_periodic_pooled_120m_s0_kztcal,2026-01-01,2026,normal,cadence85_cd2,156,156,41,33,0.9090909090909091,1.2424242424242424,3,0.20911064938359686,0.36538461538461536,0.4634146341463415,1.2682926829268295,36.281414070934105,73.44599036265322
tabm_periodic_pooled_120m_s0_kztcal,2026-01-01,2026,oxr_delayed,cadence85_cd2,156,156,43,33,0.9393939393939394,1.303030303030303,2,0.2081599825136896,0.36538461538461536,0.4418604651162791,1.2093023255813955,35.332054992576204,72.49663128429532
tabm_periodic_pooled_120m_s0_pooledcal,2025-01-01,2025,bank_delayed,legacy,242,242,43,51,0.7254901960784313,0.8431372549019608,14,0.15870066993537682,0.19834710743801653,0.32558139534883723,1.6414728682170543,56.09629233092656,27.849993443206454
tabm_periodic_pooled_120m_s0_pooledcal,2025-01-01,2025,both_delayed,legacy,242,242,38,51,0.6666666666666666,0.7450980392156863,17,0.15330084151231937,0.19834710743801653,0.42105263157894735,2.1228070175438596,74.99553092447945,46.74923203675934
tabm_periodic_pooled_120m_s0_pooledcal,2025-01-01,2025,normal,legacy,242,242,45,51,0.7843137254901961,0.8823529411764706,11,0.156371846087898,0.19834710743801653,0.37777777777777777,1.9046296296296295,46.41465798033268,18.168359092612572
tabm_periodic_pooled_120m_s0_pooledcal,2025-01-01,2025,oxr_delayed,legacy,242,242,39,51,0.6666666666666666,0.7647058823529411,17,0.1509585222816272,0.19834710743801653,0.46153846153846156,2.326923076923077,81.31165660421294,53.065357716492834
tabm_periodic_pooled_120m_s0_pooledcal,2025-01-01,2025,bank_delayed,cadence90_cd3,242,242,52,51,0.9215686274509803,1.0196078431372548,4,0.15870066993537682,0.19834710743801653,0.25,1.2604166666666667,28.841008429044013,0.5947095413239042
tabm_periodic_pooled_120m_s0_pooledcal,2025-01-01,2025,both_delayed,cadence90_cd3,242,242,43,51,0.7450980392156863,0.8431372549019608,13,0.15330084151231937,0.19834710743801653,0.3488372093023256,1.7587209302325582,47.066060171234156,18.81976128351405
tabm_periodic_pooled_120m_s0_pooledcal,2025-01-01,2025,normal,cadence90_cd3,242,242,53,51,0.9607843137254902,1.0392156862745099,2,0.156371846087898,0.19834710743801653,0.2830188679245283,1.4268867924528301,29.009690240642904,0.763391352922794
tabm_periodic_pooled_120m_s0_pooledcal,2025-01-01,2025,oxr_delayed,cadence90_cd3,242,242,43,51,0.7254901960784313,0.8431372549019608,14,0.1509585222816272,0.19834710743801653,0.4186046511627907,2.11046511627907,52.49251733489753,24.24621844717742
tabm_periodic_pooled_120m_s0_pooledcal,2025-01-01,2025,bank_delayed,cadence90_cd2,242,242,64,51,0.9215686274509803,1.2549019607843137,4,0.15870066993537682,0.19834710743801653,0.28125,1.41796875,30.6007332247922,2.354434337072092
tabm_periodic_pooled_120m_s0_pooledcal,2025-01-01,2025,both_delayed,cadence90_cd2,242,242,54,51,0.803921568627451,1.0588235294117647,10,0.15330084151231937,0.19834710743801653,0.3148148148148148,1.5871913580246915,35.73639500426777,7.490096116547659
tabm_periodic_pooled_120m_s0_pooledcal,2025-01-01,2025,normal,cadence90_cd2,242,242,65,51,0.9607843137254902,1.2745098039215685,2,0.156371846087898,0.19834710743801653,0.2923076923076923,1.4737179487179488,36.53802943492131,8.291730547201206
tabm_periodic_pooled_120m_s0_pooledcal,2025-01-01,2025,oxr_delayed,cadence90_cd2,242,242,50,51,0.7843137254901961,0.9803921568627451,11,0.1509585222816272,0.19834710743801653,0.38,1.9158333333333333,56.33914363930373,28.092844751583616
tabm_periodic_pooled_120m_s0_pooledcal,2025-01-01,2025,bank_delayed,cadence85_cd2,242,242,56,51,0.8235294117647058,1.0980392156862746,9,0.15870066993537682,0.19834710743801653,0.32142857142857145,1.6205357142857144,41.94243248958954,13.696133601869434
tabm_periodic_pooled_120m_s0_pooledcal,2025-01-01,2025,both_delayed,cadence85_cd2,242,242,47,51,0.7254901960784313,0.9215686274509803,14,0.15330084151231937,0.19834710743801653,0.3617021276595745,1.823581560283688,50.57770509106338,22.331406203343274
tabm_periodic_pooled_120m_s0_pooledcal,2025-01-01,2025,normal,cadence85_cd2,242,242,58,51,0.8431372549019608,1.1372549019607843,8,0.156371846087898,0.19834710743801653,0.3448275862068966,1.738505747126437,43.03539435583136,14.789095468111245
tabm_periodic_pooled_120m_s0_pooledcal,2025-01-01,2025,oxr_delayed,cadence85_cd2,242,242,46,51,0.7647058823529411,0.9019607843137255,12,0.1509585222816272,0.19834710743801653,0.41304347826086957,2.082427536231884,64.16276981593464,35.91647092821454
tabm_periodic_pooled_120m_s0_pooledcal,2026-01-01,2026,bank_delayed,legacy,156,156,36,33,0.9090909090909091,1.0909090909090908,3,0.21350482624475325,0.36538461538461536,0.3888888888888889,1.064327485380117,17.823402895544135,54.98797918726325
tabm_periodic_pooled_120m_s0_pooledcal,2026-01-01,2026,both_delayed,legacy,156,156,37,33,0.9696969696969697,1.121212121212121,1,0.21262556641896552,0.36538461538461536,0.35135135135135137,0.961593172119488,18.745017930967222,55.90959422268634
tabm_periodic_pooled_120m_s0_pooledcal,2026-01-01,2026,normal,legacy,156,156,36,33,0.9696969696969697,1.0909090909090908,1,0.20650575377012442,0.36538461538461536,0.4722222222222222,1.2923976608187135,43.57374924653142,80.73832553825054
tabm_periodic_pooled_120m_s0_pooledcal,2026-01-01,2026,oxr_delayed,legacy,156,156,36,33,0.9696969696969697,1.0909090909090908,1,0.20572982085282412,0.36538461538461536,0.4722222222222222,1.2923976608187135,34.546810029602256,71.71138632132137
tabm_periodic_pooled_120m_s0_pooledcal,2026-01-01,2026,bank_delayed,cadence90_cd3,156,156,36,33,0.9090909090909091,1.0909090909090908,3,0.21350482624475325,0.36538461538461536,0.3888888888888889,1.064327485380117,17.823402895544135,54.98797918726325
tabm_periodic_pooled_120m_s0_pooledcal,2026-01-01,2026,both_delayed,cadence90_cd3,156,156,37,33,0.9696969696969697,1.121212121212121,1,0.21262556641896552,0.36538461538461536,0.35135135135135137,0.961593172119488,18.745017930967222,55.90959422268634
tabm_periodic_pooled_120m_s0_pooledcal,2026-01-01,2026,normal,cadence90_cd3,156,156,36,33,0.9696969696969697,1.0909090909090908,1,0.20650575377012442,0.36538461538461536,0.4722222222222222,1.2923976608187135,43.57374924653142,80.73832553825054
tabm_periodic_pooled_120m_s0_pooledcal,2026-01-01,2026,oxr_delayed,cadence90_cd3,156,156,36,33,0.9696969696969697,1.0909090909090908,1,0.20572982085282412,0.36538461538461536,0.4722222222222222,1.2923976608187135,34.546810029602256,71.71138632132137
tabm_periodic_pooled_120m_s0_pooledcal,2026-01-01,2026,bank_delayed,cadence90_cd2,156,156,44,33,0.9696969696969697,1.3333333333333333,1,0.21350482624475325,0.36538461538461536,0.4318181818181818,1.1818181818181819,19.610839929492954,56.77541622121207
tabm_periodic_pooled_120m_s0_pooledcal,2026-01-01,2026,both_delayed,cadence90_cd2,156,156,44,33,0.9393939393939394,1.3333333333333333,2,0.21262556641896552,0.36538461538461536,0.4318181818181818,1.1818181818181819,31.53396509004125,68.69854138176036
tabm_periodic_pooled_120m_s0_pooledcal,2026-01-01,2026,normal,cadence90_cd2,156,156,44,33,0.9393939393939394,1.3333333333333333,2,0.20650575377012442,0.36538461538461536,0.4090909090909091,1.1196172248803828,29.213468474971563,66.37804476669068
tabm_periodic_pooled_120m_s0_pooledcal,2026-01-01,2026,oxr_delayed,cadence90_cd2,156,156,44,33,0.9090909090909091,1.3333333333333333,3,0.20572982085282412,0.36538461538461536,0.4318181818181818,1.1818181818181819,33.136568251155566,70.30114454287468
tabm_periodic_pooled_120m_s0_pooledcal,2026-01-01,2026,bank_delayed,cadence85_cd2,156,156,41,33,0.9393939393939394,1.2424242424242424,2,0.21350482624475325,0.36538461538461536,0.43902439024390244,1.2015404364569962,29.17760418794751,66.34218047966662
tabm_periodic_pooled_120m_s0_pooledcal,2026-01-01,2026,both_delayed,cadence85_cd2,156,156,43,33,0.9393939393939394,1.303030303030303,2,0.21262556641896552,0.36538461538461536,0.4186046511627907,1.145654834761322,26.96479828604909,64.1293745777682
tabm_periodic_pooled_120m_s0_pooledcal,2026-01-01,2026,normal,cadence85_cd2,156,156,41,33,0.9090909090909091,1.2424242424242424,3,0.20650575377012442,0.36538461538461536,0.4634146341463415,1.2682926829268295,36.281414070934105,73.44599036265322
tabm_periodic_pooled_120m_s0_pooledcal,2026-01-01,2026,oxr_delayed,cadence85_cd2,156,156,43,33,0.9393939393939394,1.303030303030303,2,0.20572982085282412,0.36538461538461536,0.4418604651162791,1.2093023255813955,35.332054992576204,72.49663128429532
tabm_periodic_pooled_24m_s0_kztcal,2025-01-01,2025,bank_delayed,legacy,242,242,53,51,0.9019607843137255,1.0392156862745099,5,0.15089494812749363,0.19834710743801653,0.3018867924528302,1.522012578616352,23.2699158718938,-4.976383015826306
tabm_periodic_pooled_24m_s0_kztcal,2025-01-01,2025,both_delayed,legacy,242,242,60,51,0.9215686274509803,1.1764705882352942,4,0.1901933404894489,0.19834710743801653,0.13333333333333333,0.6722222222222222,-10.125706903986675,-38.37200579170678
tabm_periodic_pooled_24m_s0_kztcal,2025-01-01,2025,normal,legacy,242,242,54,51,0.9215686274509803,1.0588235294117647,4,0.15011933672744596,0.19834710743801653,0.3148148148148148,1.5871913580246915,16.52252576528508,-11.723773122435027
tabm_periodic_pooled_24m_s0_kztcal,2025-01-01,2025,oxr_delayed,legacy,242,242,60,51,0.9215686274509803,1.1764705882352942,4,0.19059334616642515,0.19834710743801653,0.13333333333333333,0.6722222222222222,-10.125706903986675,-38.37200579170678
tabm_periodic_pooled_24m_s0_kztcal,2025-01-01,2025,bank_delayed,cadence90_cd3,242,242,54,51,0.9019607843137255,1.0588235294117647,5,0.15089494812749363,0.19834710743801653,0.2222222222222222,1.1203703703703702,23.203926168985323,-5.042372718734786
tabm_periodic_pooled_24m_s0_kztcal,2025-01-01,2025,both_delayed,cadence90_cd3,242,242,60,51,0.9215686274509803,1.1764705882352942,4,0.1901933404894489,0.19834710743801653,0.13333333333333333,0.6722222222222222,-10.125706903986675,-38.37200579170678
tabm_periodic_pooled_24m_s0_kztcal,2025-01-01,2025,normal,cadence90_cd3,242,242,55,51,0.9215686274509803,1.0784313725490196,4,0.15011933672744596,0.19834710743801653,0.2727272727272727,1.3749999999999998,25.30988271078123,-2.9364161769388777
tabm_periodic_pooled_24m_s0_kztcal,2025-01-01,2025,oxr_delayed,cadence90_cd3,242,242,60,51,0.9215686274509803,1.1764705882352942,4,0.19059334616642515,0.19834710743801653,0.13333333333333333,0.6722222222222222,-10.125706903986675,-38.37200579170678
tabm_periodic_pooled_24m_s0_kztcal,2025-01-01,2025,bank_delayed,cadence90_cd2,242,242,66,51,0.9607843137254902,1.2941176470588236,2,0.15089494812749363,0.19834710743801653,0.2727272727272727,1.3749999999999998,35.52207510347808,7.275776215757969
tabm_periodic_pooled_24m_s0_kztcal,2025-01-01,2025,both_delayed,cadence90_cd2,242,242,81,51,1.0,1.588235294117647,0,0.1901933404894489,0.19834710743801653,0.2345679012345679,1.1826131687242798,11.341007270020317,-16.905291617699792
tabm_periodic_pooled_24m_s0_kztcal,2025-01-01,2025,normal,cadence90_cd2,242,242,71,51,1.0,1.392156862745098,0,0.15011933672744596,0.19834710743801653,0.323943661971831,1.6332159624413145,32.26136405810534,4.015065170385236
tabm_periodic_pooled_24m_s0_kztcal,2025-01-01,2025,oxr_delayed,cadence90_cd2,242,242,81,51,1.0,1.588235294117647,0,0.19059334616642515,0.19834710743801653,0.2345679012345679,1.1826131687242798,11.341007270020317,-16.905291617699792
tabm_periodic_pooled_24m_s0_kztcal,2025-01-01,2025,bank_delayed,cadence85_cd2,242,242,66,51,0.9607843137254902,1.2941176470588236,2,0.15089494812749363,0.19834710743801653,0.2727272727272727,1.3749999999999998,35.52207510347808,7.275776215757969
tabm_periodic_pooled_24m_s0_kztcal,2025-01-01,2025,both_delayed,cadence85_cd2,242,242,81,51,1.0,1.588235294117647,0,0.1901933404894489,0.19834710743801653,0.2345679012345679,1.1826131687242798,11.341007270020317,-16.905291617699792
tabm_periodic_pooled_24m_s0_kztcal,2025-01-01,2025,normal,cadence85_cd2,242,242,71,51,1.0,1.392156862745098,0,0.15011933672744596,0.19834710743801653,0.323943661971831,1.6332159624413145,32.26136405810534,4.015065170385236
tabm_periodic_pooled_24m_s0_kztcal,2025-01-01,2025,oxr_delayed,cadence85_cd2,242,242,81,51,1.0,1.588235294117647,0,0.19059334616642515,0.19834710743801653,0.2345679012345679,1.1826131687242798,11.341007270020317,-16.905291617699792
tabm_periodic_pooled_24m_s0_kztcal,2026-01-01,2026,bank_delayed,legacy,156,156,35,33,0.9393939393939394,1.0606060606060606,2,0.23387530576435495,0.36538461538461536,0.4,1.0947368421052632,45.952858896939986,83.1174351886591
tabm_periodic_pooled_24m_s0_kztcal,2026-01-01,2026,both_delayed,legacy,156,156,38,33,0.9696969696969697,1.1515151515151516,1,0.2178838580125339,0.36538461538461536,0.3157894736842105,0.8642659279778393,11.097782130330465,48.26235842204958
tabm_periodic_pooled_24m_s0_kztcal,2026-01-01,2026,normal,legacy,156,156,35,33,0.9393939393939394,1.0606060606060606,2,0.22962872685905675,0.36538461538461536,0.4857142857142857,1.3293233082706768,50.10061981389266,87.26519610561178
tabm_periodic_pooled_24m_s0_kztcal,2026-01-01,2026,oxr_delayed,legacy,156,156,38,33,0.9696969696969697,1.1515151515151516,1,0.21252639950379276,0.36538461538461536,0.34210526315789475,0.9362880886426593,21.180080208865448,58.34465650058456
tabm_periodic_pooled_24m_s0_kztcal,2026-01-01,2026,bank_delayed,cadence90_cd3,156,156,37,33,1.0,1.121212121212121,0,0.23387530576435495,0.36538461538461536,0.35135135135135137,0.961593172119488,31.99336687938144,69.15794317110056
tabm_periodic_pooled_24m_s0_kztcal,2026-01-01,2026,both_delayed,cadence90_cd3,156,156,39,33,0.9696969696969697,1.1818181818181819,1,0.2178838580125339,0.36538461538461536,0.3333333333333333,0.9122807017543859,9.935210836592809,47.099787128311924
tabm_periodic_pooled_24m_s0_kztcal,2026-01-01,2026,normal,cadence90_cd3,156,156,35,33,0.9393939393939394,1.0606060606060606,2,0.22962872685905675,0.36538461538461536,0.4857142857142857,1.3293233082706768,50.10061981389266,87.26519610561178
tabm_periodic_pooled_24m_s0_kztcal,2026-01-01,2026,oxr_delayed,cadence90_cd3,156,156,39,33,0.9696969696969697,1.1818181818181819,1,0.21252639950379276,0.36538461538461536,0.3333333333333333,0.9122807017543859,9.935210836592809,47.099787128311924
tabm_periodic_pooled_24m_s0_kztcal,2026-01-01,2026,bank_delayed,cadence90_cd2,156,156,41,33,0.8787878787878788,1.2424242424242424,4,0.23387530576435495,0.36538461538461536,0.4634146341463415,1.2682926829268295,50.20443338768703,87.36900967940615
tabm_periodic_pooled_24m_s0_kztcal,2026-01-01,2026,both_delayed,cadence90_cd2,156,156,50,33,0.9696969696969697,1.5151515151515151,1,0.2178838580125339,0.36538461538461536,0.4,1.0947368421052632,10.895727025108677,48.06030331682779
tabm_periodic_pooled_24m_s0_kztcal,2026-01-01,2026,normal,cadence90_cd2,156,156,41,33,0.9090909090909091,1.2424242424242424,3,0.22962872685905675,0.36538461538461536,0.3902439024390244,1.06803594351733,38.30635563614702,75.47093192786613
tabm_periodic_pooled_24m_s0_kztcal,2026-01-01,2026,oxr_delayed,cadence90_cd2,156,156,48,33,0.9696969696969697,1.4545454545454546,1,0.21252639950379276,0.36538461538461536,0.375,1.0263157894736843,9.619479085596694,46.78405537731581
tabm_periodic_pooled_24m_s0_kztcal,2026-01-01,2026,bank_delayed,cadence85_cd2,156,156,41,33,0.8787878787878788,1.2424242424242424,4,0.23387530576435495,0.36538461538461536,0.4634146341463415,1.2682926829268295,50.20443338768703,87.36900967940615
tabm_periodic_pooled_24m_s0_kztcal,2026-01-01,2026,both_delayed,cadence85_cd2,156,156,50,33,0.9696969696969697,1.5151515151515151,1,0.2178838580125339,0.36538461538461536,0.4,1.0947368421052632,10.895727025108677,48.06030331682779
tabm_periodic_pooled_24m_s0_kztcal,2026-01-01,2026,normal,cadence85_cd2,156,156,41,33,0.9090909090909091,1.2424242424242424,3,0.22962872685905675,0.36538461538461536,0.3902439024390244,1.06803594351733,38.30635563614702,75.47093192786613
tabm_periodic_pooled_24m_s0_kztcal,2026-01-01,2026,oxr_delayed,cadence85_cd2,156,156,48,33,0.9696969696969697,1.4545454545454546,1,0.21252639950379276,0.36538461538461536,0.375,1.0263157894736843,9.619479085596694,46.78405537731581
tabm_periodic_pooled_24m_s0_pooledcal,2025-01-01,2025,bank_delayed,legacy,242,242,53,51,0.9019607843137255,1.0392156862745099,5,0.1595518719310569,0.19834710743801653,0.3018867924528302,1.522012578616352,23.2699158718938,-4.976383015826306
tabm_periodic_pooled_24m_s0_pooledcal,2025-01-01,2025,both_delayed,legacy,242,242,60,51,0.9215686274509803,1.1764705882352942,4,0.23952693770012176,0.19834710743801653,0.13333333333333333,0.6722222222222222,-10.125706903986675,-38.37200579170678
tabm_periodic_pooled_24m_s0_pooledcal,2025-01-01,2025,normal,legacy,242,242,54,51,0.9215686274509803,1.0588235294117647,4,0.15875217264566588,0.19834710743801653,0.3148148148148148,1.5871913580246915,16.52252576528508,-11.723773122435027
tabm_periodic_pooled_24m_s0_pooledcal,2025-01-01,2025,oxr_delayed,legacy,242,242,60,51,0.9215686274509803,1.1764705882352942,4,0.2402728687152564,0.19834710743801653,0.13333333333333333,0.6722222222222222,-10.125706903986675,-38.37200579170678
tabm_periodic_pooled_24m_s0_pooledcal,2025-01-01,2025,bank_delayed,cadence90_cd3,242,242,54,51,0.9019607843137255,1.0588235294117647,5,0.1595518719310569,0.19834710743801653,0.2222222222222222,1.1203703703703702,23.203926168985323,-5.042372718734786
tabm_periodic_pooled_24m_s0_pooledcal,2025-01-01,2025,both_delayed,cadence90_cd3,242,242,60,51,0.9215686274509803,1.1764705882352942,4,0.23952693770012176,0.19834710743801653,0.13333333333333333,0.6722222222222222,-10.125706903986675,-38.37200579170678
tabm_periodic_pooled_24m_s0_pooledcal,2025-01-01,2025,normal,cadence90_cd3,242,242,55,51,0.9215686274509803,1.0784313725490196,4,0.15875217264566588,0.19834710743801653,0.2727272727272727,1.3749999999999998,25.30988271078123,-2.9364161769388777
tabm_periodic_pooled_24m_s0_pooledcal,2025-01-01,2025,oxr_delayed,cadence90_cd3,242,242,60,51,0.9215686274509803,1.1764705882352942,4,0.2402728687152564,0.19834710743801653,0.13333333333333333,0.6722222222222222,-10.125706903986675,-38.37200579170678
tabm_periodic_pooled_24m_s0_pooledcal,2025-01-01,2025,bank_delayed,cadence90_cd2,242,242,66,51,0.9607843137254902,1.2941176470588236,2,0.1595518719310569,0.19834710743801653,0.2727272727272727,1.3749999999999998,35.52207510347808,7.275776215757969
tabm_periodic_pooled_24m_s0_pooledcal,2025-01-01,2025,both_delayed,cadence90_cd2,242,242,81,51,1.0,1.588235294117647,0,0.23952693770012176,0.19834710743801653,0.2345679012345679,1.1826131687242798,11.341007270020317,-16.905291617699792
tabm_periodic_pooled_24m_s0_pooledcal,2025-01-01,2025,normal,cadence90_cd2,242,242,71,51,1.0,1.392156862745098,0,0.15875217264566588,0.19834710743801653,0.323943661971831,1.6332159624413145,32.26136405810534,4.015065170385236
tabm_periodic_pooled_24m_s0_pooledcal,2025-01-01,2025,oxr_delayed,cadence90_cd2,242,242,81,51,1.0,1.588235294117647,0,0.2402728687152564,0.19834710743801653,0.2345679012345679,1.1826131687242798,11.341007270020317,-16.905291617699792
tabm_periodic_pooled_24m_s0_pooledcal,2025-01-01,2025,bank_delayed,cadence85_cd2,242,242,66,51,0.9607843137254902,1.2941176470588236,2,0.1595518719310569,0.19834710743801653,0.2727272727272727,1.3749999999999998,35.52207510347808,7.275776215757969
tabm_periodic_pooled_24m_s0_pooledcal,2025-01-01,2025,both_delayed,cadence85_cd2,242,242,81,51,1.0,1.588235294117647,0,0.23952693770012176,0.19834710743801653,0.2345679012345679,1.1826131687242798,11.341007270020317,-16.905291617699792
tabm_periodic_pooled_24m_s0_pooledcal,2025-01-01,2025,normal,cadence85_cd2,242,242,71,51,1.0,1.392156862745098,0,0.15875217264566588,0.19834710743801653,0.323943661971831,1.6332159624413145,32.26136405810534,4.015065170385236
tabm_periodic_pooled_24m_s0_pooledcal,2025-01-01,2025,oxr_delayed,cadence85_cd2,242,242,81,51,1.0,1.588235294117647,0,0.2402728687152564,0.19834710743801653,0.2345679012345679,1.1826131687242798,11.341007270020317,-16.905291617699792
tabm_periodic_pooled_24m_s0_pooledcal,2026-01-01,2026,bank_delayed,legacy,156,156,35,33,0.9393939393939394,1.0606060606060606,2,0.22958337496078102,0.36538461538461536,0.4,1.0947368421052632,45.952858896939986,83.1174351886591
tabm_periodic_pooled_24m_s0_pooledcal,2026-01-01,2026,both_delayed,legacy,156,156,38,33,0.9696969696969697,1.1515151515151516,1,0.2184673261179099,0.36538461538461536,0.3157894736842105,0.8642659279778393,11.097782130330465,48.26235842204958
tabm_periodic_pooled_24m_s0_pooledcal,2026-01-01,2026,normal,legacy,156,156,35,33,0.9393939393939394,1.0606060606060606,2,0.22569414635979632,0.36538461538461536,0.4857142857142857,1.3293233082706768,50.10061981389266,87.26519610561178
tabm_periodic_pooled_24m_s0_pooledcal,2026-01-01,2026,oxr_delayed,legacy,156,156,38,33,0.9696969696969697,1.1515151515151516,1,0.21379545999534358,0.36538461538461536,0.34210526315789475,0.9362880886426593,21.180080208865448,58.34465650058456
tabm_periodic_pooled_24m_s0_pooledcal,2026-01-01,2026,bank_delayed,cadence90_cd3,156,156,37,33,1.0,1.121212121212121,0,0.22958337496078102,0.36538461538461536,0.35135135135135137,0.961593172119488,31.99336687938144,69.15794317110056
tabm_periodic_pooled_24m_s0_pooledcal,2026-01-01,2026,both_delayed,cadence90_cd3,156,156,39,33,0.9696969696969697,1.1818181818181819,1,0.2184673261179099,0.36538461538461536,0.3333333333333333,0.9122807017543859,9.935210836592809,47.099787128311924
tabm_periodic_pooled_24m_s0_pooledcal,2026-01-01,2026,normal,cadence90_cd3,156,156,35,33,0.9393939393939394,1.0606060606060606,2,0.22569414635979632,0.36538461538461536,0.4857142857142857,1.3293233082706768,50.10061981389266,87.26519610561178
tabm_periodic_pooled_24m_s0_pooledcal,2026-01-01,2026,oxr_delayed,cadence90_cd3,156,156,39,33,0.9696969696969697,1.1818181818181819,1,0.21379545999534358,0.36538461538461536,0.3333333333333333,0.9122807017543859,9.935210836592809,47.099787128311924
tabm_periodic_pooled_24m_s0_pooledcal,2026-01-01,2026,bank_delayed,cadence90_cd2,156,156,41,33,0.8787878787878788,1.2424242424242424,4,0.22958337496078102,0.36538461538461536,0.4634146341463415,1.2682926829268295,50.20443338768703,87.36900967940615
tabm_periodic_pooled_24m_s0_pooledcal,2026-01-01,2026,both_delayed,cadence90_cd2,156,156,50,33,0.9696969696969697,1.5151515151515151,1,0.2184673261179099,0.36538461538461536,0.4,1.0947368421052632,10.895727025108677,48.06030331682779
tabm_periodic_pooled_24m_s0_pooledcal,2026-01-01,2026,normal,cadence90_cd2,156,156,41,33,0.9090909090909091,1.2424242424242424,3,0.22569414635979632,0.36538461538461536,0.3902439024390244,1.06803594351733,38.30635563614702,75.47093192786613
tabm_periodic_pooled_24m_s0_pooledcal,2026-01-01,2026,oxr_delayed,cadence90_cd2,156,156,48,33,0.9696969696969697,1.4545454545454546,1,0.21379545999534358,0.36538461538461536,0.375,1.0263157894736843,9.619479085596694,46.78405537731581
tabm_periodic_pooled_24m_s0_pooledcal,2026-01-01,2026,bank_delayed,cadence85_cd2,156,156,41,33,0.8787878787878788,1.2424242424242424,4,0.22958337496078102,0.36538461538461536,0.4634146341463415,1.2682926829268295,50.20443338768703,87.36900967940615
tabm_periodic_pooled_24m_s0_pooledcal,2026-01-01,2026,both_delayed,cadence85_cd2,156,156,50,33,0.9696969696969697,1.5151515151515151,1,0.2184673261179099,0.36538461538461536,0.4,1.0947368421052632,10.895727025108677,48.06030331682779
tabm_periodic_pooled_24m_s0_pooledcal,2026-01-01,2026,normal,cadence85_cd2,156,156,41,33,0.9090909090909091,1.2424242424242424,3,0.22569414635979632,0.36538461538461536,0.3902439024390244,1.06803594351733,38.30635563614702,75.47093192786613
tabm_periodic_pooled_24m_s0_pooledcal,2026-01-01,2026,oxr_delayed,cadence85_cd2,156,156,48,33,0.9696969696969697,1.4545454545454546,1,0.21379545999534358,0.36538461538461536,0.375,1.0263157894736843,9.619479085596694,46.78405537731581
tabm_periodic_pooled_60m_s0_kztcal,2025-01-01,2025,bank_delayed,legacy,242,242,51,51,0.8823529411764706,1.0,6,0.15639789283529282,0.19834710743801653,0.27450980392156865,1.3839869281045754,30.552697240314856,2.306398352594747
tabm_periodic_pooled_60m_s0_kztcal,2025-01-01,2025,both_delayed,legacy,242,242,29,51,0.5490196078431373,0.5686274509803921,23,0.15403473349176366,0.19834710743801653,0.41379310344827586,2.086206896551724,40.72992649062725,12.483627602907143
tabm_periodic_pooled_60m_s0_kztcal,2025-01-01,2025,normal,legacy,242,242,55,51,0.8823529411764706,1.0784313725490196,6,0.15813697819074357,0.19834710743801653,0.23636363636363636,1.1916666666666667,30.743776044419604,2.4974771566994978
tabm_periodic_pooled_60m_s0_kztcal,2025-01-01,2025,oxr_delayed,legacy,242,242,28,51,0.5490196078431373,0.5490196078431373,23,0.15595665289480345,0.19834710743801653,0.25,1.2604166666666667,23.159587370921827,-5.086711516798281
tabm_periodic_pooled_60m_s0_kztcal,2025-01-01,2025,bank_delayed,cadence90_cd3,242,242,51,51,0.8627450980392157,1.0,7,0.15639789283529282,0.19834710743801653,0.27450980392156865,1.3839869281045754,24.298848681353626,-3.9474502063664816
tabm_periodic_pooled_60m_s0_kztcal,2025-01-01,2025,both_delayed,cadence90_cd3,242,242,34,51,0.6470588235294118,0.6666666666666666,18,0.15403473349176366,0.19834710743801653,0.38235294117647056,1.9276960784313724,44.32284383891091,16.076544951190805
tabm_periodic_pooled_60m_s0_kztcal,2025-01-01,2025,normal,cadence90_cd3,242,242,55,51,0.9019607843137255,1.0784313725490196,5,0.15813697819074357,0.19834710743801653,0.2727272727272727,1.3749999999999998,33.99552936637563,5.7492304786555195
tabm_periodic_pooled_60m_s0_kztcal,2025-01-01,2025,oxr_delayed,cadence90_cd3,242,242,30,51,0.5882352941176471,0.5882352941176471,21,0.15595665289480345,0.19834710743801653,0.26666666666666666,1.3444444444444443,18.501120087670078,-9.74517880005003
tabm_periodic_pooled_60m_s0_kztcal,2025-01-01,2025,bank_delayed,cadence90_cd2,242,242,71,51,0.9803921568627451,1.392156862745098,1,0.15639789283529282,0.19834710743801653,0.23943661971830985,1.2071596244131455,16.628160294727834,-11.618138592992276
tabm_periodic_pooled_60m_s0_kztcal,2025-01-01,2025,both_delayed,cadence90_cd2,242,242,40,51,0.7058823529411765,0.7843137254901961,15,0.15403473349176366,0.19834710743801653,0.25,1.2604166666666667,34.63642041355415,6.39012152583404
tabm_periodic_pooled_60m_s0_kztcal,2025-01-01,2025,normal,cadence90_cd2,242,242,73,51,0.9607843137254902,1.4313725490196079,2,0.15813697819074357,0.19834710743801653,0.2602739726027397,1.312214611872146,23.85370848799309,-4.3925903997270215
tabm_periodic_pooled_60m_s0_kztcal,2025-01-01,2025,oxr_delayed,cadence90_cd2,242,242,37,51,0.6274509803921569,0.7254901960784313,19,0.15595665289480345,0.19834710743801653,0.2702702702702703,1.3626126126126126,11.40810920635801,-16.8381896813621
tabm_periodic_pooled_60m_s0_kztcal,2025-01-01,2025,bank_delayed,cadence85_cd2,242,242,65,51,0.9411764705882353,1.2745098039215685,3,0.15639789283529282,0.19834710743801653,0.26153846153846155,1.3185897435897436,21.832861964103884,-6.413436923616225
tabm_periodic_pooled_60m_s0_kztcal,2025-01-01,2025,both_delayed,cadence85_cd2,242,242,27,51,0.47058823529411764,0.5294117647058824,27,0.15403473349176366,0.19834710743801653,0.2222222222222222,1.1203703703703702,39.31853224798023,11.07223336026012
tabm_periodic_pooled_60m_s0_kztcal,2025-01-01,2025,normal,cadence85_cd2,242,242,69,51,0.9607843137254902,1.3529411764705883,2,0.15813697819074357,0.19834710743801653,0.2463768115942029,1.2421497584541064,18.841451174816218,-9.40484771290389
tabm_periodic_pooled_60m_s0_kztcal,2025-01-01,2025,oxr_delayed,cadence85_cd2,242,242,27,51,0.47058823529411764,0.5294117647058824,27,0.15595665289480345,0.19834710743801653,0.25925925925925924,1.3070987654320987,38.106691231334835,9.860392343614729
tabm_periodic_pooled_60m_s0_kztcal,2026-01-01,2026,bank_delayed,legacy,156,156,34,33,0.8787878787878788,1.0303030303030303,4,0.22189522357473015,0.36538461538461536,0.38235294117647056,1.0464396284829722,33.485292018002085,70.6498683097212
tabm_periodic_pooled_60m_s0_kztcal,2026-01-01,2026,both_delayed,legacy,156,156,37,33,0.9696969696969697,1.121212121212121,1,0.21507487741531983,0.36538461538461536,0.43243243243243246,1.1834992887624467,28.048409718834804,65.21298601055392
tabm_periodic_pooled_60m_s0_kztcal,2026-01-01,2026,normal,legacy,156,156,34,33,0.8787878787878788,1.0303030303030303,4,0.2122600221329892,0.36538461538461536,0.4117647058823529,1.1269349845201238,46.33653826342538,83.5011145551445
tabm_periodic_pooled_60m_s0_kztcal,2026-01-01,2026,oxr_delayed,legacy,156,156,34,33,0.9393939393939394,1.0303030303030303,2,0.20623251085342034,0.36538461538461536,0.4117647058823529,1.1269349845201238,38.041316681240886,75.20589297296
tabm_periodic_pooled_60m_s0_kztcal,2026-01-01,2026,bank_delayed,cadence90_cd3,156,156,37,33,0.9393939393939394,1.121212121212121,2,0.22189522357473015,0.36538461538461536,0.3783783783783784,1.035561877667141,25.81318077975945,62.977757071478564
tabm_periodic_pooled_60m_s0_kztcal,2026-01-01,2026,both_delayed,cadence90_cd3,156,156,39,33,0.9696969696969697,1.1818181818181819,1,0.21507487741531983,0.36538461538461536,0.3333333333333333,0.9122807017543859,9.935210836592809,47.099787128311924
tabm_periodic_pooled_60m_s0_kztcal,2026-01-01,2026,normal,cadence90_cd3,156,156,37,33,0.9393939393939394,1.121212121212121,2,0.2122600221329892,0.36538461538461536,0.3783783783783784,1.035561877667141,15.133023795212445,52.29760008693156
tabm_periodic_pooled_60m_s0_kztcal,2026-01-01,2026,oxr_delayed,cadence90_cd3,156,156,38,33,0.9696969696969697,1.1515151515151516,1,0.20623251085342034,0.36538461538461536,0.3684210526315789,1.0083102493074791,17.648716907105594,54.81329319882471
tabm_periodic_pooled_60m_s0_kztcal,2026-01-01,2026,bank_delayed,cadence90_cd2,156,156,42,33,0.9090909090909091,1.2727272727272727,3,0.22189522357473015,0.36538461538461536,0.40476190476190477,1.1077694235588973,30.77572701765959,67.9403033093787
tabm_periodic_pooled_60m_s0_kztcal,2026-01-01,2026,both_delayed,cadence90_cd2,156,156,45,33,0.9090909090909091,1.3636363636363635,3,0.21507487741531983,0.36538461538461536,0.4,1.0947368421052632,29.417911764079975,66.58248805579909
tabm_periodic_pooled_60m_s0_kztcal,2026-01-01,2026,normal,cadence90_cd2,156,156,44,33,0.9090909090909091,1.3333333333333333,3,0.2122600221329892,0.36538461538461536,0.4090909090909091,1.1196172248803828,32.41841430125034,69.58299059296945
tabm_periodic_pooled_60m_s0_kztcal,2026-01-01,2026,oxr_delayed,cadence90_cd2,156,156,44,33,0.8787878787878788,1.3333333333333333,4,0.20623251085342034,0.36538461538461536,0.45454545454545453,1.244019138755981,37.23315019702679,74.3977264887459
tabm_periodic_pooled_60m_s0_kztcal,2026-01-01,2026,bank_delayed,cadence85_cd2,156,156,42,33,0.9090909090909091,1.2727272727272727,3,0.22189522357473015,0.36538461538461536,0.40476190476190477,1.1077694235588973,30.77572701765959,67.9403033093787
tabm_periodic_pooled_60m_s0_kztcal,2026-01-01,2026,both_delayed,cadence85_cd2,156,156,45,33,0.9090909090909091,1.3636363636363635,3,0.21507487741531983,0.36538461538461536,0.4,1.0947368421052632,29.417911764079975,66.58248805579909
tabm_periodic_pooled_60m_s0_kztcal,2026-01-01,2026,normal,cadence85_cd2,156,156,44,33,0.9090909090909091,1.3333333333333333,3,0.2122600221329892,0.36538461538461536,0.4090909090909091,1.1196172248803828,32.41841430125034,69.58299059296945
tabm_periodic_pooled_60m_s0_kztcal,2026-01-01,2026,oxr_delayed,cadence85_cd2,156,156,44,33,0.8787878787878788,1.3333333333333333,4,0.20623251085342034,0.36538461538461536,0.45454545454545453,1.244019138755981,37.23315019702679,74.3977264887459
tabm_periodic_pooled_60m_s0_pooledcal,2025-01-01,2025,bank_delayed,legacy,242,242,51,51,0.8823529411764706,1.0,6,0.16786629195072222,0.19834710743801653,0.27450980392156865,1.3839869281045754,30.552697240314856,2.306398352594747
tabm_periodic_pooled_60m_s0_pooledcal,2025-01-01,2025,both_delayed,legacy,242,242,29,51,0.5490196078431373,0.5686274509803921,23,0.1556452781521879,0.19834710743801653,0.41379310344827586,2.086206896551724,40.72992649062725,12.483627602907143
tabm_periodic_pooled_60m_s0_pooledcal,2025-01-01,2025,normal,legacy,242,242,55,51,0.8823529411764706,1.0784313725490196,6,0.1698787843796652,0.19834710743801653,0.23636363636363636,1.1916666666666667,30.743776044419604,2.4974771566994978
tabm_periodic_pooled_60m_s0_pooledcal,2025-01-01,2025,oxr_delayed,legacy,242,242,28,51,0.5490196078431373,0.5490196078431373,23,0.15788944441309957,0.19834710743801653,0.25,1.2604166666666667,23.159587370921827,-5.086711516798281
tabm_periodic_pooled_60m_s0_pooledcal,2025-01-01,2025,bank_delayed,cadence90_cd3,242,242,51,51,0.8627450980392157,1.0,7,0.16786629195072222,0.19834710743801653,0.27450980392156865,1.3839869281045754,24.298848681353626,-3.9474502063664816
tabm_periodic_pooled_60m_s0_pooledcal,2025-01-01,2025,both_delayed,cadence90_cd3,242,242,34,51,0.6470588235294118,0.6666666666666666,18,0.1556452781521879,0.19834710743801653,0.38235294117647056,1.9276960784313724,44.32284383891091,16.076544951190805
tabm_periodic_pooled_60m_s0_pooledcal,2025-01-01,2025,normal,cadence90_cd3,242,242,55,51,0.9019607843137255,1.0784313725490196,5,0.1698787843796652,0.19834710743801653,0.2727272727272727,1.3749999999999998,33.99552936637563,5.7492304786555195
tabm_periodic_pooled_60m_s0_pooledcal,2025-01-01,2025,oxr_delayed,cadence90_cd3,242,242,30,51,0.5882352941176471,0.5882352941176471,21,0.15788944441309957,0.19834710743801653,0.26666666666666666,1.3444444444444443,18.501120087670078,-9.74517880005003
tabm_periodic_pooled_60m_s0_pooledcal,2025-01-01,2025,bank_delayed,cadence90_cd2,242,242,71,51,0.9803921568627451,1.392156862745098,1,0.16786629195072222,0.19834710743801653,0.23943661971830985,1.2071596244131455,16.628160294727834,-11.618138592992276
tabm_periodic_pooled_60m_s0_pooledcal,2025-01-01,2025,both_delayed,cadence90_cd2,242,242,40,51,0.7058823529411765,0.7843137254901961,15,0.1556452781521879,0.19834710743801653,0.25,1.2604166666666667,34.63642041355415,6.39012152583404
tabm_periodic_pooled_60m_s0_pooledcal,2025-01-01,2025,normal,cadence90_cd2,242,242,73,51,0.9607843137254902,1.4313725490196079,2,0.1698787843796652,0.19834710743801653,0.2602739726027397,1.312214611872146,23.85370848799309,-4.3925903997270215
tabm_periodic_pooled_60m_s0_pooledcal,2025-01-01,2025,oxr_delayed,cadence90_cd2,242,242,37,51,0.6274509803921569,0.7254901960784313,19,0.15788944441309957,0.19834710743801653,0.2702702702702703,1.3626126126126126,11.40810920635801,-16.8381896813621
tabm_periodic_pooled_60m_s0_pooledcal,2025-01-01,2025,bank_delayed,cadence85_cd2,242,242,65,51,0.9411764705882353,1.2745098039215685,3,0.16786629195072222,0.19834710743801653,0.26153846153846155,1.3185897435897436,21.832861964103884,-6.413436923616225
tabm_periodic_pooled_60m_s0_pooledcal,2025-01-01,2025,both_delayed,cadence85_cd2,242,242,27,51,0.47058823529411764,0.5294117647058824,27,0.1556452781521879,0.19834710743801653,0.2222222222222222,1.1203703703703702,39.31853224798023,11.07223336026012
tabm_periodic_pooled_60m_s0_pooledcal,2025-01-01,2025,normal,cadence85_cd2,242,242,69,51,0.9607843137254902,1.3529411764705883,2,0.1698787843796652,0.19834710743801653,0.2463768115942029,1.2421497584541064,18.841451174816218,-9.40484771290389
tabm_periodic_pooled_60m_s0_pooledcal,2025-01-01,2025,oxr_delayed,cadence85_cd2,242,242,27,51,0.47058823529411764,0.5294117647058824,27,0.15788944441309957,0.19834710743801653,0.25925925925925924,1.3070987654320987,38.106691231334835,9.860392343614729
tabm_periodic_pooled_60m_s0_pooledcal,2026-01-01,2026,bank_delayed,legacy,156,156,34,33,0.8787878787878788,1.0303030303030303,4,0.218621817447645,0.36538461538461536,0.38235294117647056,1.0464396284829722,33.485292018002085,70.6498683097212
tabm_periodic_pooled_60m_s0_pooledcal,2026-01-01,2026,both_delayed,legacy,156,156,37,33,0.9696969696969697,1.121212121212121,1,0.21304229905832436,0.36538461538461536,0.43243243243243246,1.1834992887624467,28.048409718834804,65.21298601055392
tabm_periodic_pooled_60m_s0_pooledcal,2026-01-01,2026,normal,legacy,156,156,34,33,0.8787878787878788,1.0303030303030303,4,0.20979141690509154,0.36538461538461536,0.4117647058823529,1.1269349845201238,46.33653826342538,83.5011145551445
tabm_periodic_pooled_60m_s0_pooledcal,2026-01-01,2026,oxr_delayed,legacy,156,156,34,33,0.9393939393939394,1.0303030303030303,2,0.20489740323272995,0.36538461538461536,0.4117647058823529,1.1269349845201238,38.041316681240886,75.20589297296
tabm_periodic_pooled_60m_s0_pooledcal,2026-01-01,2026,bank_delayed,cadence90_cd3,156,156,37,33,0.9393939393939394,1.121212121212121,2,0.218621817447645,0.36538461538461536,0.3783783783783784,1.035561877667141,25.81318077975945,62.977757071478564
tabm_periodic_pooled_60m_s0_pooledcal,2026-01-01,2026,both_delayed,cadence90_cd3,156,156,39,33,0.9696969696969697,1.1818181818181819,1,0.21304229905832436,0.36538461538461536,0.3333333333333333,0.9122807017543859,9.935210836592809,47.099787128311924
tabm_periodic_pooled_60m_s0_pooledcal,2026-01-01,2026,normal,cadence90_cd3,156,156,37,33,0.9393939393939394,1.121212121212121,2,0.20979141690509154,0.36538461538461536,0.3783783783783784,1.035561877667141,15.133023795212445,52.29760008693156
tabm_periodic_pooled_60m_s0_pooledcal,2026-01-01,2026,oxr_delayed,cadence90_cd3,156,156,38,33,0.9696969696969697,1.1515151515151516,1,0.20489740323272995,0.36538461538461536,0.3684210526315789,1.0083102493074791,17.648716907105594,54.81329319882471
tabm_periodic_pooled_60m_s0_pooledcal,2026-01-01,2026,bank_delayed,cadence90_cd2,156,156,42,33,0.9090909090909091,1.2727272727272727,3,0.218621817447645,0.36538461538461536,0.40476190476190477,1.1077694235588973,30.77572701765959,67.9403033093787
tabm_periodic_pooled_60m_s0_pooledcal,2026-01-01,2026,both_delayed,cadence90_cd2,156,156,45,33,0.9090909090909091,1.3636363636363635,3,0.21304229905832436,0.36538461538461536,0.4,1.0947368421052632,29.417911764079975,66.58248805579909
tabm_periodic_pooled_60m_s0_pooledcal,2026-01-01,2026,normal,cadence90_cd2,156,156,44,33,0.9090909090909091,1.3333333333333333,3,0.20979141690509154,0.36538461538461536,0.4090909090909091,1.1196172248803828,32.41841430125034,69.58299059296945
tabm_periodic_pooled_60m_s0_pooledcal,2026-01-01,2026,oxr_delayed,cadence90_cd2,156,156,44,33,0.8787878787878788,1.3333333333333333,4,0.20489740323272995,0.36538461538461536,0.45454545454545453,1.244019138755981,37.23315019702679,74.3977264887459
tabm_periodic_pooled_60m_s0_pooledcal,2026-01-01,2026,bank_delayed,cadence85_cd2,156,156,42,33,0.9090909090909091,1.2727272727272727,3,0.218621817447645,0.36538461538461536,0.40476190476190477,1.1077694235588973,30.77572701765959,67.9403033093787
tabm_periodic_pooled_60m_s0_pooledcal,2026-01-01,2026,both_delayed,cadence85_cd2,156,156,45,33,0.9090909090909091,1.3636363636363635,3,0.21304229905832436,0.36538461538461536,0.4,1.0947368421052632,29.417911764079975,66.58248805579909
tabm_periodic_pooled_60m_s0_pooledcal,2026-01-01,2026,normal,cadence85_cd2,156,156,44,33,0.9090909090909091,1.3333333333333333,3,0.20979141690509154,0.36538461538461536,0.4090909090909091,1.1196172248803828,32.41841430125034,69.58299059296945
tabm_periodic_pooled_60m_s0_pooledcal,2026-01-01,2026,oxr_delayed,cadence85_cd2,156,156,44,33,0.8787878787878788,1.3333333333333333,4,0.20489740323272995,0.36538461538461536,0.45454545454545453,1.244019138755981,37.23315019702679,74.3977264887459
