config_id,cutoff,mode,policy,rows,dates,signals,weeks,weeks_1_2,signals_per_week,silent_weeks,brier,base_hit,hit_rate,lift,forward_delta_bps,forward_signal_bps
blend_treasH_tabm_periodic_kzt_120m_s0_allaug_kztcal,2025-01-01,bank_delayed,cadence85_cd2,242,242,60,51,0.9019607843137255,1.1764705882352942,5,0.148344835306973,0.19834710743801653,0.36666666666666664,1.848611111111111,35.86834706692627,7.622048179206158
blend_treasH_tabm_periodic_kzt_120m_s0_allaug_kztcal,2025-01-01,bank_delayed,cadence90_cd2,242,242,63,51,0.9215686274509803,1.2352941176470589,4,0.148344835306973,0.19834710743801653,0.36507936507936506,1.8406084656084654,37.052449422858665,8.806150535138558
blend_treasH_tabm_periodic_kzt_120m_s0_allaug_kztcal,2025-01-01,bank_delayed,cadence90_cd3,242,242,47,51,0.8431372549019608,0.9215686274509803,8,0.148344835306973,0.19834710743801653,0.3829787234042553,1.930851063829787,50.85784895897756,22.611550071257454
blend_treasH_tabm_periodic_kzt_120m_s0_allaug_kztcal,2025-01-01,bank_delayed,legacy,242,242,45,51,0.7843137254901961,0.8823529411764706,11,0.148344835306973,0.19834710743801653,0.4444444444444444,2.2407407407407405,60.095135717395706,31.8488368296756
blend_treasH_tabm_periodic_kzt_120m_s0_allaug_kztcal,2025-01-01,both_delayed,cadence85_cd2,242,242,60,51,0.9019607843137255,1.1764705882352942,5,0.14847090003448837,0.19834710743801653,0.36666666666666664,1.848611111111111,35.86834706692627,7.622048179206158
blend_treasH_tabm_periodic_kzt_120m_s0_allaug_kztcal,2025-01-01,both_delayed,cadence90_cd2,242,242,63,51,0.9215686274509803,1.2352941176470589,4,0.14847090003448837,0.19834710743801653,0.36507936507936506,1.8406084656084654,37.052449422858665,8.806150535138558
blend_treasH_tabm_periodic_kzt_120m_s0_allaug_kztcal,2025-01-01,both_delayed,cadence90_cd3,242,242,47,51,0.8431372549019608,0.9215686274509803,8,0.14847090003448837,0.19834710743801653,0.3829787234042553,1.930851063829787,50.85784895897756,22.611550071257454
blend_treasH_tabm_periodic_kzt_120m_s0_allaug_kztcal,2025-01-01,both_delayed,legacy,242,242,45,51,0.7843137254901961,0.8823529411764706,11,0.14847090003448837,0.19834710743801653,0.4444444444444444,2.2407407407407405,59.119809196760784,30.87351030904068
blend_treasH_tabm_periodic_kzt_120m_s0_allaug_kztcal,2025-01-01,normal,cadence85_cd2,242,242,59,51,0.8823529411764706,1.1568627450980393,6,0.14296242332308354,0.19834710743801653,0.4067796610169492,2.0508474576271185,58.479279759754846,30.23298087203474
blend_treasH_tabm_periodic_kzt_120m_s0_allaug_kztcal,2025-01-01,normal,cadence90_cd2,242,242,60,51,0.9019607843137255,1.1764705882352942,5,0.14296242332308354,0.19834710743801653,0.4,2.0166666666666666,55.96572167810903,27.71942279038892
blend_treasH_tabm_periodic_kzt_120m_s0_allaug_kztcal,2025-01-01,normal,cadence90_cd3,242,242,47,51,0.8431372549019608,0.9215686274509803,8,0.14296242332308354,0.19834710743801653,0.3829787234042553,1.930851063829787,55.03504553629053,26.788746648570424
blend_treasH_tabm_periodic_kzt_120m_s0_allaug_kztcal,2025-01-01,normal,legacy,242,242,43,51,0.7450980392156863,0.8431372549019608,13,0.14296242332308354,0.19834710743801653,0.3953488372093023,1.9932170542635657,67.1616444636604,38.91534557594028
blend_treasH_tabm_periodic_kzt_120m_s0_allaug_kztcal,2025-01-01,oxr_delayed,cadence85_cd2,242,242,59,51,0.8823529411764706,1.1568627450980393,6,0.14312438800211189,0.19834710743801653,0.4067796610169492,2.0508474576271185,58.479279759754846,30.23298087203474
blend_treasH_tabm_periodic_kzt_120m_s0_allaug_kztcal,2025-01-01,oxr_delayed,cadence90_cd2,242,242,60,51,0.9019607843137255,1.1764705882352942,5,0.14312438800211189,0.19834710743801653,0.4,2.0166666666666666,55.96572167810903,27.71942279038892
blend_treasH_tabm_periodic_kzt_120m_s0_allaug_kztcal,2025-01-01,oxr_delayed,cadence90_cd3,242,242,47,51,0.8431372549019608,0.9215686274509803,8,0.14312438800211189,0.19834710743801653,0.3829787234042553,1.930851063829787,57.878789370658346,29.632490482938238
blend_treasH_tabm_periodic_kzt_120m_s0_allaug_kztcal,2025-01-01,oxr_delayed,legacy,242,242,43,51,0.7450980392156863,0.8431372549019608,13,0.14312438800211189,0.19834710743801653,0.3953488372093023,1.9932170542635657,67.1616444636604,38.91534557594028
blend_treasH_tabm_periodic_kzt_120m_s0_allaug_kztcal,2026-01-01,bank_delayed,cadence85_cd2,156,156,43,33,0.9090909090909091,1.303030303030303,3,0.23280455874771364,0.36538461538461536,0.46511627906976744,1.2729498164014688,48.871757980525686,86.0363342722448
blend_treasH_tabm_periodic_kzt_120m_s0_allaug_kztcal,2026-01-01,bank_delayed,cadence90_cd2,156,156,43,33,0.9090909090909091,1.303030303030303,3,0.23280455874771364,0.36538461538461536,0.46511627906976744,1.2729498164014688,48.871757980525686,86.0363342722448
blend_treasH_tabm_periodic_kzt_120m_s0_allaug_kztcal,2026-01-01,bank_delayed,cadence90_cd3,156,156,39,33,0.9696969696969697,1.1818181818181819,1,0.23280455874771364,0.36538461538461536,0.41025641025641024,1.1228070175438596,20.37889267226317,57.543468963982285
blend_treasH_tabm_periodic_kzt_120m_s0_allaug_kztcal,2026-01-01,bank_delayed,legacy,156,156,33,33,0.8787878787878788,1.0,4,0.23280455874771364,0.36538461538461536,0.42424242424242425,1.1610845295055823,30.748682698388322,67.91325899010744
blend_treasH_tabm_periodic_kzt_120m_s0_allaug_kztcal,2026-01-01,both_delayed,cadence85_cd2,156,156,43,33,0.9090909090909091,1.303030303030303,3,0.23277159122148766,0.36538461538461536,0.46511627906976744,1.2729498164014688,48.871757980525686,86.0363342722448
blend_treasH_tabm_periodic_kzt_120m_s0_allaug_kztcal,2026-01-01,both_delayed,cadence90_cd2,156,156,43,33,0.9090909090909091,1.303030303030303,3,0.23277159122148766,0.36538461538461536,0.46511627906976744,1.2729498164014688,48.871757980525686,86.0363342722448
blend_treasH_tabm_periodic_kzt_120m_s0_allaug_kztcal,2026-01-01,both_delayed,cadence90_cd3,156,156,39,33,0.9696969696969697,1.1818181818181819,1,0.23277159122148766,0.36538461538461536,0.41025641025641024,1.1228070175438596,20.37889267226317,57.543468963982285
blend_treasH_tabm_periodic_kzt_120m_s0_allaug_kztcal,2026-01-01,both_delayed,legacy,156,156,33,33,0.8787878787878788,1.0,4,0.23277159122148766,0.36538461538461536,0.3939393939393939,1.0781499202551834,32.74147257875234,69.90604887047145
blend_treasH_tabm_periodic_kzt_120m_s0_allaug_kztcal,2026-01-01,normal,cadence85_cd2,156,156,43,33,0.9393939393939394,1.303030303030303,2,0.22750439584109627,0.36538461538461536,0.5116279069767442,1.4002447980416157,38.945978520297274,76.11055481201639
blend_treasH_tabm_periodic_kzt_120m_s0_allaug_kztcal,2026-01-01,normal,cadence90_cd2,156,156,43,33,0.9393939393939394,1.303030303030303,2,0.22750439584109627,0.36538461538461536,0.5116279069767442,1.4002447980416157,38.945978520297274,76.11055481201639
blend_treasH_tabm_periodic_kzt_120m_s0_allaug_kztcal,2026-01-01,normal,cadence90_cd3,156,156,39,33,0.9696969696969697,1.1818181818181819,1,0.22750439584109627,0.36538461538461536,0.41025641025641024,1.1228070175438596,20.37889267226317,57.543468963982285
blend_treasH_tabm_periodic_kzt_120m_s0_allaug_kztcal,2026-01-01,normal,legacy,156,156,33,33,0.9090909090909091,1.0,3,0.22750439584109627,0.36538461538461536,0.45454545454545453,1.244019138755981,42.32806037911749,79.4926366708366
blend_treasH_tabm_periodic_kzt_120m_s0_allaug_kztcal,2026-01-01,oxr_delayed,cadence85_cd2,156,156,43,33,0.9393939393939394,1.303030303030303,2,0.22706780434025745,0.36538461538461536,0.5116279069767442,1.4002447980416157,38.945978520297274,76.11055481201639
blend_treasH_tabm_periodic_kzt_120m_s0_allaug_kztcal,2026-01-01,oxr_delayed,cadence90_cd2,156,156,43,33,0.9393939393939394,1.303030303030303,2,0.22706780434025745,0.36538461538461536,0.5116279069767442,1.4002447980416157,38.945978520297274,76.11055481201639
blend_treasH_tabm_periodic_kzt_120m_s0_allaug_kztcal,2026-01-01,oxr_delayed,cadence90_cd3,156,156,39,33,0.9696969696969697,1.1818181818181819,1,0.22706780434025745,0.36538461538461536,0.41025641025641024,1.1228070175438596,20.37889267226317,57.543468963982285
blend_treasH_tabm_periodic_kzt_120m_s0_allaug_kztcal,2026-01-01,oxr_delayed,legacy,156,156,33,33,0.9090909090909091,1.0,3,0.22706780434025745,0.36538461538461536,0.5454545454545454,1.492822966507177,55.98102762923604,93.14560392095515
blend_treasH_tabm_periodic_kzt_120m_s0_bankaug_kztcal,2025-01-01,bank_delayed,cadence85_cd2,242,242,60,51,0.9019607843137255,1.1764705882352942,5,0.14900964122227045,0.19834710743801653,0.36666666666666664,1.848611111111111,35.86834706692627,7.622048179206158
blend_treasH_tabm_periodic_kzt_120m_s0_bankaug_kztcal,2025-01-01,bank_delayed,cadence90_cd2,242,242,61,51,0.9215686274509803,1.196078431372549,4,0.14900964122227045,0.19834710743801653,0.32786885245901637,1.653005464480874,31.15120292347364,2.904904035753532
blend_treasH_tabm_periodic_kzt_120m_s0_bankaug_kztcal,2025-01-01,bank_delayed,cadence90_cd3,242,242,48,51,0.8235294117647058,0.9411764705882353,9,0.14900964122227045,0.19834710743801653,0.4166666666666667,2.1006944444444446,53.21404135422354,24.967742466503434
blend_treasH_tabm_periodic_kzt_120m_s0_bankaug_kztcal,2025-01-01,bank_delayed,legacy,242,242,46,51,0.7647058823529411,0.9019607843137255,12,0.14900964122227045,0.19834710743801653,0.41304347826086957,2.082427536231884,55.57119435481876,27.324895467098653
blend_treasH_tabm_periodic_kzt_120m_s0_bankaug_kztcal,2025-01-01,both_delayed,cadence85_cd2,242,242,80,51,0.9607843137254902,1.5686274509803921,2,0.22930771529611693,0.19834710743801653,0.1375,0.6932291666666667,-18.120635555098794,-46.3669344428189
blend_treasH_tabm_periodic_kzt_120m_s0_bankaug_kztcal,2025-01-01,both_delayed,cadence90_cd2,242,242,80,51,0.9607843137254902,1.5686274509803921,2,0.22930771529611693,0.19834710743801653,0.1375,0.6932291666666667,-18.120635555098794,-46.3669344428189
blend_treasH_tabm_periodic_kzt_120m_s0_bankaug_kztcal,2025-01-01,both_delayed,cadence90_cd3,242,242,60,51,0.9411764705882353,1.1764705882352942,3,0.22930771529611693,0.19834710743801653,0.15,0.75625,-0.8203922012711118,-29.06669108899122
blend_treasH_tabm_periodic_kzt_120m_s0_bankaug_kztcal,2025-01-01,both_delayed,legacy,242,242,60,51,0.9411764705882353,1.1764705882352942,3,0.22930771529611693,0.19834710743801653,0.15,0.75625,-0.8203922012711118,-29.06669108899122
blend_treasH_tabm_periodic_kzt_120m_s0_bankaug_kztcal,2025-01-01,normal,cadence85_cd2,242,242,58,51,0.8627450980392157,1.1372549019607843,7,0.14347215215754072,0.19834710743801653,0.39655172413793105,1.9992816091954024,57.012564850973035,28.766265963252927
blend_treasH_tabm_periodic_kzt_120m_s0_bankaug_kztcal,2025-01-01,normal,cadence90_cd2,242,242,60,51,0.9215686274509803,1.1764705882352942,4,0.14347215215754072,0.19834710743801653,0.36666666666666664,1.848611111111111,58.05684857666157,29.810549688941464
blend_treasH_tabm_periodic_kzt_120m_s0_bankaug_kztcal,2025-01-01,normal,cadence90_cd3,242,242,46,51,0.7843137254901961,0.9019607843137255,11,0.14347215215754072,0.19834710743801653,0.3695652173913043,1.8632246376811592,70.19828765466855,41.951988766948446
blend_treasH_tabm_periodic_kzt_120m_s0_bankaug_kztcal,2025-01-01,normal,legacy,242,242,44,51,0.7450980392156863,0.8627450980392157,13,0.14347215215754072,0.19834710743801653,0.4090909090909091,2.0625,71.13381390373534,42.887515016015236
blend_treasH_tabm_periodic_kzt_120m_s0_bankaug_kztcal,2025-01-01,oxr_delayed,cadence85_cd2,242,242,80,51,0.9607843137254902,1.5686274509803921,2,0.22510007151046538,0.19834710743801653,0.1375,0.6932291666666667,-18.120635555098794,-46.3669344428189
blend_treasH_tabm_periodic_kzt_120m_s0_bankaug_kztcal,2025-01-01,oxr_delayed,cadence90_cd2,242,242,80,51,0.9607843137254902,1.5686274509803921,2,0.22510007151046538,0.19834710743801653,0.1375,0.6932291666666667,-18.120635555098794,-46.3669344428189
blend_treasH_tabm_periodic_kzt_120m_s0_bankaug_kztcal,2025-01-01,oxr_delayed,cadence90_cd3,242,242,60,51,0.9411764705882353,1.1764705882352942,3,0.22510007151046538,0.19834710743801653,0.15,0.75625,-0.8203922012711118,-29.06669108899122
blend_treasH_tabm_periodic_kzt_120m_s0_bankaug_kztcal,2025-01-01,oxr_delayed,legacy,242,242,60,51,0.9411764705882353,1.1764705882352942,3,0.22510007151046538,0.19834710743801653,0.15,0.75625,-0.8203922012711118,-29.06669108899122
blend_treasH_tabm_periodic_kzt_120m_s0_bankaug_kztcal,2026-01-01,bank_delayed,cadence85_cd2,156,156,39,33,0.8484848484848485,1.1818181818181819,5,0.22566437535842865,0.36538461538461536,0.46153846153846156,1.2631578947368423,49.934311114118074,87.09888740583719
blend_treasH_tabm_periodic_kzt_120m_s0_bankaug_kztcal,2026-01-01,bank_delayed,cadence90_cd2,156,156,39,33,0.8484848484848485,1.1818181818181819,5,0.22566437535842865,0.36538461538461536,0.46153846153846156,1.2631578947368423,49.934311114118074,87.09888740583719
blend_treasH_tabm_periodic_kzt_120m_s0_bankaug_kztcal,2026-01-01,bank_delayed,cadence90_cd3,156,156,37,33,0.9393939393939394,1.121212121212121,2,0.22566437535842865,0.36538461538461536,0.35135135135135137,0.961593172119488,11.74130278679084,48.905879078509955
blend_treasH_tabm_periodic_kzt_120m_s0_bankaug_kztcal,2026-01-01,bank_delayed,legacy,156,156,34,33,0.8787878787878788,1.0303030303030303,4,0.22566437535842865,0.36538461538461536,0.4117647058823529,1.1269349845201238,34.0931724665834,71.25774875830251
blend_treasH_tabm_periodic_kzt_120m_s0_bankaug_kztcal,2026-01-01,both_delayed,cadence85_cd2,156,156,42,33,0.9090909090909091,1.2727272727272727,3,0.22437533901396903,0.36538461538461536,0.4523809523809524,1.2380952380952381,46.17025347613644,83.33482976785555
blend_treasH_tabm_periodic_kzt_120m_s0_bankaug_kztcal,2026-01-01,both_delayed,cadence90_cd2,156,156,42,33,0.9090909090909091,1.2727272727272727,3,0.22437533901396903,0.36538461538461536,0.4523809523809524,1.2380952380952381,46.17025347613644,83.33482976785555
blend_treasH_tabm_periodic_kzt_120m_s0_bankaug_kztcal,2026-01-01,both_delayed,cadence90_cd3,156,156,39,33,1.0,1.1818181818181819,0,0.22437533901396903,0.36538461538461536,0.3333333333333333,0.9122807017543859,10.827763976814225,47.99234026853334
blend_treasH_tabm_periodic_kzt_120m_s0_bankaug_kztcal,2026-01-01,both_delayed,legacy,156,156,34,33,0.8787878787878788,1.0303030303030303,4,0.22437533901396903,0.36538461538461536,0.4117647058823529,1.1269349845201238,36.21346038572729,73.3780366774464
blend_treasH_tabm_periodic_kzt_120m_s0_bankaug_kztcal,2026-01-01,normal,cadence85_cd2,156,156,40,33,0.9090909090909091,1.2121212121212122,3,0.2197216321265311,0.36538461538461536,0.475,1.3,43.91695998093361,81.08153627265273
blend_treasH_tabm_periodic_kzt_120m_s0_bankaug_kztcal,2026-01-01,normal,cadence90_cd2,156,156,40,33,0.9090909090909091,1.2121212121212122,3,0.2197216321265311,0.36538461538461536,0.475,1.3,43.91695998093361,81.08153627265273
blend_treasH_tabm_periodic_kzt_120m_s0_bankaug_kztcal,2026-01-01,normal,cadence90_cd3,156,156,36,33,0.9696969696969697,1.0909090909090908,1,0.2197216321265311,0.36538461538461536,0.4166666666666667,1.1403508771929827,26.55181559634972,63.716391888068834
blend_treasH_tabm_periodic_kzt_120m_s0_bankaug_kztcal,2026-01-01,normal,legacy,156,156,34,33,0.9090909090909091,1.0303030303030303,3,0.2197216321265311,0.36538461538461536,0.4411764705882353,1.2074303405572755,35.7284308594775,72.89300715119661
blend_treasH_tabm_periodic_kzt_120m_s0_bankaug_kztcal,2026-01-01,oxr_delayed,cadence85_cd2,156,156,42,33,0.9696969696969697,1.2727272727272727,1,0.21787792420462318,0.36538461538461536,0.47619047619047616,1.3032581453634084,36.34891412685637,73.51349041857549
blend_treasH_tabm_periodic_kzt_120m_s0_bankaug_kztcal,2026-01-01,oxr_delayed,cadence90_cd2,156,156,42,33,0.9696969696969697,1.2727272727272727,1,0.21787792420462318,0.36538461538461536,0.47619047619047616,1.3032581453634084,36.34891412685637,73.51349041857549
blend_treasH_tabm_periodic_kzt_120m_s0_bankaug_kztcal,2026-01-01,oxr_delayed,cadence90_cd3,156,156,37,33,0.9393939393939394,1.121212121212121,2,0.21787792420462318,0.36538461538461536,0.43243243243243246,1.1834992887624467,2.959218593334981,40.123794885054096
blend_treasH_tabm_periodic_kzt_120m_s0_bankaug_kztcal,2026-01-01,oxr_delayed,legacy,156,156,35,33,0.9393939393939394,1.0606060606060606,2,0.21787792420462318,0.36538461538461536,0.5142857142857142,1.4075187969924812,38.163377899255366,75.32795419097448
blend_treasH_tabm_periodic_kzt_120m_s0_kztcal,2025-01-01,bank_delayed,cadence85_cd2,242,242,65,51,0.9215686274509803,1.2745098039215685,4,0.1473333834022815,0.19834710743801653,0.27692307692307694,1.3961538461538463,17.39351817749462,-10.852780710225488
blend_treasH_tabm_periodic_kzt_120m_s0_kztcal,2025-01-01,bank_delayed,cadence90_cd2,242,242,71,51,0.9411764705882353,1.392156862745098,3,0.1473333834022815,0.19834710743801653,0.28169014084507044,1.42018779342723,29.607502772007475,1.3612038842873653
blend_treasH_tabm_periodic_kzt_120m_s0_kztcal,2025-01-01,bank_delayed,cadence90_cd3,242,242,50,51,0.8431372549019608,0.9803921568627451,8,0.1473333834022815,0.19834710743801653,0.32,1.6133333333333333,35.60042124465024,7.354122356930136
blend_treasH_tabm_periodic_kzt_120m_s0_kztcal,2025-01-01,bank_delayed,legacy,242,242,45,51,0.7843137254901961,0.8823529411764706,11,0.1473333834022815,0.19834710743801653,0.37777777777777777,1.9046296296296295,47.18394933029049,18.937650442570376
blend_treasH_tabm_periodic_kzt_120m_s0_kztcal,2025-01-01,both_delayed,cadence85_cd2,242,242,80,51,0.9607843137254902,1.5686274509803921,2,0.35930566152218196,0.19834710743801653,0.1375,0.6932291666666667,-18.120635555098794,-46.3669344428189
blend_treasH_tabm_periodic_kzt_120m_s0_kztcal,2025-01-01,both_delayed,cadence90_cd2,242,242,80,51,0.9607843137254902,1.5686274509803921,2,0.35930566152218196,0.19834710743801653,0.1375,0.6932291666666667,-18.120635555098794,-46.3669344428189
blend_treasH_tabm_periodic_kzt_120m_s0_kztcal,2025-01-01,both_delayed,cadence90_cd3,242,242,60,51,0.9411764705882353,1.1764705882352942,3,0.35930566152218196,0.19834710743801653,0.15,0.75625,-0.8203922012711118,-29.06669108899122
blend_treasH_tabm_periodic_kzt_120m_s0_kztcal,2025-01-01,both_delayed,legacy,242,242,60,51,0.9411764705882353,1.1764705882352942,3,0.35930566152218196,0.19834710743801653,0.15,0.75625,-0.8203922012711118,-29.06669108899122
blend_treasH_tabm_periodic_kzt_120m_s0_kztcal,2025-01-01,normal,cadence85_cd2,242,242,63,51,0.9411764705882353,1.2352941176470589,3,0.1431393153483634,0.19834710743801653,0.30158730158730157,1.5205026455026454,39.14146485901375,10.895165971293647
blend_treasH_tabm_periodic_kzt_120m_s0_kztcal,2025-01-01,normal,cadence90_cd2,242,242,69,51,0.9803921568627451,1.3529411764705883,1,0.1431393153483634,0.19834710743801653,0.2608695652173913,1.3152173913043477,27.48787585205727,-0.7584230356628383
blend_treasH_tabm_periodic_kzt_120m_s0_kztcal,2025-01-01,normal,cadence90_cd3,242,242,53,51,0.9019607843137255,1.0392156862745099,5,0.1431393153483634,0.19834710743801653,0.2830188679245283,1.4268867924528301,37.90251051468701,9.656211626966899
blend_treasH_tabm_periodic_kzt_120m_s0_kztcal,2025-01-01,normal,legacy,242,242,46,51,0.7843137254901961,0.9019607843137255,11,0.1431393153483634,0.19834710743801653,0.30434782608695654,1.5344202898550725,46.62435073204064,18.37805184432053
blend_treasH_tabm_periodic_kzt_120m_s0_kztcal,2025-01-01,oxr_delayed,cadence85_cd2,242,242,80,51,0.9607843137254902,1.5686274509803921,2,0.3575066343771186,0.19834710743801653,0.1375,0.6932291666666667,-18.120635555098794,-46.3669344428189
blend_treasH_tabm_periodic_kzt_120m_s0_kztcal,2025-01-01,oxr_delayed,cadence90_cd2,242,242,80,51,0.9607843137254902,1.5686274509803921,2,0.3575066343771186,0.19834710743801653,0.1375,0.6932291666666667,-18.120635555098794,-46.3669344428189
blend_treasH_tabm_periodic_kzt_120m_s0_kztcal,2025-01-01,oxr_delayed,cadence90_cd3,242,242,60,51,0.9411764705882353,1.1764705882352942,3,0.3575066343771186,0.19834710743801653,0.15,0.75625,-0.8203922012711118,-29.06669108899122
blend_treasH_tabm_periodic_kzt_120m_s0_kztcal,2025-01-01,oxr_delayed,legacy,242,242,60,51,0.9411764705882353,1.1764705882352942,3,0.3575066343771186,0.19834710743801653,0.15,0.75625,-0.8203922012711118,-29.06669108899122
blend_treasH_tabm_periodic_kzt_120m_s0_kztcal,2026-01-01,bank_delayed,cadence85_cd2,156,156,38,33,0.8484848484848485,1.1515151515151516,5,0.2085696144736253,0.36538461538461536,0.47368421052631576,1.296398891966759,58.7766928043889,95.94126909610802
blend_treasH_tabm_periodic_kzt_120m_s0_kztcal,2026-01-01,bank_delayed,cadence90_cd2,156,156,41,33,0.8787878787878788,1.2424242424242424,4,0.2085696144736253,0.36538461538461536,0.43902439024390244,1.2015404364569962,35.673108896437626,72.83768518815674
blend_treasH_tabm_periodic_kzt_120m_s0_kztcal,2026-01-01,bank_delayed,cadence90_cd3,156,156,36,33,0.9090909090909091,1.0909090909090908,3,0.2085696144736253,0.36538461538461536,0.3888888888888889,1.064327485380117,6.903528595572219,44.068104887291334
blend_treasH_tabm_periodic_kzt_120m_s0_kztcal,2026-01-01,bank_delayed,legacy,156,156,35,33,0.9090909090909091,1.0606060606060606,3,0.2085696144736253,0.36538461538461536,0.4,1.0947368421052632,9.980893056463657,47.14546934818277
blend_treasH_tabm_periodic_kzt_120m_s0_kztcal,2026-01-01,both_delayed,cadence85_cd2,156,156,37,33,0.8181818181818182,1.121212121212121,6,0.2107182971198546,0.36538461538461536,0.4864864864864865,1.3314366998577527,59.40700965177484,96.57158594349396
blend_treasH_tabm_periodic_kzt_120m_s0_kztcal,2026-01-01,both_delayed,cadence90_cd2,156,156,41,33,0.8787878787878788,1.2424242424242424,4,0.2107182971198546,0.36538461538461536,0.4146341463414634,1.134788189987163,39.51498334553135,76.67955963725046
blend_treasH_tabm_periodic_kzt_120m_s0_kztcal,2026-01-01,both_delayed,cadence90_cd3,156,156,36,33,0.9393939393939394,1.0909090909090908,2,0.2107182971198546,0.36538461538461536,0.3888888888888889,1.064327485380117,29.771152114260218,66.93572840597933
blend_treasH_tabm_periodic_kzt_120m_s0_kztcal,2026-01-01,both_delayed,legacy,156,156,36,33,0.9696969696969697,1.0909090909090908,1,0.2107182971198546,0.36538461538461536,0.3888888888888889,1.064327485380117,26.711659982941995,63.87623627466111
blend_treasH_tabm_periodic_kzt_120m_s0_kztcal,2026-01-01,normal,cadence85_cd2,156,156,40,33,0.9090909090909091,1.2121212121212122,3,0.1933954679077761,0.36538461538461536,0.5,1.368421052631579,57.440789764221364,94.60536605594048
blend_treasH_tabm_periodic_kzt_120m_s0_kztcal,2026-01-01,normal,cadence90_cd2,156,156,42,33,0.9090909090909091,1.2727272727272727,3,0.1933954679077761,0.36538461538461536,0.5238095238095238,1.4335839598997495,52.66786477880521,89.83244107052433
blend_treasH_tabm_periodic_kzt_120m_s0_kztcal,2026-01-01,normal,cadence90_cd3,156,156,34,33,0.9090909090909091,1.0303030303030303,3,0.1933954679077761,0.36538461538461536,0.5294117647058824,1.4489164086687307,47.892519001332346,85.05709529305146
blend_treasH_tabm_periodic_kzt_120m_s0_kztcal,2026-01-01,normal,legacy,156,156,34,33,0.9090909090909091,1.0303030303030303,3,0.1933954679077761,0.36538461538461536,0.5294117647058824,1.4489164086687307,47.892519001332346,85.05709529305146
blend_treasH_tabm_periodic_kzt_120m_s0_kztcal,2026-01-01,oxr_delayed,cadence85_cd2,156,156,41,33,0.9090909090909091,1.2424242424242424,3,0.19422529401771332,0.36538461538461536,0.4146341463414634,1.134788189987163,45.550273328594,82.71484962031312
blend_treasH_tabm_periodic_kzt_120m_s0_kztcal,2026-01-01,oxr_delayed,cadence90_cd2,156,156,42,33,0.9090909090909091,1.2727272727272727,3,0.19422529401771332,0.36538461538461536,0.4523809523809524,1.2380952380952381,41.24846101816122,78.41303730988034
blend_treasH_tabm_periodic_kzt_120m_s0_kztcal,2026-01-01,oxr_delayed,cadence90_cd3,156,156,33,33,0.8787878787878788,1.0,4,0.19422529401771332,0.36538461538461536,0.5151515151515151,1.4098883572567784,50.371230714756635,87.53580700647575
blend_treasH_tabm_periodic_kzt_120m_s0_kztcal,2026-01-01,oxr_delayed,legacy,156,156,33,33,0.8787878787878788,1.0,4,0.19422529401771332,0.36538461538461536,0.5151515151515151,1.4098883572567784,50.371230714756635,87.53580700647575
blend_treasH_tabm_periodic_kzt_120m_s0_noage_kztcal,2025-01-01,bank_delayed,cadence85_cd2,242,242,60,51,0.9019607843137255,1.1764705882352942,5,0.14593777111763134,0.19834710743801653,0.3333333333333333,1.6805555555555554,32.81823495516605,4.571936067445941
blend_treasH_tabm_periodic_kzt_120m_s0_noage_kztcal,2025-01-01,bank_delayed,cadence90_cd2,242,242,60,51,0.9019607843137255,1.1764705882352942,5,0.14593777111763134,0.19834710743801653,0.3333333333333333,1.6805555555555554,32.81823495516605,4.571936067445941
blend_treasH_tabm_periodic_kzt_120m_s0_noage_kztcal,2025-01-01,bank_delayed,cadence90_cd3,242,242,51,51,0.9411764705882353,1.0,3,0.14593777111763134,0.19834710743801653,0.3137254901960784,1.5816993464052287,38.51051568412488,10.264216796404778
blend_treasH_tabm_periodic_kzt_120m_s0_noage_kztcal,2025-01-01,bank_delayed,legacy,242,242,46,51,0.8235294117647058,0.9019607843137255,9,0.14593777111763134,0.19834710743801653,0.3695652173913043,1.8632246376811592,43.89562495885206,15.649326071131952
blend_treasH_tabm_periodic_kzt_120m_s0_noage_kztcal,2025-01-01,both_delayed,cadence85_cd2,242,242,60,51,0.9215686274509803,1.1764705882352942,4,0.14653589036613549,0.19834710743801653,0.35,1.7645833333333332,29.79825692201655,1.5519580342964387
blend_treasH_tabm_periodic_kzt_120m_s0_noage_kztcal,2025-01-01,both_delayed,cadence90_cd2,242,242,60,51,0.9215686274509803,1.1764705882352942,4,0.14653589036613549,0.19834710743801653,0.35,1.7645833333333332,29.79825692201655,1.5519580342964387
blend_treasH_tabm_periodic_kzt_120m_s0_noage_kztcal,2025-01-01,both_delayed,cadence90_cd3,242,242,51,51,0.9411764705882353,1.0,3,0.14653589036613549,0.19834710743801653,0.3137254901960784,1.5816993464052287,39.12551953278501,10.879220645064903
blend_treasH_tabm_periodic_kzt_120m_s0_noage_kztcal,2025-01-01,both_delayed,legacy,242,242,43,51,0.7843137254901961,0.8431372549019608,11,0.14653589036613549,0.19834710743801653,0.37209302325581395,1.875968992248062,43.51737786034282,15.271078972622712
blend_treasH_tabm_periodic_kzt_120m_s0_noage_kztcal,2025-01-01,normal,cadence85_cd2,242,242,59,51,0.8823529411764706,1.1568627450980393,6,0.14332280849612367,0.19834710743801653,0.3389830508474576,1.7090395480225988,45.92476085317345,17.67846196545334
blend_treasH_tabm_periodic_kzt_120m_s0_noage_kztcal,2025-01-01,normal,cadence90_cd2,242,242,59,51,0.8823529411764706,1.1568627450980393,6,0.14332280849612367,0.19834710743801653,0.3389830508474576,1.7090395480225988,45.92476085317345,17.67846196545334
blend_treasH_tabm_periodic_kzt_120m_s0_noage_kztcal,2025-01-01,normal,cadence90_cd3,242,242,51,51,0.9607843137254902,1.0,2,0.14332280849612367,0.19834710743801653,0.2549019607843137,1.2851307189542482,38.69686156300732,10.450562675287207
blend_treasH_tabm_periodic_kzt_120m_s0_noage_kztcal,2025-01-01,normal,legacy,242,242,45,51,0.7843137254901961,0.8823529411764706,11,0.14332280849612367,0.19834710743801653,0.35555555555555557,1.7925925925925925,54.64526615484317,26.39896726712306
blend_treasH_tabm_periodic_kzt_120m_s0_noage_kztcal,2025-01-01,oxr_delayed,cadence85_cd2,242,242,59,51,0.9019607843137255,1.1568627450980393,5,0.14365481931029564,0.19834710743801653,0.3559322033898305,1.7944915254237288,48.50278275593986,20.256483868219753
blend_treasH_tabm_periodic_kzt_120m_s0_noage_kztcal,2025-01-01,oxr_delayed,cadence90_cd2,242,242,59,51,0.9019607843137255,1.1568627450980393,5,0.14365481931029564,0.19834710743801653,0.3559322033898305,1.7944915254237288,48.50278275593986,20.256483868219753
blend_treasH_tabm_periodic_kzt_120m_s0_noage_kztcal,2025-01-01,oxr_delayed,cadence90_cd3,242,242,51,51,0.9215686274509803,1.0,4,0.14365481931029564,0.19834710743801653,0.23529411764705882,1.1862745098039216,40.58618907923154,12.339890191511431
blend_treasH_tabm_periodic_kzt_120m_s0_noage_kztcal,2025-01-01,oxr_delayed,legacy,242,242,45,51,0.7843137254901961,0.8823529411764706,11,0.14365481931029564,0.19834710743801653,0.3333333333333333,1.6805555555555554,51.89779415462422,23.651495266904117
blend_treasH_tabm_periodic_kzt_120m_s0_noage_kztcal,2026-01-01,bank_delayed,cadence85_cd2,156,156,42,33,0.9090909090909091,1.2727272727272727,3,0.20700540848272495,0.36538461538461536,0.47619047619047616,1.3032581453634084,36.647635567865294,73.81221185958441
blend_treasH_tabm_periodic_kzt_120m_s0_noage_kztcal,2026-01-01,bank_delayed,cadence90_cd2,156,156,42,33,0.9090909090909091,1.2727272727272727,3,0.20700540848272495,0.36538461538461536,0.47619047619047616,1.3032581453634084,36.647635567865294,73.81221185958441
blend_treasH_tabm_periodic_kzt_120m_s0_noage_kztcal,2026-01-01,bank_delayed,cadence90_cd3,156,156,36,33,0.9090909090909091,1.0909090909090908,3,0.20700540848272495,0.36538461538461536,0.3888888888888889,1.064327485380117,17.823402895544135,54.98797918726325
blend_treasH_tabm_periodic_kzt_120m_s0_noage_kztcal,2026-01-01,bank_delayed,legacy,156,156,35,33,0.9090909090909091,1.0606060606060606,3,0.20700540848272495,0.36538461538461536,0.42857142857142855,1.1729323308270676,27.147822796640995,64.31239908836011
blend_treasH_tabm_periodic_kzt_120m_s0_noage_kztcal,2026-01-01,both_delayed,cadence85_cd2,156,156,42,33,0.9090909090909091,1.2727272727272727,3,0.20794422879456403,0.36538461538461536,0.4523809523809524,1.2380952380952381,33.99505330456812,71.15962959628723
blend_treasH_tabm_periodic_kzt_120m_s0_noage_kztcal,2026-01-01,both_delayed,cadence90_cd2,156,156,42,33,0.9090909090909091,1.2727272727272727,3,0.20794422879456403,0.36538461538461536,0.4523809523809524,1.2380952380952381,33.99505330456812,71.15962959628723
blend_treasH_tabm_periodic_kzt_120m_s0_noage_kztcal,2026-01-01,both_delayed,cadence90_cd3,156,156,36,33,0.9393939393939394,1.0909090909090908,2,0.20794422879456403,0.36538461538461536,0.3888888888888889,1.064327485380117,37.44387096636258,74.6084472580817
blend_treasH_tabm_periodic_kzt_120m_s0_noage_kztcal,2026-01-01,both_delayed,legacy,156,156,36,33,0.9696969696969697,1.0909090909090908,1,0.20794422879456403,0.36538461538461536,0.3888888888888889,1.064327485380117,30.608193913804186,67.7727702055233
blend_treasH_tabm_periodic_kzt_120m_s0_noage_kztcal,2026-01-01,normal,cadence85_cd2,156,156,43,33,0.9393939393939394,1.303030303030303,2,0.19655042268378137,0.36538461538461536,0.4883720930232558,1.3365973072215422,34.98867885814761,72.15325514986672
blend_treasH_tabm_periodic_kzt_120m_s0_noage_kztcal,2026-01-01,normal,cadence90_cd2,156,156,43,33,0.9393939393939394,1.303030303030303,2,0.19655042268378137,0.36538461538461536,0.4883720930232558,1.3365973072215422,34.98867885814761,72.15325514986672
blend_treasH_tabm_periodic_kzt_120m_s0_noage_kztcal,2026-01-01,normal,cadence90_cd3,156,156,35,33,0.9696969696969697,1.0606060606060606,1,0.19655042268378137,0.36538461538461536,0.42857142857142855,1.1729323308270676,48.056578433121885,85.221154724841
blend_treasH_tabm_periodic_kzt_120m_s0_noage_kztcal,2026-01-01,normal,legacy,156,156,35,33,0.9393939393939394,1.0606060606060606,2,0.19655042268378137,0.36538461538461536,0.42857142857142855,1.1729323308270676,46.42435513946252,83.58893143118163
blend_treasH_tabm_periodic_kzt_120m_s0_noage_kztcal,2026-01-01,oxr_delayed,cadence85_cd2,156,156,42,33,0.9393939393939394,1.2727272727272727,2,0.1964082540346807,0.36538461538461536,0.47619047619047616,1.3032581453634084,42.88915454500021,80.05373083671932
blend_treasH_tabm_periodic_kzt_120m_s0_noage_kztcal,2026-01-01,oxr_delayed,cadence90_cd2,156,156,42,33,0.9393939393939394,1.2727272727272727,2,0.1964082540346807,0.36538461538461536,0.47619047619047616,1.3032581453634084,42.88915454500021,80.05373083671932
blend_treasH_tabm_periodic_kzt_120m_s0_noage_kztcal,2026-01-01,oxr_delayed,cadence90_cd3,156,156,35,33,0.9696969696969697,1.0606060606060606,1,0.1964082540346807,0.36538461538461536,0.42857142857142855,1.1729323308270676,48.056578433121885,85.221154724841
blend_treasH_tabm_periodic_kzt_120m_s0_noage_kztcal,2026-01-01,oxr_delayed,legacy,156,156,35,33,0.9696969696969697,1.0606060606060606,1,0.1964082540346807,0.36538461538461536,0.42857142857142855,1.1729323308270676,48.056578433121885,85.221154724841
blend_treasH_tabm_periodic_kzt_120m_s1_kztcal,2025-01-01,bank_delayed,cadence85_cd2,242,242,64,51,0.9411764705882353,1.2549019607843137,3,0.14836878199851183,0.19834710743801653,0.34375,1.7330729166666665,33.650853487417436,5.404554599697329
blend_treasH_tabm_periodic_kzt_120m_s1_kztcal,2025-01-01,bank_delayed,cadence90_cd2,242,242,69,51,0.9803921568627451,1.3529411764705883,1,0.14836878199851183,0.19834710743801653,0.2608695652173913,1.3152173913043477,26.45737401299924,-1.7889248747208706
blend_treasH_tabm_periodic_kzt_120m_s1_kztcal,2025-01-01,bank_delayed,cadence90_cd3,242,242,53,51,0.9215686274509803,1.0392156862745099,4,0.14836878199851183,0.19834710743801653,0.33962264150943394,1.712264150943396,36.23816745494637,7.99186856722626
blend_treasH_tabm_periodic_kzt_120m_s1_kztcal,2025-01-01,bank_delayed,legacy,242,242,53,51,0.9215686274509803,1.0392156862745099,4,0.14836878199851183,0.19834710743801653,0.33962264150943394,1.712264150943396,36.23816745494637,7.99186856722626
blend_treasH_tabm_periodic_kzt_120m_s1_kztcal,2025-01-01,both_delayed,cadence85_cd2,242,242,75,51,0.9803921568627451,1.4705882352941178,1,0.16689917614248273,0.19834710743801653,0.29333333333333333,1.478888888888889,21.522597560742653,-6.723701326977456
blend_treasH_tabm_periodic_kzt_120m_s1_kztcal,2025-01-01,both_delayed,cadence90_cd2,242,242,80,51,1.0,1.5686274509803921,0,0.16689917614248273,0.19834710743801653,0.225,1.134375,4.055190635665603,-24.191108252054505
blend_treasH_tabm_periodic_kzt_120m_s1_kztcal,2025-01-01,both_delayed,cadence90_cd3,242,242,60,51,0.9411764705882353,1.1764705882352942,3,0.16689917614248273,0.19834710743801653,0.13333333333333333,0.6722222222222222,-0.8185594601218575,-29.064858347841966
blend_treasH_tabm_periodic_kzt_120m_s1_kztcal,2025-01-01,both_delayed,legacy,242,242,60,51,0.9411764705882353,1.1764705882352942,3,0.16689917614248273,0.19834710743801653,0.13333333333333333,0.6722222222222222,-0.8185594601218575,-29.064858347841966
blend_treasH_tabm_periodic_kzt_120m_s1_kztcal,2025-01-01,normal,cadence85_cd2,242,242,61,51,0.9215686274509803,1.196078431372549,4,0.14447741942565112,0.19834710743801653,0.3770491803278688,1.9009562841530052,56.012166711705504,27.7658678239854
blend_treasH_tabm_periodic_kzt_120m_s1_kztcal,2025-01-01,normal,cadence90_cd2,242,242,67,51,0.9803921568627451,1.3137254901960784,1,0.14447741942565112,0.19834710743801653,0.2835820895522388,1.4297263681592038,28.805695669474503,0.5593967817543959
blend_treasH_tabm_periodic_kzt_120m_s1_kztcal,2025-01-01,normal,cadence90_cd3,242,242,52,51,0.9411764705882353,1.0196078431372548,3,0.14447741942565112,0.19834710743801653,0.40384615384615385,2.0360576923076925,48.08321881712135,19.83691992940124
blend_treasH_tabm_periodic_kzt_120m_s1_kztcal,2025-01-01,normal,legacy,242,242,52,51,0.9411764705882353,1.0196078431372548,3,0.14447741942565112,0.19834710743801653,0.40384615384615385,2.0360576923076925,48.08321881712135,19.83691992940124
blend_treasH_tabm_periodic_kzt_120m_s1_kztcal,2025-01-01,oxr_delayed,cadence85_cd2,242,242,78,51,0.9803921568627451,1.5294117647058822,1,0.16115940446073918,0.19834710743801653,0.2692307692307692,1.3573717948717947,18.664057458726628,-9.58224142899348
blend_treasH_tabm_periodic_kzt_120m_s1_kztcal,2025-01-01,oxr_delayed,cadence90_cd2,242,242,80,51,0.9803921568627451,1.5686274509803921,1,0.16115940446073918,0.19834710743801653,0.2125,1.0713541666666666,4.658142784769254,-23.588156102950855
blend_treasH_tabm_periodic_kzt_120m_s1_kztcal,2025-01-01,oxr_delayed,cadence90_cd3,242,242,60,51,0.9411764705882353,1.1764705882352942,3,0.16115940446073918,0.19834710743801653,0.13333333333333333,0.6722222222222222,-7.916788839524841,-36.16308772724495
blend_treasH_tabm_periodic_kzt_120m_s1_kztcal,2025-01-01,oxr_delayed,legacy,242,242,60,51,0.9411764705882353,1.1764705882352942,3,0.16115940446073918,0.19834710743801653,0.13333333333333333,0.6722222222222222,-7.916788839524841,-36.16308772724495
blend_treasH_tabm_periodic_kzt_120m_s1_kztcal,2026-01-01,bank_delayed,cadence85_cd2,156,156,41,33,0.9090909090909091,1.2424242424242424,3,0.2076053705278651,0.36538461538461536,0.4878048780487805,1.3350449293966624,41.469163221699844,78.63373951341896
blend_treasH_tabm_periodic_kzt_120m_s1_kztcal,2026-01-01,bank_delayed,cadence90_cd2,156,156,43,33,0.9393939393939394,1.303030303030303,2,0.2076053705278651,0.36538461538461536,0.46511627906976744,1.2729498164014688,26.615028793263534,63.77960508498265
blend_treasH_tabm_periodic_kzt_120m_s1_kztcal,2026-01-01,bank_delayed,cadence90_cd3,156,156,36,33,0.9090909090909091,1.0909090909090908,3,0.2076053705278651,0.36538461538461536,0.3888888888888889,1.064327485380117,15.170454194714374,52.33503048643349
blend_treasH_tabm_periodic_kzt_120m_s1_kztcal,2026-01-01,bank_delayed,legacy,156,156,36,33,0.9090909090909091,1.0909090909090908,3,0.2076053705278651,0.36538461538461536,0.4444444444444444,1.2163742690058479,23.840197050610257,61.00477334232937
blend_treasH_tabm_periodic_kzt_120m_s1_kztcal,2026-01-01,both_delayed,cadence85_cd2,156,156,50,33,1.0,1.5151515151515151,0,0.20209236556232593,0.36538461538461536,0.38,1.04,17.53717358404655,54.701749875765664
blend_treasH_tabm_periodic_kzt_120m_s1_kztcal,2026-01-01,both_delayed,cadence90_cd2,156,156,50,33,1.0,1.5151515151515151,0,0.20209236556232593,0.36538461538461536,0.38,1.04,17.53717358404655,54.701749875765664
blend_treasH_tabm_periodic_kzt_120m_s1_kztcal,2026-01-01,both_delayed,cadence90_cd3,156,156,39,33,0.9696969696969697,1.1818181818181819,1,0.20209236556232593,0.36538461538461536,0.3333333333333333,0.9122807017543859,9.935210836592809,47.099787128311924
blend_treasH_tabm_periodic_kzt_120m_s1_kztcal,2026-01-01,both_delayed,legacy,156,156,39,33,0.9696969696969697,1.1818181818181819,1,0.20209236556232593,0.36538461538461536,0.3333333333333333,0.9122807017543859,9.935210836592809,47.099787128311924
blend_treasH_tabm_periodic_kzt_120m_s1_kztcal,2026-01-01,normal,cadence85_cd2,156,156,43,33,0.9696969696969697,1.303030303030303,1,0.19997756924198426,0.36538461538461536,0.4883720930232558,1.3365973072215422,37.78742516336786,74.95200145508697
blend_treasH_tabm_periodic_kzt_120m_s1_kztcal,2026-01-01,normal,cadence90_cd2,156,156,44,33,0.9696969696969697,1.3333333333333333,1,0.19997756924198426,0.36538461538461536,0.5,1.368421052631579,31.96864434804222,69.13322063976133
blend_treasH_tabm_periodic_kzt_120m_s1_kztcal,2026-01-01,normal,cadence90_cd3,156,156,35,33,0.9696969696969697,1.0606060606060606,1,0.19997756924198426,0.36538461538461536,0.4857142857142857,1.3293233082706768,40.89908666855338,78.0636629602725
blend_treasH_tabm_periodic_kzt_120m_s1_kztcal,2026-01-01,normal,legacy,156,156,35,33,0.9696969696969697,1.0606060606060606,1,0.19997756924198426,0.36538461538461536,0.4857142857142857,1.3293233082706768,40.89908666855338,78.0636629602725
blend_treasH_tabm_periodic_kzt_120m_s1_kztcal,2026-01-01,oxr_delayed,cadence85_cd2,156,156,49,33,0.9696969696969697,1.4848484848484849,1,0.19429274231154936,0.36538461538461536,0.40816326530612246,1.117078410311493,10.030646216847053,47.19522250856617
blend_treasH_tabm_periodic_kzt_120m_s1_kztcal,2026-01-01,oxr_delayed,cadence90_cd2,156,156,49,33,0.9696969696969697,1.4848484848484849,1,0.19429274231154936,0.36538461538461536,0.40816326530612246,1.117078410311493,2.2152830017566743,39.37985929347579
blend_treasH_tabm_periodic_kzt_120m_s1_kztcal,2026-01-01,oxr_delayed,cadence90_cd3,156,156,39,33,0.9696969696969697,1.1818181818181819,1,0.19429274231154936,0.36538461538461536,0.3333333333333333,0.9122807017543859,9.935210836592809,47.099787128311924
blend_treasH_tabm_periodic_kzt_120m_s1_kztcal,2026-01-01,oxr_delayed,legacy,156,156,38,33,0.9393939393939394,1.1515151515151516,2,0.19429274231154936,0.36538461538461536,0.3157894736842105,0.8642659279778393,-8.038315857885639,29.126260433833476
blend_treasH_tabm_periodic_kzt_120m_s2_kztcal,2025-01-01,bank_delayed,cadence85_cd2,242,242,53,51,0.8431372549019608,1.0392156862745099,8,0.145240145748199,0.19834710743801653,0.33962264150943394,1.712264150943396,45.52718282776351,17.280883940043402
blend_treasH_tabm_periodic_kzt_120m_s2_kztcal,2025-01-01,bank_delayed,cadence90_cd2,242,242,64,51,0.9215686274509803,1.2549019607843137,4,0.145240145748199,0.19834710743801653,0.25,1.2604166666666667,27.330733201204723,-0.9155656865153841
blend_treasH_tabm_periodic_kzt_120m_s2_kztcal,2025-01-01,bank_delayed,cadence90_cd3,242,242,48,51,0.8431372549019608,0.9411764705882353,8,0.145240145748199,0.19834710743801653,0.375,1.890625,42.16779074425469,13.92149185653458
blend_treasH_tabm_periodic_kzt_120m_s2_kztcal,2025-01-01,bank_delayed,legacy,242,242,43,51,0.803921568627451,0.8431372549019608,10,0.145240145748199,0.19834710743801653,0.3953488372093023,1.9932170542635657,57.43912637367238,29.19282748595227
blend_treasH_tabm_periodic_kzt_120m_s2_kztcal,2025-01-01,both_delayed,cadence85_cd2,242,242,80,51,0.9607843137254902,1.5686274509803921,2,0.26008318831449995,0.19834710743801653,0.1375,0.6932291666666667,-18.120635555098794,-46.3669344428189
blend_treasH_tabm_periodic_kzt_120m_s2_kztcal,2025-01-01,both_delayed,cadence90_cd2,242,242,80,51,0.9607843137254902,1.5686274509803921,2,0.26008318831449995,0.19834710743801653,0.1375,0.6932291666666667,-18.120635555098794,-46.3669344428189
blend_treasH_tabm_periodic_kzt_120m_s2_kztcal,2025-01-01,both_delayed,cadence90_cd3,242,242,60,51,0.9411764705882353,1.1764705882352942,3,0.26008318831449995,0.19834710743801653,0.15,0.75625,-0.8203922012711118,-29.06669108899122
blend_treasH_tabm_periodic_kzt_120m_s2_kztcal,2025-01-01,both_delayed,legacy,242,242,60,51,0.9411764705882353,1.1764705882352942,3,0.26008318831449995,0.19834710743801653,0.15,0.75625,-0.8203922012711118,-29.06669108899122
blend_treasH_tabm_periodic_kzt_120m_s2_kztcal,2025-01-01,normal,cadence85_cd2,242,242,52,51,0.7843137254901961,1.0196078431372548,11,0.14299168164359052,0.19834710743801653,0.38461538461538464,1.939102564102564,58.367155620302825,30.120856732582713
blend_treasH_tabm_periodic_kzt_120m_s2_kztcal,2025-01-01,normal,cadence90_cd2,242,242,65,51,0.9607843137254902,1.2745098039215685,2,0.14299168164359052,0.19834710743801653,0.27692307692307694,1.3961538461538463,30.638339192373415,2.392040304653307
blend_treasH_tabm_periodic_kzt_120m_s2_kztcal,2025-01-01,normal,cadence90_cd3,242,242,47,51,0.8431372549019608,0.9215686274509803,8,0.14299168164359052,0.19834710743801653,0.2765957446808511,1.3945035460992907,51.4652414712251,23.21894258350499
blend_treasH_tabm_periodic_kzt_120m_s2_kztcal,2025-01-01,normal,legacy,242,242,43,51,0.7450980392156863,0.8431372549019608,13,0.14299168164359052,0.19834710743801653,0.3953488372093023,1.9932170542635657,62.25057083256908,34.00427194484897
blend_treasH_tabm_periodic_kzt_120m_s2_kztcal,2025-01-01,oxr_delayed,cadence85_cd2,242,242,80,51,0.9607843137254902,1.5686274509803921,2,0.2542007772765265,0.19834710743801653,0.1375,0.6932291666666667,-18.120635555098794,-46.3669344428189
blend_treasH_tabm_periodic_kzt_120m_s2_kztcal,2025-01-01,oxr_delayed,cadence90_cd2,242,242,80,51,0.9607843137254902,1.5686274509803921,2,0.2542007772765265,0.19834710743801653,0.1375,0.6932291666666667,-18.120635555098794,-46.3669344428189
blend_treasH_tabm_periodic_kzt_120m_s2_kztcal,2025-01-01,oxr_delayed,cadence90_cd3,242,242,60,51,0.9411764705882353,1.1764705882352942,3,0.2542007772765265,0.19834710743801653,0.15,0.75625,-0.8203922012711118,-29.06669108899122
blend_treasH_tabm_periodic_kzt_120m_s2_kztcal,2025-01-01,oxr_delayed,legacy,242,242,60,51,0.9411764705882353,1.1764705882352942,3,0.2542007772765265,0.19834710743801653,0.15,0.75625,-0.8203922012711118,-29.06669108899122
blend_treasH_tabm_periodic_kzt_120m_s2_kztcal,2026-01-01,bank_delayed,cadence85_cd2,156,156,39,33,0.8787878787878788,1.1818181818181819,4,0.21039702641961283,0.36538461538461536,0.46153846153846156,1.2631578947368423,48.818409860629956,85.98298615234907
blend_treasH_tabm_periodic_kzt_120m_s2_kztcal,2026-01-01,bank_delayed,cadence90_cd2,156,156,42,33,0.9090909090909091,1.2727272727272727,3,0.21039702641961283,0.36538461538461536,0.47619047619047616,1.3032581453634084,43.05187713926587,80.21645343098498
blend_treasH_tabm_periodic_kzt_120m_s2_kztcal,2026-01-01,bank_delayed,cadence90_cd3,156,156,36,33,0.9090909090909091,1.0909090909090908,3,0.21039702641961283,0.36538461538461536,0.3888888888888889,1.064327485380117,15.170454194714374,52.33503048643349
blend_treasH_tabm_periodic_kzt_120m_s2_kztcal,2026-01-01,bank_delayed,legacy,156,156,35,33,0.9090909090909091,1.0606060606060606,3,0.21039702641961283,0.36538461538461536,0.42857142857142855,1.1729323308270676,24.419075561501792,61.58365185322091
blend_treasH_tabm_periodic_kzt_120m_s2_kztcal,2026-01-01,both_delayed,cadence85_cd2,156,156,39,33,0.8484848484848485,1.1818181818181819,5,0.21389425847391857,0.36538461538461536,0.4358974358974359,1.192982456140351,43.152652429712305,80.31722872143142
blend_treasH_tabm_periodic_kzt_120m_s2_kztcal,2026-01-01,both_delayed,cadence90_cd2,156,156,40,33,0.8787878787878788,1.2121212121212122,4,0.21389425847391857,0.36538461538461536,0.425,1.1631578947368422,43.252090998056346,80.41666728977546
blend_treasH_tabm_periodic_kzt_120m_s2_kztcal,2026-01-01,both_delayed,cadence90_cd3,156,156,37,33,0.9696969696969697,1.121212121212121,1,0.21389425847391857,0.36538461538461536,0.35135135135135137,0.961593172119488,18.405575923621505,55.57015221534062
blend_treasH_tabm_periodic_kzt_120m_s2_kztcal,2026-01-01,both_delayed,legacy,156,156,35,33,0.9090909090909091,1.0606060606060606,3,0.21389425847391857,0.36538461538461536,0.4857142857142857,1.3293233082706768,33.33652535613754,70.50110164785666
blend_treasH_tabm_periodic_kzt_120m_s2_kztcal,2026-01-01,normal,cadence85_cd2,156,156,40,33,0.8787878787878788,1.2121212121212122,4,0.19836603111443796,0.36538461538461536,0.55,1.505263157894737,66.21511623261752,103.37969252433663
blend_treasH_tabm_periodic_kzt_120m_s2_kztcal,2026-01-01,normal,cadence90_cd2,156,156,42,33,0.9393939393939394,1.2727272727272727,2,0.19836603111443796,0.36538461538461536,0.5238095238095238,1.4335839598997495,49.01023871527964,86.17481500699876
blend_treasH_tabm_periodic_kzt_120m_s2_kztcal,2026-01-01,normal,cadence90_cd3,156,156,36,33,1.0,1.0909090909090908,0,0.19836603111443796,0.36538461538461536,0.5,1.368421052631579,49.613349932242514,86.77792622396163
blend_treasH_tabm_periodic_kzt_120m_s2_kztcal,2026-01-01,normal,legacy,156,156,34,33,0.8787878787878788,1.0303030303030303,4,0.19836603111443796,0.36538461538461536,0.5,1.368421052631579,40.875943731259866,78.04052002297898
blend_treasH_tabm_periodic_kzt_120m_s2_kztcal,2026-01-01,oxr_delayed,cadence85_cd2,156,156,39,33,0.8484848484848485,1.1818181818181819,5,0.20089561180147777,0.36538461538461536,0.46153846153846156,1.2631578947368423,66.31477200109877,103.47934829281789
blend_treasH_tabm_periodic_kzt_120m_s2_kztcal,2026-01-01,oxr_delayed,cadence90_cd2,156,156,42,33,0.9393939393939394,1.2727272727272727,2,0.20089561180147777,0.36538461538461536,0.47619047619047616,1.3032581453634084,42.056809003208826,79.22138529492794
blend_treasH_tabm_periodic_kzt_120m_s2_kztcal,2026-01-01,oxr_delayed,cadence90_cd3,156,156,35,33,0.9393939393939394,1.0606060606060606,2,0.20089561180147777,0.36538461538461536,0.4857142857142857,1.3293233082706768,51.74911630863933,88.91369260035844
blend_treasH_tabm_periodic_kzt_120m_s2_kztcal,2026-01-01,oxr_delayed,legacy,156,156,34,33,0.8484848484848485,1.0303030303030303,5,0.20089561180147777,0.36538461538461536,0.47058823529411764,1.2879256965944272,40.22246267582237,77.38703896754149
blend_treasH_tabm_periodic_kzt_120m_sensemble3_kztcal,2025-01-01,bank_delayed,cadence85_cd2,242,242,61,51,0.9019607843137255,1.196078431372549,5,0.146884512159292,0.19834710743801653,0.3114754098360656,1.5703551912568305,32.27354759362092,4.027248705900811
blend_treasH_tabm_periodic_kzt_120m_sensemble3_kztcal,2025-01-01,bank_delayed,cadence90_cd2,242,242,71,51,0.9607843137254902,1.392156862745098,2,0.146884512159292,0.19834710743801653,0.23943661971830985,1.2071596244131455,18.692018901174762,-9.554279986545346
blend_treasH_tabm_periodic_kzt_120m_sensemble3_kztcal,2025-01-01,bank_delayed,cadence90_cd3,242,242,46,51,0.8431372549019608,0.9019607843137255,8,0.146884512159292,0.19834710743801653,0.391304347826087,1.9728260869565217,50.93850113221089,22.692202244490776
blend_treasH_tabm_periodic_kzt_120m_sensemble3_kztcal,2025-01-01,bank_delayed,legacy,242,242,45,51,0.8235294117647058,0.8823529411764706,9,0.146884512159292,0.19834710743801653,0.37777777777777777,1.9046296296296295,48.11430008961665,19.868001201896536
blend_treasH_tabm_periodic_kzt_120m_sensemble3_kztcal,2025-01-01,both_delayed,cadence85_cd2,242,242,80,51,0.9607843137254902,1.5686274509803921,2,0.2200339097757535,0.19834710743801653,0.1375,0.6932291666666667,-18.120635555098794,-46.3669344428189
blend_treasH_tabm_periodic_kzt_120m_sensemble3_kztcal,2025-01-01,both_delayed,cadence90_cd2,242,242,81,51,1.0,1.588235294117647,0,0.2200339097757535,0.19834710743801653,0.2345679012345679,1.1826131687242798,11.341007270020317,-16.905291617699792
blend_treasH_tabm_periodic_kzt_120m_sensemble3_kztcal,2025-01-01,both_delayed,cadence90_cd3,242,242,60,51,0.9411764705882353,1.1764705882352942,3,0.2200339097757535,0.19834710743801653,0.15,0.75625,-0.8203922012711118,-29.06669108899122
blend_treasH_tabm_periodic_kzt_120m_sensemble3_kztcal,2025-01-01,both_delayed,legacy,242,242,60,51,0.9411764705882353,1.1764705882352942,3,0.2200339097757535,0.19834710743801653,0.15,0.75625,-0.8203922012711118,-29.06669108899122
blend_treasH_tabm_periodic_kzt_120m_sensemble3_kztcal,2025-01-01,normal,cadence85_cd2,242,242,58,51,0.8823529411764706,1.1372549019607843,6,0.14331361915499413,0.19834710743801653,0.3448275862068966,1.738505747126437,51.792501376882456,23.54620248916235
blend_treasH_tabm_periodic_kzt_120m_sensemble3_kztcal,2025-01-01,normal,cadence90_cd2,242,242,70,51,1.0,1.3725490196078431,0,0.14331361915499413,0.19834710743801653,0.22857142857142856,1.1523809523809523,23.326803359151334,-4.919495528568773
blend_treasH_tabm_periodic_kzt_120m_sensemble3_kztcal,2025-01-01,normal,cadence90_cd3,242,242,45,51,0.7843137254901961,0.8823529411764706,11,0.14331361915499413,0.19834710743801653,0.35555555555555557,1.7925925925925925,62.27778154494352,34.031482657223414
blend_treasH_tabm_periodic_kzt_120m_sensemble3_kztcal,2025-01-01,normal,legacy,242,242,45,51,0.7843137254901961,0.8823529411764706,11,0.14331361915499413,0.19834710743801653,0.35555555555555557,1.7925925925925925,54.43116078960593,26.184861901885824
blend_treasH_tabm_periodic_kzt_120m_sensemble3_kztcal,2025-01-01,oxr_delayed,cadence85_cd2,242,242,80,51,0.9607843137254902,1.5686274509803921,2,0.21516085151205522,0.19834710743801653,0.1375,0.6932291666666667,-18.120635555098794,-46.3669344428189
blend_treasH_tabm_periodic_kzt_120m_sensemble3_kztcal,2025-01-01,oxr_delayed,cadence90_cd2,242,242,81,51,1.0,1.588235294117647,0,0.21516085151205522,0.19834710743801653,0.2345679012345679,1.1826131687242798,11.341007270020317,-16.905291617699792
blend_treasH_tabm_periodic_kzt_120m_sensemble3_kztcal,2025-01-01,oxr_delayed,cadence90_cd3,242,242,60,51,0.9411764705882353,1.1764705882352942,3,0.21516085151205522,0.19834710743801653,0.15,0.75625,-0.8203922012711118,-29.06669108899122
blend_treasH_tabm_periodic_kzt_120m_sensemble3_kztcal,2025-01-01,oxr_delayed,legacy,242,242,60,51,0.9411764705882353,1.1764705882352942,3,0.21516085151205522,0.19834710743801653,0.15,0.75625,-0.8203922012711118,-29.06669108899122
blend_treasH_tabm_periodic_kzt_120m_sensemble3_kztcal,2026-01-01,bank_delayed,cadence85_cd2,156,156,42,33,0.9090909090909091,1.2727272727272727,3,0.2079537284261159,0.36538461538461536,0.5,1.368421052631579,45.073752585629364,82.23832887734848
blend_treasH_tabm_periodic_kzt_120m_sensemble3_kztcal,2026-01-01,bank_delayed,cadence90_cd2,156,156,42,33,0.9090909090909091,1.2727272727272727,3,0.2079537284261159,0.36538461538461536,0.5,1.368421052631579,45.073752585629364,82.23832887734848
blend_treasH_tabm_periodic_kzt_120m_sensemble3_kztcal,2026-01-01,bank_delayed,cadence90_cd3,156,156,36,33,0.9090909090909091,1.0909090909090908,3,0.2079537284261159,0.36538461538461536,0.3888888888888889,1.064327485380117,15.170454194714374,52.33503048643349
blend_treasH_tabm_periodic_kzt_120m_sensemble3_kztcal,2026-01-01,bank_delayed,legacy,156,156,36,33,0.9090909090909091,1.0909090909090908,3,0.2079537284261159,0.36538461538461536,0.4444444444444444,1.2163742690058479,23.37210747143697,60.536683763156084
blend_treasH_tabm_periodic_kzt_120m_sensemble3_kztcal,2026-01-01,both_delayed,cadence85_cd2,156,156,46,33,0.9696969696969697,1.393939393939394,1,0.20367060154029926,0.36538461538461536,0.45652173913043476,1.2494279176201373,24.14306847690421,61.30764476862333
blend_treasH_tabm_periodic_kzt_120m_sensemble3_kztcal,2026-01-01,both_delayed,cadence90_cd2,156,156,46,33,0.9696969696969697,1.393939393939394,1,0.20367060154029926,0.36538461538461536,0.45652173913043476,1.2494279176201373,24.14306847690421,61.30764476862333
blend_treasH_tabm_periodic_kzt_120m_sensemble3_kztcal,2026-01-01,both_delayed,cadence90_cd3,156,156,38,33,0.9696969696969697,1.1515151515151516,1,0.20367060154029926,0.36538461538461536,0.34210526315789475,0.9362880886426593,12.56118693119955,49.725763222918665
blend_treasH_tabm_periodic_kzt_120m_sensemble3_kztcal,2026-01-01,both_delayed,legacy,156,156,37,33,0.9696969696969697,1.121212121212121,1,0.20367060154029926,0.36538461538461536,0.35135135135135137,0.961593172119488,20.986823308212635,58.15139959993175
blend_treasH_tabm_periodic_kzt_120m_sensemble3_kztcal,2026-01-01,normal,cadence85_cd2,156,156,44,33,0.9696969696969697,1.3333333333333333,1,0.196641771731045,0.36538461538461536,0.5,1.368421052631579,37.23054142222033,74.39511771393944
blend_treasH_tabm_periodic_kzt_120m_sensemble3_kztcal,2026-01-01,normal,cadence90_cd2,156,156,44,33,0.9696969696969697,1.3333333333333333,1,0.196641771731045,0.36538461538461536,0.5,1.368421052631579,37.23054142222033,74.39511771393944
blend_treasH_tabm_periodic_kzt_120m_sensemble3_kztcal,2026-01-01,normal,cadence90_cd3,156,156,36,33,1.0,1.0909090909090908,0,0.196641771731045,0.36538461538461536,0.5,1.368421052631579,50.081439511415795,87.24601580313491
blend_treasH_tabm_periodic_kzt_120m_sensemble3_kztcal,2026-01-01,normal,legacy,156,156,34,33,0.8787878787878788,1.0303030303030303,4,0.196641771731045,0.36538461538461536,0.5,1.368421052631579,40.875943731259866,78.04052002297898
blend_treasH_tabm_periodic_kzt_120m_sensemble3_kztcal,2026-01-01,oxr_delayed,cadence85_cd2,156,156,45,33,0.9393939393939394,1.3636363636363635,2,0.19183554184968746,0.36538461538461536,0.5111111111111111,1.3988304093567252,31.01342463279822,68.17800092451733
blend_treasH_tabm_periodic_kzt_120m_sensemble3_kztcal,2026-01-01,oxr_delayed,cadence90_cd2,156,156,45,33,0.9393939393939394,1.3636363636363635,2,0.19183554184968746,0.36538461538461536,0.5111111111111111,1.3988304093567252,31.01342463279822,68.17800092451733
blend_treasH_tabm_periodic_kzt_120m_sensemble3_kztcal,2026-01-01,oxr_delayed,cadence90_cd3,156,156,36,33,0.9696969696969697,1.0909090909090908,1,0.19183554184968746,0.36538461538461536,0.4722222222222222,1.2923976608187135,43.57374924653142,80.73832553825054
blend_treasH_tabm_periodic_kzt_120m_sensemble3_kztcal,2026-01-01,oxr_delayed,legacy,156,156,36,33,1.0,1.0909090909090908,0,0.19183554184968746,0.36538461538461536,0.5,1.368421052631579,50.081439511415795,87.24601580313491
blend_treasH_tabm_periodic_pooled_120m_s0_kztcal,2025-01-01,bank_delayed,cadence85_cd2,242,242,58,51,0.8823529411764706,1.1372549019607843,6,0.1496189513498362,0.19834710743801653,0.3620689655172414,1.8254310344827587,32.966153567186126,4.719854679466017
blend_treasH_tabm_periodic_pooled_120m_s0_kztcal,2025-01-01,bank_delayed,cadence90_cd2,242,242,66,51,0.9607843137254902,1.2941176470588236,2,0.1496189513498362,0.19834710743801653,0.30303030303030304,1.5277777777777777,25.96269058622118,-2.283608301498929
blend_treasH_tabm_periodic_pooled_120m_s0_kztcal,2025-01-01,bank_delayed,cadence90_cd3,242,242,51,51,0.9019607843137255,1.0,5,0.1496189513498362,0.19834710743801653,0.29411764705882354,1.482843137254902,41.23227160441323,12.985972716693118
blend_treasH_tabm_periodic_pooled_120m_s0_kztcal,2025-01-01,bank_delayed,legacy,242,242,49,51,0.8823529411764706,0.9607843137254902,6,0.1496189513498362,0.19834710743801653,0.3673469387755102,1.8520408163265307,42.27246053375782,14.02616164603771
blend_treasH_tabm_periodic_pooled_120m_s0_kztcal,2025-01-01,both_delayed,cadence85_cd2,242,242,58,51,0.8823529411764706,1.1372549019607843,6,0.1496189513498362,0.19834710743801653,0.3620689655172414,1.8254310344827587,32.966153567186126,4.719854679466017
blend_treasH_tabm_periodic_pooled_120m_s0_kztcal,2025-01-01,both_delayed,cadence90_cd2,242,242,66,51,0.9607843137254902,1.2941176470588236,2,0.1496189513498362,0.19834710743801653,0.30303030303030304,1.5277777777777777,25.96269058622118,-2.283608301498929
blend_treasH_tabm_periodic_pooled_120m_s0_kztcal,2025-01-01,both_delayed,cadence90_cd3,242,242,51,51,0.9019607843137255,1.0,5,0.1496189513498362,0.19834710743801653,0.29411764705882354,1.482843137254902,41.23227160441323,12.985972716693118
blend_treasH_tabm_periodic_pooled_120m_s0_kztcal,2025-01-01,both_delayed,legacy,242,242,49,51,0.8823529411764706,0.9607843137254902,6,0.1496189513498362,0.19834710743801653,0.3673469387755102,1.8520408163265307,42.27246053375782,14.02616164603771
blend_treasH_tabm_periodic_pooled_120m_s0_kztcal,2025-01-01,normal,cadence85_cd2,242,242,58,51,0.8823529411764706,1.1372549019607843,6,0.14520370141594133,0.19834710743801653,0.41379310344827586,2.086206896551724,60.167968433012916,31.92166954529281
blend_treasH_tabm_periodic_pooled_120m_s0_kztcal,2025-01-01,normal,cadence90_cd2,242,242,64,51,0.9803921568627451,1.2549019607843137,1,0.14520370141594133,0.19834710743801653,0.296875,1.4967447916666665,32.38538912935907,4.139090241638957
blend_treasH_tabm_periodic_pooled_120m_s0_kztcal,2025-01-01,normal,cadence90_cd3,242,242,50,51,0.9019607843137255,0.9803921568627451,5,0.14520370141594133,0.19834710743801653,0.34,1.7141666666666668,44.830115982128675,16.58381709440857
blend_treasH_tabm_periodic_pooled_120m_s0_kztcal,2025-01-01,normal,legacy,242,242,49,51,0.8823529411764706,0.9607843137254902,6,0.14520370141594133,0.19834710743801653,0.3469387755102041,1.7491496598639455,49.64107048890146,21.394771601181358
blend_treasH_tabm_periodic_pooled_120m_s0_kztcal,2025-01-01,oxr_delayed,cadence85_cd2,242,242,58,51,0.8823529411764706,1.1372549019607843,6,0.14520370141594133,0.19834710743801653,0.41379310344827586,2.086206896551724,60.167968433012916,31.92166954529281
blend_treasH_tabm_periodic_pooled_120m_s0_kztcal,2025-01-01,oxr_delayed,cadence90_cd2,242,242,64,51,0.9803921568627451,1.2549019607843137,1,0.14520370141594133,0.19834710743801653,0.296875,1.4967447916666665,32.38538912935907,4.139090241638957
blend_treasH_tabm_periodic_pooled_120m_s0_kztcal,2025-01-01,oxr_delayed,cadence90_cd3,242,242,50,51,0.9019607843137255,0.9803921568627451,5,0.14520370141594133,0.19834710743801653,0.34,1.7141666666666668,44.830115982128675,16.58381709440857
blend_treasH_tabm_periodic_pooled_120m_s0_kztcal,2025-01-01,oxr_delayed,legacy,242,242,49,51,0.8823529411764706,0.9607843137254902,6,0.14520370141594133,0.19834710743801653,0.3469387755102041,1.7491496598639455,49.64107048890146,21.394771601181358
blend_treasH_tabm_periodic_pooled_120m_s0_kztcal,2026-01-01,bank_delayed,cadence85_cd2,156,156,42,33,0.9090909090909091,1.2727272727272727,3,0.22412338268529702,0.36538461538461536,0.40476190476190477,1.1077694235588973,31.091521511014165,68.25609780273328
blend_treasH_tabm_periodic_pooled_120m_s0_kztcal,2026-01-01,bank_delayed,cadence90_cd2,156,156,42,33,0.8787878787878788,1.2727272727272727,4,0.22412338268529702,0.36538461538461536,0.40476190476190477,1.1077694235588973,32.77043910837202,69.93501540009113
blend_treasH_tabm_periodic_pooled_120m_s0_kztcal,2026-01-01,bank_delayed,cadence90_cd3,156,156,37,33,1.0,1.121212121212121,0,0.22412338268529702,0.36538461538461536,0.4594594594594595,1.2574679943100997,22.371472398676296,59.53604869039541
blend_treasH_tabm_periodic_pooled_120m_s0_kztcal,2026-01-01,bank_delayed,legacy,156,156,35,33,0.9393939393939394,1.0606060606060606,2,0.22412338268529702,0.36538461538461536,0.45714285714285713,1.2511278195488722,32.1392333404587,69.30380963217782
blend_treasH_tabm_periodic_pooled_120m_s0_kztcal,2026-01-01,both_delayed,cadence85_cd2,156,156,42,33,0.9090909090909091,1.2727272727272727,3,0.22382909367633816,0.36538461538461536,0.40476190476190477,1.1077694235588973,31.091521511014165,68.25609780273328
blend_treasH_tabm_periodic_pooled_120m_s0_kztcal,2026-01-01,both_delayed,cadence90_cd2,156,156,42,33,0.8787878787878788,1.2727272727272727,4,0.22382909367633816,0.36538461538461536,0.40476190476190477,1.1077694235588973,32.77043910837202,69.93501540009113
blend_treasH_tabm_periodic_pooled_120m_s0_kztcal,2026-01-01,both_delayed,cadence90_cd3,156,156,37,33,1.0,1.121212121212121,0,0.22382909367633816,0.36538461538461536,0.4594594594594595,1.2574679943100997,22.371472398676296,59.53604869039541
blend_treasH_tabm_periodic_pooled_120m_s0_kztcal,2026-01-01,both_delayed,legacy,156,156,35,33,0.9393939393939394,1.0606060606060606,2,0.22382909367633816,0.36538461538461536,0.45714285714285713,1.2511278195488722,32.1392333404587,69.30380963217782
blend_treasH_tabm_periodic_pooled_120m_s0_kztcal,2026-01-01,normal,cadence85_cd2,156,156,41,33,0.8787878787878788,1.2424242424242424,4,0.21847931143599433,0.36538461538461536,0.4634146341463415,1.2682926829268295,41.599544617555466,78.76412090927458
blend_treasH_tabm_periodic_pooled_120m_s0_kztcal,2026-01-01,normal,cadence90_cd2,156,156,43,33,0.9393939393939394,1.303030303030303,2,0.21847931143599433,0.36538461538461536,0.4186046511627907,1.145654834761322,28.125816590080674,65.29039288179979
blend_treasH_tabm_periodic_pooled_120m_s0_kztcal,2026-01-01,normal,cadence90_cd3,156,156,35,33,0.9696969696969697,1.0606060606060606,1,0.21847931143599433,0.36538461538461536,0.4857142857142857,1.3293233082706768,31.125329502984087,68.2899057947032
blend_treasH_tabm_periodic_pooled_120m_s0_kztcal,2026-01-01,normal,legacy,156,156,35,33,0.9393939393939394,1.0606060606060606,2,0.21847931143599433,0.36538461538461536,0.5142857142857142,1.4075187969924812,28.87852613327108,66.0431024249902
blend_treasH_tabm_periodic_pooled_120m_s0_kztcal,2026-01-01,oxr_delayed,cadence85_cd2,156,156,41,33,0.8787878787878788,1.2424242424242424,4,0.2182398775243312,0.36538461538461536,0.4634146341463415,1.2682926829268295,41.599544617555466,78.76412090927458
blend_treasH_tabm_periodic_pooled_120m_s0_kztcal,2026-01-01,oxr_delayed,cadence90_cd2,156,156,43,33,0.9393939393939394,1.303030303030303,2,0.2182398775243312,0.36538461538461536,0.4186046511627907,1.145654834761322,28.125816590080674,65.29039288179979
blend_treasH_tabm_periodic_pooled_120m_s0_kztcal,2026-01-01,oxr_delayed,cadence90_cd3,156,156,35,33,0.9696969696969697,1.0606060606060606,1,0.2182398775243312,0.36538461538461536,0.4857142857142857,1.3293233082706768,31.125329502984087,68.2899057947032
blend_treasH_tabm_periodic_pooled_120m_s0_kztcal,2026-01-01,oxr_delayed,legacy,156,156,35,33,0.9393939393939394,1.0606060606060606,2,0.2182398775243312,0.36538461538461536,0.5142857142857142,1.4075187969924812,28.87852613327108,66.0431024249902
blend_treasH_tabm_periodic_pooled_120m_s0_pooledcal,2025-01-01,bank_delayed,cadence85_cd2,242,242,58,51,0.8823529411764706,1.1372549019607843,6,0.1496189513498362,0.19834710743801653,0.3620689655172414,1.8254310344827587,32.966153567186126,4.719854679466017
blend_treasH_tabm_periodic_pooled_120m_s0_pooledcal,2025-01-01,bank_delayed,cadence90_cd2,242,242,66,51,0.9607843137254902,1.2941176470588236,2,0.1496189513498362,0.19834710743801653,0.30303030303030304,1.5277777777777777,25.96269058622118,-2.283608301498929
blend_treasH_tabm_periodic_pooled_120m_s0_pooledcal,2025-01-01,bank_delayed,cadence90_cd3,242,242,51,51,0.9019607843137255,1.0,5,0.1496189513498362,0.19834710743801653,0.29411764705882354,1.482843137254902,41.23227160441323,12.985972716693118
blend_treasH_tabm_periodic_pooled_120m_s0_pooledcal,2025-01-01,bank_delayed,legacy,242,242,49,51,0.8823529411764706,0.9607843137254902,6,0.1496189513498362,0.19834710743801653,0.3673469387755102,1.8520408163265307,42.27246053375782,14.02616164603771
blend_treasH_tabm_periodic_pooled_120m_s0_pooledcal,2025-01-01,both_delayed,cadence85_cd2,242,242,58,51,0.8823529411764706,1.1372549019607843,6,0.1496189513498362,0.19834710743801653,0.3620689655172414,1.8254310344827587,32.966153567186126,4.719854679466017
blend_treasH_tabm_periodic_pooled_120m_s0_pooledcal,2025-01-01,both_delayed,cadence90_cd2,242,242,66,51,0.9607843137254902,1.2941176470588236,2,0.1496189513498362,0.19834710743801653,0.30303030303030304,1.5277777777777777,25.96269058622118,-2.283608301498929
blend_treasH_tabm_periodic_pooled_120m_s0_pooledcal,2025-01-01,both_delayed,cadence90_cd3,242,242,51,51,0.9019607843137255,1.0,5,0.1496189513498362,0.19834710743801653,0.29411764705882354,1.482843137254902,41.23227160441323,12.985972716693118
blend_treasH_tabm_periodic_pooled_120m_s0_pooledcal,2025-01-01,both_delayed,legacy,242,242,49,51,0.8823529411764706,0.9607843137254902,6,0.1496189513498362,0.19834710743801653,0.3673469387755102,1.8520408163265307,42.27246053375782,14.02616164603771
blend_treasH_tabm_periodic_pooled_120m_s0_pooledcal,2025-01-01,normal,cadence85_cd2,242,242,58,51,0.8823529411764706,1.1372549019607843,6,0.14520370141594133,0.19834710743801653,0.41379310344827586,2.086206896551724,60.167968433012916,31.92166954529281
blend_treasH_tabm_periodic_pooled_120m_s0_pooledcal,2025-01-01,normal,cadence90_cd2,242,242,64,51,0.9803921568627451,1.2549019607843137,1,0.14520370141594133,0.19834710743801653,0.296875,1.4967447916666665,32.38538912935907,4.139090241638957
blend_treasH_tabm_periodic_pooled_120m_s0_pooledcal,2025-01-01,normal,cadence90_cd3,242,242,50,51,0.9019607843137255,0.9803921568627451,5,0.14520370141594133,0.19834710743801653,0.34,1.7141666666666668,44.830115982128675,16.58381709440857
blend_treasH_tabm_periodic_pooled_120m_s0_pooledcal,2025-01-01,normal,legacy,242,242,49,51,0.8823529411764706,0.9607843137254902,6,0.14520370141594133,0.19834710743801653,0.3469387755102041,1.7491496598639455,49.64107048890146,21.394771601181358
blend_treasH_tabm_periodic_pooled_120m_s0_pooledcal,2025-01-01,oxr_delayed,cadence85_cd2,242,242,58,51,0.8823529411764706,1.1372549019607843,6,0.14520370141594133,0.19834710743801653,0.41379310344827586,2.086206896551724,60.167968433012916,31.92166954529281
blend_treasH_tabm_periodic_pooled_120m_s0_pooledcal,2025-01-01,oxr_delayed,cadence90_cd2,242,242,64,51,0.9803921568627451,1.2549019607843137,1,0.14520370141594133,0.19834710743801653,0.296875,1.4967447916666665,32.38538912935907,4.139090241638957
blend_treasH_tabm_periodic_pooled_120m_s0_pooledcal,2025-01-01,oxr_delayed,cadence90_cd3,242,242,50,51,0.9019607843137255,0.9803921568627451,5,0.14520370141594133,0.19834710743801653,0.34,1.7141666666666668,44.830115982128675,16.58381709440857
blend_treasH_tabm_periodic_pooled_120m_s0_pooledcal,2025-01-01,oxr_delayed,legacy,242,242,49,51,0.8823529411764706,0.9607843137254902,6,0.14520370141594133,0.19834710743801653,0.3469387755102041,1.7491496598639455,49.64107048890146,21.394771601181358
blend_treasH_tabm_periodic_pooled_120m_s0_pooledcal,2026-01-01,bank_delayed,cadence85_cd2,156,156,42,33,0.9090909090909091,1.2727272727272727,3,0.22322752396524242,0.36538461538461536,0.40476190476190477,1.1077694235588973,31.091521511014165,68.25609780273328
blend_treasH_tabm_periodic_pooled_120m_s0_pooledcal,2026-01-01,bank_delayed,cadence90_cd2,156,156,42,33,0.8787878787878788,1.2727272727272727,4,0.22322752396524242,0.36538461538461536,0.40476190476190477,1.1077694235588973,32.77043910837202,69.93501540009113
blend_treasH_tabm_periodic_pooled_120m_s0_pooledcal,2026-01-01,bank_delayed,cadence90_cd3,156,156,37,33,1.0,1.121212121212121,0,0.22322752396524242,0.36538461538461536,0.4594594594594595,1.2574679943100997,22.371472398676296,59.53604869039541
blend_treasH_tabm_periodic_pooled_120m_s0_pooledcal,2026-01-01,bank_delayed,legacy,156,156,35,33,0.9393939393939394,1.0606060606060606,2,0.22322752396524242,0.36538461538461536,0.45714285714285713,1.2511278195488722,32.1392333404587,69.30380963217782
blend_treasH_tabm_periodic_pooled_120m_s0_pooledcal,2026-01-01,both_delayed,cadence85_cd2,156,156,42,33,0.9090909090909091,1.2727272727272727,3,0.22296221232519534,0.36538461538461536,0.40476190476190477,1.1077694235588973,31.091521511014165,68.25609780273328
blend_treasH_tabm_periodic_pooled_120m_s0_pooledcal,2026-01-01,both_delayed,cadence90_cd2,156,156,42,33,0.8787878787878788,1.2727272727272727,4,0.22296221232519534,0.36538461538461536,0.40476190476190477,1.1077694235588973,32.77043910837202,69.93501540009113
blend_treasH_tabm_periodic_pooled_120m_s0_pooledcal,2026-01-01,both_delayed,cadence90_cd3,156,156,37,33,1.0,1.121212121212121,0,0.22296221232519534,0.36538461538461536,0.4594594594594595,1.2574679943100997,22.371472398676296,59.53604869039541
blend_treasH_tabm_periodic_pooled_120m_s0_pooledcal,2026-01-01,both_delayed,legacy,156,156,35,33,0.9393939393939394,1.0606060606060606,2,0.22296221232519534,0.36538461538461536,0.45714285714285713,1.2511278195488722,32.1392333404587,69.30380963217782
blend_treasH_tabm_periodic_pooled_120m_s0_pooledcal,2026-01-01,normal,cadence85_cd2,156,156,41,33,0.8787878787878788,1.2424242424242424,4,0.21770188504770013,0.36538461538461536,0.4634146341463415,1.2682926829268295,41.599544617555466,78.76412090927458
blend_treasH_tabm_periodic_pooled_120m_s0_pooledcal,2026-01-01,normal,cadence90_cd2,156,156,43,33,0.9393939393939394,1.303030303030303,2,0.21770188504770013,0.36538461538461536,0.4186046511627907,1.145654834761322,28.125816590080674,65.29039288179979
blend_treasH_tabm_periodic_pooled_120m_s0_pooledcal,2026-01-01,normal,cadence90_cd3,156,156,35,33,0.9696969696969697,1.0606060606060606,1,0.21770188504770013,0.36538461538461536,0.4857142857142857,1.3293233082706768,31.125329502984087,68.2899057947032
blend_treasH_tabm_periodic_pooled_120m_s0_pooledcal,2026-01-01,normal,legacy,156,156,35,33,0.9393939393939394,1.0606060606060606,2,0.21770188504770013,0.36538461538461536,0.5142857142857142,1.4075187969924812,28.87852613327108,66.0431024249902
blend_treasH_tabm_periodic_pooled_120m_s0_pooledcal,2026-01-01,oxr_delayed,cadence85_cd2,156,156,41,33,0.8787878787878788,1.2424242424242424,4,0.21749020007637818,0.36538461538461536,0.4634146341463415,1.2682926829268295,41.599544617555466,78.76412090927458
blend_treasH_tabm_periodic_pooled_120m_s0_pooledcal,2026-01-01,oxr_delayed,cadence90_cd2,156,156,43,33,0.9393939393939394,1.303030303030303,2,0.21749020007637818,0.36538461538461536,0.4186046511627907,1.145654834761322,28.125816590080674,65.29039288179979
blend_treasH_tabm_periodic_pooled_120m_s0_pooledcal,2026-01-01,oxr_delayed,cadence90_cd3,156,156,35,33,0.9696969696969697,1.0606060606060606,1,0.21749020007637818,0.36538461538461536,0.4857142857142857,1.3293233082706768,31.125329502984087,68.2899057947032
blend_treasH_tabm_periodic_pooled_120m_s0_pooledcal,2026-01-01,oxr_delayed,legacy,156,156,35,33,0.9393939393939394,1.0606060606060606,2,0.21749020007637818,0.36538461538461536,0.5142857142857142,1.4075187969924812,28.87852613327108,66.0431024249902
blend_treasH_tabm_periodic_pooled_24m_s0_kztcal,2025-01-01,bank_delayed,cadence85_cd2,242,242,67,51,0.9607843137254902,1.3137254901960784,2,0.14906955435088406,0.19834710743801653,0.2537313432835821,1.279228855721393,29.730715596687183,1.484416708967076
blend_treasH_tabm_periodic_pooled_24m_s0_kztcal,2025-01-01,bank_delayed,cadence90_cd2,242,242,67,51,0.9607843137254902,1.3137254901960784,2,0.14906955435088406,0.19834710743801653,0.2537313432835821,1.279228855721393,29.730715596687183,1.484416708967076
blend_treasH_tabm_periodic_pooled_24m_s0_kztcal,2025-01-01,bank_delayed,cadence90_cd3,242,242,52,51,0.9019607843137255,1.0196078431372548,5,0.14906955435088406,0.19834710743801653,0.3076923076923077,1.5512820512820513,29.923166089880624,1.6768672021605144
blend_treasH_tabm_periodic_pooled_24m_s0_kztcal,2025-01-01,bank_delayed,legacy,242,242,52,51,0.9019607843137255,1.0196078431372548,5,0.14906955435088406,0.19834710743801653,0.3076923076923077,1.5512820512820513,32.44747661372435,4.201177726004237
blend_treasH_tabm_periodic_pooled_24m_s0_kztcal,2025-01-01,both_delayed,cadence85_cd2,242,242,81,51,1.0,1.588235294117647,0,0.1730412836904156,0.19834710743801653,0.2345679012345679,1.1826131687242798,11.341007270020317,-16.905291617699792
blend_treasH_tabm_periodic_pooled_24m_s0_kztcal,2025-01-01,both_delayed,cadence90_cd2,242,242,81,51,1.0,1.588235294117647,0,0.1730412836904156,0.19834710743801653,0.2345679012345679,1.1826131687242798,11.341007270020317,-16.905291617699792
blend_treasH_tabm_periodic_pooled_24m_s0_kztcal,2025-01-01,both_delayed,cadence90_cd3,242,242,60,51,0.9411764705882353,1.1764705882352942,3,0.1730412836904156,0.19834710743801653,0.13333333333333333,0.6722222222222222,-7.963326477810057,-36.209625365530165
blend_treasH_tabm_periodic_pooled_24m_s0_kztcal,2025-01-01,both_delayed,legacy,242,242,60,51,0.9411764705882353,1.1764705882352942,3,0.1730412836904156,0.19834710743801653,0.13333333333333333,0.6722222222222222,-7.963326477810057,-36.209625365530165
blend_treasH_tabm_periodic_pooled_24m_s0_kztcal,2025-01-01,normal,cadence85_cd2,242,242,67,51,0.9607843137254902,1.3137254901960784,2,0.14749271244971968,0.19834710743801653,0.29850746268656714,1.5049751243781093,28.53990091033487,0.29360202261476287
blend_treasH_tabm_periodic_pooled_24m_s0_kztcal,2025-01-01,normal,cadence90_cd2,242,242,67,51,0.9607843137254902,1.3137254901960784,2,0.14749271244971968,0.19834710743801653,0.29850746268656714,1.5049751243781093,28.53990091033487,0.29360202261476287
blend_treasH_tabm_periodic_pooled_24m_s0_kztcal,2025-01-01,normal,cadence90_cd3,242,242,52,51,0.9019607843137255,1.0196078431372548,5,0.14749271244971968,0.19834710743801653,0.34615384615384615,1.7451923076923077,21.53504319929966,-6.711255688420447
blend_treasH_tabm_periodic_pooled_24m_s0_kztcal,2025-01-01,normal,legacy,242,242,50,51,0.9019607843137255,0.9803921568627451,5,0.14749271244971968,0.19834710743801653,0.34,1.7141666666666668,33.33389820867042,5.0875993209503125
blend_treasH_tabm_periodic_pooled_24m_s0_kztcal,2025-01-01,oxr_delayed,cadence85_cd2,242,242,81,51,1.0,1.588235294117647,0,0.17215287739756308,0.19834710743801653,0.2345679012345679,1.1826131687242798,11.341007270020317,-16.905291617699792
blend_treasH_tabm_periodic_pooled_24m_s0_kztcal,2025-01-01,oxr_delayed,cadence90_cd2,242,242,81,51,1.0,1.588235294117647,0,0.17215287739756308,0.19834710743801653,0.2345679012345679,1.1826131687242798,11.341007270020317,-16.905291617699792
blend_treasH_tabm_periodic_pooled_24m_s0_kztcal,2025-01-01,oxr_delayed,cadence90_cd3,242,242,60,51,0.9411764705882353,1.1764705882352942,3,0.17215287739756308,0.19834710743801653,0.13333333333333333,0.6722222222222222,-7.963326477810057,-36.209625365530165
blend_treasH_tabm_periodic_pooled_24m_s0_kztcal,2025-01-01,oxr_delayed,legacy,242,242,60,51,0.9411764705882353,1.1764705882352942,3,0.17215287739756308,0.19834710743801653,0.13333333333333333,0.6722222222222222,-7.963326477810057,-36.209625365530165
blend_treasH_tabm_periodic_pooled_24m_s0_kztcal,2026-01-01,bank_delayed,cadence85_cd2,156,156,41,33,0.8484848484848485,1.2424242424242424,5,0.22844264642540082,0.36538461538461536,0.4146341463414634,1.134788189987163,37.421719155251964,74.58629544697108
blend_treasH_tabm_periodic_pooled_24m_s0_kztcal,2026-01-01,bank_delayed,cadence90_cd2,156,156,42,33,0.8787878787878788,1.2727272727272727,4,0.22844264642540082,0.36538461538461536,0.40476190476190477,1.1077694235588973,32.77043910837202,69.93501540009113
blend_treasH_tabm_periodic_pooled_24m_s0_kztcal,2026-01-01,bank_delayed,cadence90_cd3,156,156,36,33,0.9696969696969697,1.0909090909090908,1,0.22844264642540082,0.36538461538461536,0.4444444444444444,1.2163742690058479,19.451551880435424,56.61612817215454
blend_treasH_tabm_periodic_pooled_24m_s0_kztcal,2026-01-01,bank_delayed,legacy,156,156,34,33,0.8787878787878788,1.0303030303030303,4,0.22844264642540082,0.36538461538461536,0.4117647058823529,1.1269349845201238,34.571664833878955,71.73624112559807
blend_treasH_tabm_periodic_pooled_24m_s0_kztcal,2026-01-01,both_delayed,cadence85_cd2,156,156,43,33,0.9090909090909091,1.303030303030303,3,0.22326119033712435,0.36538461538461536,0.3953488372093023,1.0820073439412485,33.296516047935654,70.46109233965477
blend_treasH_tabm_periodic_pooled_24m_s0_kztcal,2026-01-01,both_delayed,cadence90_cd2,156,156,43,33,0.8787878787878788,1.303030303030303,4,0.22326119033712435,0.36538461538461536,0.4186046511627907,1.145654834761322,38.530026000276365,75.69460229199548
blend_treasH_tabm_periodic_pooled_24m_s0_kztcal,2026-01-01,both_delayed,cadence90_cd3,156,156,38,33,0.9393939393939394,1.1515151515151516,2,0.22326119033712435,0.36538461538461536,0.34210526315789475,0.9362880886426593,8.350589579042577,45.51516587076169
blend_treasH_tabm_periodic_pooled_24m_s0_kztcal,2026-01-01,both_delayed,legacy,156,156,35,33,0.9696969696969697,1.0606060606060606,1,0.22326119033712435,0.36538461538461536,0.4857142857142857,1.3293233082706768,32.774043508598,69.93861980031711
blend_treasH_tabm_periodic_pooled_24m_s0_kztcal,2026-01-01,normal,cadence85_cd2,156,156,42,33,0.9090909090909091,1.2727272727272727,3,0.22357314577255621,0.36538461538461536,0.40476190476190477,1.1077694235588973,38.13684682364293,75.30142311536204
blend_treasH_tabm_periodic_pooled_24m_s0_kztcal,2026-01-01,normal,cadence90_cd2,156,156,42,33,0.8787878787878788,1.2727272727272727,4,0.22357314577255621,0.36538461538461536,0.40476190476190477,1.1077694235588973,32.77043910837202,69.93501540009113
blend_treasH_tabm_periodic_pooled_24m_s0_kztcal,2026-01-01,normal,cadence90_cd3,156,156,35,33,0.9393939393939394,1.0606060606060606,2,0.22357314577255621,0.36538461538461536,0.42857142857142855,1.1729323308270676,30.706816272281372,67.87139256400049
blend_treasH_tabm_periodic_pooled_24m_s0_kztcal,2026-01-01,normal,legacy,156,156,34,33,0.9393939393939394,1.0303030303030303,2,0.22357314577255621,0.36538461538461536,0.4411764705882353,1.2074303405572755,48.67024917998282,85.83482547170193
blend_treasH_tabm_periodic_pooled_24m_s0_kztcal,2026-01-01,oxr_delayed,cadence85_cd2,156,156,43,33,0.9393939393939394,1.303030303030303,2,0.2182915064911063,0.36538461538461536,0.4186046511627907,1.145654834761322,28.125816590080674,65.29039288179979
blend_treasH_tabm_periodic_pooled_24m_s0_kztcal,2026-01-01,oxr_delayed,cadence90_cd2,156,156,43,33,0.9393939393939394,1.303030303030303,2,0.2182915064911063,0.36538461538461536,0.4186046511627907,1.145654834761322,28.125816590080674,65.29039288179979
blend_treasH_tabm_periodic_pooled_24m_s0_kztcal,2026-01-01,oxr_delayed,cadence90_cd3,156,156,36,33,0.9393939393939394,1.0909090909090908,2,0.2182915064911063,0.36538461538461536,0.4166666666666667,1.1403508771929827,23.250936784209124,60.41551307592824
blend_treasH_tabm_periodic_pooled_24m_s0_kztcal,2026-01-01,oxr_delayed,legacy,156,156,35,33,0.9696969696969697,1.0606060606060606,1,0.2182915064911063,0.36538461538461536,0.5142857142857142,1.4075187969924812,41.44313638361234,78.60771267533146
blend_treasH_tabm_periodic_pooled_24m_s0_pooledcal,2025-01-01,bank_delayed,cadence85_cd2,242,242,63,51,0.9607843137254902,1.2352941176470589,2,0.15105086920064226,0.19834710743801653,0.2857142857142857,1.4404761904761905,40.59405522291287,12.347756335192761
blend_treasH_tabm_periodic_pooled_24m_s0_pooledcal,2025-01-01,bank_delayed,cadence90_cd2,242,242,68,51,0.9607843137254902,1.3333333333333333,2,0.15105086920064226,0.19834710743801653,0.3088235294117647,1.5569852941176472,39.15853786197918,10.91223897425907
blend_treasH_tabm_periodic_pooled_24m_s0_pooledcal,2025-01-01,bank_delayed,cadence90_cd3,242,242,50,51,0.8823529411764706,0.9803921568627451,6,0.15105086920064226,0.19834710743801653,0.28,1.4116666666666668,36.510455055210166,8.264156167490059
blend_treasH_tabm_periodic_pooled_24m_s0_pooledcal,2025-01-01,bank_delayed,legacy,242,242,56,51,0.9215686274509803,1.0980392156862746,4,0.15105086920064226,0.19834710743801653,0.17857142857142858,0.9002976190476191,8.065465513839648,-20.18083337388046
blend_treasH_tabm_periodic_pooled_24m_s0_pooledcal,2025-01-01,both_delayed,cadence85_cd2,242,242,80,51,1.0,1.5686274509803921,0,0.17431129016982885,0.19834710743801653,0.225,1.134375,9.709688955161738,-18.53660993255837
blend_treasH_tabm_periodic_pooled_24m_s0_pooledcal,2025-01-01,both_delayed,cadence90_cd2,242,242,81,51,1.0,1.588235294117647,0,0.17431129016982885,0.19834710743801653,0.2345679012345679,1.1826131687242798,11.341007270020317,-16.905291617699792
blend_treasH_tabm_periodic_pooled_24m_s0_pooledcal,2025-01-01,both_delayed,cadence90_cd3,242,242,59,51,0.9215686274509803,1.1568627450980393,4,0.17431129016982885,0.19834710743801653,0.1694915254237288,0.8545197740112994,4.723288941033282,-23.523009946686827
blend_treasH_tabm_periodic_pooled_24m_s0_pooledcal,2025-01-01,both_delayed,legacy,242,242,60,51,0.9215686274509803,1.1764705882352942,4,0.17431129016982885,0.19834710743801653,0.13333333333333333,0.6722222222222222,-10.125706903986675,-38.37200579170678
blend_treasH_tabm_periodic_pooled_24m_s0_pooledcal,2025-01-01,normal,cadence85_cd2,242,242,64,51,0.9411764705882353,1.2549019607843137,3,0.14848768301291976,0.19834710743801653,0.34375,1.7330729166666665,42.83579297520248,14.589494087482375
blend_treasH_tabm_periodic_pooled_24m_s0_pooledcal,2025-01-01,normal,cadence90_cd2,242,242,70,51,0.9803921568627451,1.3725490196078431,1,0.14848768301291976,0.19834710743801653,0.2714285714285714,1.3684523809523808,31.754029291000627,3.5077304032805183
blend_treasH_tabm_periodic_pooled_24m_s0_pooledcal,2025-01-01,normal,cadence90_cd3,242,242,48,51,0.8431372549019608,0.9411764705882353,8,0.14848768301291976,0.19834710743801653,0.3541666666666667,1.785590277777778,46.69798976432078,18.451690876600676
blend_treasH_tabm_periodic_pooled_24m_s0_pooledcal,2025-01-01,normal,legacy,242,242,55,51,0.9215686274509803,1.0784313725490196,4,0.14848768301291976,0.19834710743801653,0.2727272727272727,1.3749999999999998,25.30988271078123,-2.9364161769388777
blend_treasH_tabm_periodic_pooled_24m_s0_pooledcal,2025-01-01,oxr_delayed,cadence85_cd2,242,242,80,51,1.0,1.5686274509803921,0,0.17223467839187423,0.19834710743801653,0.25,1.2604166666666667,14.327161992460812,-13.919136895259296
blend_treasH_tabm_periodic_pooled_24m_s0_pooledcal,2025-01-01,oxr_delayed,cadence90_cd2,242,242,80,51,0.9803921568627451,1.5686274509803921,1,0.17223467839187423,0.19834710743801653,0.2125,1.0713541666666666,4.658142784769254,-23.588156102950855
blend_treasH_tabm_periodic_pooled_24m_s0_pooledcal,2025-01-01,oxr_delayed,cadence90_cd3,242,242,59,51,0.9215686274509803,1.1568627450980393,4,0.17223467839187423,0.19834710743801653,0.1694915254237288,0.8545197740112994,4.723288941033282,-23.523009946686827
blend_treasH_tabm_periodic_pooled_24m_s0_pooledcal,2025-01-01,oxr_delayed,legacy,242,242,60,51,0.9411764705882353,1.1764705882352942,3,0.17223467839187423,0.19834710743801653,0.15,0.75625,-10.417166439692792,-38.6634653274129
blend_treasH_tabm_periodic_pooled_24m_s0_pooledcal,2026-01-01,bank_delayed,cadence85_cd2,156,156,41,33,0.8484848484848485,1.2424242424242424,5,0.22723380734797316,0.36538461538461536,0.4146341463414634,1.134788189987163,37.421719155251964,74.58629544697108
blend_treasH_tabm_periodic_pooled_24m_s0_pooledcal,2026-01-01,bank_delayed,cadence90_cd2,156,156,42,33,0.8787878787878788,1.2727272727272727,4,0.22723380734797316,0.36538461538461536,0.40476190476190477,1.1077694235588973,32.77043910837202,69.93501540009113
blend_treasH_tabm_periodic_pooled_24m_s0_pooledcal,2026-01-01,bank_delayed,cadence90_cd3,156,156,36,33,0.9696969696969697,1.0909090909090908,1,0.22723380734797316,0.36538461538461536,0.4444444444444444,1.2163742690058479,19.451551880435424,56.61612817215454
blend_treasH_tabm_periodic_pooled_24m_s0_pooledcal,2026-01-01,bank_delayed,legacy,156,156,34,33,0.8787878787878788,1.0303030303030303,4,0.22723380734797316,0.36538461538461536,0.4117647058823529,1.1269349845201238,34.571664833878955,71.73624112559807
blend_treasH_tabm_periodic_pooled_24m_s0_pooledcal,2026-01-01,both_delayed,cadence85_cd2,156,156,42,33,0.8787878787878788,1.2727272727272727,4,0.2229738436070478,0.36538461538461536,0.40476190476190477,1.1077694235588973,32.77043910837202,69.93501540009113
blend_treasH_tabm_periodic_pooled_24m_s0_pooledcal,2026-01-01,both_delayed,cadence90_cd2,156,156,43,33,0.9090909090909091,1.303030303030303,3,0.2229738436070478,0.36538461538461536,0.3953488372093023,1.0820073439412485,33.296516047935654,70.46109233965477
blend_treasH_tabm_periodic_pooled_24m_s0_pooledcal,2026-01-01,both_delayed,cadence90_cd3,156,156,38,33,0.9696969696969697,1.1515151515151516,1,0.2229738436070478,0.36538461538461536,0.3684210526315789,1.0083102493074791,8.010223124114987,45.1747994158341
blend_treasH_tabm_periodic_pooled_24m_s0_pooledcal,2026-01-01,both_delayed,legacy,156,156,35,33,0.9696969696969697,1.0606060606060606,1,0.2229738436070478,0.36538461538461536,0.4857142857142857,1.3293233082706768,32.774043508598,69.93861980031711
blend_treasH_tabm_periodic_pooled_24m_s0_pooledcal,2026-01-01,normal,cadence85_cd2,156,156,42,33,0.9090909090909091,1.2727272727272727,3,0.22250144525551818,0.36538461538461536,0.40476190476190477,1.1077694235588973,38.13684682364293,75.30142311536204
blend_treasH_tabm_periodic_pooled_24m_s0_pooledcal,2026-01-01,normal,cadence90_cd2,156,156,42,33,0.8787878787878788,1.2727272727272727,4,0.22250144525551818,0.36538461538461536,0.40476190476190477,1.1077694235588973,32.77043910837202,69.93501540009113
blend_treasH_tabm_periodic_pooled_24m_s0_pooledcal,2026-01-01,normal,cadence90_cd3,156,156,35,33,0.9393939393939394,1.0606060606060606,2,0.22250144525551818,0.36538461538461536,0.42857142857142855,1.1729323308270676,30.706816272281372,67.87139256400049
blend_treasH_tabm_periodic_pooled_24m_s0_pooledcal,2026-01-01,normal,legacy,156,156,34,33,0.9393939393939394,1.0303030303030303,2,0.22250144525551818,0.36538461538461536,0.4411764705882353,1.2074303405572755,48.67024917998282,85.83482547170193
blend_treasH_tabm_periodic_pooled_24m_s0_pooledcal,2026-01-01,oxr_delayed,cadence85_cd2,156,156,43,33,0.9393939393939394,1.303030303030303,2,0.21819265273227045,0.36538461538461536,0.4186046511627907,1.145654834761322,28.125816590080674,65.29039288179979
blend_treasH_tabm_periodic_pooled_24m_s0_pooledcal,2026-01-01,oxr_delayed,cadence90_cd2,156,156,43,33,0.9393939393939394,1.303030303030303,2,0.21819265273227045,0.36538461538461536,0.4186046511627907,1.145654834761322,28.125816590080674,65.29039288179979
blend_treasH_tabm_periodic_pooled_24m_s0_pooledcal,2026-01-01,oxr_delayed,cadence90_cd3,156,156,36,33,0.9393939393939394,1.0909090909090908,2,0.21819265273227045,0.36538461538461536,0.4166666666666667,1.1403508771929827,23.250936784209124,60.41551307592824
blend_treasH_tabm_periodic_pooled_24m_s0_pooledcal,2026-01-01,oxr_delayed,legacy,156,156,35,33,0.9696969696969697,1.0606060606060606,1,0.21819265273227045,0.36538461538461536,0.5142857142857142,1.4075187969924812,41.44313638361234,78.60771267533146
blend_treasH_tabm_periodic_pooled_60m_s0_kztcal,2025-01-01,bank_delayed,cadence85_cd2,242,242,64,51,0.9607843137254902,1.2549019607843137,2,0.14943956497267544,0.19834710743801653,0.34375,1.7330729166666665,37.63425458064276,9.387955692922652
blend_treasH_tabm_periodic_pooled_60m_s0_kztcal,2025-01-01,bank_delayed,cadence90_cd2,242,242,64,51,0.9607843137254902,1.2549019607843137,2,0.14943956497267544,0.19834710743801653,0.34375,1.7330729166666665,37.63425458064276,9.387955692922652
blend_treasH_tabm_periodic_pooled_60m_s0_kztcal,2025-01-01,bank_delayed,cadence90_cd3,242,242,51,51,0.9215686274509803,1.0,4,0.14943956497267544,0.19834710743801653,0.3333333333333333,1.6805555555555554,38.747983316921506,10.501684429201394
blend_treasH_tabm_periodic_pooled_60m_s0_kztcal,2025-01-01,bank_delayed,legacy,242,242,47,51,0.8627450980392157,0.9215686274509803,7,0.14943956497267544,0.19834710743801653,0.40425531914893614,2.0381205673758864,55.3989137510776,27.15261486335749
blend_treasH_tabm_periodic_pooled_60m_s0_kztcal,2025-01-01,both_delayed,cadence85_cd2,242,242,62,51,0.9411764705882353,1.2156862745098038,3,0.14829561638430094,0.19834710743801653,0.3548387096774194,1.788978494623656,36.793851299091955,8.547552411371845
blend_treasH_tabm_periodic_pooled_60m_s0_kztcal,2025-01-01,both_delayed,cadence90_cd2,242,242,62,51,0.9411764705882353,1.2156862745098038,3,0.14829561638430094,0.19834710743801653,0.3548387096774194,1.788978494623656,36.793851299091955,8.547552411371845
blend_treasH_tabm_periodic_pooled_60m_s0_kztcal,2025-01-01,both_delayed,cadence90_cd3,242,242,50,51,0.9019607843137255,0.9803921568627451,5,0.14829561638430094,0.19834710743801653,0.34,1.7141666666666668,44.830115982128675,16.58381709440857
blend_treasH_tabm_periodic_pooled_60m_s0_kztcal,2025-01-01,both_delayed,legacy,242,242,43,51,0.7450980392156863,0.8431372549019608,13,0.14829561638430094,0.19834710743801653,0.37209302325581395,1.875968992248062,54.34890319792433,26.10260431020422
blend_treasH_tabm_periodic_pooled_60m_s0_kztcal,2025-01-01,normal,cadence85_cd2,242,242,65,51,0.9803921568627451,1.2745098039215685,1,0.14655931680168252,0.19834710743801653,0.3384615384615385,1.7064102564102566,41.31147027051827,13.06517138279816
blend_treasH_tabm_periodic_pooled_60m_s0_kztcal,2025-01-01,normal,cadence90_cd2,242,242,65,51,0.9803921568627451,1.2745098039215685,1,0.14655931680168252,0.19834710743801653,0.3384615384615385,1.7064102564102566,41.31147027051827,13.06517138279816
blend_treasH_tabm_periodic_pooled_60m_s0_kztcal,2025-01-01,normal,cadence90_cd3,242,242,50,51,0.9019607843137255,0.9803921568627451,5,0.14655931680168252,0.19834710743801653,0.38,1.9158333333333333,49.31921635510713,21.072917467387025
blend_treasH_tabm_periodic_pooled_60m_s0_kztcal,2025-01-01,normal,legacy,242,242,47,51,0.8235294117647058,0.9215686274509803,9,0.14655931680168252,0.19834710743801653,0.3617021276595745,1.823581560283688,55.381263888152716,27.134965000432604
blend_treasH_tabm_periodic_pooled_60m_s0_kztcal,2025-01-01,oxr_delayed,cadence85_cd2,242,242,59,51,0.9215686274509803,1.1568627450980393,4,0.14544615259740953,0.19834710743801653,0.3728813559322034,1.8799435028248588,54.65063695579664,26.404338068076534
blend_treasH_tabm_periodic_pooled_60m_s0_kztcal,2025-01-01,oxr_delayed,cadence90_cd2,242,242,59,51,0.9215686274509803,1.1568627450980393,4,0.14544615259740953,0.19834710743801653,0.3728813559322034,1.8799435028248588,54.65063695579664,26.404338068076534
blend_treasH_tabm_periodic_pooled_60m_s0_kztcal,2025-01-01,oxr_delayed,cadence90_cd3,242,242,50,51,0.9019607843137255,0.9803921568627451,5,0.14544615259740953,0.19834710743801653,0.34,1.7141666666666668,44.830115982128675,16.58381709440857
blend_treasH_tabm_periodic_pooled_60m_s0_kztcal,2025-01-01,oxr_delayed,legacy,242,242,44,51,0.7647058823529411,0.8627450980392157,12,0.14544615259740953,0.19834710743801653,0.4090909090909091,2.0625,59.87381559179707,31.627516704076957
blend_treasH_tabm_periodic_pooled_60m_s0_kztcal,2026-01-01,bank_delayed,cadence85_cd2,156,156,42,33,0.9090909090909091,1.2727272727272727,3,0.22273880290511486,0.36538461538461536,0.40476190476190477,1.1077694235588973,30.77572701765959,67.9403033093787
blend_treasH_tabm_periodic_pooled_60m_s0_kztcal,2026-01-01,bank_delayed,cadence90_cd2,156,156,42,33,0.8787878787878788,1.2727272727272727,4,0.22273880290511486,0.36538461538461536,0.40476190476190477,1.1077694235588973,32.77043910837202,69.93501540009113
blend_treasH_tabm_periodic_pooled_60m_s0_kztcal,2026-01-01,bank_delayed,cadence90_cd3,156,156,38,33,0.9393939393939394,1.1515151515151516,2,0.22273880290511486,0.36538461538461536,0.34210526315789475,0.9362880886426593,8.350589579042577,45.51516587076169
blend_treasH_tabm_periodic_pooled_60m_s0_kztcal,2026-01-01,bank_delayed,legacy,156,156,38,33,0.9393939393939394,1.1515151515151516,2,0.22273880290511486,0.36538461538461536,0.34210526315789475,0.9362880886426593,8.350589579042577,45.51516587076169
blend_treasH_tabm_periodic_pooled_60m_s0_kztcal,2026-01-01,both_delayed,cadence85_cd2,156,156,42,33,0.9090909090909091,1.2727272727272727,3,0.2173650832560834,0.36538461538461536,0.40476190476190477,1.1077694235588973,31.091521511014165,68.25609780273328
blend_treasH_tabm_periodic_pooled_60m_s0_kztcal,2026-01-01,both_delayed,cadence90_cd2,156,156,44,33,0.9090909090909091,1.3333333333333333,3,0.2173650832560834,0.36538461538461536,0.36363636363636365,0.9952153110047848,27.89180538326731,65.05638167498643
blend_treasH_tabm_periodic_pooled_60m_s0_kztcal,2026-01-01,both_delayed,cadence90_cd3,156,156,38,33,0.9393939393939394,1.1515151515151516,2,0.2173650832560834,0.36538461538461536,0.3684210526315789,1.0083102493074791,14.710461750030483,51.8750380417496
blend_treasH_tabm_periodic_pooled_60m_s0_kztcal,2026-01-01,both_delayed,legacy,156,156,38,33,0.9393939393939394,1.1515151515151516,2,0.2173650832560834,0.36538461538461536,0.3684210526315789,1.0083102493074791,14.710461750030483,51.8750380417496
blend_treasH_tabm_periodic_pooled_60m_s0_kztcal,2026-01-01,normal,cadence85_cd2,156,156,42,33,0.9090909090909091,1.2727272727272727,3,0.21407942341084116,0.36538461538461536,0.42857142857142855,1.1729323308270676,39.496933946817066,76.66151023853618
blend_treasH_tabm_periodic_pooled_60m_s0_kztcal,2026-01-01,normal,cadence90_cd2,156,156,43,33,0.9090909090909091,1.303030303030303,3,0.21407942341084116,0.36538461538461536,0.3953488372093023,1.0820073439412485,33.296516047935654,70.46109233965477
blend_treasH_tabm_periodic_pooled_60m_s0_kztcal,2026-01-01,normal,cadence90_cd3,156,156,37,33,0.9696969696969697,1.121212121212121,1,0.21407942341084116,0.36538461538461536,0.40540540540540543,1.109530583214794,21.464830539424298,58.62940683114341
blend_treasH_tabm_periodic_pooled_60m_s0_kztcal,2026-01-01,normal,legacy,156,156,37,33,0.9696969696969697,1.121212121212121,1,0.21407942341084116,0.36538461538461536,0.40540540540540543,1.109530583214794,21.464830539424298,58.62940683114341
blend_treasH_tabm_periodic_pooled_60m_s0_kztcal,2026-01-01,oxr_delayed,cadence85_cd2,156,156,43,33,0.9090909090909091,1.303030303030303,3,0.2093345671223763,0.36538461538461536,0.3953488372093023,1.0820073439412485,33.296516047935654,70.46109233965477
blend_treasH_tabm_periodic_pooled_60m_s0_kztcal,2026-01-01,oxr_delayed,cadence90_cd2,156,156,43,33,0.9090909090909091,1.303030303030303,3,0.2093345671223763,0.36538461538461536,0.3953488372093023,1.0820073439412485,33.296516047935654,70.46109233965477
blend_treasH_tabm_periodic_pooled_60m_s0_kztcal,2026-01-01,oxr_delayed,cadence90_cd3,156,156,37,33,0.9696969696969697,1.121212121212121,1,0.2093345671223763,0.36538461538461536,0.3783783783783784,1.035561877667141,17.710995564963937,54.87557185668305
blend_treasH_tabm_periodic_pooled_60m_s0_kztcal,2026-01-01,oxr_delayed,legacy,156,156,37,33,0.9696969696969697,1.121212121212121,1,0.2093345671223763,0.36538461538461536,0.3783783783783784,1.035561877667141,17.710995564963937,54.87557185668305
blend_treasH_tabm_periodic_pooled_60m_s0_pooledcal,2025-01-01,bank_delayed,cadence85_cd2,242,242,64,51,0.9607843137254902,1.2549019607843137,2,0.15074472626447444,0.19834710743801653,0.328125,1.654296875,36.90607481799877,8.659775930278666
blend_treasH_tabm_periodic_pooled_60m_s0_pooledcal,2025-01-01,bank_delayed,cadence90_cd2,242,242,64,51,0.9607843137254902,1.2549019607843137,2,0.15074472626447444,0.19834710743801653,0.328125,1.654296875,36.90607481799877,8.659775930278666
blend_treasH_tabm_periodic_pooled_60m_s0_pooledcal,2025-01-01,bank_delayed,cadence90_cd3,242,242,51,51,0.9215686274509803,1.0,4,0.15074472626447444,0.19834710743801653,0.37254901960784315,1.8782679738562091,38.2302083915646,9.983909503844494
blend_treasH_tabm_periodic_pooled_60m_s0_pooledcal,2025-01-01,bank_delayed,legacy,242,242,47,51,0.8627450980392157,0.9215686274509803,7,0.15074472626447444,0.19834710743801653,0.40425531914893614,2.0381205673758864,55.3989137510776,27.15261486335749
blend_treasH_tabm_periodic_pooled_60m_s0_pooledcal,2025-01-01,both_delayed,cadence85_cd2,242,242,58,51,0.9019607843137255,1.1372549019607843,5,0.1487885700026742,0.19834710743801653,0.3275862068965517,1.651580459770115,32.77230151060359,4.526002622883484
blend_treasH_tabm_periodic_pooled_60m_s0_pooledcal,2025-01-01,both_delayed,cadence90_cd2,242,242,58,51,0.9019607843137255,1.1372549019607843,5,0.1487885700026742,0.19834710743801653,0.3275862068965517,1.651580459770115,32.77230151060359,4.526002622883484
blend_treasH_tabm_periodic_pooled_60m_s0_pooledcal,2025-01-01,both_delayed,cadence90_cd3,242,242,50,51,0.9019607843137255,0.9803921568627451,5,0.1487885700026742,0.19834710743801653,0.34,1.7141666666666668,44.830115982128675,16.58381709440857
blend_treasH_tabm_periodic_pooled_60m_s0_pooledcal,2025-01-01,both_delayed,legacy,242,242,42,51,0.7450980392156863,0.8235294117647058,13,0.1487885700026742,0.19834710743801653,0.35714285714285715,1.8005952380952381,52.06609488136341,23.819795993643304
blend_treasH_tabm_periodic_pooled_60m_s0_pooledcal,2025-01-01,normal,cadence85_cd2,242,242,65,51,0.9607843137254902,1.2745098039215685,2,0.1479583497772622,0.19834710743801653,0.35384615384615387,1.783974358974359,42.236766632567324,13.990467744847212
blend_treasH_tabm_periodic_pooled_60m_s0_pooledcal,2025-01-01,normal,cadence90_cd2,242,242,65,51,0.9607843137254902,1.2745098039215685,2,0.1479583497772622,0.19834710743801653,0.35384615384615387,1.783974358974359,42.236766632567324,13.990467744847212
blend_treasH_tabm_periodic_pooled_60m_s0_pooledcal,2025-01-01,normal,cadence90_cd3,242,242,51,51,0.9411764705882353,1.0,3,0.1479583497772622,0.19834710743801653,0.37254901960784315,1.8782679738562091,42.280857251346404,14.0345583636263
blend_treasH_tabm_periodic_pooled_60m_s0_pooledcal,2025-01-01,normal,legacy,242,242,47,51,0.8235294117647058,0.9215686274509803,9,0.1479583497772622,0.19834710743801653,0.3617021276595745,1.823581560283688,55.381263888152716,27.134965000432604
blend_treasH_tabm_periodic_pooled_60m_s0_pooledcal,2025-01-01,oxr_delayed,cadence85_cd2,242,242,59,51,0.9019607843137255,1.1568627450980393,5,0.1460269678638089,0.19834710743801653,0.3728813559322034,1.8799435028248588,46.63839745291551,18.3920985651954
blend_treasH_tabm_periodic_pooled_60m_s0_pooledcal,2025-01-01,oxr_delayed,cadence90_cd2,242,242,59,51,0.9019607843137255,1.1568627450980393,5,0.1460269678638089,0.19834710743801653,0.3728813559322034,1.8799435028248588,46.63839745291551,18.3920985651954
blend_treasH_tabm_periodic_pooled_60m_s0_pooledcal,2025-01-01,oxr_delayed,cadence90_cd3,242,242,50,51,0.9019607843137255,0.9803921568627451,5,0.1460269678638089,0.19834710743801653,0.34,1.7141666666666668,43.13223894408672,14.88594005636661
blend_treasH_tabm_periodic_pooled_60m_s0_pooledcal,2025-01-01,oxr_delayed,legacy,242,242,43,51,0.7450980392156863,0.8431372549019608,13,0.1460269678638089,0.19834710743801653,0.4418604651162791,2.227713178294574,62.59573696336251,34.349438075642404
blend_treasH_tabm_periodic_pooled_60m_s0_pooledcal,2026-01-01,bank_delayed,cadence85_cd2,156,156,42,33,0.9090909090909091,1.2727272727272727,3,0.22022867907720622,0.36538461538461536,0.40476190476190477,1.1077694235588973,30.77572701765959,67.9403033093787
blend_treasH_tabm_periodic_pooled_60m_s0_pooledcal,2026-01-01,bank_delayed,cadence90_cd2,156,156,42,33,0.8787878787878788,1.2727272727272727,4,0.22022867907720622,0.36538461538461536,0.40476190476190477,1.1077694235588973,32.77043910837202,69.93501540009113
blend_treasH_tabm_periodic_pooled_60m_s0_pooledcal,2026-01-01,bank_delayed,cadence90_cd3,156,156,38,33,0.9393939393939394,1.1515151515151516,2,0.22022867907720622,0.36538461538461536,0.34210526315789475,0.9362880886426593,8.350589579042577,45.51516587076169
blend_treasH_tabm_periodic_pooled_60m_s0_pooledcal,2026-01-01,bank_delayed,legacy,156,156,34,33,0.8787878787878788,1.0303030303030303,4,0.22022867907720622,0.36538461538461536,0.38235294117647056,1.0464396284829722,33.485292018002085,70.6498683097212
blend_treasH_tabm_periodic_pooled_60m_s0_pooledcal,2026-01-01,both_delayed,cadence85_cd2,156,156,42,33,0.9090909090909091,1.2727272727272727,3,0.21566934609229632,0.36538461538461536,0.40476190476190477,1.1077694235588973,31.091521511014165,68.25609780273328
blend_treasH_tabm_periodic_pooled_60m_s0_pooledcal,2026-01-01,both_delayed,cadence90_cd2,156,156,44,33,0.9090909090909091,1.3333333333333333,3,0.21566934609229632,0.36538461538461536,0.36363636363636365,0.9952153110047848,27.89180538326731,65.05638167498643
blend_treasH_tabm_periodic_pooled_60m_s0_pooledcal,2026-01-01,both_delayed,cadence90_cd3,156,156,38,33,0.9393939393939394,1.1515151515151516,2,0.21566934609229632,0.36538461538461536,0.3684210526315789,1.0083102493074791,14.710461750030483,51.8750380417496
blend_treasH_tabm_periodic_pooled_60m_s0_pooledcal,2026-01-01,both_delayed,legacy,156,156,36,33,0.9696969696969697,1.0909090909090908,1,0.21566934609229632,0.36538461538461536,0.4444444444444444,1.2163742690058479,32.001803887664025,69.16638017938314
blend_treasH_tabm_periodic_pooled_60m_s0_pooledcal,2026-01-01,normal,cadence85_cd2,156,156,42,33,0.9090909090909091,1.2727272727272727,3,0.2122042077380423,0.36538461538461536,0.42857142857142855,1.1729323308270676,39.496933946817066,76.66151023853618
blend_treasH_tabm_periodic_pooled_60m_s0_pooledcal,2026-01-01,normal,cadence90_cd2,156,156,43,33,0.9090909090909091,1.303030303030303,3,0.2122042077380423,0.36538461538461536,0.3953488372093023,1.0820073439412485,33.296516047935654,70.46109233965477
blend_treasH_tabm_periodic_pooled_60m_s0_pooledcal,2026-01-01,normal,cadence90_cd3,156,156,37,33,0.9696969696969697,1.121212121212121,1,0.2122042077380423,0.36538461538461536,0.40540540540540543,1.109530583214794,21.464830539424298,58.62940683114341
blend_treasH_tabm_periodic_pooled_60m_s0_pooledcal,2026-01-01,normal,legacy,156,156,34,33,0.9090909090909091,1.0303030303030303,3,0.2122042077380423,0.36538461538461536,0.4411764705882353,1.2074303405572755,46.99001931886288,84.15459561058199
blend_treasH_tabm_periodic_pooled_60m_s0_pooledcal,2026-01-01,oxr_delayed,cadence85_cd2,156,156,43,33,0.9090909090909091,1.303030303030303,3,0.20820221455653504,0.36538461538461536,0.3953488372093023,1.0820073439412485,33.296516047935654,70.46109233965477
blend_treasH_tabm_periodic_pooled_60m_s0_pooledcal,2026-01-01,oxr_delayed,cadence90_cd2,156,156,43,33,0.9090909090909091,1.303030303030303,3,0.20820221455653504,0.36538461538461536,0.3953488372093023,1.0820073439412485,33.296516047935654,70.46109233965477
blend_treasH_tabm_periodic_pooled_60m_s0_pooledcal,2026-01-01,oxr_delayed,cadence90_cd3,156,156,37,33,0.9696969696969697,1.121212121212121,1,0.20820221455653504,0.36538461538461536,0.3783783783783784,1.035561877667141,17.710995564963937,54.87557185668305
blend_treasH_tabm_periodic_pooled_60m_s0_pooledcal,2026-01-01,oxr_delayed,legacy,156,156,34,33,0.9090909090909091,1.0303030303030303,3,0.20820221455653504,0.36538461538461536,0.4411764705882353,1.2074303405572755,46.48673434870186,83.65131064042097
catboost_treasury_halyk_120m_full,2025-01-01,bank_delayed,cadence85_cd2,242,242,62,51,0.9019607843137255,1.2156862745098038,5,0.14816372488941976,0.19834710743801653,0.3387096774193548,1.7076612903225805,38.88994617870751,10.643647290987401
catboost_treasury_halyk_120m_full,2025-01-01,bank_delayed,cadence90_cd2,242,242,64,51,0.9019607843137255,1.2549019607843137,5,0.14816372488941976,0.19834710743801653,0.328125,1.654296875,28.496677061923997,0.25037817420388775
catboost_treasury_halyk_120m_full,2025-01-01,bank_delayed,cadence90_cd3,242,242,52,51,0.9019607843137255,1.0196078431372548,5,0.14816372488941976,0.19834710743801653,0.34615384615384615,1.7451923076923077,34.30228686819703,6.055987980476918
catboost_treasury_halyk_120m_full,2025-01-01,bank_delayed,legacy,242,242,46,51,0.803921568627451,0.9019607843137255,10,0.14816372488941976,0.19834710743801653,0.41304347826086957,2.082427536231884,55.79122542701417,27.544926539294057
catboost_treasury_halyk_120m_full,2025-01-01,normal,cadence85_cd2,242,242,63,51,0.9215686274509803,1.2352941176470589,4,0.14442112571973145,0.19834710743801653,0.2857142857142857,1.4404761904761905,29.115819665135135,0.8695207774150272
catboost_treasury_halyk_120m_full,2025-01-01,normal,cadence90_cd2,242,242,67,51,0.9411764705882353,1.3137254901960784,3,0.14442112571973145,0.19834710743801653,0.29850746268656714,1.5049751243781093,28.419353626466062,0.17305473874595517
catboost_treasury_halyk_120m_full,2025-01-01,normal,cadence90_cd3,242,242,54,51,0.9411764705882353,1.0588235294117647,3,0.14442112571973145,0.19834710743801653,0.2777777777777778,1.400462962962963,30.441568249508926,2.195269361788817
catboost_treasury_halyk_120m_full,2025-01-01,normal,legacy,242,242,45,51,0.803921568627451,0.8823529411764706,10,0.14442112571973145,0.19834710743801653,0.4,2.0166666666666666,53.76502767357075,25.51872878585064
catboost_treasury_halyk_120m_full,2026-01-01,bank_delayed,cadence85_cd2,156,156,40,33,0.8787878787878788,1.2121212121212122,4,0.23927145476657502,0.36538461538461536,0.45,1.231578947368421,44.316371644666546,81.48094793638566
catboost_treasury_halyk_120m_full,2026-01-01,bank_delayed,cadence90_cd2,156,156,40,33,0.8787878787878788,1.2121212121212122,4,0.23927145476657502,0.36538461538461536,0.45,1.231578947368421,44.316371644666546,81.48094793638566
catboost_treasury_halyk_120m_full,2026-01-01,bank_delayed,cadence90_cd3,156,156,34,33,0.8787878787878788,1.0303030303030303,4,0.23927145476657502,0.36538461538461536,0.4117647058823529,1.1269349845201238,28.15559327349986,65.32016956521898
catboost_treasury_halyk_120m_full,2026-01-01,bank_delayed,legacy,156,156,34,33,0.9090909090909091,1.0303030303030303,3,0.23927145476657502,0.36538461538461536,0.4411764705882353,1.2074303405572755,31.76274409143862,68.92732038315773
catboost_treasury_halyk_120m_full,2026-01-01,normal,cadence85_cd2,156,156,39,33,0.9090909090909091,1.1818181818181819,3,0.22812334027852543,0.36538461538461536,0.48717948717948717,1.3333333333333335,47.44465775166121,84.60923404338033
catboost_treasury_halyk_120m_full,2026-01-01,normal,cadence90_cd2,156,156,39,33,0.9090909090909091,1.1818181818181819,3,0.22812334027852543,0.36538461538461536,0.48717948717948717,1.3333333333333335,47.44465775166121,84.60923404338033
catboost_treasury_halyk_120m_full,2026-01-01,normal,cadence90_cd3,156,156,33,33,0.8484848484848485,1.0,5,0.22812334027852543,0.36538461538461536,0.42424242424242425,1.1610845295055823,39.41298777265713,76.57756406437625
catboost_treasury_halyk_120m_full,2026-01-01,normal,legacy,156,156,33,33,0.9090909090909091,1.0,3,0.22812334027852543,0.36538461538461536,0.48484848484848486,1.3269537480063798,33.135057670316286,70.2996339620354
catboost_treasury_halyk_120m_stable,2025-01-01,bank_delayed,cadence85_cd2,242,242,53,51,0.8235294117647058,1.0392156862745099,9,0.15096492839901915,0.19834710743801653,0.33962264150943394,1.712264150943396,39.175453310980956,10.929154423260849
catboost_treasury_halyk_120m_stable,2025-01-01,bank_delayed,cadence90_cd2,242,242,58,51,0.9019607843137255,1.1372549019607843,5,0.15096492839901915,0.19834710743801653,0.3448275862068966,1.738505747126437,46.63324288844135,18.386944000721243
catboost_treasury_halyk_120m_stable,2025-01-01,bank_delayed,cadence90_cd3,242,242,52,51,0.8823529411764706,1.0196078431372548,6,0.15096492839901915,0.19834710743801653,0.3269230769230769,1.6482371794871795,42.882419738574484,14.636120850854372
catboost_treasury_halyk_120m_stable,2025-01-01,bank_delayed,legacy,242,242,47,51,0.8235294117647058,0.9215686274509803,9,0.15096492839901915,0.19834710743801653,0.40425531914893614,2.0381205673758864,56.022907616525174,27.77660872880507
catboost_treasury_halyk_120m_stable,2025-01-01,normal,cadence85_cd2,242,242,53,51,0.8235294117647058,1.0392156862745099,9,0.15122528052698267,0.19834710743801653,0.3584905660377358,1.807389937106918,43.842496376560575,15.596197488840463
catboost_treasury_halyk_120m_stable,2025-01-01,normal,cadence90_cd2,242,242,58,51,0.9019607843137255,1.1372549019607843,5,0.15122528052698267,0.19834710743801653,0.3620689655172414,1.8254310344827587,51.27654893401525,23.030250046295144
catboost_treasury_halyk_120m_stable,2025-01-01,normal,cadence90_cd3,242,242,50,51,0.8431372549019608,0.9803921568627451,8,0.15122528052698267,0.19834710743801653,0.36,1.815,46.02828609060445,17.78198720288435
catboost_treasury_halyk_120m_stable,2025-01-01,normal,legacy,242,242,48,51,0.8431372549019608,0.9411764705882353,8,0.15122528052698267,0.19834710743801653,0.3958333333333333,1.995659722222222,53.13127780979585,24.884978922075735
catboost_treasury_halyk_120m_stable,2026-01-01,bank_delayed,cadence85_cd2,156,156,38,33,0.8787878787878788,1.1515151515151516,4,0.24347889504017695,0.36538461538461536,0.5263157894736842,1.440443213296399,49.785062510598934,86.94963880231805
catboost_treasury_halyk_120m_stable,2026-01-01,bank_delayed,cadence90_cd2,156,156,44,33,0.8787878787878788,1.3333333333333333,4,0.24347889504017695,0.36538461538461536,0.45454545454545453,1.244019138755981,36.92850387801214,74.09308016973125
catboost_treasury_halyk_120m_stable,2026-01-01,bank_delayed,cadence90_cd3,156,156,34,33,0.8787878787878788,1.0303030303030303,4,0.24347889504017695,0.36538461538461536,0.35294117647058826,0.9659442724458206,25.868094854835284,63.0326711465544
catboost_treasury_halyk_120m_stable,2026-01-01,bank_delayed,legacy,156,156,34,33,0.8787878787878788,1.0303030303030303,4,0.24347889504017695,0.36538461538461536,0.35294117647058826,0.9659442724458206,25.868094854835284,63.0326711465544
catboost_treasury_halyk_120m_stable,2026-01-01,normal,cadence85_cd2,156,156,38,33,0.9090909090909091,1.1515151515151516,3,0.23322375240040472,0.36538461538461536,0.47368421052631576,1.296398891966759,43.83235570718726,80.99693199890638
catboost_treasury_halyk_120m_stable,2026-01-01,normal,cadence90_cd2,156,156,44,33,0.9090909090909091,1.3333333333333333,3,0.23322375240040472,0.36538461538461536,0.5,1.368421052631579,40.7109348721215,77.87551116384061
catboost_treasury_halyk_120m_stable,2026-01-01,normal,cadence90_cd3,156,156,35,33,0.9393939393939394,1.0606060606060606,2,0.23322375240040472,0.36538461538461536,0.45714285714285713,1.2511278195488722,40.26427650041407,77.42885279213318
catboost_treasury_halyk_120m_stable,2026-01-01,normal,legacy,156,156,34,33,0.8787878787878788,1.0303030303030303,4,0.23322375240040472,0.36538461538461536,0.47058823529411764,1.2879256965944272,44.307395580756676,81.47197187247579
catboost_treasury_halyk_120m_stable_matched,2025-01-01,bank_delayed,cadence85_cd2,242,242,51,51,0.7647058823529411,1.0,12,0.15167049987698902,0.19834710743801653,0.37254901960784315,1.8782679738562091,47.66005963864016,19.41376075092006
catboost_treasury_halyk_120m_stable_matched,2025-01-01,bank_delayed,cadence90_cd2,242,242,58,51,0.8823529411764706,1.1372549019607843,6,0.15167049987698902,0.19834710743801653,0.3275862068965517,1.651580459770115,43.39786667019627,15.151567782476162
catboost_treasury_halyk_120m_stable_matched,2025-01-01,bank_delayed,cadence90_cd3,242,242,43,51,0.7647058823529411,0.8431372549019608,12,0.15167049987698902,0.19834710743801653,0.4186046511627907,2.11046511627907,67.79637147810342,39.55007259038332
catboost_treasury_halyk_120m_stable_matched,2025-01-01,bank_delayed,legacy,242,242,43,51,0.7647058823529411,0.8431372549019608,12,0.15167049987698902,0.19834710743801653,0.4186046511627907,2.11046511627907,67.79637147810342,39.55007259038332
catboost_treasury_halyk_120m_stable_matched,2025-01-01,normal,cadence85_cd2,242,242,51,51,0.7647058823529411,1.0,12,0.1513290175287616,0.19834710743801653,0.37254901960784315,1.8782679738562091,47.66005963864016,19.41376075092006
catboost_treasury_halyk_120m_stable_matched,2025-01-01,normal,cadence90_cd2,242,242,58,51,0.8823529411764706,1.1372549019607843,6,0.1513290175287616,0.19834710743801653,0.3620689655172414,1.8254310344827587,50.51789075787525,22.271591870155138
catboost_treasury_halyk_120m_stable_matched,2025-01-01,normal,cadence90_cd3,242,242,43,51,0.7647058823529411,0.8431372549019608,12,0.1513290175287616,0.19834710743801653,0.4186046511627907,2.11046511627907,67.79637147810342,39.55007259038332
catboost_treasury_halyk_120m_stable_matched,2025-01-01,normal,legacy,242,242,43,51,0.7647058823529411,0.8431372549019608,12,0.1513290175287616,0.19834710743801653,0.4186046511627907,2.11046511627907,67.79637147810342,39.55007259038332
catboost_treasury_halyk_120m_stable_matched,2026-01-01,bank_delayed,cadence85_cd2,156,156,45,33,0.8787878787878788,1.3636363636363635,4,0.24241082189521726,0.36538461538461536,0.4444444444444444,1.2163742690058479,29.163166653366744,66.32774294508586
catboost_treasury_halyk_120m_stable_matched,2026-01-01,bank_delayed,cadence90_cd2,156,156,45,33,0.8787878787878788,1.3636363636363635,4,0.24241082189521726,0.36538461538461536,0.4444444444444444,1.2163742690058479,29.163166653366744,66.32774294508586
catboost_treasury_halyk_120m_stable_matched,2026-01-01,bank_delayed,cadence90_cd3,156,156,36,33,0.9696969696969697,1.0909090909090908,1,0.24241082189521726,0.36538461538461536,0.4444444444444444,1.2163742690058479,43.556832705328276,80.72140899704739
catboost_treasury_halyk_120m_stable_matched,2026-01-01,bank_delayed,legacy,156,156,36,33,0.9696969696969697,1.0909090909090908,1,0.24241082189521726,0.36538461538461536,0.4444444444444444,1.2163742690058479,43.556832705328276,80.72140899704739
catboost_treasury_halyk_120m_stable_matched,2026-01-01,normal,cadence85_cd2,156,156,46,33,0.9090909090909091,1.393939393939394,3,0.23137123087770187,0.36538461538461536,0.41304347826086957,1.1304347826086958,26.92480489291252,64.08938118463163
catboost_treasury_halyk_120m_stable_matched,2026-01-01,normal,cadence90_cd2,156,156,46,33,0.9090909090909091,1.393939393939394,3,0.23137123087770187,0.36538461538461536,0.41304347826086957,1.1304347826086958,26.92480489291252,64.08938118463163
catboost_treasury_halyk_120m_stable_matched,2026-01-01,normal,cadence90_cd3,156,156,35,33,0.9393939393939394,1.0606060606060606,2,0.23137123087770187,0.36538461538461536,0.45714285714285713,1.2511278195488722,39.88712758421204,77.05170387593115
catboost_treasury_halyk_120m_stable_matched,2026-01-01,normal,legacy,156,156,35,33,0.9393939393939394,1.0606060606060606,2,0.23137123087770187,0.36538461538461536,0.45714285714285713,1.2511278195488722,39.88712758421204,77.05170387593115
catboost_treasury_halyk_24m_full,2025-01-01,bank_delayed,cadence85_cd2,242,242,56,51,0.8627450980392157,1.0980392156862746,7,0.14842246056228997,0.19834710743801653,0.32142857142857145,1.6205357142857144,44.62381220717263,16.377513319452518
catboost_treasury_halyk_24m_full,2025-01-01,bank_delayed,cadence90_cd2,242,242,65,51,0.9019607843137255,1.2745098039215685,5,0.14842246056228997,0.19834710743801653,0.3230769230769231,1.6288461538461538,41.9232764210252,13.676977533305092
catboost_treasury_halyk_24m_full,2025-01-01,bank_delayed,cadence90_cd3,242,242,49,51,0.8235294117647058,0.9607843137254902,9,0.14842246056228997,0.19834710743801653,0.3673469387755102,1.8520408163265307,43.385280636569675,15.138981748849565
catboost_treasury_halyk_24m_full,2025-01-01,bank_delayed,legacy,242,242,48,51,0.8235294117647058,0.9411764705882353,9,0.14842246056228997,0.19834710743801653,0.3958333333333333,1.995659722222222,48.278799171970306,20.032500284250194
catboost_treasury_halyk_24m_full,2025-01-01,normal,cadence85_cd2,242,242,57,51,0.8431372549019608,1.1176470588235294,8,0.14530895834774182,0.19834710743801653,0.3684210526315789,1.8574561403508771,45.76403290137631,17.5177340136562
catboost_treasury_halyk_24m_full,2025-01-01,normal,cadence90_cd2,242,242,62,51,0.9019607843137255,1.2156862745098038,5,0.14530895834774182,0.19834710743801653,0.3225806451612903,1.6263440860215053,35.50080901886111,7.254510131141001
catboost_treasury_halyk_24m_full,2025-01-01,normal,cadence90_cd3,242,242,51,51,0.8823529411764706,1.0,6,0.14530895834774182,0.19834710743801653,0.3333333333333333,1.6805555555555554,28.212576931007877,-0.03372195671223229
catboost_treasury_halyk_24m_full,2025-01-01,normal,legacy,242,242,49,51,0.8627450980392157,0.9607843137254902,7,0.14530895834774182,0.19834710743801653,0.3673469387755102,1.8520408163265307,38.68783025484693,10.44153136712682
catboost_treasury_halyk_24m_full,2026-01-01,bank_delayed,cadence85_cd2,156,156,39,33,0.8484848484848485,1.1818181818181819,5,0.23220298758599384,0.36538461538461536,0.46153846153846156,1.2631578947368423,54.76214422669041,91.92672051840952
catboost_treasury_halyk_24m_full,2026-01-01,bank_delayed,cadence90_cd2,156,156,40,33,0.8787878787878788,1.2121212121212122,4,0.23220298758599384,0.36538461538461536,0.45,1.231578947368421,46.61865749033073,83.78323378204985
catboost_treasury_halyk_24m_full,2026-01-01,bank_delayed,cadence90_cd3,156,156,35,33,0.8787878787878788,1.0606060606060606,4,0.23220298758599384,0.36538461538461536,0.34285714285714286,0.9383458646616541,24.865259834755363,62.02983612647448
catboost_treasury_halyk_24m_full,2026-01-01,bank_delayed,legacy,156,156,34,33,0.8787878787878788,1.0303030303030303,4,0.23220298758599384,0.36538461538461536,0.35294117647058826,0.9659442724458206,35.80604104907016,72.97061734078927
catboost_treasury_halyk_24m_full,2026-01-01,normal,cadence85_cd2,156,156,38,33,0.8787878787878788,1.1515151515151516,4,0.21911202005353964,0.36538461538461536,0.5,1.368421052631579,56.83344086469499,93.99801715641411
catboost_treasury_halyk_24m_full,2026-01-01,normal,cadence90_cd2,156,156,39,33,0.8787878787878788,1.1818181818181819,4,0.21911202005353964,0.36538461538461536,0.48717948717948717,1.3333333333333335,56.25709824600665,93.42167453772576
catboost_treasury_halyk_24m_full,2026-01-01,normal,cadence90_cd3,156,156,33,33,0.8484848484848485,1.0,5,0.21911202005353964,0.36538461538461536,0.45454545454545453,1.244019138755981,39.90702959130961,77.07160588302872
catboost_treasury_halyk_24m_full,2026-01-01,normal,legacy,156,156,33,33,0.8484848484848485,1.0,5,0.21911202005353964,0.36538461538461536,0.42424242424242425,1.1610845295055823,38.19360062445162,75.35817691617073
catboost_treasury_halyk_24m_stable,2025-01-01,bank_delayed,cadence85_cd2,242,242,58,51,0.8823529411764706,1.1372549019607843,6,0.14711033856198294,0.19834710743801653,0.3448275862068966,1.738505747126437,44.83209890812349,16.585800020403383
catboost_treasury_halyk_24m_stable,2025-01-01,bank_delayed,cadence90_cd2,242,242,65,51,0.9215686274509803,1.2745098039215685,4,0.14711033856198294,0.19834710743801653,0.2923076923076923,1.4737179487179488,21.82101084286911,-6.425288044850998
catboost_treasury_halyk_24m_stable,2025-01-01,bank_delayed,cadence90_cd3,242,242,50,51,0.8627450980392157,0.9803921568627451,7,0.14711033856198294,0.19834710743801653,0.32,1.6133333333333333,37.51668919983647,9.270390312116362
catboost_treasury_halyk_24m_stable,2025-01-01,bank_delayed,legacy,242,242,44,51,0.7843137254901961,0.8627450980392157,11,0.14711033856198294,0.19834710743801653,0.4318181818181818,2.1770833333333335,54.71238495895872,26.466086071238614
catboost_treasury_halyk_24m_stable,2025-01-01,normal,cadence85_cd2,242,242,57,51,0.8627450980392157,1.1176470588235294,7,0.1454017724852756,0.19834710743801653,0.3333333333333333,1.6805555555555554,51.733895458616956,23.487596570896844
catboost_treasury_halyk_24m_stable,2025-01-01,normal,cadence90_cd2,242,242,65,51,0.9411764705882353,1.2745098039215685,3,0.1454017724852756,0.19834710743801653,0.27692307692307694,1.3961538461538463,25.71027314672086,-2.5360257409992517
catboost_treasury_halyk_24m_stable,2025-01-01,normal,cadence90_cd3,242,242,49,51,0.8627450980392157,0.9607843137254902,7,0.1454017724852756,0.19834710743801653,0.3469387755102041,1.7491496598639455,49.232505719628264,20.986206831908156
catboost_treasury_halyk_24m_stable,2025-01-01,normal,legacy,242,242,46,51,0.803921568627451,0.9019607843137255,10,0.1454017724852756,0.19834710743801653,0.391304347826087,1.9728260869565217,51.97554813946644,23.72924925174633
catboost_treasury_halyk_24m_stable,2026-01-01,bank_delayed,cadence85_cd2,156,156,42,33,0.9393939393939394,1.2727272727272727,2,0.2472950118392302,0.36538461538461536,0.5238095238095238,1.4335839598997495,43.59976054410063,80.76433683581975
catboost_treasury_halyk_24m_stable,2026-01-01,bank_delayed,cadence90_cd2,156,156,42,33,0.9393939393939394,1.2727272727272727,2,0.2472950118392302,0.36538461538461536,0.5238095238095238,1.4335839598997495,43.59976054410063,80.76433683581975
catboost_treasury_halyk_24m_stable,2026-01-01,bank_delayed,cadence90_cd3,156,156,39,33,0.9696969696969697,1.1818181818181819,1,0.2472950118392302,0.36538461538461536,0.41025641025641024,1.1228070175438596,20.37889267226317,57.543468963982285
catboost_treasury_halyk_24m_stable,2026-01-01,bank_delayed,legacy,156,156,33,33,0.8787878787878788,1.0,4,0.2472950118392302,0.36538461538461536,0.3939393939393939,1.0781499202551834,32.07548903934281,69.24006533106193
catboost_treasury_halyk_24m_stable,2026-01-01,normal,cadence85_cd2,156,156,40,33,0.9393939393939394,1.2121212121212122,2,0.2346344705725691,0.36538461538461536,0.525,1.4368421052631581,42.456675194603704,79.62125148632282
catboost_treasury_halyk_24m_stable,2026-01-01,normal,cadence90_cd2,156,156,40,33,0.9393939393939394,1.2121212121212122,2,0.2346344705725691,0.36538461538461536,0.525,1.4368421052631581,42.456675194603704,79.62125148632282
catboost_treasury_halyk_24m_stable,2026-01-01,normal,cadence90_cd3,156,156,39,33,0.9696969696969697,1.1818181818181819,1,0.2346344705725691,0.36538461538461536,0.41025641025641024,1.1228070175438596,20.37889267226317,57.543468963982285
catboost_treasury_halyk_24m_stable,2026-01-01,normal,legacy,156,156,33,33,0.9090909090909091,1.0,3,0.2346344705725691,0.36538461538461536,0.42424242424242425,1.1610845295055823,33.24671890719213,70.41129519891125
catboost_treasury_halyk_24m_stable_matched,2025-01-01,bank_delayed,cadence85_cd2,242,242,55,51,0.8235294117647058,1.0784313725490196,9,0.14828376702211984,0.19834710743801653,0.38181818181818183,1.925,52.88064000008336,24.63434111236325
catboost_treasury_halyk_24m_stable_matched,2025-01-01,bank_delayed,cadence90_cd2,242,242,67,51,0.9411764705882353,1.3137254901960784,3,0.14828376702211984,0.19834710743801653,0.29850746268656714,1.5049751243781093,21.895439319868775,-6.350859567851333
catboost_treasury_halyk_24m_stable_matched,2025-01-01,bank_delayed,cadence90_cd3,242,242,56,51,0.9215686274509803,1.0980392156862746,4,0.14828376702211984,0.19834710743801653,0.23214285714285715,1.1703869047619049,26.38121440220123,-1.865084485518878
catboost_treasury_halyk_24m_stable_matched,2025-01-01,bank_delayed,legacy,242,242,43,51,0.7058823529411765,0.8431372549019608,15,0.14828376702211984,0.19834710743801653,0.4186046511627907,2.11046511627907,62.136353573750014,33.890054686029906
catboost_treasury_halyk_24m_stable_matched,2025-01-01,normal,cadence85_cd2,242,242,49,51,0.7843137254901961,0.9607843137254902,11,0.14630698367459669,0.19834710743801653,0.3469387755102041,1.7491496598639455,53.88856178344754,25.642262895727438
catboost_treasury_halyk_24m_stable_matched,2025-01-01,normal,cadence90_cd2,242,242,64,51,0.9411764705882353,1.2549019607843137,3,0.14630698367459669,0.19834710743801653,0.296875,1.4967447916666665,37.78606950815376,9.53977062043365
catboost_treasury_halyk_24m_stable_matched,2025-01-01,normal,cadence90_cd3,242,242,56,51,0.9607843137254902,1.0980392156862746,2,0.14630698367459669,0.19834710743801653,0.26785714285714285,1.3504464285714286,26.283900802678136,-1.9623980850419704
catboost_treasury_halyk_24m_stable_matched,2025-01-01,normal,legacy,242,242,39,51,0.6862745098039216,0.7647058823529411,16,0.14630698367459669,0.19834710743801653,0.38461538461538464,1.939102564102564,65.69797551470194,37.45167662698183
catboost_treasury_halyk_24m_stable_matched,2026-01-01,bank_delayed,cadence85_cd2,156,156,40,33,0.8787878787878788,1.2121212121212122,4,0.24575519208844357,0.36538461538461536,0.55,1.505263157894737,50.476437717442906,87.64101400916202
catboost_treasury_halyk_24m_stable_matched,2026-01-01,bank_delayed,cadence90_cd2,156,156,40,33,0.8787878787878788,1.2121212121212122,4,0.24575519208844357,0.36538461538461536,0.55,1.505263157894737,50.476437717442906,87.64101400916202
catboost_treasury_halyk_24m_stable_matched,2026-01-01,bank_delayed,cadence90_cd3,156,156,36,33,0.9090909090909091,1.0909090909090908,3,0.24575519208844357,0.36538461538461536,0.3611111111111111,0.9883040935672515,14.432277123299535,51.59685341501865
catboost_treasury_halyk_24m_stable_matched,2026-01-01,bank_delayed,legacy,156,156,36,33,0.9090909090909091,1.0909090909090908,3,0.24575519208844357,0.36538461538461536,0.3333333333333333,0.9122807017543859,15.325643691339735,52.49021998305885
catboost_treasury_halyk_24m_stable_matched,2026-01-01,normal,cadence85_cd2,156,156,40,33,0.9393939393939394,1.2121212121212122,2,0.23168714333854232,0.36538461538461536,0.425,1.1631578947368422,48.67168534009102,85.83626163181013
catboost_treasury_halyk_24m_stable_matched,2026-01-01,normal,cadence90_cd2,156,156,40,33,0.9393939393939394,1.2121212121212122,2,0.23168714333854232,0.36538461538461536,0.425,1.1631578947368422,48.67168534009102,85.83626163181013
catboost_treasury_halyk_24m_stable_matched,2026-01-01,normal,cadence90_cd3,156,156,34,33,0.9090909090909091,1.0303030303030303,3,0.23168714333854232,0.36538461538461536,0.5294117647058824,1.4489164086687307,40.63976036856735,77.80433666028647
catboost_treasury_halyk_24m_stable_matched,2026-01-01,normal,legacy,156,156,34,33,0.9090909090909091,1.0303030303030303,3,0.23168714333854232,0.36538461538461536,0.47058823529411764,1.2879256965944272,38.25598105399615,75.42055734571527
catboost_treasury_halyk_60m_full,2025-01-01,bank_delayed,cadence85_cd2,242,242,68,51,0.9411764705882353,1.3333333333333333,3,0.14512879071517906,0.19834710743801653,0.2647058823529412,1.3345588235294117,25.228042384266107,-3.0182565034540016
catboost_treasury_halyk_60m_full,2025-01-01,bank_delayed,cadence90_cd2,242,242,68,51,0.9411764705882353,1.3333333333333333,3,0.14512879071517906,0.19834710743801653,0.2647058823529412,1.3345588235294117,25.228042384266107,-3.0182565034540016
catboost_treasury_halyk_60m_full,2025-01-01,bank_delayed,cadence90_cd3,242,242,52,51,0.9019607843137255,1.0196078431372548,5,0.14512879071517906,0.19834710743801653,0.25,1.2604166666666667,29.500920837456476,1.2546219497363669
catboost_treasury_halyk_60m_full,2025-01-01,bank_delayed,legacy,242,242,47,51,0.8235294117647058,0.9215686274509803,9,0.14512879071517906,0.19834710743801653,0.40425531914893614,2.0381205673758864,52.149453188853485,23.90315430113338
catboost_treasury_halyk_60m_full,2025-01-01,normal,cadence85_cd2,242,242,69,51,0.9607843137254902,1.3529411764705883,2,0.14457405189724395,0.19834710743801653,0.2753623188405797,1.3882850241545894,26.233360929987825,-2.0129379577322832
catboost_treasury_halyk_60m_full,2025-01-01,normal,cadence90_cd2,242,242,69,51,0.9607843137254902,1.3529411764705883,2,0.14457405189724395,0.19834710743801653,0.2753623188405797,1.3882850241545894,26.233360929987825,-2.0129379577322832
catboost_treasury_halyk_60m_full,2025-01-01,normal,cadence90_cd3,242,242,53,51,0.9215686274509803,1.0392156862745099,4,0.14457405189724395,0.19834710743801653,0.3018867924528302,1.522012578616352,30.986040407972048,2.7397415202519393
catboost_treasury_halyk_60m_full,2025-01-01,normal,legacy,242,242,47,51,0.8235294117647058,0.9215686274509803,9,0.14457405189724395,0.19834710743801653,0.3829787234042553,1.930851063829787,41.71680856368278,13.470509675962676
catboost_treasury_halyk_60m_full,2026-01-01,bank_delayed,cadence85_cd2,156,156,40,33,0.8787878787878788,1.2121212121212122,4,0.23400878831743355,0.36538461538461536,0.45,1.231578947368421,50.213332625632844,87.37790891735196
catboost_treasury_halyk_60m_full,2026-01-01,bank_delayed,cadence90_cd2,156,156,47,33,0.9090909090909091,1.4242424242424243,3,0.23400878831743355,0.36538461538461536,0.3829787234042553,1.0481522956326987,21.807138877715687,58.9717151694348
catboost_treasury_halyk_60m_full,2026-01-01,bank_delayed,cadence90_cd3,156,156,34,33,0.8484848484848485,1.0303030303030303,5,0.23400878831743355,0.36538461538461536,0.4117647058823529,1.1269349845201238,29.6876038865921,66.85218017831122
catboost_treasury_halyk_60m_full,2026-01-01,bank_delayed,legacy,156,156,33,33,0.8484848484848485,1.0,5,0.23400878831743355,0.36538461538461536,0.3939393939393939,1.0781499202551834,27.307127078017928,64.47170336973704
catboost_treasury_halyk_60m_full,2026-01-01,normal,cadence85_cd2,156,156,41,33,0.9393939393939394,1.2424242424242424,2,0.2160247942862763,0.36538461538461536,0.4634146341463415,1.2682926829268295,47.0362365498647,84.20081284158381
catboost_treasury_halyk_60m_full,2026-01-01,normal,cadence90_cd2,156,156,46,33,0.9696969696969697,1.393939393939394,1,0.2160247942862763,0.36538461538461536,0.43478260869565216,1.1899313501144164,33.07421034242387,70.23878663414298
catboost_treasury_halyk_60m_full,2026-01-01,normal,cadence90_cd3,156,156,33,33,0.8787878787878788,1.0,4,0.2160247942862763,0.36538461538461536,0.45454545454545453,1.244019138755981,35.055341214050245,72.21991750576936
catboost_treasury_halyk_60m_full,2026-01-01,normal,legacy,156,156,33,33,0.8787878787878788,1.0,4,0.2160247942862763,0.36538461538461536,0.45454545454545453,1.244019138755981,35.055341214050245,72.21991750576936
catboost_treasury_halyk_60m_stable,2025-01-01,bank_delayed,cadence85_cd2,242,242,63,51,0.9215686274509803,1.2352941176470589,4,0.14750655674116492,0.19834710743801653,0.31746031746031744,1.6005291005291005,37.18572677773646,8.939427890016358
catboost_treasury_halyk_60m_stable,2025-01-01,bank_delayed,cadence90_cd2,242,242,67,51,0.9411764705882353,1.3137254901960784,3,0.14750655674116492,0.19834710743801653,0.2835820895522388,1.4297263681592038,27.925414372010906,-0.32088451570920423
catboost_treasury_halyk_60m_stable,2025-01-01,bank_delayed,cadence90_cd3,242,242,51,51,0.8627450980392157,1.0,7,0.14750655674116492,0.19834710743801653,0.29411764705882354,1.482843137254902,34.18251181074773,5.936212923027618
catboost_treasury_halyk_60m_stable,2025-01-01,bank_delayed,legacy,242,242,48,51,0.8627450980392157,0.9411764705882353,7,0.14750655674116492,0.19834710743801653,0.3125,1.5755208333333333,39.12735829305518,10.88105940533507
catboost_treasury_halyk_60m_stable,2025-01-01,normal,cadence85_cd2,242,242,62,51,0.9215686274509803,1.2156862745098038,4,0.14637323107692893,0.19834710743801653,0.3387096774193548,1.7076612903225805,35.64138509317346,7.395086205453354
catboost_treasury_halyk_60m_stable,2025-01-01,normal,cadence90_cd2,242,242,68,51,0.9411764705882353,1.3333333333333333,3,0.14637323107692893,0.19834710743801653,0.2647058823529412,1.3345588235294117,29.490687929309395,1.2443890415892873
catboost_treasury_halyk_60m_stable,2025-01-01,normal,cadence90_cd3,242,242,50,51,0.9019607843137255,0.9803921568627451,5,0.14637323107692893,0.19834710743801653,0.3,1.5125,38.721352002298104,10.475053114577996
catboost_treasury_halyk_60m_stable,2025-01-01,normal,legacy,242,242,48,51,0.8627450980392157,0.9411764705882353,7,0.14637323107692893,0.19834710743801653,0.4166666666666667,2.1006944444444446,48.74647228216186,20.500173394441756
catboost_treasury_halyk_60m_stable,2026-01-01,bank_delayed,cadence85_cd2,156,156,38,33,0.9090909090909091,1.1515151515151516,3,0.24197045913458595,0.36538461538461536,0.5263157894736842,1.440443213296399,52.61357197959174,89.77814827131085
catboost_treasury_halyk_60m_stable,2026-01-01,bank_delayed,cadence90_cd2,156,156,41,33,0.9090909090909091,1.2424242424242424,3,0.24197045913458595,0.36538461538461536,0.5121951219512195,1.4017971758664955,51.505044189802945,88.66962048152206
catboost_treasury_halyk_60m_stable,2026-01-01,bank_delayed,cadence90_cd3,156,156,39,33,1.0,1.1818181818181819,0,0.24197045913458595,0.36538461538461536,0.3333333333333333,0.9122807017543859,8.628891509378569,45.793467801097684
catboost_treasury_halyk_60m_stable,2026-01-01,bank_delayed,legacy,156,156,35,33,0.9393939393939394,1.0606060606060606,2,0.24197045913458595,0.36538461538461536,0.34285714285714286,0.9383458646616541,34.35467993045404,71.51925622217315
catboost_treasury_halyk_60m_stable,2026-01-01,normal,cadence85_cd2,156,156,39,33,0.8787878787878788,1.1818181818181819,4,0.23040913088782516,0.36538461538461536,0.4358974358974359,1.192982456140351,44.95184116068681,82.11641745240593
catboost_treasury_halyk_60m_stable,2026-01-01,normal,cadence90_cd2,156,156,40,33,0.8787878787878788,1.2121212121212122,4,0.23040913088782516,0.36538461538461536,0.45,1.231578947368421,48.39887779200838,85.56345408372749
catboost_treasury_halyk_60m_stable,2026-01-01,normal,cadence90_cd3,156,156,38,33,0.9696969696969697,1.1515151515151516,1,0.23040913088782516,0.36538461538461536,0.39473684210526316,1.0803324099722993,-11.26494676503825,25.899629526680865
catboost_treasury_halyk_60m_stable,2026-01-01,normal,legacy,156,156,35,33,0.9090909090909091,1.0606060606060606,3,0.23040913088782516,0.36538461538461536,0.37142857142857144,1.0165413533834586,25.25400528026811,62.418581571987225
catboost_treasury_halyk_60m_stable_matched,2025-01-01,bank_delayed,cadence85_cd2,242,242,68,51,0.9411764705882353,1.3333333333333333,3,0.1472224112825339,0.19834710743801653,0.27941176470588236,1.4087009803921569,27.500721871899017,-0.7455770158210915
catboost_treasury_halyk_60m_stable_matched,2025-01-01,bank_delayed,cadence90_cd2,242,242,68,51,0.9411764705882353,1.3333333333333333,3,0.1472224112825339,0.19834710743801653,0.27941176470588236,1.4087009803921569,27.500721871899017,-0.7455770158210915
catboost_treasury_halyk_60m_stable_matched,2025-01-01,bank_delayed,cadence90_cd3,242,242,49,51,0.8627450980392157,0.9607843137254902,7,0.1472224112825339,0.19834710743801653,0.2857142857142857,1.4404761904761905,37.88337759805047,9.637078710330366
catboost_treasury_halyk_60m_stable_matched,2025-01-01,bank_delayed,legacy,242,242,48,51,0.8627450980392157,0.9411764705882353,7,0.1472224112825339,0.19834710743801653,0.25,1.2604166666666667,34.711830310903544,6.465531423183434
catboost_treasury_halyk_60m_stable_matched,2025-01-01,normal,cadence85_cd2,242,242,68,51,0.9607843137254902,1.3333333333333333,2,0.14583509171319084,0.19834710743801653,0.2647058823529412,1.3345588235294117,29.21859122697525,0.9722923392551394
catboost_treasury_halyk_60m_stable_matched,2025-01-01,normal,cadence90_cd2,242,242,68,51,0.9607843137254902,1.3333333333333333,2,0.14583509171319084,0.19834710743801653,0.2647058823529412,1.3345588235294117,29.21859122697525,0.9722923392551394
catboost_treasury_halyk_60m_stable_matched,2025-01-01,normal,cadence90_cd3,242,242,52,51,0.9019607843137255,1.0196078431372548,5,0.14583509171319084,0.19834710743801653,0.3269230769230769,1.6482371794871795,38.018840896374286,9.772542008654181
catboost_treasury_halyk_60m_stable_matched,2025-01-01,normal,legacy,242,242,51,51,0.8823529411764706,1.0,6,0.14583509171319084,0.19834710743801653,0.35294117647058826,1.7794117647058825,35.42793124821887,7.181632360498759
catboost_treasury_halyk_60m_stable_matched,2026-01-01,bank_delayed,cadence85_cd2,156,156,39,33,0.8787878787878788,1.1818181818181819,4,0.24478674386606522,0.36538461538461536,0.48717948717948717,1.3333333333333335,49.85381293689812,87.01838922861724
catboost_treasury_halyk_60m_stable_matched,2026-01-01,bank_delayed,cadence90_cd2,156,156,42,33,0.9090909090909091,1.2727272727272727,3,0.24478674386606522,0.36538461538461536,0.47619047619047616,1.3032581453634084,38.1703539808007,75.33493027251981
catboost_treasury_halyk_60m_stable_matched,2026-01-01,bank_delayed,cadence90_cd3,156,156,35,33,0.9393939393939394,1.0606060606060606,2,0.24478674386606522,0.36538461538461536,0.34285714285714286,0.9383458646616541,30.063447003025118,67.22802329474423
catboost_treasury_halyk_60m_stable_matched,2026-01-01,bank_delayed,legacy,156,156,35,33,0.9393939393939394,1.0606060606060606,2,0.24478674386606522,0.36538461538461536,0.34285714285714286,0.9383458646616541,30.063447003025118,67.22802329474423
catboost_treasury_halyk_60m_stable_matched,2026-01-01,normal,cadence85_cd2,156,156,39,33,0.8787878787878788,1.1818181818181819,4,0.23187930546705807,0.36538461538461536,0.4358974358974359,1.192982456140351,44.95184116068681,82.11641745240593
catboost_treasury_halyk_60m_stable_matched,2026-01-01,normal,cadence90_cd2,156,156,39,33,0.8787878787878788,1.1818181818181819,4,0.23187930546705807,0.36538461538461536,0.46153846153846156,1.2631578947368423,47.41476868459229,84.5793449763114
catboost_treasury_halyk_60m_stable_matched,2026-01-01,normal,cadence90_cd3,156,156,34,33,0.9090909090909091,1.0303030303030303,3,0.23187930546705807,0.36538461538461536,0.38235294117647056,1.0464396284829722,31.75485676409599,68.9194330558151
catboost_treasury_halyk_60m_stable_matched,2026-01-01,normal,legacy,156,156,34,33,0.9090909090909091,1.0303030303030303,3,0.23187930546705807,0.36538461538461536,0.38235294117647056,1.0464396284829722,31.75485676409599,68.9194330558151
halyk_shrink_120m,2025-01-01,bank_delayed,cadence85_cd2,242,242,61,51,0.9019607843137255,1.196078431372549,5,0.15035865454176947,0.19834710743801653,0.3770491803278688,1.9009562841530052,44.738392317974814,16.492093430254705
halyk_shrink_120m,2025-01-01,bank_delayed,cadence90_cd2,242,242,65,51,0.9607843137254902,1.2745098039215685,2,0.15035865454176947,0.19834710743801653,0.3230769230769231,1.6288461538461538,40.22378264469413,11.977483756974024
halyk_shrink_120m,2025-01-01,bank_delayed,cadence90_cd3,242,242,48,51,0.8823529411764706,0.9411764705882353,6,0.15035865454176947,0.19834710743801653,0.3541666666666667,1.785590277777778,44.10300230620342,15.856703418483313
halyk_shrink_120m,2025-01-01,bank_delayed,legacy,242,242,46,51,0.8627450980392157,0.9019607843137255,7,0.15035865454176947,0.19834710743801653,0.3695652173913043,1.8632246376811592,53.494174813357816,25.247875925637707
halyk_shrink_120m,2025-01-01,normal,cadence85_cd2,242,242,57,51,0.8627450980392157,1.1176470588235294,7,0.14539409450316326,0.19834710743801653,0.40350877192982454,2.0343567251461985,51.741538264352315,23.495239376632206
halyk_shrink_120m,2025-01-01,normal,cadence90_cd2,242,242,63,51,0.9411764705882353,1.2352941176470589,3,0.14539409450316326,0.19834710743801653,0.3492063492063492,1.7605820105820105,42.09408085974448,13.847781972024368
halyk_shrink_120m,2025-01-01,normal,cadence90_cd3,242,242,47,51,0.8627450980392157,0.9215686274509803,7,0.14539409450316326,0.19834710743801653,0.3617021276595745,1.823581560283688,49.36968644030655,21.12338755258644
halyk_shrink_120m,2025-01-01,normal,legacy,242,242,47,51,0.8627450980392157,0.9215686274509803,7,0.14539409450316326,0.19834710743801653,0.3617021276595745,1.823581560283688,49.36968644030655,21.12338755258644
halyk_shrink_120m,2026-01-01,bank_delayed,cadence85_cd2,156,156,42,33,0.8787878787878788,1.2727272727272727,4,0.23766603683397994,0.36538461538461536,0.40476190476190477,1.1077694235588973,30.583358550337238,67.74793484205635
halyk_shrink_120m,2026-01-01,bank_delayed,cadence90_cd2,156,156,42,33,0.8787878787878788,1.2727272727272727,4,0.23766603683397994,0.36538461538461536,0.40476190476190477,1.1077694235588973,30.583358550337238,67.74793484205635
halyk_shrink_120m,2026-01-01,bank_delayed,cadence90_cd3,156,156,35,33,0.8787878787878788,1.0606060606060606,4,0.23766603683397994,0.36538461538461536,0.37142857142857144,1.0165413533834586,25.475241847228325,62.63981813894744
halyk_shrink_120m,2026-01-01,bank_delayed,legacy,156,156,35,33,0.8787878787878788,1.0606060606060606,4,0.23766603683397994,0.36538461538461536,0.37142857142857144,1.0165413533834586,25.475241847228325,62.63981813894744
halyk_shrink_120m,2026-01-01,normal,cadence85_cd2,156,156,42,33,0.9090909090909091,1.2727272727272727,3,0.22333096397798377,0.36538461538461536,0.42857142857142855,1.1729323308270676,32.447181835146964,69.61175812686608
halyk_shrink_120m,2026-01-01,normal,cadence90_cd2,156,156,42,33,0.9090909090909091,1.2727272727272727,3,0.22333096397798377,0.36538461538461536,0.42857142857142855,1.1729323308270676,32.447181835146964,69.61175812686608
halyk_shrink_120m,2026-01-01,normal,cadence90_cd3,156,156,34,33,0.9090909090909091,1.0303030303030303,3,0.22333096397798377,0.36538461538461536,0.4411764705882353,1.2074303405572755,46.99001931886288,84.15459561058199
halyk_shrink_120m,2026-01-01,normal,legacy,156,156,34,33,0.9090909090909091,1.0303030303030303,3,0.22333096397798377,0.36538461538461536,0.4411764705882353,1.2074303405572755,46.99001931886288,84.15459561058199
hgb_120m_c12_d0_bank_only,2025-01-01,bank_delayed,cadence85_cd2,242,242,61,51,0.9019607843137255,1.196078431372549,5,0.15035865454176947,0.19834710743801653,0.3770491803278688,1.9009562841530052,44.738392317974814,16.492093430254705
hgb_120m_c12_d0_bank_only,2025-01-01,bank_delayed,cadence90_cd2,242,242,65,51,0.9607843137254902,1.2745098039215685,2,0.15035865454176947,0.19834710743801653,0.3230769230769231,1.6288461538461538,40.22378264469413,11.977483756974024
hgb_120m_c12_d0_bank_only,2025-01-01,bank_delayed,cadence90_cd3,242,242,48,51,0.8823529411764706,0.9411764705882353,6,0.15035865454176947,0.19834710743801653,0.3541666666666667,1.785590277777778,44.10300230620342,15.856703418483313
hgb_120m_c12_d0_bank_only,2025-01-01,bank_delayed,legacy,242,242,46,51,0.8627450980392157,0.9019607843137255,7,0.15035865454176947,0.19834710743801653,0.3695652173913043,1.8632246376811592,53.494174813357816,25.247875925637707
hgb_120m_c12_d0_bank_only,2025-01-01,normal,cadence85_cd2,242,242,57,51,0.8627450980392157,1.1176470588235294,7,0.14539409450316326,0.19834710743801653,0.40350877192982454,2.0343567251461985,51.741538264352315,23.495239376632206
hgb_120m_c12_d0_bank_only,2025-01-01,normal,cadence90_cd2,242,242,63,51,0.9411764705882353,1.2352941176470589,3,0.14539409450316326,0.19834710743801653,0.3492063492063492,1.7605820105820105,42.09408085974448,13.847781972024368
hgb_120m_c12_d0_bank_only,2025-01-01,normal,cadence90_cd3,242,242,47,51,0.8627450980392157,0.9215686274509803,7,0.14539409450316326,0.19834710743801653,0.3617021276595745,1.823581560283688,49.36968644030655,21.12338755258644
hgb_120m_c12_d0_bank_only,2025-01-01,normal,legacy,242,242,47,51,0.8627450980392157,0.9215686274509803,7,0.14539409450316326,0.19834710743801653,0.3617021276595745,1.823581560283688,49.36968644030655,21.12338755258644
hgb_120m_c12_d0_bank_only,2026-01-01,bank_delayed,cadence85_cd2,156,156,42,33,0.8787878787878788,1.2727272727272727,4,0.23766603683397994,0.36538461538461536,0.40476190476190477,1.1077694235588973,30.583358550337238,67.74793484205635
hgb_120m_c12_d0_bank_only,2026-01-01,bank_delayed,cadence90_cd2,156,156,42,33,0.8787878787878788,1.2727272727272727,4,0.23766603683397994,0.36538461538461536,0.40476190476190477,1.1077694235588973,30.583358550337238,67.74793484205635
hgb_120m_c12_d0_bank_only,2026-01-01,bank_delayed,cadence90_cd3,156,156,35,33,0.8787878787878788,1.0606060606060606,4,0.23766603683397994,0.36538461538461536,0.37142857142857144,1.0165413533834586,25.475241847228325,62.63981813894744
hgb_120m_c12_d0_bank_only,2026-01-01,bank_delayed,legacy,156,156,35,33,0.8787878787878788,1.0606060606060606,4,0.23766603683397994,0.36538461538461536,0.37142857142857144,1.0165413533834586,25.475241847228325,62.63981813894744
hgb_120m_c12_d0_bank_only,2026-01-01,normal,cadence85_cd2,156,156,42,33,0.9090909090909091,1.2727272727272727,3,0.22333096397798377,0.36538461538461536,0.42857142857142855,1.1729323308270676,32.447181835146964,69.61175812686608
hgb_120m_c12_d0_bank_only,2026-01-01,normal,cadence90_cd2,156,156,42,33,0.9090909090909091,1.2727272727272727,3,0.22333096397798377,0.36538461538461536,0.42857142857142855,1.1729323308270676,32.447181835146964,69.61175812686608
hgb_120m_c12_d0_bank_only,2026-01-01,normal,cadence90_cd3,156,156,34,33,0.9090909090909091,1.0303030303030303,3,0.22333096397798377,0.36538461538461536,0.4411764705882353,1.2074303405572755,46.99001931886288,84.15459561058199
hgb_120m_c12_d0_bank_only,2026-01-01,normal,legacy,156,156,34,33,0.9090909090909091,1.0303030303030303,3,0.22333096397798377,0.36538461538461536,0.4411764705882353,1.2074303405572755,46.99001931886288,84.15459561058199
hgb_120m_c12_d0_bank_treasury,2025-01-01,bank_delayed,cadence85_cd2,242,242,57,51,0.8627450980392157,1.1176470588235294,7,0.1492199467749984,0.19834710743801653,0.38596491228070173,1.9459064327485378,45.39099922803991,17.1447003403198
hgb_120m_c12_d0_bank_treasury,2025-01-01,bank_delayed,cadence90_cd2,242,242,61,51,0.9019607843137255,1.196078431372549,5,0.1492199467749984,0.19834710743801653,0.3442622950819672,1.735655737704918,43.1572684697391,14.910969582018993
hgb_120m_c12_d0_bank_treasury,2025-01-01,bank_delayed,cadence90_cd3,242,242,50,51,0.8627450980392157,0.9803921568627451,7,0.1492199467749984,0.19834710743801653,0.34,1.7141666666666668,39.465843333971215,11.219544446251104
hgb_120m_c12_d0_bank_treasury,2025-01-01,bank_delayed,legacy,242,242,50,51,0.8627450980392157,0.9803921568627451,7,0.1492199467749984,0.19834710743801653,0.34,1.7141666666666668,37.23871604947509,8.992417161754982
hgb_120m_c12_d0_bank_treasury,2025-01-01,normal,cadence85_cd2,242,242,59,51,0.8431372549019608,1.1568627450980393,8,0.14383384867704951,0.19834710743801653,0.423728813559322,2.1362994350282483,50.65810868560838,22.411809797888274
hgb_120m_c12_d0_bank_treasury,2025-01-01,normal,cadence90_cd2,242,242,60,51,0.8823529411764706,1.1764705882352942,6,0.14383384867704951,0.19834710743801653,0.4,2.0166666666666666,49.53538083581344,21.289081948093333
hgb_120m_c12_d0_bank_treasury,2025-01-01,normal,cadence90_cd3,242,242,50,51,0.8823529411764706,0.9803921568627451,6,0.14383384867704951,0.19834710743801653,0.3,1.5125,45.87505013349625,17.628751245776144
hgb_120m_c12_d0_bank_treasury,2025-01-01,normal,legacy,242,242,50,51,0.8823529411764706,0.9803921568627451,6,0.14383384867704951,0.19834710743801653,0.3,1.5125,45.87505013349625,17.628751245776144
hgb_120m_c12_d0_bank_treasury,2026-01-01,bank_delayed,cadence85_cd2,156,156,42,33,0.9090909090909091,1.2727272727272727,3,0.23440848184094223,0.36538461538461536,0.40476190476190477,1.1077694235588973,28.90444095297937,66.06901724469849
hgb_120m_c12_d0_bank_treasury,2026-01-01,bank_delayed,cadence90_cd2,156,156,42,33,0.9090909090909091,1.2727272727272727,3,0.23440848184094223,0.36538461538461536,0.40476190476190477,1.1077694235588973,28.90444095297937,66.06901724469849
hgb_120m_c12_d0_bank_treasury,2026-01-01,bank_delayed,cadence90_cd3,156,156,36,33,0.9696969696969697,1.0909090909090908,1,0.23440848184094223,0.36538461538461536,0.4722222222222222,1.2923976608187135,22.237575158643693,59.40215145036281
hgb_120m_c12_d0_bank_treasury,2026-01-01,bank_delayed,legacy,156,156,34,33,0.8484848484848485,1.0303030303030303,5,0.23440848184094223,0.36538461538461536,0.4117647058823529,1.1269349845201238,31.32076291088974,68.48533920260886
hgb_120m_c12_d0_bank_treasury,2026-01-01,normal,cadence85_cd2,156,156,42,33,0.9393939393939394,1.2727272727272727,2,0.2200188860172341,0.36538461538461536,0.42857142857142855,1.1729323308270676,37.81358955041787,74.97816584213699
hgb_120m_c12_d0_bank_treasury,2026-01-01,normal,cadence90_cd2,156,156,42,33,0.9393939393939394,1.2727272727272727,2,0.2200188860172341,0.36538461538461536,0.42857142857142855,1.1729323308270676,37.81358955041787,74.97816584213699
hgb_120m_c12_d0_bank_treasury,2026-01-01,normal,cadence90_cd3,156,156,35,33,0.9696969696969697,1.0606060606060606,1,0.2200188860172341,0.36538461538461536,0.5142857142857142,1.4075187969924812,41.450578216047674,78.61515450776679
hgb_120m_c12_d0_bank_treasury,2026-01-01,normal,legacy,156,156,33,33,0.8787878787878788,1.0,4,0.2200188860172341,0.36538461538461536,0.45454545454545453,1.244019138755981,40.59691446159998,77.7614907533191
hgb_120m_c12_d0_bank_treasury_aug,2025-01-01,bank_delayed,cadence85_cd2,242,242,66,51,0.9607843137254902,1.2941176470588236,2,0.15070024971595067,0.19834710743801653,0.3333333333333333,1.6805555555555554,39.50368399752581,11.257385109805705
hgb_120m_c12_d0_bank_treasury_aug,2025-01-01,bank_delayed,cadence90_cd2,242,242,66,51,0.9607843137254902,1.2941176470588236,2,0.15070024971595067,0.19834710743801653,0.3333333333333333,1.6805555555555554,39.50368399752581,11.257385109805705
hgb_120m_c12_d0_bank_treasury_aug,2025-01-01,bank_delayed,cadence90_cd3,242,242,48,51,0.8823529411764706,0.9411764705882353,6,0.15070024971595067,0.19834710743801653,0.3958333333333333,1.995659722222222,48.475419339019524,20.229120451299412
hgb_120m_c12_d0_bank_treasury_aug,2025-01-01,bank_delayed,legacy,242,242,48,51,0.8823529411764706,0.9411764705882353,6,0.15070024971595067,0.19834710743801653,0.3958333333333333,1.995659722222222,48.475419339019524,20.229120451299412
hgb_120m_c12_d0_bank_treasury_aug,2025-01-01,normal,cadence85_cd2,242,242,67,51,0.9803921568627451,1.3137254901960784,1,0.1467559193096129,0.19834710743801653,0.31343283582089554,1.580223880597015,38.103165542620204,9.856866654900095
hgb_120m_c12_d0_bank_treasury_aug,2025-01-01,normal,cadence90_cd2,242,242,67,51,0.9803921568627451,1.3137254901960784,1,0.1467559193096129,0.19834710743801653,0.31343283582089554,1.580223880597015,38.103165542620204,9.856866654900095
hgb_120m_c12_d0_bank_treasury_aug,2025-01-01,normal,cadence90_cd3,242,242,49,51,0.9019607843137255,0.9607843137254902,5,0.1467559193096129,0.19834710743801653,0.3673469387755102,1.8520408163265307,50.958680841331386,22.712381953611278
hgb_120m_c12_d0_bank_treasury_aug,2025-01-01,normal,legacy,242,242,49,51,0.9019607843137255,0.9607843137254902,5,0.1467559193096129,0.19834710743801653,0.3673469387755102,1.8520408163265307,50.958680841331386,22.712381953611278
hgb_120m_c12_d0_bank_treasury_aug,2026-01-01,bank_delayed,cadence85_cd2,156,156,42,33,0.9090909090909091,1.2727272727272727,3,0.23540550348020103,0.36538461538461536,0.40476190476190477,1.1077694235588973,27.75362721807612,64.91820350979523
hgb_120m_c12_d0_bank_treasury_aug,2026-01-01,bank_delayed,cadence90_cd2,156,156,42,33,0.8787878787878788,1.2727272727272727,4,0.23540550348020103,0.36538461538461536,0.40476190476190477,1.1077694235588973,32.77043910837202,69.93501540009113
hgb_120m_c12_d0_bank_treasury_aug,2026-01-01,bank_delayed,cadence90_cd3,156,156,35,33,0.9393939393939394,1.0606060606060606,2,0.23540550348020103,0.36538461538461536,0.45714285714285713,1.2511278195488722,29.13641593069643,66.30099222241554
hgb_120m_c12_d0_bank_treasury_aug,2026-01-01,bank_delayed,legacy,156,156,34,33,0.9090909090909091,1.0303030303030303,3,0.23540550348020103,0.36538461538461536,0.5,1.368421052631579,31.08097797418614,68.24555426590526
hgb_120m_c12_d0_bank_treasury_aug,2026-01-01,normal,cadence85_cd2,156,156,40,33,0.9393939393939394,1.2121212121212122,2,0.23127422669996497,0.36538461538461536,0.45,1.231578947368421,45.3274975729759,82.49207386469502
hgb_120m_c12_d0_bank_treasury_aug,2026-01-01,normal,cadence90_cd2,156,156,42,33,0.9090909090909091,1.2727272727272727,3,0.23127422669996497,0.36538461538461536,0.40476190476190477,1.1077694235588973,28.90444095297937,66.06901724469849
hgb_120m_c12_d0_bank_treasury_aug,2026-01-01,normal,cadence90_cd3,156,156,35,33,0.9696969696969697,1.0606060606060606,1,0.23127422669996497,0.36538461538461536,0.5142857142857142,1.4075187969924812,41.450578216047674,78.61515450776679
hgb_120m_c12_d0_bank_treasury_aug,2026-01-01,normal,legacy,156,156,33,33,0.9090909090909091,1.0,3,0.23127422669996497,0.36538461538461536,0.45454545454545453,1.244019138755981,38.886372900005696,76.05094919172481
hgb_120m_c12_d0_bank_treasury_oxr,2025-01-01,bank_delayed,cadence85_cd2,242,242,61,51,0.9215686274509803,1.196078431372549,4,0.14891062350780987,0.19834710743801653,0.3114754098360656,1.5703551912568305,37.63384729016217,9.387548402442066
hgb_120m_c12_d0_bank_treasury_oxr,2025-01-01,bank_delayed,cadence90_cd2,242,242,61,51,0.9215686274509803,1.196078431372549,4,0.14891062350780987,0.19834710743801653,0.3114754098360656,1.5703551912568305,37.63384729016217,9.387548402442066
hgb_120m_c12_d0_bank_treasury_oxr,2025-01-01,bank_delayed,cadence90_cd3,242,242,49,51,0.8823529411764706,0.9607843137254902,6,0.14891062350780987,0.19834710743801653,0.32653061224489793,1.6462585034013604,46.78144243107701,18.535143543356902
hgb_120m_c12_d0_bank_treasury_oxr,2025-01-01,bank_delayed,legacy,242,242,49,51,0.8627450980392157,0.9607843137254902,7,0.14891062350780987,0.19834710743801653,0.30612244897959184,1.5433673469387754,44.17722570289819,15.930926815178083
hgb_120m_c12_d0_bank_treasury_oxr,2025-01-01,both_delayed,cadence85_cd2,242,242,61,51,0.9215686274509803,1.196078431372549,4,0.14860475610659651,0.19834710743801653,0.32786885245901637,1.653005464480874,36.54325030000759,8.296951412287484
hgb_120m_c12_d0_bank_treasury_oxr,2025-01-01,both_delayed,cadence90_cd2,242,242,61,51,0.9215686274509803,1.196078431372549,4,0.14860475610659651,0.19834710743801653,0.32786885245901637,1.653005464480874,36.54325030000759,8.296951412287484
hgb_120m_c12_d0_bank_treasury_oxr,2025-01-01,both_delayed,cadence90_cd3,242,242,50,51,0.9019607843137255,0.9803921568627451,5,0.14860475610659651,0.19834710743801653,0.32,1.6133333333333333,42.433750092315165,14.18745120459506
hgb_120m_c12_d0_bank_treasury_oxr,2025-01-01,both_delayed,legacy,242,242,50,51,0.8823529411764706,0.9803921568627451,6,0.14860475610659651,0.19834710743801653,0.3,1.5125,39.88161769869992,11.635318810979811
hgb_120m_c12_d0_bank_treasury_oxr,2025-01-01,normal,cadence85_cd2,242,242,61,51,0.9019607843137255,1.196078431372549,5,0.14386460392864167,0.19834710743801653,0.39344262295081966,1.9836065573770492,48.22242324510073,19.976124357380623
hgb_120m_c12_d0_bank_treasury_oxr,2025-01-01,normal,cadence90_cd2,242,242,61,51,0.9019607843137255,1.196078431372549,5,0.14386460392864167,0.19834710743801653,0.39344262295081966,1.9836065573770492,48.22242324510073,19.976124357380623
hgb_120m_c12_d0_bank_treasury_oxr,2025-01-01,normal,cadence90_cd3,242,242,49,51,0.8823529411764706,0.9607843137254902,6,0.14386460392864167,0.19834710743801653,0.32653061224489793,1.6462585034013604,46.78144243107701,18.535143543356902
hgb_120m_c12_d0_bank_treasury_oxr,2025-01-01,normal,legacy,242,242,49,51,0.8431372549019608,0.9607843137254902,8,0.14386460392864167,0.19834710743801653,0.3469387755102041,1.7491496598639455,52.50937812924904,24.26307924152893
hgb_120m_c12_d0_bank_treasury_oxr,2025-01-01,oxr_delayed,cadence85_cd2,242,242,61,51,0.9019607843137255,1.196078431372549,5,0.14352773244519987,0.19834710743801653,0.39344262295081966,1.9836065573770492,48.22242324510073,19.976124357380623
hgb_120m_c12_d0_bank_treasury_oxr,2025-01-01,oxr_delayed,cadence90_cd2,242,242,61,51,0.9019607843137255,1.196078431372549,5,0.14352773244519987,0.19834710743801653,0.39344262295081966,1.9836065573770492,48.22242324510073,19.976124357380623
hgb_120m_c12_d0_bank_treasury_oxr,2025-01-01,oxr_delayed,cadence90_cd3,242,242,49,51,0.8823529411764706,0.9607843137254902,6,0.14352773244519987,0.19834710743801653,0.3469387755102041,1.7491496598639455,48.74536245974694,20.499063572026838
hgb_120m_c12_d0_bank_treasury_oxr,2025-01-01,oxr_delayed,legacy,242,242,47,51,0.8627450980392157,0.9215686274509803,7,0.14352773244519987,0.19834710743801653,0.3191489361702128,1.6090425531914894,57.55927848474388,29.31297959702377
hgb_120m_c12_d0_bank_treasury_oxr,2026-01-01,bank_delayed,cadence85_cd2,156,156,42,33,0.9090909090909091,1.2727272727272727,3,0.23170854748085454,0.36538461538461536,0.40476190476190477,1.1077694235588973,28.90444095297937,66.06901724469849
hgb_120m_c12_d0_bank_treasury_oxr,2026-01-01,bank_delayed,cadence90_cd2,156,156,43,33,0.8787878787878788,1.303030303030303,4,0.23170854748085454,0.36538461538461536,0.37209302325581395,1.018359853121175,28.537515424092206,65.70209171581132
hgb_120m_c12_d0_bank_treasury_oxr,2026-01-01,bank_delayed,cadence90_cd3,156,156,37,33,1.0,1.121212121212121,0,0.23170854748085454,0.36538461538461536,0.4594594594594595,1.2574679943100997,22.371472398676296,59.53604869039541
hgb_120m_c12_d0_bank_treasury_oxr,2026-01-01,bank_delayed,legacy,156,156,34,33,0.8787878787878788,1.0303030303030303,4,0.23170854748085454,0.36538461538461536,0.38235294117647056,1.0464396284829722,33.81805152952373,70.98262782124284
hgb_120m_c12_d0_bank_treasury_oxr,2026-01-01,both_delayed,cadence85_cd2,156,156,42,33,0.9090909090909091,1.2727272727272727,3,0.23157409740579427,0.36538461538461536,0.40476190476190477,1.1077694235588973,31.091521511014165,68.25609780273328
hgb_120m_c12_d0_bank_treasury_oxr,2026-01-01,both_delayed,cadence90_cd2,156,156,43,33,0.8484848484848485,1.303030303030303,5,0.23157409740579427,0.36538461538461536,0.37209302325581395,1.018359853121175,30.214022150857133,67.37859844257625
hgb_120m_c12_d0_bank_treasury_oxr,2026-01-01,both_delayed,cadence90_cd3,156,156,37,33,1.0,1.121212121212121,0,0.23157409740579427,0.36538461538461536,0.4594594594594595,1.2574679943100997,22.371472398676296,59.53604869039541
hgb_120m_c12_d0_bank_treasury_oxr,2026-01-01,both_delayed,legacy,156,156,35,33,0.8787878787878788,1.0606060606060606,4,0.23157409740579427,0.36538461538461536,0.37142857142857144,1.0165413533834586,23.415533582917114,60.58010987463623
hgb_120m_c12_d0_bank_treasury_oxr,2026-01-01,normal,cadence85_cd2,156,156,42,33,0.9090909090909091,1.2727272727272727,3,0.21783124293044084,0.36538461538461536,0.42857142857142855,1.1729323308270676,33.29944758182144,70.46402387354055
hgb_120m_c12_d0_bank_treasury_oxr,2026-01-01,normal,cadence90_cd2,156,156,44,33,0.9393939393939394,1.3333333333333333,2,0.21783124293044084,0.36538461538461536,0.45454545454545453,1.244019138755981,27.8599117451364,65.02448803685552
hgb_120m_c12_d0_bank_treasury_oxr,2026-01-01,normal,cadence90_cd3,156,156,35,33,0.9696969696969697,1.0606060606060606,1,0.21783124293044084,0.36538461538461536,0.5142857142857142,1.4075187969924812,41.450578216047674,78.61515450776679
hgb_120m_c12_d0_bank_treasury_oxr,2026-01-01,normal,legacy,156,156,34,33,0.9090909090909091,1.0303030303030303,3,0.21783124293044084,0.36538461538461536,0.4411764705882353,1.2074303405572755,46.99001931886288,84.15459561058199
hgb_120m_c12_d0_bank_treasury_oxr,2026-01-01,oxr_delayed,cadence85_cd2,156,156,42,33,0.9090909090909091,1.2727272727272727,3,0.21693684093158566,0.36538461538461536,0.42857142857142855,1.1729323308270676,33.29944758182144,70.46402387354055
hgb_120m_c12_d0_bank_treasury_oxr,2026-01-01,oxr_delayed,cadence90_cd2,156,156,44,33,0.9393939393939394,1.3333333333333333,2,0.21693684093158566,0.36538461538461536,0.45454545454545453,1.244019138755981,27.8599117451364,65.02448803685552
hgb_120m_c12_d0_bank_treasury_oxr,2026-01-01,oxr_delayed,cadence90_cd3,156,156,35,33,0.9696969696969697,1.0606060606060606,1,0.21693684093158566,0.36538461538461536,0.5142857142857142,1.4075187969924812,41.450578216047674,78.61515450776679
hgb_120m_c12_d0_bank_treasury_oxr,2026-01-01,oxr_delayed,legacy,156,156,34,33,0.9090909090909091,1.0303030303030303,3,0.21693684093158566,0.36538461538461536,0.4411764705882353,1.2074303405572755,46.99001931886288,84.15459561058199
hgb_120m_c12_d0_bank_treasury_pooled,2025-01-01,bank_delayed,cadence85_cd2,242,242,61,51,0.9215686274509803,1.196078431372549,4,0.1497443414461811,0.19834710743801653,0.3442622950819672,1.735655737704918,37.41415673789533,9.167857850175226
hgb_120m_c12_d0_bank_treasury_pooled,2025-01-01,bank_delayed,cadence90_cd2,242,242,61,51,0.9215686274509803,1.196078431372549,4,0.1497443414461811,0.19834710743801653,0.3442622950819672,1.735655737704918,37.41415673789533,9.167857850175226
hgb_120m_c12_d0_bank_treasury_pooled,2025-01-01,bank_delayed,cadence90_cd3,242,242,49,51,0.8627450980392157,0.9607843137254902,7,0.1497443414461811,0.19834710743801653,0.32653061224489793,1.6462585034013604,44.715590704464205,16.4692918167441
hgb_120m_c12_d0_bank_treasury_pooled,2025-01-01,bank_delayed,legacy,242,242,46,51,0.8627450980392157,0.9019607843137255,7,0.1497443414461811,0.19834710743801653,0.34782608695652173,1.753623188405797,46.22301558200769,17.97671669428758
hgb_120m_c12_d0_bank_treasury_pooled,2025-01-01,normal,cadence85_cd2,242,242,61,51,0.9019607843137255,1.196078431372549,5,0.1463976625908086,0.19834710743801653,0.39344262295081966,1.9836065573770492,48.23454577870385,19.98824689098374
hgb_120m_c12_d0_bank_treasury_pooled,2025-01-01,normal,cadence90_cd2,242,242,61,51,0.9019607843137255,1.196078431372549,5,0.1463976625908086,0.19834710743801653,0.39344262295081966,1.9836065573770492,48.23454577870385,19.98824689098374
hgb_120m_c12_d0_bank_treasury_pooled,2025-01-01,normal,cadence90_cd3,242,242,49,51,0.8627450980392157,0.9607843137254902,7,0.1463976625908086,0.19834710743801653,0.30612244897959184,1.5433673469387754,47.64537245254406,19.39907356482395
hgb_120m_c12_d0_bank_treasury_pooled,2025-01-01,normal,legacy,242,242,46,51,0.803921568627451,0.9019607843137255,10,0.1463976625908086,0.19834710743801653,0.391304347826087,1.9728260869565217,59.51771335106129,31.271414463341177
hgb_120m_c12_d0_bank_treasury_pooled,2026-01-01,bank_delayed,cadence85_cd2,156,156,42,33,0.9090909090909091,1.2727272727272727,3,0.23545542631652175,0.36538461538461536,0.40476190476190477,1.1077694235588973,27.75362721807612,64.91820350979523
hgb_120m_c12_d0_bank_treasury_pooled,2026-01-01,bank_delayed,cadence90_cd2,156,156,42,33,0.9090909090909091,1.2727272727272727,3,0.23545542631652175,0.36538461538461536,0.40476190476190477,1.1077694235588973,28.90444095297937,66.06901724469849
hgb_120m_c12_d0_bank_treasury_pooled,2026-01-01,bank_delayed,cadence90_cd3,156,156,36,33,0.9696969696969697,1.0909090909090908,1,0.23545542631652175,0.36538461538461536,0.5,1.368421052631579,28.23024231295625,65.39481860467536
hgb_120m_c12_d0_bank_treasury_pooled,2026-01-01,bank_delayed,legacy,156,156,36,33,0.9696969696969697,1.0909090909090908,1,0.23545542631652175,0.36538461538461536,0.4722222222222222,1.2923976608187135,19.30198922242512,56.466565514144236
hgb_120m_c12_d0_bank_treasury_pooled,2026-01-01,normal,cadence85_cd2,156,156,41,33,0.8787878787878788,1.2424242424242424,4,0.2262551842079646,0.36538461538461536,0.3902439024390244,1.06803594351733,27.39050236704989,64.555078658769
hgb_120m_c12_d0_bank_treasury_pooled,2026-01-01,normal,cadence90_cd2,156,156,43,33,0.9393939393939394,1.303030303030303,2,0.2262551842079646,0.36538461538461536,0.4186046511627907,1.145654834761322,33.81322199874671,70.97779829046583
hgb_120m_c12_d0_bank_treasury_pooled,2026-01-01,normal,cadence90_cd3,156,156,36,33,0.9696969696969697,1.0909090909090908,1,0.2262551842079646,0.36538461538461536,0.5,1.368421052631579,36.34640260361142,73.51097889533054
hgb_120m_c12_d0_bank_treasury_pooled,2026-01-01,normal,legacy,156,156,36,33,0.9696969696969697,1.0909090909090908,1,0.2262551842079646,0.36538461538461536,0.5,1.368421052631579,28.23024231295625,65.39481860467536
hgb_120m_c12_d0_bank_treasury_stump,2025-01-01,bank_delayed,cadence85_cd2,242,242,59,51,0.9019607843137255,1.1568627450980393,5,0.14519369162809892,0.19834710743801653,0.3898305084745763,1.9653954802259888,44.20313362638998,15.956834738669869
hgb_120m_c12_d0_bank_treasury_stump,2025-01-01,bank_delayed,cadence90_cd2,242,242,62,51,0.9215686274509803,1.2156862745098038,4,0.14519369162809892,0.19834710743801653,0.3387096774193548,1.7076612903225805,45.87342997223963,17.62713108451952
hgb_120m_c12_d0_bank_treasury_stump,2025-01-01,bank_delayed,cadence90_cd3,242,242,52,51,0.8823529411764706,1.0196078431372548,6,0.14519369162809892,0.19834710743801653,0.3076923076923077,1.5512820512820513,38.583415815773634,10.337116928053526
hgb_120m_c12_d0_bank_treasury_stump,2025-01-01,bank_delayed,legacy,242,242,45,51,0.8235294117647058,0.8823529411764706,9,0.14519369162809892,0.19834710743801653,0.35555555555555557,1.7925925925925925,50.684116766318134,22.437817878598025
hgb_120m_c12_d0_bank_treasury_stump,2025-01-01,normal,cadence85_cd2,242,242,59,51,0.9019607843137255,1.1568627450980393,5,0.14107403683813116,0.19834710743801653,0.3898305084745763,1.9653954802259888,49.08273049338001,20.8364316056599
hgb_120m_c12_d0_bank_treasury_stump,2025-01-01,normal,cadence90_cd2,242,242,62,51,0.9215686274509803,1.2156862745098038,4,0.14107403683813116,0.19834710743801653,0.3709677419354839,1.8702956989247312,44.68760814136792,16.441309253647812
hgb_120m_c12_d0_bank_treasury_stump,2025-01-01,normal,cadence90_cd3,242,242,50,51,0.8823529411764706,0.9803921568627451,6,0.14107403683813116,0.19834710743801653,0.28,1.4116666666666668,44.18168613459329,15.935387246873182
hgb_120m_c12_d0_bank_treasury_stump,2025-01-01,normal,legacy,242,242,46,51,0.8627450980392157,0.9019607843137255,7,0.14107403683813116,0.19834710743801653,0.3695652173913043,1.8632246376811592,50.790114192658905,22.543815304938793
hgb_120m_c12_d0_bank_treasury_stump,2026-01-01,bank_delayed,cadence85_cd2,156,156,42,33,0.9090909090909091,1.2727272727272727,3,0.2256540306990568,0.36538461538461536,0.40476190476190477,1.1077694235588973,30.690301871722767,67.85487816344188
hgb_120m_c12_d0_bank_treasury_stump,2026-01-01,bank_delayed,cadence90_cd2,156,156,42,33,0.9090909090909091,1.2727272727272727,3,0.2256540306990568,0.36538461538461536,0.40476190476190477,1.1077694235588973,30.690301871722767,67.85487816344188
hgb_120m_c12_d0_bank_treasury_stump,2026-01-01,bank_delayed,cadence90_cd3,156,156,37,33,1.0,1.121212121212121,0,0.2256540306990568,0.36538461538461536,0.4864864864864865,1.3314366998577527,28.20217557584529,65.3667518675644
hgb_120m_c12_d0_bank_treasury_stump,2026-01-01,bank_delayed,legacy,156,156,37,33,1.0,1.121212121212121,0,0.2256540306990568,0.36538461538461536,0.4864864864864865,1.3314366998577527,28.20217557584529,65.3667518675644
hgb_120m_c12_d0_bank_treasury_stump,2026-01-01,normal,cadence85_cd2,156,156,41,33,0.8787878787878788,1.2424242424242424,4,0.21346974418519013,0.36538461538461536,0.4878048780487805,1.3350449293966624,43.86132254374829,81.0258988354674
hgb_120m_c12_d0_bank_treasury_stump,2026-01-01,normal,cadence90_cd2,156,156,41,33,0.8787878787878788,1.2424242424242424,4,0.21346974418519013,0.36538461538461536,0.4878048780487805,1.3350449293966624,43.86132254374829,81.0258988354674
hgb_120m_c12_d0_bank_treasury_stump,2026-01-01,normal,cadence90_cd3,156,156,36,33,0.9393939393939394,1.0909090909090908,2,0.21346974418519013,0.36538461538461536,0.5,1.368421052631579,20.01993190560465,57.184508197323765
hgb_120m_c12_d0_bank_treasury_stump,2026-01-01,normal,legacy,156,156,35,33,0.9393939393939394,1.0606060606060606,2,0.21346974418519013,0.36538461538461536,0.4,1.0947368421052632,32.72133633822506,69.88591262994417
hgb_120m_c12_d0_compact,2025-01-01,bank_delayed,cadence85_cd2,242,242,49,51,0.7647058823529411,0.9607843137254902,12,0.14454313998978485,0.19834710743801653,0.3877551020408163,1.9549319727891155,50.28142933740506,22.035130449684953
hgb_120m_c12_d0_compact,2025-01-01,bank_delayed,cadence90_cd2,242,242,50,51,0.7843137254901961,0.9803921568627451,11,0.14454313998978485,0.19834710743801653,0.4,2.0166666666666666,53.710803077517994,25.464504189797886
hgb_120m_c12_d0_compact,2025-01-01,bank_delayed,cadence90_cd3,242,242,41,51,0.7058823529411765,0.803921568627451,15,0.14454313998978485,0.19834710743801653,0.4634146341463415,2.3363821138211383,63.927194368011236,35.68089548029113
hgb_120m_c12_d0_compact,2025-01-01,bank_delayed,legacy,242,242,39,51,0.6666666666666666,0.7647058823529411,17,0.14454313998978485,0.19834710743801653,0.46153846153846156,2.326923076923077,69.67975987407914,41.43346098635904
hgb_120m_c12_d0_compact,2025-01-01,normal,cadence85_cd2,242,242,49,51,0.7647058823529411,0.9607843137254902,12,0.1448144723438028,0.19834710743801653,0.3877551020408163,1.9549319727891155,50.28142933740506,22.035130449684953
hgb_120m_c12_d0_compact,2025-01-01,normal,cadence90_cd2,242,242,50,51,0.7843137254901961,0.9803921568627451,11,0.1448144723438028,0.19834710743801653,0.4,2.0166666666666666,53.710803077517994,25.464504189797886
hgb_120m_c12_d0_compact,2025-01-01,normal,cadence90_cd3,242,242,41,51,0.7058823529411765,0.803921568627451,15,0.1448144723438028,0.19834710743801653,0.4634146341463415,2.3363821138211383,63.927194368011236,35.68089548029113
hgb_120m_c12_d0_compact,2025-01-01,normal,legacy,242,242,39,51,0.6666666666666666,0.7647058823529411,17,0.1448144723438028,0.19834710743801653,0.46153846153846156,2.326923076923077,69.67975987407914,41.43346098635904
hgb_120m_c12_d0_compact,2026-01-01,bank_delayed,cadence85_cd2,156,156,41,33,0.9090909090909091,1.2424242424242424,3,0.22832092409594382,0.36538461538461536,0.43902439024390244,1.2015404364569962,18.4662953099726,55.630871601691716
hgb_120m_c12_d0_compact,2026-01-01,bank_delayed,cadence90_cd2,156,156,45,33,0.9393939393939394,1.3636363636363635,2,0.22832092409594382,0.36538461538461536,0.35555555555555557,0.9730994152046785,13.994138140552906,51.15871443227202
hgb_120m_c12_d0_compact,2026-01-01,bank_delayed,cadence90_cd3,156,156,36,33,0.9393939393939394,1.0909090909090908,2,0.22832092409594382,0.36538461538461536,0.4166666666666667,1.1403508771929827,11.980591802403623,49.14516809412274
hgb_120m_c12_d0_compact,2026-01-01,bank_delayed,legacy,156,156,35,33,0.9393939393939394,1.0606060606060606,2,0.22832092409594382,0.36538461538461536,0.4857142857142857,1.3293233082706768,40.3343044807587,77.49888077247782
hgb_120m_c12_d0_compact,2026-01-01,normal,cadence85_cd2,156,156,41,33,0.8787878787878788,1.2424242424242424,4,0.22296905748887005,0.36538461538461536,0.43902439024390244,1.2015404364569962,39.10925556723679,76.2738318589559
hgb_120m_c12_d0_compact,2026-01-01,normal,cadence90_cd2,156,156,46,33,0.9393939393939394,1.393939393939394,2,0.22296905748887005,0.36538461538461536,0.391304347826087,1.070938215102975,31.256017414509103,68.42059370622822
hgb_120m_c12_d0_compact,2026-01-01,normal,cadence90_cd3,156,156,36,33,0.9696969696969697,1.0909090909090908,1,0.22296905748887005,0.36538461538461536,0.4444444444444444,1.2163742690058479,19.903461338436784,57.0680376301559
hgb_120m_c12_d0_compact,2026-01-01,normal,legacy,156,156,34,33,0.9090909090909091,1.0303030303030303,3,0.22296905748887005,0.36538461538461536,0.4117647058823529,1.1269349845201238,47.521143864244166,84.68572015596328
hgb_120m_c12_d12_bank_treasury,2025-01-01,bank_delayed,cadence85_cd2,242,242,50,51,0.7647058823529411,0.9803921568627451,12,0.1512419792695369,0.19834710743801653,0.38,1.9158333333333333,44.246068014879455,15.999769127159345
hgb_120m_c12_d12_bank_treasury,2025-01-01,bank_delayed,cadence90_cd2,242,242,57,51,0.8627450980392157,1.1176470588235294,7,0.1512419792695369,0.19834710743801653,0.38596491228070173,1.9459064327485378,37.89473858406409,9.648439696343985
hgb_120m_c12_d12_bank_treasury,2025-01-01,bank_delayed,cadence90_cd3,242,242,48,51,0.8235294117647058,0.9411764705882353,9,0.1512419792695369,0.19834710743801653,0.3333333333333333,1.6805555555555554,43.4376034363776,15.191304548657493
hgb_120m_c12_d12_bank_treasury,2025-01-01,bank_delayed,legacy,242,242,43,51,0.7647058823529411,0.8431372549019608,12,0.1512419792695369,0.19834710743801653,0.37209302325581395,1.875968992248062,49.50417375958517,21.25787487186506
hgb_120m_c12_d12_bank_treasury,2025-01-01,normal,cadence85_cd2,242,242,50,51,0.7843137254901961,0.9803921568627451,11,0.1425700711334048,0.19834710743801653,0.42,2.1174999999999997,58.25094077171593,30.004641883995827
hgb_120m_c12_d12_bank_treasury,2025-01-01,normal,cadence90_cd2,242,242,57,51,0.8823529411764706,1.1176470588235294,6,0.1425700711334048,0.19834710743801653,0.43859649122807015,2.2112573099415203,59.56828552036265,31.321986632642545
hgb_120m_c12_d12_bank_treasury,2025-01-01,normal,cadence90_cd3,242,242,48,51,0.9019607843137255,0.9411764705882353,5,0.1425700711334048,0.19834710743801653,0.3541666666666667,1.785590277777778,62.1360233416294,33.88972445390929
hgb_120m_c12_d12_bank_treasury,2025-01-01,normal,legacy,242,242,42,51,0.7254901960784313,0.8235294117647058,14,0.1425700711334048,0.19834710743801653,0.42857142857142855,2.1607142857142856,69.06104779531414,40.81474890759403
hgb_120m_c12_d12_bank_treasury,2026-01-01,bank_delayed,cadence85_cd2,156,156,41,33,0.9090909090909091,1.2424242424242424,3,0.2336062928988992,0.36538461538461536,0.3902439024390244,1.06803594351733,41.67248115608426,78.83705744780337
hgb_120m_c12_d12_bank_treasury,2026-01-01,bank_delayed,cadence90_cd2,156,156,41,33,0.9090909090909091,1.2424242424242424,3,0.2336062928988992,0.36538461538461536,0.3902439024390244,1.06803594351733,41.67248115608426,78.83705744780337
hgb_120m_c12_d12_bank_treasury,2026-01-01,bank_delayed,cadence90_cd3,156,156,35,33,0.9393939393939394,1.0606060606060606,2,0.2336062928988992,0.36538461538461536,0.42857142857142855,1.1729323308270676,21.321130205744147,58.48570649746326
hgb_120m_c12_d12_bank_treasury,2026-01-01,bank_delayed,legacy,156,156,36,33,0.9696969696969697,1.0909090909090908,1,0.2336062928988992,0.36538461538461536,0.3888888888888889,1.064327485380117,27.239204154514326,64.40378044623344
hgb_120m_c12_d12_bank_treasury,2026-01-01,normal,cadence85_cd2,156,156,42,33,0.9090909090909091,1.2727272727272727,3,0.2202585446043227,0.36538461538461536,0.40476190476190477,1.1077694235588973,31.581789091205337,68.74636538292445
hgb_120m_c12_d12_bank_treasury,2026-01-01,normal,cadence90_cd2,156,156,42,33,0.9090909090909091,1.2727272727272727,3,0.2202585446043227,0.36538461538461536,0.40476190476190477,1.1077694235588973,31.581789091205337,68.74636538292445
hgb_120m_c12_d12_bank_treasury,2026-01-01,normal,cadence90_cd3,156,156,35,33,1.0,1.0606060606060606,0,0.2202585446043227,0.36538461538461536,0.37142857142857144,1.0165413533834586,33.98273060773482,71.14730689945394
hgb_120m_c12_d12_bank_treasury,2026-01-01,normal,legacy,156,156,35,33,0.9696969696969697,1.0606060606060606,1,0.2202585446043227,0.36538461538461536,0.42857142857142855,1.1729323308270676,46.5951108975146,83.75968718923372
hgb_120m_c12_d1_bank_treasury,2025-01-01,bank_delayed,cadence85_cd2,242,242,58,51,0.9019607843137255,1.1372549019607843,5,0.14699665617160954,0.19834710743801653,0.3103448275862069,1.5646551724137931,32.06938328133742,3.8230843936173122
hgb_120m_c12_d1_bank_treasury,2025-01-01,bank_delayed,cadence90_cd2,242,242,68,51,0.9607843137254902,1.3333333333333333,2,0.14699665617160954,0.19834710743801653,0.29411764705882354,1.482843137254902,19.52095268364743,-8.725346204072679
hgb_120m_c12_d1_bank_treasury,2025-01-01,bank_delayed,cadence90_cd3,242,242,48,51,0.8823529411764706,0.9411764705882353,6,0.14699665617160954,0.19834710743801653,0.3541666666666667,1.785590277777778,38.20554694099843,9.959248053278321
hgb_120m_c12_d1_bank_treasury,2025-01-01,bank_delayed,legacy,242,242,48,51,0.8823529411764706,0.9411764705882353,6,0.14699665617160954,0.19834710743801653,0.3541666666666667,1.785590277777778,38.20554694099843,9.959248053278321
hgb_120m_c12_d1_bank_treasury,2025-01-01,normal,cadence85_cd2,242,242,57,51,0.8627450980392157,1.1176470588235294,7,0.15065364786006927,0.19834710743801653,0.2982456140350877,1.5036549707602338,46.27652414248449,18.030225254764385
hgb_120m_c12_d1_bank_treasury,2025-01-01,normal,cadence90_cd2,242,242,70,51,1.0,1.3725490196078431,0,0.15065364786006927,0.19834710743801653,0.2857142857142857,1.4404761904761905,19.89387498517933,-8.352423902540778
hgb_120m_c12_d1_bank_treasury,2025-01-01,normal,cadence90_cd3,242,242,47,51,0.8627450980392157,0.9215686274509803,7,0.15065364786006927,0.19834710743801653,0.3191489361702128,1.6090425531914894,44.49388718403722,16.24758829631711
hgb_120m_c12_d1_bank_treasury,2025-01-01,normal,legacy,242,242,47,51,0.8431372549019608,0.9215686274509803,8,0.15065364786006927,0.19834710743801653,0.3404255319148936,1.7163120567375885,51.66936829988566,23.42306941216555
hgb_120m_c12_d1_bank_treasury,2026-01-01,bank_delayed,cadence85_cd2,156,156,37,33,0.9090909090909091,1.121212121212121,3,0.2578204279759102,0.36538461538461536,0.4594594594594595,1.2574679943100997,54.116841698996936,91.28141799071605
hgb_120m_c12_d1_bank_treasury,2026-01-01,bank_delayed,cadence90_cd2,156,156,39,33,0.8787878787878788,1.1818181818181819,4,0.2578204279759102,0.36538461538461536,0.41025641025641024,1.1228070175438596,44.639127754570666,81.80370404628978
hgb_120m_c12_d1_bank_treasury,2026-01-01,bank_delayed,cadence90_cd3,156,156,31,33,0.8181818181818182,0.9393939393939394,6,0.2578204279759102,0.36538461538461536,0.3870967741935484,1.0594227504244482,31.12915375759131,68.29373004931043
hgb_120m_c12_d1_bank_treasury,2026-01-01,bank_delayed,legacy,156,156,30,33,0.7878787878787878,0.9090909090909091,7,0.2578204279759102,0.36538461538461536,0.43333333333333335,1.1859649122807019,42.45255451164431,79.61713080336342
hgb_120m_c12_d1_bank_treasury,2026-01-01,normal,cadence85_cd2,156,156,38,33,0.8787878787878788,1.1515151515151516,4,0.2487519986932044,0.36538461538461536,0.47368421052631576,1.296398891966759,43.99603029585337,81.16060658757249
hgb_120m_c12_d1_bank_treasury,2026-01-01,normal,cadence90_cd2,156,156,41,33,0.8787878787878788,1.2424242424242424,4,0.2487519986932044,0.36538461538461536,0.43902439024390244,1.2015404364569962,36.470492074088625,73.63506836580774
hgb_120m_c12_d1_bank_treasury,2026-01-01,normal,cadence90_cd3,156,156,32,33,0.8787878787878788,0.9696969696969697,4,0.2487519986932044,0.36538461538461536,0.375,1.0263157894736843,35.550824941166894,72.71540123288601
hgb_120m_c12_d1_bank_treasury,2026-01-01,normal,legacy,156,156,31,33,0.8484848484848485,0.9393939393939394,5,0.2487519986932044,0.36538461538461536,0.3870967741935484,1.0594227504244482,41.79220777196922,78.95678406368833
hgb_120m_c12_d3_bank_treasury,2025-01-01,bank_delayed,cadence85_cd2,242,242,66,51,0.9607843137254902,1.2941176470588236,2,0.1473344363737572,0.19834710743801653,0.30303030303030304,1.5277777777777777,30.07118032970273,1.8248814419826227
hgb_120m_c12_d3_bank_treasury,2025-01-01,bank_delayed,cadence90_cd2,242,242,66,51,0.9607843137254902,1.2941176470588236,2,0.1473344363737572,0.19834710743801653,0.30303030303030304,1.5277777777777777,30.07118032970273,1.8248814419826227
hgb_120m_c12_d3_bank_treasury,2025-01-01,bank_delayed,cadence90_cd3,242,242,51,51,0.8823529411764706,1.0,6,0.1473344363737572,0.19834710743801653,0.3137254901960784,1.5816993464052287,36.96856197143515,8.72226308371504
hgb_120m_c12_d3_bank_treasury,2025-01-01,bank_delayed,legacy,242,242,53,51,0.9019607843137255,1.0392156862745099,5,0.1473344363737572,0.19834710743801653,0.2830188679245283,1.4268867924528301,33.31284329948463,5.066544411764522
hgb_120m_c12_d3_bank_treasury,2025-01-01,normal,cadence85_cd2,242,242,66,51,1.0,1.2941176470588236,0,0.14458238777599058,0.19834710743801653,0.30303030303030304,1.5277777777777777,39.54458905694435,11.298290169224243
hgb_120m_c12_d3_bank_treasury,2025-01-01,normal,cadence90_cd2,242,242,66,51,1.0,1.2941176470588236,0,0.14458238777599058,0.19834710743801653,0.30303030303030304,1.5277777777777777,39.54458905694435,11.298290169224243
hgb_120m_c12_d3_bank_treasury,2025-01-01,normal,cadence90_cd3,242,242,51,51,0.9215686274509803,1.0,4,0.14458238777599058,0.19834710743801653,0.3333333333333333,1.6805555555555554,43.17388588980614,14.92758700208603
hgb_120m_c12_d3_bank_treasury,2025-01-01,normal,legacy,242,242,54,51,0.9019607843137255,1.0588235294117647,5,0.14458238777599058,0.19834710743801653,0.2962962962962963,1.4938271604938271,35.83947816691001,7.593179279189907
hgb_120m_c12_d3_bank_treasury,2026-01-01,bank_delayed,cadence85_cd2,156,156,37,33,0.8181818181818182,1.121212121212121,6,0.25851135338403136,0.36538461538461536,0.4594594594594595,1.2574679943100997,61.90602574772902,99.07060203944813
hgb_120m_c12_d3_bank_treasury,2026-01-01,bank_delayed,cadence90_cd2,156,156,37,33,0.8181818181818182,1.121212121212121,6,0.25851135338403136,0.36538461538461536,0.4594594594594595,1.2574679943100997,61.90602574772902,99.07060203944813
hgb_120m_c12_d3_bank_treasury,2026-01-01,bank_delayed,cadence90_cd3,156,156,34,33,0.9090909090909091,1.0303030303030303,3,0.25851135338403136,0.36538461538461536,0.4117647058823529,1.1269349845201238,24.826717556209594,61.99129384792871
hgb_120m_c12_d3_bank_treasury,2026-01-01,bank_delayed,legacy,156,156,34,33,0.9090909090909091,1.0303030303030303,3,0.25851135338403136,0.36538461538461536,0.4411764705882353,1.2074303405572755,25.697535048189224,62.86211133990834
hgb_120m_c12_d3_bank_treasury,2026-01-01,normal,cadence85_cd2,156,156,39,33,0.9696969696969697,1.1818181818181819,1,0.25279290352312883,0.36538461538461536,0.5384615384615384,1.4736842105263157,47.88931073863955,85.05388703035867
hgb_120m_c12_d3_bank_treasury,2026-01-01,normal,cadence90_cd2,156,156,39,33,0.9696969696969697,1.1818181818181819,1,0.25279290352312883,0.36538461538461536,0.5384615384615384,1.4736842105263157,47.88931073863955,85.05388703035867
hgb_120m_c12_d3_bank_treasury,2026-01-01,normal,cadence90_cd3,156,156,33,33,0.8787878787878788,1.0,4,0.25279290352312883,0.36538461538461536,0.42424242424242425,1.1610845295055823,40.66358074478508,77.8281570365042
hgb_120m_c12_d3_bank_treasury,2026-01-01,normal,legacy,156,156,33,33,0.8787878787878788,1.0,4,0.25279290352312883,0.36538461538461536,0.3939393939393939,1.0781499202551834,37.71153343045951,74.87610972217863
hgb_120m_c12_d6_bank_treasury,2025-01-01,bank_delayed,cadence85_cd2,242,242,61,51,0.8627450980392157,1.196078431372549,7,0.1560556337971897,0.19834710743801653,0.36065573770491804,1.8183060109289617,41.16412043202931,12.917821544309202
hgb_120m_c12_d6_bank_treasury,2025-01-01,bank_delayed,cadence90_cd2,242,242,66,51,0.9411764705882353,1.2941176470588236,3,0.1560556337971897,0.19834710743801653,0.2878787878787879,1.451388888888889,38.28815987340245,10.04186098568234
hgb_120m_c12_d6_bank_treasury,2025-01-01,bank_delayed,cadence90_cd3,242,242,53,51,0.9215686274509803,1.0392156862745099,4,0.1560556337971897,0.19834710743801653,0.3018867924528302,1.522012578616352,32.74813600685522,4.501837119135107
hgb_120m_c12_d6_bank_treasury,2025-01-01,bank_delayed,legacy,242,242,47,51,0.8235294117647058,0.9215686274509803,9,0.1560556337971897,0.19834710743801653,0.3191489361702128,1.6090425531914894,51.071057395070994,22.82475850735089
hgb_120m_c12_d6_bank_treasury,2025-01-01,normal,cadence85_cd2,242,242,63,51,0.9215686274509803,1.2352941176470589,4,0.1449401514867426,0.19834710743801653,0.38095238095238093,1.9206349206349205,46.895541033394565,18.64924214567446
hgb_120m_c12_d6_bank_treasury,2025-01-01,normal,cadence90_cd2,242,242,66,51,0.9607843137254902,1.2941176470588236,2,0.1449401514867426,0.19834710743801653,0.30303030303030304,1.5277777777777777,44.239671036042054,15.993372148321944
hgb_120m_c12_d6_bank_treasury,2025-01-01,normal,cadence90_cd3,242,242,52,51,0.9411764705882353,1.0196078431372548,3,0.1449401514867426,0.19834710743801653,0.3076923076923077,1.5512820512820513,45.82093509834191,17.574636210621804
hgb_120m_c12_d6_bank_treasury,2025-01-01,normal,legacy,242,242,47,51,0.8627450980392157,0.9215686274509803,7,0.1449401514867426,0.19834710743801653,0.40425531914893614,2.0381205673758864,58.53278234283317,30.28648345511306
hgb_120m_c12_d6_bank_treasury,2026-01-01,bank_delayed,cadence85_cd2,156,156,41,33,0.9090909090909091,1.2424242424242424,3,0.24322744753738307,0.36538461538461536,0.4146341463414634,1.134788189987163,34.28947074489865,71.45404703661777
hgb_120m_c12_d6_bank_treasury,2026-01-01,bank_delayed,cadence90_cd2,156,156,44,33,0.9393939393939394,1.3333333333333333,2,0.24322744753738307,0.36538461538461536,0.38636363636363635,1.0574162679425838,16.252214358574385,53.4167906502935
hgb_120m_c12_d6_bank_treasury,2026-01-01,bank_delayed,cadence90_cd3,156,156,33,33,0.9090909090909091,1.0,3,0.24322744753738307,0.36538461538461536,0.45454545454545453,1.244019138755981,36.99507554819334,74.15965183991246
hgb_120m_c12_d6_bank_treasury,2026-01-01,bank_delayed,legacy,156,156,33,33,0.9090909090909091,1.0,3,0.24322744753738307,0.36538461538461536,0.42424242424242425,1.1610845295055823,40.16099863511754,77.32557492683665
hgb_120m_c12_d6_bank_treasury,2026-01-01,normal,cadence85_cd2,156,156,42,33,0.9696969696969697,1.2727272727272727,1,0.23530211104348567,0.36538461538461536,0.40476190476190477,1.1077694235588973,39.51129102096971,76.67586731268882
hgb_120m_c12_d6_bank_treasury,2026-01-01,normal,cadence90_cd2,156,156,44,33,0.9696969696969697,1.3333333333333333,1,0.23530211104348567,0.36538461538461536,0.4318181818181818,1.1818181818181819,32.527012456627475,69.69158874834659
hgb_120m_c12_d6_bank_treasury,2026-01-01,normal,cadence90_cd3,156,156,33,33,0.9090909090909091,1.0,3,0.23530211104348567,0.36538461538461536,0.45454545454545453,1.244019138755981,53.647815245763695,90.81239153748281
hgb_120m_c12_d6_bank_treasury,2026-01-01,normal,legacy,156,156,34,33,0.9393939393939394,1.0303030303030303,2,0.23530211104348567,0.36538461538461536,0.4411764705882353,1.2074303405572755,44.80844580968282,81.97302210140194
hgb_120m_c3_d0_bank_only,2025-01-01,bank_delayed,cadence85_cd2,242,242,66,51,0.9411764705882353,1.2941176470588236,3,0.15028609177729488,0.19834710743801653,0.30303030303030304,1.5277777777777777,41.24388652944744,12.997587641727328
hgb_120m_c3_d0_bank_only,2025-01-01,bank_delayed,cadence90_cd2,242,242,66,51,0.9411764705882353,1.2941176470588236,3,0.15028609177729488,0.19834710743801653,0.30303030303030304,1.5277777777777777,41.24388652944744,12.997587641727328
hgb_120m_c3_d0_bank_only,2025-01-01,bank_delayed,cadence90_cd3,242,242,47,51,0.8431372549019608,0.9215686274509803,8,0.15028609177729488,0.19834710743801653,0.2978723404255319,1.50177304964539,47.160981021343,18.91468213362289
hgb_120m_c3_d0_bank_only,2025-01-01,bank_delayed,legacy,242,242,47,51,0.8627450980392157,0.9215686274509803,7,0.15028609177729488,0.19834710743801653,0.2978723404255319,1.50177304964539,49.14140395872887,20.895105071008768
hgb_120m_c3_d0_bank_only,2025-01-01,normal,cadence85_cd2,242,242,65,51,0.9607843137254902,1.2745098039215685,2,0.1420606566298322,0.19834710743801653,0.3384615384615385,1.7064102564102566,48.64808938507751,20.4017904973574
hgb_120m_c3_d0_bank_only,2025-01-01,normal,cadence90_cd2,242,242,65,51,0.9607843137254902,1.2745098039215685,2,0.1420606566298322,0.19834710743801653,0.3384615384615385,1.7064102564102566,48.64808938507751,20.4017904973574
hgb_120m_c3_d0_bank_only,2025-01-01,normal,cadence90_cd3,242,242,48,51,0.8823529411764706,0.9411764705882353,6,0.1420606566298322,0.19834710743801653,0.2916666666666667,1.4704861111111112,48.85355284728688,20.60725395956677
hgb_120m_c3_d0_bank_only,2025-01-01,normal,legacy,242,242,48,51,0.8823529411764706,0.9411764705882353,6,0.1420606566298322,0.19834710743801653,0.2916666666666667,1.4704861111111112,47.939184234191636,19.692885346471527
hgb_120m_c3_d0_bank_only,2026-01-01,bank_delayed,cadence85_cd2,156,156,45,33,0.9090909090909091,1.3636363636363635,3,0.2492141891895197,0.36538461538461536,0.35555555555555557,0.9730994152046785,32.74124280074197,69.90581909246109
hgb_120m_c3_d0_bank_only,2026-01-01,bank_delayed,cadence90_cd2,156,156,45,33,0.9090909090909091,1.3636363636363635,3,0.2492141891895197,0.36538461538461536,0.35555555555555557,0.9730994152046785,32.74124280074197,69.90581909246109
hgb_120m_c3_d0_bank_only,2026-01-01,bank_delayed,cadence90_cd3,156,156,34,33,0.9090909090909091,1.0303030303030303,3,0.2492141891895197,0.36538461538461536,0.38235294117647056,1.0464396284829722,29.250634919644085,66.4152112113632
hgb_120m_c3_d0_bank_only,2026-01-01,bank_delayed,legacy,156,156,36,33,0.9393939393939394,1.0909090909090908,2,0.2492141891895197,0.36538461538461536,0.4166666666666667,1.1403508771929827,16.014705351736964,53.17928164345608
hgb_120m_c3_d0_bank_only,2026-01-01,normal,cadence85_cd2,156,156,44,33,0.9393939393939394,1.3333333333333333,2,0.23836191993561257,0.36538461538461536,0.45454545454545453,1.244019138755981,27.710541953837165,64.87511824555628
hgb_120m_c3_d0_bank_only,2026-01-01,normal,cadence90_cd2,156,156,44,33,0.9393939393939394,1.3333333333333333,2,0.23836191993561257,0.36538461538461536,0.45454545454545453,1.244019138755981,27.710541953837165,64.87511824555628
hgb_120m_c3_d0_bank_only,2026-01-01,normal,cadence90_cd3,156,156,34,33,0.9090909090909091,1.0303030303030303,3,0.23836191993561257,0.36538461538461536,0.4411764705882353,1.2074303405572755,45.937220455323825,83.10179674704294
hgb_120m_c3_d0_bank_only,2026-01-01,normal,legacy,156,156,36,33,0.9696969696969697,1.0909090909090908,1,0.23836191993561257,0.36538461538461536,0.4166666666666667,1.1403508771929827,27.325233041211447,64.48980933293056
hgb_120m_c3_d0_bank_treasury,2025-01-01,bank_delayed,cadence85_cd2,242,242,64,51,0.9215686274509803,1.2549019607843137,4,0.14917535124204045,0.19834710743801653,0.328125,1.654296875,41.928603676146444,13.682304788426338
hgb_120m_c3_d0_bank_treasury,2025-01-01,bank_delayed,cadence90_cd2,242,242,64,51,0.9215686274509803,1.2549019607843137,4,0.14917535124204045,0.19834710743801653,0.328125,1.654296875,41.928603676146444,13.682304788426338
hgb_120m_c3_d0_bank_treasury,2025-01-01,bank_delayed,cadence90_cd3,242,242,47,51,0.8431372549019608,0.9215686274509803,8,0.14917535124204045,0.19834710743801653,0.2978723404255319,1.50177304964539,44.880977896662,16.634679008941895
hgb_120m_c3_d0_bank_treasury,2025-01-01,bank_delayed,legacy,242,242,47,51,0.8627450980392157,0.9215686274509803,7,0.14917535124204045,0.19834710743801653,0.2978723404255319,1.50177304964539,46.86140083404788,18.61510194632777
hgb_120m_c3_d0_bank_treasury,2025-01-01,normal,cadence85_cd2,242,242,65,51,0.9803921568627451,1.2745098039215685,1,0.1415641556140933,0.19834710743801653,0.3230769230769231,1.6288461538461538,49.05647060782702,20.810171720106915
hgb_120m_c3_d0_bank_treasury,2025-01-01,normal,cadence90_cd2,242,242,65,51,0.9803921568627451,1.2745098039215685,1,0.1415641556140933,0.19834710743801653,0.3230769230769231,1.6288461538461538,49.05647060782702,20.810171720106915
hgb_120m_c3_d0_bank_treasury,2025-01-01,normal,cadence90_cd3,242,242,47,51,0.8431372549019608,0.9215686274509803,8,0.1415641556140933,0.19834710743801653,0.2978723404255319,1.50177304964539,52.82567024464504,24.579371356924934
hgb_120m_c3_d0_bank_treasury,2025-01-01,normal,legacy,242,242,46,51,0.8235294117647058,0.9019607843137255,9,0.1415641556140933,0.19834710743801653,0.30434782608695654,1.5344202898550725,52.45075237336442,24.20445348564431
hgb_120m_c3_d0_bank_treasury,2026-01-01,bank_delayed,cadence85_cd2,156,156,45,33,0.9090909090909091,1.3636363636363635,3,0.24989724328937973,0.36538461538461536,0.4444444444444444,1.2163742690058479,37.403832178805985,74.5684084705251
hgb_120m_c3_d0_bank_treasury,2026-01-01,bank_delayed,cadence90_cd2,156,156,45,33,0.9090909090909091,1.3636363636363635,3,0.24989724328937973,0.36538461538461536,0.4444444444444444,1.2163742690058479,37.403832178805985,74.5684084705251
hgb_120m_c3_d0_bank_treasury,2026-01-01,bank_delayed,cadence90_cd3,156,156,36,33,0.9393939393939394,1.0909090909090908,2,0.24989724328937973,0.36538461538461536,0.4166666666666667,1.1403508771929827,16.014705351736964,53.17928164345608
hgb_120m_c3_d0_bank_treasury,2026-01-01,bank_delayed,legacy,156,156,36,33,0.9393939393939394,1.0909090909090908,2,0.24989724328937973,0.36538461538461536,0.4166666666666667,1.1403508771929827,16.014705351736964,53.17928164345608
hgb_120m_c3_d0_bank_treasury,2026-01-01,normal,cadence85_cd2,156,156,43,33,0.9393939393939394,1.303030303030303,2,0.2421339024353965,0.36538461538461536,0.4418604651162791,1.2093023255813955,29.851177102111038,67.01575339383015
hgb_120m_c3_d0_bank_treasury,2026-01-01,normal,cadence90_cd2,156,156,43,33,0.9393939393939394,1.303030303030303,2,0.2421339024353965,0.36538461538461536,0.4418604651162791,1.2093023255813955,29.851177102111038,67.01575339383015
hgb_120m_c3_d0_bank_treasury,2026-01-01,normal,cadence90_cd3,156,156,35,33,0.9696969696969697,1.0606060606060606,1,0.2421339024353965,0.36538461538461536,0.45714285714285713,1.2511278195488722,32.56263711677802,69.72721340849714
hgb_120m_c3_d0_bank_treasury,2026-01-01,normal,legacy,156,156,35,33,0.9696969696969697,1.0606060606060606,1,0.2421339024353965,0.36538461538461536,0.45714285714285713,1.2511278195488722,32.88588921368478,70.05046550540389
hgb_120m_c3_d0_bank_treasury_aug,2025-01-01,bank_delayed,cadence85_cd2,242,242,64,51,0.9411764705882353,1.2549019607843137,3,0.14973494277784555,0.19834710743801653,0.3125,1.5755208333333333,44.664947460961805,16.418648573241697
hgb_120m_c3_d0_bank_treasury_aug,2025-01-01,bank_delayed,cadence90_cd2,242,242,64,51,0.9411764705882353,1.2549019607843137,3,0.14973494277784555,0.19834710743801653,0.3125,1.5755208333333333,44.664947460961805,16.418648573241697
hgb_120m_c3_d0_bank_treasury_aug,2025-01-01,bank_delayed,cadence90_cd3,242,242,51,51,0.8823529411764706,1.0,6,0.14973494277784555,0.19834710743801653,0.3137254901960784,1.5816993464052287,39.80307255583199,11.556773668111878
hgb_120m_c3_d0_bank_treasury_aug,2025-01-01,bank_delayed,legacy,242,242,49,51,0.8627450980392157,0.9607843137254902,7,0.14973494277784555,0.19834710743801653,0.32653061224489793,1.6462585034013604,46.24838208434117,18.00208319662107
hgb_120m_c3_d0_bank_treasury_aug,2025-01-01,normal,cadence85_cd2,242,242,65,51,0.9607843137254902,1.2745098039215685,2,0.14536661620235458,0.19834710743801653,0.35384615384615387,1.783974358974359,45.54336671005261,17.2970678223325
hgb_120m_c3_d0_bank_treasury_aug,2025-01-01,normal,cadence90_cd2,242,242,65,51,0.9607843137254902,1.2745098039215685,2,0.14536661620235458,0.19834710743801653,0.35384615384615387,1.783974358974359,45.54336671005261,17.2970678223325
hgb_120m_c3_d0_bank_treasury_aug,2025-01-01,normal,cadence90_cd3,242,242,53,51,0.9019607843137255,1.0392156862745099,5,0.14536661620235458,0.19834710743801653,0.2641509433962264,1.3317610062893082,32.244405410666424,3.998106522946317
hgb_120m_c3_d0_bank_treasury_aug,2025-01-01,normal,legacy,242,242,48,51,0.8627450980392157,0.9411764705882353,7,0.14536661620235458,0.19834710743801653,0.3541666666666667,1.785590277777778,51.39657276236433,23.150273874644217
hgb_120m_c3_d0_bank_treasury_aug,2026-01-01,bank_delayed,cadence85_cd2,156,156,44,33,0.9393939393939394,1.3333333333333333,2,0.25135080558939865,0.36538461538461536,0.4090909090909091,1.1196172248803828,37.81985486195052,74.98443115366963
hgb_120m_c3_d0_bank_treasury_aug,2026-01-01,bank_delayed,cadence90_cd2,156,156,44,33,0.9393939393939394,1.3333333333333333,2,0.25135080558939865,0.36538461538461536,0.4090909090909091,1.1196172248803828,37.81985486195052,74.98443115366963
hgb_120m_c3_d0_bank_treasury_aug,2026-01-01,bank_delayed,cadence90_cd3,156,156,36,33,0.9696969696969697,1.0909090909090908,1,0.25135080558939865,0.36538461538461536,0.4722222222222222,1.2923976608187135,22.98672205393529,60.1512983456544
hgb_120m_c3_d0_bank_treasury_aug,2026-01-01,bank_delayed,legacy,156,156,36,33,0.9696969696969697,1.0909090909090908,1,0.25135080558939865,0.36538461538461536,0.4722222222222222,1.2923976608187135,22.98672205393529,60.1512983456544
hgb_120m_c3_d0_bank_treasury_aug,2026-01-01,normal,cadence85_cd2,156,156,42,33,0.9090909090909091,1.2727272727272727,3,0.2509293866837325,0.36538461538461536,0.42857142857142855,1.1729323308270676,33.29944758182144,70.46402387354055
hgb_120m_c3_d0_bank_treasury_aug,2026-01-01,normal,cadence90_cd2,156,156,42,33,0.9090909090909091,1.2727272727272727,3,0.2509293866837325,0.36538461538461536,0.42857142857142855,1.1729323308270676,33.29944758182144,70.46402387354055
hgb_120m_c3_d0_bank_treasury_aug,2026-01-01,normal,cadence90_cd3,156,156,36,33,0.9696969696969697,1.0909090909090908,1,0.2509293866837325,0.36538461538461536,0.4444444444444444,1.2163742690058479,19.903461338436784,57.0680376301559
hgb_120m_c3_d0_bank_treasury_aug,2026-01-01,normal,legacy,156,156,35,33,0.9696969696969697,1.0606060606060606,1,0.2509293866837325,0.36538461538461536,0.45714285714285713,1.2511278195488722,32.87844738124943,70.04302367296854
hgb_120m_c3_d0_bank_treasury_oxr,2025-01-01,bank_delayed,cadence85_cd2,242,242,66,51,0.9411764705882353,1.2941176470588236,3,0.149545263498622,0.19834710743801653,0.2727272727272727,1.3749999999999998,33.38149502080586,5.13519613308575
hgb_120m_c3_d0_bank_treasury_oxr,2025-01-01,bank_delayed,cadence90_cd2,242,242,66,51,0.9411764705882353,1.2941176470588236,3,0.149545263498622,0.19834710743801653,0.2727272727272727,1.3749999999999998,33.38149502080586,5.13519613308575
hgb_120m_c3_d0_bank_treasury_oxr,2025-01-01,bank_delayed,cadence90_cd3,242,242,48,51,0.8627450980392157,0.9411764705882353,7,0.149545263498622,0.19834710743801653,0.2708333333333333,1.3654513888888888,43.7753502434054,15.529051355685288
hgb_120m_c3_d0_bank_treasury_oxr,2025-01-01,bank_delayed,legacy,242,242,46,51,0.8235294117647058,0.9019607843137255,9,0.149545263498622,0.19834710743801653,0.32608695652173914,1.6440217391304348,49.885949697362264,21.63965080964216
hgb_120m_c3_d0_bank_treasury_oxr,2025-01-01,both_delayed,cadence85_cd2,242,242,65,51,0.9411764705882353,1.2745098039215685,3,0.14914336375916754,0.19834710743801653,0.27692307692307694,1.3961538461538463,32.898735577360384,4.652436689640278
hgb_120m_c3_d0_bank_treasury_oxr,2025-01-01,both_delayed,cadence90_cd2,242,242,65,51,0.9411764705882353,1.2745098039215685,3,0.14914336375916754,0.19834710743801653,0.27692307692307694,1.3961538461538463,32.898735577360384,4.652436689640278
hgb_120m_c3_d0_bank_treasury_oxr,2025-01-01,both_delayed,cadence90_cd3,242,242,48,51,0.8627450980392157,0.9411764705882353,7,0.14914336375916754,0.19834710743801653,0.2708333333333333,1.3654513888888888,43.7753502434054,15.529051355685288
hgb_120m_c3_d0_bank_treasury_oxr,2025-01-01,both_delayed,legacy,242,242,47,51,0.8627450980392157,0.9215686274509803,7,0.14914336375916754,0.19834710743801653,0.2978723404255319,1.50177304964539,52.05600920985735,23.809710322137242
hgb_120m_c3_d0_bank_treasury_oxr,2025-01-01,normal,cadence85_cd2,242,242,65,51,0.9607843137254902,1.2745098039215685,2,0.14212269625452228,0.19834710743801653,0.3384615384615385,1.7064102564102566,49.605580185887646,21.359281298167538
hgb_120m_c3_d0_bank_treasury_oxr,2025-01-01,normal,cadence90_cd2,242,242,65,51,0.9607843137254902,1.2745098039215685,2,0.14212269625452228,0.19834710743801653,0.3384615384615385,1.7064102564102566,49.605580185887646,21.359281298167538
hgb_120m_c3_d0_bank_treasury_oxr,2025-01-01,normal,cadence90_cd3,242,242,47,51,0.8823529411764706,0.9215686274509803,6,0.14212269625452228,0.19834710743801653,0.3191489361702128,1.6090425531914894,53.74788180767078,25.50158291995067
hgb_120m_c3_d0_bank_treasury_oxr,2025-01-01,normal,legacy,242,242,45,51,0.8235294117647058,0.8823529411764706,9,0.14212269625452228,0.19834710743801653,0.37777777777777777,1.9046296296296295,60.84375176835827,32.59745288063816
hgb_120m_c3_d0_bank_treasury_oxr,2025-01-01,oxr_delayed,cadence85_cd2,242,242,66,51,0.9803921568627451,1.2941176470588236,1,0.14180243517141775,0.19834710743801653,0.3333333333333333,1.6805555555555554,49.91567582433713,21.669376936617024
hgb_120m_c3_d0_bank_treasury_oxr,2025-01-01,oxr_delayed,cadence90_cd2,242,242,66,51,0.9803921568627451,1.2941176470588236,1,0.14180243517141775,0.19834710743801653,0.3333333333333333,1.6805555555555554,49.91567582433713,21.669376936617024
hgb_120m_c3_d0_bank_treasury_oxr,2025-01-01,oxr_delayed,cadence90_cd3,242,242,48,51,0.9019607843137255,0.9411764705882353,5,0.14180243517141775,0.19834710743801653,0.3125,1.5755208333333333,55.54626595624935,27.29996706852924
hgb_120m_c3_d0_bank_treasury_oxr,2025-01-01,oxr_delayed,legacy,242,242,47,51,0.8627450980392157,0.9215686274509803,7,0.14180243517141775,0.19834710743801653,0.2978723404255319,1.50177304964539,52.0555538007372,23.80925491301709
hgb_120m_c3_d0_bank_treasury_oxr,2026-01-01,bank_delayed,cadence85_cd2,156,156,43,33,0.8484848484848485,1.303030303030303,5,0.24841307044484168,0.36538461538461536,0.3953488372093023,1.0820073439412485,35.44753210319786,72.61210839491697
hgb_120m_c3_d0_bank_treasury_oxr,2026-01-01,bank_delayed,cadence90_cd2,156,156,43,33,0.8484848484848485,1.303030303030303,5,0.24841307044484168,0.36538461538461536,0.3953488372093023,1.0820073439412485,35.44753210319786,72.61210839491697
hgb_120m_c3_d0_bank_treasury_oxr,2026-01-01,bank_delayed,cadence90_cd3,156,156,37,33,0.9696969696969697,1.121212121212121,1,0.24841307044484168,0.36538461538461536,0.43243243243243246,1.1834992887624467,21.833726614920145,58.99830290663926
hgb_120m_c3_d0_bank_treasury_oxr,2026-01-01,bank_delayed,legacy,156,156,36,33,0.9393939393939394,1.0909090909090908,2,0.24841307044484168,0.36538461538461536,0.4166666666666667,1.1403508771929827,15.70043247974428,52.865008771463394
hgb_120m_c3_d0_bank_treasury_oxr,2026-01-01,both_delayed,cadence85_cd2,156,156,43,33,0.8787878787878788,1.303030303030303,4,0.24471837465340884,0.36538461538461536,0.4418604651162791,1.2093023255813955,43.995402205831994,81.15997849755111
hgb_120m_c3_d0_bank_treasury_oxr,2026-01-01,both_delayed,cadence90_cd2,156,156,43,33,0.8787878787878788,1.303030303030303,4,0.24471837465340884,0.36538461538461536,0.4418604651162791,1.2093023255813955,43.995402205831994,81.15997849755111
hgb_120m_c3_d0_bank_treasury_oxr,2026-01-01,both_delayed,cadence90_cd3,156,156,37,33,0.9696969696969697,1.121212121212121,1,0.24471837465340884,0.36538461538461536,0.40540540540540543,1.109530583214794,16.31678826222651,53.481364553945625
hgb_120m_c3_d0_bank_treasury_oxr,2026-01-01,both_delayed,legacy,156,156,36,33,0.9393939393939394,1.0909090909090908,2,0.24471837465340884,0.36538461538461536,0.4166666666666667,1.1403508771929827,12.312937085524354,49.47751337724347
hgb_120m_c3_d0_bank_treasury_oxr,2026-01-01,normal,cadence85_cd2,156,156,43,33,0.9393939393939394,1.303030303030303,2,0.2399100989523317,0.36538461538461536,0.4418604651162791,1.2093023255813955,29.851177102111038,67.01575339383015
hgb_120m_c3_d0_bank_treasury_oxr,2026-01-01,normal,cadence90_cd2,156,156,43,33,0.9393939393939394,1.303030303030303,2,0.2399100989523317,0.36538461538461536,0.4418604651162791,1.2093023255813955,29.851177102111038,67.01575339383015
hgb_120m_c3_d0_bank_treasury_oxr,2026-01-01,normal,cadence90_cd3,156,156,36,33,0.9696969696969697,1.0909090909090908,1,0.2399100989523317,0.36538461538461536,0.3888888888888889,1.064327485380117,17.30297691357155,54.46755320529066
hgb_120m_c3_d0_bank_treasury_oxr,2026-01-01,normal,legacy,156,156,35,33,0.9696969696969697,1.0606060606060606,1,0.2399100989523317,0.36538461538461536,0.45714285714285713,1.2511278195488722,32.88588921368478,70.05046550540389
hgb_120m_c3_d0_bank_treasury_oxr,2026-01-01,oxr_delayed,cadence85_cd2,156,156,43,33,0.9393939393939394,1.303030303030303,2,0.23762381263723198,0.36538461538461536,0.5116279069767442,1.4002447980416157,43.6325571570859,80.79713344880501
hgb_120m_c3_d0_bank_treasury_oxr,2026-01-01,oxr_delayed,cadence90_cd2,156,156,43,33,0.9393939393939394,1.303030303030303,2,0.23762381263723198,0.36538461538461536,0.5116279069767442,1.4002447980416157,43.6325571570859,80.79713344880501
hgb_120m_c3_d0_bank_treasury_oxr,2026-01-01,oxr_delayed,cadence90_cd3,156,156,36,33,0.9696969696969697,1.0909090909090908,1,0.23762381263723198,0.36538461538461536,0.3888888888888889,1.064327485380117,17.30297691357155,54.46755320529066
hgb_120m_c3_d0_bank_treasury_oxr,2026-01-01,oxr_delayed,legacy,156,156,35,33,0.9696969696969697,1.0606060606060606,1,0.23762381263723198,0.36538461538461536,0.45714285714285713,1.2511278195488722,32.88588921368478,70.05046550540389
hgb_120m_c3_d0_bank_treasury_pooled,2025-01-01,bank_delayed,cadence85_cd2,242,242,61,51,0.9215686274509803,1.196078431372549,4,0.14871588576724531,0.19834710743801653,0.32786885245901637,1.653005464480874,38.12596480540225,9.879665917682143
hgb_120m_c3_d0_bank_treasury_pooled,2025-01-01,bank_delayed,cadence90_cd2,242,242,61,51,0.9215686274509803,1.196078431372549,4,0.14871588576724531,0.19834710743801653,0.32786885245901637,1.653005464480874,38.12596480540225,9.879665917682143
hgb_120m_c3_d0_bank_treasury_pooled,2025-01-01,bank_delayed,cadence90_cd3,242,242,47,51,0.8431372549019608,0.9215686274509803,8,0.14871588576724531,0.19834710743801653,0.2978723404255319,1.50177304964539,45.54224302667174,17.295944138951636
hgb_120m_c3_d0_bank_treasury_pooled,2025-01-01,bank_delayed,legacy,242,242,47,51,0.8431372549019608,0.9215686274509803,8,0.14871588576724531,0.19834710743801653,0.2978723404255319,1.50177304964539,45.839850649060345,17.593551761340237
hgb_120m_c3_d0_bank_treasury_pooled,2025-01-01,normal,cadence85_cd2,242,242,59,51,0.9215686274509803,1.1568627450980393,4,0.1449302701009372,0.19834710743801653,0.3559322033898305,1.7944915254237288,46.8478246719998,18.601525784279694
hgb_120m_c3_d0_bank_treasury_pooled,2025-01-01,normal,cadence90_cd2,242,242,59,51,0.9215686274509803,1.1568627450980393,4,0.1449302701009372,0.19834710743801653,0.3559322033898305,1.7944915254237288,46.8478246719998,18.601525784279694
hgb_120m_c3_d0_bank_treasury_pooled,2025-01-01,normal,cadence90_cd3,242,242,46,51,0.8627450980392157,0.9019607843137255,7,0.1449302701009372,0.19834710743801653,0.34782608695652173,1.753623188405797,51.16293295892495,22.91663407120484
hgb_120m_c3_d0_bank_treasury_pooled,2025-01-01,normal,legacy,242,242,44,51,0.8235294117647058,0.8627450980392157,9,0.1449302701009372,0.19834710743801653,0.4090909090909091,2.0625,62.61907926315316,34.37278037543305
hgb_120m_c3_d0_bank_treasury_pooled,2026-01-01,bank_delayed,cadence85_cd2,156,156,44,33,0.9090909090909091,1.3333333333333333,3,0.245225345402731,0.36538461538461536,0.36363636363636365,0.9952153110047848,13.436265765125263,50.60084205684438
hgb_120m_c3_d0_bank_treasury_pooled,2026-01-01,bank_delayed,cadence90_cd2,156,156,44,33,0.9090909090909091,1.3333333333333333,3,0.245225345402731,0.36538461538461536,0.36363636363636365,0.9952153110047848,13.436265765125263,50.60084205684438
hgb_120m_c3_d0_bank_treasury_pooled,2026-01-01,bank_delayed,cadence90_cd3,156,156,36,33,0.9393939393939394,1.0909090909090908,2,0.245225345402731,0.36538461538461536,0.3888888888888889,1.064327485380117,18.0378437558769,55.202420047596014
hgb_120m_c3_d0_bank_treasury_pooled,2026-01-01,bank_delayed,legacy,156,156,36,33,0.9393939393939394,1.0909090909090908,2,0.245225345402731,0.36538461538461536,0.4166666666666667,1.1403508771929827,20.096752093058775,57.26132838477789
hgb_120m_c3_d0_bank_treasury_pooled,2026-01-01,normal,cadence85_cd2,156,156,44,33,0.9393939393939394,1.3333333333333333,2,0.24053268657371665,0.36538461538461536,0.4090909090909091,1.1196172248803828,24.113240324734193,61.27781661645331
hgb_120m_c3_d0_bank_treasury_pooled,2026-01-01,normal,cadence90_cd2,156,156,44,33,0.9393939393939394,1.3333333333333333,2,0.24053268657371665,0.36538461538461536,0.4090909090909091,1.1196172248803828,24.113240324734193,61.27781661645331
hgb_120m_c3_d0_bank_treasury_pooled,2026-01-01,normal,cadence90_cd3,156,156,36,33,0.9393939393939394,1.0909090909090908,2,0.24053268657371665,0.36538461538461536,0.3888888888888889,1.064327485380117,16.484370821958585,53.6489471136777
hgb_120m_c3_d0_bank_treasury_pooled,2026-01-01,normal,legacy,156,156,36,33,0.9393939393939394,1.0909090909090908,2,0.24053268657371665,0.36538461538461536,0.4166666666666667,1.1403508771929827,20.096752093058775,57.26132838477789
hgb_120m_c3_d0_bank_treasury_stump,2025-01-01,bank_delayed,cadence85_cd2,242,242,75,51,1.0,1.4705882352941178,0,0.14503227428805188,0.19834710743801653,0.28,1.4116666666666668,19.74153684855549,-8.50476203916462
hgb_120m_c3_d0_bank_treasury_stump,2025-01-01,bank_delayed,cadence90_cd2,242,242,75,51,1.0,1.4705882352941178,0,0.14503227428805188,0.19834710743801653,0.28,1.4116666666666668,19.74153684855549,-8.50476203916462
hgb_120m_c3_d0_bank_treasury_stump,2025-01-01,bank_delayed,cadence90_cd3,242,242,58,51,0.9803921568627451,1.1372549019607843,1,0.14503227428805188,0.19834710743801653,0.20689655172413793,1.043103448275862,15.606246266660008,-12.6400526210601
hgb_120m_c3_d0_bank_treasury_stump,2025-01-01,bank_delayed,legacy,242,242,46,51,0.803921568627451,0.9019607843137255,10,0.14503227428805188,0.19834710743801653,0.3695652173913043,1.8632246376811592,52.7902609308112,24.543962043091092
hgb_120m_c3_d0_bank_treasury_stump,2025-01-01,normal,cadence85_cd2,242,242,75,51,1.0,1.4705882352941178,0,0.13888357164120813,0.19834710743801653,0.25333333333333335,1.2772222222222223,24.778195700129714,-3.468103187590394
hgb_120m_c3_d0_bank_treasury_stump,2025-01-01,normal,cadence90_cd2,242,242,75,51,1.0,1.4705882352941178,0,0.13888357164120813,0.19834710743801653,0.25333333333333335,1.2772222222222223,24.778195700129714,-3.468103187590394
hgb_120m_c3_d0_bank_treasury_stump,2025-01-01,normal,cadence90_cd3,242,242,57,51,0.9607843137254902,1.1176470588235294,2,0.13888357164120813,0.19834710743801653,0.22807017543859648,1.1498538011695905,29.844221173470615,1.597922285750505
hgb_120m_c3_d0_bank_treasury_stump,2025-01-01,normal,legacy,242,242,46,51,0.8235294117647058,0.9019607843137255,9,0.13888357164120813,0.19834710743801653,0.3695652173913043,1.8632246376811592,55.71076281827338,27.46446393055327
hgb_120m_c3_d0_bank_treasury_stump,2026-01-01,bank_delayed,cadence85_cd2,156,156,43,33,0.8484848484848485,1.303030303030303,5,0.23685753992516792,0.36538461538461536,0.37209302325581395,1.018359853121175,30.214022150857133,67.37859844257625
hgb_120m_c3_d0_bank_treasury_stump,2026-01-01,bank_delayed,cadence90_cd2,156,156,43,33,0.8484848484848485,1.303030303030303,5,0.23685753992516792,0.36538461538461536,0.37209302325581395,1.018359853121175,30.214022150857133,67.37859844257625
hgb_120m_c3_d0_bank_treasury_stump,2026-01-01,bank_delayed,cadence90_cd3,156,156,34,33,0.9090909090909091,1.0303030303030303,3,0.23685753992516792,0.36538461538461536,0.4117647058823529,1.1269349845201238,32.87319245651288,70.037768748232
hgb_120m_c3_d0_bank_treasury_stump,2026-01-01,bank_delayed,legacy,156,156,37,33,0.9696969696969697,1.121212121212121,1,0.23685753992516792,0.36538461538461536,0.4864864864864865,1.3314366998577527,29.809528590602312,66.97410488232143
hgb_120m_c3_d0_bank_treasury_stump,2026-01-01,normal,cadence85_cd2,156,156,43,33,0.9393939393939394,1.303030303030303,2,0.22851058841112,0.36538461538461536,0.4418604651162791,1.2093023255813955,32.441888434828925,69.60646472654804
hgb_120m_c3_d0_bank_treasury_stump,2026-01-01,normal,cadence90_cd2,156,156,43,33,0.9393939393939394,1.303030303030303,2,0.22851058841112,0.36538461538461536,0.4418604651162791,1.2093023255813955,32.441888434828925,69.60646472654804
hgb_120m_c3_d0_bank_treasury_stump,2026-01-01,normal,cadence90_cd3,156,156,34,33,0.9090909090909091,1.0303030303030303,3,0.22851058841112,0.36538461538461536,0.4411764705882353,1.2074303405572755,46.99001931886288,84.15459561058199
hgb_120m_c3_d0_bank_treasury_stump,2026-01-01,normal,legacy,156,156,36,33,0.9696969696969697,1.0909090909090908,1,0.22851058841112,0.36538461538461536,0.4722222222222222,1.2923976608187135,18.674365873053098,55.83894216477221
hgb_120m_c3_d0_compact,2025-01-01,bank_delayed,cadence85_cd2,242,242,58,51,0.8823529411764706,1.1372549019607843,6,0.1440323272380325,0.19834710743801653,0.3103448275862069,1.5646551724137931,45.77367740616654,17.527378518446433
hgb_120m_c3_d0_compact,2025-01-01,bank_delayed,cadence90_cd2,242,242,58,51,0.8823529411764706,1.1372549019607843,6,0.1440323272380325,0.19834710743801653,0.3103448275862069,1.5646551724137931,45.77367740616654,17.527378518446433
hgb_120m_c3_d0_compact,2025-01-01,bank_delayed,cadence90_cd3,242,242,57,51,0.9411764705882353,1.1176470588235294,3,0.1440323272380325,0.19834710743801653,0.14035087719298245,0.7076023391812865,6.492000523636019,-21.75429836408409
hgb_120m_c3_d0_compact,2025-01-01,bank_delayed,legacy,242,242,49,51,0.8627450980392157,0.9607843137254902,7,0.1440323272380325,0.19834710743801653,0.32653061224489793,1.6462585034013604,45.063075766293984,16.816776878573876
hgb_120m_c3_d0_compact,2025-01-01,normal,cadence85_cd2,242,242,59,51,0.9019607843137255,1.1568627450980393,5,0.1445570869166935,0.19834710743801653,0.3050847457627119,1.538135593220339,43.35454854397288,15.108249656252775
hgb_120m_c3_d0_compact,2025-01-01,normal,cadence90_cd2,242,242,59,51,0.9019607843137255,1.1568627450980393,5,0.1445570869166935,0.19834710743801653,0.3050847457627119,1.538135593220339,43.35454854397288,15.108249656252775
hgb_120m_c3_d0_compact,2025-01-01,normal,cadence90_cd3,242,242,57,51,0.9411764705882353,1.1176470588235294,3,0.1445570869166935,0.19834710743801653,0.14035087719298245,0.7076023391812865,6.492000523636019,-21.75429836408409
hgb_120m_c3_d0_compact,2025-01-01,normal,legacy,242,242,50,51,0.8823529411764706,0.9803921568627451,6,0.1445570869166935,0.19834710743801653,0.32,1.6133333333333333,40.34368115397334,12.097382266253234
hgb_120m_c3_d0_compact,2026-01-01,bank_delayed,cadence85_cd2,156,156,46,33,0.9393939393939394,1.393939393939394,2,0.23188207696127713,0.36538461538461536,0.3695652173913043,1.011441647597254,10.971525860529752,48.13610215224887
hgb_120m_c3_d0_compact,2026-01-01,bank_delayed,cadence90_cd2,156,156,46,33,0.9393939393939394,1.393939393939394,2,0.23188207696127713,0.36538461538461536,0.3695652173913043,1.011441647597254,10.971525860529752,48.13610215224887
hgb_120m_c3_d0_compact,2026-01-01,bank_delayed,cadence90_cd3,156,156,36,33,0.9393939393939394,1.0909090909090908,2,0.23188207696127713,0.36538461538461536,0.4166666666666667,1.1403508771929827,31.31959287245394,68.48416916417305
hgb_120m_c3_d0_compact,2026-01-01,bank_delayed,legacy,156,156,37,33,0.9696969696969697,1.121212121212121,1,0.23188207696127713,0.36538461538461536,0.3783783783783784,1.035561877667141,18.150691253830125,55.31526754554924
hgb_120m_c3_d0_compact,2026-01-01,normal,cadence85_cd2,156,156,45,33,0.9393939393939394,1.3636363636363635,2,0.2260980820491981,0.36538461538461536,0.4444444444444444,1.2163742690058479,36.047057975904735,73.21163426762385
hgb_120m_c3_d0_compact,2026-01-01,normal,cadence90_cd2,156,156,45,33,0.9393939393939394,1.3636363636363635,2,0.2260980820491981,0.36538461538461536,0.4444444444444444,1.2163742690058479,36.047057975904735,73.21163426762385
hgb_120m_c3_d0_compact,2026-01-01,normal,cadence90_cd3,156,156,34,33,0.9090909090909091,1.0303030303030303,3,0.2260980820491981,0.36538461538461536,0.4117647058823529,1.1269349845201238,47.521143864244166,84.68572015596328
hgb_120m_c3_d0_compact,2026-01-01,normal,legacy,156,156,37,33,0.9696969696969697,1.121212121212121,1,0.2260980820491981,0.36538461538461536,0.3783783783783784,1.035561877667141,18.150691253830125,55.31526754554924
hgb_120m_c3_d12_bank_treasury,2025-01-01,bank_delayed,cadence85_cd2,242,242,61,51,0.9215686274509803,1.196078431372549,4,0.15432629274628387,0.19834710743801653,0.29508196721311475,1.4877049180327868,38.00101037482797,9.754711487107858
hgb_120m_c3_d12_bank_treasury,2025-01-01,bank_delayed,cadence90_cd2,242,242,61,51,0.9215686274509803,1.196078431372549,4,0.15432629274628387,0.19834710743801653,0.29508196721311475,1.4877049180327868,38.00101037482797,9.754711487107858
hgb_120m_c3_d12_bank_treasury,2025-01-01,bank_delayed,cadence90_cd3,242,242,46,51,0.803921568627451,0.9019607843137255,10,0.15432629274628387,0.19834710743801653,0.34782608695652173,1.753623188405797,48.33727920371791,20.0909803159978
hgb_120m_c3_d12_bank_treasury,2025-01-01,bank_delayed,legacy,242,242,46,51,0.803921568627451,0.9019607843137255,10,0.15432629274628387,0.19834710743801653,0.34782608695652173,1.753623188405797,48.33727920371791,20.0909803159978
hgb_120m_c3_d12_bank_treasury,2025-01-01,normal,cadence85_cd2,242,242,61,51,0.9019607843137255,1.196078431372549,5,0.13927098589449904,0.19834710743801653,0.3442622950819672,1.735655737704918,47.449691590928715,19.203392703208607
hgb_120m_c3_d12_bank_treasury,2025-01-01,normal,cadence90_cd2,242,242,61,51,0.9019607843137255,1.196078431372549,5,0.13927098589449904,0.19834710743801653,0.3442622950819672,1.735655737704918,47.449691590928715,19.203392703208607
hgb_120m_c3_d12_bank_treasury,2025-01-01,normal,cadence90_cd3,242,242,47,51,0.803921568627451,0.9215686274509803,10,0.13927098589449904,0.19834710743801653,0.3191489361702128,1.6090425531914894,55.257005784707935,27.010706896987827
hgb_120m_c3_d12_bank_treasury,2025-01-01,normal,legacy,242,242,47,51,0.803921568627451,0.9215686274509803,10,0.13927098589449904,0.19834710743801653,0.3191489361702128,1.6090425531914894,55.257005784707935,27.010706896987827
hgb_120m_c3_d12_bank_treasury,2026-01-01,bank_delayed,cadence85_cd2,156,156,38,33,0.8181818181818182,1.1515151515151516,6,0.25799703468248875,0.36538461538461536,0.47368421052631576,1.296398891966759,60.102412371153605,97.26698866287272
hgb_120m_c3_d12_bank_treasury,2026-01-01,bank_delayed,cadence90_cd2,156,156,38,33,0.8181818181818182,1.1515151515151516,6,0.25799703468248875,0.36538461538461536,0.47368421052631576,1.296398891966759,60.102412371153605,97.26698866287272
hgb_120m_c3_d12_bank_treasury,2026-01-01,bank_delayed,cadence90_cd3,156,156,38,33,0.9696969696969697,1.1515151515151516,1,0.25799703468248875,0.36538461538461536,0.3684210526315789,1.0083102493074791,0.10141666390624948,37.265992955625364
hgb_120m_c3_d12_bank_treasury,2026-01-01,bank_delayed,legacy,156,156,38,33,0.9696969696969697,1.1515151515151516,1,0.25799703468248875,0.36538461538461536,0.34210526315789475,0.9362880886426593,7.097764290785214,44.26234058250433
hgb_120m_c3_d12_bank_treasury,2026-01-01,normal,cadence85_cd2,156,156,38,33,0.9090909090909091,1.1515151515151516,3,0.24424391998382328,0.36538461538461536,0.47368421052631576,1.296398891966759,69.68910029301698,106.85367658473609
hgb_120m_c3_d12_bank_treasury,2026-01-01,normal,cadence90_cd2,156,156,38,33,0.9090909090909091,1.1515151515151516,3,0.24424391998382328,0.36538461538461536,0.47368421052631576,1.296398891966759,69.68910029301698,106.85367658473609
hgb_120m_c3_d12_bank_treasury,2026-01-01,normal,cadence90_cd3,156,156,39,33,0.9696969696969697,1.1818181818181819,1,0.24424391998382328,0.36538461538461536,0.358974358974359,0.9824561403508772,11.589114606816828,48.75369089853594
hgb_120m_c3_d12_bank_treasury,2026-01-01,normal,legacy,156,156,37,33,0.9696969696969697,1.121212121212121,1,0.24424391998382328,0.36538461538461536,0.4864864864864865,1.3314366998577527,37.0074434407576,74.17201973247671
hgb_120m_c3_d1_bank_treasury,2025-01-01,bank_delayed,cadence85_cd2,242,242,78,51,1.0,1.5294117647058822,0,0.16524403910792076,0.19834710743801653,0.1794871794871795,0.9049145299145299,8.85688601521883,-19.38941287250128
hgb_120m_c3_d1_bank_treasury,2025-01-01,bank_delayed,cadence90_cd2,242,242,78,51,1.0,1.5294117647058822,0,0.16524403910792076,0.19834710743801653,0.1794871794871795,0.9049145299145299,8.85688601521883,-19.38941287250128
hgb_120m_c3_d1_bank_treasury,2025-01-01,bank_delayed,cadence90_cd3,242,242,59,51,0.9607843137254902,1.1568627450980393,2,0.16524403910792076,0.19834710743801653,0.2542372881355932,1.281779661016949,15.801513952286637,-12.444784935433471
hgb_120m_c3_d1_bank_treasury,2025-01-01,bank_delayed,legacy,242,242,57,51,0.9215686274509803,1.1176470588235294,4,0.16524403910792076,0.19834710743801653,0.2631578947368421,1.3267543859649122,18.989537173103116,-9.256761714616994
hgb_120m_c3_d1_bank_treasury,2025-01-01,normal,cadence85_cd2,242,242,78,51,1.0,1.5294117647058822,0,0.15614626706176907,0.19834710743801653,0.23076923076923078,1.1634615384615385,10.558169856749434,-17.688129030970675
hgb_120m_c3_d1_bank_treasury,2025-01-01,normal,cadence90_cd2,242,242,78,51,1.0,1.5294117647058822,0,0.15614626706176907,0.19834710743801653,0.23076923076923078,1.1634615384615385,10.558169856749434,-17.688129030970675
hgb_120m_c3_d1_bank_treasury,2025-01-01,normal,cadence90_cd3,242,242,58,51,0.9607843137254902,1.1372549019607843,2,0.15614626706176907,0.19834710743801653,0.27586206896551724,1.3908045977011494,15.31737073651376,-12.928928151206348
hgb_120m_c3_d1_bank_treasury,2025-01-01,normal,legacy,242,242,57,51,0.9411764705882353,1.1176470588235294,3,0.15614626706176907,0.19834710743801653,0.2631578947368421,1.3267543859649122,16.920432245340237,-11.325866642379872
hgb_120m_c3_d1_bank_treasury,2026-01-01,bank_delayed,cadence85_cd2,156,156,30,33,0.6666666666666666,0.9090909090909091,11,0.267850829575583,0.36538461538461536,0.3,0.8210526315789474,-14.170545434715944,22.99403085700317
hgb_120m_c3_d1_bank_treasury,2026-01-01,bank_delayed,cadence90_cd2,156,156,30,33,0.6666666666666666,0.9090909090909091,11,0.267850829575583,0.36538461538461536,0.3,0.8210526315789474,-14.170545434715944,22.99403085700317
hgb_120m_c3_d1_bank_treasury,2026-01-01,bank_delayed,cadence90_cd3,156,156,33,33,0.9090909090909091,1.0,3,0.267850829575583,0.36538461538461536,0.36363636363636365,0.9952153110047848,10.013278908394476,47.17785520011359
hgb_120m_c3_d1_bank_treasury,2026-01-01,bank_delayed,legacy,156,156,33,33,0.9090909090909091,1.0,3,0.267850829575583,0.36538461538461536,0.36363636363636365,0.9952153110047848,10.013278908394476,47.17785520011359
hgb_120m_c3_d1_bank_treasury,2026-01-01,normal,cadence85_cd2,156,156,33,33,0.7575757575757576,1.0,8,0.2514366854927664,0.36538461538461536,0.3939393939393939,1.0781499202551834,11.512969539575117,48.67754583129423
hgb_120m_c3_d1_bank_treasury,2026-01-01,normal,cadence90_cd2,156,156,33,33,0.7575757575757576,1.0,8,0.2514366854927664,0.36538461538461536,0.3939393939393939,1.0781499202551834,11.512969539575117,48.67754583129423
hgb_120m_c3_d1_bank_treasury,2026-01-01,normal,cadence90_cd3,156,156,36,33,0.9393939393939394,1.0909090909090908,2,0.2514366854927664,0.36538461538461536,0.4166666666666667,1.1403508771929827,4.275617006396814,41.44019329811593
hgb_120m_c3_d1_bank_treasury,2026-01-01,normal,legacy,156,156,36,33,0.9393939393939394,1.0909090909090908,2,0.2514366854927664,0.36538461538461536,0.4166666666666667,1.1403508771929827,4.275617006396814,41.44019329811593
hgb_120m_c3_d3_bank_treasury,2025-01-01,bank_delayed,cadence85_cd2,242,242,71,51,0.9803921568627451,1.392156862745098,1,0.15801171730467817,0.19834710743801653,0.2535211267605634,1.278169014084507,33.71104024247008,5.464741354749972
hgb_120m_c3_d3_bank_treasury,2025-01-01,bank_delayed,cadence90_cd2,242,242,71,51,0.9803921568627451,1.392156862745098,1,0.15801171730467817,0.19834710743801653,0.2535211267605634,1.278169014084507,33.71104024247008,5.464741354749972
hgb_120m_c3_d3_bank_treasury,2025-01-01,bank_delayed,cadence90_cd3,242,242,49,51,0.8627450980392157,0.9607843137254902,7,0.15801171730467817,0.19834710743801653,0.24489795918367346,1.2346938775510203,38.94422160946249,10.697922721742382
hgb_120m_c3_d3_bank_treasury,2025-01-01,bank_delayed,legacy,242,242,49,51,0.8627450980392157,0.9607843137254902,7,0.15801171730467817,0.19834710743801653,0.24489795918367346,1.2346938775510203,38.94422160946249,10.697922721742382
hgb_120m_c3_d3_bank_treasury,2025-01-01,normal,cadence85_cd2,242,242,69,51,0.9803921568627451,1.3529411764705883,1,0.14291540628491564,0.19834710743801653,0.3188405797101449,1.6074879227053138,40.85726920004582,12.610970312325708
hgb_120m_c3_d3_bank_treasury,2025-01-01,normal,cadence90_cd2,242,242,69,51,0.9803921568627451,1.3529411764705883,1,0.14291540628491564,0.19834710743801653,0.3188405797101449,1.6074879227053138,40.85726920004582,12.610970312325708
hgb_120m_c3_d3_bank_treasury,2025-01-01,normal,cadence90_cd3,242,242,48,51,0.8431372549019608,0.9411764705882353,8,0.14291540628491564,0.19834710743801653,0.3125,1.5755208333333333,54.85300471659013,26.60670582887002
hgb_120m_c3_d3_bank_treasury,2025-01-01,normal,legacy,242,242,48,51,0.8431372549019608,0.9411764705882353,8,0.14291540628491564,0.19834710743801653,0.3125,1.5755208333333333,54.85300471659013,26.60670582887002
hgb_120m_c3_d3_bank_treasury,2026-01-01,bank_delayed,cadence85_cd2,156,156,37,33,0.8484848484848485,1.121212121212121,5,0.27925680121856,0.36538461538461536,0.5135135135135135,1.4054054054054055,32.63547170135945,69.80004799307856
hgb_120m_c3_d3_bank_treasury,2026-01-01,bank_delayed,cadence90_cd2,156,156,37,33,0.8484848484848485,1.121212121212121,5,0.27925680121856,0.36538461538461536,0.5135135135135135,1.4054054054054055,32.63547170135945,69.80004799307856
hgb_120m_c3_d3_bank_treasury,2026-01-01,bank_delayed,cadence90_cd3,156,156,39,33,0.9696969696969697,1.1818181818181819,1,0.27925680121856,0.36538461538461536,0.41025641025641024,1.1228070175438596,20.37889267226317,57.543468963982285
hgb_120m_c3_d3_bank_treasury,2026-01-01,bank_delayed,legacy,156,156,28,33,0.7575757575757576,0.8484848484848485,8,0.27925680121856,0.36538461538461536,0.42857142857142855,1.1729323308270676,18.908738159185184,56.0733144509043
hgb_120m_c3_d3_bank_treasury,2026-01-01,normal,cadence85_cd2,156,156,38,33,0.8787878787878788,1.1515151515151516,4,0.2653263124939143,0.36538461538461536,0.3684210526315789,1.0083102493074791,-2.6376105373577587,34.526965754361356
hgb_120m_c3_d3_bank_treasury,2026-01-01,normal,cadence90_cd2,156,156,38,33,0.8787878787878788,1.1515151515151516,4,0.2653263124939143,0.36538461538461536,0.3684210526315789,1.0083102493074791,-2.6376105373577587,34.526965754361356
hgb_120m_c3_d3_bank_treasury,2026-01-01,normal,cadence90_cd3,156,156,39,33,0.9696969696969697,1.1818181818181819,1,0.2653263124939143,0.36538461538461536,0.4358974358974359,1.192982456140351,30.49276832293154,67.65734461465065
hgb_120m_c3_d3_bank_treasury,2026-01-01,normal,legacy,156,156,29,33,0.7878787878787878,0.8787878787878788,7,0.2653263124939143,0.36538461538461536,0.41379310344827586,1.1324863883847551,-5.93560359377447,31.228972697944645
hgb_120m_c3_d6_bank_treasury,2025-01-01,bank_delayed,cadence85_cd2,242,242,59,51,0.9215686274509803,1.1568627450980393,4,0.15204784245612013,0.19834710743801653,0.3050847457627119,1.538135593220339,40.14478898676982,11.898490099049708
hgb_120m_c3_d6_bank_treasury,2025-01-01,bank_delayed,cadence90_cd2,242,242,59,51,0.9215686274509803,1.1568627450980393,4,0.15204784245612013,0.19834710743801653,0.3050847457627119,1.538135593220339,40.14478898676982,11.898490099049708
hgb_120m_c3_d6_bank_treasury,2025-01-01,bank_delayed,cadence90_cd3,242,242,46,51,0.7843137254901961,0.9019607843137255,11,0.15204784245612013,0.19834710743801653,0.3695652173913043,1.8632246376811592,59.895359079849044,31.64906019212894
hgb_120m_c3_d6_bank_treasury,2025-01-01,bank_delayed,legacy,242,242,46,51,0.7843137254901961,0.9019607843137255,11,0.15204784245612013,0.19834710743801653,0.3695652173913043,1.8632246376811592,59.895359079849044,31.64906019212894
hgb_120m_c3_d6_bank_treasury,2025-01-01,normal,cadence85_cd2,242,242,57,51,0.8627450980392157,1.1176470588235294,7,0.14134954814431494,0.19834710743801653,0.3508771929824561,1.7690058479532162,51.25573585119691,23.0094369634768
hgb_120m_c3_d6_bank_treasury,2025-01-01,normal,cadence90_cd2,242,242,57,51,0.8627450980392157,1.1176470588235294,7,0.14134954814431494,0.19834710743801653,0.3508771929824561,1.7690058479532162,51.25573585119691,23.0094369634768
hgb_120m_c3_d6_bank_treasury,2025-01-01,normal,cadence90_cd3,242,242,42,51,0.6862745098039216,0.8235294117647058,16,0.14134954814431494,0.19834710743801653,0.40476190476190477,2.0406746031746033,71.06844584716909,42.82214695944898
hgb_120m_c3_d6_bank_treasury,2025-01-01,normal,legacy,242,242,42,51,0.6862745098039216,0.8235294117647058,16,0.14134954814431494,0.19834710743801653,0.40476190476190477,2.0406746031746033,71.06844584716909,42.82214695944898
hgb_120m_c3_d6_bank_treasury,2026-01-01,bank_delayed,cadence85_cd2,156,156,30,33,0.7878787878787878,0.9090909090909091,7,0.26371474940661926,0.36538461538461536,0.5333333333333333,1.4596491228070176,65.29981945949747,102.46439575121659
hgb_120m_c3_d6_bank_treasury,2026-01-01,bank_delayed,cadence90_cd2,156,156,30,33,0.7878787878787878,0.9090909090909091,7,0.26371474940661926,0.36538461538461536,0.5333333333333333,1.4596491228070176,65.29981945949747,102.46439575121659
hgb_120m_c3_d6_bank_treasury,2026-01-01,bank_delayed,cadence90_cd3,156,156,33,33,0.8181818181818182,1.0,6,0.26371474940661926,0.36538461538461536,0.3939393939393939,1.0781499202551834,28.69278557801067,65.85736186972979
hgb_120m_c3_d6_bank_treasury,2026-01-01,bank_delayed,legacy,156,156,33,33,0.8181818181818182,1.0,6,0.26371474940661926,0.36538461538461536,0.3939393939393939,1.0781499202551834,28.69278557801067,65.85736186972979
hgb_120m_c3_d6_bank_treasury,2026-01-01,normal,cadence85_cd2,156,156,35,33,0.8484848484848485,1.0606060606060606,5,0.2513992104825053,0.36538461538461536,0.4857142857142857,1.3293233082706768,64.21158738206992,101.37616367378904
hgb_120m_c3_d6_bank_treasury,2026-01-01,normal,cadence90_cd2,156,156,35,33,0.8484848484848485,1.0606060606060606,5,0.2513992104825053,0.36538461538461536,0.4857142857142857,1.3293233082706768,64.21158738206992,101.37616367378904
hgb_120m_c3_d6_bank_treasury,2026-01-01,normal,cadence90_cd3,156,156,32,33,0.8787878787878788,0.9696969696969697,4,0.2513992104825053,0.36538461538461536,0.4375,1.1973684210526316,34.23912064061584,71.40369693233495
hgb_120m_c3_d6_bank_treasury,2026-01-01,normal,legacy,156,156,32,33,0.8787878787878788,0.9696969696969697,4,0.2513992104825053,0.36538461538461536,0.4375,1.1973684210526316,34.23912064061584,71.40369693233495
hgb_12m_c12_d0_bank_treasury,2025-01-01,bank_delayed,cadence85_cd2,242,242,56,51,0.8627450980392157,1.0980392156862746,7,0.15191893933013392,0.19834710743801653,0.35714285714285715,1.8005952380952381,47.01698992306916,18.770691035349053
hgb_12m_c12_d0_bank_treasury,2025-01-01,bank_delayed,cadence90_cd2,242,242,69,51,0.9803921568627451,1.3529411764705883,1,0.15191893933013392,0.19834710743801653,0.2753623188405797,1.3882850241545894,32.15466248143877,3.9083635937186645
hgb_12m_c12_d0_bank_treasury,2025-01-01,bank_delayed,cadence90_cd3,242,242,58,51,0.9215686274509803,1.1372549019607843,4,0.15191893933013392,0.19834710743801653,0.3620689655172414,1.8254310344827587,28.82236896724142,0.5760700795213105
hgb_12m_c12_d0_bank_treasury,2025-01-01,bank_delayed,legacy,242,242,45,51,0.8431372549019608,0.8823529411764706,8,0.15191893933013392,0.19834710743801653,0.37777777777777777,1.9046296296296295,45.963012382404024,17.716713494683916
hgb_12m_c12_d0_bank_treasury,2025-01-01,normal,cadence85_cd2,242,242,56,51,0.8627450980392157,1.0980392156862746,7,0.14168768861228273,0.19834710743801653,0.39285714285714285,1.9806547619047619,52.677022030794944,24.430723143074832
hgb_12m_c12_d0_bank_treasury,2025-01-01,normal,cadence90_cd2,242,242,68,51,0.9803921568627451,1.3333333333333333,1,0.14168768861228273,0.19834710743801653,0.27941176470588236,1.4087009803921569,29.928979085995405,1.6826801982752957
hgb_12m_c12_d0_bank_treasury,2025-01-01,normal,cadence90_cd3,242,242,58,51,0.9215686274509803,1.1372549019607843,4,0.14168768861228273,0.19834710743801653,0.25862068965517243,1.3038793103448276,13.354164482357186,-14.892134405362922
hgb_12m_c12_d0_bank_treasury,2025-01-01,normal,legacy,242,242,47,51,0.8627450980392157,0.9215686274509803,7,0.14168768861228273,0.19834710743801653,0.3829787234042553,1.930851063829787,63.148266816499685,34.90196792877958
hgb_12m_c12_d0_bank_treasury,2026-01-01,bank_delayed,cadence85_cd2,156,156,41,33,0.9696969696969697,1.2424242424242424,1,0.2614526521258346,0.36538461538461536,0.43902439024390244,1.2015404364569962,50.32841592282203,87.49299221454115
hgb_12m_c12_d0_bank_treasury,2026-01-01,bank_delayed,cadence90_cd2,156,156,44,33,0.9696969696969697,1.3333333333333333,1,0.2614526521258346,0.36538461538461536,0.4090909090909091,1.1196172248803828,34.3808544783258,71.54543077004492
hgb_12m_c12_d0_bank_treasury,2026-01-01,bank_delayed,cadence90_cd3,156,156,39,33,1.0,1.1818181818181819,0,0.2614526521258346,0.36538461538461536,0.3333333333333333,0.9122807017543859,8.628891509378569,45.793467801097684
hgb_12m_c12_d0_bank_treasury,2026-01-01,bank_delayed,legacy,156,156,36,33,0.9696969696969697,1.0909090909090908,1,0.2614526521258346,0.36538461538461536,0.3888888888888889,1.064327485380117,17.453070338843013,54.61764663056213
hgb_12m_c12_d0_bank_treasury,2026-01-01,normal,cadence85_cd2,156,156,41,33,0.9393939393939394,1.2424242424242424,2,0.25283056358612455,0.36538461538461536,0.36585365853658536,1.0012836970474968,20.16429435319654,57.32887064491565
hgb_12m_c12_d0_bank_treasury,2026-01-01,normal,cadence90_cd2,156,156,42,33,0.9696969696969697,1.2727272727272727,1,0.25283056358612455,0.36538461538461536,0.38095238095238093,1.0426065162907268,14.40803112204783,51.572607413766946
hgb_12m_c12_d0_bank_treasury,2026-01-01,normal,cadence90_cd3,156,156,39,33,0.9696969696969697,1.1818181818181819,1,0.25283056358612455,0.36538461538461536,0.3333333333333333,0.9122807017543859,9.935210836592809,47.099787128311924
hgb_12m_c12_d0_bank_treasury,2026-01-01,normal,legacy,156,156,35,33,0.9393939393939394,1.0606060606060606,2,0.25283056358612455,0.36538461538461536,0.4857142857142857,1.3293233082706768,30.66396305536827,67.82853934708739
hgb_12m_c3_d0_bank_treasury,2025-01-01,bank_delayed,cadence85_cd2,242,242,81,51,1.0,1.588235294117647,0,0.1760192836967857,0.19834710743801653,0.2345679012345679,1.1826131687242798,11.341007270020317,-16.905291617699792
hgb_12m_c3_d0_bank_treasury,2025-01-01,bank_delayed,cadence90_cd2,242,242,81,51,1.0,1.588235294117647,0,0.1760192836967857,0.19834710743801653,0.2345679012345679,1.1826131687242798,11.341007270020317,-16.905291617699792
hgb_12m_c3_d0_bank_treasury,2025-01-01,bank_delayed,cadence90_cd3,242,242,47,51,0.8431372549019608,0.9215686274509803,8,0.1760192836967857,0.19834710743801653,0.2765957446808511,1.3945035460992907,43.75726128211225,15.510962394392143
hgb_12m_c3_d0_bank_treasury,2025-01-01,bank_delayed,legacy,242,242,48,51,0.8235294117647058,0.9411764705882353,9,0.1760192836967857,0.19834710743801653,0.2708333333333333,1.3654513888888888,42.00498209428788,13.758683206567772
hgb_12m_c3_d0_bank_treasury,2025-01-01,normal,cadence85_cd2,242,242,81,51,1.0,1.588235294117647,0,0.1616040672922442,0.19834710743801653,0.2345679012345679,1.1826131687242798,11.341007270020317,-16.905291617699792
hgb_12m_c3_d0_bank_treasury,2025-01-01,normal,cadence90_cd2,242,242,81,51,1.0,1.588235294117647,0,0.1616040672922442,0.19834710743801653,0.2345679012345679,1.1826131687242798,11.341007270020317,-16.905291617699792
hgb_12m_c3_d0_bank_treasury,2025-01-01,normal,cadence90_cd3,242,242,47,51,0.803921568627451,0.9215686274509803,10,0.1616040672922442,0.19834710743801653,0.23404255319148937,1.179964539007092,34.15671510346891,5.910416215748805
hgb_12m_c3_d0_bank_treasury,2025-01-01,normal,legacy,242,242,47,51,0.7843137254901961,0.9215686274509803,11,0.1616040672922442,0.19834710743801653,0.2765957446808511,1.3945035460992907,39.41121036366829,11.164911475948177
hgb_12m_c3_d0_bank_treasury,2026-01-01,bank_delayed,cadence85_cd2,156,156,35,33,0.8181818181818182,1.0606060606060606,6,0.28524536104160153,0.36538461538461536,0.42857142857142855,1.1729323308270676,60.1518010446257,97.31637733634481
hgb_12m_c3_d0_bank_treasury,2026-01-01,bank_delayed,cadence90_cd2,156,156,35,33,0.8181818181818182,1.0606060606060606,6,0.28524536104160153,0.36538461538461536,0.42857142857142855,1.1729323308270676,60.1518010446257,97.31637733634481
hgb_12m_c3_d0_bank_treasury,2026-01-01,bank_delayed,cadence90_cd3,156,156,32,33,0.8181818181818182,0.9696969696969697,6,0.28524536104160153,0.36538461538461536,0.46875,1.2828947368421053,37.70950044301212,74.87407673473123
hgb_12m_c3_d0_bank_treasury,2026-01-01,bank_delayed,legacy,156,156,32,33,0.8181818181818182,0.9696969696969697,6,0.28524536104160153,0.36538461538461536,0.46875,1.2828947368421053,36.53611221026598,73.7006885019851
hgb_12m_c3_d0_bank_treasury,2026-01-01,normal,cadence85_cd2,156,156,33,33,0.8181818181818182,1.0,6,0.27665018177352435,0.36538461538461536,0.5151515151515151,1.4098883572567784,65.67836499872239,102.8429412904415
hgb_12m_c3_d0_bank_treasury,2026-01-01,normal,cadence90_cd2,156,156,33,33,0.8181818181818182,1.0,6,0.27665018177352435,0.36538461538461536,0.5151515151515151,1.4098883572567784,65.67836499872239,102.8429412904415
hgb_12m_c3_d0_bank_treasury,2026-01-01,normal,cadence90_cd3,156,156,32,33,0.8787878787878788,0.9696969696969697,4,0.27665018177352435,0.36538461538461536,0.4375,1.1973684210526316,39.276551195776975,76.44112748749609
hgb_12m_c3_d0_bank_treasury,2026-01-01,normal,legacy,156,156,31,33,0.8484848484848485,0.9393939393939394,5,0.27665018177352435,0.36538461538461536,0.4838709677419355,1.3242784380305603,44.1179740458341,81.28255033755322
hgb_24m_c12_d0_bank_treasury,2025-01-01,bank_delayed,cadence85_cd2,242,242,52,51,0.7647058823529411,1.0196078431372548,12,0.15388053250738695,0.19834710743801653,0.38461538461538464,1.939102564102564,65.8490514216492,37.60275253392908
hgb_24m_c12_d0_bank_treasury,2025-01-01,bank_delayed,cadence90_cd2,242,242,65,51,0.9019607843137255,1.2745098039215685,5,0.15388053250738695,0.19834710743801653,0.3230769230769231,1.6288461538461538,40.72458588870692,12.47828700098681
hgb_24m_c12_d0_bank_treasury,2025-01-01,bank_delayed,cadence90_cd3,242,242,53,51,0.8627450980392157,1.0392156862745099,7,0.15388053250738695,0.19834710743801653,0.2830188679245283,1.4268867924528301,34.682609481029374,6.4363105933092655
hgb_24m_c12_d0_bank_treasury,2025-01-01,bank_delayed,legacy,242,242,48,51,0.8627450980392157,0.9411764705882353,7,0.15388053250738695,0.19834710743801653,0.3125,1.5755208333333333,36.61440027238102,8.368101384660909
hgb_24m_c12_d0_bank_treasury,2025-01-01,normal,cadence85_cd2,242,242,55,51,0.803921568627451,1.0784313725490196,10,0.14139581803679951,0.19834710743801653,0.41818181818181815,2.108333333333333,53.09653172143115,24.850232833711036
hgb_24m_c12_d0_bank_treasury,2025-01-01,normal,cadence90_cd2,242,242,63,51,0.9215686274509803,1.2352941176470589,4,0.14139581803679951,0.19834710743801653,0.36507936507936506,1.8406084656084654,48.15559415231503,19.909295264594927
hgb_24m_c12_d0_bank_treasury,2025-01-01,normal,cadence90_cd3,242,242,53,51,0.9019607843137255,1.0392156862745099,5,0.14139581803679951,0.19834710743801653,0.22641509433962265,1.1415094339622642,34.0246328527109,5.778333964990792
hgb_24m_c12_d0_bank_treasury,2025-01-01,normal,legacy,242,242,46,51,0.7843137254901961,0.9019607843137255,11,0.14139581803679951,0.19834710743801653,0.32608695652173914,1.6440217391304348,59.34389264683744,31.09759375911733
hgb_24m_c12_d0_bank_treasury,2026-01-01,bank_delayed,cadence85_cd2,156,156,39,33,0.8484848484848485,1.1818181818181819,5,0.22354788865346256,0.36538461538461536,0.48717948717948717,1.3333333333333335,66.5543487368828,103.71892502860192
hgb_24m_c12_d0_bank_treasury,2026-01-01,bank_delayed,cadence90_cd2,156,156,39,33,0.8484848484848485,1.1818181818181819,5,0.22354788865346256,0.36538461538461536,0.48717948717948717,1.3333333333333335,66.5543487368828,103.71892502860192
hgb_24m_c12_d0_bank_treasury,2026-01-01,bank_delayed,cadence90_cd3,156,156,33,33,0.8787878787878788,1.0,4,0.22354788865346256,0.36538461538461536,0.3939393939393939,1.0781499202551834,44.51559709102759,81.6801733827467
hgb_24m_c12_d0_bank_treasury,2026-01-01,bank_delayed,legacy,156,156,33,33,0.8787878787878788,1.0,4,0.22354788865346256,0.36538461538461536,0.3939393939393939,1.0781499202551834,44.51559709102759,81.6801733827467
hgb_24m_c12_d0_bank_treasury,2026-01-01,normal,cadence85_cd2,156,156,39,33,0.8484848484848485,1.1818181818181819,5,0.21383990071241593,0.36538461538461536,0.46153846153846156,1.2631578947368423,63.53984076016987,100.70441705188898
hgb_24m_c12_d0_bank_treasury,2026-01-01,normal,cadence90_cd2,156,156,39,33,0.8484848484848485,1.1818181818181819,5,0.21383990071241593,0.36538461538461536,0.46153846153846156,1.2631578947368423,63.53984076016987,100.70441705188898
hgb_24m_c12_d0_bank_treasury,2026-01-01,normal,cadence90_cd3,156,156,33,33,0.9090909090909091,1.0,3,0.21383990071241593,0.36538461538461536,0.45454545454545453,1.244019138755981,53.647815245763695,90.81239153748281
hgb_24m_c12_d0_bank_treasury,2026-01-01,normal,legacy,156,156,33,33,0.9090909090909091,1.0,3,0.21383990071241593,0.36538461538461536,0.45454545454545453,1.244019138755981,53.647815245763695,90.81239153748281
hgb_24m_c3_d0_bank_treasury,2025-01-01,bank_delayed,cadence85_cd2,242,242,63,51,0.9019607843137255,1.2352941176470589,5,0.15359345942074967,0.19834710743801653,0.31746031746031744,1.6005291005291005,42.72649276060443,14.480193872884321
hgb_24m_c3_d0_bank_treasury,2025-01-01,bank_delayed,cadence90_cd2,242,242,63,51,0.9019607843137255,1.2352941176470589,5,0.15359345942074967,0.19834710743801653,0.31746031746031744,1.6005291005291005,42.72649276060443,14.480193872884321
hgb_24m_c3_d0_bank_treasury,2025-01-01,bank_delayed,cadence90_cd3,242,242,47,51,0.8235294117647058,0.9215686274509803,9,0.15359345942074967,0.19834710743801653,0.3191489361702128,1.6090425531914894,49.12417572606674,20.87787683834663
hgb_24m_c3_d0_bank_treasury,2025-01-01,bank_delayed,legacy,242,242,46,51,0.7843137254901961,0.9019607843137255,11,0.15359345942074967,0.19834710743801653,0.32608695652173914,1.6440217391304348,52.34641956497484,24.100120677254726
hgb_24m_c3_d0_bank_treasury,2025-01-01,normal,cadence85_cd2,242,242,62,51,0.9215686274509803,1.2156862745098038,4,0.13660625676050303,0.19834710743801653,0.3387096774193548,1.7076612903225805,47.45109083291273,19.204791945192625
hgb_24m_c3_d0_bank_treasury,2025-01-01,normal,cadence90_cd2,242,242,62,51,0.9215686274509803,1.2156862745098038,4,0.13660625676050303,0.19834710743801653,0.3387096774193548,1.7076612903225805,47.45109083291273,19.204791945192625
hgb_24m_c3_d0_bank_treasury,2025-01-01,normal,cadence90_cd3,242,242,45,51,0.7843137254901961,0.8823529411764706,11,0.13660625676050303,0.19834710743801653,0.37777777777777777,1.9046296296296295,63.738533947557876,35.49223505983777
hgb_24m_c3_d0_bank_treasury,2025-01-01,normal,legacy,242,242,45,51,0.7843137254901961,0.8823529411764706,11,0.13660625676050303,0.19834710743801653,0.35555555555555557,1.7925925925925925,62.510876529984124,34.264577642264015
hgb_24m_c3_d0_bank_treasury,2026-01-01,bank_delayed,cadence85_cd2,156,156,40,33,0.8787878787878788,1.2121212121212122,4,0.26780607210559754,0.36538461538461536,0.45,1.231578947368421,54.55642541836765,91.72100171008677
hgb_24m_c3_d0_bank_treasury,2026-01-01,bank_delayed,cadence90_cd2,156,156,40,33,0.8787878787878788,1.2121212121212122,4,0.26780607210559754,0.36538461538461536,0.45,1.231578947368421,54.55642541836765,91.72100171008677
hgb_24m_c3_d0_bank_treasury,2026-01-01,bank_delayed,cadence90_cd3,156,156,38,33,0.9696969696969697,1.1515151515151516,1,0.26780607210559754,0.36538461538461536,0.3684210526315789,1.0083102493074791,8.587621355552287,45.7521976472714
hgb_24m_c3_d0_bank_treasury,2026-01-01,bank_delayed,legacy,156,156,38,33,0.9696969696969697,1.1515151515151516,1,0.26780607210559754,0.36538461538461536,0.3684210526315789,1.0083102493074791,8.587621355552287,45.7521976472714
hgb_24m_c3_d0_bank_treasury,2026-01-01,normal,cadence85_cd2,156,156,38,33,0.8787878787878788,1.1515151515151516,4,0.2620675454906744,0.36538461538461536,0.39473684210526316,1.0803324099722993,54.2942246404574,91.45880093217652
hgb_24m_c3_d0_bank_treasury,2026-01-01,normal,cadence90_cd2,156,156,38,33,0.8787878787878788,1.1515151515151516,4,0.2620675454906744,0.36538461538461536,0.39473684210526316,1.0803324099722993,54.2942246404574,91.45880093217652
hgb_24m_c3_d0_bank_treasury,2026-01-01,normal,cadence90_cd3,156,156,39,33,0.9696969696969697,1.1818181818181819,1,0.2620675454906744,0.36538461538461536,0.358974358974359,0.9824561403508772,11.589114606816828,48.75369089853594
hgb_24m_c3_d0_bank_treasury,2026-01-01,normal,legacy,156,156,39,33,0.9696969696969697,1.1818181818181819,1,0.2620675454906744,0.36538461538461536,0.358974358974359,0.9824561403508772,11.589114606816828,48.75369089853594
hgb_36m_c12_d0_bank_treasury,2025-01-01,bank_delayed,cadence85_cd2,242,242,58,51,0.9019607843137255,1.1372549019607843,5,0.15014957455695557,0.19834710743801653,0.3620689655172414,1.8254310344827587,44.03866983554613,15.792370947826026
hgb_36m_c12_d0_bank_treasury,2025-01-01,bank_delayed,cadence90_cd2,242,242,60,51,0.9411764705882353,1.1764705882352942,3,0.15014957455695557,0.19834710743801653,0.3333333333333333,1.6805555555555554,45.44319038846943,17.19689150074932
hgb_36m_c12_d0_bank_treasury,2025-01-01,bank_delayed,cadence90_cd3,242,242,49,51,0.9019607843137255,0.9607843137254902,5,0.15014957455695557,0.19834710743801653,0.2653061224489796,1.3375850340136055,41.928535128480064,13.682236240759954
hgb_36m_c12_d0_bank_treasury,2025-01-01,bank_delayed,legacy,242,242,49,51,0.9019607843137255,0.9607843137254902,5,0.15014957455695557,0.19834710743801653,0.2653061224489796,1.3375850340136055,41.928535128480064,13.682236240759954
hgb_36m_c12_d0_bank_treasury,2025-01-01,normal,cadence85_cd2,242,242,55,51,0.8823529411764706,1.0784313725490196,6,0.14594258660734902,0.19834710743801653,0.32727272727272727,1.65,44.94215915268522,16.69586026496511
hgb_36m_c12_d0_bank_treasury,2025-01-01,normal,cadence90_cd2,242,242,57,51,0.9215686274509803,1.1176470588235294,4,0.14594258660734902,0.19834710743801653,0.3508771929824561,1.7690058479532162,52.332054255911,24.08575536819089
hgb_36m_c12_d0_bank_treasury,2025-01-01,normal,cadence90_cd3,242,242,47,51,0.8823529411764706,0.9215686274509803,6,0.14594258660734902,0.19834710743801653,0.3617021276595745,1.823581560283688,57.466317222735235,29.220018335015126
hgb_36m_c12_d0_bank_treasury,2025-01-01,normal,legacy,242,242,48,51,0.9019607843137255,0.9411764705882353,5,0.14594258660734902,0.19834710743801653,0.3541666666666667,1.785590277777778,52.26558217345705,24.019283285736936
hgb_36m_c12_d0_bank_treasury,2026-01-01,bank_delayed,cadence85_cd2,156,156,44,33,0.8787878787878788,1.3333333333333333,4,0.22661252485184427,0.36538461538461536,0.38636363636363635,1.0574162679425838,21.47660389713456,58.641180188853674
hgb_36m_c12_d0_bank_treasury,2026-01-01,bank_delayed,cadence90_cd2,156,156,44,33,0.8787878787878788,1.3333333333333333,4,0.22661252485184427,0.36538461538461536,0.38636363636363635,1.0574162679425838,21.47660389713456,58.641180188853674
hgb_36m_c12_d0_bank_treasury,2026-01-01,bank_delayed,cadence90_cd3,156,156,35,33,0.8787878787878788,1.0606060606060606,4,0.22661252485184427,0.36538461538461536,0.37142857142857144,1.0165413533834586,19.89667273536019,57.061249027079306
hgb_36m_c12_d0_bank_treasury,2026-01-01,bank_delayed,legacy,156,156,35,33,0.8787878787878788,1.0606060606060606,4,0.22661252485184427,0.36538461538461536,0.37142857142857144,1.0165413533834586,19.89667273536019,57.061249027079306
hgb_36m_c12_d0_bank_treasury,2026-01-01,normal,cadence85_cd2,156,156,43,33,0.9090909090909091,1.303030303030303,3,0.2167247307100264,0.36538461538461536,0.4883720930232558,1.3365973072215422,34.95210047258105,72.11667676430017
hgb_36m_c12_d0_bank_treasury,2026-01-01,normal,cadence90_cd2,156,156,43,33,0.9090909090909091,1.303030303030303,3,0.2167247307100264,0.36538461538461536,0.4883720930232558,1.3365973072215422,34.95210047258105,72.11667676430017
hgb_36m_c12_d0_bank_treasury,2026-01-01,normal,cadence90_cd3,156,156,34,33,0.9090909090909091,1.0303030303030303,3,0.2167247307100264,0.36538461538461536,0.38235294117647056,1.0464396284829722,35.059485531158046,72.22406182287716
hgb_36m_c12_d0_bank_treasury,2026-01-01,normal,legacy,156,156,34,33,0.9090909090909091,1.0303030303030303,3,0.2167247307100264,0.36538461538461536,0.38235294117647056,1.0464396284829722,35.059485531158046,72.22406182287716
hgb_36m_c3_d0_bank_treasury,2025-01-01,bank_delayed,cadence85_cd2,242,242,73,51,0.9411764705882353,1.4313725490196079,3,0.15417816089052447,0.19834710743801653,0.273972602739726,1.3812785388127853,25.684649926259606,-2.561648961460503
hgb_36m_c3_d0_bank_treasury,2025-01-01,bank_delayed,cadence90_cd2,242,242,73,51,0.9411764705882353,1.4313725490196079,3,0.15417816089052447,0.19834710743801653,0.273972602739726,1.3812785388127853,25.684649926259606,-2.561648961460503
hgb_36m_c3_d0_bank_treasury,2025-01-01,bank_delayed,cadence90_cd3,242,242,51,51,0.9019607843137255,1.0,5,0.15417816089052447,0.19834710743801653,0.35294117647058826,1.7794117647058825,38.21123565830385,9.964936770583739
hgb_36m_c3_d0_bank_treasury,2025-01-01,bank_delayed,legacy,242,242,48,51,0.8235294117647058,0.9411764705882353,9,0.15417816089052447,0.19834710743801653,0.3125,1.5755208333333333,40.98382066317409,12.737521775453983
hgb_36m_c3_d0_bank_treasury,2025-01-01,normal,cadence85_cd2,242,242,72,51,0.9607843137254902,1.411764705882353,2,0.1396451319646513,0.19834710743801653,0.3194444444444444,1.6105324074074072,36.20970483729286,7.96340594957275
hgb_36m_c3_d0_bank_treasury,2025-01-01,normal,cadence90_cd2,242,242,72,51,0.9607843137254902,1.411764705882353,2,0.1396451319646513,0.19834710743801653,0.3194444444444444,1.6105324074074072,36.20970483729286,7.96340594957275
hgb_36m_c3_d0_bank_treasury,2025-01-01,normal,cadence90_cd3,242,242,50,51,0.9019607843137255,0.9803921568627451,5,0.1396451319646513,0.19834710743801653,0.36,1.815,52.131097267744465,23.884798380024353
hgb_36m_c3_d0_bank_treasury,2025-01-01,normal,legacy,242,242,46,51,0.8235294117647058,0.9019607843137255,9,0.1396451319646513,0.19834710743801653,0.34782608695652173,1.753623188405797,55.715451639535296,27.469152751815187
hgb_36m_c3_d0_bank_treasury,2026-01-01,bank_delayed,cadence85_cd2,156,156,37,33,0.8181818181818182,1.121212121212121,6,0.23744751932316005,0.36538461538461536,0.4594594594594595,1.2574679943100997,63.1824338755152,100.34701016723432
hgb_36m_c3_d0_bank_treasury,2026-01-01,bank_delayed,cadence90_cd2,156,156,37,33,0.8181818181818182,1.121212121212121,6,0.23744751932316005,0.36538461538461536,0.4594594594594595,1.2574679943100997,63.1824338755152,100.34701016723432
hgb_36m_c3_d0_bank_treasury,2026-01-01,bank_delayed,cadence90_cd3,156,156,39,33,1.0,1.1818181818181819,0,0.23744751932316005,0.36538461538461536,0.38461538461538464,1.0526315789473686,17.596213312863966,54.76078960458308
hgb_36m_c3_d0_bank_treasury,2026-01-01,bank_delayed,legacy,156,156,37,33,0.9696969696969697,1.121212121212121,1,0.23744751932316005,0.36538461538461536,0.35135135135135137,0.961593172119488,17.832445254823867,54.99702154654298
hgb_36m_c3_d0_bank_treasury,2026-01-01,normal,cadence85_cd2,156,156,38,33,0.8787878787878788,1.1515151515151516,4,0.22748032405654528,0.36538461538461536,0.39473684210526316,1.0803324099722993,53.164761080694134,90.32933737241325
hgb_36m_c3_d0_bank_treasury,2026-01-01,normal,cadence90_cd2,156,156,38,33,0.8787878787878788,1.1515151515151516,4,0.22748032405654528,0.36538461538461536,0.39473684210526316,1.0803324099722993,53.164761080694134,90.32933737241325
hgb_36m_c3_d0_bank_treasury,2026-01-01,normal,cadence90_cd3,156,156,37,33,0.9696969696969697,1.121212121212121,1,0.22748032405654528,0.36538461538461536,0.3783783783783784,1.035561877667141,19.524428431311208,56.68900472303032
hgb_36m_c3_d0_bank_treasury,2026-01-01,normal,legacy,156,156,35,33,0.9696969696969697,1.0606060606060606,1,0.22748032405654528,0.36538461538461536,0.42857142857142855,1.1729323308270676,46.11364733036494,83.27822362208406
hgb_60m_c12_d0_bank_treasury,2025-01-01,bank_delayed,cadence85_cd2,242,242,51,51,0.7843137254901961,1.0,11,0.14768884999233362,0.19834710743801653,0.4117647058823529,2.0759803921568625,51.27719888293282,23.030899995212714
hgb_60m_c12_d0_bank_treasury,2025-01-01,bank_delayed,cadence90_cd2,242,242,51,51,0.7843137254901961,1.0,11,0.14768884999233362,0.19834710743801653,0.4117647058823529,2.0759803921568625,51.27719888293282,23.030899995212714
hgb_60m_c12_d0_bank_treasury,2025-01-01,bank_delayed,cadence90_cd3,242,242,48,51,0.8431372549019608,0.9411764705882353,8,0.14768884999233362,0.19834710743801653,0.3333333333333333,1.6805555555555554,40.52191730056527,12.27561841284516
hgb_60m_c12_d0_bank_treasury,2025-01-01,bank_delayed,legacy,242,242,47,51,0.8431372549019608,0.9215686274509803,8,0.14768884999233362,0.19834710743801653,0.3404255319148936,1.7163120567375885,46.06215584002638,17.815856952306266
hgb_60m_c12_d0_bank_treasury,2025-01-01,normal,cadence85_cd2,242,242,55,51,0.8235294117647058,1.0784313725490196,9,0.1411896864751148,0.19834710743801653,0.43636363636363634,2.1999999999999997,57.81260970916881,29.5663108214487
hgb_60m_c12_d0_bank_treasury,2025-01-01,normal,cadence90_cd2,242,242,55,51,0.8235294117647058,1.0784313725490196,9,0.1411896864751148,0.19834710743801653,0.43636363636363634,2.1999999999999997,57.81260970916881,29.5663108214487
hgb_60m_c12_d0_bank_treasury,2025-01-01,normal,cadence90_cd3,242,242,46,51,0.8235294117647058,0.9019607843137255,9,0.1411896864751148,0.19834710743801653,0.3695652173913043,1.8632246376811592,55.56020544653923,27.31390655881912
hgb_60m_c12_d0_bank_treasury,2025-01-01,normal,legacy,242,242,46,51,0.8235294117647058,0.9019607843137255,9,0.1411896864751148,0.19834710743801653,0.3695652173913043,1.8632246376811592,52.185291149726666,23.93899226200656
hgb_60m_c12_d0_bank_treasury,2026-01-01,bank_delayed,cadence85_cd2,156,156,42,33,0.9090909090909091,1.2727272727272727,3,0.2243788811793008,0.36538461538461536,0.40476190476190477,1.1077694235588973,30.690301871722767,67.85487816344188
hgb_60m_c12_d0_bank_treasury,2026-01-01,bank_delayed,cadence90_cd2,156,156,42,33,0.9090909090909091,1.2727272727272727,3,0.2243788811793008,0.36538461538461536,0.40476190476190477,1.1077694235588973,30.690301871722767,67.85487816344188
hgb_60m_c12_d0_bank_treasury,2026-01-01,bank_delayed,cadence90_cd3,156,156,35,33,0.8787878787878788,1.0606060606060606,4,0.2243788811793008,0.36538461538461536,0.4,1.0947368421052632,24.307373400197285,61.4719496919164
hgb_60m_c12_d0_bank_treasury,2026-01-01,bank_delayed,legacy,156,156,34,33,0.8787878787878788,1.0303030303030303,4,0.2243788811793008,0.36538461538461536,0.4117647058823529,1.1269349845201238,34.73612192966512,71.90069822138423
hgb_60m_c12_d0_bank_treasury,2026-01-01,normal,cadence85_cd2,156,156,44,33,0.9393939393939394,1.3333333333333333,2,0.21062502085823182,0.36538461538461536,0.4318181818181818,1.1818181818181819,26.17376397201584,63.338340263734956
hgb_60m_c12_d0_bank_treasury,2026-01-01,normal,cadence90_cd2,156,156,44,33,0.9393939393939394,1.3333333333333333,2,0.21062502085823182,0.36538461538461536,0.4318181818181818,1.1818181818181819,26.17376397201584,63.338340263734956
hgb_60m_c12_d0_bank_treasury,2026-01-01,normal,cadence90_cd3,156,156,34,33,0.9090909090909091,1.0303030303030303,3,0.21062502085823182,0.36538461538461536,0.4411764705882353,1.2074303405572755,46.99001931886288,84.15459561058199
hgb_60m_c12_d0_bank_treasury,2026-01-01,normal,legacy,156,156,34,33,0.9090909090909091,1.0303030303030303,3,0.21062502085823182,0.36538461538461536,0.4411764705882353,1.2074303405572755,46.99001931886288,84.15459561058199
hgb_60m_c12_d0_bank_treasury_aug,2025-01-01,bank_delayed,cadence85_cd2,242,242,58,51,0.8823529411764706,1.1372549019607843,6,0.1496189513498362,0.19834710743801653,0.3620689655172414,1.8254310344827587,32.966153567186126,4.719854679466017
hgb_60m_c12_d0_bank_treasury_aug,2025-01-01,bank_delayed,cadence90_cd2,242,242,66,51,0.9607843137254902,1.2941176470588236,2,0.1496189513498362,0.19834710743801653,0.30303030303030304,1.5277777777777777,25.96269058622118,-2.283608301498929
hgb_60m_c12_d0_bank_treasury_aug,2025-01-01,bank_delayed,cadence90_cd3,242,242,51,51,0.9019607843137255,1.0,5,0.1496189513498362,0.19834710743801653,0.29411764705882354,1.482843137254902,41.23227160441323,12.985972716693118
hgb_60m_c12_d0_bank_treasury_aug,2025-01-01,bank_delayed,legacy,242,242,49,51,0.8823529411764706,0.9607843137254902,6,0.1496189513498362,0.19834710743801653,0.3673469387755102,1.8520408163265307,42.27246053375782,14.02616164603771
hgb_60m_c12_d0_bank_treasury_aug,2025-01-01,normal,cadence85_cd2,242,242,58,51,0.8823529411764706,1.1372549019607843,6,0.14520370141594133,0.19834710743801653,0.41379310344827586,2.086206896551724,60.167968433012916,31.92166954529281
hgb_60m_c12_d0_bank_treasury_aug,2025-01-01,normal,cadence90_cd2,242,242,64,51,0.9803921568627451,1.2549019607843137,1,0.14520370141594133,0.19834710743801653,0.296875,1.4967447916666665,32.38538912935907,4.139090241638957
hgb_60m_c12_d0_bank_treasury_aug,2025-01-01,normal,cadence90_cd3,242,242,50,51,0.9019607843137255,0.9803921568627451,5,0.14520370141594133,0.19834710743801653,0.34,1.7141666666666668,44.830115982128675,16.58381709440857
hgb_60m_c12_d0_bank_treasury_aug,2025-01-01,normal,legacy,242,242,49,51,0.8823529411764706,0.9607843137254902,6,0.14520370141594133,0.19834710743801653,0.3469387755102041,1.7491496598639455,49.64107048890146,21.394771601181358
hgb_60m_c12_d0_bank_treasury_aug,2026-01-01,bank_delayed,cadence85_cd2,156,156,42,33,0.8787878787878788,1.2727272727272727,4,0.22805701352375116,0.36538461538461536,0.40476190476190477,1.1077694235588973,32.77043910837202,69.93501540009113
hgb_60m_c12_d0_bank_treasury_aug,2026-01-01,bank_delayed,cadence90_cd2,156,156,42,33,0.8787878787878788,1.2727272727272727,4,0.22805701352375116,0.36538461538461536,0.40476190476190477,1.1077694235588973,32.77043910837202,69.93501540009113
hgb_60m_c12_d0_bank_treasury_aug,2026-01-01,bank_delayed,cadence90_cd3,156,156,34,33,0.9090909090909091,1.0303030303030303,3,0.22805701352375116,0.36538461538461536,0.5,1.368421052631579,30.585353713885013,67.74993000560413
hgb_60m_c12_d0_bank_treasury_aug,2026-01-01,bank_delayed,legacy,156,156,33,33,0.8484848484848485,1.0,5,0.22805701352375116,0.36538461538461536,0.42424242424242425,1.1610845295055823,35.96340744096241,73.12798373268153
hgb_60m_c12_d0_bank_treasury_aug,2026-01-01,normal,cadence85_cd2,156,156,43,33,0.9696969696969697,1.303030303030303,1,0.22298006449830718,0.36538461538461536,0.4186046511627907,1.145654834761322,26.48594358801021,63.65051987972932
hgb_60m_c12_d0_bank_treasury_aug,2026-01-01,normal,cadence90_cd2,156,156,43,33,0.9696969696969697,1.303030303030303,1,0.22298006449830718,0.36538461538461536,0.4186046511627907,1.145654834761322,26.48594358801021,63.65051987972932
hgb_60m_c12_d0_bank_treasury_aug,2026-01-01,normal,cadence90_cd3,156,156,34,33,0.9393939393939394,1.0303030303030303,2,0.22298006449830718,0.36538461538461536,0.5294117647058824,1.4489164086687307,31.74211973948354,68.90669603120266
hgb_60m_c12_d0_bank_treasury_aug,2026-01-01,normal,legacy,156,156,33,33,0.8787878787878788,1.0,4,0.22298006449830718,0.36538461538461536,0.45454545454545453,1.244019138755981,37.1552269824882,74.31980327420732
hgb_60m_c3_d0_bank_treasury,2025-01-01,bank_delayed,cadence85_cd2,242,242,62,51,0.8823529411764706,1.2156862745098038,6,0.15123582044780615,0.19834710743801653,0.3387096774193548,1.7076612903225805,44.89290681005117,16.646607922331064
hgb_60m_c3_d0_bank_treasury,2025-01-01,bank_delayed,cadence90_cd2,242,242,62,51,0.8823529411764706,1.2156862745098038,6,0.15123582044780615,0.19834710743801653,0.3387096774193548,1.7076612903225805,44.89290681005117,16.646607922331064
hgb_60m_c3_d0_bank_treasury,2025-01-01,bank_delayed,cadence90_cd3,242,242,47,51,0.8235294117647058,0.9215686274509803,9,0.15123582044780615,0.19834710743801653,0.3404255319148936,1.7163120567375885,46.097277919944176,17.85097903222407
hgb_60m_c3_d0_bank_treasury,2025-01-01,bank_delayed,legacy,242,242,46,51,0.8235294117647058,0.9019607843137255,9,0.15123582044780615,0.19834710743801653,0.34782608695652173,1.753623188405797,50.94964788852538,22.703349000805268
hgb_60m_c3_d0_bank_treasury,2025-01-01,normal,cadence85_cd2,242,242,63,51,0.9019607843137255,1.2352941176470589,5,0.1420796533649579,0.19834710743801653,0.38095238095238093,1.9206349206349205,49.96493019170538,21.718631303985273
hgb_60m_c3_d0_bank_treasury,2025-01-01,normal,cadence90_cd2,242,242,63,51,0.9019607843137255,1.2352941176470589,5,0.1420796533649579,0.19834710743801653,0.38095238095238093,1.9206349206349205,49.96493019170538,21.718631303985273
hgb_60m_c3_d0_bank_treasury,2025-01-01,normal,cadence90_cd3,242,242,46,51,0.8235294117647058,0.9019607843137255,9,0.1420796533649579,0.19834710743801653,0.3695652173913043,1.8632246376811592,51.979287401980365,23.732988514260256
hgb_60m_c3_d0_bank_treasury,2025-01-01,normal,legacy,242,242,45,51,0.7647058823529411,0.8823529411764706,12,0.1420796533649579,0.19834710743801653,0.37777777777777777,1.9046296296296295,55.33214135073787,27.085842463017766
hgb_60m_c3_d0_bank_treasury,2026-01-01,bank_delayed,cadence85_cd2,156,156,44,33,0.9393939393939394,1.3333333333333333,2,0.2358614924272406,0.36538461538461536,0.36363636363636365,0.9952153110047848,27.365634370316712,64.53021066203583
hgb_60m_c3_d0_bank_treasury,2026-01-01,bank_delayed,cadence90_cd2,156,156,44,33,0.9393939393939394,1.3333333333333333,2,0.2358614924272406,0.36538461538461536,0.36363636363636365,0.9952153110047848,27.365634370316712,64.53021066203583
hgb_60m_c3_d0_bank_treasury,2026-01-01,bank_delayed,cadence90_cd3,156,156,39,33,1.0,1.1818181818181819,0,0.2358614924272406,0.36538461538461536,0.358974358974359,0.9824561403508772,12.481667747038237,49.64624403875735
hgb_60m_c3_d0_bank_treasury,2026-01-01,bank_delayed,legacy,156,156,36,33,0.9393939393939394,1.0909090909090908,2,0.2358614924272406,0.36538461538461536,0.4444444444444444,1.2163742690058479,17.916646657994683,55.0812229497138
hgb_60m_c3_d0_bank_treasury,2026-01-01,normal,cadence85_cd2,156,156,43,33,0.8484848484848485,1.303030303030303,5,0.22266717775396339,0.36538461538461536,0.46511627906976744,1.2729498164014688,48.50076269632345,85.66533898804256
hgb_60m_c3_d0_bank_treasury,2026-01-01,normal,cadence90_cd2,156,156,43,33,0.8484848484848485,1.303030303030303,5,0.22266717775396339,0.36538461538461536,0.46511627906976744,1.2729498164014688,48.50076269632345,85.66533898804256
hgb_60m_c3_d0_bank_treasury,2026-01-01,normal,cadence90_cd3,156,156,37,33,0.9696969696969697,1.121212121212121,1,0.22266717775396339,0.36538461538461536,0.3783783783783784,1.035561877667141,19.524428431311208,56.68900472303032
hgb_60m_c3_d0_bank_treasury,2026-01-01,normal,legacy,156,156,36,33,0.9393939393939394,1.0909090909090908,2,0.22266717775396339,0.36538461538461536,0.5,1.368421052631579,18.434086478126133,55.59866276984525
hgb_60m_c3_d0_bank_treasury_aug,2025-01-01,bank_delayed,cadence85_cd2,242,242,59,51,0.9019607843137255,1.1568627450980393,5,0.1538238052228406,0.19834710743801653,0.288135593220339,1.4526836158192091,44.199632949707464,15.95333406198736
hgb_60m_c3_d0_bank_treasury_aug,2025-01-01,bank_delayed,cadence90_cd2,242,242,59,51,0.9019607843137255,1.1568627450980393,5,0.1538238052228406,0.19834710743801653,0.288135593220339,1.4526836158192091,44.199632949707464,15.95333406198736
hgb_60m_c3_d0_bank_treasury_aug,2025-01-01,bank_delayed,cadence90_cd3,242,242,48,51,0.8431372549019608,0.9411764705882353,8,0.1538238052228406,0.19834710743801653,0.3333333333333333,1.6805555555555554,49.22733664006687,20.981037752346765
hgb_60m_c3_d0_bank_treasury_aug,2025-01-01,bank_delayed,legacy,242,242,48,51,0.8431372549019608,0.9411764705882353,8,0.1538238052228406,0.19834710743801653,0.3333333333333333,1.6805555555555554,49.22733664006687,20.981037752346765
hgb_60m_c3_d0_bank_treasury_aug,2025-01-01,normal,cadence85_cd2,242,242,62,51,0.9019607843137255,1.2156862745098038,5,0.1481123239064011,0.19834710743801653,0.3548387096774194,1.788978494623656,47.17252196979798,18.92622308207787
hgb_60m_c3_d0_bank_treasury_aug,2025-01-01,normal,cadence90_cd2,242,242,62,51,0.9019607843137255,1.2156862745098038,5,0.1481123239064011,0.19834710743801653,0.3548387096774194,1.788978494623656,47.17252196979798,18.92622308207787
hgb_60m_c3_d0_bank_treasury_aug,2025-01-01,normal,cadence90_cd3,242,242,46,51,0.803921568627451,0.9019607843137255,10,0.1481123239064011,0.19834710743801653,0.3695652173913043,1.8632246376811592,55.84784876837742,27.60154988065731
hgb_60m_c3_d0_bank_treasury_aug,2025-01-01,normal,legacy,242,242,46,51,0.803921568627451,0.9019607843137255,10,0.1481123239064011,0.19834710743801653,0.3695652173913043,1.8632246376811592,55.84784876837742,27.60154988065731
hgb_60m_c3_d0_bank_treasury_aug,2026-01-01,bank_delayed,cadence85_cd2,156,156,44,33,0.9090909090909091,1.3333333333333333,3,0.23266552183291267,0.36538461538461536,0.36363636363636365,0.9952153110047848,27.89180538326731,65.05638167498643
hgb_60m_c3_d0_bank_treasury_aug,2026-01-01,bank_delayed,cadence90_cd2,156,156,44,33,0.9090909090909091,1.3333333333333333,3,0.23266552183291267,0.36538461538461536,0.36363636363636365,0.9952153110047848,27.89180538326731,65.05638167498643
hgb_60m_c3_d0_bank_treasury_aug,2026-01-01,bank_delayed,cadence90_cd3,156,156,34,33,0.8787878787878788,1.0303030303030303,4,0.23266552183291267,0.36538461538461536,0.35294117647058826,0.9659442724458206,24.128217769482454,61.29279406120157
hgb_60m_c3_d0_bank_treasury_aug,2026-01-01,bank_delayed,legacy,156,156,37,33,0.9696969696969697,1.121212121212121,1,0.23266552183291267,0.36538461538461536,0.3783783783783784,1.035561877667141,21.462427196789577,58.62700348850869
hgb_60m_c3_d0_bank_treasury_aug,2026-01-01,normal,cadence85_cd2,156,156,41,33,0.8484848484848485,1.2424242424242424,5,0.22600844730365557,0.36538461538461536,0.4146341463414634,1.134788189987163,41.60865328180088,78.77322957352
hgb_60m_c3_d0_bank_treasury_aug,2026-01-01,normal,cadence90_cd2,156,156,41,33,0.8484848484848485,1.2424242424242424,5,0.22600844730365557,0.36538461538461536,0.4146341463414634,1.134788189987163,41.60865328180088,78.77322957352
hgb_60m_c3_d0_bank_treasury_aug,2026-01-01,normal,cadence90_cd3,156,156,32,33,0.9090909090909091,0.9696969696969697,3,0.22600844730365557,0.36538461538461536,0.375,1.0263157894736843,39.465797256023095,76.63037354774221
hgb_60m_c3_d0_bank_treasury_aug,2026-01-01,normal,legacy,156,156,37,33,0.9696969696969697,1.121212121212121,1,0.22600844730365557,0.36538461538461536,0.40540540540540543,1.109530583214794,27.508476245693302,64.67305253741242
monthly_hgb_120m_c3_d0_bank_treasury,2025-01-01,bank_delayed,cadence85_cd2,242,242,66,51,0.9019607843137255,1.2941176470588236,5,0.14757702646128895,0.19834710743801653,0.30303030303030304,1.5277777777777777,33.554131475416995,5.307832587696888
monthly_hgb_120m_c3_d0_bank_treasury,2025-01-01,bank_delayed,cadence90_cd2,242,242,66,51,0.9019607843137255,1.2941176470588236,5,0.14757702646128895,0.19834710743801653,0.30303030303030304,1.5277777777777777,33.554131475416995,5.307832587696888
monthly_hgb_120m_c3_d0_bank_treasury,2025-01-01,bank_delayed,cadence90_cd3,242,242,52,51,0.8823529411764706,1.0196078431372548,6,0.14757702646128895,0.19834710743801653,0.40384615384615385,2.0360576923076925,39.02065890860197,10.774360020881865
monthly_hgb_120m_c3_d0_bank_treasury,2025-01-01,bank_delayed,legacy,242,242,50,51,0.8823529411764706,0.9803921568627451,6,0.14757702646128895,0.19834710743801653,0.26,1.3108333333333333,26.197208186842975,-2.0490907008771346
monthly_hgb_120m_c3_d0_bank_treasury,2025-01-01,normal,cadence85_cd2,242,242,67,51,0.9607843137254902,1.3137254901960784,2,0.13981020425982846,0.19834710743801653,0.3283582089552239,1.6554726368159203,44.824076521859375,16.577777634139267
monthly_hgb_120m_c3_d0_bank_treasury,2025-01-01,normal,cadence90_cd2,242,242,67,51,0.9607843137254902,1.3137254901960784,2,0.13981020425982846,0.19834710743801653,0.3283582089552239,1.6554726368159203,44.824076521859375,16.577777634139267
monthly_hgb_120m_c3_d0_bank_treasury,2025-01-01,normal,cadence90_cd3,242,242,54,51,0.9607843137254902,1.0588235294117647,2,0.13981020425982846,0.19834710743801653,0.3148148148148148,1.5871913580246915,32.559340096692694,4.313041208972583
monthly_hgb_120m_c3_d0_bank_treasury,2025-01-01,normal,legacy,242,242,51,51,0.9215686274509803,1.0,4,0.13981020425982846,0.19834710743801653,0.3333333333333333,1.6805555555555554,38.80210789540892,10.555809007688817
monthly_hgb_120m_c3_d0_bank_treasury,2026-01-01,bank_delayed,cadence85_cd2,156,156,38,33,0.8181818181818182,1.1515151515151516,6,0.2428421989462685,0.36538461538461536,0.4473684210526316,1.2243767313019391,46.27499934170709,83.4395756334262
monthly_hgb_120m_c3_d0_bank_treasury,2026-01-01,bank_delayed,cadence90_cd2,156,156,38,33,0.8181818181818182,1.1515151515151516,6,0.2428421989462685,0.36538461538461536,0.4473684210526316,1.2243767313019391,46.27499934170709,83.4395756334262
monthly_hgb_120m_c3_d0_bank_treasury,2026-01-01,bank_delayed,cadence90_cd3,156,156,31,33,0.8484848484848485,0.9393939393939394,5,0.2428421989462685,0.36538461538461536,0.45161290322580644,1.235993208828523,47.25009333941095,84.41466963113007
monthly_hgb_120m_c3_d0_bank_treasury,2026-01-01,bank_delayed,legacy,156,156,32,33,0.8484848484848485,0.9696969696969697,5,0.2428421989462685,0.36538461538461536,0.46875,1.2828947368421053,43.24338965138962,80.40796594310874
monthly_hgb_120m_c3_d0_bank_treasury,2026-01-01,normal,cadence85_cd2,156,156,40,33,0.9090909090909091,1.2121212121212122,3,0.22980954852497285,0.36538461538461536,0.475,1.3,36.251261375178004,73.41583766689712
monthly_hgb_120m_c3_d0_bank_treasury,2026-01-01,normal,cadence90_cd2,156,156,40,33,0.9090909090909091,1.2121212121212122,3,0.22980954852497285,0.36538461538461536,0.475,1.3,36.251261375178004,73.41583766689712
monthly_hgb_120m_c3_d0_bank_treasury,2026-01-01,normal,cadence90_cd3,156,156,31,33,0.8484848484848485,0.9393939393939394,5,0.22980954852497285,0.36538461538461536,0.5161290322580645,1.4125636672325976,54.617410502179766,91.78198679389888
monthly_hgb_120m_c3_d0_bank_treasury,2026-01-01,normal,legacy,156,156,31,33,0.8181818181818182,0.9393939393939394,6,0.22980954852497285,0.36538461538461536,0.45161290322580644,1.235993208828523,50.436512830055165,87.60108912177428
monthly_hgb_120m_c3_d0_bank_treasury_aug,2025-01-01,bank_delayed,cadence85_cd2,242,242,66,51,0.9019607843137255,1.2941176470588236,5,0.14954503857931306,0.19834710743801653,0.30303030303030304,1.5277777777777777,27.360056697997948,-0.8862421897221593
monthly_hgb_120m_c3_d0_bank_treasury_aug,2025-01-01,bank_delayed,cadence90_cd2,242,242,66,51,0.9019607843137255,1.2941176470588236,5,0.14954503857931306,0.19834710743801653,0.30303030303030304,1.5277777777777777,27.360056697997948,-0.8862421897221593
monthly_hgb_120m_c3_d0_bank_treasury_aug,2025-01-01,bank_delayed,cadence90_cd3,242,242,52,51,0.8823529411764706,1.0196078431372548,6,0.14954503857931306,0.19834710743801653,0.3076923076923077,1.5512820512820513,29.499505453727092,1.2532065660069827
monthly_hgb_120m_c3_d0_bank_treasury_aug,2025-01-01,bank_delayed,legacy,242,242,49,51,0.8431372549019608,0.9607843137254902,8,0.14954503857931306,0.19834710743801653,0.30612244897959184,1.5433673469387754,34.86275790460567,6.616459016885561
monthly_hgb_120m_c3_d0_bank_treasury_aug,2025-01-01,normal,cadence85_cd2,242,242,68,51,0.9607843137254902,1.3333333333333333,2,0.14389307710000848,0.19834710743801653,0.3088235294117647,1.5569852941176472,32.128151276892005,3.8818523891718995
monthly_hgb_120m_c3_d0_bank_treasury_aug,2025-01-01,normal,cadence90_cd2,242,242,68,51,0.9607843137254902,1.3333333333333333,2,0.14389307710000848,0.19834710743801653,0.3088235294117647,1.5569852941176472,32.128151276892005,3.8818523891718995
monthly_hgb_120m_c3_d0_bank_treasury_aug,2025-01-01,normal,cadence90_cd3,242,242,54,51,0.9019607843137255,1.0588235294117647,5,0.14389307710000848,0.19834710743801653,0.2962962962962963,1.4938271604938271,26.311911981674843,-1.9343869060452665
monthly_hgb_120m_c3_d0_bank_treasury_aug,2025-01-01,normal,legacy,242,242,50,51,0.9215686274509803,0.9803921568627451,4,0.14389307710000848,0.19834710743801653,0.32,1.6133333333333333,38.65996457202388,10.413665684303773
monthly_hgb_120m_c3_d0_bank_treasury_aug,2026-01-01,bank_delayed,cadence85_cd2,156,156,41,33,0.8484848484848485,1.2424242424242424,5,0.24082146201786003,0.36538461538461536,0.43902439024390244,1.2015404364569962,25.51044208231925,62.675018374038366
monthly_hgb_120m_c3_d0_bank_treasury_aug,2026-01-01,bank_delayed,cadence90_cd2,156,156,41,33,0.8484848484848485,1.2424242424242424,5,0.24082146201786003,0.36538461538461536,0.43902439024390244,1.2015404364569962,25.51044208231925,62.675018374038366
monthly_hgb_120m_c3_d0_bank_treasury_aug,2026-01-01,bank_delayed,cadence90_cd3,156,156,33,33,0.8484848484848485,1.0,5,0.24082146201786003,0.36538461538461536,0.45454545454545453,1.244019138755981,28.47731209751049,65.6418883892296
monthly_hgb_120m_c3_d0_bank_treasury_aug,2026-01-01,bank_delayed,legacy,156,156,30,33,0.7575757575757576,0.9090909090909091,8,0.24082146201786003,0.36538461538461536,0.5,1.368421052631579,56.38826511881089,93.55284141053001
monthly_hgb_120m_c3_d0_bank_treasury_aug,2026-01-01,normal,cadence85_cd2,156,156,43,33,0.9393939393939394,1.303030303030303,2,0.2354403437612533,0.36538461538461536,0.4186046511627907,1.145654834761322,21.669846465324866,58.83442275704398
monthly_hgb_120m_c3_d0_bank_treasury_aug,2026-01-01,normal,cadence90_cd2,156,156,43,33,0.9393939393939394,1.303030303030303,2,0.2354403437612533,0.36538461538461536,0.4186046511627907,1.145654834761322,21.669846465324866,58.83442275704398
monthly_hgb_120m_c3_d0_bank_treasury_aug,2026-01-01,normal,cadence90_cd3,156,156,34,33,0.9090909090909091,1.0303030303030303,3,0.2354403437612533,0.36538461538461536,0.5294117647058824,1.4489164086687307,28.143311201681655,65.30788749340077
monthly_hgb_120m_c3_d0_bank_treasury_aug,2026-01-01,normal,legacy,156,156,31,33,0.8181818181818182,0.9393939393939394,6,0.2354403437612533,0.36538461538461536,0.4838709677419355,1.3242784380305603,46.75477397125148,83.9193502629706
monthly_hgb_60m_c3_d0_bank_treasury,2025-01-01,bank_delayed,cadence85_cd2,242,242,68,51,0.9019607843137255,1.3333333333333333,5,0.14888940157711922,0.19834710743801653,0.3382352941176471,1.7052696078431373,31.11110423031335,2.8648053425932414
monthly_hgb_60m_c3_d0_bank_treasury,2025-01-01,bank_delayed,cadence90_cd2,242,242,68,51,0.9019607843137255,1.3333333333333333,5,0.14888940157711922,0.19834710743801653,0.3382352941176471,1.7052696078431373,31.11110423031335,2.8648053425932414
monthly_hgb_60m_c3_d0_bank_treasury,2025-01-01,bank_delayed,cadence90_cd3,242,242,54,51,0.9215686274509803,1.0588235294117647,4,0.14888940157711922,0.19834710743801653,0.2222222222222222,1.1203703703703702,14.383136103295005,-13.863162784425104
monthly_hgb_60m_c3_d0_bank_treasury,2025-01-01,bank_delayed,legacy,242,242,49,51,0.8235294117647058,0.9607843137254902,9,0.14888940157711922,0.19834710743801653,0.2653061224489796,1.3375850340136055,40.49796004893001,12.2516611612099
monthly_hgb_60m_c3_d0_bank_treasury,2025-01-01,normal,cadence85_cd2,242,242,68,51,0.9019607843137255,1.3333333333333333,5,0.14067136405071184,0.19834710743801653,0.3088235294117647,1.5569852941176472,35.24965117078977,7.003352283069659
monthly_hgb_60m_c3_d0_bank_treasury,2025-01-01,normal,cadence90_cd2,242,242,68,51,0.9019607843137255,1.3333333333333333,5,0.14067136405071184,0.19834710743801653,0.3088235294117647,1.5569852941176472,35.24965117078977,7.003352283069659
monthly_hgb_60m_c3_d0_bank_treasury,2025-01-01,normal,cadence90_cd3,242,242,53,51,0.9019607843137255,1.0392156862745099,5,0.14067136405071184,0.19834710743801653,0.2641509433962264,1.3317610062893082,25.541485014729393,-2.704813872990717
monthly_hgb_60m_c3_d0_bank_treasury,2025-01-01,normal,legacy,242,242,50,51,0.8627450980392157,0.9803921568627451,7,0.14067136405071184,0.19834710743801653,0.32,1.6133333333333333,38.07269882413185,9.826399936411743
monthly_hgb_60m_c3_d0_bank_treasury,2026-01-01,bank_delayed,cadence85_cd2,156,156,44,33,0.8787878787878788,1.3333333333333333,4,0.2380402756629234,0.36538461538461536,0.4318181818181818,1.1818181818181819,33.32738344099542,70.49195973271453
monthly_hgb_60m_c3_d0_bank_treasury,2026-01-01,bank_delayed,cadence90_cd2,156,156,44,33,0.8787878787878788,1.3333333333333333,4,0.2380402756629234,0.36538461538461536,0.4318181818181818,1.1818181818181819,33.32738344099542,70.49195973271453
monthly_hgb_60m_c3_d0_bank_treasury,2026-01-01,bank_delayed,cadence90_cd3,156,156,33,33,0.8787878787878788,1.0,4,0.2380402756629234,0.36538461538461536,0.48484848484848486,1.3269537480063798,39.8260540278761,76.99063031959521
monthly_hgb_60m_c3_d0_bank_treasury,2026-01-01,bank_delayed,legacy,156,156,32,33,0.7878787878787878,0.9696969696969697,7,0.2380402756629234,0.36538461538461536,0.40625,1.111842105263158,42.018325148245296,79.18290143996441
monthly_hgb_60m_c3_d0_bank_treasury,2026-01-01,normal,cadence85_cd2,156,156,43,33,0.9393939393939394,1.303030303030303,2,0.227020951458054,0.36538461538461536,0.46511627906976744,1.2729498164014688,33.57545160208396,70.74002789380307
monthly_hgb_60m_c3_d0_bank_treasury,2026-01-01,normal,cadence90_cd2,156,156,43,33,0.9393939393939394,1.303030303030303,2,0.227020951458054,0.36538461538461536,0.46511627906976744,1.2729498164014688,33.57545160208396,70.74002789380307
monthly_hgb_60m_c3_d0_bank_treasury,2026-01-01,normal,cadence90_cd3,156,156,33,33,0.8484848484848485,1.0,5,0.227020951458054,0.36538461538461536,0.3939393939393939,1.0781499202551834,28.155087561036012,65.31966385275513
monthly_hgb_60m_c3_d0_bank_treasury,2026-01-01,normal,legacy,156,156,31,33,0.7878787878787878,0.9393939393939394,7,0.227020951458054,0.36538461538461536,0.4838709677419355,1.3242784380305603,52.971048348753854,90.13562464047297
tabm_periodic_kzt_120m_s0_allaug_kztcal,2025-01-01,bank_delayed,cadence85_cd2,242,242,58,51,0.8627450980392157,1.1372549019607843,7,0.14843879393108936,0.19834710743801653,0.3448275862068966,1.738505747126437,31.22083184475361,2.9745329570335035
tabm_periodic_kzt_120m_s0_allaug_kztcal,2025-01-01,bank_delayed,cadence90_cd2,242,242,63,51,0.8823529411764706,1.2352941176470589,6,0.14843879393108936,0.19834710743801653,0.3333333333333333,1.6805555555555554,30.444224965685734,2.197926077965626
tabm_periodic_kzt_120m_s0_allaug_kztcal,2025-01-01,bank_delayed,cadence90_cd3,242,242,50,51,0.8235294117647058,0.9803921568627451,9,0.14843879393108936,0.19834710743801653,0.42,2.1174999999999997,34.502433295252516,6.256134407532409
tabm_periodic_kzt_120m_s0_allaug_kztcal,2025-01-01,bank_delayed,legacy,242,242,44,51,0.7254901960784313,0.8627450980392157,14,0.14843879393108936,0.19834710743801653,0.4318181818181818,2.1770833333333335,59.39472832864326,31.148429440923152
tabm_periodic_kzt_120m_s0_allaug_kztcal,2025-01-01,both_delayed,cadence85_cd2,242,242,58,51,0.8627450980392157,1.1372549019607843,7,0.14866875938184854,0.19834710743801653,0.3448275862068966,1.738505747126437,32.95838204781962,4.712083160099511
tabm_periodic_kzt_120m_s0_allaug_kztcal,2025-01-01,both_delayed,cadence90_cd2,242,242,63,51,0.8823529411764706,1.2352941176470589,6,0.14866875938184854,0.19834710743801653,0.3333333333333333,1.6805555555555554,31.791746424449197,3.5454475367290876
tabm_periodic_kzt_120m_s0_allaug_kztcal,2025-01-01,both_delayed,cadence90_cd3,242,242,50,51,0.8431372549019608,0.9803921568627451,8,0.14866875938184854,0.19834710743801653,0.4,2.0166666666666666,35.40823252813997,7.161933640419863
tabm_periodic_kzt_120m_s0_allaug_kztcal,2025-01-01,both_delayed,legacy,242,242,46,51,0.7450980392156863,0.9019607843137255,13,0.14866875938184854,0.19834710743801653,0.43478260869565216,2.192028985507246,61.73546869935983,33.48916981163972
tabm_periodic_kzt_120m_s0_allaug_kztcal,2025-01-01,normal,cadence85_cd2,242,242,60,51,0.8823529411764706,1.1764705882352942,6,0.1421326676430918,0.19834710743801653,0.4166666666666667,2.1006944444444446,56.729635683638925,28.483336795918817
tabm_periodic_kzt_120m_s0_allaug_kztcal,2025-01-01,normal,cadence90_cd2,242,242,65,51,0.9215686274509803,1.2745098039215685,4,0.1421326676430918,0.19834710743801653,0.35384615384615387,1.783974358974359,43.03352919887071,14.7872303111506
tabm_periodic_kzt_120m_s0_allaug_kztcal,2025-01-01,normal,cadence90_cd3,242,242,50,51,0.8627450980392157,0.9803921568627451,7,0.1421326676430918,0.19834710743801653,0.36,1.815,43.02556480977811,14.779265922058002
tabm_periodic_kzt_120m_s0_allaug_kztcal,2025-01-01,normal,legacy,242,242,46,51,0.7843137254901961,0.9019607843137255,11,0.1421326676430918,0.19834710743801653,0.43478260869565216,2.192028985507246,64.67826018399091,36.4319612962708
tabm_periodic_kzt_120m_s0_allaug_kztcal,2025-01-01,oxr_delayed,cadence85_cd2,242,242,57,51,0.8235294117647058,1.1176470588235294,9,0.14246213768133992,0.19834710743801653,0.40350877192982454,2.0343567251461985,57.08375180712189,28.837452919401784
tabm_periodic_kzt_120m_s0_allaug_kztcal,2025-01-01,oxr_delayed,cadence90_cd2,242,242,63,51,0.9019607843137255,1.2352941176470589,5,0.14246213768133992,0.19834710743801653,0.3492063492063492,1.7605820105820105,42.399181090489826,14.152882202769716
tabm_periodic_kzt_120m_s0_allaug_kztcal,2025-01-01,oxr_delayed,cadence90_cd3,242,242,50,51,0.8627450980392157,0.9803921568627451,7,0.14246213768133992,0.19834710743801653,0.36,1.815,43.02556480977811,14.779265922058002
tabm_periodic_kzt_120m_s0_allaug_kztcal,2025-01-01,oxr_delayed,legacy,242,242,46,51,0.7843137254901961,0.9019607843137255,11,0.14246213768133992,0.19834710743801653,0.45652173913043476,2.3016304347826084,67.96369307573369,39.717394188013586
tabm_periodic_kzt_120m_s0_allaug_kztcal,2026-01-01,bank_delayed,cadence85_cd2,156,156,43,33,0.9696969696969697,1.303030303030303,1,0.24256067358230465,0.36538461538461536,0.3953488372093023,1.0820073439412485,36.692254190886075,73.85683048260519
tabm_periodic_kzt_120m_s0_allaug_kztcal,2026-01-01,bank_delayed,cadence90_cd2,156,156,43,33,0.9696969696969697,1.303030303030303,1,0.24256067358230465,0.36538461538461536,0.3953488372093023,1.0820073439412485,36.692254190886075,73.85683048260519
tabm_periodic_kzt_120m_s0_allaug_kztcal,2026-01-01,bank_delayed,cadence90_cd3,156,156,39,33,0.9696969696969697,1.1818181818181819,1,0.24256067358230465,0.36538461538461536,0.3333333333333333,0.9122807017543859,9.935210836592809,47.099787128311924
tabm_periodic_kzt_120m_s0_allaug_kztcal,2026-01-01,bank_delayed,legacy,156,156,33,33,0.9393939393939394,1.0,2,0.24256067358230465,0.36538461538461536,0.3939393939393939,1.0781499202551834,23.74388831776055,60.908464609479665
tabm_periodic_kzt_120m_s0_allaug_kztcal,2026-01-01,both_delayed,cadence85_cd2,156,156,44,33,0.9696969696969697,1.3333333333333333,1,0.24270410947379986,0.36538461538461536,0.38636363636363635,1.0574162679425838,30.106984872811694,67.27156116453081
tabm_periodic_kzt_120m_s0_allaug_kztcal,2026-01-01,both_delayed,cadence90_cd2,156,156,44,33,0.9696969696969697,1.3333333333333333,1,0.24270410947379986,0.36538461538461536,0.38636363636363635,1.0574162679425838,30.106984872811694,67.27156116453081
tabm_periodic_kzt_120m_s0_allaug_kztcal,2026-01-01,both_delayed,cadence90_cd3,156,156,39,33,1.0,1.1818181818181819,0,0.24270410947379986,0.36538461538461536,0.3333333333333333,0.9122807017543859,8.628891509378569,45.793467801097684
tabm_periodic_kzt_120m_s0_allaug_kztcal,2026-01-01,both_delayed,legacy,156,156,34,33,0.9393939393939394,1.0303030303030303,2,0.24270410947379986,0.36538461538461536,0.4411764705882353,1.2074303405572755,29.70478746028033,66.86936375199944
tabm_periodic_kzt_120m_s0_allaug_kztcal,2026-01-01,normal,cadence85_cd2,156,156,44,33,0.9696969696969697,1.3333333333333333,1,0.23695702082571066,0.36538461538461536,0.4318181818181818,1.1818181818181819,39.54986629405492,76.71444258577404
tabm_periodic_kzt_120m_s0_allaug_kztcal,2026-01-01,normal,cadence90_cd2,156,156,44,33,0.9696969696969697,1.3333333333333333,1,0.23695702082571066,0.36538461538461536,0.4318181818181818,1.1818181818181819,39.54986629405492,76.71444258577404
tabm_periodic_kzt_120m_s0_allaug_kztcal,2026-01-01,normal,cadence90_cd3,156,156,38,33,0.9696969696969697,1.1515151515151516,1,0.23695702082571066,0.36538461538461536,0.3684210526315789,1.0083102493074791,8.245418271684969,45.409994563404084
tabm_periodic_kzt_120m_s0_allaug_kztcal,2026-01-01,normal,legacy,156,156,34,33,0.9393939393939394,1.0303030303030303,2,0.23695702082571066,0.36538461538461536,0.5294117647058824,1.4489164086687307,47.00107504421011,84.16565133592923
tabm_periodic_kzt_120m_s0_allaug_kztcal,2026-01-01,oxr_delayed,cadence85_cd2,156,156,43,33,0.9696969696969697,1.303030303030303,1,0.23624971195727484,0.36538461538461536,0.46511627906976744,1.2729498164014688,44.53233988011502,81.69691617183413
tabm_periodic_kzt_120m_s0_allaug_kztcal,2026-01-01,oxr_delayed,cadence90_cd2,156,156,43,33,0.9696969696969697,1.303030303030303,1,0.23624971195727484,0.36538461538461536,0.46511627906976744,1.2729498164014688,44.53233988011502,81.69691617183413
tabm_periodic_kzt_120m_s0_allaug_kztcal,2026-01-01,oxr_delayed,cadence90_cd3,156,156,38,33,0.9696969696969697,1.1515151515151516,1,0.23624971195727484,0.36538461538461536,0.3684210526315789,1.0083102493074791,8.245418271684969,45.409994563404084
tabm_periodic_kzt_120m_s0_allaug_kztcal,2026-01-01,oxr_delayed,legacy,156,156,36,33,0.9696969696969697,1.0909090909090908,1,0.23624971195727484,0.36538461538461536,0.5,1.368421052631579,49.13371237935475,86.29828867107386
tabm_periodic_kzt_120m_s0_bankaug_kztcal,2025-01-01,bank_delayed,cadence85_cd2,242,242,65,51,0.9019607843137255,1.2745098039215685,5,0.15030660125998233,0.19834710743801653,0.3384615384615385,1.7064102564102566,29.204786366504518,0.9584874787844094
tabm_periodic_kzt_120m_s0_bankaug_kztcal,2025-01-01,bank_delayed,cadence90_cd2,242,242,65,51,0.9019607843137255,1.2745098039215685,5,0.15030660125998233,0.19834710743801653,0.3384615384615385,1.7064102564102566,29.204786366504518,0.9584874787844094
tabm_periodic_kzt_120m_s0_bankaug_kztcal,2025-01-01,bank_delayed,cadence90_cd3,242,242,52,51,0.8431372549019608,1.0196078431372548,8,0.15030660125998233,0.19834710743801653,0.3269230769230769,1.6482371794871795,32.658773990477634,4.412475102757524
tabm_periodic_kzt_120m_s0_bankaug_kztcal,2025-01-01,bank_delayed,legacy,242,242,48,51,0.7843137254901961,0.9411764705882353,11,0.15030660125998233,0.19834710743801653,0.4375,2.2057291666666665,48.09502909861789,19.848730210897784
tabm_periodic_kzt_120m_s0_bankaug_kztcal,2025-01-01,both_delayed,cadence85_cd2,242,242,80,51,0.9607843137254902,1.5686274509803921,2,0.4419734061315537,0.19834710743801653,0.1375,0.6932291666666667,-18.120635555098794,-46.3669344428189
tabm_periodic_kzt_120m_s0_bankaug_kztcal,2025-01-01,both_delayed,cadence90_cd2,242,242,80,51,0.9607843137254902,1.5686274509803921,2,0.4419734061315537,0.19834710743801653,0.1375,0.6932291666666667,-18.120635555098794,-46.3669344428189
tabm_periodic_kzt_120m_s0_bankaug_kztcal,2025-01-01,both_delayed,cadence90_cd3,242,242,60,51,0.9411764705882353,1.1764705882352942,3,0.4419734061315537,0.19834710743801653,0.15,0.75625,-0.8203922012711118,-29.06669108899122
tabm_periodic_kzt_120m_s0_bankaug_kztcal,2025-01-01,both_delayed,legacy,242,242,60,51,0.9411764705882353,1.1764705882352942,3,0.4419734061315537,0.19834710743801653,0.15,0.75625,-0.8203922012711118,-29.06669108899122
tabm_periodic_kzt_120m_s0_bankaug_kztcal,2025-01-01,normal,cadence85_cd2,242,242,63,51,0.9215686274509803,1.2352941176470589,4,0.14377374259784206,0.19834710743801653,0.36507936507936506,1.8406084656084654,46.17872930145526,17.932430413735155
tabm_periodic_kzt_120m_s0_bankaug_kztcal,2025-01-01,normal,cadence90_cd2,242,242,63,51,0.9215686274509803,1.2352941176470589,4,0.14377374259784206,0.19834710743801653,0.36507936507936506,1.8406084656084654,46.17872930145526,17.932430413735155
tabm_periodic_kzt_120m_s0_bankaug_kztcal,2025-01-01,normal,cadence90_cd3,242,242,54,51,0.9019607843137255,1.0588235294117647,5,0.14377374259784206,0.19834710743801653,0.3333333333333333,1.6805555555555554,46.3431032425047,18.096804354784588
tabm_periodic_kzt_120m_s0_bankaug_kztcal,2025-01-01,normal,legacy,242,242,49,51,0.8235294117647058,0.9607843137254902,9,0.14377374259784206,0.19834710743801653,0.3469387755102041,1.7491496598639455,40.26756485932621,12.021265971606097
tabm_periodic_kzt_120m_s0_bankaug_kztcal,2025-01-01,oxr_delayed,cadence85_cd2,242,242,80,51,0.9607843137254902,1.5686274509803921,2,0.4383551038571693,0.19834710743801653,0.1375,0.6932291666666667,-18.120635555098794,-46.3669344428189
tabm_periodic_kzt_120m_s0_bankaug_kztcal,2025-01-01,oxr_delayed,cadence90_cd2,242,242,80,51,0.9607843137254902,1.5686274509803921,2,0.4383551038571693,0.19834710743801653,0.1375,0.6932291666666667,-18.120635555098794,-46.3669344428189
tabm_periodic_kzt_120m_s0_bankaug_kztcal,2025-01-01,oxr_delayed,cadence90_cd3,242,242,60,51,0.9411764705882353,1.1764705882352942,3,0.4383551038571693,0.19834710743801653,0.15,0.75625,-0.8203922012711118,-29.06669108899122
tabm_periodic_kzt_120m_s0_bankaug_kztcal,2025-01-01,oxr_delayed,legacy,242,242,60,51,0.9411764705882353,1.1764705882352942,3,0.4383551038571693,0.19834710743801653,0.15,0.75625,-0.8203922012711118,-29.06669108899122
tabm_periodic_kzt_120m_s0_bankaug_kztcal,2026-01-01,bank_delayed,cadence85_cd2,156,156,41,33,0.8787878787878788,1.2424242424242424,4,0.2261147517740232,0.36538461538461536,0.4634146341463415,1.2682926829268295,42.42547999876243,79.59005629048154
tabm_periodic_kzt_120m_s0_bankaug_kztcal,2026-01-01,bank_delayed,cadence90_cd2,156,156,42,33,0.9090909090909091,1.2727272727272727,3,0.2261147517740232,0.36538461538461536,0.5,1.368421052631579,45.30755003088154,82.47212632260066
tabm_periodic_kzt_120m_s0_bankaug_kztcal,2026-01-01,bank_delayed,cadence90_cd3,156,156,36,33,0.9393939393939394,1.0909090909090908,2,0.2261147517740232,0.36538461538461536,0.4722222222222222,1.2923976608187135,26.98604057544452,64.15061686716363
tabm_periodic_kzt_120m_s0_bankaug_kztcal,2026-01-01,bank_delayed,legacy,156,156,35,33,0.9090909090909091,1.0606060606060606,3,0.2261147517740232,0.36538461538461536,0.4,1.0947368421052632,21.572563720983652,58.73714001270277
tabm_periodic_kzt_120m_s0_bankaug_kztcal,2026-01-01,both_delayed,cadence85_cd2,156,156,45,33,0.9393939393939394,1.3636363636363635,2,0.22321383610192141,0.36538461538461536,0.4444444444444444,1.2163742690058479,37.2427749581385,74.40735124985761
tabm_periodic_kzt_120m_s0_bankaug_kztcal,2026-01-01,both_delayed,cadence90_cd2,156,156,45,33,0.9393939393939394,1.3636363636363635,2,0.22321383610192141,0.36538461538461536,0.4444444444444444,1.2163742690058479,37.2427749581385,74.40735124985761
tabm_periodic_kzt_120m_s0_bankaug_kztcal,2026-01-01,both_delayed,cadence90_cd3,156,156,39,33,1.0,1.1818181818181819,0,0.22321383610192141,0.36538461538461536,0.3333333333333333,0.9122807017543859,10.827763976814225,47.99234026853334
tabm_periodic_kzt_120m_s0_bankaug_kztcal,2026-01-01,both_delayed,legacy,156,156,37,33,0.9696969696969697,1.121212121212121,1,0.22321383610192141,0.36538461538461536,0.35135135135135137,0.961593172119488,20.693390613423773,57.85796690514289
tabm_periodic_kzt_120m_s0_bankaug_kztcal,2026-01-01,normal,cadence85_cd2,156,156,41,33,0.9393939393939394,1.2424242424242424,2,0.21919157034907408,0.36538461538461536,0.5121951219512195,1.4017971758664955,45.09277796956003,82.25735426127915
tabm_periodic_kzt_120m_s0_bankaug_kztcal,2026-01-01,normal,cadence90_cd2,156,156,41,33,0.9393939393939394,1.2424242424242424,2,0.21919157034907408,0.36538461538461536,0.4634146341463415,1.2682926829268295,38.447985571145495,75.61256186286461
tabm_periodic_kzt_120m_s0_bankaug_kztcal,2026-01-01,normal,cadence90_cd3,156,156,35,33,0.9696969696969697,1.0606060606060606,1,0.21919157034907408,0.36538461538461536,0.4857142857142857,1.3293233082706768,39.945360112166966,77.10993640388608
tabm_periodic_kzt_120m_s0_bankaug_kztcal,2026-01-01,normal,legacy,156,156,34,33,0.9090909090909091,1.0303030303030303,3,0.21919157034907408,0.36538461538461536,0.5588235294117647,1.5294117647058825,46.56390990122236,83.72848619294147
tabm_periodic_kzt_120m_s0_bankaug_kztcal,2026-01-01,oxr_delayed,cadence85_cd2,156,156,44,33,0.9696969696969697,1.3333333333333333,1,0.21525770134660732,0.36538461538461536,0.5681818181818182,1.5550239234449763,39.46038075760056,76.62495704931968
tabm_periodic_kzt_120m_s0_bankaug_kztcal,2026-01-01,oxr_delayed,cadence90_cd2,156,156,45,33,0.9696969696969697,1.3636363636363635,1,0.21525770134660732,0.36538461538461536,0.4666666666666667,1.2771929824561405,31.870092164958265,69.03466845667738
tabm_periodic_kzt_120m_s0_bankaug_kztcal,2026-01-01,oxr_delayed,cadence90_cd3,156,156,35,33,0.9090909090909091,1.0606060606060606,3,0.21525770134660732,0.36538461538461536,0.5428571428571428,1.4857142857142858,35.30502734705597,72.46960363877508
tabm_periodic_kzt_120m_s0_bankaug_kztcal,2026-01-01,oxr_delayed,legacy,156,156,35,33,0.9696969696969697,1.0606060606060606,1,0.21525770134660732,0.36538461538461536,0.5142857142857142,1.4075187969924812,50.40144422676363,87.56602051848274
tabm_periodic_kzt_120m_s0_kztcal,2025-01-01,bank_delayed,cadence85_cd2,242,242,65,51,0.9019607843137255,1.2745098039215685,5,0.14798747953912253,0.19834710743801653,0.26153846153846155,1.3185897435897436,16.46860759242502,-11.777691295295089
tabm_periodic_kzt_120m_s0_kztcal,2025-01-01,bank_delayed,cadence90_cd2,242,242,80,51,0.9803921568627451,1.5686274509803921,1,0.14798747953912253,0.19834710743801653,0.2,1.0083333333333333,5.1350089454748336,-23.111289942245275
tabm_periodic_kzt_120m_s0_kztcal,2025-01-01,bank_delayed,cadence90_cd3,242,242,50,51,0.8431372549019608,0.9803921568627451,8,0.14798747953912253,0.19834710743801653,0.3,1.5125,25.437600277938607,-2.8086986097815014
tabm_periodic_kzt_120m_s0_kztcal,2025-01-01,bank_delayed,legacy,242,242,49,51,0.8431372549019608,0.9607843137254902,8,0.14798747953912253,0.19834710743801653,0.3673469387755102,1.8520408163265307,38.67870424871077,10.43240536099066
tabm_periodic_kzt_120m_s0_kztcal,2025-01-01,both_delayed,cadence85_cd2,242,242,80,51,0.9607843137254902,1.5686274509803921,2,0.5129966008395599,0.19834710743801653,0.1375,0.6932291666666667,-18.120635555098794,-46.3669344428189
tabm_periodic_kzt_120m_s0_kztcal,2025-01-01,both_delayed,cadence90_cd2,242,242,80,51,0.9607843137254902,1.5686274509803921,2,0.5129966008395599,0.19834710743801653,0.1375,0.6932291666666667,-18.120635555098794,-46.3669344428189
tabm_periodic_kzt_120m_s0_kztcal,2025-01-01,both_delayed,cadence90_cd3,242,242,60,51,0.9411764705882353,1.1764705882352942,3,0.5129966008395599,0.19834710743801653,0.15,0.75625,-0.8203922012711118,-29.06669108899122
tabm_periodic_kzt_120m_s0_kztcal,2025-01-01,both_delayed,legacy,242,242,60,51,0.9411764705882353,1.1764705882352942,3,0.5129966008395599,0.19834710743801653,0.15,0.75625,-0.8203922012711118,-29.06669108899122
tabm_periodic_kzt_120m_s0_kztcal,2025-01-01,normal,cadence85_cd2,242,242,65,51,0.9019607843137255,1.2745098039215685,5,0.14392059470168075,0.19834710743801653,0.3076923076923077,1.5512820512820513,26.052805574605095,-2.1934933131150127
tabm_periodic_kzt_120m_s0_kztcal,2025-01-01,normal,cadence90_cd2,242,242,80,51,0.9803921568627451,1.5686274509803921,1,0.14392059470168075,0.19834710743801653,0.2125,1.0713541666666666,6.928156101331112,-21.318142786388997
tabm_periodic_kzt_120m_s0_kztcal,2025-01-01,normal,cadence90_cd3,242,242,54,51,0.9215686274509803,1.0588235294117647,4,0.14392059470168075,0.19834710743801653,0.2777777777777778,1.400462962962963,31.703482834270037,3.4571839465499274
tabm_periodic_kzt_120m_s0_kztcal,2025-01-01,normal,legacy,242,242,50,51,0.8627450980392157,0.9803921568627451,7,0.14392059470168075,0.19834710743801653,0.3,1.5125,42.319902320613785,14.073603432893679
tabm_periodic_kzt_120m_s0_kztcal,2025-01-01,oxr_delayed,cadence85_cd2,242,242,80,51,0.9607843137254902,1.5686274509803921,2,0.5121118362346174,0.19834710743801653,0.1375,0.6932291666666667,-18.120635555098794,-46.3669344428189
tabm_periodic_kzt_120m_s0_kztcal,2025-01-01,oxr_delayed,cadence90_cd2,242,242,80,51,0.9607843137254902,1.5686274509803921,2,0.5121118362346174,0.19834710743801653,0.1375,0.6932291666666667,-18.120635555098794,-46.3669344428189
tabm_periodic_kzt_120m_s0_kztcal,2025-01-01,oxr_delayed,cadence90_cd3,242,242,60,51,0.9411764705882353,1.1764705882352942,3,0.5121118362346174,0.19834710743801653,0.15,0.75625,-0.8203922012711118,-29.06669108899122
tabm_periodic_kzt_120m_s0_kztcal,2025-01-01,oxr_delayed,legacy,242,242,60,51,0.9411764705882353,1.1764705882352942,3,0.5121118362346174,0.19834710743801653,0.15,0.75625,-0.8203922012711118,-29.06669108899122
tabm_periodic_kzt_120m_s0_kztcal,2026-01-01,bank_delayed,cadence85_cd2,156,156,38,33,0.8484848484848485,1.1515151515151516,5,0.2085696144736253,0.36538461538461536,0.47368421052631576,1.296398891966759,58.7766928043889,95.94126909610802
tabm_periodic_kzt_120m_s0_kztcal,2026-01-01,bank_delayed,cadence90_cd2,156,156,41,33,0.8787878787878788,1.2424242424242424,4,0.2085696144736253,0.36538461538461536,0.43902439024390244,1.2015404364569962,35.673108896437626,72.83768518815674
tabm_periodic_kzt_120m_s0_kztcal,2026-01-01,bank_delayed,cadence90_cd3,156,156,36,33,0.9090909090909091,1.0909090909090908,3,0.2085696144736253,0.36538461538461536,0.3888888888888889,1.064327485380117,6.903528595572219,44.068104887291334
tabm_periodic_kzt_120m_s0_kztcal,2026-01-01,bank_delayed,legacy,156,156,35,33,0.9090909090909091,1.0606060606060606,3,0.2085696144736253,0.36538461538461536,0.4,1.0947368421052632,9.980893056463657,47.14546934818277
tabm_periodic_kzt_120m_s0_kztcal,2026-01-01,both_delayed,cadence85_cd2,156,156,37,33,0.8181818181818182,1.121212121212121,6,0.2107182971198546,0.36538461538461536,0.4864864864864865,1.3314366998577527,59.40700965177484,96.57158594349396
tabm_periodic_kzt_120m_s0_kztcal,2026-01-01,both_delayed,cadence90_cd2,156,156,41,33,0.8787878787878788,1.2424242424242424,4,0.2107182971198546,0.36538461538461536,0.4146341463414634,1.134788189987163,39.51498334553135,76.67955963725046
tabm_periodic_kzt_120m_s0_kztcal,2026-01-01,both_delayed,cadence90_cd3,156,156,36,33,0.9393939393939394,1.0909090909090908,2,0.2107182971198546,0.36538461538461536,0.3888888888888889,1.064327485380117,29.771152114260218,66.93572840597933
tabm_periodic_kzt_120m_s0_kztcal,2026-01-01,both_delayed,legacy,156,156,36,33,0.9696969696969697,1.0909090909090908,1,0.2107182971198546,0.36538461538461536,0.3888888888888889,1.064327485380117,26.711659982941995,63.87623627466111
tabm_periodic_kzt_120m_s0_kztcal,2026-01-01,normal,cadence85_cd2,156,156,40,33,0.9090909090909091,1.2121212121212122,3,0.1933954679077761,0.36538461538461536,0.5,1.368421052631579,57.440789764221364,94.60536605594048
tabm_periodic_kzt_120m_s0_kztcal,2026-01-01,normal,cadence90_cd2,156,156,42,33,0.9090909090909091,1.2727272727272727,3,0.1933954679077761,0.36538461538461536,0.5238095238095238,1.4335839598997495,52.66786477880521,89.83244107052433
tabm_periodic_kzt_120m_s0_kztcal,2026-01-01,normal,cadence90_cd3,156,156,34,33,0.9090909090909091,1.0303030303030303,3,0.1933954679077761,0.36538461538461536,0.5294117647058824,1.4489164086687307,47.892519001332346,85.05709529305146
tabm_periodic_kzt_120m_s0_kztcal,2026-01-01,normal,legacy,156,156,34,33,0.9090909090909091,1.0303030303030303,3,0.1933954679077761,0.36538461538461536,0.5294117647058824,1.4489164086687307,47.892519001332346,85.05709529305146
tabm_periodic_kzt_120m_s0_kztcal,2026-01-01,oxr_delayed,cadence85_cd2,156,156,41,33,0.9090909090909091,1.2424242424242424,3,0.19422529401771332,0.36538461538461536,0.4146341463414634,1.134788189987163,45.550273328594,82.71484962031312
tabm_periodic_kzt_120m_s0_kztcal,2026-01-01,oxr_delayed,cadence90_cd2,156,156,42,33,0.9090909090909091,1.2727272727272727,3,0.19422529401771332,0.36538461538461536,0.4523809523809524,1.2380952380952381,41.24846101816122,78.41303730988034
tabm_periodic_kzt_120m_s0_kztcal,2026-01-01,oxr_delayed,cadence90_cd3,156,156,33,33,0.8787878787878788,1.0,4,0.19422529401771332,0.36538461538461536,0.5151515151515151,1.4098883572567784,50.371230714756635,87.53580700647575
tabm_periodic_kzt_120m_s0_kztcal,2026-01-01,oxr_delayed,legacy,156,156,33,33,0.8787878787878788,1.0,4,0.19422529401771332,0.36538461538461536,0.5151515151515151,1.4098883572567784,50.371230714756635,87.53580700647575
tabm_periodic_kzt_120m_s0_noage_kztcal,2025-01-01,bank_delayed,cadence85_cd2,242,242,72,51,0.9607843137254902,1.411764705882353,2,0.14515841740744093,0.19834710743801653,0.2222222222222222,1.1203703703703702,11.818478639546065,-16.427820248174044
tabm_periodic_kzt_120m_s0_noage_kztcal,2025-01-01,bank_delayed,cadence90_cd2,242,242,72,51,0.9607843137254902,1.411764705882353,2,0.14515841740744093,0.19834710743801653,0.2222222222222222,1.1203703703703702,11.818478639546065,-16.427820248174044
tabm_periodic_kzt_120m_s0_noage_kztcal,2025-01-01,bank_delayed,cadence90_cd3,242,242,45,51,0.803921568627451,0.8823529411764706,10,0.14515841740744093,0.19834710743801653,0.35555555555555557,1.7925925925925925,45.80557438055685,17.55927549283674
tabm_periodic_kzt_120m_s0_noage_kztcal,2025-01-01,bank_delayed,legacy,242,242,45,51,0.803921568627451,0.8823529411764706,10,0.14515841740744093,0.19834710743801653,0.35555555555555557,1.7925925925925925,45.80557438055685,17.55927549283674
tabm_periodic_kzt_120m_s0_noage_kztcal,2025-01-01,both_delayed,cadence85_cd2,242,242,70,51,0.9215686274509803,1.3725490196078431,4,0.1461224563520015,0.19834710743801653,0.2714285714285714,1.3684523809523808,17.971893683079244,-10.274405204640866
tabm_periodic_kzt_120m_s0_noage_kztcal,2025-01-01,both_delayed,cadence90_cd2,242,242,70,51,0.9215686274509803,1.3725490196078431,4,0.1461224563520015,0.19834710743801653,0.2714285714285714,1.3684523809523808,17.971893683079244,-10.274405204640866
tabm_periodic_kzt_120m_s0_noage_kztcal,2025-01-01,both_delayed,cadence90_cd3,242,242,47,51,0.8823529411764706,0.9215686274509803,6,0.1461224563520015,0.19834710743801653,0.2978723404255319,1.50177304964539,37.586843534241694,9.340544646521588
tabm_periodic_kzt_120m_s0_noage_kztcal,2025-01-01,both_delayed,legacy,242,242,47,51,0.8823529411764706,0.9215686274509803,6,0.1461224563520015,0.19834710743801653,0.2978723404255319,1.50177304964539,37.586843534241694,9.340544646521588
tabm_periodic_kzt_120m_s0_noage_kztcal,2025-01-01,normal,cadence85_cd2,242,242,72,51,0.9411764705882353,1.411764705882353,3,0.14444794182054588,0.19834710743801653,0.2361111111111111,1.1903935185185184,10.461989493380909,-17.7843093943392
tabm_periodic_kzt_120m_s0_noage_kztcal,2025-01-01,normal,cadence90_cd2,242,242,72,51,0.9411764705882353,1.411764705882353,3,0.14444794182054588,0.19834710743801653,0.2361111111111111,1.1903935185185184,10.461989493380909,-17.7843093943392
tabm_periodic_kzt_120m_s0_noage_kztcal,2025-01-01,normal,cadence90_cd3,242,242,45,51,0.7450980392156863,0.8823529411764706,13,0.14444794182054588,0.19834710743801653,0.28888888888888886,1.4564814814814813,42.116566772049424,13.870267884329312
tabm_periodic_kzt_120m_s0_noage_kztcal,2025-01-01,normal,legacy,242,242,45,51,0.7450980392156863,0.8823529411764706,13,0.14444794182054588,0.19834710743801653,0.28888888888888886,1.4564814814814813,42.116566772049424,13.870267884329312
tabm_periodic_kzt_120m_s0_noage_kztcal,2025-01-01,oxr_delayed,cadence85_cd2,242,242,73,51,0.9607843137254902,1.4313725490196079,2,0.14491927290046058,0.19834710743801653,0.3150684931506849,1.588470319634703,21.59353495641457,-6.65276393130554
tabm_periodic_kzt_120m_s0_noage_kztcal,2025-01-01,oxr_delayed,cadence90_cd2,242,242,73,51,0.9607843137254902,1.4313725490196079,2,0.14491927290046058,0.19834710743801653,0.3150684931506849,1.588470319634703,21.59353495641457,-6.65276393130554
tabm_periodic_kzt_120m_s0_noage_kztcal,2025-01-01,oxr_delayed,cadence90_cd3,242,242,47,51,0.8235294117647058,0.9215686274509803,9,0.14491927290046058,0.19834710743801653,0.2978723404255319,1.50177304964539,32.03591557480458,3.789616687084469
tabm_periodic_kzt_120m_s0_noage_kztcal,2025-01-01,oxr_delayed,legacy,242,242,47,51,0.8235294117647058,0.9215686274509803,9,0.14491927290046058,0.19834710743801653,0.2978723404255319,1.50177304964539,33.45438242646709,5.208083538746981
tabm_periodic_kzt_120m_s0_noage_kztcal,2026-01-01,bank_delayed,cadence85_cd2,156,156,42,33,0.9090909090909091,1.2727272727272727,3,0.20700540848272495,0.36538461538461536,0.47619047619047616,1.3032581453634084,36.647635567865294,73.81221185958441
tabm_periodic_kzt_120m_s0_noage_kztcal,2026-01-01,bank_delayed,cadence90_cd2,156,156,42,33,0.9090909090909091,1.2727272727272727,3,0.20700540848272495,0.36538461538461536,0.47619047619047616,1.3032581453634084,36.647635567865294,73.81221185958441
tabm_periodic_kzt_120m_s0_noage_kztcal,2026-01-01,bank_delayed,cadence90_cd3,156,156,36,33,0.9090909090909091,1.0909090909090908,3,0.20700540848272495,0.36538461538461536,0.3888888888888889,1.064327485380117,17.823402895544135,54.98797918726325
tabm_periodic_kzt_120m_s0_noage_kztcal,2026-01-01,bank_delayed,legacy,156,156,35,33,0.9090909090909091,1.0606060606060606,3,0.20700540848272495,0.36538461538461536,0.42857142857142855,1.1729323308270676,27.147822796640995,64.31239908836011
tabm_periodic_kzt_120m_s0_noage_kztcal,2026-01-01,both_delayed,cadence85_cd2,156,156,42,33,0.9090909090909091,1.2727272727272727,3,0.20794422879456403,0.36538461538461536,0.4523809523809524,1.2380952380952381,33.99505330456812,71.15962959628723
tabm_periodic_kzt_120m_s0_noage_kztcal,2026-01-01,both_delayed,cadence90_cd2,156,156,42,33,0.9090909090909091,1.2727272727272727,3,0.20794422879456403,0.36538461538461536,0.4523809523809524,1.2380952380952381,33.99505330456812,71.15962959628723
tabm_periodic_kzt_120m_s0_noage_kztcal,2026-01-01,both_delayed,cadence90_cd3,156,156,36,33,0.9393939393939394,1.0909090909090908,2,0.20794422879456403,0.36538461538461536,0.3888888888888889,1.064327485380117,37.44387096636258,74.6084472580817
tabm_periodic_kzt_120m_s0_noage_kztcal,2026-01-01,both_delayed,legacy,156,156,36,33,0.9696969696969697,1.0909090909090908,1,0.20794422879456403,0.36538461538461536,0.3888888888888889,1.064327485380117,30.608193913804186,67.7727702055233
tabm_periodic_kzt_120m_s0_noage_kztcal,2026-01-01,normal,cadence85_cd2,156,156,43,33,0.9393939393939394,1.303030303030303,2,0.19655042268378137,0.36538461538461536,0.4883720930232558,1.3365973072215422,34.98867885814761,72.15325514986672
tabm_periodic_kzt_120m_s0_noage_kztcal,2026-01-01,normal,cadence90_cd2,156,156,43,33,0.9393939393939394,1.303030303030303,2,0.19655042268378137,0.36538461538461536,0.4883720930232558,1.3365973072215422,34.98867885814761,72.15325514986672
tabm_periodic_kzt_120m_s0_noage_kztcal,2026-01-01,normal,cadence90_cd3,156,156,35,33,0.9696969696969697,1.0606060606060606,1,0.19655042268378137,0.36538461538461536,0.42857142857142855,1.1729323308270676,48.056578433121885,85.221154724841
tabm_periodic_kzt_120m_s0_noage_kztcal,2026-01-01,normal,legacy,156,156,35,33,0.9393939393939394,1.0606060606060606,2,0.19655042268378137,0.36538461538461536,0.42857142857142855,1.1729323308270676,46.42435513946252,83.58893143118163
tabm_periodic_kzt_120m_s0_noage_kztcal,2026-01-01,oxr_delayed,cadence85_cd2,156,156,42,33,0.9393939393939394,1.2727272727272727,2,0.1964082540346807,0.36538461538461536,0.47619047619047616,1.3032581453634084,42.88915454500021,80.05373083671932
tabm_periodic_kzt_120m_s0_noage_kztcal,2026-01-01,oxr_delayed,cadence90_cd2,156,156,42,33,0.9393939393939394,1.2727272727272727,2,0.1964082540346807,0.36538461538461536,0.47619047619047616,1.3032581453634084,42.88915454500021,80.05373083671932
tabm_periodic_kzt_120m_s0_noage_kztcal,2026-01-01,oxr_delayed,cadence90_cd3,156,156,35,33,0.9696969696969697,1.0606060606060606,1,0.1964082540346807,0.36538461538461536,0.42857142857142855,1.1729323308270676,48.056578433121885,85.221154724841
tabm_periodic_kzt_120m_s0_noage_kztcal,2026-01-01,oxr_delayed,legacy,156,156,35,33,0.9696969696969697,1.0606060606060606,1,0.1964082540346807,0.36538461538461536,0.42857142857142855,1.1729323308270676,48.056578433121885,85.221154724841
tabm_periodic_kzt_120m_s1_kztcal,2025-01-01,bank_delayed,cadence85_cd2,242,242,67,51,0.9215686274509803,1.3137254901960784,4,0.15125568941393167,0.19834710743801653,0.2835820895522388,1.4297263681592038,21.543509026063393,-6.702789861656714
tabm_periodic_kzt_120m_s1_kztcal,2025-01-01,bank_delayed,cadence90_cd2,242,242,72,51,0.9411764705882353,1.411764705882353,3,0.15125568941393167,0.19834710743801653,0.20833333333333334,1.0503472222222223,13.917035084324967,-14.329263803395142
tabm_periodic_kzt_120m_s1_kztcal,2025-01-01,bank_delayed,cadence90_cd3,242,242,56,51,0.9019607843137255,1.0980392156862746,5,0.15125568941393167,0.19834710743801653,0.25,1.2604166666666667,17.583376615201228,-10.66292227251888
tabm_periodic_kzt_120m_s1_kztcal,2025-01-01,bank_delayed,legacy,242,242,57,51,0.9215686274509803,1.1176470588235294,4,0.15125568941393167,0.19834710743801653,0.22807017543859648,1.1498538011695905,17.699548336890285,-10.546750550829824
tabm_periodic_kzt_120m_s1_kztcal,2025-01-01,both_delayed,cadence85_cd2,242,242,80,51,0.9607843137254902,1.5686274509803921,2,0.35350923905873427,0.19834710743801653,0.1375,0.6932291666666667,-18.120635555098794,-46.3669344428189
tabm_periodic_kzt_120m_s1_kztcal,2025-01-01,both_delayed,cadence90_cd2,242,242,80,51,0.9607843137254902,1.5686274509803921,2,0.35350923905873427,0.19834710743801653,0.1375,0.6932291666666667,-18.120635555098794,-46.3669344428189
tabm_periodic_kzt_120m_s1_kztcal,2025-01-01,both_delayed,cadence90_cd3,242,242,60,51,0.9411764705882353,1.1764705882352942,3,0.35350923905873427,0.19834710743801653,0.15,0.75625,-0.8203922012711118,-29.06669108899122
tabm_periodic_kzt_120m_s1_kztcal,2025-01-01,both_delayed,legacy,242,242,60,51,0.9411764705882353,1.1764705882352942,3,0.35350923905873427,0.19834710743801653,0.15,0.75625,-0.8203922012711118,-29.06669108899122
tabm_periodic_kzt_120m_s1_kztcal,2025-01-01,normal,cadence85_cd2,242,242,67,51,0.9607843137254902,1.3137254901960784,2,0.14927375958654068,0.19834710743801653,0.29850746268656714,1.5049751243781093,25.64426736237523,-2.602031525344879
tabm_periodic_kzt_120m_s1_kztcal,2025-01-01,normal,cadence90_cd2,242,242,74,51,0.9607843137254902,1.4509803921568627,2,0.14927375958654068,0.19834710743801653,0.2702702702702703,1.3626126126126126,10.976587600493094,-17.269711287227015
tabm_periodic_kzt_120m_s1_kztcal,2025-01-01,normal,cadence90_cd3,242,242,56,51,0.9215686274509803,1.0980392156862746,4,0.14927375958654068,0.19834710743801653,0.25,1.2604166666666667,25.41660932236007,-2.8296895653600376
tabm_periodic_kzt_120m_s1_kztcal,2025-01-01,normal,legacy,242,242,56,51,0.9215686274509803,1.0980392156862746,4,0.14927375958654068,0.19834710743801653,0.25,1.2604166666666667,25.41660932236007,-2.8296895653600376
tabm_periodic_kzt_120m_s1_kztcal,2025-01-01,oxr_delayed,cadence85_cd2,242,242,80,51,0.9607843137254902,1.5686274509803921,2,0.34185048155874054,0.19834710743801653,0.1375,0.6932291666666667,-18.120635555098794,-46.3669344428189
tabm_periodic_kzt_120m_s1_kztcal,2025-01-01,oxr_delayed,cadence90_cd2,242,242,80,51,0.9607843137254902,1.5686274509803921,2,0.34185048155874054,0.19834710743801653,0.1375,0.6932291666666667,-18.120635555098794,-46.3669344428189
tabm_periodic_kzt_120m_s1_kztcal,2025-01-01,oxr_delayed,cadence90_cd3,242,242,60,51,0.9411764705882353,1.1764705882352942,3,0.34185048155874054,0.19834710743801653,0.15,0.75625,-0.8203922012711118,-29.06669108899122
tabm_periodic_kzt_120m_s1_kztcal,2025-01-01,oxr_delayed,legacy,242,242,60,51,0.9411764705882353,1.1764705882352942,3,0.34185048155874054,0.19834710743801653,0.15,0.75625,-0.8203922012711118,-29.06669108899122
tabm_periodic_kzt_120m_s1_kztcal,2026-01-01,bank_delayed,cadence85_cd2,156,156,41,33,0.9090909090909091,1.2424242424242424,3,0.2076053705278651,0.36538461538461536,0.4878048780487805,1.3350449293966624,41.469163221699844,78.63373951341896
tabm_periodic_kzt_120m_s1_kztcal,2026-01-01,bank_delayed,cadence90_cd2,156,156,43,33,0.9393939393939394,1.303030303030303,2,0.2076053705278651,0.36538461538461536,0.46511627906976744,1.2729498164014688,26.615028793263534,63.77960508498265
tabm_periodic_kzt_120m_s1_kztcal,2026-01-01,bank_delayed,cadence90_cd3,156,156,36,33,0.9090909090909091,1.0909090909090908,3,0.2076053705278651,0.36538461538461536,0.3888888888888889,1.064327485380117,15.170454194714374,52.33503048643349
tabm_periodic_kzt_120m_s1_kztcal,2026-01-01,bank_delayed,legacy,156,156,36,33,0.9090909090909091,1.0909090909090908,3,0.2076053705278651,0.36538461538461536,0.4444444444444444,1.2163742690058479,23.840197050610257,61.00477334232937
tabm_periodic_kzt_120m_s1_kztcal,2026-01-01,both_delayed,cadence85_cd2,156,156,50,33,1.0,1.5151515151515151,0,0.20209236556232593,0.36538461538461536,0.38,1.04,17.53717358404655,54.701749875765664
tabm_periodic_kzt_120m_s1_kztcal,2026-01-01,both_delayed,cadence90_cd2,156,156,50,33,1.0,1.5151515151515151,0,0.20209236556232593,0.36538461538461536,0.38,1.04,17.53717358404655,54.701749875765664
tabm_periodic_kzt_120m_s1_kztcal,2026-01-01,both_delayed,cadence90_cd3,156,156,39,33,0.9696969696969697,1.1818181818181819,1,0.20209236556232593,0.36538461538461536,0.3333333333333333,0.9122807017543859,9.935210836592809,47.099787128311924
tabm_periodic_kzt_120m_s1_kztcal,2026-01-01,both_delayed,legacy,156,156,39,33,0.9696969696969697,1.1818181818181819,1,0.20209236556232593,0.36538461538461536,0.3333333333333333,0.9122807017543859,9.935210836592809,47.099787128311924
tabm_periodic_kzt_120m_s1_kztcal,2026-01-01,normal,cadence85_cd2,156,156,43,33,0.9696969696969697,1.303030303030303,1,0.19997756924198426,0.36538461538461536,0.4883720930232558,1.3365973072215422,37.78742516336786,74.95200145508697
tabm_periodic_kzt_120m_s1_kztcal,2026-01-01,normal,cadence90_cd2,156,156,44,33,0.9696969696969697,1.3333333333333333,1,0.19997756924198426,0.36538461538461536,0.5,1.368421052631579,31.96864434804222,69.13322063976133
tabm_periodic_kzt_120m_s1_kztcal,2026-01-01,normal,cadence90_cd3,156,156,35,33,0.9696969696969697,1.0606060606060606,1,0.19997756924198426,0.36538461538461536,0.4857142857142857,1.3293233082706768,40.89908666855338,78.0636629602725
tabm_periodic_kzt_120m_s1_kztcal,2026-01-01,normal,legacy,156,156,35,33,0.9696969696969697,1.0606060606060606,1,0.19997756924198426,0.36538461538461536,0.4857142857142857,1.3293233082706768,40.89908666855338,78.0636629602725
tabm_periodic_kzt_120m_s1_kztcal,2026-01-01,oxr_delayed,cadence85_cd2,156,156,49,33,0.9696969696969697,1.4848484848484849,1,0.19429274231154936,0.36538461538461536,0.40816326530612246,1.117078410311493,10.030646216847053,47.19522250856617
tabm_periodic_kzt_120m_s1_kztcal,2026-01-01,oxr_delayed,cadence90_cd2,156,156,49,33,0.9696969696969697,1.4848484848484849,1,0.19429274231154936,0.36538461538461536,0.40816326530612246,1.117078410311493,2.2152830017566743,39.37985929347579
tabm_periodic_kzt_120m_s1_kztcal,2026-01-01,oxr_delayed,cadence90_cd3,156,156,39,33,0.9696969696969697,1.1818181818181819,1,0.19429274231154936,0.36538461538461536,0.3333333333333333,0.9122807017543859,9.935210836592809,47.099787128311924
tabm_periodic_kzt_120m_s1_kztcal,2026-01-01,oxr_delayed,legacy,156,156,38,33,0.9393939393939394,1.1515151515151516,2,0.19429274231154936,0.36538461538461536,0.3157894736842105,0.8642659279778393,-8.038315857885639,29.126260433833476
tabm_periodic_kzt_120m_s2_kztcal,2025-01-01,bank_delayed,cadence85_cd2,242,242,61,51,0.8627450980392157,1.196078431372549,7,0.1455017852119978,0.19834710743801653,0.3114754098360656,1.5703551912568305,33.3939023948915,5.147603507171387
tabm_periodic_kzt_120m_s2_kztcal,2025-01-01,bank_delayed,cadence90_cd2,242,242,67,51,0.9411764705882353,1.3137254901960784,3,0.1455017852119978,0.19834710743801653,0.23880597014925373,1.2039800995024874,20.166868106321935,-8.079430781398171
tabm_periodic_kzt_120m_s2_kztcal,2025-01-01,bank_delayed,cadence90_cd3,242,242,59,51,0.9411764705882353,1.1568627450980393,3,0.1455017852119978,0.19834710743801653,0.2711864406779661,1.3672316384180792,13.521906637487206,-14.724392250232903
tabm_periodic_kzt_120m_s2_kztcal,2025-01-01,bank_delayed,legacy,242,242,45,51,0.803921568627451,0.8823529411764706,10,0.1455017852119978,0.19834710743801653,0.4,2.0166666666666666,55.43766428322259,27.191365395502483
tabm_periodic_kzt_120m_s2_kztcal,2025-01-01,both_delayed,cadence85_cd2,242,242,80,51,0.9607843137254902,1.5686274509803921,2,0.33950094095541433,0.19834710743801653,0.1375,0.6932291666666667,-18.120635555098794,-46.3669344428189
tabm_periodic_kzt_120m_s2_kztcal,2025-01-01,both_delayed,cadence90_cd2,242,242,80,51,0.9607843137254902,1.5686274509803921,2,0.33950094095541433,0.19834710743801653,0.1375,0.6932291666666667,-18.120635555098794,-46.3669344428189
tabm_periodic_kzt_120m_s2_kztcal,2025-01-01,both_delayed,cadence90_cd3,242,242,60,51,0.9215686274509803,1.1764705882352942,4,0.33950094095541433,0.19834710743801653,0.13333333333333333,0.6722222222222222,-10.125706903986675,-38.37200579170678
tabm_periodic_kzt_120m_s2_kztcal,2025-01-01,both_delayed,legacy,242,242,60,51,0.9411764705882353,1.1764705882352942,3,0.33950094095541433,0.19834710743801653,0.15,0.75625,-0.8203922012711118,-29.06669108899122
tabm_periodic_kzt_120m_s2_kztcal,2025-01-01,normal,cadence85_cd2,242,242,60,51,0.8823529411764706,1.1764705882352942,6,0.1440234425981792,0.19834710743801653,0.3,1.5125,44.95737221465642,16.71107332693631
tabm_periodic_kzt_120m_s2_kztcal,2025-01-01,normal,cadence90_cd2,242,242,68,51,0.9411764705882353,1.3333333333333333,3,0.1440234425981792,0.19834710743801653,0.29411764705882354,1.482843137254902,15.845381115831314,-12.400917771888794
tabm_periodic_kzt_120m_s2_kztcal,2025-01-01,normal,cadence90_cd3,242,242,59,51,0.9607843137254902,1.1568627450980393,2,0.1440234425981792,0.19834710743801653,0.2711864406779661,1.3672316384180792,14.352077225891408,-13.8942216618287
tabm_periodic_kzt_120m_s2_kztcal,2025-01-01,normal,legacy,242,242,41,51,0.7647058823529411,0.803921568627451,12,0.1440234425981792,0.19834710743801653,0.3902439024390244,1.967479674796748,70.40006299997518,42.15376411225507
tabm_periodic_kzt_120m_s2_kztcal,2025-01-01,oxr_delayed,cadence85_cd2,242,242,80,51,0.9607843137254902,1.5686274509803921,2,0.3330399379606567,0.19834710743801653,0.1375,0.6932291666666667,-18.120635555098794,-46.3669344428189
tabm_periodic_kzt_120m_s2_kztcal,2025-01-01,oxr_delayed,cadence90_cd2,242,242,80,51,0.9607843137254902,1.5686274509803921,2,0.3330399379606567,0.19834710743801653,0.1375,0.6932291666666667,-18.120635555098794,-46.3669344428189
tabm_periodic_kzt_120m_s2_kztcal,2025-01-01,oxr_delayed,cadence90_cd3,242,242,60,51,0.9215686274509803,1.1764705882352942,4,0.3330399379606567,0.19834710743801653,0.13333333333333333,0.6722222222222222,-10.125706903986675,-38.37200579170678
tabm_periodic_kzt_120m_s2_kztcal,2025-01-01,oxr_delayed,legacy,242,242,60,51,0.9411764705882353,1.1764705882352942,3,0.3330399379606567,0.19834710743801653,0.15,0.75625,-0.8203922012711118,-29.06669108899122
tabm_periodic_kzt_120m_s2_kztcal,2026-01-01,bank_delayed,cadence85_cd2,156,156,39,33,0.8787878787878788,1.1818181818181819,4,0.21039702641961283,0.36538461538461536,0.46153846153846156,1.2631578947368423,48.818409860629956,85.98298615234907
tabm_periodic_kzt_120m_s2_kztcal,2026-01-01,bank_delayed,cadence90_cd2,156,156,42,33,0.9090909090909091,1.2727272727272727,3,0.21039702641961283,0.36538461538461536,0.47619047619047616,1.3032581453634084,43.05187713926587,80.21645343098498
tabm_periodic_kzt_120m_s2_kztcal,2026-01-01,bank_delayed,cadence90_cd3,156,156,36,33,0.9090909090909091,1.0909090909090908,3,0.21039702641961283,0.36538461538461536,0.3888888888888889,1.064327485380117,15.170454194714374,52.33503048643349
tabm_periodic_kzt_120m_s2_kztcal,2026-01-01,bank_delayed,legacy,156,156,35,33,0.9090909090909091,1.0606060606060606,3,0.21039702641961283,0.36538461538461536,0.42857142857142855,1.1729323308270676,24.419075561501792,61.58365185322091
tabm_periodic_kzt_120m_s2_kztcal,2026-01-01,both_delayed,cadence85_cd2,156,156,39,33,0.8484848484848485,1.1818181818181819,5,0.21389425847391857,0.36538461538461536,0.4358974358974359,1.192982456140351,43.152652429712305,80.31722872143142
tabm_periodic_kzt_120m_s2_kztcal,2026-01-01,both_delayed,cadence90_cd2,156,156,40,33,0.8787878787878788,1.2121212121212122,4,0.21389425847391857,0.36538461538461536,0.425,1.1631578947368422,43.252090998056346,80.41666728977546
tabm_periodic_kzt_120m_s2_kztcal,2026-01-01,both_delayed,cadence90_cd3,156,156,37,33,0.9696969696969697,1.121212121212121,1,0.21389425847391857,0.36538461538461536,0.35135135135135137,0.961593172119488,18.405575923621505,55.57015221534062
tabm_periodic_kzt_120m_s2_kztcal,2026-01-01,both_delayed,legacy,156,156,35,33,0.9090909090909091,1.0606060606060606,3,0.21389425847391857,0.36538461538461536,0.4857142857142857,1.3293233082706768,33.33652535613754,70.50110164785666
tabm_periodic_kzt_120m_s2_kztcal,2026-01-01,normal,cadence85_cd2,156,156,40,33,0.8787878787878788,1.2121212121212122,4,0.19836603111443796,0.36538461538461536,0.55,1.505263157894737,66.21511623261752,103.37969252433663
tabm_periodic_kzt_120m_s2_kztcal,2026-01-01,normal,cadence90_cd2,156,156,42,33,0.9393939393939394,1.2727272727272727,2,0.19836603111443796,0.36538461538461536,0.5238095238095238,1.4335839598997495,49.01023871527964,86.17481500699876
tabm_periodic_kzt_120m_s2_kztcal,2026-01-01,normal,cadence90_cd3,156,156,36,33,1.0,1.0909090909090908,0,0.19836603111443796,0.36538461538461536,0.5,1.368421052631579,49.613349932242514,86.77792622396163
tabm_periodic_kzt_120m_s2_kztcal,2026-01-01,normal,legacy,156,156,34,33,0.8787878787878788,1.0303030303030303,4,0.19836603111443796,0.36538461538461536,0.5,1.368421052631579,40.875943731259866,78.04052002297898
tabm_periodic_kzt_120m_s2_kztcal,2026-01-01,oxr_delayed,cadence85_cd2,156,156,39,33,0.8484848484848485,1.1818181818181819,5,0.20089561180147777,0.36538461538461536,0.46153846153846156,1.2631578947368423,66.31477200109877,103.47934829281789
tabm_periodic_kzt_120m_s2_kztcal,2026-01-01,oxr_delayed,cadence90_cd2,156,156,42,33,0.9393939393939394,1.2727272727272727,2,0.20089561180147777,0.36538461538461536,0.47619047619047616,1.3032581453634084,42.056809003208826,79.22138529492794
tabm_periodic_kzt_120m_s2_kztcal,2026-01-01,oxr_delayed,cadence90_cd3,156,156,35,33,0.9393939393939394,1.0606060606060606,2,0.20089561180147777,0.36538461538461536,0.4857142857142857,1.3293233082706768,51.74911630863933,88.91369260035844
tabm_periodic_kzt_120m_s2_kztcal,2026-01-01,oxr_delayed,legacy,156,156,34,33,0.8484848484848485,1.0303030303030303,5,0.20089561180147777,0.36538461538461536,0.47058823529411764,1.2879256965944272,40.22246267582237,77.38703896754149
tabm_periodic_kzt_120m_sensemble3_kztcal,2025-01-01,bank_delayed,cadence85_cd2,242,242,62,51,0.8823529411764706,1.2156862745098038,6,0.14752473708846095,0.19834710743801653,0.2903225806451613,1.463709677419355,30.184336572789245,1.9380376850691363
tabm_periodic_kzt_120m_sensemble3_kztcal,2025-01-01,bank_delayed,cadence90_cd2,242,242,70,51,0.9607843137254902,1.3725490196078431,2,0.14752473708846095,0.19834710743801653,0.2571428571428571,1.2964285714285713,20.25566590722859,-7.99063298049152
tabm_periodic_kzt_120m_sensemble3_kztcal,2025-01-01,bank_delayed,cadence90_cd3,242,242,54,51,0.9019607843137255,1.0588235294117647,5,0.14752473708846095,0.19834710743801653,0.2777777777777778,1.400462962962963,23.21210969721794,-5.034189190502168
tabm_periodic_kzt_120m_sensemble3_kztcal,2025-01-01,bank_delayed,legacy,242,242,48,51,0.8823529411764706,0.9411764705882353,6,0.14752473708846095,0.19834710743801653,0.4166666666666667,2.1006944444444446,42.41835821506991,14.172059327349798
tabm_periodic_kzt_120m_sensemble3_kztcal,2025-01-01,both_delayed,cadence85_cd2,242,242,80,51,0.9607843137254902,1.5686274509803921,2,0.4068874010270805,0.19834710743801653,0.1375,0.6932291666666667,-18.120635555098794,-46.3669344428189
tabm_periodic_kzt_120m_sensemble3_kztcal,2025-01-01,both_delayed,cadence90_cd2,242,242,80,51,0.9607843137254902,1.5686274509803921,2,0.4068874010270805,0.19834710743801653,0.1375,0.6932291666666667,-18.120635555098794,-46.3669344428189
tabm_periodic_kzt_120m_sensemble3_kztcal,2025-01-01,both_delayed,cadence90_cd3,242,242,60,51,0.9411764705882353,1.1764705882352942,3,0.4068874010270805,0.19834710743801653,0.15,0.75625,-0.8203922012711118,-29.06669108899122
tabm_periodic_kzt_120m_sensemble3_kztcal,2025-01-01,both_delayed,legacy,242,242,60,51,0.9411764705882353,1.1764705882352942,3,0.4068874010270805,0.19834710743801653,0.15,0.75625,-0.8203922012711118,-29.06669108899122
tabm_periodic_kzt_120m_sensemble3_kztcal,2025-01-01,normal,cadence85_cd2,242,242,64,51,0.8823529411764706,1.2549019607843137,6,0.14497379091522522,0.19834710743801653,0.3125,1.5755208333333333,33.578731012184505,5.332432124464399
tabm_periodic_kzt_120m_sensemble3_kztcal,2025-01-01,normal,cadence90_cd2,242,242,70,51,0.9607843137254902,1.3725490196078431,2,0.14497379091522522,0.19834710743801653,0.2857142857142857,1.4404761904761905,24.013819561435685,-4.232479326284424
tabm_periodic_kzt_120m_sensemble3_kztcal,2025-01-01,normal,cadence90_cd3,242,242,55,51,0.9411764705882353,1.0784313725490196,3,0.14497379091522522,0.19834710743801653,0.23636363636363636,1.1916666666666667,33.31272899971814,5.066430111998031
tabm_periodic_kzt_120m_sensemble3_kztcal,2025-01-01,normal,legacy,242,242,48,51,0.8235294117647058,0.9411764705882353,9,0.14497379091522522,0.19834710743801653,0.3333333333333333,1.6805555555555554,46.43168566614213,18.185386778422025
tabm_periodic_kzt_120m_sensemble3_kztcal,2025-01-01,oxr_delayed,cadence85_cd2,242,242,80,51,0.9607843137254902,1.5686274509803921,2,0.4013514550853896,0.19834710743801653,0.1375,0.6932291666666667,-18.120635555098794,-46.3669344428189
tabm_periodic_kzt_120m_sensemble3_kztcal,2025-01-01,oxr_delayed,cadence90_cd2,242,242,80,51,0.9607843137254902,1.5686274509803921,2,0.4013514550853896,0.19834710743801653,0.1375,0.6932291666666667,-18.120635555098794,-46.3669344428189
tabm_periodic_kzt_120m_sensemble3_kztcal,2025-01-01,oxr_delayed,cadence90_cd3,242,242,60,51,0.9411764705882353,1.1764705882352942,3,0.4013514550853896,0.19834710743801653,0.15,0.75625,-0.8203922012711118,-29.06669108899122
tabm_periodic_kzt_120m_sensemble3_kztcal,2025-01-01,oxr_delayed,legacy,242,242,60,51,0.9411764705882353,1.1764705882352942,3,0.4013514550853896,0.19834710743801653,0.15,0.75625,-0.8203922012711118,-29.06669108899122
tabm_periodic_kzt_120m_sensemble3_kztcal,2026-01-01,bank_delayed,cadence85_cd2,156,156,42,33,0.9090909090909091,1.2727272727272727,3,0.2079537284261159,0.36538461538461536,0.5,1.368421052631579,45.073752585629364,82.23832887734848
tabm_periodic_kzt_120m_sensemble3_kztcal,2026-01-01,bank_delayed,cadence90_cd2,156,156,42,33,0.9090909090909091,1.2727272727272727,3,0.2079537284261159,0.36538461538461536,0.5,1.368421052631579,45.073752585629364,82.23832887734848
tabm_periodic_kzt_120m_sensemble3_kztcal,2026-01-01,bank_delayed,cadence90_cd3,156,156,36,33,0.9090909090909091,1.0909090909090908,3,0.2079537284261159,0.36538461538461536,0.3888888888888889,1.064327485380117,15.170454194714374,52.33503048643349
tabm_periodic_kzt_120m_sensemble3_kztcal,2026-01-01,bank_delayed,legacy,156,156,36,33,0.9090909090909091,1.0909090909090908,3,0.2079537284261159,0.36538461538461536,0.4444444444444444,1.2163742690058479,23.37210747143697,60.536683763156084
tabm_periodic_kzt_120m_sensemble3_kztcal,2026-01-01,both_delayed,cadence85_cd2,156,156,46,33,0.9696969696969697,1.393939393939394,1,0.20367060154029926,0.36538461538461536,0.45652173913043476,1.2494279176201373,24.14306847690421,61.30764476862333
tabm_periodic_kzt_120m_sensemble3_kztcal,2026-01-01,both_delayed,cadence90_cd2,156,156,46,33,0.9696969696969697,1.393939393939394,1,0.20367060154029926,0.36538461538461536,0.45652173913043476,1.2494279176201373,24.14306847690421,61.30764476862333
tabm_periodic_kzt_120m_sensemble3_kztcal,2026-01-01,both_delayed,cadence90_cd3,156,156,38,33,0.9696969696969697,1.1515151515151516,1,0.20367060154029926,0.36538461538461536,0.34210526315789475,0.9362880886426593,12.56118693119955,49.725763222918665
tabm_periodic_kzt_120m_sensemble3_kztcal,2026-01-01,both_delayed,legacy,156,156,37,33,0.9696969696969697,1.121212121212121,1,0.20367060154029926,0.36538461538461536,0.35135135135135137,0.961593172119488,20.986823308212635,58.15139959993175
tabm_periodic_kzt_120m_sensemble3_kztcal,2026-01-01,normal,cadence85_cd2,156,156,44,33,0.9696969696969697,1.3333333333333333,1,0.196641771731045,0.36538461538461536,0.5,1.368421052631579,37.23054142222033,74.39511771393944
tabm_periodic_kzt_120m_sensemble3_kztcal,2026-01-01,normal,cadence90_cd2,156,156,44,33,0.9696969696969697,1.3333333333333333,1,0.196641771731045,0.36538461538461536,0.5,1.368421052631579,37.23054142222033,74.39511771393944
tabm_periodic_kzt_120m_sensemble3_kztcal,2026-01-01,normal,cadence90_cd3,156,156,36,33,1.0,1.0909090909090908,0,0.196641771731045,0.36538461538461536,0.5,1.368421052631579,50.081439511415795,87.24601580313491
tabm_periodic_kzt_120m_sensemble3_kztcal,2026-01-01,normal,legacy,156,156,34,33,0.8787878787878788,1.0303030303030303,4,0.196641771731045,0.36538461538461536,0.5,1.368421052631579,40.875943731259866,78.04052002297898
tabm_periodic_kzt_120m_sensemble3_kztcal,2026-01-01,oxr_delayed,cadence85_cd2,156,156,45,33,0.9393939393939394,1.3636363636363635,2,0.19183554184968746,0.36538461538461536,0.5111111111111111,1.3988304093567252,31.01342463279822,68.17800092451733
tabm_periodic_kzt_120m_sensemble3_kztcal,2026-01-01,oxr_delayed,cadence90_cd2,156,156,45,33,0.9393939393939394,1.3636363636363635,2,0.19183554184968746,0.36538461538461536,0.5111111111111111,1.3988304093567252,31.01342463279822,68.17800092451733
tabm_periodic_kzt_120m_sensemble3_kztcal,2026-01-01,oxr_delayed,cadence90_cd3,156,156,36,33,0.9696969696969697,1.0909090909090908,1,0.19183554184968746,0.36538461538461536,0.4722222222222222,1.2923976608187135,43.57374924653142,80.73832553825054
tabm_periodic_kzt_120m_sensemble3_kztcal,2026-01-01,oxr_delayed,legacy,156,156,36,33,1.0,1.0909090909090908,0,0.19183554184968746,0.36538461538461536,0.5,1.368421052631579,50.081439511415795,87.24601580313491
tabm_periodic_pooled_120m_s0_kztcal,2025-01-01,bank_delayed,cadence85_cd2,242,242,56,51,0.8235294117647058,1.0980392156862746,9,0.1513067248425969,0.19834710743801653,0.32142857142857145,1.6205357142857144,41.94243248958954,13.696133601869434
tabm_periodic_pooled_120m_s0_kztcal,2025-01-01,bank_delayed,cadence90_cd2,242,242,64,51,0.9215686274509803,1.2549019607843137,4,0.1513067248425969,0.19834710743801653,0.28125,1.41796875,30.6007332247922,2.354434337072092
tabm_periodic_pooled_120m_s0_kztcal,2025-01-01,bank_delayed,cadence90_cd3,242,242,52,51,0.9215686274509803,1.0196078431372548,4,0.1513067248425969,0.19834710743801653,0.25,1.2604166666666667,28.841008429044013,0.5947095413239042
tabm_periodic_pooled_120m_s0_kztcal,2025-01-01,bank_delayed,legacy,242,242,43,51,0.7254901960784313,0.8431372549019608,14,0.1513067248425969,0.19834710743801653,0.32558139534883723,1.6414728682170543,56.09629233092656,27.849993443206454
tabm_periodic_pooled_120m_s0_kztcal,2025-01-01,both_delayed,cadence85_cd2,242,242,47,51,0.7254901960784313,0.9215686274509803,14,0.15039911179287876,0.19834710743801653,0.3617021276595745,1.823581560283688,50.57770509106338,22.331406203343274
tabm_periodic_pooled_120m_s0_kztcal,2025-01-01,both_delayed,cadence90_cd2,242,242,54,51,0.803921568627451,1.0588235294117647,10,0.15039911179287876,0.19834710743801653,0.3148148148148148,1.5871913580246915,35.73639500426777,7.490096116547659
tabm_periodic_pooled_120m_s0_kztcal,2025-01-01,both_delayed,cadence90_cd3,242,242,43,51,0.7450980392156863,0.8431372549019608,13,0.15039911179287876,0.19834710743801653,0.3488372093023256,1.7587209302325582,47.066060171234156,18.81976128351405
tabm_periodic_pooled_120m_s0_kztcal,2025-01-01,both_delayed,legacy,242,242,38,51,0.6666666666666666,0.7450980392156863,17,0.15039911179287876,0.19834710743801653,0.42105263157894735,2.1228070175438596,74.99553092447945,46.74923203675934
tabm_periodic_pooled_120m_s0_kztcal,2025-01-01,normal,cadence85_cd2,242,242,58,51,0.8431372549019608,1.1372549019607843,8,0.14936071609127527,0.19834710743801653,0.3448275862068966,1.738505747126437,43.03539435583136,14.789095468111245
tabm_periodic_pooled_120m_s0_kztcal,2025-01-01,normal,cadence90_cd2,242,242,65,51,0.9607843137254902,1.2745098039215685,2,0.14936071609127527,0.19834710743801653,0.2923076923076923,1.4737179487179488,36.53802943492131,8.291730547201206
tabm_periodic_pooled_120m_s0_kztcal,2025-01-01,normal,cadence90_cd3,242,242,53,51,0.9607843137254902,1.0392156862745099,2,0.14936071609127527,0.19834710743801653,0.2830188679245283,1.4268867924528301,29.009690240642904,0.763391352922794
tabm_periodic_pooled_120m_s0_kztcal,2025-01-01,normal,legacy,242,242,45,51,0.7843137254901961,0.8823529411764706,11,0.14936071609127527,0.19834710743801653,0.37777777777777777,1.9046296296296295,46.41465798033268,18.168359092612572
tabm_periodic_pooled_120m_s0_kztcal,2025-01-01,oxr_delayed,cadence85_cd2,242,242,46,51,0.7647058823529411,0.9019607843137255,12,0.1484374046501537,0.19834710743801653,0.41304347826086957,2.082427536231884,64.16276981593464,35.91647092821454
tabm_periodic_pooled_120m_s0_kztcal,2025-01-01,oxr_delayed,cadence90_cd2,242,242,50,51,0.7843137254901961,0.9803921568627451,11,0.1484374046501537,0.19834710743801653,0.38,1.9158333333333333,56.33914363930373,28.092844751583616
tabm_periodic_pooled_120m_s0_kztcal,2025-01-01,oxr_delayed,cadence90_cd3,242,242,43,51,0.7254901960784313,0.8431372549019608,14,0.1484374046501537,0.19834710743801653,0.4186046511627907,2.11046511627907,52.49251733489753,24.24621844717742
tabm_periodic_pooled_120m_s0_kztcal,2025-01-01,oxr_delayed,legacy,242,242,39,51,0.6666666666666666,0.7647058823529411,17,0.1484374046501537,0.19834710743801653,0.46153846153846156,2.326923076923077,81.31165660421294,53.065357716492834
tabm_periodic_pooled_120m_s0_kztcal,2026-01-01,bank_delayed,cadence85_cd2,156,156,41,33,0.9393939393939394,1.2424242424242424,2,0.21653951638807742,0.36538461538461536,0.43902439024390244,1.2015404364569962,29.17760418794751,66.34218047966662
tabm_periodic_pooled_120m_s0_kztcal,2026-01-01,bank_delayed,cadence90_cd2,156,156,44,33,0.9696969696969697,1.3333333333333333,1,0.21653951638807742,0.36538461538461536,0.4318181818181818,1.1818181818181819,19.610839929492954,56.77541622121207
tabm_periodic_pooled_120m_s0_kztcal,2026-01-01,bank_delayed,cadence90_cd3,156,156,36,33,0.9090909090909091,1.0909090909090908,3,0.21653951638807742,0.36538461538461536,0.3888888888888889,1.064327485380117,17.823402895544135,54.98797918726325
tabm_periodic_pooled_120m_s0_kztcal,2026-01-01,bank_delayed,legacy,156,156,36,33,0.9090909090909091,1.0909090909090908,3,0.21653951638807742,0.36538461538461536,0.3888888888888889,1.064327485380117,17.823402895544135,54.98797918726325
tabm_periodic_pooled_120m_s0_kztcal,2026-01-01,both_delayed,cadence85_cd2,156,156,43,33,0.9393939393939394,1.303030303030303,2,0.215463306639625,0.36538461538461536,0.4186046511627907,1.145654834761322,26.96479828604909,64.1293745777682
tabm_periodic_pooled_120m_s0_kztcal,2026-01-01,both_delayed,cadence90_cd2,156,156,44,33,0.9393939393939394,1.3333333333333333,2,0.215463306639625,0.36538461538461536,0.4318181818181818,1.1818181818181819,31.53396509004125,68.69854138176036
tabm_periodic_pooled_120m_s0_kztcal,2026-01-01,both_delayed,cadence90_cd3,156,156,37,33,0.9696969696969697,1.121212121212121,1,0.215463306639625,0.36538461538461536,0.35135135135135137,0.961593172119488,18.745017930967222,55.90959422268634
tabm_periodic_pooled_120m_s0_kztcal,2026-01-01,both_delayed,legacy,156,156,37,33,0.9696969696969697,1.121212121212121,1,0.215463306639625,0.36538461538461536,0.35135135135135137,0.961593172119488,18.745017930967222,55.90959422268634
tabm_periodic_pooled_120m_s0_kztcal,2026-01-01,normal,cadence85_cd2,156,156,41,33,0.9090909090909091,1.2424242424242424,3,0.20911064938359686,0.36538461538461536,0.4634146341463415,1.2682926829268295,36.281414070934105,73.44599036265322
tabm_periodic_pooled_120m_s0_kztcal,2026-01-01,normal,cadence90_cd2,156,156,44,33,0.9393939393939394,1.3333333333333333,2,0.20911064938359686,0.36538461538461536,0.4090909090909091,1.1196172248803828,29.213468474971563,66.37804476669068
tabm_periodic_pooled_120m_s0_kztcal,2026-01-01,normal,cadence90_cd3,156,156,36,33,0.9696969696969697,1.0909090909090908,1,0.20911064938359686,0.36538461538461536,0.4722222222222222,1.2923976608187135,43.57374924653142,80.73832553825054
tabm_periodic_pooled_120m_s0_kztcal,2026-01-01,normal,legacy,156,156,36,33,0.9696969696969697,1.0909090909090908,1,0.20911064938359686,0.36538461538461536,0.4722222222222222,1.2923976608187135,43.57374924653142,80.73832553825054
tabm_periodic_pooled_120m_s0_kztcal,2026-01-01,oxr_delayed,cadence85_cd2,156,156,43,33,0.9393939393939394,1.303030303030303,2,0.2081599825136896,0.36538461538461536,0.4418604651162791,1.2093023255813955,35.332054992576204,72.49663128429532
tabm_periodic_pooled_120m_s0_kztcal,2026-01-01,oxr_delayed,cadence90_cd2,156,156,44,33,0.9090909090909091,1.3333333333333333,3,0.2081599825136896,0.36538461538461536,0.4318181818181818,1.1818181818181819,33.136568251155566,70.30114454287468
tabm_periodic_pooled_120m_s0_kztcal,2026-01-01,oxr_delayed,cadence90_cd3,156,156,36,33,0.9696969696969697,1.0909090909090908,1,0.2081599825136896,0.36538461538461536,0.4722222222222222,1.2923976608187135,34.546810029602256,71.71138632132137
tabm_periodic_pooled_120m_s0_kztcal,2026-01-01,oxr_delayed,legacy,156,156,36,33,0.9696969696969697,1.0909090909090908,1,0.2081599825136896,0.36538461538461536,0.4722222222222222,1.2923976608187135,34.546810029602256,71.71138632132137
tabm_periodic_pooled_120m_s0_pooledcal,2025-01-01,bank_delayed,cadence85_cd2,242,242,56,51,0.8235294117647058,1.0980392156862746,9,0.15870066993537682,0.19834710743801653,0.32142857142857145,1.6205357142857144,41.94243248958954,13.696133601869434
tabm_periodic_pooled_120m_s0_pooledcal,2025-01-01,bank_delayed,cadence90_cd2,242,242,64,51,0.9215686274509803,1.2549019607843137,4,0.15870066993537682,0.19834710743801653,0.28125,1.41796875,30.6007332247922,2.354434337072092
tabm_periodic_pooled_120m_s0_pooledcal,2025-01-01,bank_delayed,cadence90_cd3,242,242,52,51,0.9215686274509803,1.0196078431372548,4,0.15870066993537682,0.19834710743801653,0.25,1.2604166666666667,28.841008429044013,0.5947095413239042
tabm_periodic_pooled_120m_s0_pooledcal,2025-01-01,bank_delayed,legacy,242,242,43,51,0.7254901960784313,0.8431372549019608,14,0.15870066993537682,0.19834710743801653,0.32558139534883723,1.6414728682170543,56.09629233092656,27.849993443206454
tabm_periodic_pooled_120m_s0_pooledcal,2025-01-01,both_delayed,cadence85_cd2,242,242,47,51,0.7254901960784313,0.9215686274509803,14,0.15330084151231937,0.19834710743801653,0.3617021276595745,1.823581560283688,50.57770509106338,22.331406203343274
tabm_periodic_pooled_120m_s0_pooledcal,2025-01-01,both_delayed,cadence90_cd2,242,242,54,51,0.803921568627451,1.0588235294117647,10,0.15330084151231937,0.19834710743801653,0.3148148148148148,1.5871913580246915,35.73639500426777,7.490096116547659
tabm_periodic_pooled_120m_s0_pooledcal,2025-01-01,both_delayed,cadence90_cd3,242,242,43,51,0.7450980392156863,0.8431372549019608,13,0.15330084151231937,0.19834710743801653,0.3488372093023256,1.7587209302325582,47.066060171234156,18.81976128351405
tabm_periodic_pooled_120m_s0_pooledcal,2025-01-01,both_delayed,legacy,242,242,38,51,0.6666666666666666,0.7450980392156863,17,0.15330084151231937,0.19834710743801653,0.42105263157894735,2.1228070175438596,74.99553092447945,46.74923203675934
tabm_periodic_pooled_120m_s0_pooledcal,2025-01-01,normal,cadence85_cd2,242,242,58,51,0.8431372549019608,1.1372549019607843,8,0.156371846087898,0.19834710743801653,0.3448275862068966,1.738505747126437,43.03539435583136,14.789095468111245
tabm_periodic_pooled_120m_s0_pooledcal,2025-01-01,normal,cadence90_cd2,242,242,65,51,0.9607843137254902,1.2745098039215685,2,0.156371846087898,0.19834710743801653,0.2923076923076923,1.4737179487179488,36.53802943492131,8.291730547201206
tabm_periodic_pooled_120m_s0_pooledcal,2025-01-01,normal,cadence90_cd3,242,242,53,51,0.9607843137254902,1.0392156862745099,2,0.156371846087898,0.19834710743801653,0.2830188679245283,1.4268867924528301,29.009690240642904,0.763391352922794
tabm_periodic_pooled_120m_s0_pooledcal,2025-01-01,normal,legacy,242,242,45,51,0.7843137254901961,0.8823529411764706,11,0.156371846087898,0.19834710743801653,0.37777777777777777,1.9046296296296295,46.41465798033268,18.168359092612572
tabm_periodic_pooled_120m_s0_pooledcal,2025-01-01,oxr_delayed,cadence85_cd2,242,242,46,51,0.7647058823529411,0.9019607843137255,12,0.1509585222816272,0.19834710743801653,0.41304347826086957,2.082427536231884,64.16276981593464,35.91647092821454
tabm_periodic_pooled_120m_s0_pooledcal,2025-01-01,oxr_delayed,cadence90_cd2,242,242,50,51,0.7843137254901961,0.9803921568627451,11,0.1509585222816272,0.19834710743801653,0.38,1.9158333333333333,56.33914363930373,28.092844751583616
tabm_periodic_pooled_120m_s0_pooledcal,2025-01-01,oxr_delayed,cadence90_cd3,242,242,43,51,0.7254901960784313,0.8431372549019608,14,0.1509585222816272,0.19834710743801653,0.4186046511627907,2.11046511627907,52.49251733489753,24.24621844717742
tabm_periodic_pooled_120m_s0_pooledcal,2025-01-01,oxr_delayed,legacy,242,242,39,51,0.6666666666666666,0.7647058823529411,17,0.1509585222816272,0.19834710743801653,0.46153846153846156,2.326923076923077,81.31165660421294,53.065357716492834
tabm_periodic_pooled_120m_s0_pooledcal,2026-01-01,bank_delayed,cadence85_cd2,156,156,41,33,0.9393939393939394,1.2424242424242424,2,0.21350482624475325,0.36538461538461536,0.43902439024390244,1.2015404364569962,29.17760418794751,66.34218047966662
tabm_periodic_pooled_120m_s0_pooledcal,2026-01-01,bank_delayed,cadence90_cd2,156,156,44,33,0.9696969696969697,1.3333333333333333,1,0.21350482624475325,0.36538461538461536,0.4318181818181818,1.1818181818181819,19.610839929492954,56.77541622121207
tabm_periodic_pooled_120m_s0_pooledcal,2026-01-01,bank_delayed,cadence90_cd3,156,156,36,33,0.9090909090909091,1.0909090909090908,3,0.21350482624475325,0.36538461538461536,0.3888888888888889,1.064327485380117,17.823402895544135,54.98797918726325
tabm_periodic_pooled_120m_s0_pooledcal,2026-01-01,bank_delayed,legacy,156,156,36,33,0.9090909090909091,1.0909090909090908,3,0.21350482624475325,0.36538461538461536,0.3888888888888889,1.064327485380117,17.823402895544135,54.98797918726325
tabm_periodic_pooled_120m_s0_pooledcal,2026-01-01,both_delayed,cadence85_cd2,156,156,43,33,0.9393939393939394,1.303030303030303,2,0.21262556641896552,0.36538461538461536,0.4186046511627907,1.145654834761322,26.96479828604909,64.1293745777682
tabm_periodic_pooled_120m_s0_pooledcal,2026-01-01,both_delayed,cadence90_cd2,156,156,44,33,0.9393939393939394,1.3333333333333333,2,0.21262556641896552,0.36538461538461536,0.4318181818181818,1.1818181818181819,31.53396509004125,68.69854138176036
tabm_periodic_pooled_120m_s0_pooledcal,2026-01-01,both_delayed,cadence90_cd3,156,156,37,33,0.9696969696969697,1.121212121212121,1,0.21262556641896552,0.36538461538461536,0.35135135135135137,0.961593172119488,18.745017930967222,55.90959422268634
tabm_periodic_pooled_120m_s0_pooledcal,2026-01-01,both_delayed,legacy,156,156,37,33,0.9696969696969697,1.121212121212121,1,0.21262556641896552,0.36538461538461536,0.35135135135135137,0.961593172119488,18.745017930967222,55.90959422268634
tabm_periodic_pooled_120m_s0_pooledcal,2026-01-01,normal,cadence85_cd2,156,156,41,33,0.9090909090909091,1.2424242424242424,3,0.20650575377012442,0.36538461538461536,0.4634146341463415,1.2682926829268295,36.281414070934105,73.44599036265322
tabm_periodic_pooled_120m_s0_pooledcal,2026-01-01,normal,cadence90_cd2,156,156,44,33,0.9393939393939394,1.3333333333333333,2,0.20650575377012442,0.36538461538461536,0.4090909090909091,1.1196172248803828,29.213468474971563,66.37804476669068
tabm_periodic_pooled_120m_s0_pooledcal,2026-01-01,normal,cadence90_cd3,156,156,36,33,0.9696969696969697,1.0909090909090908,1,0.20650575377012442,0.36538461538461536,0.4722222222222222,1.2923976608187135,43.57374924653142,80.73832553825054
tabm_periodic_pooled_120m_s0_pooledcal,2026-01-01,normal,legacy,156,156,36,33,0.9696969696969697,1.0909090909090908,1,0.20650575377012442,0.36538461538461536,0.4722222222222222,1.2923976608187135,43.57374924653142,80.73832553825054
tabm_periodic_pooled_120m_s0_pooledcal,2026-01-01,oxr_delayed,cadence85_cd2,156,156,43,33,0.9393939393939394,1.303030303030303,2,0.20572982085282412,0.36538461538461536,0.4418604651162791,1.2093023255813955,35.332054992576204,72.49663128429532
tabm_periodic_pooled_120m_s0_pooledcal,2026-01-01,oxr_delayed,cadence90_cd2,156,156,44,33,0.9090909090909091,1.3333333333333333,3,0.20572982085282412,0.36538461538461536,0.4318181818181818,1.1818181818181819,33.136568251155566,70.30114454287468
tabm_periodic_pooled_120m_s0_pooledcal,2026-01-01,oxr_delayed,cadence90_cd3,156,156,36,33,0.9696969696969697,1.0909090909090908,1,0.20572982085282412,0.36538461538461536,0.4722222222222222,1.2923976608187135,34.546810029602256,71.71138632132137
tabm_periodic_pooled_120m_s0_pooledcal,2026-01-01,oxr_delayed,legacy,156,156,36,33,0.9696969696969697,1.0909090909090908,1,0.20572982085282412,0.36538461538461536,0.4722222222222222,1.2923976608187135,34.546810029602256,71.71138632132137
tabm_periodic_pooled_24m_s0_kztcal,2025-01-01,bank_delayed,cadence85_cd2,242,242,66,51,0.9607843137254902,1.2941176470588236,2,0.15089494812749363,0.19834710743801653,0.2727272727272727,1.3749999999999998,35.52207510347808,7.275776215757969
tabm_periodic_pooled_24m_s0_kztcal,2025-01-01,bank_delayed,cadence90_cd2,242,242,66,51,0.9607843137254902,1.2941176470588236,2,0.15089494812749363,0.19834710743801653,0.2727272727272727,1.3749999999999998,35.52207510347808,7.275776215757969
tabm_periodic_pooled_24m_s0_kztcal,2025-01-01,bank_delayed,cadence90_cd3,242,242,54,51,0.9019607843137255,1.0588235294117647,5,0.15089494812749363,0.19834710743801653,0.2222222222222222,1.1203703703703702,23.203926168985323,-5.042372718734786
tabm_periodic_pooled_24m_s0_kztcal,2025-01-01,bank_delayed,legacy,242,242,53,51,0.9019607843137255,1.0392156862745099,5,0.15089494812749363,0.19834710743801653,0.3018867924528302,1.522012578616352,23.2699158718938,-4.976383015826306
tabm_periodic_pooled_24m_s0_kztcal,2025-01-01,both_delayed,cadence85_cd2,242,242,81,51,1.0,1.588235294117647,0,0.1901933404894489,0.19834710743801653,0.2345679012345679,1.1826131687242798,11.341007270020317,-16.905291617699792
tabm_periodic_pooled_24m_s0_kztcal,2025-01-01,both_delayed,cadence90_cd2,242,242,81,51,1.0,1.588235294117647,0,0.1901933404894489,0.19834710743801653,0.2345679012345679,1.1826131687242798,11.341007270020317,-16.905291617699792
tabm_periodic_pooled_24m_s0_kztcal,2025-01-01,both_delayed,cadence90_cd3,242,242,60,51,0.9215686274509803,1.1764705882352942,4,0.1901933404894489,0.19834710743801653,0.13333333333333333,0.6722222222222222,-10.125706903986675,-38.37200579170678
tabm_periodic_pooled_24m_s0_kztcal,2025-01-01,both_delayed,legacy,242,242,60,51,0.9215686274509803,1.1764705882352942,4,0.1901933404894489,0.19834710743801653,0.13333333333333333,0.6722222222222222,-10.125706903986675,-38.37200579170678
tabm_periodic_pooled_24m_s0_kztcal,2025-01-01,normal,cadence85_cd2,242,242,71,51,1.0,1.392156862745098,0,0.15011933672744596,0.19834710743801653,0.323943661971831,1.6332159624413145,32.26136405810534,4.015065170385236
tabm_periodic_pooled_24m_s0_kztcal,2025-01-01,normal,cadence90_cd2,242,242,71,51,1.0,1.392156862745098,0,0.15011933672744596,0.19834710743801653,0.323943661971831,1.6332159624413145,32.26136405810534,4.015065170385236
tabm_periodic_pooled_24m_s0_kztcal,2025-01-01,normal,cadence90_cd3,242,242,55,51,0.9215686274509803,1.0784313725490196,4,0.15011933672744596,0.19834710743801653,0.2727272727272727,1.3749999999999998,25.30988271078123,-2.9364161769388777
tabm_periodic_pooled_24m_s0_kztcal,2025-01-01,normal,legacy,242,242,54,51,0.9215686274509803,1.0588235294117647,4,0.15011933672744596,0.19834710743801653,0.3148148148148148,1.5871913580246915,16.52252576528508,-11.723773122435027
tabm_periodic_pooled_24m_s0_kztcal,2025-01-01,oxr_delayed,cadence85_cd2,242,242,81,51,1.0,1.588235294117647,0,0.19059334616642515,0.19834710743801653,0.2345679012345679,1.1826131687242798,11.341007270020317,-16.905291617699792
tabm_periodic_pooled_24m_s0_kztcal,2025-01-01,oxr_delayed,cadence90_cd2,242,242,81,51,1.0,1.588235294117647,0,0.19059334616642515,0.19834710743801653,0.2345679012345679,1.1826131687242798,11.341007270020317,-16.905291617699792
tabm_periodic_pooled_24m_s0_kztcal,2025-01-01,oxr_delayed,cadence90_cd3,242,242,60,51,0.9215686274509803,1.1764705882352942,4,0.19059334616642515,0.19834710743801653,0.13333333333333333,0.6722222222222222,-10.125706903986675,-38.37200579170678
tabm_periodic_pooled_24m_s0_kztcal,2025-01-01,oxr_delayed,legacy,242,242,60,51,0.9215686274509803,1.1764705882352942,4,0.19059334616642515,0.19834710743801653,0.13333333333333333,0.6722222222222222,-10.125706903986675,-38.37200579170678
tabm_periodic_pooled_24m_s0_kztcal,2026-01-01,bank_delayed,cadence85_cd2,156,156,41,33,0.8787878787878788,1.2424242424242424,4,0.23387530576435495,0.36538461538461536,0.4634146341463415,1.2682926829268295,50.20443338768703,87.36900967940615
tabm_periodic_pooled_24m_s0_kztcal,2026-01-01,bank_delayed,cadence90_cd2,156,156,41,33,0.8787878787878788,1.2424242424242424,4,0.23387530576435495,0.36538461538461536,0.4634146341463415,1.2682926829268295,50.20443338768703,87.36900967940615
tabm_periodic_pooled_24m_s0_kztcal,2026-01-01,bank_delayed,cadence90_cd3,156,156,37,33,1.0,1.121212121212121,0,0.23387530576435495,0.36538461538461536,0.35135135135135137,0.961593172119488,31.99336687938144,69.15794317110056
tabm_periodic_pooled_24m_s0_kztcal,2026-01-01,bank_delayed,legacy,156,156,35,33,0.9393939393939394,1.0606060606060606,2,0.23387530576435495,0.36538461538461536,0.4,1.0947368421052632,45.952858896939986,83.1174351886591
tabm_periodic_pooled_24m_s0_kztcal,2026-01-01,both_delayed,cadence85_cd2,156,156,50,33,0.9696969696969697,1.5151515151515151,1,0.2178838580125339,0.36538461538461536,0.4,1.0947368421052632,10.895727025108677,48.06030331682779
tabm_periodic_pooled_24m_s0_kztcal,2026-01-01,both_delayed,cadence90_cd2,156,156,50,33,0.9696969696969697,1.5151515151515151,1,0.2178838580125339,0.36538461538461536,0.4,1.0947368421052632,10.895727025108677,48.06030331682779
tabm_periodic_pooled_24m_s0_kztcal,2026-01-01,both_delayed,cadence90_cd3,156,156,39,33,0.9696969696969697,1.1818181818181819,1,0.2178838580125339,0.36538461538461536,0.3333333333333333,0.9122807017543859,9.935210836592809,47.099787128311924
tabm_periodic_pooled_24m_s0_kztcal,2026-01-01,both_delayed,legacy,156,156,38,33,0.9696969696969697,1.1515151515151516,1,0.2178838580125339,0.36538461538461536,0.3157894736842105,0.8642659279778393,11.097782130330465,48.26235842204958
tabm_periodic_pooled_24m_s0_kztcal,2026-01-01,normal,cadence85_cd2,156,156,41,33,0.9090909090909091,1.2424242424242424,3,0.22962872685905675,0.36538461538461536,0.3902439024390244,1.06803594351733,38.30635563614702,75.47093192786613
tabm_periodic_pooled_24m_s0_kztcal,2026-01-01,normal,cadence90_cd2,156,156,41,33,0.9090909090909091,1.2424242424242424,3,0.22962872685905675,0.36538461538461536,0.3902439024390244,1.06803594351733,38.30635563614702,75.47093192786613
tabm_periodic_pooled_24m_s0_kztcal,2026-01-01,normal,cadence90_cd3,156,156,35,33,0.9393939393939394,1.0606060606060606,2,0.22962872685905675,0.36538461538461536,0.4857142857142857,1.3293233082706768,50.10061981389266,87.26519610561178
tabm_periodic_pooled_24m_s0_kztcal,2026-01-01,normal,legacy,156,156,35,33,0.9393939393939394,1.0606060606060606,2,0.22962872685905675,0.36538461538461536,0.4857142857142857,1.3293233082706768,50.10061981389266,87.26519610561178
tabm_periodic_pooled_24m_s0_kztcal,2026-01-01,oxr_delayed,cadence85_cd2,156,156,48,33,0.9696969696969697,1.4545454545454546,1,0.21252639950379276,0.36538461538461536,0.375,1.0263157894736843,9.619479085596694,46.78405537731581
tabm_periodic_pooled_24m_s0_kztcal,2026-01-01,oxr_delayed,cadence90_cd2,156,156,48,33,0.9696969696969697,1.4545454545454546,1,0.21252639950379276,0.36538461538461536,0.375,1.0263157894736843,9.619479085596694,46.78405537731581
tabm_periodic_pooled_24m_s0_kztcal,2026-01-01,oxr_delayed,cadence90_cd3,156,156,39,33,0.9696969696969697,1.1818181818181819,1,0.21252639950379276,0.36538461538461536,0.3333333333333333,0.9122807017543859,9.935210836592809,47.099787128311924
tabm_periodic_pooled_24m_s0_kztcal,2026-01-01,oxr_delayed,legacy,156,156,38,33,0.9696969696969697,1.1515151515151516,1,0.21252639950379276,0.36538461538461536,0.34210526315789475,0.9362880886426593,21.180080208865448,58.34465650058456
tabm_periodic_pooled_24m_s0_pooledcal,2025-01-01,bank_delayed,cadence85_cd2,242,242,66,51,0.9607843137254902,1.2941176470588236,2,0.1595518719310569,0.19834710743801653,0.2727272727272727,1.3749999999999998,35.52207510347808,7.275776215757969
tabm_periodic_pooled_24m_s0_pooledcal,2025-01-01,bank_delayed,cadence90_cd2,242,242,66,51,0.9607843137254902,1.2941176470588236,2,0.1595518719310569,0.19834710743801653,0.2727272727272727,1.3749999999999998,35.52207510347808,7.275776215757969
tabm_periodic_pooled_24m_s0_pooledcal,2025-01-01,bank_delayed,cadence90_cd3,242,242,54,51,0.9019607843137255,1.0588235294117647,5,0.1595518719310569,0.19834710743801653,0.2222222222222222,1.1203703703703702,23.203926168985323,-5.042372718734786
tabm_periodic_pooled_24m_s0_pooledcal,2025-01-01,bank_delayed,legacy,242,242,53,51,0.9019607843137255,1.0392156862745099,5,0.1595518719310569,0.19834710743801653,0.3018867924528302,1.522012578616352,23.2699158718938,-4.976383015826306
tabm_periodic_pooled_24m_s0_pooledcal,2025-01-01,both_delayed,cadence85_cd2,242,242,81,51,1.0,1.588235294117647,0,0.23952693770012176,0.19834710743801653,0.2345679012345679,1.1826131687242798,11.341007270020317,-16.905291617699792
tabm_periodic_pooled_24m_s0_pooledcal,2025-01-01,both_delayed,cadence90_cd2,242,242,81,51,1.0,1.588235294117647,0,0.23952693770012176,0.19834710743801653,0.2345679012345679,1.1826131687242798,11.341007270020317,-16.905291617699792
tabm_periodic_pooled_24m_s0_pooledcal,2025-01-01,both_delayed,cadence90_cd3,242,242,60,51,0.9215686274509803,1.1764705882352942,4,0.23952693770012176,0.19834710743801653,0.13333333333333333,0.6722222222222222,-10.125706903986675,-38.37200579170678
tabm_periodic_pooled_24m_s0_pooledcal,2025-01-01,both_delayed,legacy,242,242,60,51,0.9215686274509803,1.1764705882352942,4,0.23952693770012176,0.19834710743801653,0.13333333333333333,0.6722222222222222,-10.125706903986675,-38.37200579170678
tabm_periodic_pooled_24m_s0_pooledcal,2025-01-01,normal,cadence85_cd2,242,242,71,51,1.0,1.392156862745098,0,0.15875217264566588,0.19834710743801653,0.323943661971831,1.6332159624413145,32.26136405810534,4.015065170385236
tabm_periodic_pooled_24m_s0_pooledcal,2025-01-01,normal,cadence90_cd2,242,242,71,51,1.0,1.392156862745098,0,0.15875217264566588,0.19834710743801653,0.323943661971831,1.6332159624413145,32.26136405810534,4.015065170385236
tabm_periodic_pooled_24m_s0_pooledcal,2025-01-01,normal,cadence90_cd3,242,242,55,51,0.9215686274509803,1.0784313725490196,4,0.15875217264566588,0.19834710743801653,0.2727272727272727,1.3749999999999998,25.30988271078123,-2.9364161769388777
tabm_periodic_pooled_24m_s0_pooledcal,2025-01-01,normal,legacy,242,242,54,51,0.9215686274509803,1.0588235294117647,4,0.15875217264566588,0.19834710743801653,0.3148148148148148,1.5871913580246915,16.52252576528508,-11.723773122435027
tabm_periodic_pooled_24m_s0_pooledcal,2025-01-01,oxr_delayed,cadence85_cd2,242,242,81,51,1.0,1.588235294117647,0,0.2402728687152564,0.19834710743801653,0.2345679012345679,1.1826131687242798,11.341007270020317,-16.905291617699792
tabm_periodic_pooled_24m_s0_pooledcal,2025-01-01,oxr_delayed,cadence90_cd2,242,242,81,51,1.0,1.588235294117647,0,0.2402728687152564,0.19834710743801653,0.2345679012345679,1.1826131687242798,11.341007270020317,-16.905291617699792
tabm_periodic_pooled_24m_s0_pooledcal,2025-01-01,oxr_delayed,cadence90_cd3,242,242,60,51,0.9215686274509803,1.1764705882352942,4,0.2402728687152564,0.19834710743801653,0.13333333333333333,0.6722222222222222,-10.125706903986675,-38.37200579170678
tabm_periodic_pooled_24m_s0_pooledcal,2025-01-01,oxr_delayed,legacy,242,242,60,51,0.9215686274509803,1.1764705882352942,4,0.2402728687152564,0.19834710743801653,0.13333333333333333,0.6722222222222222,-10.125706903986675,-38.37200579170678
tabm_periodic_pooled_24m_s0_pooledcal,2026-01-01,bank_delayed,cadence85_cd2,156,156,41,33,0.8787878787878788,1.2424242424242424,4,0.22958337496078102,0.36538461538461536,0.4634146341463415,1.2682926829268295,50.20443338768703,87.36900967940615
tabm_periodic_pooled_24m_s0_pooledcal,2026-01-01,bank_delayed,cadence90_cd2,156,156,41,33,0.8787878787878788,1.2424242424242424,4,0.22958337496078102,0.36538461538461536,0.4634146341463415,1.2682926829268295,50.20443338768703,87.36900967940615
tabm_periodic_pooled_24m_s0_pooledcal,2026-01-01,bank_delayed,cadence90_cd3,156,156,37,33,1.0,1.121212121212121,0,0.22958337496078102,0.36538461538461536,0.35135135135135137,0.961593172119488,31.99336687938144,69.15794317110056
tabm_periodic_pooled_24m_s0_pooledcal,2026-01-01,bank_delayed,legacy,156,156,35,33,0.9393939393939394,1.0606060606060606,2,0.22958337496078102,0.36538461538461536,0.4,1.0947368421052632,45.952858896939986,83.1174351886591
tabm_periodic_pooled_24m_s0_pooledcal,2026-01-01,both_delayed,cadence85_cd2,156,156,50,33,0.9696969696969697,1.5151515151515151,1,0.2184673261179099,0.36538461538461536,0.4,1.0947368421052632,10.895727025108677,48.06030331682779
tabm_periodic_pooled_24m_s0_pooledcal,2026-01-01,both_delayed,cadence90_cd2,156,156,50,33,0.9696969696969697,1.5151515151515151,1,0.2184673261179099,0.36538461538461536,0.4,1.0947368421052632,10.895727025108677,48.06030331682779
tabm_periodic_pooled_24m_s0_pooledcal,2026-01-01,both_delayed,cadence90_cd3,156,156,39,33,0.9696969696969697,1.1818181818181819,1,0.2184673261179099,0.36538461538461536,0.3333333333333333,0.9122807017543859,9.935210836592809,47.099787128311924
tabm_periodic_pooled_24m_s0_pooledcal,2026-01-01,both_delayed,legacy,156,156,38,33,0.9696969696969697,1.1515151515151516,1,0.2184673261179099,0.36538461538461536,0.3157894736842105,0.8642659279778393,11.097782130330465,48.26235842204958
tabm_periodic_pooled_24m_s0_pooledcal,2026-01-01,normal,cadence85_cd2,156,156,41,33,0.9090909090909091,1.2424242424242424,3,0.22569414635979632,0.36538461538461536,0.3902439024390244,1.06803594351733,38.30635563614702,75.47093192786613
tabm_periodic_pooled_24m_s0_pooledcal,2026-01-01,normal,cadence90_cd2,156,156,41,33,0.9090909090909091,1.2424242424242424,3,0.22569414635979632,0.36538461538461536,0.3902439024390244,1.06803594351733,38.30635563614702,75.47093192786613
tabm_periodic_pooled_24m_s0_pooledcal,2026-01-01,normal,cadence90_cd3,156,156,35,33,0.9393939393939394,1.0606060606060606,2,0.22569414635979632,0.36538461538461536,0.4857142857142857,1.3293233082706768,50.10061981389266,87.26519610561178
tabm_periodic_pooled_24m_s0_pooledcal,2026-01-01,normal,legacy,156,156,35,33,0.9393939393939394,1.0606060606060606,2,0.22569414635979632,0.36538461538461536,0.4857142857142857,1.3293233082706768,50.10061981389266,87.26519610561178
tabm_periodic_pooled_24m_s0_pooledcal,2026-01-01,oxr_delayed,cadence85_cd2,156,156,48,33,0.9696969696969697,1.4545454545454546,1,0.21379545999534358,0.36538461538461536,0.375,1.0263157894736843,9.619479085596694,46.78405537731581
tabm_periodic_pooled_24m_s0_pooledcal,2026-01-01,oxr_delayed,cadence90_cd2,156,156,48,33,0.9696969696969697,1.4545454545454546,1,0.21379545999534358,0.36538461538461536,0.375,1.0263157894736843,9.619479085596694,46.78405537731581
tabm_periodic_pooled_24m_s0_pooledcal,2026-01-01,oxr_delayed,cadence90_cd3,156,156,39,33,0.9696969696969697,1.1818181818181819,1,0.21379545999534358,0.36538461538461536,0.3333333333333333,0.9122807017543859,9.935210836592809,47.099787128311924
tabm_periodic_pooled_24m_s0_pooledcal,2026-01-01,oxr_delayed,legacy,156,156,38,33,0.9696969696969697,1.1515151515151516,1,0.21379545999534358,0.36538461538461536,0.34210526315789475,0.9362880886426593,21.180080208865448,58.34465650058456
tabm_periodic_pooled_60m_s0_kztcal,2025-01-01,bank_delayed,cadence85_cd2,242,242,65,51,0.9411764705882353,1.2745098039215685,3,0.15639789283529282,0.19834710743801653,0.26153846153846155,1.3185897435897436,21.832861964103884,-6.413436923616225
tabm_periodic_pooled_60m_s0_kztcal,2025-01-01,bank_delayed,cadence90_cd2,242,242,71,51,0.9803921568627451,1.392156862745098,1,0.15639789283529282,0.19834710743801653,0.23943661971830985,1.2071596244131455,16.628160294727834,-11.618138592992276
tabm_periodic_pooled_60m_s0_kztcal,2025-01-01,bank_delayed,cadence90_cd3,242,242,51,51,0.8627450980392157,1.0,7,0.15639789283529282,0.19834710743801653,0.27450980392156865,1.3839869281045754,24.298848681353626,-3.9474502063664816
tabm_periodic_pooled_60m_s0_kztcal,2025-01-01,bank_delayed,legacy,242,242,51,51,0.8823529411764706,1.0,6,0.15639789283529282,0.19834710743801653,0.27450980392156865,1.3839869281045754,30.552697240314856,2.306398352594747
tabm_periodic_pooled_60m_s0_kztcal,2025-01-01,both_delayed,cadence85_cd2,242,242,27,51,0.47058823529411764,0.5294117647058824,27,0.15403473349176366,0.19834710743801653,0.2222222222222222,1.1203703703703702,39.31853224798023,11.07223336026012
tabm_periodic_pooled_60m_s0_kztcal,2025-01-01,both_delayed,cadence90_cd2,242,242,40,51,0.7058823529411765,0.7843137254901961,15,0.15403473349176366,0.19834710743801653,0.25,1.2604166666666667,34.63642041355415,6.39012152583404
tabm_periodic_pooled_60m_s0_kztcal,2025-01-01,both_delayed,cadence90_cd3,242,242,34,51,0.6470588235294118,0.6666666666666666,18,0.15403473349176366,0.19834710743801653,0.38235294117647056,1.9276960784313724,44.32284383891091,16.076544951190805
tabm_periodic_pooled_60m_s0_kztcal,2025-01-01,both_delayed,legacy,242,242,29,51,0.5490196078431373,0.5686274509803921,23,0.15403473349176366,0.19834710743801653,0.41379310344827586,2.086206896551724,40.72992649062725,12.483627602907143
tabm_periodic_pooled_60m_s0_kztcal,2025-01-01,normal,cadence85_cd2,242,242,69,51,0.9607843137254902,1.3529411764705883,2,0.15813697819074357,0.19834710743801653,0.2463768115942029,1.2421497584541064,18.841451174816218,-9.40484771290389
tabm_periodic_pooled_60m_s0_kztcal,2025-01-01,normal,cadence90_cd2,242,242,73,51,0.9607843137254902,1.4313725490196079,2,0.15813697819074357,0.19834710743801653,0.2602739726027397,1.312214611872146,23.85370848799309,-4.3925903997270215
tabm_periodic_pooled_60m_s0_kztcal,2025-01-01,normal,cadence90_cd3,242,242,55,51,0.9019607843137255,1.0784313725490196,5,0.15813697819074357,0.19834710743801653,0.2727272727272727,1.3749999999999998,33.99552936637563,5.7492304786555195
tabm_periodic_pooled_60m_s0_kztcal,2025-01-01,normal,legacy,242,242,55,51,0.8823529411764706,1.0784313725490196,6,0.15813697819074357,0.19834710743801653,0.23636363636363636,1.1916666666666667,30.743776044419604,2.4974771566994978
tabm_periodic_pooled_60m_s0_kztcal,2025-01-01,oxr_delayed,cadence85_cd2,242,242,27,51,0.47058823529411764,0.5294117647058824,27,0.15595665289480345,0.19834710743801653,0.25925925925925924,1.3070987654320987,38.106691231334835,9.860392343614729
tabm_periodic_pooled_60m_s0_kztcal,2025-01-01,oxr_delayed,cadence90_cd2,242,242,37,51,0.6274509803921569,0.7254901960784313,19,0.15595665289480345,0.19834710743801653,0.2702702702702703,1.3626126126126126,11.40810920635801,-16.8381896813621
tabm_periodic_pooled_60m_s0_kztcal,2025-01-01,oxr_delayed,cadence90_cd3,242,242,30,51,0.5882352941176471,0.5882352941176471,21,0.15595665289480345,0.19834710743801653,0.26666666666666666,1.3444444444444443,18.501120087670078,-9.74517880005003
tabm_periodic_pooled_60m_s0_kztcal,2025-01-01,oxr_delayed,legacy,242,242,28,51,0.5490196078431373,0.5490196078431373,23,0.15595665289480345,0.19834710743801653,0.25,1.2604166666666667,23.159587370921827,-5.086711516798281
tabm_periodic_pooled_60m_s0_kztcal,2026-01-01,bank_delayed,cadence85_cd2,156,156,42,33,0.9090909090909091,1.2727272727272727,3,0.22189522357473015,0.36538461538461536,0.40476190476190477,1.1077694235588973,30.77572701765959,67.9403033093787
tabm_periodic_pooled_60m_s0_kztcal,2026-01-01,bank_delayed,cadence90_cd2,156,156,42,33,0.9090909090909091,1.2727272727272727,3,0.22189522357473015,0.36538461538461536,0.40476190476190477,1.1077694235588973,30.77572701765959,67.9403033093787
tabm_periodic_pooled_60m_s0_kztcal,2026-01-01,bank_delayed,cadence90_cd3,156,156,37,33,0.9393939393939394,1.121212121212121,2,0.22189522357473015,0.36538461538461536,0.3783783783783784,1.035561877667141,25.81318077975945,62.977757071478564
tabm_periodic_pooled_60m_s0_kztcal,2026-01-01,bank_delayed,legacy,156,156,34,33,0.8787878787878788,1.0303030303030303,4,0.22189522357473015,0.36538461538461536,0.38235294117647056,1.0464396284829722,33.485292018002085,70.6498683097212
tabm_periodic_pooled_60m_s0_kztcal,2026-01-01,both_delayed,cadence85_cd2,156,156,45,33,0.9090909090909091,1.3636363636363635,3,0.21507487741531983,0.36538461538461536,0.4,1.0947368421052632,29.417911764079975,66.58248805579909
tabm_periodic_pooled_60m_s0_kztcal,2026-01-01,both_delayed,cadence90_cd2,156,156,45,33,0.9090909090909091,1.3636363636363635,3,0.21507487741531983,0.36538461538461536,0.4,1.0947368421052632,29.417911764079975,66.58248805579909
tabm_periodic_pooled_60m_s0_kztcal,2026-01-01,both_delayed,cadence90_cd3,156,156,39,33,0.9696969696969697,1.1818181818181819,1,0.21507487741531983,0.36538461538461536,0.3333333333333333,0.9122807017543859,9.935210836592809,47.099787128311924
tabm_periodic_pooled_60m_s0_kztcal,2026-01-01,both_delayed,legacy,156,156,37,33,0.9696969696969697,1.121212121212121,1,0.21507487741531983,0.36538461538461536,0.43243243243243246,1.1834992887624467,28.048409718834804,65.21298601055392
tabm_periodic_pooled_60m_s0_kztcal,2026-01-01,normal,cadence85_cd2,156,156,44,33,0.9090909090909091,1.3333333333333333,3,0.2122600221329892,0.36538461538461536,0.4090909090909091,1.1196172248803828,32.41841430125034,69.58299059296945
tabm_periodic_pooled_60m_s0_kztcal,2026-01-01,normal,cadence90_cd2,156,156,44,33,0.9090909090909091,1.3333333333333333,3,0.2122600221329892,0.36538461538461536,0.4090909090909091,1.1196172248803828,32.41841430125034,69.58299059296945
tabm_periodic_pooled_60m_s0_kztcal,2026-01-01,normal,cadence90_cd3,156,156,37,33,0.9393939393939394,1.121212121212121,2,0.2122600221329892,0.36538461538461536,0.3783783783783784,1.035561877667141,15.133023795212445,52.29760008693156
tabm_periodic_pooled_60m_s0_kztcal,2026-01-01,normal,legacy,156,156,34,33,0.8787878787878788,1.0303030303030303,4,0.2122600221329892,0.36538461538461536,0.4117647058823529,1.1269349845201238,46.33653826342538,83.5011145551445
tabm_periodic_pooled_60m_s0_kztcal,2026-01-01,oxr_delayed,cadence85_cd2,156,156,44,33,0.8787878787878788,1.3333333333333333,4,0.20623251085342034,0.36538461538461536,0.45454545454545453,1.244019138755981,37.23315019702679,74.3977264887459
tabm_periodic_pooled_60m_s0_kztcal,2026-01-01,oxr_delayed,cadence90_cd2,156,156,44,33,0.8787878787878788,1.3333333333333333,4,0.20623251085342034,0.36538461538461536,0.45454545454545453,1.244019138755981,37.23315019702679,74.3977264887459
tabm_periodic_pooled_60m_s0_kztcal,2026-01-01,oxr_delayed,cadence90_cd3,156,156,38,33,0.9696969696969697,1.1515151515151516,1,0.20623251085342034,0.36538461538461536,0.3684210526315789,1.0083102493074791,17.648716907105594,54.81329319882471
tabm_periodic_pooled_60m_s0_kztcal,2026-01-01,oxr_delayed,legacy,156,156,34,33,0.9393939393939394,1.0303030303030303,2,0.20623251085342034,0.36538461538461536,0.4117647058823529,1.1269349845201238,38.041316681240886,75.20589297296
tabm_periodic_pooled_60m_s0_pooledcal,2025-01-01,bank_delayed,cadence85_cd2,242,242,65,51,0.9411764705882353,1.2745098039215685,3,0.16786629195072222,0.19834710743801653,0.26153846153846155,1.3185897435897436,21.832861964103884,-6.413436923616225
tabm_periodic_pooled_60m_s0_pooledcal,2025-01-01,bank_delayed,cadence90_cd2,242,242,71,51,0.9803921568627451,1.392156862745098,1,0.16786629195072222,0.19834710743801653,0.23943661971830985,1.2071596244131455,16.628160294727834,-11.618138592992276
tabm_periodic_pooled_60m_s0_pooledcal,2025-01-01,bank_delayed,cadence90_cd3,242,242,51,51,0.8627450980392157,1.0,7,0.16786629195072222,0.19834710743801653,0.27450980392156865,1.3839869281045754,24.298848681353626,-3.9474502063664816
tabm_periodic_pooled_60m_s0_pooledcal,2025-01-01,bank_delayed,legacy,242,242,51,51,0.8823529411764706,1.0,6,0.16786629195072222,0.19834710743801653,0.27450980392156865,1.3839869281045754,30.552697240314856,2.306398352594747
tabm_periodic_pooled_60m_s0_pooledcal,2025-01-01,both_delayed,cadence85_cd2,242,242,27,51,0.47058823529411764,0.5294117647058824,27,0.1556452781521879,0.19834710743801653,0.2222222222222222,1.1203703703703702,39.31853224798023,11.07223336026012
tabm_periodic_pooled_60m_s0_pooledcal,2025-01-01,both_delayed,cadence90_cd2,242,242,40,51,0.7058823529411765,0.7843137254901961,15,0.1556452781521879,0.19834710743801653,0.25,1.2604166666666667,34.63642041355415,6.39012152583404
tabm_periodic_pooled_60m_s0_pooledcal,2025-01-01,both_delayed,cadence90_cd3,242,242,34,51,0.6470588235294118,0.6666666666666666,18,0.1556452781521879,0.19834710743801653,0.38235294117647056,1.9276960784313724,44.32284383891091,16.076544951190805
tabm_periodic_pooled_60m_s0_pooledcal,2025-01-01,both_delayed,legacy,242,242,29,51,0.5490196078431373,0.5686274509803921,23,0.1556452781521879,0.19834710743801653,0.41379310344827586,2.086206896551724,40.72992649062725,12.483627602907143
tabm_periodic_pooled_60m_s0_pooledcal,2025-01-01,normal,cadence85_cd2,242,242,69,51,0.9607843137254902,1.3529411764705883,2,0.1698787843796652,0.19834710743801653,0.2463768115942029,1.2421497584541064,18.841451174816218,-9.40484771290389
tabm_periodic_pooled_60m_s0_pooledcal,2025-01-01,normal,cadence90_cd2,242,242,73,51,0.9607843137254902,1.4313725490196079,2,0.1698787843796652,0.19834710743801653,0.2602739726027397,1.312214611872146,23.85370848799309,-4.3925903997270215
tabm_periodic_pooled_60m_s0_pooledcal,2025-01-01,normal,cadence90_cd3,242,242,55,51,0.9019607843137255,1.0784313725490196,5,0.1698787843796652,0.19834710743801653,0.2727272727272727,1.3749999999999998,33.99552936637563,5.7492304786555195
tabm_periodic_pooled_60m_s0_pooledcal,2025-01-01,normal,legacy,242,242,55,51,0.8823529411764706,1.0784313725490196,6,0.1698787843796652,0.19834710743801653,0.23636363636363636,1.1916666666666667,30.743776044419604,2.4974771566994978
tabm_periodic_pooled_60m_s0_pooledcal,2025-01-01,oxr_delayed,cadence85_cd2,242,242,27,51,0.47058823529411764,0.5294117647058824,27,0.15788944441309957,0.19834710743801653,0.25925925925925924,1.3070987654320987,38.106691231334835,9.860392343614729
tabm_periodic_pooled_60m_s0_pooledcal,2025-01-01,oxr_delayed,cadence90_cd2,242,242,37,51,0.6274509803921569,0.7254901960784313,19,0.15788944441309957,0.19834710743801653,0.2702702702702703,1.3626126126126126,11.40810920635801,-16.8381896813621
tabm_periodic_pooled_60m_s0_pooledcal,2025-01-01,oxr_delayed,cadence90_cd3,242,242,30,51,0.5882352941176471,0.5882352941176471,21,0.15788944441309957,0.19834710743801653,0.26666666666666666,1.3444444444444443,18.501120087670078,-9.74517880005003
tabm_periodic_pooled_60m_s0_pooledcal,2025-01-01,oxr_delayed,legacy,242,242,28,51,0.5490196078431373,0.5490196078431373,23,0.15788944441309957,0.19834710743801653,0.25,1.2604166666666667,23.159587370921827,-5.086711516798281
tabm_periodic_pooled_60m_s0_pooledcal,2026-01-01,bank_delayed,cadence85_cd2,156,156,42,33,0.9090909090909091,1.2727272727272727,3,0.218621817447645,0.36538461538461536,0.40476190476190477,1.1077694235588973,30.77572701765959,67.9403033093787
tabm_periodic_pooled_60m_s0_pooledcal,2026-01-01,bank_delayed,cadence90_cd2,156,156,42,33,0.9090909090909091,1.2727272727272727,3,0.218621817447645,0.36538461538461536,0.40476190476190477,1.1077694235588973,30.77572701765959,67.9403033093787
tabm_periodic_pooled_60m_s0_pooledcal,2026-01-01,bank_delayed,cadence90_cd3,156,156,37,33,0.9393939393939394,1.121212121212121,2,0.218621817447645,0.36538461538461536,0.3783783783783784,1.035561877667141,25.81318077975945,62.977757071478564
tabm_periodic_pooled_60m_s0_pooledcal,2026-01-01,bank_delayed,legacy,156,156,34,33,0.8787878787878788,1.0303030303030303,4,0.218621817447645,0.36538461538461536,0.38235294117647056,1.0464396284829722,33.485292018002085,70.6498683097212
tabm_periodic_pooled_60m_s0_pooledcal,2026-01-01,both_delayed,cadence85_cd2,156,156,45,33,0.9090909090909091,1.3636363636363635,3,0.21304229905832436,0.36538461538461536,0.4,1.0947368421052632,29.417911764079975,66.58248805579909
tabm_periodic_pooled_60m_s0_pooledcal,2026-01-01,both_delayed,cadence90_cd2,156,156,45,33,0.9090909090909091,1.3636363636363635,3,0.21304229905832436,0.36538461538461536,0.4,1.0947368421052632,29.417911764079975,66.58248805579909
tabm_periodic_pooled_60m_s0_pooledcal,2026-01-01,both_delayed,cadence90_cd3,156,156,39,33,0.9696969696969697,1.1818181818181819,1,0.21304229905832436,0.36538461538461536,0.3333333333333333,0.9122807017543859,9.935210836592809,47.099787128311924
tabm_periodic_pooled_60m_s0_pooledcal,2026-01-01,both_delayed,legacy,156,156,37,33,0.9696969696969697,1.121212121212121,1,0.21304229905832436,0.36538461538461536,0.43243243243243246,1.1834992887624467,28.048409718834804,65.21298601055392
tabm_periodic_pooled_60m_s0_pooledcal,2026-01-01,normal,cadence85_cd2,156,156,44,33,0.9090909090909091,1.3333333333333333,3,0.20979141690509154,0.36538461538461536,0.4090909090909091,1.1196172248803828,32.41841430125034,69.58299059296945
tabm_periodic_pooled_60m_s0_pooledcal,2026-01-01,normal,cadence90_cd2,156,156,44,33,0.9090909090909091,1.3333333333333333,3,0.20979141690509154,0.36538461538461536,0.4090909090909091,1.1196172248803828,32.41841430125034,69.58299059296945
tabm_periodic_pooled_60m_s0_pooledcal,2026-01-01,normal,cadence90_cd3,156,156,37,33,0.9393939393939394,1.121212121212121,2,0.20979141690509154,0.36538461538461536,0.3783783783783784,1.035561877667141,15.133023795212445,52.29760008693156
tabm_periodic_pooled_60m_s0_pooledcal,2026-01-01,normal,legacy,156,156,34,33,0.8787878787878788,1.0303030303030303,4,0.20979141690509154,0.36538461538461536,0.4117647058823529,1.1269349845201238,46.33653826342538,83.5011145551445
tabm_periodic_pooled_60m_s0_pooledcal,2026-01-01,oxr_delayed,cadence85_cd2,156,156,44,33,0.8787878787878788,1.3333333333333333,4,0.20489740323272995,0.36538461538461536,0.45454545454545453,1.244019138755981,37.23315019702679,74.3977264887459
tabm_periodic_pooled_60m_s0_pooledcal,2026-01-01,oxr_delayed,cadence90_cd2,156,156,44,33,0.8787878787878788,1.3333333333333333,4,0.20489740323272995,0.36538461538461536,0.45454545454545453,1.244019138755981,37.23315019702679,74.3977264887459
tabm_periodic_pooled_60m_s0_pooledcal,2026-01-01,oxr_delayed,cadence90_cd3,156,156,38,33,0.9696969696969697,1.1515151515151516,1,0.20489740323272995,0.36538461538461536,0.3684210526315789,1.0083102493074791,17.648716907105594,54.81329319882471
tabm_periodic_pooled_60m_s0_pooledcal,2026-01-01,oxr_delayed,legacy,156,156,34,33,0.9393939393939394,1.0303030303030303,2,0.20489740323272995,0.36538461538461536,0.4117647058823529,1.1269349845201238,38.041316681240886,75.20589297296
treasury_halyk_shrink_120m,2025-01-01,bank_delayed,cadence85_cd2,242,242,57,51,0.8627450980392157,1.1176470588235294,7,0.1492199467749984,0.19834710743801653,0.38596491228070173,1.9459064327485378,45.39099922803991,17.1447003403198
treasury_halyk_shrink_120m,2025-01-01,bank_delayed,cadence90_cd2,242,242,61,51,0.9019607843137255,1.196078431372549,5,0.1492199467749984,0.19834710743801653,0.3442622950819672,1.735655737704918,43.1572684697391,14.910969582018993
treasury_halyk_shrink_120m,2025-01-01,bank_delayed,cadence90_cd3,242,242,50,51,0.8627450980392157,0.9803921568627451,7,0.1492199467749984,0.19834710743801653,0.34,1.7141666666666668,39.465843333971215,11.219544446251104
treasury_halyk_shrink_120m,2025-01-01,bank_delayed,legacy,242,242,50,51,0.8627450980392157,0.9803921568627451,7,0.1492199467749984,0.19834710743801653,0.34,1.7141666666666668,37.23871604947509,8.992417161754982
treasury_halyk_shrink_120m,2025-01-01,normal,cadence85_cd2,242,242,59,51,0.8431372549019608,1.1568627450980393,8,0.14383384867704951,0.19834710743801653,0.423728813559322,2.1362994350282483,50.65810868560838,22.411809797888274
treasury_halyk_shrink_120m,2025-01-01,normal,cadence90_cd2,242,242,60,51,0.8823529411764706,1.1764705882352942,6,0.14383384867704951,0.19834710743801653,0.4,2.0166666666666666,49.53538083581344,21.289081948093333
treasury_halyk_shrink_120m,2025-01-01,normal,cadence90_cd3,242,242,50,51,0.8823529411764706,0.9803921568627451,6,0.14383384867704951,0.19834710743801653,0.3,1.5125,45.87505013349625,17.628751245776144
treasury_halyk_shrink_120m,2025-01-01,normal,legacy,242,242,50,51,0.8823529411764706,0.9803921568627451,6,0.14383384867704951,0.19834710743801653,0.3,1.5125,45.87505013349625,17.628751245776144
treasury_halyk_shrink_120m,2026-01-01,bank_delayed,cadence85_cd2,156,156,42,33,0.9090909090909091,1.2727272727272727,3,0.23440848184094223,0.36538461538461536,0.40476190476190477,1.1077694235588973,28.90444095297937,66.06901724469849
treasury_halyk_shrink_120m,2026-01-01,bank_delayed,cadence90_cd2,156,156,42,33,0.9090909090909091,1.2727272727272727,3,0.23440848184094223,0.36538461538461536,0.40476190476190477,1.1077694235588973,28.90444095297937,66.06901724469849
treasury_halyk_shrink_120m,2026-01-01,bank_delayed,cadence90_cd3,156,156,36,33,0.9696969696969697,1.0909090909090908,1,0.23440848184094223,0.36538461538461536,0.4722222222222222,1.2923976608187135,22.237575158643693,59.40215145036281
treasury_halyk_shrink_120m,2026-01-01,bank_delayed,legacy,156,156,34,33,0.8484848484848485,1.0303030303030303,5,0.23440848184094223,0.36538461538461536,0.4117647058823529,1.1269349845201238,31.32076291088974,68.48533920260886
treasury_halyk_shrink_120m,2026-01-01,normal,cadence85_cd2,156,156,42,33,0.9393939393939394,1.2727272727272727,2,0.2200188860172341,0.36538461538461536,0.42857142857142855,1.1729323308270676,37.81358955041787,74.97816584213699
treasury_halyk_shrink_120m,2026-01-01,normal,cadence90_cd2,156,156,42,33,0.9393939393939394,1.2727272727272727,2,0.2200188860172341,0.36538461538461536,0.42857142857142855,1.1729323308270676,37.81358955041787,74.97816584213699
treasury_halyk_shrink_120m,2026-01-01,normal,cadence90_cd3,156,156,35,33,0.9696969696969697,1.0606060606060606,1,0.2200188860172341,0.36538461538461536,0.5142857142857142,1.4075187969924812,41.450578216047674,78.61515450776679
treasury_halyk_shrink_120m,2026-01-01,normal,legacy,156,156,33,33,0.8787878787878788,1.0,4,0.2200188860172341,0.36538461538461536,0.45454545454545453,1.244019138755981,40.59691446159998,77.7614907533191
v3_120m,2025-01-01,normal,cadence85_cd2,242,242,61,51,0.9215686274509803,1.196078431372549,4,0.15646926295095248,0.19834710743801653,0.32786885245901637,1.653005464480874,43.48144127167366,15.235142383953553
v3_120m,2025-01-01,normal,cadence90_cd2,242,242,61,51,0.9215686274509803,1.196078431372549,4,0.15646926295095248,0.19834710743801653,0.32786885245901637,1.653005464480874,43.48144127167366,15.235142383953553
v3_120m,2025-01-01,normal,cadence90_cd3,242,242,55,51,0.9411764705882353,1.0784313725490196,3,0.15646926295095248,0.19834710743801653,0.21818181818181817,1.0999999999999999,21.13506631951708,-7.111232568203029
v3_120m,2025-01-01,normal,legacy,242,242,44,51,0.803921568627451,0.8627450980392157,10,0.15646926295095248,0.19834710743801653,0.4318181818181818,2.1770833333333335,56.4627093232782,28.21641043555809
v3_120m,2026-01-01,normal,cadence85_cd2,156,156,41,33,0.9090909090909091,1.2424242424242424,3,0.2349803479118283,0.36538461538461536,0.4146341463414634,1.134788189987163,13.083139874337505,50.24771616605662
v3_120m,2026-01-01,normal,cadence90_cd2,156,156,44,33,0.9090909090909091,1.3333333333333333,3,0.2349803479118283,0.36538461538461536,0.36363636363636365,0.9952153110047848,13.436265765125263,50.60084205684438
v3_120m,2026-01-01,normal,cadence90_cd3,156,156,38,33,0.9696969696969697,1.1515151515151516,1,0.2349803479118283,0.36538461538461536,0.39473684210526316,1.0803324099722993,-4.387979757737845,32.77659653398127
v3_120m,2026-01-01,normal,legacy,156,156,34,33,0.9393939393939394,1.0303030303030303,2,0.2349803479118283,0.36538461538461536,0.4411764705882353,1.2074303405572755,31.604298956545378,68.7688752482645
