track,scope,config_id,rows,dates,brier,signals,lift,forward_delta_bps,branch,source_contract,source_table,hit_rate,symmetric_delta_bps,regret_bps,logloss,auc,ece10,mean_signals_per_corridor_week,min_cell_week_coverage,mean_cell_week_coverage,cutoff,first_date,last_date,delay,raw_brier,candidate_quality,candidate_lift,candidate_lift_unstandardized,forward_bps_absolute,forward_bps_per_candidate,regret_bps_per_candidate,log_loss,candidate_frequency_per_week,weeks_1_to_2_share,threshold
development_2023_2025,all,oxr_basis_120m_delay24h,3635,727.0,0.1843437693343438,758.0,1.3362219808332871,35.05141240425662,oxr,primary_and_depth_controls,oxr/summary.csv,,,,,,,,,,,,,,,,,,,,,,,,
development_2023_2025,all,oxr_basis_120m_delay48h,3635,727.0,0.1838795611656719,732.0,1.3701224200413415,39.75931031664204,oxr,primary_and_depth_controls,oxr/summary.csv,,,,,,,,,,,,,,,,,,,,,,,,
development_2023_2025,all,oxr_basis_120m_since2020,3635,727.0,0.1849886454487706,750.0,1.3580705286128556,37.86896693794554,oxr,primary_and_depth_controls,oxr/summary.csv,,,,,,,,,,,,,,,,,,,,,,,,
development_2023_2025,all,oxr_basis_120m_since2022,3635,727.0,0.1844622564359132,766.0,1.354566483833275,37.222769276018646,oxr,primary_and_depth_controls,oxr/summary.csv,,,,,,,,,,,,,,,,,,,,,,,,
development_2023_2025,all,oxr_basis_24m_delay24h,3635,727.0,0.1904561787801721,708.0,1.3876399976974223,40.805983089642154,oxr,primary_and_depth_controls,oxr/summary.csv,,,,,,,,,,,,,,,,,,,,,,,,
development_2023_2025,all,oxr_basis_24m_delay48h,3635,727.0,0.1895480362575395,692.0,1.3992723947404333,46.611094519764535,oxr,primary_and_depth_controls,oxr/summary.csv,,,,,,,,,,,,,,,,,,,,,,,,
development_2023_2025,all,oxr_coverage_120m,3635,727.0,0.185014555539614,719.0,1.3533970222774048,38.54090318358431,oxr,primary_and_depth_controls,oxr/summary.csv,,,,,,,,,,,,,,,,,,,,,,,,
development_2023_2025,all,oxr_full_120m_delay24h,3635,727.0,0.1857189651592979,755.0,1.3408760563781967,38.15231292706535,oxr,primary_and_depth_controls,oxr/summary.csv,,,,,,,,,,,,,,,,,,,,,,,,
development_2023_2025,all,oxr_full_120m_delay48h,3635,727.0,0.1852260793424916,716.0,1.3196474530180158,42.24287078331851,oxr,primary_and_depth_controls,oxr/summary.csv,,,,,,,,,,,,,,,,,,,,,,,,
development_2023_2025,all,oxr_full_120m_since2020,3635,727.0,0.1862444509072774,735.0,1.374520890784958,41.5432362635554,oxr,primary_and_depth_controls,oxr/summary.csv,,,,,,,,,,,,,,,,,,,,,,,,
development_2023_2025,all,oxr_full_120m_since2022,3635,727.0,0.1861310396254026,780.0,1.318197955615545,33.99299872896243,oxr,primary_and_depth_controls,oxr/summary.csv,,,,,,,,,,,,,,,,,,,,,,,,
development_2023_2025,all,oxr_full_24m_delay24h,3635,727.0,0.1929250935689326,712.0,1.3076797655733587,36.885300864978305,oxr,primary_and_depth_controls,oxr/summary.csv,,,,,,,,,,,,,,,,,,,,,,,,
development_2023_2025,all,oxr_full_24m_delay48h,3635,727.0,0.1884041723625692,724.0,1.3543618725506168,39.01829384974202,oxr,primary_and_depth_controls,oxr/summary.csv,,,,,,,,,,,,,,,,,,,,,,,,
development_2023_2025,all,oxr_returns_120m_delay24h,3635,727.0,0.1864745323181749,726.0,1.3661208628861683,39.95497212892328,oxr,primary_and_depth_controls,oxr/summary.csv,,,,,,,,,,,,,,,,,,,,,,,,
development_2023_2025,all,oxr_returns_120m_delay48h,3635,727.0,0.1854884305155342,749.0,1.3068956627212116,39.05939103593252,oxr,primary_and_depth_controls,oxr/summary.csv,,,,,,,,,,,,,,,,,,,,,,,,
development_2023_2025,all,oxr_returns_24m_delay24h,3635,727.0,0.1934939641458094,690.0,1.3628797049915051,42.13120541659674,oxr,primary_and_depth_controls,oxr/summary.csv,,,,,,,,,,,,,,,,,,,,,,,,
development_2023_2025,all,oxr_returns_24m_delay48h,3635,727.0,0.1879748990235896,739.0,1.304776314777523,35.955079181595934,oxr,primary_and_depth_controls,oxr/summary.csv,,,,,,,,,,,,,,,,,,,,,,,,
development_2023_2025,all,v3_120m,3635,727.0,0.1848504009986283,723.0,1.3709701913909238,40.07841159980202,oxr,primary_and_depth_controls,oxr/summary.csv,,,,,,,,,,,,,,,,,,,,,,,,
development_2023_2025,all,v3_24m,3635,727.0,0.1906165831119161,663.0,1.4351906688933171,47.68564601517411,oxr,primary_and_depth_controls,oxr/summary.csv,,,,,,,,,,,,,,,,,,,,,,,,
development_2023_2025,KZT,oxr_basis_120m_delay24h,727,727.0,0.1818330990716231,156.0,1.3879675322715566,23.88554459680955,oxr,primary_and_depth_controls,oxr/summary.csv,,,,,,,,,,,,,,,,,,,,,,,,
development_2023_2025,KZT,oxr_basis_120m_delay48h,727,727.0,0.1817467887021878,166.0,1.3355306632283015,25.290126226189688,oxr,primary_and_depth_controls,oxr/summary.csv,,,,,,,,,,,,,,,,,,,,,,,,
development_2023_2025,KZT,oxr_basis_120m_since2020,727,727.0,0.1818596128453641,146.0,1.4379137706541472,32.0683768822912,oxr,primary_and_depth_controls,oxr/summary.csv,,,,,,,,,,,,,,,,,,,,,,,,
development_2023_2025,KZT,oxr_basis_120m_since2022,727,727.0,0.1826017680510171,162.0,1.468549938127115,31.113790779472385,oxr,primary_and_depth_controls,oxr/summary.csv,,,,,,,,,,,,,,,,,,,,,,,,
development_2023_2025,KZT,oxr_basis_24m_delay24h,727,727.0,0.1890517147723868,143.0,1.503887623246419,37.94556784111495,oxr,primary_and_depth_controls,oxr/summary.csv,,,,,,,,,,,,,,,,,,,,,,,,
development_2023_2025,KZT,oxr_basis_24m_delay48h,727,727.0,0.187936874187256,136.0,1.6556397307544024,44.199277804789624,oxr,primary_and_depth_controls,oxr/summary.csv,,,,,,,,,,,,,,,,,,,,,,,,
development_2023_2025,KZT,oxr_coverage_120m,727,727.0,0.182161986337418,147.0,1.456044272738121,33.711104771498015,oxr,primary_and_depth_controls,oxr/summary.csv,,,,,,,,,,,,,,,,,,,,,,,,
development_2023_2025,KZT,oxr_full_120m_delay24h,727,727.0,0.1818186038086914,148.0,1.439956935759296,30.927279675148856,oxr,primary_and_depth_controls,oxr/summary.csv,,,,,,,,,,,,,,,,,,,,,,,,
development_2023_2025,KZT,oxr_full_120m_delay48h,727,727.0,0.1804022931007357,144.0,1.409100711667026,35.78597774040973,oxr,primary_and_depth_controls,oxr/summary.csv,,,,,,,,,,,,,,,,,,,,,,,,
development_2023_2025,KZT,oxr_full_120m_since2020,727,727.0,0.1816157512315037,146.0,1.4667398298954928,33.94688377662617,oxr,primary_and_depth_controls,oxr/summary.csv,,,,,,,,,,,,,,,,,,,,,,,,
development_2023_2025,KZT,oxr_full_120m_since2022,727,727.0,0.1846110296033242,169.0,1.3053823267204432,17.131040841607845,oxr,primary_and_depth_controls,oxr/summary.csv,,,,,,,,,,,,,,,,,,,,,,,,
development_2023_2025,KZT,oxr_full_24m_delay24h,727,727.0,0.1892704340469601,136.0,1.5100586940572267,43.88689120235555,oxr,primary_and_depth_controls,oxr/summary.csv,,,,,,,,,,,,,,,,,,,,,,,,
development_2023_2025,KZT,oxr_full_24m_delay48h,727,727.0,0.184412086383313,141.0,1.4927197968263362,34.619793833635384,oxr,primary_and_depth_controls,oxr/summary.csv,,,,,,,,,,,,,,,,,,,,,,,,
development_2023_2025,KZT,oxr_returns_120m_delay24h,727,727.0,0.1822169431159985,150.0,1.4476438085950831,26.678540002899755,oxr,primary_and_depth_controls,oxr/summary.csv,,,,,,,,,,,,,,,,,,,,,,,,
development_2023_2025,KZT,oxr_returns_120m_delay48h,727,727.0,0.1808432504253555,165.0,1.3441772823446525,25.73007023087979,oxr,primary_and_depth_controls,oxr/summary.csv,,,,,,,,,,,,,,,,,,,,,,,,
development_2023_2025,KZT,oxr_returns_24m_delay24h,727,727.0,0.190286380639398,129.0,1.5349156225726357,47.945898971097286,oxr,primary_and_depth_controls,oxr/summary.csv,,,,,,,,,,,,,,,,,,,,,,,,
development_2023_2025,KZT,oxr_returns_24m_delay48h,727,727.0,0.1835578832101465,143.0,1.484041868591574,38.88657175447079,oxr,primary_and_depth_controls,oxr/summary.csv,,,,,,,,,,,,,,,,,,,,,,,,
development_2023_2025,KZT,v3_120m,727,727.0,0.182704781751045,149.0,1.4778370986863412,29.971420647932167,oxr,primary_and_depth_controls,oxr/summary.csv,,,,,,,,,,,,,,,,,,,,,,,,
development_2023_2025,KZT,v3_24m,727,727.0,0.1892821073017463,133.0,1.5875079151805231,42.03722860984865,oxr,primary_and_depth_controls,oxr/summary.csv,,,,,,,,,,,,,,,,,,,,,,,,
test2026_january_freeze,all,oxr_basis_120m_delay24h,780,156.0,0.2088164874580449,177.0,1.256198347107438,23.635025545137676,oxr,primary_and_depth_controls,oxr/summary.csv,,,,,,,,,,,,,,,,,,,,,,,,
test2026_january_freeze,all,oxr_basis_120m_delay48h,780,156.0,0.2074899480006428,175.0,1.3369041242635242,26.687060034267528,oxr,primary_and_depth_controls,oxr/summary.csv,,,,,,,,,,,,,,,,,,,,,,,,
test2026_january_freeze,all,oxr_basis_120m_since2020,780,156.0,0.2088767971613354,177.0,1.256198347107438,23.635025545137676,oxr,primary_and_depth_controls,oxr/summary.csv,,,,,,,,,,,,,,,,,,,,,,,,
test2026_january_freeze,all,oxr_basis_120m_since2022,780,156.0,0.207080691128895,173.0,1.4031209362808843,31.951119251921565,oxr,primary_and_depth_controls,oxr/summary.csv,,,,,,,,,,,,,,,,,,,,,,,,
test2026_january_freeze,all,oxr_basis_24m_delay24h,780,156.0,0.2066407427394267,170.0,1.3779397151374624,34.78198830645531,oxr,primary_and_depth_controls,oxr/summary.csv,,,,,,,,,,,,,,,,,,,,,,,,
test2026_january_freeze,all,oxr_basis_24m_delay48h,780,156.0,0.207965038409068,171.0,1.3853744107005812,34.9777624415227,oxr,primary_and_depth_controls,oxr/summary.csv,,,,,,,,,,,,,,,,,,,,,,,,
test2026_january_freeze,all,oxr_coverage_120m,780,156.0,0.2088575156630681,176.0,1.2785524215007982,25.423199245821426,oxr,primary_and_depth_controls,oxr/summary.csv,,,,,,,,,,,,,,,,,,,,,,,,
test2026_january_freeze,all,oxr_full_120m_delay24h,780,156.0,0.2102543605980699,178.0,1.264687302590019,22.83295683519738,oxr,primary_and_depth_controls,oxr/summary.csv,,,,,,,,,,,,,,,,,,,,,,,,
test2026_january_freeze,all,oxr_full_120m_delay48h,780,156.0,0.2081793903284055,176.0,1.330774152271273,25.50151504607996,oxr,primary_and_depth_controls,oxr/summary.csv,,,,,,,,,,,,,,,,,,,,,,,,
test2026_january_freeze,all,oxr_full_120m_since2020,780,156.0,0.2104595887741264,178.0,1.281111813013266,22.9986768093599,oxr,primary_and_depth_controls,oxr/summary.csv,,,,,,,,,,,,,,,,,,,,,,,,
test2026_january_freeze,all,oxr_full_120m_since2022,780,156.0,0.2064624827740998,172.0,1.4293193717277486,32.412380156943975,oxr,primary_and_depth_controls,oxr/summary.csv,,,,,,,,,,,,,,,,,,,,,,,,
test2026_january_freeze,all,oxr_full_24m_delay24h,780,156.0,0.2124907753880646,171.0,1.3843120070113932,32.1196862154106,oxr,primary_and_depth_controls,oxr/summary.csv,,,,,,,,,,,,,,,,,,,,,,,,
test2026_january_freeze,all,oxr_full_24m_delay48h,780,156.0,0.2071893056628567,172.0,1.4086161879895558,34.924630849671544,oxr,primary_and_depth_controls,oxr/summary.csv,,,,,,,,,,,,,,,,,,,,,,,,
test2026_january_freeze,all,oxr_returns_120m_delay24h,780,156.0,0.2103070892341441,178.0,1.281111813013266,22.955167422720116,oxr,primary_and_depth_controls,oxr/summary.csv,,,,,,,,,,,,,,,,,,,,,,,,
test2026_january_freeze,all,oxr_returns_120m_delay48h,780,156.0,0.2083522549518192,176.0,1.330774152271273,25.59726064181996,oxr,primary_and_depth_controls,oxr/summary.csv,,,,,,,,,,,,,,,,,,,,,,,,
test2026_january_freeze,all,oxr_returns_24m_delay24h,780,156.0,0.2106410359710796,168.0,1.3377881724022718,37.59397140101547,oxr,primary_and_depth_controls,oxr/summary.csv,,,,,,,,,,,,,,,,,,,,,,,,
test2026_january_freeze,all,oxr_returns_24m_delay48h,780,156.0,0.2055022808955629,172.0,1.411226158038147,30.91690560227866,oxr,primary_and_depth_controls,oxr/summary.csv,,,,,,,,,,,,,,,,,,,,,,,,
test2026_january_freeze,all,v3_120m,780,156.0,0.2084060246673179,173.0,1.3369494467346497,29.640444412858635,oxr,primary_and_depth_controls,oxr/summary.csv,,,,,,,,,,,,,,,,,,,,,,,,
test2026_january_freeze,all,v3_24m,780,156.0,0.2066268660247649,168.0,1.3752929360562436,37.770423127129746,oxr,primary_and_depth_controls,oxr/summary.csv,,,,,,,,,,,,,,,,,,,,,,,,
test2026_january_freeze,KZT,oxr_basis_120m_delay24h,156,156.0,0.2351189471107063,34.0,1.126934984520124,29.83197507207521,oxr,primary_and_depth_controls,oxr/summary.csv,,,,,,,,,,,,,,,,,,,,,,,,
test2026_january_freeze,KZT,oxr_basis_120m_delay48h,156,156.0,0.2330326614994063,35.0,1.0947368421052632,16.57331720830146,oxr,primary_and_depth_controls,oxr/summary.csv,,,,,,,,,,,,,,,,,,,,,,,,
test2026_january_freeze,KZT,oxr_basis_120m_since2020,156,156.0,0.2346409591603831,34.0,1.126934984520124,29.83197507207521,oxr,primary_and_depth_controls,oxr/summary.csv,,,,,,,,,,,,,,,,,,,,,,,,
test2026_january_freeze,KZT,oxr_basis_120m_since2022,156,156.0,0.234537418169693,34.0,1.126934984520124,29.33635081177408,oxr,primary_and_depth_controls,oxr/summary.csv,,,,,,,,,,,,,,,,,,,,,,,,
test2026_january_freeze,KZT,oxr_basis_24m_delay24h,156,156.0,0.2360620033210645,33.0,0.9952153110047848,34.14832054250775,oxr,primary_and_depth_controls,oxr/summary.csv,,,,,,,,,,,,,,,,,,,,,,,,
test2026_january_freeze,KZT,oxr_basis_24m_delay48h,156,156.0,0.2355806764131691,33.0,0.9952153110047848,33.791723737965285,oxr,primary_and_depth_controls,oxr/summary.csv,,,,,,,,,,,,,,,,,,,,,,,,
test2026_january_freeze,KZT,oxr_coverage_120m,156,156.0,0.2359781491011252,35.0,1.1729323308270678,28.74464308698828,oxr,primary_and_depth_controls,oxr/summary.csv,,,,,,,,,,,,,,,,,,,,,,,,
test2026_january_freeze,KZT,oxr_full_120m_delay24h,156,156.0,0.2364379864182502,34.0,1.126934984520124,29.83197507207521,oxr,primary_and_depth_controls,oxr/summary.csv,,,,,,,,,,,,,,,,,,,,,,,,
test2026_january_freeze,KZT,oxr_full_120m_delay48h,156,156.0,0.2343856249518434,34.0,1.126934984520124,29.33635081177408,oxr,primary_and_depth_controls,oxr/summary.csv,,,,,,,,,,,,,,,,,,,,,,,,
test2026_january_freeze,KZT,oxr_full_120m_since2020,156,156.0,0.2364212337456672,34.0,1.126934984520124,29.83197507207521,oxr,primary_and_depth_controls,oxr/summary.csv,,,,,,,,,,,,,,,,,,,,,,,,
test2026_january_freeze,KZT,oxr_full_120m_since2022,156,156.0,0.2340044783866208,34.0,1.126934984520124,26.774593496831155,oxr,primary_and_depth_controls,oxr/summary.csv,,,,,,,,,,,,,,,,,,,,,,,,
test2026_january_freeze,KZT,oxr_full_24m_delay24h,156,156.0,0.2437033190544748,34.0,1.126934984520124,20.40267636063816,oxr,primary_and_depth_controls,oxr/summary.csv,,,,,,,,,,,,,,,,,,,,,,,,
test2026_january_freeze,KZT,oxr_full_24m_delay48h,156,156.0,0.2383618855159328,36.0,1.216374269005848,25.08591136342453,oxr,primary_and_depth_controls,oxr/summary.csv,,,,,,,,,,,,,,,,,,,,,,,,
test2026_january_freeze,KZT,oxr_returns_120m_delay24h,156,156.0,0.2370475220206591,34.0,1.126934984520124,29.33635081177408,oxr,primary_and_depth_controls,oxr/summary.csv,,,,,,,,,,,,,,,,,,,,,,,,
test2026_january_freeze,KZT,oxr_returns_120m_delay48h,156,156.0,0.234250745933582,34.0,1.126934984520124,29.83197507207521,oxr,primary_and_depth_controls,oxr/summary.csv,,,,,,,,,,,,,,,,,,,,,,,,
test2026_january_freeze,KZT,oxr_returns_24m_delay24h,156,156.0,0.2425753937241128,33.0,1.0781499202551834,30.89924552155357,oxr,primary_and_depth_controls,oxr/summary.csv,,,,,,,,,,,,,,,,,,,,,,,,
test2026_january_freeze,KZT,oxr_returns_24m_delay48h,156,156.0,0.2381304633532124,33.0,1.1610845295055825,23.074727186912963,oxr,primary_and_depth_controls,oxr/summary.csv,,,,,,,,,,,,,,,,,,,,,,,,
test2026_january_freeze,KZT,v3_120m,156,156.0,0.2349803479118283,34.0,1.2074303405572755,31.604298956545374,oxr,primary_and_depth_controls,oxr/summary.csv,,,,,,,,,,,,,,,,,,,,,,,,
test2026_january_freeze,KZT,v3_24m,156,156.0,0.2369881464779988,33.0,0.9952153110047848,31.508934218021103,oxr,primary_and_depth_controls,oxr/summary.csv,,,,,,,,,,,,,,,,,,,,,,,,
test2026_common_january_freeze,all,oxr_basis_120m_delay24h,610,122.0,0.2331988022200671,142.0,1.0706612195491,16.27683305977655,oxr,primary_and_depth_controls,oxr/summary.csv,,,,,,,,,,,,,,,,,,,,,,,,
test2026_common_january_freeze,all,oxr_basis_120m_delay48h,610,122.0,0.2317132849059885,140.0,1.1604786744400122,20.122296291746345,oxr,primary_and_depth_controls,oxr/summary.csv,,,,,,,,,,,,,,,,,,,,,,,,
test2026_common_january_freeze,all,oxr_basis_120m_since2020,610,122.0,0.2334222191512173,142.0,1.0706612195491,16.27683305977655,oxr,primary_and_depth_controls,oxr/summary.csv,,,,,,,,,,,,,,,,,,,,,,,,
test2026_common_january_freeze,all,oxr_basis_120m_since2022,610,122.0,0.2304263009457296,138.0,1.234433374844334,26.780195682564397,oxr,primary_and_depth_controls,oxr/summary.csv,,,,,,,,,,,,,,,,,,,,,,,,
test2026_common_january_freeze,all,oxr_basis_24m_delay24h,610,122.0,0.2300552176012431,135.0,1.205418326693227,30.827656526843946,oxr,primary_and_depth_controls,oxr/summary.csv,,,,,,,,,,,,,,,,,,,,,,,,
test2026_common_january_freeze,all,oxr_basis_24m_delay48h,610,122.0,0.2306973297196884,137.0,1.2437264742785443,30.992471010761292,oxr,primary_and_depth_controls,oxr/summary.csv,,,,,,,,,,,,,,,,,,,,,,,,
test2026_common_january_freeze,all,oxr_coverage_120m,610,122.0,0.233311114192409,141.0,1.09558599695586,18.508155283370108,oxr,primary_and_depth_controls,oxr/summary.csv,,,,,,,,,,,,,,,,,,,,,,,,
test2026_common_january_freeze,all,oxr_full_120m_delay24h,610,122.0,0.2350925654083717,143.0,1.0806185257468848,15.247957639908936,oxr,primary_and_depth_controls,oxr/summary.csv,,,,,,,,,,,,,,,,,,,,,,,,
test2026_common_january_freeze,all,oxr_full_120m_delay48h,610,122.0,0.2328839047020508,141.0,1.1535763306390117,18.637564313943493,oxr,primary_and_depth_controls,oxr/summary.csv,,,,,,,,,,,,,,,,,,,,,,,,
test2026_common_january_freeze,all,oxr_full_120m_since2020,610,122.0,0.2352701914229843,143.0,1.0989340939798828,15.45423844690844,oxr,primary_and_depth_controls,oxr/summary.csv,,,,,,,,,,,,,,,,,,,,,,,,
test2026_common_january_freeze,all,oxr_full_120m_since2022,610,122.0,0.2301335398184551,137.0,1.2636534839924671,27.40709421724729,oxr,primary_and_depth_controls,oxr/summary.csv,,,,,,,,,,,,,,,,,,,,,,,,
test2026_common_january_freeze,all,oxr_full_24m_delay24h,610,122.0,0.237048595750708,137.0,1.2433364691125743,27.482893802673924,oxr,primary_and_depth_controls,oxr/summary.csv,,,,,,,,,,,,,,,,,,,,,,,,
test2026_common_january_freeze,all,oxr_full_24m_delay48h,610,122.0,0.2304076003452917,138.0,1.2516710710399503,30.732630311890077,oxr,primary_and_depth_controls,oxr/summary.csv,,,,,,,,,,,,,,,,,,,,,,,,
test2026_common_january_freeze,all,oxr_returns_120m_delay24h,610,122.0,0.235051796244178,143.0,1.0989340939798828,15.400079909692488,oxr,primary_and_depth_controls,oxr/summary.csv,,,,,,,,,,,,,,,,,,,,,,,,
test2026_common_january_freeze,all,oxr_returns_120m_delay48h,610,122.0,0.2330577571328478,141.0,1.1535763306390117,18.757076546923905,oxr,primary_and_depth_controls,oxr/summary.csv,,,,,,,,,,,,,,,,,,,,,,,,
test2026_common_january_freeze,all,oxr_returns_24m_delay24h,610,122.0,0.2346315296892791,135.0,1.182959783818153,32.96268642716925,oxr,primary_and_depth_controls,oxr/summary.csv,,,,,,,,,,,,,,,,,,,,,,,,
test2026_common_january_freeze,all,oxr_returns_24m_delay48h,610,122.0,0.2287386705067225,137.0,1.2431415582379683,25.692071603595416,oxr,primary_and_depth_controls,oxr/summary.csv,,,,,,,,,,,,,,,,,,,,,,,,
test2026_common_january_freeze,all,v3_120m,610,122.0,0.2328111432481098,138.0,1.1595512620754131,23.871544868630338,oxr,primary_and_depth_controls,oxr/summary.csv,,,,,,,,,,,,,,,,,,,,,,,,
test2026_common_january_freeze,all,v3_24m,610,122.0,0.2297812161388069,133.0,1.2020675173639157,34.655853952761156,oxr,primary_and_depth_controls,oxr/summary.csv,,,,,,,,,,,,,,,,,,,,,,,,
test2026_common_january_freeze,KZT,oxr_basis_120m_delay24h,122,122.0,0.242453601566669,27.0,1.1296296296296295,26.431126558282106,oxr,primary_and_depth_controls,oxr/summary.csv,,,,,,,,,,,,,,,,,,,,,,,,
test2026_common_january_freeze,KZT,oxr_basis_120m_delay48h,122,122.0,0.2397376142210947,28.0,1.0892857142857142,9.698149302567716,oxr,primary_and_depth_controls,oxr/summary.csv,,,,,,,,,,,,,,,,,,,,,,,,
test2026_common_january_freeze,KZT,oxr_basis_120m_since2020,122,122.0,0.2416833547188931,27.0,1.1296296296296295,26.431126558282106,oxr,primary_and_depth_controls,oxr/summary.csv,,,,,,,,,,,,,,,,,,,,,,,,
test2026_common_january_freeze,KZT,oxr_basis_120m_since2022,122,122.0,0.241843260711855,27.0,1.1296296296296295,25.807007119384387,oxr,primary_and_depth_controls,oxr/summary.csv,,,,,,,,,,,,,,,,,,,,,,,,
test2026_common_january_freeze,KZT,oxr_basis_24m_delay24h,122,122.0,0.2448436296236161,26.0,0.9775641025641024,32.08150111413578,oxr,primary_and_depth_controls,oxr/summary.csv,,,,,,,,,,,,,,,,,,,,,,,,
test2026_common_january_freeze,KZT,oxr_basis_24m_delay48h,122,122.0,0.2446149590608134,26.0,0.9775641025641024,31.628897477601125,oxr,primary_and_depth_controls,oxr/summary.csv,,,,,,,,,,,,,,,,,,,,,,,,
test2026_common_january_freeze,KZT,oxr_coverage_120m,122,122.0,0.2433113743284559,28.0,1.1800595238095235,24.91230665092625,oxr,primary_and_depth_controls,oxr/summary.csv,,,,,,,,,,,,,,,,,,,,,,,,
test2026_common_january_freeze,KZT,oxr_full_120m_delay24h,122,122.0,0.2441477232358519,27.0,1.1296296296296295,26.431126558282106,oxr,primary_and_depth_controls,oxr/summary.csv,,,,,,,,,,,,,,,,,,,,,,,,
test2026_common_january_freeze,KZT,oxr_full_120m_delay48h,122,122.0,0.2420540802600879,27.0,1.1296296296296295,25.807007119384387,oxr,primary_and_depth_controls,oxr/summary.csv,,,,,,,,,,,,,,,,,,,,,,,,
test2026_common_january_freeze,KZT,oxr_full_120m_since2020,122,122.0,0.2443910479332549,27.0,1.1296296296296295,26.431126558282106,oxr,primary_and_depth_controls,oxr/summary.csv,,,,,,,,,,,,,,,,,,,,,,,,
test2026_common_january_freeze,KZT,oxr_full_120m_since2022,122,122.0,0.242107254668862,27.0,1.1296296296296295,22.58109050056737,oxr,primary_and_depth_controls,oxr/summary.csv,,,,,,,,,,,,,,,,,,,,,,,,
test2026_common_january_freeze,KZT,oxr_full_24m_delay24h,122,122.0,0.2555156697933563,27.0,1.1296296296296295,14.557194847583611,oxr,primary_and_depth_controls,oxr/summary.csv,,,,,,,,,,,,,,,,,,,,,,,,
test2026_common_january_freeze,KZT,oxr_full_24m_delay48h,122,122.0,0.2479644513881391,29.0,1.1393678160919538,19.465011894415102,oxr,primary_and_depth_controls,oxr/summary.csv,,,,,,,,,,,,,,,,,,,,,,,,
test2026_common_january_freeze,KZT,oxr_returns_120m_delay24h,122,122.0,0.2447658039603352,27.0,1.1296296296296295,25.807007119384387,oxr,primary_and_depth_controls,oxr/summary.csv,,,,,,,,,,,,,,,,,,,,,,,,
test2026_common_january_freeze,KZT,oxr_returns_120m_delay48h,122,122.0,0.2418538667403443,27.0,1.1296296296296295,26.431126558282106,oxr,primary_and_depth_controls,oxr/summary.csv,,,,,,,,,,,,,,,,,,,,,,,,
test2026_common_january_freeze,KZT,oxr_returns_24m_delay24h,122,122.0,0.2540098841047259,26.0,1.0753205128205128,27.957675126001632,oxr,primary_and_depth_controls,oxr/summary.csv,,,,,,,,,,,,,,,,,,,,,,,,
test2026_common_january_freeze,KZT,oxr_returns_24m_delay48h,122,122.0,0.2474204692625676,26.0,1.173076923076923,18.026555701265487,oxr,primary_and_depth_controls,oxr/summary.csv,,,,,,,,,,,,,,,,,,,,,,,,
test2026_common_january_freeze,KZT,v3_120m,122,122.0,0.2422311095941602,27.0,1.2237654320987652,28.66294182020751,oxr,primary_and_depth_controls,oxr/summary.csv,,,,,,,,,,,,,,,,,,,,,,,,
test2026_common_january_freeze,KZT,v3_24m,122,122.0,0.2455224362490561,26.0,0.9775641025641024,28.73151077921042,oxr,primary_and_depth_controls,oxr/summary.csv,,,,,,,,,,,,,,,,,,,,,,,,
test2026_common_march_freeze,all,oxr_basis_120m_delay24h,610,122.0,0.2331787096047146,141.0,1.1163641909409792,16.48971505298991,oxr,primary_and_depth_controls,oxr/summary.csv,,,,,,,,,,,,,,,,,,,,,,,,
test2026_common_march_freeze,all,oxr_basis_120m_delay48h,610,122.0,0.2320979572364257,141.0,1.172182400488028,18.79740670519528,oxr,primary_and_depth_controls,oxr/summary.csv,,,,,,,,,,,,,,,,,,,,,,,,
test2026_common_march_freeze,all,oxr_basis_120m_since2020,610,122.0,0.2323808335662781,142.0,1.1075805719473446,16.63776010188906,oxr,primary_and_depth_controls,oxr/summary.csv,,,,,,,,,,,,,,,,,,,,,,,,
test2026_common_march_freeze,all,oxr_basis_120m_since2022,610,122.0,0.2296722559738515,138.0,1.2534246575342467,27.05993995379111,oxr,primary_and_depth_controls,oxr/summary.csv,,,,,,,,,,,,,,,,,,,,,,,,
test2026_common_march_freeze,all,oxr_basis_24m_delay24h,610,122.0,0.2340823003082144,142.0,1.144673123486683,18.244039113813383,oxr,primary_and_depth_controls,oxr/summary.csv,,,,,,,,,,,,,,,,,,,,,,,,
test2026_common_march_freeze,all,oxr_basis_24m_delay48h,610,122.0,0.2336534765600801,142.0,1.2353030074051683,22.54929296887158,oxr,primary_and_depth_controls,oxr/summary.csv,,,,,,,,,,,,,,,,,,,,,,,,
test2026_common_march_freeze,all,oxr_coverage_120m,610,122.0,0.2328239507831512,142.0,1.1267221801665406,18.71241182940962,oxr,primary_and_depth_controls,oxr/summary.csv,,,,,,,,,,,,,,,,,,,,,,,,
test2026_common_march_freeze,all,oxr_full_120m_delay24h,610,122.0,0.2343338268185126,141.0,1.172182400488028,18.571046657868795,oxr,primary_and_depth_controls,oxr/summary.csv,,,,,,,,,,,,,,,,,,,,,,,,
test2026_common_march_freeze,all,oxr_full_120m_delay48h,610,122.0,0.2329153174947473,142.0,1.163663890991673,17.446944508275166,oxr,primary_and_depth_controls,oxr/summary.csv,,,,,,,,,,,,,,,,,,,,,,,,
test2026_common_march_freeze,all,oxr_full_120m_since2020,610,122.0,0.2338594651964863,140.0,1.1410610242256978,19.908998375620648,oxr,primary_and_depth_controls,oxr/summary.csv,,,,,,,,,,,,,,,,,,,,,,,,
test2026_common_march_freeze,all,oxr_full_120m_since2022,610,122.0,0.2296504362253289,138.0,1.2724159402241595,26.40104988117133,oxr,primary_and_depth_controls,oxr/summary.csv,,,,,,,,,,,,,,,,,,,,,,,,
test2026_common_march_freeze,all,oxr_full_24m_delay24h,610,122.0,0.23051514827451,145.0,1.1927121907865503,16.22705183170164,oxr,primary_and_depth_controls,oxr/summary.csv,,,,,,,,,,,,,,,,,,,,,,,,
test2026_common_march_freeze,all,oxr_full_24m_delay48h,610,122.0,0.2331795880843156,146.0,1.1121893839141304,14.912324458974842,oxr,primary_and_depth_controls,oxr/summary.csv,,,,,,,,,,,,,,,,,,,,,,,,
test2026_common_march_freeze,all,oxr_returns_120m_delay24h,610,122.0,0.2347539508011736,141.0,1.1163641909409792,18.959278798750702,oxr,primary_and_depth_controls,oxr/summary.csv,,,,,,,,,,,,,,,,,,,,,,,,
test2026_common_march_freeze,all,oxr_returns_120m_delay48h,610,122.0,0.2332441067380858,141.0,1.1535763306390117,19.46793380161155,oxr,primary_and_depth_controls,oxr/summary.csv,,,,,,,,,,,,,,,,,,,,,,,,
test2026_common_march_freeze,all,oxr_returns_24m_delay24h,610,122.0,0.2313177304236307,145.0,1.1565693971263518,15.514660957181077,oxr,primary_and_depth_controls,oxr/summary.csv,,,,,,,,,,,,,,,,,,,,,,,,
test2026_common_march_freeze,all,oxr_returns_24m_delay48h,610,122.0,0.2313686190534926,144.0,1.1645041014168531,17.74050087075555,oxr,primary_and_depth_controls,oxr/summary.csv,,,,,,,,,,,,,,,,,,,,,,,,
test2026_common_march_freeze,all,v3_120m,610,122.0,0.2323592389856406,141.0,1.1146642302421197,17.952508252989944,oxr,primary_and_depth_controls,oxr/summary.csv,,,,,,,,,,,,,,,,,,,,,,,,
test2026_common_march_freeze,all,v3_24m,610,122.0,0.2345858005069804,144.0,1.1463087248322148,16.158194714241915,oxr,primary_and_depth_controls,oxr/summary.csv,,,,,,,,,,,,,,,,,,,,,,,,
test2026_common_march_freeze,KZT,oxr_basis_120m_delay24h,122,122.0,0.2440024071379031,27.0,1.1296296296296295,22.58109050056737,oxr,primary_and_depth_controls,oxr/summary.csv,,,,,,,,,,,,,,,,,,,,,,,,
test2026_common_march_freeze,KZT,oxr_basis_120m_delay48h,122,122.0,0.2411551198155815,27.0,1.2237654320987652,23.06346618711436,oxr,primary_and_depth_controls,oxr/summary.csv,,,,,,,,,,,,,,,,,,,,,,,,
test2026_common_march_freeze,KZT,oxr_basis_120m_since2020,122,122.0,0.2430614754981603,27.0,1.1296296296296295,25.807007119384387,oxr,primary_and_depth_controls,oxr/summary.csv,,,,,,,,,,,,,,,,,,,,,,,,
test2026_common_march_freeze,KZT,oxr_basis_120m_since2022,122,122.0,0.2420413879257924,27.0,1.1296296296296295,25.807007119384387,oxr,primary_and_depth_controls,oxr/summary.csv,,,,,,,,,,,,,,,,,,,,,,,,
test2026_common_march_freeze,KZT,oxr_basis_24m_delay24h,122,122.0,0.2500278278647501,29.0,1.0517241379310345,12.032491978557946,oxr,primary_and_depth_controls,oxr/summary.csv,,,,,,,,,,,,,,,,,,,,,,,,
test2026_common_march_freeze,KZT,oxr_basis_24m_delay48h,122,122.0,0.2479190945963487,29.0,1.0517241379310345,16.237658674830975,oxr,primary_and_depth_controls,oxr/summary.csv,,,,,,,,,,,,,,,,,,,,,,,,
test2026_common_march_freeze,KZT,oxr_coverage_120m,122,122.0,0.2426713986312681,28.0,1.1800595238095235,24.91230665092625,oxr,primary_and_depth_controls,oxr/summary.csv,,,,,,,,,,,,,,,,,,,,,,,,
test2026_common_march_freeze,KZT,oxr_full_120m_delay24h,122,122.0,0.2452889753691757,27.0,1.2237654320987652,23.06346618711436,oxr,primary_and_depth_controls,oxr/summary.csv,,,,,,,,,,,,,,,,,,,,,,,,
test2026_common_march_freeze,KZT,oxr_full_120m_delay48h,122,122.0,0.2413411612455274,28.0,1.1800595238095235,19.512812290443566,oxr,primary_and_depth_controls,oxr/summary.csv,,,,,,,,,,,,,,,,,,,,,,,,
test2026_common_march_freeze,KZT,oxr_full_120m_since2020,122,122.0,0.2431932605163383,27.0,1.2237654320987652,22.43934674821664,oxr,primary_and_depth_controls,oxr/summary.csv,,,,,,,,,,,,,,,,,,,,,,,,
test2026_common_march_freeze,KZT,oxr_full_120m_since2022,122,122.0,0.2414890430992398,27.0,1.2237654320987652,22.43934674821664,oxr,primary_and_depth_controls,oxr/summary.csv,,,,,,,,,,,,,,,,,,,,,,,,
test2026_common_march_freeze,KZT,oxr_full_24m_delay24h,122,122.0,0.2530990742128121,29.0,1.0517241379310345,12.032491978557946,oxr,primary_and_depth_controls,oxr/summary.csv,,,,,,,,,,,,,,,,,,,,,,,,
test2026_common_march_freeze,KZT,oxr_full_24m_delay48h,122,122.0,0.2502588331277702,31.0,0.9018817204301072,9.042934342295876,oxr,primary_and_depth_controls,oxr/summary.csv,,,,,,,,,,,,,,,,,,,,,,,,
test2026_common_march_freeze,KZT,oxr_returns_120m_delay24h,122,122.0,0.244963298636736,27.0,1.1296296296296295,26.431126558282106,oxr,primary_and_depth_controls,oxr/summary.csv,,,,,,,,,,,,,,,,,,,,,,,,
test2026_common_march_freeze,KZT,oxr_returns_120m_delay48h,122,122.0,0.2424727158003206,27.0,1.2237654320987652,23.06346618711436,oxr,primary_and_depth_controls,oxr/summary.csv,,,,,,,,,,,,,,,,,,,,,,,,
test2026_common_march_freeze,KZT,oxr_returns_24m_delay24h,122,122.0,0.255159200521055,29.0,1.0517241379310345,12.032491978557946,oxr,primary_and_depth_controls,oxr/summary.csv,,,,,,,,,,,,,,,,,,,,,,,,
test2026_common_march_freeze,KZT,oxr_returns_24m_delay48h,122,122.0,0.2502106678198418,29.0,1.1393678160919538,23.115840642665574,oxr,primary_and_depth_controls,oxr/summary.csv,,,,,,,,,,,,,,,,,,,,,,,,
test2026_common_march_freeze,KZT,v3_120m,122,122.0,0.2422858871035243,27.0,1.1296296296296295,25.807007119384387,oxr,primary_and_depth_controls,oxr/summary.csv,,,,,,,,,,,,,,,,,,,,,,,,
test2026_common_march_freeze,KZT,v3_24m,122,122.0,0.2529532275160379,29.0,1.0517241379310345,12.032491978557946,oxr,primary_and_depth_controls,oxr/summary.csv,,,,,,,,,,,,,,,,,,,,,,,,
development_2023_2025,all,base_control_head10y,3635,727.0,0.1862460656727403,716.0,1.3609937366840024,37.92872459228535,foundation,V2_warmup_preserved,foundation/summary.csv,0.4371508379888268,26.623145827814028,86.49451393431235,0.5518114444787263,0.7331295925183701,0.0505799459224999,0.9574021012416426,0.7346938775510204,0.8787698412698414,,,,,,,,,,,,,,,
development_2023_2025,all,base_control_head2y,3635,727.0,0.1906165831119161,663.0,1.4351906688933174,47.6856460151741,foundation,V2_warmup_preserved,foundation/summary.csv,0.4524886877828054,26.79780839525267,80.32875466661568,0.5611614972587021,0.7226837886298914,0.0536862467354869,0.8865329512893981,0.6666666666666666,0.8340702947845805,,,,,,,,,,,,,,,
development_2023_2025,all,baseline_reproduction,3635,727.0,0.1906165831119161,663.0,1.4351906688933174,47.6856460151741,foundation,V2_warmup_preserved,foundation/summary.csv,0.4524886877828054,26.79780839525267,80.32875466661568,0.5611614972587021,0.7226837886298914,0.0536862467354869,0.8865329512893981,0.6666666666666666,0.8340702947845805,,,,,,,,,,,,,,,
development_2023_2025,all,basis_train_120m,3635,727.0,0.1848504009986283,723.0,1.3709701913909238,40.078411599802024,foundation,V2_warmup_preserved,foundation/summary.csv,0.4412171507607192,26.40696876898918,80.96092783122008,0.5484652229971574,0.7374039306683542,0.0478510980116032,0.9667621776504296,0.7346938775510204,0.8828798185941042,,,,,,,,,,,,,,,
development_2023_2025,all,chronos2_small_ft_head10y,3635,727.0,0.1862447674269458,739.0,1.2982231478266355,36.67932858330538,foundation,V2_warmup_preserved,foundation/summary.csv,0.4140730717185386,26.915595429538858,83.64033577379985,0.5519977557881396,0.7282489540484478,0.0245621111788471,0.9881566380133714,0.7959183673469388,0.8964569160997731,,,,,,,,,,,,,,,
development_2023_2025,all,chronos2_small_ft_head2y,3635,727.0,0.1879903459552399,758.0,1.291275538668052,34.96215598825072,foundation,V2_warmup_preserved,foundation/summary.csv,0.4116094986807387,25.252878931890592,88.16268025066574,0.5549632259831435,0.732930070667651,0.0502660260187862,1.0135625596943647,0.7346938775510204,0.8989795918367347,,,,,,,,,,,,,,,
development_2023_2025,all,chronos2_synth_ft_head10y,3635,727.0,0.1900373836514812,731.0,1.2874629621588312,32.92252688210405,foundation,V2_warmup_preserved,foundation/summary.csv,0.4117647058823529,25.76551107718168,86.88576652124746,0.5607027366382056,0.7182907921105367,0.0296462740648011,0.9774594078319004,0.7551020408163265,0.8867913832199547,,,,,,,,,,,,,,,
development_2023_2025,all,chronos2_synth_ft_head2y,3635,727.0,0.1917892255832954,752.0,1.3406180355230533,34.57687441322799,foundation,V2_warmup_preserved,foundation/summary.csv,0.4242021276595745,22.93592524774959,92.12218324205296,0.56421577655117,0.7179406180782618,0.0497504370537619,1.0055396370582614,0.7959183673469388,0.9043367346938777,,,,,,,,,,,,,,,
development_2023_2025,all,chronos2_synth_zs_head10y,3635,727.0,0.1858497510432023,729.0,1.3705107534285756,40.28446898014066,foundation,V2_warmup_preserved,foundation/summary.csv,0.4375857338820302,28.407258598913632,82.74247269135225,0.5511153975679365,0.7318559926871286,0.0505829186792568,0.9747851002865328,0.7755102040816326,0.8869897959183674,,,,,,,,,,,,,,,
development_2023_2025,all,chronos2_synth_zs_head2y,3635,727.0,0.1905188749977796,650.0,1.4363125456874413,50.3134853178289,foundation,V2_warmup_preserved,foundation/summary.csv,0.4538461538461538,28.988635393745064,78.70119739723707,0.5607016307132004,0.7256667721407728,0.0438382061465207,0.869149952244508,0.5833333333333334,0.8229591836734694,,,,,,,,,,,,,,,
development_2023_2025,KZT,base_control_head10y,727,727.0,0.1834113849570906,150.0,1.468621933845023,28.166081780703937,foundation,V2_warmup_preserved,foundation/summary.csv,0.42,18.985516094179307,105.89390243620946,0.5472212431110577,0.7027534181989628,0.0450844475171144,1.002865329512894,0.8367346938775511,0.91156462585034,,,,,,,,,,,,,,,
development_2023_2025,KZT,base_control_head2y,727,727.0,0.1892821073017463,133.0,1.587507915180523,42.03722860984865,foundation,V2_warmup_preserved,foundation/summary.csv,0.4285714285714285,21.351971899261972,97.0647224532714,0.5593945484216133,0.6927722772277228,0.0653631732339919,0.8892072588347659,0.6666666666666666,0.8208616780045351,,,,,,,,,,,,,,,
development_2023_2025,KZT,baseline_reproduction,727,727.0,0.1892821073017463,133.0,1.587507915180523,42.03722860984865,foundation,V2_warmup_preserved,foundation/summary.csv,0.4285714285714285,21.351971899261972,97.0647224532714,0.5593945484216133,0.6927722772277228,0.0653631732339919,0.8892072588347659,0.6666666666666666,0.8208616780045351,,,,,,,,,,,,,,,
development_2023_2025,KZT,basis_train_120m,727,727.0,0.182704781751045,149.0,1.4778370986863416,29.971420647932167,foundation,V2_warmup_preserved,foundation/summary.csv,0.4228187919463087,19.249049468226467,103.34454235759662,0.5450990978745659,0.7056388495992456,0.0349684552527458,0.9961795606494748,0.8367346938775511,0.9047619047619048,,,,,,,,,,,,,,,
development_2023_2025,KZT,chronos2_small_ft_head10y,727,727.0,0.1861182404070596,150.0,1.380324211971302,28.211661119592556,foundation,V2_warmup_preserved,foundation/summary.csv,0.3866666666666666,20.1334960806618,110.01382108099727,0.5521319980395623,0.691928335690712,0.0482554285478035,1.002865329512894,0.8979591836734694,0.9180839002267572,,,,,,,,,,,,,,,
development_2023_2025,KZT,chronos2_small_ft_head2y,727,727.0,0.1881627671338606,160.0,1.2055107997842207,25.546597061989424,foundation,V2_warmup_preserved,foundation/summary.csv,0.3375,19.649679223956532,113.59186666108194,0.5562331036763875,0.6978312116925979,0.0567818818786274,1.069723018147087,0.8571428571428571,0.9386337868480726,,,,,,,,,,,,,,,
development_2023_2025,KZT,chronos2_synth_ft_head10y,727,727.0,0.1867621088808923,149.0,1.3273052865518855,28.72830415527057,foundation,V2_warmup_preserved,foundation/summary.csv,0.3758389261744966,22.931552080200305,106.9906460244098,0.5545592512382062,0.6901320132013201,0.0480372516598648,0.9961795606494748,0.8775510204081632,0.9111394557823128,,,,,,,,,,,,,,,
development_2023_2025,KZT,chronos2_synth_ft_head2y,727,727.0,0.1899713233885531,157.0,1.2709663151874009,24.179554122146964,foundation,V2_warmup_preserved,foundation/summary.csv,0.3566878980891719,16.98613900700724,113.88243471471728,0.5600717699128207,0.6893682225365394,0.0636004674725141,1.0496657115568289,0.8775510204081632,0.9247448979591836,,,,,,,,,,,,,,,
development_2023_2025,KZT,chronos2_synth_ft_kzt_head10y,727,727.0,0.1827611078024968,142.0,1.331237800747215,32.21540585399836,foundation,V2_warmup_preserved,foundation/summary.csv,0.380281690140845,26.156577326869193,101.61843677135688,0.5441448493689983,0.7105704856199906,0.0498736209014697,0.9493791786055396,0.7142857142857143,0.8431122448979592,,,,,,,,,,,,,,,
development_2023_2025,KZT,chronos2_synth_ft_kzt_head2y,727,727.0,0.1849630366432445,150.0,1.3393324638709616,30.24209053778087,foundation,V2_warmup_preserved,foundation/summary.csv,0.38,21.385408897135683,104.65592089787413,0.550031945142508,0.7056199905704855,0.051122315660854,1.002865329512894,0.8571428571428571,0.8975340136054423,,,,,,,,,,,,,,,
development_2023_2025,KZT,chronos2_synth_zs_head10y,727,727.0,0.1822752250010808,151.0,1.415454293635367,29.395541531455628,foundation,V2_warmup_preserved,foundation/summary.csv,0.4039735099337748,21.462058897387468,105.98120388356531,0.5447941300242061,0.7047949080622349,0.0406255965507894,1.0095510983763132,0.8367346938775511,0.91156462585034,,,,,,,,,,,,,,,
development_2023_2025,KZT,chronos2_synth_zs_head2y,727,727.0,0.1881498251978978,127.0,1.58971178150001,50.01441306242608,foundation,V2_warmup_preserved,foundation/summary.csv,0.4251968503937008,28.16212166648883,96.4751588405216,0.5565169859883817,0.6962894860914663,0.0636683070768732,0.8490926456542501,0.5833333333333334,0.7794784580498867,,,,,,,,,,,,,,,
inspected_retrospective_2026,all,base_control_head10y,780,156.0,0.2084364137529014,174.0,1.3451174822159948,29.185433724051745,foundation,V2_warmup_preserved,foundation/summary.csv,0.4597701149425287,23.17632554757907,87.61751658281808,0.6078775331145793,0.6970526607822094,0.0954915959155884,1.0826666666666669,0.935483870967742,0.9483870967741936,,,,,,,,,,,,,,,
inspected_retrospective_2026,all,base_control_head2y,780,156.0,0.2066268660247649,168.0,1.3752929360562436,37.770423127129746,foundation,V2_warmup_preserved,foundation/summary.csv,0.4702380952380952,25.91671848474864,80.82230456741553,0.6058275047333948,0.7058975987617817,0.0851862115606101,1.0453333333333332,0.8709677419354839,0.9096774193548386,,,,,,,,,,,,,,,
inspected_retrospective_2026,all,baseline_reproduction,780,156.0,0.2066268660247649,168.0,1.3752929360562436,37.770423127129746,foundation,V2_warmup_preserved,foundation/summary.csv,0.4702380952380952,25.91671848474864,80.82230456741553,0.6058275047333948,0.7058975987617817,0.0851862115606101,1.0453333333333332,0.8709677419354839,0.9096774193548386,,,,,,,,,,,,,,,
inspected_retrospective_2026,all,basis_train_120m,780,156.0,0.2084060246673179,173.0,1.3369494467346497,29.640444412858635,foundation,V2_warmup_preserved,foundation/summary.csv,0.4566473988439306,23.796709359608936,86.8337922503792,0.6083517625447268,0.6983960108344102,0.0954561775845923,1.0764444444444443,0.935483870967742,0.9483870967741936,,,,,,,,,,,,,,,
inspected_retrospective_2026,all,chronos2_small_ft_head10y,780,156.0,0.2162786571094414,177.0,1.223788826460299,22.05207890008766,foundation,V2_warmup_preserved,foundation/summary.csv,0.4180790960451977,18.886757265351537,93.43249509619004,0.634994568212807,0.6635930233407071,0.0870770648003697,1.1013333333333333,0.8709677419354839,0.9548387096774194,,,,,,,,,,,,,,,
inspected_retrospective_2026,all,chronos2_small_ft_head2y,780,156.0,0.209437938072645,173.0,1.3356453885336512,31.698999678745004,foundation,V2_warmup_preserved,foundation/summary.csv,0.4566473988439306,22.90760406480643,84.85248824344464,0.6163721658659647,0.6943696110855583,0.0906878338799036,1.0764444444444443,0.9032258064516128,0.935483870967742,,,,,,,,,,,,,,,
inspected_retrospective_2026,all,chronos2_synth_ft_head10y,780,156.0,0.2128924766742658,175.0,1.2522744300545865,23.794753638434383,foundation,V2_warmup_preserved,foundation/summary.csv,0.4285714285714285,22.122976753031935,92.78914252112206,0.624928563533851,0.6845536646443408,0.0982330525987476,1.0888888888888888,0.967741935483871,0.9935483870967742,,,,,,,,,,,,,,,
inspected_retrospective_2026,all,chronos2_synth_ft_head2y,780,156.0,0.2116679716425341,170.0,1.3436395759717314,32.70198025905915,foundation,V2_warmup_preserved,foundation/summary.csv,0.4588235294117647,25.1508099725181,83.00011145174948,0.6206809717828655,0.6949573267333962,0.1004157170138845,1.0577777777777777,0.8387096774193549,0.9096774193548388,,,,,,,,,,,,,,,
inspected_retrospective_2026,all,chronos2_synth_zs_head10y,780,156.0,0.2087427881674044,175.0,1.3030627543371172,26.2329165070502,foundation,V2_warmup_preserved,foundation/summary.csv,0.4457142857142857,20.393610102854097,90.2848232445947,0.6084191497003428,0.697016156704704,0.0967976393521973,1.0888888888888888,0.935483870967742,0.9419354838709676,,,,,,,,,,,,,,,
inspected_retrospective_2026,all,chronos2_synth_zs_head2y,780,156.0,0.2065988560269353,171.0,1.3523537803138372,34.92037793055551,foundation,V2_warmup_preserved,foundation/summary.csv,0.4619883040935672,25.904292919390887,84.98347075768449,0.6045758591512981,0.7084054288864067,0.0864965724945071,1.064,0.8709677419354839,0.9225806451612903,,,,,,,,,,,,,,,
inspected_retrospective_2026,KZT,base_control_head10y,156,156.0,0.2342280544659515,34.0,1.2074303405572755,32.09992321684652,foundation,V2_warmup_preserved,foundation/summary.csv,0.4411764705882353,26.234021854222203,97.54501536265548,0.6798172221499795,0.6368066631224526,0.1338368557055445,1.0577777777777777,0.967741935483871,0.967741935483871,,,,,,,,,,,,,,,
inspected_retrospective_2026,KZT,base_control_head2y,156,156.0,0.2369881464779988,33.0,0.9952153110047848,31.50893421802111,foundation,V2_warmup_preserved,foundation/summary.csv,0.3636363636363636,18.15124320504932,95.08950750790376,0.6915462211749547,0.6384015594541911,0.1459098270653862,1.0266666666666666,0.8709677419354839,0.8709677419354839,,,,,,,,,,,,,,,
inspected_retrospective_2026,KZT,baseline_reproduction,156,156.0,0.2369881464779988,33.0,0.9952153110047848,31.50893421802111,foundation,V2_warmup_preserved,foundation/summary.csv,0.3636363636363636,18.15124320504932,95.08950750790376,0.6915462211749547,0.6384015594541911,0.1459098270653862,1.0266666666666666,0.8709677419354839,0.8709677419354839,,,,,,,,,,,,,,,
inspected_retrospective_2026,KZT,basis_train_120m,156,156.0,0.2349803479118283,34.0,1.2074303405572755,31.60429895654539,foundation,V2_warmup_preserved,foundation/summary.csv,0.4411764705882353,24.91316675540188,96.84326071695752,0.6823821056094926,0.633351054403686,0.1326470819416798,1.0577777777777777,0.967741935483871,0.967741935483871,,,,,,,,,,,,,,,
inspected_retrospective_2026,KZT,chronos2_small_ft_head10y,156,156.0,0.2460872600131235,33.0,1.244019138755981,47.964217029689536,foundation,V2_warmup_preserved,foundation/summary.csv,0.4545454545454545,33.10729349344047,87.51224843154364,0.7153806820551768,0.6025163919900762,0.1461298116165629,1.0266666666666666,0.8709677419354839,0.8709677419354839,,,,,,,,,,,,,,,
inspected_retrospective_2026,KZT,chronos2_small_ft_head2y,156,156.0,0.2413095012351982,35.0,1.0165413533834586,21.61297949387598,foundation,V2_warmup_preserved,foundation/summary.csv,0.3714285714285714,16.13118049759899,102.81703879738268,0.7056663129207043,0.6356547935495304,0.156556004950912,1.0888888888888888,0.967741935483871,0.967741935483871,,,,,,,,,,,,,,,
inspected_retrospective_2026,KZT,chronos2_synth_ft_head10y,156,156.0,0.2463552258387864,35.0,1.0947368421052632,12.27217157724238,foundation,V2_warmup_preserved,foundation/summary.csv,0.4,13.663012630058988,116.17900195043708,0.7122466455872011,0.6236930710614922,0.1503330255179296,1.0888888888888888,1.0,1.0,,,,,,,,,,,,,,,
inspected_retrospective_2026,KZT,chronos2_synth_ft_head2y,156,156.0,0.2426507438908122,32.0,0.9407894736842106,31.110724768950256,foundation,V2_warmup_preserved,foundation/summary.csv,0.34375,24.620844787206952,87.64550350648076,0.7067250546276923,0.6383129541024278,0.1649487180839524,0.9955555555555554,0.8387096774193549,0.8387096774193549,,,,,,,,,,,,,,,
inspected_retrospective_2026,KZT,chronos2_synth_ft_kzt_head10y,156,156.0,0.2474033196521177,33.0,1.3269537480063798,21.08955729734559,foundation,V2_warmup_preserved,foundation/summary.csv,0.4848484848484848,15.802183357108603,117.27972846645504,0.7156516243300582,0.6099592415381888,0.1500185654965503,1.0266666666666666,0.9032258064516128,0.9032258064516128,,,,,,,,,,,,,,,
inspected_retrospective_2026,KZT,chronos2_synth_ft_kzt_head2y,156,156.0,0.2390261333463824,33.0,1.0781499202551834,39.23932807396513,foundation,V2_warmup_preserved,foundation/summary.csv,0.3939393939393939,30.541665744479538,85.02747858044415,0.6972862848144459,0.6393762183235866,0.1439056192972555,1.0266666666666666,0.8709677419354839,0.8709677419354839,,,,,,,,,,,,,,,
inspected_retrospective_2026,KZT,chronos2_synth_zs_head10y,156,156.0,0.2350850374740775,34.0,1.2879256965944277,28.929980426500393,foundation,V2_warmup_preserved,foundation/summary.csv,0.4705882352941176,19.648795543526894,102.29781119604472,0.6820726098401196,0.6370724791777423,0.1305469057366879,1.0577777777777777,0.935483870967742,0.935483870967742,,,,,,,,,,,,,,,
inspected_retrospective_2026,KZT,chronos2_synth_zs_head2y,156,156.0,0.2368782119629463,33.0,0.9952153110047848,36.01658619093608,foundation,V2_warmup_preserved,foundation/summary.csv,0.3636363636363636,25.174165386649097,87.78991193360271,0.6915003200960306,0.6371610845295055,0.1367215571009312,1.0266666666666666,0.8709677419354839,0.8709677419354839,,,,,,,,,,,,,,,
development_2023_2025,all,base_control_head10y,3635,727.0,0.1848504009986283,723.0,1.3709701913909238,40.078411599802024,foundation,exact_V3_extended,foundation/extended_contract/summary.csv,0.4412171507607192,26.40696876898918,80.96092783122008,0.5484652229971574,0.7374039306683542,0.0478510980116032,0.9667621776504296,0.7346938775510204,0.8828798185941042,,,,,,,,,,,,,,,
development_2023_2025,all,baseline_reproduction,3635,727.0,0.1906165831119161,663.0,1.4351906688933174,47.6856460151741,foundation,exact_V3_extended,foundation/extended_contract/summary.csv,0.4524886877828054,26.79780839525267,80.32875466661568,0.5611614972587021,0.7226837886298914,0.0536862467354869,0.8865329512893981,0.6666666666666666,0.8340702947845805,,,,,,,,,,,,,,,
development_2023_2025,all,basis_train_120m,3635,727.0,0.1848504009986283,723.0,1.3709701913909238,40.078411599802024,foundation,exact_V3_extended,foundation/extended_contract/summary.csv,0.4412171507607192,26.40696876898918,80.96092783122008,0.5484652229971574,0.7374039306683542,0.0478510980116032,0.9667621776504296,0.7346938775510204,0.8828798185941042,,,,,,,,,,,,,,,
development_2023_2025,all,chronos2_small_ft_head10y,3635,727.0,0.1865554387548786,754.0,1.3125996384586338,36.41685579166825,foundation,exact_V3_extended,foundation/extended_contract/summary.csv,0.4204244031830239,27.75279038165139,82.44145718032966,0.5528744444191632,0.7270243996765461,0.0269802568823717,1.0082139446036291,0.7755102040816326,0.906065759637188,,,,,,,,,,,,,,,
development_2023_2025,all,chronos2_synth_ft_head10y,3635,727.0,0.1910187757191007,744.0,1.2700008152302165,31.079041528773413,foundation,exact_V3_extended,foundation/extended_contract/summary.csv,0.4059139784946236,25.042386616376227,87.79206528176489,0.563196496132113,0.7134177126182188,0.0275618527621573,0.9948424068767906,0.7959183673469388,0.9017857142857144,,,,,,,,,,,,,,,
development_2023_2025,all,chronos2_synth_zs_head10y,3635,727.0,0.1848616253975138,731.0,1.3724127296200077,41.90335685307917,foundation,exact_V3_extended,foundation/extended_contract/summary.csv,0.4391244870041039,29.169244176609393,79.84410762832702,0.548472410608805,0.7360366346728545,0.0486786506440567,0.9774594078319004,0.7551020408163265,0.8883219954648526,,,,,,,,,,,,,,,
development_2023_2025,KZT,base_control_head10y,727,727.0,0.182704781751045,149.0,1.4778370986863416,29.971420647932167,foundation,exact_V3_extended,foundation/extended_contract/summary.csv,0.4228187919463087,19.249049468226467,103.34454235759662,0.5450990978745659,0.7056388495992456,0.0349684552527458,0.9961795606494748,0.8367346938775511,0.9047619047619048,,,,,,,,,,,,,,,
development_2023_2025,KZT,baseline_reproduction,727,727.0,0.1892821073017463,133.0,1.587507915180523,42.03722860984865,foundation,exact_V3_extended,foundation/extended_contract/summary.csv,0.4285714285714285,21.351971899261972,97.0647224532714,0.5593945484216133,0.6927722772277228,0.0653631732339919,0.8892072588347659,0.6666666666666666,0.8208616780045351,,,,,,,,,,,,,,,
development_2023_2025,KZT,basis_train_120m,727,727.0,0.182704781751045,149.0,1.4778370986863416,29.971420647932167,foundation,exact_V3_extended,foundation/extended_contract/summary.csv,0.4228187919463087,19.249049468226467,103.34454235759662,0.5450990978745659,0.7056388495992456,0.0349684552527458,0.9961795606494748,0.8367346938775511,0.9047619047619048,,,,,,,,,,,,,,,
development_2023_2025,KZT,chronos2_small_ft_head10y,727,727.0,0.1862250593578732,154.0,1.4003888270773557,28.012830973254353,foundation,exact_V3_extended,foundation/extended_contract/summary.csv,0.3961038961038961,22.568296912361028,108.3120081863661,0.5525749904502516,0.6895803866100897,0.0421793105219647,1.029608404966571,0.8775510204081632,0.9319727891156462,,,,,,,,,,,,,,,
development_2023_2025,KZT,chronos2_synth_ft_head10y,727,727.0,0.187387340379227,153.0,1.3407086272778697,25.211557009518128,foundation,exact_V3_extended,foundation/extended_contract/summary.csv,0.3790849673202614,22.25076741510054,110.10344142372998,0.5561003966206866,0.6871900047147571,0.0489117254296989,1.0229226361031518,0.9183673469387756,0.931689342403628,,,,,,,,,,,,,,,
development_2023_2025,KZT,chronos2_synth_ft_kzt_head10y,727,727.0,0.1836299400017038,143.0,1.3738252256100816,33.40195756275126,foundation,exact_V3_extended,foundation/extended_contract/summary.csv,0.3916083916083916,26.66351133726974,104.21913861008584,0.5461016476763507,0.7072842998585573,0.0474410720187385,0.9560649474689588,0.7346938775510204,0.8499149659863945,,,,,,,,,,,,,,,
development_2023_2025,KZT,chronos2_synth_zs_head10y,727,727.0,0.1814469639868502,149.0,1.4578085921803123,33.700449917983455,foundation,exact_V3_extended,foundation/extended_contract/summary.csv,0.4161073825503356,25.34969600387884,100.2925385295875,0.5421113601751336,0.7076944837340876,0.0413708102529308,0.9961795606494748,0.8163265306122449,0.9047619047619048,,,,,,,,,,,,,,,
inspected_retrospective_2026,all,base_control_head10y,780,156.0,0.2084060246673179,173.0,1.3369494467346497,29.640444412858635,foundation,exact_V3_extended,foundation/extended_contract/summary.csv,0.4566473988439306,23.796709359608936,86.8337922503792,0.6083517625447268,0.6983960108344102,0.0954561775845923,1.0764444444444443,0.935483870967742,0.9483870967741936,,,,,,,,,,,,,,,
inspected_retrospective_2026,all,baseline_reproduction,780,156.0,0.2066268660247649,168.0,1.3752929360562436,37.770423127129746,foundation,exact_V3_extended,foundation/extended_contract/summary.csv,0.4702380952380952,25.91671848474864,80.82230456741553,0.6058275047333948,0.7058975987617817,0.0851862115606101,1.0453333333333332,0.8709677419354839,0.9096774193548386,,,,,,,,,,,,,,,
inspected_retrospective_2026,all,basis_train_120m,780,156.0,0.2084060246673179,173.0,1.3369494467346497,29.640444412858635,foundation,exact_V3_extended,foundation/extended_contract/summary.csv,0.4566473988439306,23.796709359608936,86.8337922503792,0.6083517625447268,0.6983960108344102,0.0954561775845923,1.0764444444444443,0.935483870967742,0.9483870967741936,,,,,,,,,,,,,,,
inspected_retrospective_2026,all,chronos2_small_ft_head10y,780,156.0,0.2169808053718906,175.0,1.3047394381299593,26.494694441951307,foundation,exact_V3_extended,foundation/extended_contract/summary.csv,0.4457142857142857,23.107862402999924,91.9098059169952,0.6369049919371438,0.6617714698731849,0.0894808704840637,1.0888888888888888,0.935483870967742,0.9612903225806452,,,,,,,,,,,,,,,
inspected_retrospective_2026,all,chronos2_synth_ft_head10y,780,156.0,0.2127986559667361,173.0,1.3344883595018948,30.286141737017804,foundation,exact_V3_extended,foundation/extended_contract/summary.csv,0.4566473988439306,26.796023291190803,87.75512431575729,0.6256923158453471,0.6850245672441612,0.0951608761049602,1.0764444444444443,0.967741935483871,0.9935483870967742,,,,,,,,,,,,,,,
inspected_retrospective_2026,all,chronos2_synth_zs_head10y,780,156.0,0.2087638945572324,177.0,1.2727272727272727,24.070676601195444,foundation,exact_V3_extended,foundation/extended_contract/summary.csv,0.4350282485875706,20.55937214424746,91.98109155062173,0.6092586011940537,0.6975454658285329,0.0971863687884657,1.1013333333333333,0.935483870967742,0.9612903225806452,,,,,,,,,,,,,,,
inspected_retrospective_2026,KZT,base_control_head10y,156,156.0,0.2349803479118283,34.0,1.2074303405572755,31.60429895654539,foundation,exact_V3_extended,foundation/extended_contract/summary.csv,0.4411764705882353,24.91316675540188,96.84326071695752,0.6823821056094926,0.633351054403686,0.1326470819416798,1.0577777777777777,0.967741935483871,0.967741935483871,,,,,,,,,,,,,,,
inspected_retrospective_2026,KZT,baseline_reproduction,156,156.0,0.2369881464779988,33.0,0.9952153110047848,31.50893421802111,foundation,exact_V3_extended,foundation/extended_contract/summary.csv,0.3636363636363636,18.15124320504932,95.08950750790376,0.6915462211749547,0.6384015594541911,0.1459098270653862,1.0266666666666666,0.8709677419354839,0.8709677419354839,,,,,,,,,,,,,,,
inspected_retrospective_2026,KZT,basis_train_120m,156,156.0,0.2349803479118283,34.0,1.2074303405572755,31.60429895654539,foundation,exact_V3_extended,foundation/extended_contract/summary.csv,0.4411764705882353,24.91316675540188,96.84326071695752,0.6823821056094926,0.633351054403686,0.1326470819416798,1.0577777777777777,0.967741935483871,0.967741935483871,,,,,,,,,,,,,,,
inspected_retrospective_2026,KZT,chronos2_small_ft_head10y,156,156.0,0.2471151139724671,34.0,1.126934984520124,37.85457310159569,foundation,exact_V3_extended,foundation/extended_contract/summary.csv,0.4117647058823529,29.39327529677039,99.14371023176396,0.7176823719626554,0.5993265993265993,0.1419032997602645,1.0577777777777777,0.935483870967742,0.935483870967742,,,,,,,,,,,,,,,
inspected_retrospective_2026,KZT,chronos2_synth_ft_head10y,156,156.0,0.2452923446233479,35.0,1.0947368421052632,12.27217157724238,foundation,exact_V3_extended,foundation/extended_contract/summary.csv,0.4,13.663012630058988,116.17900195043708,0.7089507694437611,0.6255537834485202,0.1466222749691041,1.0888888888888888,1.0,1.0,,,,,,,,,,,,,,,
inspected_retrospective_2026,KZT,chronos2_synth_ft_kzt_head10y,156,156.0,0.2467720370771683,32.0,1.0263157894736843,34.953717537393196,foundation,exact_V3_extended,foundation/extended_contract/summary.csv,0.375,25.824142619389796,98.76070550006622,0.7157993427024241,0.6104908736487682,0.148310988466048,0.9955555555555554,0.8709677419354839,0.8709677419354839,,,,,,,,,,,,,,,
inspected_retrospective_2026,KZT,chronos2_synth_zs_head10y,156,156.0,0.2357866864789755,34.0,1.2074303405572755,32.09992321684652,foundation,exact_V3_extended,foundation/extended_contract/summary.csv,0.4411764705882353,26.234021854222203,97.54501536265548,0.6845285848173683,0.6349459507354244,0.1366911570866556,1.0577777777777777,0.967741935483871,0.967741935483871,,,,,,,,,,,,,,,
development_2023_2025,all,baseline_reproduction,3635,727.0,0.1906165831119161,663.0,1.4351906688933174,47.6856460151741,foundation,budget_control_exact_extended,foundation/budget900/summary.csv,0.4524886877828054,26.79780839525267,80.32875466661568,0.5611614972587021,0.7226837886298914,0.0536862467354869,0.8865329512893981,0.6666666666666666,0.8340702947845805,,,,,,,,,,,,,,,
development_2023_2025,all,basis_train_120m,3635,727.0,0.1848504009986283,723.0,1.3709701913909238,40.078411599802024,foundation,budget_control_exact_extended,foundation/budget900/summary.csv,0.4412171507607192,26.40696876898918,80.96092783122008,0.5484652229971574,0.7374039306683542,0.0478510980116032,0.9667621776504296,0.7346938775510204,0.8828798185941042,,,,,,,,,,,,,,,
development_2023_2025,all,chronos2_small_ft900_head10y,3635,727.0,0.2026603502190988,757.0,1.05298448933883,23.005356965838615,foundation,budget_control_exact_extended,foundation/budget900/summary.csv,0.3368560105680317,22.06034109867908,95.9125075810203,0.5907934133196222,0.6491983967935872,0.0180245959240319,1.0122254059216809,0.673469387755102,0.885515873015873,,,,,,,,,,,,,,,
development_2023_2025,all,chronos2_small_ft_head10y,3635,727.0,0.1865554387548786,754.0,1.3125996384586338,36.41685579166825,foundation,budget_control_exact_extended,foundation/budget900/summary.csv,0.4204244031830239,27.75279038165139,82.44145718032966,0.5528744444191632,0.7270243996765461,0.0269802568823717,1.0082139446036291,0.7755102040816326,0.906065759637188,,,,,,,,,,,,,,,
development_2023_2025,KZT,baseline_reproduction,727,727.0,0.1892821073017463,133.0,1.587507915180523,42.03722860984865,foundation,budget_control_exact_extended,foundation/budget900/summary.csv,0.4285714285714285,21.351971899261972,97.0647224532714,0.5593945484216133,0.6927722772277228,0.0653631732339919,0.8892072588347659,0.6666666666666666,0.8208616780045351,,,,,,,,,,,,,,,
development_2023_2025,KZT,basis_train_120m,727,727.0,0.182704781751045,149.0,1.4778370986863416,29.971420647932167,foundation,budget_control_exact_extended,foundation/budget900/summary.csv,0.4228187919463087,19.249049468226467,103.34454235759662,0.5450990978745659,0.7056388495992456,0.0349684552527458,0.9961795606494748,0.8367346938775511,0.9047619047619048,,,,,,,,,,,,,,,
development_2023_2025,KZT,chronos2_small_ft900_head10y,727,727.0,0.1978897901446945,155.0,0.9795889431327686,20.89259528683553,foundation,budget_control_exact_extended,foundation/budget900/summary.csv,0.2774193548387096,21.224003759968493,109.31926348130315,0.580648639581787,0.6173361621876473,0.0328634281607902,1.0362941738299905,0.8163265306122449,0.9251700680272108,,,,,,,,,,,,,,,
development_2023_2025,KZT,chronos2_small_ft_head10y,727,727.0,0.1862250593578732,154.0,1.4003888270773557,28.012830973254353,foundation,budget_control_exact_extended,foundation/budget900/summary.csv,0.3961038961038961,22.568296912361028,108.3120081863661,0.5525749904502516,0.6895803866100897,0.0421793105219647,1.029608404966571,0.8775510204081632,0.9319727891156462,,,,,,,,,,,,,,,
inspected_retrospective_2026,all,baseline_reproduction,780,156.0,0.2066268660247649,168.0,1.3752929360562436,37.770423127129746,foundation,budget_control_exact_extended,foundation/budget900/summary.csv,0.4702380952380952,25.91671848474864,80.82230456741553,0.6058275047333948,0.7058975987617817,0.0851862115606101,1.0453333333333332,0.8709677419354839,0.9096774193548386,,,,,,,,,,,,,,,
inspected_retrospective_2026,all,basis_train_120m,780,156.0,0.2084060246673179,173.0,1.3369494467346497,29.640444412858635,foundation,budget_control_exact_extended,foundation/budget900/summary.csv,0.4566473988439306,23.796709359608936,86.8337922503792,0.6083517625447268,0.6983960108344102,0.0954561775845923,1.0764444444444443,0.935483870967742,0.9483870967741936,,,,,,,,,,,,,,,
inspected_retrospective_2026,all,chronos2_small_ft900_head10y,780,156.0,0.2250686733338514,181.0,1.0816516609748523,1.3515084791317522,foundation,budget_control_exact_extended,foundation/budget900/summary.csv,0.3701657458563536,2.72064198411282,108.4167063090194,0.6482707545946248,0.6554197603872353,0.112600641458007,1.1262222222222222,0.967741935483871,0.9741935483870968,,,,,,,,,,,,,,,
inspected_retrospective_2026,all,chronos2_small_ft_head10y,780,156.0,0.2169808053718906,175.0,1.3047394381299593,26.494694441951307,foundation,budget_control_exact_extended,foundation/budget900/summary.csv,0.4457142857142857,23.107862402999924,91.9098059169952,0.6369049919371438,0.6617714698731849,0.0894808704840637,1.0888888888888888,0.935483870967742,0.9612903225806452,,,,,,,,,,,,,,,
inspected_retrospective_2026,KZT,baseline_reproduction,156,156.0,0.2369881464779988,33.0,0.9952153110047848,31.50893421802111,foundation,budget_control_exact_extended,foundation/budget900/summary.csv,0.3636363636363636,18.15124320504932,95.08950750790376,0.6915462211749547,0.6384015594541911,0.1459098270653862,1.0266666666666666,0.8709677419354839,0.8709677419354839,,,,,,,,,,,,,,,
inspected_retrospective_2026,KZT,basis_train_120m,156,156.0,0.2349803479118283,34.0,1.2074303405572755,31.60429895654539,foundation,budget_control_exact_extended,foundation/budget900/summary.csv,0.4411764705882353,24.91316675540188,96.84326071695752,0.6823821056094926,0.633351054403686,0.1326470819416798,1.0577777777777777,0.967741935483871,0.967741935483871,,,,,,,,,,,,,,,
inspected_retrospective_2026,KZT,chronos2_small_ft900_head10y,156,156.0,0.2460156284197295,39.0,0.912280701754386,-20.55667156727102,foundation,budget_control_exact_extended,foundation/budget900/summary.csv,0.3333333333333333,-14.901193104432624,132.8269402365286,0.704172973774142,0.5975544922913344,0.1500566220937352,1.2133333333333332,1.0,1.0,,,,,,,,,,,,,,,
inspected_retrospective_2026,KZT,chronos2_small_ft_head10y,156,156.0,0.2471151139724671,34.0,1.126934984520124,37.85457310159569,foundation,budget_control_exact_extended,foundation/budget900/summary.csv,0.4117647058823529,29.39327529677039,99.14371023176396,0.7176823719626554,0.5993265993265993,0.1419032997602645,1.0577777777777777,0.935483870967742,0.935483870967742,,,,,,,,,,,,,,,
common_march_onward,all,base_control_head10y,610,122.0,0.2327730922112473,139.0,1.1690880989180836,23.25915560629056,foundation,March_V2_warmup_preserved,foundation/march/summary.csv,0.4460431654676259,18.644936511867098,92.85759597988309,0.6648920759464855,0.6659304880408919,0.1335758492651235,1.1056818181818182,0.9583333333333334,0.975,2026-01-01,2026-03-03,2026-08-25,,,,,,,,,,,,
common_march_onward,all,base_control_head10y,610,122.0,0.2316912111706482,141.0,1.1721824004880284,19.070495552662933,foundation,March_V2_warmup_preserved,foundation/march/summary.csv,0.4468085106382978,16.01211858906805,97.4118067552051,0.6626810343541305,0.6688676130736216,0.1396787851310912,1.121590909090909,0.9583333333333334,0.9833333333333334,2026-03-01,2026-03-03,2026-08-25,,,,,,,,,,,,
common_march_onward,all,base_control_head2y,610,122.0,0.2297812161388069,133.0,1.2020675173639157,34.65585395276117,foundation,March_V2_warmup_preserved,foundation/march/summary.csv,0.4586466165413533,22.44493752848714,83.95201764103831,0.6616043051924317,0.6747190947279744,0.1144790744756635,1.0579545454545456,0.875,0.925,2026-01-01,2026-03-03,2026-08-25,,,,,,,,,,,,
common_march_onward,all,base_control_head2y,610,122.0,0.2345858005069804,144.0,1.1463087248322148,16.158194714241915,foundation,March_V2_warmup_preserved,foundation/march/summary.csv,0.4375,15.047407260365189,97.71797150089093,0.6699213331952598,0.6564360606095103,0.1268480054424373,1.1454545454545455,1.0,1.0,2026-03-01,2026-03-03,2026-08-25,,,,,,,,,,,,
common_march_onward,all,chronos2_small_ft_head10y,610,122.0,0.2432662985292393,142.0,1.1819557977596125,20.209534645171363,foundation,March_V2_warmup_preserved,foundation/march/summary.csv,0.4507042253521127,16.99823224851451,96.45234856040676,0.6984052906416147,0.6315843398868409,0.1291817083604305,1.1295454545454546,0.875,0.975,2026-01-01,2026-03-03,2026-08-25,,,,,,,,,,,,
common_march_onward,all,chronos2_small_ft_head10y,610,122.0,0.2431219196344498,139.0,1.151477641961937,19.298100925615767,foundation,March_V2_warmup_preserved,foundation/march/summary.csv,0.4388489208633093,17.734904590607766,98.8538956114513,0.6978943580154467,0.6313965004952129,0.1328724394853084,1.1056818181818182,0.9166666666666666,0.975,2026-03-01,2026-03-03,2026-08-25,,,,,,,,,,,,
common_march_onward,all,chronos2_small_ft_head2y,610,122.0,0.2344322010036811,138.0,1.1593706184763983,25.655258081658104,foundation,March_V2_warmup_preserved,foundation/march/summary.csv,0.4420289855072464,18.579591200295365,90.83359509295649,0.6769130586460933,0.6618037135278514,0.1270287894248248,1.0977272727272729,0.9166666666666666,0.9583333333333334,2026-01-01,2026-03-03,2026-08-25,,,,,,,,,,,,
common_march_onward,all,chronos2_small_ft_head2y,610,122.0,0.2348829619499178,141.0,1.1711107725125705,19.500523244560053,foundation,March_V2_warmup_preserved,foundation/march/summary.csv,0.4468085106382978,17.336047499942605,97.43494719212734,0.675277455262853,0.6466627201420748,0.115497750428574,1.121590909090909,1.0,1.0,2026-03-01,2026-03-03,2026-08-25,,,,,,,,,,,,
common_march_onward,all,chronos2_synth_ft_head10y,610,122.0,0.2376106754557881,140.0,1.0478527607361965,16.83195549644645,foundation,March_V2_warmup_preserved,foundation/march/summary.csv,0.4,16.628074747678053,99.65047823847132,0.6845524248328538,0.6532598672601633,0.1276121400367493,1.1136363636363638,0.9583333333333334,0.9916666666666668,2026-01-01,2026-03-03,2026-08-25,,,,,,,,,,,,
common_march_onward,all,chronos2_synth_ft_head10y,610,122.0,0.2363507273302965,137.0,1.1668234556287238,26.47604087342649,foundation,March_V2_warmup_preserved,foundation/march/summary.csv,0.4452554744525547,23.162913766688817,91.24392465972366,0.680426382132097,0.6567832788788835,0.1260711750205159,1.0897727272727271,0.9166666666666666,0.9666666666666668,2026-03-01,2026-03-03,2026-08-25,,,,,,,,,,,,
common_march_onward,all,chronos2_synth_ft_head2y,610,122.0,0.2358548150703176,135.0,1.1665338645418328,28.2272274482789,foundation,March_V2_warmup_preserved,foundation/march/summary.csv,0.4444444444444444,21.285493027472313,86.6508252123582,0.6798228054771795,0.6619517082000432,0.1394272886847526,1.0738636363636365,0.8333333333333334,0.9166666666666669,2026-01-01,2026-03-03,2026-08-25,,,,,,,,,,,,
common_march_onward,all,chronos2_synth_ft_head2y,610,122.0,0.2358651753282138,141.0,1.0791520512429469,17.21635356299625,foundation,March_V2_warmup_preserved,foundation/march/summary.csv,0.4113475177304964,14.376020851980588,97.66463286522982,0.6752212344938097,0.6566352842066916,0.1197606502137253,1.121590909090909,0.9166666666666666,0.975,2026-03-01,2026-03-03,2026-08-25,,,,,,,,,,,,
common_march_onward,all,chronos2_synth_zs_head10y,610,122.0,0.2329587056145783,140.0,1.122355105795768,19.52713144904368,foundation,March_V2_warmup_preserved,foundation/march/summary.csv,0.4285714285714285,15.193041421054003,96.1543001685534,0.6650233615812828,0.6661467879464031,0.1356241789381589,1.1136363636363638,0.9583333333333334,0.9666666666666666,2026-01-01,2026-03-03,2026-08-25,,,,,,,,,,,,
common_march_onward,all,chronos2_synth_zs_head10y,610,122.0,0.2318167381093621,140.0,1.1797390636991558,20.47705825826547,foundation,March_V2_warmup_preserved,foundation/march/summary.csv,0.45,16.131383765128444,95.53885192436148,0.6625455645242854,0.6690725287735796,0.1537451187126781,1.1136363636363638,0.9583333333333334,0.975,2026-03-01,2026-03-03,2026-08-25,,,,,,,,,,,,
common_march_onward,all,chronos2_synth_zs_head2y,610,122.0,0.2295953320422984,137.0,1.2067828544512484,30.95071984517513,foundation,March_V2_warmup_preserved,foundation/march/summary.csv,0.4598540145985401,22.76690161446301,88.75817819925871,0.6597081415864519,0.6775992987329379,0.1163808144563982,1.0897727272727271,0.875,0.9583333333333334,2026-01-01,2026-03-03,2026-08-25,,,,,,,,,,,,
common_march_onward,all,chronos2_synth_zs_head2y,610,122.0,0.2343383982123706,145.0,1.1381608174144826,12.222494072090791,foundation,March_V2_warmup_preserved,foundation/march/summary.csv,0.4344827586206896,12.78360665782095,102.7633634074952,0.6687422988439793,0.6592251909700481,0.1269697679668095,1.153409090909091,1.0,1.0,2026-03-01,2026-03-03,2026-08-25,,,,,,,,,,,,
common_march_onward,KZT,base_control_head10y,122,122.0,0.2412429731608897,27.0,1.2237654320987654,29.287061259105226,foundation,March_V2_warmup_preserved,foundation/march/summary.csv,0.4814814814814814,24.165218020893228,105.28383158154588,0.6909134168547723,0.6541385135135136,0.1519444783047736,1.0738636363636365,1.0,1.0,2026-01-01,2026-03-03,2026-08-25,,,,,,,,,,,,
common_march_onward,KZT,base_control_head10y,122,122.0,0.2405483129559719,27.0,1.317901234567901,25.919400887937467,foundation,March_V2_warmup_preserved,foundation/march/summary.csv,0.5185185185185185,17.536009828161767,112.15252477743344,0.6922993933043817,0.6603322072072072,0.1457316386033488,1.0738636363636365,0.9583333333333334,0.9583333333333334,2026-03-01,2026-03-03,2026-08-25,,,,,,,,,,,,
common_march_onward,KZT,base_control_head2y,122,122.0,0.245522436249056,26.0,0.9775641025641024,28.731510779210428,foundation,March_V2_warmup_preserved,foundation/march/summary.csv,0.3846153846153846,13.830162407430011,102.46487223585676,0.7078797553383975,0.6545608108108107,0.1548649580800203,1.0340909090909092,0.875,0.875,2026-01-01,2026-03-03,2026-08-25,,,,,,,,,,,,
common_march_onward,KZT,base_control_head2y,122,122.0,0.2529532275160379,29.0,1.0517241379310345,12.03249197855794,foundation,March_V2_warmup_preserved,foundation/march/summary.csv,0.4137931034482758,12.753546991839489,107.38344988886438,0.7234260608583679,0.6114864864864864,0.1522585369005983,1.1534090909090908,1.0,1.0,2026-03-01,2026-03-03,2026-08-25,,,,,,,,,,,,
common_march_onward,KZT,chronos2_small_ft_head10y,122,122.0,0.2568090686711938,26.0,1.2708333333333333,49.61706204017418,foundation,March_V2_warmup_preserved,foundation/march/summary.csv,0.5,32.812841619618766,92.84758186970735,0.7358963008242411,0.607545045045045,0.1654978342049829,1.0340909090909092,0.875,0.875,2026-01-01,2026-03-03,2026-08-25,,,,,,,,,,,,
common_march_onward,KZT,chronos2_small_ft_head10y,122,122.0,0.2564580465892292,26.0,1.0753205128205128,30.575272227954315,foundation,March_V2_warmup_preserved,foundation/march/summary.csv,0.4230769230769231,24.685903195693143,107.2344973891535,0.736054766112783,0.6058558558558558,0.1705037944312626,1.0340909090909092,0.9166666666666666,0.9166666666666666,2026-03-01,2026-03-03,2026-08-25,,,,,,,,,,,,
common_march_onward,KZT,chronos2_small_ft_head2y,122,122.0,0.2502707982781043,28.0,0.9985119047619048,15.997727159535868,foundation,March_V2_warmup_preserved,foundation/march/summary.csv,0.3928571428571428,11.607371701090583,111.59747458142306,0.723319774299365,0.6514639639639639,0.1710967758456151,1.1136363636363638,1.0,1.0,2026-01-01,2026-03-03,2026-08-25,,,,,,,,,,,,
common_march_onward,KZT,chronos2_small_ft_head2y,122,122.0,0.2529193390496735,27.0,1.035493827160494,18.788117947522164,foundation,March_V2_warmup_preserved,foundation/march/summary.csv,0.4074074074074074,16.470398161886884,114.23581215169608,0.7252237789042184,0.6227477477477478,0.1581667155846051,1.0738636363636365,1.0,1.0,2026-03-01,2026-03-03,2026-08-25,,,,,,,,,,,,
common_march_onward,KZT,chronos2_synth_ft_head10y,122,122.0,0.2591149148741519,28.0,0.9985119047619048,3.5375068441139126,foundation,March_V2_warmup_preserved,foundation/march/summary.csv,0.3928571428571428,7.866692073579793,129.13938570144302,0.7375537126944546,0.6269707207207207,0.1719813646521394,1.1136363636363638,1.0,1.0,2026-01-01,2026-03-03,2026-08-25,,,,,,,,,,,,
common_march_onward,KZT,chronos2_synth_ft_head10y,122,122.0,0.2573701675048598,28.0,0.9985119047619048,3.5375068441139126,foundation,March_V2_warmup_preserved,foundation/march/summary.csv,0.3928571428571428,7.866692073579793,129.13938570144302,0.7340660251196274,0.6221846846846848,0.175930619463259,1.1136363636363638,1.0,1.0,2026-03-01,2026-03-03,2026-08-25,,,,,,,,,,,,
common_march_onward,KZT,chronos2_synth_ft_head2y,122,122.0,0.2537801357767725,25.0,0.915,28.42555320451588,foundation,March_V2_warmup_preserved,foundation/march/summary.csv,0.36,21.941971332926624,93.23156170315345,0.7301276637917813,0.6466779279279279,0.1882533613579049,0.994318181818182,0.8333333333333334,0.8333333333333334,2026-01-01,2026-03-03,2026-08-25,,,,,,,,,,,,
common_march_onward,KZT,chronos2_synth_ft_head2y,122,122.0,0.2530867917228744,27.0,0.941358024691358,13.606563135125976,foundation,March_V2_warmup_preserved,foundation/march/summary.csv,0.3703703703703703,8.984663481234893,112.79472518211414,0.7240244494811927,0.6286599099099099,0.1677176794677931,1.0738636363636365,0.9583333333333334,0.9583333333333334,2026-03-01,2026-03-03,2026-08-25,,,,,,,,,,,,
common_march_onward,KZT,chronos2_synth_ft_kzt_head10y,122,122.0,0.2594349345778625,26.0,1.3685897435897434,15.516934846631363,foundation,March_V2_warmup_preserved,foundation/march/summary.csv,0.5384615384615384,12.062428347180976,130.26338186298705,0.743001607853622,0.6230292792792792,0.1730192450422683,1.0340909090909092,0.9166666666666666,0.9166666666666666,2026-01-01,2026-03-03,2026-08-25,,,,,,,,,,,,
common_march_onward,KZT,chronos2_synth_ft_kzt_head10y,122,122.0,0.2573091179435197,27.0,1.1296296296296298,19.843488976633427,foundation,March_V2_warmup_preserved,foundation/march/summary.csv,0.4444444444444444,18.283890550291886,120.75101916334803,0.7401138073420458,0.6173986486486487,0.1655180770707187,1.0738636363636365,0.9166666666666666,0.9166666666666666,2026-03-01,2026-03-03,2026-08-25,,,,,,,,,,,,
common_march_onward,KZT,chronos2_synth_ft_kzt_head2y,122,122.0,0.248883439780174,26.0,1.0753205128205128,38.54316451944706,foundation,March_V2_warmup_preserved,foundation/march/summary.csv,0.4230769230769231,29.556467938245287,89.69383552023497,0.7173057172236661,0.6503378378378378,0.1639810755969744,1.0340909090909092,0.875,0.875,2026-01-01,2026-03-03,2026-08-25,,,,,,,,,,,,
common_march_onward,KZT,chronos2_synth_ft_kzt_head2y,122,122.0,0.2523422629502435,28.0,1.1800595238095235,12.452086335504289,foundation,March_V2_warmup_preserved,foundation/march/summary.csv,0.4642857142857143,13.189709986949053,123.90721198888951,0.7214622406675794,0.6193693693693694,0.1634313395407748,1.1136363636363638,1.0,1.0,2026-03-01,2026-03-03,2026-08-25,,,,,,,,,,,,
common_march_onward,KZT,chronos2_synth_zs_head10y,122,122.0,0.2424429832107488,27.0,1.317901234567901,25.29528144903975,foundation,March_V2_warmup_preserved,foundation/march/summary.csv,0.5185185185185185,15.872710814832466,111.26883374211008,0.6943354433553377,0.6523085585585585,0.1482227049235941,1.0738636363636365,0.9583333333333334,0.9583333333333334,2026-01-01,2026-03-03,2026-08-25,,,,,,,,,,,,
common_march_onward,KZT,chronos2_synth_zs_head10y,122,122.0,0.2408687945042511,27.0,1.317901234567901,25.919400887937467,foundation,March_V2_warmup_preserved,foundation/march/summary.csv,0.5185185185185185,17.536009828161767,112.15252477743344,0.6920366894950909,0.6599099099099098,0.1575492182022427,1.0738636363636365,0.9583333333333334,0.9583333333333334,2026-03-01,2026-03-03,2026-08-25,,,,,,,,,,,,
common_march_onward,KZT,chronos2_synth_zs_head2y,122,122.0,0.2452993615891429,26.0,0.9775641025641024,34.45276136021789,foundation,March_V2_warmup_preserved,foundation/march/summary.csv,0.3846153846153846,22.74387133022972,93.2000009300131,0.7081452369700018,0.6501970720720721,0.1546756532013143,1.0340909090909092,0.875,0.875,2026-01-01,2026-03-03,2026-08-25,,,,,,,,,,,,
common_march_onward,KZT,chronos2_synth_zs_head2y,122,122.0,0.2521330239289885,30.0,1.0166666666666668,-6.310112720358309,foundation,March_V2_warmup_preserved,foundation/march/summary.csv,0.4,-0.9986064406766748,133.64503641801846,0.720522795600692,0.6092342342342342,0.1455614136097381,1.193181818181818,1.0,1.0,2026-03-01,2026-03-03,2026-08-25,,,,,,,,,,,,
common_march_onward,all,base_control_head10y,610,122.0,0.2328111432481098,138.0,1.159551262075413,23.871544868630338,foundation,March_exact_V3_extended,foundation/extended_contract/march/summary.csv,0.4420289855072464,19.39578078265065,91.91307257325369,0.6655259677044962,0.665452351407657,0.1314466832929336,1.0977272727272729,0.9583333333333334,0.975,2026-01-01,2026-03-03,2026-08-25,,,,,,,,,,,,
common_march_onward,all,base_control_head10y,610,122.0,0.2323592389856406,141.0,1.1146642302421197,17.952508252989954,foundation,March_exact_V3_extended,foundation/extended_contract/march/summary.csv,0.425531914893617,15.022182859995889,96.09288400109658,0.6649067192325384,0.6650482121105179,0.1307453238604418,1.121590909090909,0.9583333333333334,0.9833333333333334,2026-03-01,2026-03-03,2026-08-25,,,,,,,,,,,,
common_march_onward,all,chronos2_small_ft_head10y,610,122.0,0.2443085610651459,140.0,1.199017199017199,23.15212797819576,foundation,March_exact_V3_extended,foundation/extended_contract/march/summary.csv,0.4571428571428571,20.701266309526737,95.64059713352178,0.7013986465871098,0.6298596327455287,0.1338437019275089,1.1136363636363638,0.9583333333333334,0.9833333333333334,2026-01-01,2026-03-03,2026-08-25,,,,,,,,,,,,
common_march_onward,all,chronos2_small_ft_head10y,610,122.0,0.2438866495994472,138.0,1.1408977556109725,21.63786333836126,foundation,March_exact_V3_extended,foundation/extended_contract/march/summary.csv,0.4347826086956521,18.952162436010052,97.15232659771068,0.7014226778887914,0.6288009016290799,0.1302378600948966,1.0977272727272729,0.875,0.9666666666666666,2026-03-01,2026-03-03,2026-08-25,,,,,,,,,,,,
common_march_onward,all,chronos2_synth_ft_head10y,610,122.0,0.2374643499398007,138.0,1.139122315592904,25.008075986261435,foundation,March_exact_V3_extended,foundation/extended_contract/march/summary.csv,0.4347826086956521,22.41582744112098,93.4391559334466,0.6854320009542646,0.6533452488018123,0.1241078535769555,1.0977272727272729,0.9583333333333334,0.9916666666666668,2026-01-01,2026-03-03,2026-08-25,,,,,,,,,,,,
common_march_onward,all,chronos2_synth_ft_head10y,610,122.0,0.236471109900227,137.0,1.1290980392156862,23.284965899851425,foundation,March_exact_V3_extended,foundation/extended_contract/march/summary.csv,0.4306569343065693,20.629369947699555,94.42335959642668,0.6818654725262928,0.653538780296217,0.1203374102997064,1.0897727272727271,0.9583333333333334,0.9666666666666668,2026-03-01,2026-03-03,2026-08-25,,,,,,,,,,,,
common_march_onward,all,chronos2_synth_zs_head10y,610,122.0,0.2332057714283378,142.0,1.089120895748222,16.819862897257018,foundation,March_exact_V3_extended,foundation/extended_contract/march/summary.csv,0.4154929577464789,15.464610286084632,98.18599408629191,0.6664544084746747,0.664655457018932,0.1340879354732082,1.1295454545454546,0.9583333333333334,0.9916666666666666,2026-01-01,2026-03-03,2026-08-25,,,,,,,,,,,,
common_march_onward,all,chronos2_synth_zs_head10y,610,122.0,0.2319630720893049,142.0,1.1075805719473446,15.908367421803025,foundation,March_exact_V3_extended,foundation/extended_contract/march/summary.csv,0.4225352112676056,13.911980464447256,99.52784261453066,0.6639735475756862,0.6654921961270932,0.131657213486227,1.1295454545454546,0.9583333333333334,0.9833333333333334,2026-03-01,2026-03-03,2026-08-25,,,,,,,,,,,,
common_march_onward,KZT,base_control_head10y,122,122.0,0.2422311095941602,27.0,1.2237654320987654,28.662941820207507,foundation,March_exact_V3_extended,foundation/extended_contract/march/summary.csv,0.4814814814814814,22.501919007563927,104.40014054622252,0.6935452054113546,0.6463963963963965,0.149421239708861,1.0738636363636365,1.0,1.0,2026-01-01,2026-03-03,2026-08-25,,,,,,,,,,,,
common_march_onward,KZT,base_control_head10y,122,122.0,0.2422858871035243,27.0,1.1296296296296298,25.80700711938438,foundation,March_exact_V3_extended,foundation/extended_contract/march/summary.csv,0.4444444444444444,20.12676006110257,105.1510924005928,0.696701533903747,0.6480855855855856,0.1387483872814285,1.0738636363636365,1.0,1.0,2026-03-01,2026-03-03,2026-08-25,,,,,,,,,,,,
common_march_onward,KZT,chronos2_small_ft_head10y,122,122.0,0.2585695438445874,27.0,1.1296296296296298,36.53365741027082,foundation,March_exact_V3_extended,foundation/extended_contract/march/summary.csv,0.4444444444444444,28.14353717076872,107.29700289820094,0.7409208144802198,0.6019144144144144,0.159805303979777,1.0738636363636365,0.9583333333333334,0.9583333333333334,2026-01-01,2026-03-03,2026-08-25,,,,,,,,,,,,
common_march_onward,KZT,chronos2_small_ft_head10y,122,122.0,0.2573560194159765,25.0,1.1183333333333334,38.43041228728928,foundation,March_exact_V3_extended,foundation/extended_contract/march/summary.csv,0.44,27.79809510159678,101.14783756176828,0.739450722949497,0.6038851351351351,0.1721100702616027,0.994318181818182,0.875,0.875,2026-03-01,2026-03-03,2026-08-25,,,,,,,,,,,,
common_march_onward,KZT,chronos2_synth_ft_head10y,122,122.0,0.2577190288129213,28.0,0.9985119047619048,3.5375068441139126,foundation,March_exact_V3_extended,foundation/extended_contract/march/summary.csv,0.3928571428571428,7.866692073579793,129.13938570144302,0.7335292393626908,0.6289414414414415,0.1698729635243634,1.1136363636363638,1.0,1.0,2026-01-01,2026-03-03,2026-08-25,,,,,,,,,,,,
common_march_onward,KZT,chronos2_synth_ft_head10y,122,122.0,0.2565532237167388,27.0,1.035493827160494,4.292338249711057,foundation,March_exact_V3_extended,foundation/extended_contract/march/summary.csv,0.4074074074074074,8.611888692621907,133.1713740582373,0.7323490631721925,0.620777027027027,0.1729379530998139,1.0738636363636365,0.9583333333333334,0.9583333333333334,2026-03-01,2026-03-03,2026-08-25,,,,,,,,,,,,
common_march_onward,KZT,chronos2_synth_ft_kzt_head10y,122,122.0,0.2585436862612914,25.0,1.0166666666666666,33.35500251353233,foundation,March_exact_V3_extended,foundation/extended_contract/march/summary.csv,0.4,24.744508134743413,107.07837860187068,0.7433320626374937,0.6210585585585585,0.1714177495911167,0.994318181818182,0.875,0.875,2026-01-01,2026-03-03,2026-08-25,,,,,,,,,,,,
common_march_onward,KZT,chronos2_synth_ft_kzt_head10y,122,122.0,0.2583949820943991,26.0,1.173076923076923,30.31330384311149,foundation,March_exact_V3_extended,foundation/extended_contract/march/summary.csv,0.4615384615384615,27.53741755481049,111.31778148272232,0.7444941458507848,0.6148648648648648,0.167770020412337,1.0340909090909092,0.875,0.875,2026-03-01,2026-03-03,2026-08-25,,,,,,,,,,,,
common_march_onward,KZT,chronos2_synth_zs_head10y,122,122.0,0.2433992493015585,27.0,1.2237654320987654,29.287061259105226,foundation,March_exact_V3_extended,foundation/extended_contract/march/summary.csv,0.4814814814814814,24.165218020893228,105.28383158154588,0.6970563073449043,0.6478040540540541,0.1543748665918231,1.0738636363636365,1.0,1.0,2026-01-01,2026-03-03,2026-08-25,,,,,,,,,,,,
common_march_onward,KZT,chronos2_synth_zs_head10y,122,122.0,0.2423069262728339,27.0,1.2237654320987654,23.06346618711434,foundation,March_exact_V3_extended,foundation/extended_contract/march/summary.csv,0.4814814814814814,15.16085088170041,112.90347663180373,0.6959078169395776,0.6469594594594594,0.140358846621198,1.0738636363636365,0.9583333333333334,0.9583333333333334,2026-03-01,2026-03-03,2026-08-25,,,,,,,,,,,,
development_2023_2025,all,chronos2_small_ft900_head10y,3635,727.0,0.2026603502190988,757.0,1.05298448933883,23.005356965838615,foundation,budget_CPU_matched_exact_extended,foundation/budget900/cpu_matched_summary.csv,0.3368560105680317,22.06034109867908,95.9125075810203,0.5907934133196222,0.6491983967935872,0.0180245959240319,1.0122254059216809,0.673469387755102,0.885515873015873,,,,,,,,,,,,,,,
development_2023_2025,all,chronos2_small_ft_cpu300_head10y,3635,727.0,0.1861982933671823,757.0,1.2540976464918354,33.15950056478809,foundation,budget_CPU_matched_exact_extended,foundation/budget900/cpu_matched_summary.csv,0.4015852047556142,25.973465752480607,87.83128758536145,0.5524313503365368,0.725763808318391,0.0237901551406768,1.0122254059216809,0.7755102040816326,0.8882653061224489,,,,,,,,,,,,,,,
development_2023_2025,KZT,chronos2_small_ft900_head10y,727,727.0,0.1978897901446945,155.0,0.9795889431327686,20.89259528683553,foundation,budget_CPU_matched_exact_extended,foundation/budget900/cpu_matched_summary.csv,0.2774193548387096,21.224003759968493,109.31926348130315,0.580648639581787,0.6173361621876473,0.0328634281607902,1.0362941738299905,0.8163265306122449,0.9251700680272108,,,,,,,,,,,,,,,
development_2023_2025,KZT,chronos2_small_ft_cpu300_head10y,727,727.0,0.1826427992890383,151.0,1.421040809753744,28.06677818370095,foundation,budget_CPU_matched_exact_extended,foundation/budget900/cpu_matched_summary.csv,0.4039735099337748,24.975492995100353,110.48282548732264,0.544185404925258,0.7062329090051862,0.0505422065906503,1.0095510983763132,0.8571428571428571,0.9046201814058956,,,,,,,,,,,,,,,
inspected_retrospective_2026,all,chronos2_small_ft900_head10y,780,156.0,0.2250686733338514,181.0,1.0816516609748523,1.3515084791317522,foundation,budget_CPU_matched_exact_extended,foundation/budget900/cpu_matched_summary.csv,0.3701657458563536,2.72064198411282,108.4167063090194,0.6482707545946248,0.6554197603872353,0.112600641458007,1.1262222222222222,0.967741935483871,0.9741935483870968,,,,,,,,,,,,,,,
inspected_retrospective_2026,all,chronos2_small_ft_cpu300_head10y,780,156.0,0.2163939244613171,172.0,1.3263570961412687,27.317369701880917,foundation,budget_CPU_matched_exact_extended,foundation/budget900/cpu_matched_summary.csv,0.4534883720930232,23.544542035068325,89.62509231009305,0.6354161475828219,0.6689554723262588,0.0899525751077841,1.0702222222222222,0.935483870967742,0.9548387096774194,,,,,,,,,,,,,,,
inspected_retrospective_2026,KZT,chronos2_small_ft900_head10y,156,156.0,0.2460156284197295,39.0,0.912280701754386,-20.55667156727102,foundation,budget_CPU_matched_exact_extended,foundation/budget900/cpu_matched_summary.csv,0.3333333333333333,-14.901193104432624,132.8269402365286,0.704172973774142,0.5975544922913344,0.1500566220937352,1.2133333333333332,1.0,1.0,,,,,,,,,,,,,,,
inspected_retrospective_2026,KZT,chronos2_small_ft_cpu300_head10y,156,156.0,0.2407842892118972,32.0,1.111842105263158,37.222532141324386,foundation,budget_CPU_matched_exact_extended,foundation/budget900/cpu_matched_summary.csv,0.40625,30.20313112211133,96.11510934280496,0.6952677264876215,0.6145667198298778,0.1497932673507908,0.9955555555555554,0.935483870967742,0.935483870967742,,,,,,,,,,,,,,,
development_2023_2025,KZT,feature_dropout,727,,0.1813991412819447,136.0,1.6218956175125874,53.69076250606257,robustness,exact_V3_extended_KZT,robustness/results/development_summary.csv,,,,,,,,,,,,,0.0,0.1798158220713978,0.4485294117647059,1.6218956175125874,1.6142617938264414,56.011686471916086,56.011686471916086,89.26669684157174,,,,
development_2023_2025,KZT,feature_dropout,727,,0.1876536882600229,136.0,1.4836430592405845,32.492720247172656,robustness,exact_V3_extended_KZT,robustness/results/development_summary.csv,,,,,,,,,,,,,1.0,0.1880076573300221,0.4044117647058823,1.4836430592405845,1.4554819452533487,33.26570105890798,33.26570105890798,108.46814881523729,,,,
development_2023_2025,KZT,halyk_l1,727,,0.1763244148920691,134.0,1.6799476936020965,50.22904641504236,robustness,exact_V3_extended_KZT,robustness/results/development_summary.csv,,,,,,,,,,,,,0.0,0.177817242853083,0.4626865671641791,1.6799476936020965,1.665213536279001,52.10821767698364,52.10821767698364,91.83980481495064,,,,
development_2023_2025,KZT,halyk_l1,727,,0.1814043001354413,131.0,1.6123639777608751,49.27914318376611,robustness,exact_V3_extended_KZT,robustness/results/development_summary.csv,,,,,,,,,,,,,1.0,0.1839368650977225,0.4427480916030534,1.6123639777608751,1.5934547653238609,50.83798299267229,50.83798299267229,93.94980381395452,,,,
development_2023_2025,KZT,halyk_l2_retrained,727,,0.1862501719724852,141.0,1.490371691497217,42.01225942854663,robustness,exact_V3_extended_KZT,robustness/results/development_summary.csv,,,,,,,,,,,,,0.0,0.1839872405523498,0.4184397163120567,1.490371691497217,1.5059686819745803,45.97979938983764,45.97979938983764,99.91303621510544,,,,
development_2023_2025,KZT,halyk_l2_retrained,727,,0.188399725178279,143.0,1.490541225017077,39.07570375501301,robustness,exact_V3_extended_KZT,robustness/results/development_summary.csv,,,,,,,,,,,,,1.0,0.1864103826362511,0.4195804195804196,1.490541225017077,1.51007408433151,43.32878537212232,43.32878537212232,100.59022582172244,,,,
development_2023_2025,KZT,lag_augmentation,727,,0.1811224645512809,146.0,1.5075824204450583,39.66546585017564,robustness,exact_V3_extended_KZT,robustness/results/development_summary.csv,,,,,,,,,,,,,0.0,0.1838462556036965,0.4246575342465753,1.5075824204450583,1.5283466702834665,43.992661465584256,43.992661465584256,100.39444122275307,,,,
development_2023_2025,KZT,lag_augmentation,727,,0.1859259635855573,148.0,1.3170275839040957,30.030584552640164,robustness,exact_V3_extended_KZT,robustness/results/development_summary.csv,,,,,,,,,,,,,1.0,0.1884115109501193,0.3716216216216216,1.3170275839040957,1.3374698956382125,34.547662753917564,34.547662753917564,108.58769958974445,,,,
development_2023_2025,KZT,lag_ensemble,727,,0.1804177938513113,140.0,1.658648369878165,47.59834568305588,robustness,exact_V3_extended_KZT,robustness/results/development_summary.csv,,,,,,,,,,,,,0.0,0.179726837407612,0.4642857142857143,1.658648369878165,1.670968882602546,51.237552792100615,51.237552792100615,93.41401229434491,,,,
development_2023_2025,KZT,lag_ensemble,727,,0.1847057747079833,138.0,1.6298629909184137,45.174875111917345,robustness,exact_V3_extended_KZT,robustness/results/development_summary.csv,,,,,,,,,,,,,1.0,0.1840801554981128,0.4565217391304347,1.6298629909184137,1.6430262591476537,48.883731636617405,48.883731636617405,97.3973351309015,,,,
development_2023_2025,KZT,minimax_shrink_v3,727,,0.178227515046218,152.0,1.3757382161003473,30.09107851796914,robustness,exact_V3_extended_KZT,robustness/results/development_summary.csv,,,,,,,,,,,,,0.0,0.178227515046218,0.3881578947368421,1.3757382161003473,1.3969841063053672,34.59649666434157,34.59649666434157,108.18916718634009,,,,
development_2023_2025,KZT,minimax_shrink_v3,727,,0.1807525007064504,153.0,1.3871602482323175,27.34971862745527,robustness,exact_V3_extended_KZT,robustness/results/development_summary.csv,,,,,,,,,,,,,1.0,0.1807525007064504,0.392156862745098,1.3871602482323175,1.411376431760823,32.07355637097934,32.07355637097934,108.83417271971577,,,,
development_2023_2025,KZT,v3_long_globalcal,727,,0.182704781751045,149.0,1.4778370986863412,29.971420647932167,robustness,exact_V3_extended_KZT,robustness/results/development_summary.csv,,,,,,,,,,,,,0.0,0.1811595806422111,0.4228187919463087,1.4778370986863412,1.5217290185394377,36.024456122484885,36.024456122484885,103.34454235759662,,,,
development_2023_2025,KZT,v3_long_globalcal,727,,0.182704781751045,149.0,1.4778370986863412,29.971420647932167,robustness,exact_V3_extended_KZT,robustness/results/development_summary.csv,,,,,,,,,,,,,1.0,0.1811595806422111,0.4228187919463087,1.4778370986863412,1.5217290185394377,36.024456122484885,36.024456122484885,103.34454235759662,,,,
development_2023_2025,KZT,v3_long_localcal,727,,0.1804345138108563,149.0,1.4778370986863412,29.971420647932167,robustness,exact_V3_extended_KZT,robustness/results/development_summary.csv,,,,,,,,,,,,,0.0,0.1811595806422111,0.4228187919463087,1.4778370986863412,1.5217290185394377,36.024456122484885,36.024456122484885,103.34454235759662,,,,
development_2023_2025,KZT,v3_long_localcal,727,,0.1804345138108563,149.0,1.4778370986863412,29.971420647932167,robustness,exact_V3_extended_KZT,robustness/results/development_summary.csv,,,,,,,,,,,,,1.0,0.1811595806422111,0.4228187919463087,1.4778370986863412,1.5217290185394377,36.024456122484885,36.024456122484885,103.34454235759662,,,,
development_2023_2025,KZT,age_fallback_minimax,727,,0.1767635541120595,136.0,1.624882793708774,45.40083793953795,robustness,exact_V3_extended_KZT,robustness/results/age_development_summary.csv,,,,,,,,,,,,,0.0,0.1767635541120595,0.4485294117647059,1.624882793708774,1.6142617938264414,47.52264649129921,47.52264649129921,95.08812380691292,,,,
development_2023_2025,KZT,age_fallback_minimax,727,,0.1818890115009045,141.0,1.532632888474977,42.719205294980085,robustness,exact_V3_extended_KZT,robustness/results/age_development_summary.csv,,,,,,,,,,,,,1.0,0.1818890115009045,0.425531914893617,1.532632888474977,1.531493574889404,45.47092929968721,45.47092929968721,96.07925447799896,,,,
development_2023_2025,KZT,age_fallback_v3,727,,0.1768479732051965,136.0,1.624882793708774,45.40083793953795,robustness,exact_V3_extended_KZT,robustness/results/age_development_summary.csv,,,,,,,,,,,,,0.0,0.1768479732051965,0.4485294117647059,1.624882793708774,1.6142617938264414,47.52264649129921,47.52264649129921,95.08812380691292,,,,
development_2023_2025,KZT,age_fallback_v3,727,,0.1815124311771259,143.0,1.4040768991349055,37.71418088906499,robustness,exact_V3_extended_KZT,robustness/results/age_development_summary.csv,,,,,,,,,,,,,1.0,0.1815124311771259,0.3916083916083916,1.4040768991349055,1.4094024787094093,40.957819474273705,40.957819474273705,101.27263678761028,,,,
annual_or_march_by_cutoff,KZT,feature_dropout,242,,0.2076104774987484,44.0,1.544943820224719,69.1857986451317,robustness,exact_V3_extended_KZT,robustness/results/metrics_by_cutoff.csv,,,,,,,,,,2023-01-01,2023-01-10,2023-12-23,0.0,0.1939058983294566,0.5681818181818182,1.544943820224719,1.5449438202247192,107.10941515570384,107.10941515570384,58.34027308056448,0.6019048606175764,0.8850574712643678,0.84,0.2321401930942364
annual_or_march_by_cutoff,KZT,feature_dropout,242,,0.2236877032906988,40.0,1.4275280898876406,42.104195560019456,robustness,exact_V3_extended_KZT,robustness/results/metrics_by_cutoff.csv,,,,,,,,,,2023-01-01,2023-01-10,2023-12-23,1.0,0.2157000262544313,0.525,1.4275280898876406,1.4275280898876406,80.02781207059158,80.02781207059158,87.05270123999637,0.6403458258840788,0.8045977011494253,0.76,0.2321401930942364
annual_or_march_by_cutoff,KZT,halyk_l1,242,,0.1897691405980433,43.0,1.7073425659785733,68.77975523491388,robustness,exact_V3_extended_KZT,robustness/results/metrics_by_cutoff.csv,,,,,,,,,,2023-01-01,2023-01-10,2023-12-23,0.0,0.1878126702416531,0.627906976744186,1.7073425659785733,1.7073425659785733,106.70337174548604,106.70337174548604,57.89410151198925,0.5633377191538241,0.8649425287356322,0.78,0.23936990859805
annual_or_march_by_cutoff,KZT,halyk_l1,242,,0.2048324828368407,41.0,1.5253494107974788,65.36171930070925,robustness,exact_V3_extended_KZT,robustness/results/metrics_by_cutoff.csv,,,,,,,,,,2023-01-01,2023-01-10,2023-12-23,1.0,0.2026180181438988,0.5609756097560976,1.5253494107974788,1.525349410797479,103.2853358112814,103.2853358112814,59.137040133775216,0.6021575041009601,0.8247126436781609,0.76,0.23936990859805
annual_or_march_by_cutoff,KZT,halyk_l2_retrained,242,,0.2043319566827593,49.0,1.3318046319651455,47.00435129798201,robustness,exact_V3_extended_KZT,robustness/results/metrics_by_cutoff.csv,,,,,,,,,,2023-01-01,2023-01-10,2023-12-23,0.0,0.2010898098089883,0.4897959183673469,1.3318046319651455,1.3318046319651455,84.92796780855416,84.92796780855416,81.84030137652887,0.5993747907806523,0.985632183908046,0.88,0.2026851864613617
annual_or_march_by_cutoff,KZT,halyk_l2_retrained,242,,0.2085652473905611,51.0,1.3328927076448556,38.601010964861864,robustness,exact_V3_extended_KZT,robustness/results/metrics_by_cutoff.csv,,,,,,,,,,2023-01-01,2023-01-10,2023-12-23,1.0,0.2055521861256163,0.4901960784313725,1.3328927076448556,1.3328927076448556,76.52462747543399,76.52462747543399,85.69200691663255,0.6144373160229067,1.0258620689655171,0.9,0.2026851864613617
annual_or_march_by_cutoff,KZT,lag_augmentation,242,,0.1957761362950731,51.0,1.3328927076448556,37.85880982625661,robustness,exact_V3_extended_KZT,robustness/results/metrics_by_cutoff.csv,,,,,,,,,,2023-01-01,2023-01-10,2023-12-23,0.0,0.1957761362950731,0.4901960784313725,1.3328927076448556,1.3328927076448556,75.78242633682875,75.78242633682875,94.24611804567584,0.5729731775870338,1.0258620689655171,0.92,0.2057493734122307
annual_or_march_by_cutoff,KZT,lag_augmentation,242,,0.2061320350271092,52.0,1.3072601555747625,32.48656491339425,robustness,exact_V3_extended_KZT,robustness/results/metrics_by_cutoff.csv,,,,,,,,,,2023-01-01,2023-01-10,2023-12-23,1.0,0.2061320350271092,0.4807692307692308,1.3072601555747625,1.3072601555747625,70.41018142396638,70.41018142396638,97.3848189447734,0.599196507920023,1.0459770114942528,0.94,0.2057493734122307
annual_or_march_by_cutoff,KZT,lag_ensemble,242,,0.1949161543275449,47.0,1.5620368156825242,60.32300909225085,robustness,exact_V3_extended_KZT,robustness/results/metrics_by_cutoff.csv,,,,,,,,,,2023-01-01,2023-01-10,2023-12-23,0.0,0.1930049441081665,0.574468085106383,1.5620368156825242,1.5620368156825246,98.24662560282296,98.24662560282296,69.8515362902181,0.5755298185834715,0.9454022988505748,0.86,0.2164177393840397
annual_or_march_by_cutoff,KZT,lag_ensemble,242,,0.2051190078983121,47.0,1.5620368156825242,57.9095788131272,robustness,exact_V3_extended_KZT,robustness/results/metrics_by_cutoff.csv,,,,,,,,,,2023-01-01,2023-01-10,2023-12-23,1.0,0.2029680319744302,0.574468085106383,1.5620368156825242,1.5620368156825246,95.83319532369934,95.83319532369934,76.33221774696037,0.6047227537985667,0.9454022988505748,0.9,0.2164177393840397
annual_or_march_by_cutoff,KZT,minimax_shrink_v3,242,,0.1949093395814555,56.0,1.1653290529695024,20.751576308684985,robustness,exact_V3_extended_KZT,robustness/results/metrics_by_cutoff.csv,,,,,,,,,,2023-01-01,2023-01-10,2023-12-23,0.0,0.1949093395814555,0.4285714285714285,1.1653290529695024,1.1653290529695024,58.67519281925712,58.67519281925712,105.96283789599876,0.5728000789411378,1.1264367816091954,0.98,0.221139125066954
annual_or_march_by_cutoff,KZT,minimax_shrink_v3,242,,0.1988060382261686,57.0,1.1448846836191602,17.9378388093498,robustness,exact_V3_extended_KZT,robustness/results/metrics_by_cutoff.csv,,,,,,,,,,2023-01-01,2023-01-10,2023-12-23,1.0,0.1988060382261686,0.4210526315789473,1.1448846836191602,1.1448846836191602,55.86145531992192,55.86145531992192,106.32393915715888,0.5822342452078796,1.146551724137931,1.0,0.221139125066954
annual_or_march_by_cutoff,KZT,v3_long_globalcal,242,,0.1990416666673227,58.0,1.265788454087563,17.36652998462376,robustness,exact_V3_extended_KZT,robustness/results/metrics_by_cutoff.csv,,,,,,,,,,2023-01-01,2023-01-10,2023-12-23,0.0,0.2088027130575711,0.4655172413793103,1.265788454087563,1.265788454087563,55.29014649519589,55.29014649519589,101.06711806347356,0.5824965302086502,1.1666666666666667,1.0,0.2051271776862065
annual_or_march_by_cutoff,KZT,v3_long_globalcal,242,,0.1990416666673227,58.0,1.265788454087563,17.36652998462376,robustness,exact_V3_extended_KZT,robustness/results/metrics_by_cutoff.csv,,,,,,,,,,2023-01-01,2023-01-10,2023-12-23,1.0,0.2088027130575711,0.4655172413793103,1.265788454087563,1.265788454087563,55.29014649519589,55.29014649519589,101.06711806347356,0.5824965302086502,1.1666666666666667,1.0,0.2051271776862065
annual_or_march_by_cutoff,KZT,v3_long_localcal,242,,0.1946908430607346,58.0,1.265788454087563,17.36652998462376,robustness,exact_V3_extended_KZT,robustness/results/metrics_by_cutoff.csv,,,,,,,,,,2023-01-01,2023-01-10,2023-12-23,0.0,0.2088027130575711,0.4655172413793103,1.265788454087563,1.265788454087563,55.29014649519589,55.29014649519589,101.06711806347356,0.574245660399138,1.1666666666666667,1.0,0.1623210107410602
annual_or_march_by_cutoff,KZT,v3_long_localcal,242,,0.1946908430607346,58.0,1.265788454087563,17.36652998462376,robustness,exact_V3_extended_KZT,robustness/results/metrics_by_cutoff.csv,,,,,,,,,,2023-01-01,2023-01-10,2023-12-23,1.0,0.2088027130575711,0.4655172413793103,1.265788454087563,1.265788454087563,55.29014649519589,55.29014649519589,101.06711806347356,0.574245660399138,1.1666666666666667,1.0,0.1623210107410602
annual_or_march_by_cutoff,KZT,feature_dropout,243,,0.1895578317019407,46.0,1.544147157190635,43.098033464289735,robustness,exact_V3_extended_KZT,robustness/results/metrics_by_cutoff.csv,,,,,,,,,,2024-01-01,2024-01-10,2024-12-24,0.0,0.197779387947022,0.4130434782608695,1.544147157190635,1.5441471571906351,41.931430893116456,41.931430893116456,93.94687475430923,0.5637656977318614,0.92,0.8235294117647058,0.2712209079651801
annual_or_march_by_cutoff,KZT,feature_dropout,243,,0.1872656793473404,48.0,1.3240384615384615,14.60313604218146,robustness,exact_V3_extended_KZT,robustness/results/metrics_by_cutoff.csv,,,,,,,,,,2024-01-01,2024-01-10,2024-12-24,1.0,0.194920821376383,0.3541666666666667,1.3240384615384615,1.3240384615384615,13.436533471008184,13.436533471008184,116.7523705163606,0.5631164205750443,0.96,0.8627450980392157,0.2712209079651801
annual_or_march_by_cutoff,KZT,halyk_l1,243,,0.1937380523952357,44.0,1.5293706293706288,33.017897314090256,robustness,exact_V3_extended_KZT,robustness/results/metrics_by_cutoff.csv,,,,,,,,,,2024-01-01,2024-01-10,2024-12-24,0.0,0.1997639201476098,0.4090909090909091,1.5293706293706288,1.5293706293706295,31.85129474291698,31.85129474291698,100.4321962856422,0.5731032257525804,0.88,0.7843137254901961,0.2690777098557793
annual_or_march_by_cutoff,KZT,halyk_l1,243,,0.1889904154437949,44.0,1.5293706293706288,29.886482371132352,robustness,exact_V3_extended_KZT,robustness/results/metrics_by_cutoff.csv,,,,,,,,,,2024-01-01,2024-01-10,2024-12-24,1.0,0.1977893587697195,0.4090909090909091,1.5293706293706288,1.5293706293706295,28.719879799959084,28.719879799959084,106.37034810910694,0.5687491805778707,0.88,0.7843137254901961,0.2690777098557793
annual_or_march_by_cutoff,KZT,halyk_l2_retrained,243,,0.2033273112841661,48.0,1.4019230769230768,24.792334567164932,robustness,exact_V3_extended_KZT,robustness/results/metrics_by_cutoff.csv,,,,,,,,,,2024-01-01,2024-01-10,2024-12-24,0.0,0.1967656067538253,0.375,1.4019230769230768,1.4019230769230768,23.625731995991657,23.625731995991657,110.5261496342974,0.5941689339753958,0.96,0.8627450980392157,0.329792021624183
annual_or_march_by_cutoff,KZT,halyk_l2_retrained,243,,0.2045718913815082,47.0,1.352209492635024,23.97481262849186,robustness,exact_V3_extended_KZT,robustness/results/metrics_by_cutoff.csv,,,,,,,,,,2024-01-01,2024-01-10,2024-12-24,1.0,0.1985496701342791,0.3617021276595745,1.352209492635024,1.3522094926350243,22.808210057318583,22.808210057318583,108.59623896479592,0.5966109607527328,0.94,0.8431372549019608,0.329792021624183
annual_or_march_by_cutoff,KZT,lag_augmentation,243,,0.2006602938693656,51.0,1.3927601809954748,23.03302282867248,robustness,exact_V3_extended_KZT,robustness/results/metrics_by_cutoff.csv,,,,,,,,,,2024-01-01,2024-01-10,2024-12-24,0.0,0.2077870670571866,0.3725490196078431,1.3927601809954748,1.392760180995475,21.866420257499207,21.866420257499207,105.1158120082536,0.5877004022165166,1.02,0.9019607843137256,0.2997022871730933
annual_or_march_by_cutoff,KZT,lag_augmentation,243,,0.1998208666652817,52.0,1.0784023668639051,8.032146022383806,robustness,exact_V3_extended_KZT,robustness/results/metrics_by_cutoff.csv,,,,,,,,,,2024-01-01,2024-01-10,2024-12-24,1.0,0.2053587526103389,0.2884615384615384,1.0784023668639051,1.0784023668639051,6.865543451210528,6.865543451210528,117.77679997749117,0.5869208275495958,1.04,0.9019607843137256,0.2997022871730933
annual_or_march_by_cutoff,KZT,lag_ensemble,243,,0.1983376973791924,50.0,1.4206153846153844,23.25110805789799,robustness,exact_V3_extended_KZT,robustness/results/metrics_by_cutoff.csv,,,,,,,,,,2024-01-01,2024-01-10,2024-12-24,0.0,0.1972525846476294,0.38,1.4206153846153844,1.4206153846153846,22.084505486724712,22.084505486724712,106.98082049700344,0.5821582950516636,1.0,0.8823529411764706,0.2796986726312952
annual_or_march_by_cutoff,KZT,lag_ensemble,243,,0.1980197473936901,48.0,1.4019230769230768,17.214303304407476,robustness,exact_V3_extended_KZT,robustness/results/metrics_by_cutoff.csv,,,,,,,,,,2024-01-01,2024-01-10,2024-12-24,1.0,0.1970258446070047,0.375,1.4019230769230768,1.4019230769230768,16.0477007332342,16.0477007332342,112.1788595963352,0.5835236786992318,0.96,0.8627450980392157,0.2796986726312952
annual_or_march_by_cutoff,KZT,minimax_shrink_v3,243,,0.1925626805159965,47.0,1.352209492635024,20.72603674913774,robustness,exact_V3_extended_KZT,robustness/results/metrics_by_cutoff.csv,,,,,,,,,,2024-01-01,2024-01-10,2024-12-24,0.0,0.1925626805159965,0.3617021276595745,1.352209492635024,1.3522094926350243,19.559434177964462,19.559434177964462,102.91550967716942,0.5712544196103473,0.94,0.8431372549019608,0.3320480882966772
annual_or_march_by_cutoff,KZT,minimax_shrink_v3,243,,0.1925626805159965,47.0,1.352209492635024,20.72603674913774,robustness,exact_V3_extended_KZT,robustness/results/metrics_by_cutoff.csv,,,,,,,,,,2024-01-01,2024-01-10,2024-12-24,1.0,0.1925626805159965,0.3617021276595745,1.352209492635024,1.3522094926350243,19.559434177964462,19.559434177964462,102.91550967716942,0.5712544196103473,0.94,0.8431372549019608,0.3320480882966772
annual_or_march_by_cutoff,KZT,v3_long_globalcal,243,,0.1925626805159965,47.0,1.352209492635024,20.72603674913774,robustness,exact_V3_extended_KZT,robustness/results/metrics_by_cutoff.csv,,,,,,,,,,2024-01-01,2024-01-10,2024-12-24,0.0,0.1819990818274665,0.3617021276595745,1.352209492635024,1.3522094926350243,19.559434177964462,19.559434177964462,102.91550967716942,0.5712544196103473,0.94,0.8431372549019608,0.3320480882966772
annual_or_march_by_cutoff,KZT,v3_long_globalcal,243,,0.1925626805159965,47.0,1.352209492635024,20.72603674913774,robustness,exact_V3_extended_KZT,robustness/results/metrics_by_cutoff.csv,,,,,,,,,,2024-01-01,2024-01-10,2024-12-24,1.0,0.1819990818274665,0.3617021276595745,1.352209492635024,1.3522094926350243,19.559434177964462,19.559434177964462,102.91550967716942,0.5712544196103473,0.94,0.8431372549019608,0.3320480882966772
annual_or_march_by_cutoff,KZT,v3_long_localcal,243,,0.1957165481243733,47.0,1.352209492635024,20.72603674913774,robustness,exact_V3_extended_KZT,robustness/results/metrics_by_cutoff.csv,,,,,,,,,,2024-01-01,2024-01-10,2024-12-24,0.0,0.1819990818274665,0.3617021276595745,1.352209492635024,1.3522094926350243,19.559434177964462,19.559434177964462,102.91550967716942,0.5798804208327081,0.94,0.8431372549019608,0.3405279869093353
annual_or_march_by_cutoff,KZT,v3_long_localcal,243,,0.1957165481243733,47.0,1.352209492635024,20.72603674913774,robustness,exact_V3_extended_KZT,robustness/results/metrics_by_cutoff.csv,,,,,,,,,,2024-01-01,2024-01-10,2024-12-24,1.0,0.1819990818274665,0.3617021276595745,1.352209492635024,1.3522094926350243,19.559434177964462,19.559434177964462,102.91550967716942,0.5798804208327081,0.94,0.8431372549019608,0.3405279869093353
annual_or_march_by_cutoff,KZT,feature_dropout,242,,0.1469954010483682,46.0,1.86322463768116,49.462152632204074,robustness,exact_V3_extended_KZT,robustness/results/metrics_by_cutoff.csv,,,,,,,,,,2025-01-01,2025-01-10,2025-12-24,0.0,0.1476879503266585,0.3695652173913043,1.86322463768116,1.8632246376811592,21.21585374448396,21.21585374448396,114.16831556979768,0.4571569193561375,0.9226361031518624,0.8431372549019608,0.1948659453159301
annual_or_march_by_cutoff,KZT,feature_dropout,242,,0.152009285484644,48.0,1.7855902777777777,42.37274169145821,robustness,exact_V3_extended_KZT,robustness/results/metrics_by_cutoff.csv,,,,,,,,,,2025-01-01,2025-01-10,2025-12-24,1.0,0.1533735575656717,0.3541666666666667,1.7855902777777777,1.785590277777778,14.126442803738104,14.126442803738104,118.03013342681466,0.4707826197102081,0.9627507163323782,0.8823529411764706,0.1948659453159301
annual_or_march_by_cutoff,KZT,halyk_l1,242,,0.1453940945031632,47.0,1.823581560283689,49.36968644030655,robustness,exact_V3_extended_KZT,robustness/results/metrics_by_cutoff.csv,,,,,,,,,,2025-01-01,2025-01-10,2025-12-24,0.0,0.1457844494208351,0.3617021276595745,1.823581560283689,1.823581560283688,21.12338755258644,21.12338755258644,114.85257114084244,0.4529887147022446,0.9426934097421203,0.8627450980392157,0.1840789040951516
annual_or_march_by_cutoff,KZT,halyk_l1,242,,0.1503586545417694,46.0,1.86322463768116,53.494174813357816,robustness,exact_V3_extended_KZT,robustness/results/metrics_by_cutoff.csv,,,,,,,,,,2025-01-01,2025-01-10,2025-12-24,1.0,0.1513459766701609,0.3695652173913043,1.86322463768116,1.8632246376811592,25.247875925637707,25.247875925637707,113.0980508117947,0.4657558356559043,0.9226361031518624,0.8627450980392157,0.1840789040951516
annual_or_march_by_cutoff,KZT,halyk_l2_retrained,242,,0.1510206812591596,44.0,1.9479166666666672,55.2382569681827,robustness,exact_V3_extended_KZT,robustness/results/metrics_by_cutoff.csv,,,,,,,,,,2025-01-01,2025-01-10,2025-12-24,0.0,0.1540535019281142,0.3863636363636363,1.9479166666666672,1.9479166666666663,26.991958080462595,26.991958080462595,108.46154900985628,0.4683005871860717,0.8825214899713467,0.8235294117647058,0.2329027494143774
annual_or_march_by_cutoff,KZT,halyk_l2_retrained,242,,0.1519952096296966,45.0,2.0166666666666675,55.38573076043974,robustness,exact_V3_extended_KZT,robustness/results/metrics_by_cutoff.csv,,,,,,,,,,2025-01-01,2025-01-10,2025-12-24,1.0,0.1550791293038246,0.4,2.0166666666666675,2.0166666666666666,27.139431872719634,27.139431872719634,109.11303796472538,0.4711060468747046,0.9025787965616046,0.803921568627451,0.2329027494143774
annual_or_march_by_cutoff,KZT,lag_augmentation,242,,0.1468502286575112,44.0,2.0625000000000004,61.03805792555136,robustness,exact_V3_extended_KZT,robustness/results/metrics_by_cutoff.csv,,,,,,,,,,2025-01-01,2025-01-10,2025-12-24,0.0,0.1478766344858815,0.4090909090909091,2.0625000000000004,2.0625,32.79175903783124,32.79175903783124,102.0484087675352,0.4576760482969966,0.8825214899713467,0.803921568627451,0.222072954188599
annual_or_march_by_cutoff,KZT,lag_augmentation,242,,0.1517675721094062,44.0,1.7187500000000004,53.126216934779215,robustness,exact_V3_extended_KZT,robustness/results/metrics_by_cutoff.csv,,,,,,,,,,2025-01-01,2025-01-10,2025-12-24,1.0,0.1536737152886941,0.3409090909090909,1.7187500000000004,1.7187499999999998,24.879918047059107,24.879918047059107,110.9676217119186,0.4689723741156706,0.8825214899713467,0.8235294117647058,0.222072954188599
annual_or_march_by_cutoff,KZT,lag_ensemble,242,,0.147925480659065,43.0,2.2277131782945743,62.00073407900311,robustness,exact_V3_extended_KZT,robustness/results/metrics_by_cutoff.csv,,,,,,,,,,2025-01-01,2025-01-10,2025-12-24,0.0,0.1488505630238994,0.4418604651162791,2.2277131782945743,2.227713178294574,33.75443519128301,33.75443519128301,103.3929881562294,0.459946632877997,0.8624641833810889,0.7843137254901961,0.2194109620344338
annual_or_march_by_cutoff,KZT,lag_ensemble,242,,0.150923552415891,43.0,2.1104651162790704,62.46734889804784,robustness,exact_V3_extended_KZT,robustness/results/metrics_by_cutoff.csv,,,,,,,,,,2025-01-01,2025-01-10,2025-12-24,1.0,0.152193095329809,0.4186046511627907,2.1104651162790704,2.11046511627907,34.22105001032772,34.22105001032772,103.92169193798092,0.4677247816424112,0.8624641833810889,0.7843137254901961,0.2194109620344338
annual_or_march_by_cutoff,KZT,minimax_shrink_v3,242,,0.1471512888202525,49.0,1.8520408163265307,49.74759049460157,robustness,exact_V3_extended_KZT,robustness/results/metrics_by_cutoff.csv,,,,,,,,,,2025-01-01,2025-01-10,2025-12-24,0.0,0.1471512888202525,0.3673469387755102,1.8520408163265307,1.8520408163265307,21.501291606881463,21.501291606881463,115.79194970042452,0.4578014147881803,0.982808022922636,0.8823529411764706,0.192764590905469
annual_or_march_by_cutoff,KZT,minimax_shrink_v3,242,,0.1508399809812789,49.0,1.9549319727891157,44.65155940118866,robustness,exact_V3_extended_KZT,robustness/results/metrics_by_cutoff.csv,,,,,,,,,,2025-01-01,2025-01-10,2025-12-24,1.0,0.1508399809812789,0.3877551020408163,1.9549319727891157,1.9549319727891157,16.405260513468548,16.405260513468548,117.43132529247944,0.4670477253005785,0.982808022922636,0.8823529411764706,0.192764590905469
annual_or_march_by_cutoff,KZT,v3_long_globalcal,242,,0.1564692629509524,44.0,2.177083333333334,56.462709323278204,robustness,exact_V3_extended_KZT,robustness/results/metrics_by_cutoff.csv,,,,,,,,,,2025-01-01,2025-01-10,2025-12-24,0.0,0.1526734780284334,0.4318181818181818,2.177083333333334,2.1770833333333335,28.21641043555809,28.21641043555809,106.80488656303332,0.4814382639628168,0.8825214899713467,0.803921568627451,0.2762581842277309
annual_or_march_by_cutoff,KZT,v3_long_globalcal,242,,0.1564692629509524,44.0,2.177083333333334,56.462709323278204,robustness,exact_V3_extended_KZT,robustness/results/metrics_by_cutoff.csv,,,,,,,,,,2025-01-01,2025-01-10,2025-12-24,1.0,0.1526734780284334,0.4318181818181818,2.177083333333334,2.1770833333333335,28.21641043555809,28.21641043555809,106.80488656303332,0.4814382639628168,0.8825214899713467,0.803921568627451,0.2762581842277309
annual_or_march_by_cutoff,KZT,v3_long_localcal,242,,0.1508330013453392,44.0,2.177083333333334,56.462709323278204,robustness,exact_V3_extended_KZT,robustness/results/metrics_by_cutoff.csv,,,,,,,,,,2025-01-01,2025-01-10,2025-12-24,0.0,0.1526734780284334,0.4318181818181818,2.177083333333334,2.1770833333333335,28.21641043555809,28.21641043555809,106.80488656303332,0.4692651684676393,0.8825214899713467,0.803921568627451,0.2366893898513614
annual_or_march_by_cutoff,KZT,v3_long_localcal,242,,0.1508330013453392,44.0,2.177083333333334,56.462709323278204,robustness,exact_V3_extended_KZT,robustness/results/metrics_by_cutoff.csv,,,,,,,,,,2025-01-01,2025-01-10,2025-12-24,1.0,0.1526734780284334,0.4318181818181818,2.177083333333334,2.1770833333333335,28.21641043555809,28.21641043555809,106.80488656303332,0.4692651684676393,0.8825214899713467,0.803921568627451,0.2366893898513614
annual_or_march_by_cutoff,KZT,feature_dropout,156,,0.2194867312252687,34.0,1.2074303405572755,48.67024917998282,robustness,exact_V3_extended_KZT,robustness/results/metrics_by_cutoff.csv,,,,,,,,,,2026-01-01,2026-01-13,2026-08-25,0.0,0.2117498022384387,0.4411764705882353,1.2074303405572755,1.2074303405572755,85.83482547170193,85.83482547170193,77.58216782011235,0.6391701596261515,1.0577777777777777,0.9393939393939394,0.1403411421372463
annual_or_march_by_cutoff,KZT,feature_dropout,156,,0.2304035430272871,36.0,1.216374269005848,22.07230806428742,robustness,exact_V3_extended_KZT,robustness/results/metrics_by_cutoff.csv,,,,,,,,,,2026-01-01,2026-01-13,2026-08-25,1.0,0.2226290737852732,0.4444444444444444,1.216374269005848,1.216374269005848,59.23688435600651,59.23688435600651,107.95372073131747,0.673502273731473,1.12,0.9393939393939394,0.1403411421372463
annual_or_march_by_cutoff,KZT,halyk_l1,156,,0.2233309639779837,34.0,1.2074303405572755,46.9900193188629,robustness,exact_V3_extended_KZT,robustness/results/metrics_by_cutoff.csv,,,,,,,,,,2026-01-01,2026-01-13,2026-08-25,0.0,0.2141589152845423,0.4411764705882353,1.2074303405572755,1.2074303405572755,84.15459561058199,84.15459561058199,78.96013922245089,0.658481811387379,1.0577777777777777,0.9090909090909092,0.1397203065542565
annual_or_march_by_cutoff,KZT,halyk_l1,156,,0.2376660368339798,35.0,1.0165413533834589,25.475241847228325,robustness,exact_V3_extended_KZT,robustness/results/metrics_by_cutoff.csv,,,,,,,,,,2026-01-01,2026-01-13,2026-08-25,1.0,0.226974663581653,0.3714285714285714,1.0165413533834589,1.0165413533834586,62.63981813894744,62.63981813894744,96.07163285919717,0.6980042443434451,1.0888888888888888,0.8787878787878788,0.1397203065542565
annual_or_march_by_cutoff,KZT,halyk_l2_retrained,156,,0.242399395060192,33.0,1.1610845295055825,33.33373733456064,robustness,exact_V3_extended_KZT,robustness/results/metrics_by_cutoff.csv,,,,,,,,,,2026-01-01,2026-01-13,2026-08-25,0.0,0.2271800665241637,0.4242424242424242,1.1610845295055825,1.1610845295055825,70.49831362627975,70.49831362627975,101.46702135135725,0.7101126749176603,1.0266666666666666,0.8787878787878788,0.1772187608983695
annual_or_march_by_cutoff,KZT,halyk_l2_retrained,156,,0.2462425931734622,34.0,1.2074303405572755,27.02456974438147,robustness,exact_V3_extended_KZT,robustness/results/metrics_by_cutoff.csv,,,,,,,,,,2026-01-01,2026-01-13,2026-08-25,1.0,0.2322474713361687,0.4411764705882353,1.2074303405572755,1.2074303405572755,64.18914603610061,64.18914603610061,103.59590996138968,0.7268854555576396,1.0577777777777777,0.9090909090909092,0.1772187608983695
annual_or_march_by_cutoff,KZT,lag_augmentation,156,,0.2348027758105983,35.0,1.2511278195488724,26.628197224951393,robustness,exact_V3_extended_KZT,robustness/results/metrics_by_cutoff.csv,,,,,,,,,,2026-01-01,2026-01-13,2026-08-25,0.0,0.2229259396563004,0.4571428571428571,1.2511278195488724,1.2511278195488722,63.792773516670515,63.792773516670515,104.61171051998834,0.6865007599333679,1.0888888888888888,0.9090909090909092,0.1619298503649081
annual_or_march_by_cutoff,KZT,lag_augmentation,156,,0.2405102950572172,34.0,1.2074303405572755,27.15765654203022,robustness,exact_V3_extended_KZT,robustness/results/metrics_by_cutoff.csv,,,,,,,,,,2026-01-01,2026-01-13,2026-08-25,1.0,0.2286269312805014,0.4411764705882353,1.2074303405572755,1.2074303405572755,64.32223283374935,64.32223283374935,103.59590996138968,0.7041410021432202,1.0577777777777777,0.9090909090909092,0.1619298503649081
annual_or_march_by_cutoff,KZT,lag_ensemble,156,,0.2314942181086185,33.0,1.3269537480063798,44.652581296411945,robustness,exact_V3_extended_KZT,robustness/results/metrics_by_cutoff.csv,,,,,,,,,,2026-01-01,2026-01-13,2026-08-25,0.0,0.2190948802569489,0.4848484848484848,1.3269537480063798,1.3269537480063798,81.81715758813105,81.81715758813105,79.15541328148753,0.6774184396534909,1.0266666666666666,0.8787878787878788,0.1629897616915216
annual_or_march_by_cutoff,KZT,lag_ensemble,156,,0.2401097864043723,35.0,1.3293233082706768,28.243715965131777,robustness,exact_V3_extended_KZT,robustness/results/metrics_by_cutoff.csv,,,,,,,,,,2026-01-01,2026-01-13,2026-08-25,1.0,0.2281536434596454,0.4857142857142857,1.3293233082706768,1.3293233082706768,65.40829225685088,65.40829225685088,101.89227559553458,0.7054994575496145,1.0888888888888888,0.9090909090909092,0.1629897616915216
annual_or_march_by_cutoff,KZT,minimax_shrink_v3,156,,0.2305967203221307,35.0,1.3293233082706768,40.81576804790837,robustness,exact_V3_extended_KZT,robustness/results/metrics_by_cutoff.csv,,,,,,,,,,2026-01-01,2026-01-13,2026-08-25,0.0,0.2305967203221307,0.4857142857142857,1.3293233082706768,1.3293233082706768,77.98034433962748,77.98034433962748,91.48204891138492,0.6717795074528669,1.0888888888888888,0.9393939393939394,0.1749200988100614
annual_or_march_by_cutoff,KZT,minimax_shrink_v3,156,,0.2340327525160626,36.0,1.140350877192983,16.352574520411732,robustness,exact_V3_extended_KZT,robustness/results/metrics_by_cutoff.csv,,,,,,,,,,2026-01-01,2026-01-13,2026-08-25,1.0,0.2340327525160626,0.4166666666666667,1.140350877192983,1.140350877192983,53.51715081213082,53.51715081213082,113.96371208049432,0.681285962857446,1.12,0.9393939393939394,0.1749200988100614
annual_or_march_by_cutoff,KZT,v3_long_globalcal,156,,0.2349803479118282,34.0,1.2074303405572755,31.604298956545374,robustness,exact_V3_extended_KZT,robustness/results/metrics_by_cutoff.csv,,,,,,,,,,2026-01-01,2026-01-13,2026-08-25,0.0,0.2305847120220183,0.4411764705882353,1.2074303405572755,1.2074303405572755,68.7688752482645,68.7688752482645,96.84326071695754,0.6823821056094926,1.0577777777777777,0.9393939393939394,0.1932838568673744
annual_or_march_by_cutoff,KZT,v3_long_globalcal,156,,0.2349803479118282,34.0,1.2074303405572755,31.604298956545374,robustness,exact_V3_extended_KZT,robustness/results/metrics_by_cutoff.csv,,,,,,,,,,2026-01-01,2026-01-13,2026-08-25,1.0,0.2305847120220183,0.4411764705882353,1.2074303405572755,1.2074303405572755,68.7688752482645,68.7688752482645,96.84326071695754,0.6823821056094926,1.0577777777777777,0.9393939393939394,0.1932838568673744
annual_or_march_by_cutoff,KZT,v3_long_localcal,156,,0.2411919365864807,34.0,1.2074303405572755,31.604298956545374,robustness,exact_V3_extended_KZT,robustness/results/metrics_by_cutoff.csv,,,,,,,,,,2026-01-01,2026-01-13,2026-08-25,0.0,0.2305847120220183,0.4411764705882353,1.2074303405572755,1.2074303405572755,68.7688752482645,68.7688752482645,96.84326071695754,0.7003108554098022,1.0577777777777777,0.9393939393939394,0.1740302775627423
annual_or_march_by_cutoff,KZT,v3_long_localcal,156,,0.2411919365864807,34.0,1.2074303405572755,31.604298956545374,robustness,exact_V3_extended_KZT,robustness/results/metrics_by_cutoff.csv,,,,,,,,,,2026-01-01,2026-01-13,2026-08-25,1.0,0.2305847120220183,0.4411764705882353,1.2074303405572755,1.2074303405572755,68.7688752482645,68.7688752482645,96.84326071695754,0.7003108554098022,1.0577777777777777,0.9393939393939394,0.1740302775627423
annual_or_march_by_cutoff,KZT,feature_dropout,122,,0.2269477787775797,27.0,1.1296296296296295,47.21465057701938,robustness,exact_V3_extended_KZT,robustness/results/metrics_by_cutoff.csv,,,,,,,,,,2026-03-01,2026-03-03,2026-08-25,0.0,0.2205576972815719,0.4444444444444444,1.1296296296296295,1.1296296296296295,92.2504133104532,92.2504133104532,83.10364838019414,0.6494943225756257,1.0738636363636365,0.8846153846153846,0.1761223852974115
annual_or_march_by_cutoff,KZT,feature_dropout,122,,0.237297103289421,28.0,0.9985119047619048,20.83485739177047,robustness,exact_V3_extended_KZT,robustness/results/metrics_by_cutoff.csv,,,,,,,,,,2026-03-01,2026-03-03,2026-08-25,1.0,0.2314359384831644,0.3928571428571428,0.9985119047619048,0.9985119047619048,65.8706201252043,65.8706201252043,102.82585853987668,0.6777470002850142,1.1136363636363635,0.8846153846153846,0.1761223852974115
annual_or_march_by_cutoff,KZT,halyk_l1,122,,0.2294251233026324,27.0,1.1296296296296295,52.76705069281965,robustness,exact_V3_extended_KZT,robustness/results/metrics_by_cutoff.csv,,,,,,,,,,2026-03-01,2026-03-03,2026-08-25,0.0,0.223868448931646,0.4444444444444444,1.1296296296296295,1.1296296296296295,97.8028134262535,97.8028134262535,78.50355767225977,0.6648548449324336,1.0738636363636365,0.9230769230769232,0.1494162691939143
annual_or_march_by_cutoff,KZT,halyk_l1,122,,0.2419486767854843,29.0,1.2270114942528734,12.293952137837795,robustness,exact_V3_extended_KZT,robustness/results/metrics_by_cutoff.csv,,,,,,,,,,2026-03-01,2026-03-03,2026-08-25,1.0,0.2352386592212659,0.4827586206896552,1.2270114942528734,1.2270114942528736,57.32971487127163,57.32971487127163,118.49408799414424,0.6948838476267548,1.1534090909090908,0.9615384615384616,0.1494162691939143
annual_or_march_by_cutoff,KZT,halyk_l2_retrained,122,,0.2457690590896457,28.0,1.0892857142857142,19.64949376592463,robustness,exact_V3_extended_KZT,robustness/results/metrics_by_cutoff.csv,,,,,,,,,,2026-03-01,2026-03-03,2026-08-25,0.0,0.2339909933066296,0.4285714285714285,1.0892857142857142,1.0892857142857142,64.68525649935846,64.68525649935846,114.87140745080362,0.7015648989835697,1.1136363636363635,0.9615384615384616,0.1967058017168197
annual_or_march_by_cutoff,KZT,halyk_l2_retrained,122,,0.2480329434207853,28.0,1.1800595238095235,19.512812290443566,robustness,exact_V3_extended_KZT,robustness/results/metrics_by_cutoff.csv,,,,,,,,,,2026-03-01,2026-03-03,2026-08-25,1.0,0.2372677352089197,0.4642857142857143,1.1800595238095235,1.180059523809524,64.54857502387738,64.54857502387738,114.56494637996578,0.7094866477472246,1.1136363636363635,0.9230769230769232,0.1967058017168197
annual_or_march_by_cutoff,KZT,lag_augmentation,122,,0.2405787231544207,28.0,1.3616071428571426,39.39938339313928,robustness,exact_V3_extended_KZT,robustness/results/metrics_by_cutoff.csv,,,,,,,,,,2026-03-01,2026-03-03,2026-08-25,0.0,0.2308989678604499,0.5357142857142857,1.3616071428571426,1.3616071428571428,84.43514612657312,84.43514612657312,96.57660658272115,0.6853541087561719,1.1136363636363635,0.9615384615384616,0.1564240192868101
annual_or_march_by_cutoff,KZT,lag_augmentation,122,,0.2453157652441299,29.0,1.314655172413793,23.377300801945427,robustness,exact_V3_extended_KZT,robustness/results/metrics_by_cutoff.csv,,,,,,,,,,2026-03-01,2026-03-03,2026-08-25,1.0,0.2360960522928034,0.5172413793103449,1.314655172413793,1.3146551724137931,68.41306353537925,68.41306353537925,115.68079742265832,0.6998122938889133,1.1534090909090908,0.9615384615384616,0.1564240192868101
annual_or_march_by_cutoff,KZT,lag_ensemble,122,,0.2370977450044141,29.0,1.0517241379310345,22.244859494426457,robustness,exact_V3_extended_KZT,robustness/results/metrics_by_cutoff.csv,,,,,,,,,,2026-03-01,2026-03-03,2026-08-25,0.0,0.227660119976643,0.4137931034482758,1.0517241379310345,1.0517241379310345,67.28062222786029,67.28062222786029,107.34190671187244,0.6789585414935237,1.1534090909090908,0.9615384615384616,0.1278467510453599
annual_or_march_by_cutoff,KZT,lag_ensemble,122,,0.2437013334173116,29.0,1.0517241379310345,14.78137782444279,robustness,exact_V3_extended_KZT,robustness/results/metrics_by_cutoff.csv,,,,,,,,,,2026-03-01,2026-03-03,2026-08-25,1.0,0.2348916824314613,0.4137931034482758,1.0517241379310345,1.0517241379310345,59.81714055787663,59.81714055787663,120.77036829402446,0.6967450284506211,1.1534090909090908,0.9230769230769232,0.1278467510453599
annual_or_march_by_cutoff,KZT,minimax_shrink_v3,122,,0.237903212713894,28.0,1.1800595238095235,25.514136109863337,robustness,exact_V3_extended_KZT,robustness/results/metrics_by_cutoff.csv,,,,,,,,,,2026-03-01,2026-03-03,2026-08-25,0.0,0.237903212713894,0.4642857142857143,1.1800595238095235,1.180059523809524,70.54989884329716,70.54989884329716,107.21743151007426,0.6850793368865239,1.1136363636363635,0.9615384615384616,0.186512039985104
annual_or_march_by_cutoff,KZT,minimax_shrink_v3,122,,0.2408527718948162,28.0,1.1800595238095235,21.80160133992413,robustness,exact_V3_extended_KZT,robustness/results/metrics_by_cutoff.csv,,,,,,,,,,2026-03-01,2026-03-03,2026-08-25,1.0,0.2408527718948162,0.4642857142857143,1.1800595238095235,1.180059523809524,66.83736407335796,66.83736407335796,113.29514466431333,0.6927129439739125,1.1136363636363635,0.9615384615384616,0.186512039985104
annual_or_march_by_cutoff,KZT,v3_long_globalcal,122,,0.2422858871035243,27.0,1.1296296296296295,25.807007119384387,robustness,exact_V3_extended_KZT,robustness/results/metrics_by_cutoff.csv,,,,,,,,,,2026-03-01,2026-03-03,2026-08-25,0.0,0.2386852896209754,0.4444444444444444,1.1296296296296295,1.1296296296296295,70.84276985281822,70.84276985281822,105.1510924005928,0.696701533903747,1.0738636363636365,0.9615384615384616,0.1940868836753906
annual_or_march_by_cutoff,KZT,v3_long_globalcal,122,,0.2422858871035243,27.0,1.1296296296296295,25.807007119384387,robustness,exact_V3_extended_KZT,robustness/results/metrics_by_cutoff.csv,,,,,,,,,,2026-03-01,2026-03-03,2026-08-25,1.0,0.2386852896209754,0.4444444444444444,1.1296296296296295,1.1296296296296295,70.84276985281822,70.84276985281822,105.1510924005928,0.696701533903747,1.0738636363636365,0.9615384615384616,0.1940868836753906
annual_or_march_by_cutoff,KZT,v3_long_localcal,122,,0.2468872550482071,27.0,1.1296296296296295,25.807007119384387,robustness,exact_V3_extended_KZT,robustness/results/metrics_by_cutoff.csv,,,,,,,,,,2026-03-01,2026-03-03,2026-08-25,0.0,0.2386852896209754,0.4444444444444444,1.1296296296296295,1.1296296296296295,70.84276985281822,70.84276985281822,105.1510924005928,0.701610442166295,1.0738636363636365,0.9615384615384616,0.1967091415731794
annual_or_march_by_cutoff,KZT,v3_long_localcal,122,,0.2468872550482071,27.0,1.1296296296296295,25.807007119384387,robustness,exact_V3_extended_KZT,robustness/results/metrics_by_cutoff.csv,,,,,,,,,,2026-03-01,2026-03-03,2026-08-25,1.0,0.2386852896209754,0.4444444444444444,1.1296296296296295,1.1296296296296295,70.84276985281822,70.84276985281822,105.1510924005928,0.701610442166295,1.0738636363636365,0.9615384615384616,0.1967091415731794
annual_or_march_by_cutoff,KZT,age_fallback_minimax,242,,0.1899221258757287,44.0,1.6067415730337078,56.735573629512785,robustness,exact_V3_extended_KZT,robustness/results/age_metrics_by_cutoff.csv,,,,,,,,,,2023-01-01,2023-01-10,2023-12-23,0.0,0.1899221258757287,0.5909090909090909,1.6067415730337078,1.606741573033708,94.65919014008496,94.65919014008496,67.50956404541951,0.5642898680294824,0.8850574712643678,0.8,0.2387408602823887
annual_or_march_by_cutoff,KZT,age_fallback_minimax,242,,0.2037210805926204,46.0,1.5959941377625793,65.03429259342151,robustness,exact_V3_extended_KZT,robustness/results/age_metrics_by_cutoff.csv,,,,,,,,,,2023-01-01,2023-01-10,2023-12-23,1.0,0.2037210805926204,0.5869565217391305,1.5959941377625793,1.5959941377625797,102.95790910399364,102.95790910399364,66.64465177821309,0.5974163533255872,0.9252873563218392,0.84,0.2387408602823887
annual_or_march_by_cutoff,KZT,age_fallback_v3,242,,0.1900214068757099,44.0,1.6067415730337078,56.735573629512785,robustness,exact_V3_extended_KZT,robustness/results/age_metrics_by_cutoff.csv,,,,,,,,,,2023-01-01,2023-01-10,2023-12-23,0.0,0.1900214068757099,0.5909090909090909,1.6067415730337078,1.606741573033708,94.65919014008496,94.65919014008496,67.50956404541951,0.5646635765033952,0.8850574712643678,0.8,0.2387408602823887
annual_or_march_by_cutoff,KZT,age_fallback_v3,242,,0.2038631012819109,48.0,1.529494382022472,55.53669658823882,robustness,exact_V3_extended_KZT,robustness/results/age_metrics_by_cutoff.csv,,,,,,,,,,2023-01-01,2023-01-10,2023-12-23,1.0,0.2038631012819109,0.5625,1.529494382022472,1.529494382022472,93.46031309881096,93.46031309881096,75.63402348186348,0.5976668290519355,0.9655172413793104,0.88,0.2387408602823887
annual_or_march_by_cutoff,KZT,age_fallback_minimax,243,,0.1948571061831971,45.0,1.4953846153846149,30.172743497426445,robustness,exact_V3_extended_KZT,robustness/results/age_metrics_by_cutoff.csv,,,,,,,,,,2024-01-01,2024-01-10,2024-12-24,0.0,0.1948571061831971,0.4,1.4953846153846149,1.4953846153846155,29.006140926253178,29.006140926253178,101.41095946938016,0.5757085055928978,0.9,0.803921568627451,0.2690777098557793
annual_or_march_by_cutoff,KZT,age_fallback_minimax,243,,0.1922437354713908,49.0,1.2207221350078492,11.655070324088651,robustness,exact_V3_extended_KZT,robustness/results/age_metrics_by_cutoff.csv,,,,,,,,,,2024-01-01,2024-01-10,2024-12-24,1.0,0.1922437354713908,0.3265306122448979,1.2207221350078492,1.2207221350078492,10.488467752915373,10.488467752915373,107.7349094338265,0.5749316252875436,0.98,0.803921568627451,0.2690777098557793
annual_or_march_by_cutoff,KZT,age_fallback_v3,243,,0.1948571061831971,45.0,1.4953846153846149,30.172743497426445,robustness,exact_V3_extended_KZT,robustness/results/age_metrics_by_cutoff.csv,,,,,,,,,,2024-01-01,2024-01-10,2024-12-24,0.0,0.1948571061831971,0.4,1.4953846153846149,1.4953846153846155,29.006140926253178,29.006140926253178,101.41095946938016,0.5757085055928978,0.9,0.803921568627451,0.2690777098557793
annual_or_march_by_cutoff,KZT,age_fallback_v3,243,,0.1922437354713908,49.0,1.2207221350078492,11.655070324088651,robustness,exact_V3_extended_KZT,robustness/results/age_metrics_by_cutoff.csv,,,,,,,,,,2024-01-01,2024-01-10,2024-12-24,1.0,0.1922437354713908,0.3265306122448979,1.2207221350078492,1.2207221350078492,10.488467752915373,10.488467752915373,107.7349094338265,0.5749316252875436,0.98,0.803921568627451,0.2690777098557793
annual_or_march_by_cutoff,KZT,age_fallback_minimax,242,,0.1454366635331572,47.0,1.823581560283689,49.36968644030655,robustness,exact_V3_extended_KZT,robustness/results/age_metrics_by_cutoff.csv,,,,,,,,,,2025-01-01,2025-01-10,2025-12-24,0.0,0.1454366635331572,0.3617021276595745,1.823581560283689,1.823581560283688,21.12338755258644,21.12338755258644,114.85257114084244,0.4529519293770966,0.9426934097421203,0.8627450980392157,0.1840789040951516
annual_or_march_by_cutoff,KZT,age_fallback_minimax,242,,0.1496594303231219,46.0,1.86322463768116,53.494174813357816,robustness,exact_V3_extended_KZT,robustness/results/age_metrics_by_cutoff.csv,,,,,,,,,,2025-01-01,2025-01-10,2025-12-24,1.0,0.1496594303231219,0.3695652173913043,1.86322463768116,1.8632246376811592,25.247875925637707,25.247875925637707,113.0980508117947,0.4643884284390061,0.9226361031518624,0.8627450980392157,0.1840789040951516
annual_or_march_by_cutoff,KZT,age_fallback_v3,242,,0.1455909886518147,47.0,1.823581560283689,49.36968644030655,robustness,exact_V3_extended_KZT,robustness/results/age_metrics_by_cutoff.csv,,,,,,,,,,2025-01-01,2025-01-10,2025-12-24,0.0,0.1455909886518147,0.3617021276595745,1.823581560283689,1.823581560283688,21.12338755258644,21.12338755258644,114.85257114084244,0.4530557207033586,0.9426934097421203,0.8627450980392157,0.1840789040951516
annual_or_march_by_cutoff,KZT,age_fallback_v3,242,,0.148386112545455,46.0,1.4248188405797106,46.87539097870624,robustness,exact_V3_extended_KZT,robustness/results/age_metrics_by_cutoff.csv,,,,,,,,,,2025-01-01,2025-01-10,2025-12-24,1.0,0.148386112545455,0.2826086956521739,1.4248188405797106,1.42481884057971,18.62909209098612,18.62909209098612,121.14224720089842,0.4620066353861095,0.9226361031518624,0.8235294117647058,0.1840789040951516
annual_or_march_by_cutoff,KZT,age_fallback_minimax,156,,0.2233309639779837,34.0,1.2074303405572755,46.9900193188629,robustness,exact_V3_extended_KZT,robustness/results/age_metrics_by_cutoff.csv,,,,,,,,,,2026-01-01,2026-01-13,2026-08-25,0.0,0.2233309639779837,0.4411764705882353,1.2074303405572755,1.2074303405572755,84.15459561058199,84.15459561058199,78.96013922245089,0.658481811387379,1.0577777777777777,0.9090909090909092,0.1391960060681202
annual_or_march_by_cutoff,KZT,age_fallback_minimax,156,,0.2363959808615269,35.0,1.0165413533834589,25.475241847228325,robustness,exact_V3_extended_KZT,robustness/results/age_metrics_by_cutoff.csv,,,,,,,,,,2026-01-01,2026-01-13,2026-08-25,1.0,0.2363959808615269,0.3714285714285714,1.0165413533834589,1.0165413533834586,62.63981813894744,62.63981813894744,96.07163285919717,0.6940215387287925,1.0888888888888888,0.8787878787878788,0.1391960060681202
annual_or_march_by_cutoff,KZT,age_fallback_v3,156,,0.2233309639779837,34.0,1.2074303405572755,46.9900193188629,robustness,exact_V3_extended_KZT,robustness/results/age_metrics_by_cutoff.csv,,,,,,,,,,2026-01-01,2026-01-13,2026-08-25,0.0,0.2233309639779837,0.4411764705882353,1.2074303405572755,1.2074303405572755,84.15459561058199,84.15459561058199,78.96013922245089,0.658481811387379,1.0577777777777777,0.9090909090909092,0.1391960060681202
annual_or_march_by_cutoff,KZT,age_fallback_v3,156,,0.2363011985782258,35.0,1.0165413533834589,25.475241847228325,robustness,exact_V3_extended_KZT,robustness/results/age_metrics_by_cutoff.csv,,,,,,,,,,2026-01-01,2026-01-13,2026-08-25,1.0,0.2363011985782258,0.3714285714285714,1.0165413533834589,1.0165413533834586,62.63981813894744,62.63981813894744,96.07163285919717,0.6936856869425037,1.0888888888888888,0.8787878787878788,0.1391960060681202
annual_or_march_by_cutoff,KZT,age_fallback_minimax,122,,0.2294251233026324,27.0,1.1296296296296295,52.76705069281965,robustness,exact_V3_extended_KZT,robustness/results/age_metrics_by_cutoff.csv,,,,,,,,,,2026-03-01,2026-03-03,2026-08-25,0.0,0.2294251233026324,0.4444444444444444,1.1296296296296295,1.1296296296296295,97.8028134262535,97.8028134262535,78.50355767225977,0.6648548449324336,1.0738636363636365,0.9230769230769232,0.1491838206123741
annual_or_march_by_cutoff,KZT,age_fallback_minimax,122,,0.2409819895926986,29.0,1.2270114942528734,14.905703932115683,robustness,exact_V3_extended_KZT,robustness/results/age_metrics_by_cutoff.csv,,,,,,,,,,2026-03-01,2026-03-03,2026-08-25,1.0,0.2409819895926986,0.4827586206896552,1.2270114942528734,1.2270114942528736,59.94146666554952,59.94146666554952,113.49014820712708,0.6936363075346754,1.1534090909090908,0.9230769230769232,0.1491838206123741
annual_or_march_by_cutoff,KZT,age_fallback_v3,122,,0.2294251233026324,27.0,1.1296296296296295,52.76705069281965,robustness,exact_V3_extended_KZT,robustness/results/age_metrics_by_cutoff.csv,,,,,,,,,,2026-03-01,2026-03-03,2026-08-25,0.0,0.2294251233026324,0.4444444444444444,1.1296296296296295,1.1296296296296295,97.8028134262535,97.8028134262535,78.50355767225977,0.6648548449324336,1.0738636363636365,0.9230769230769232,0.1491838206123741
annual_or_march_by_cutoff,KZT,age_fallback_v3,122,,0.2409488135959254,29.0,1.2270114942528734,14.905703932115683,robustness,exact_V3_extended_KZT,robustness/results/age_metrics_by_cutoff.csv,,,,,,,,,,2026-03-01,2026-03-03,2026-08-25,1.0,0.2409488135959254,0.4827586206896552,1.2270114942528734,1.2270114942528736,59.94146666554952,59.94146666554952,113.49014820712708,0.6939962975604688,1.1534090909090908,0.9230769230769232,0.1491838206123741
common_march5_onward,KZT,feature_dropout,120,,0.2216526914134714,27.0,1.134751773049645,52.09966017863536,robustness,exact_V3_extended_KZT,robustness/results/common_march5_metrics.csv,,,,,,,,,,2026-01-01,2026-03-05,2026-08-25,0.0,0.2125331359834551,0.4444444444444444,1.134751773049645,1.1347517730496453,94.36625832075237,94.36625832075237,81.36842513280486,0.6333487044165695,1.0862068965517242,0.9230769230769232,0.1403411421372463
common_march5_onward,KZT,feature_dropout,120,,0.2340663336812677,29.0,1.2325752017608211,19.26828342542765,robustness,exact_V3_extended_KZT,robustness/results/common_march5_metrics.csv,,,,,,,,,,2026-01-01,2026-03-05,2026-08-25,1.0,0.2245188240172867,0.4827586206896552,1.2325752017608211,1.2325752017608218,61.53488156754466,61.53488156754466,117.34313225420952,0.6697132491961483,1.1666666666666667,0.9615384615384616,0.1403411421372463
common_march5_onward,KZT,halyk_l1,120,,0.2283920094464092,27.0,1.134751773049645,49.983815168336186,robustness,exact_V3_extended_KZT,robustness/results/common_march5_metrics.csv,,,,,,,,,,2026-01-01,2026-03-05,2026-08-25,0.0,0.2175117921809491,0.4444444444444444,1.134751773049645,1.1347517730496453,92.2504133104532,92.2504133104532,83.10364838019414,0.6592300805466107,1.0862068965517242,0.8846153846153846,0.1397203065542565
common_march5_onward,KZT,halyk_l1,120,,0.2432612415983079,28.0,1.0030395136778112,23.60402198308728,robustness,exact_V3_extended_KZT,robustness/results/common_march5_metrics.csv,,,,,,,,,,2026-01-01,2026-03-05,2026-08-25,1.0,0.2303746907887209,0.3928571428571428,1.0030395136778112,1.0030395136778116,65.8706201252043,65.8706201252043,102.82585853987668,0.6981155632981609,1.1264367816091954,0.8846153846153846,0.1397203065542565
common_march5_onward,KZT,halyk_l2_retrained,120,,0.2497771255217436,26.0,1.178396072013093,33.81677163382742,robustness,exact_V3_extended_KZT,robustness/results/common_march5_metrics.csv,,,,,,,,,,2026-01-01,2026-03-05,2026-08-25,0.0,0.230793484105903,0.4615384615384615,1.178396072013093,1.1783960720130933,76.08336977594443,76.08336977594443,110.5594090371631,0.7176299941095785,1.0459770114942528,0.8846153846153846,0.1772187608983695
common_march5_onward,KZT,halyk_l2_retrained,120,,0.2538803630030307,27.0,1.2293144208037825,25.66503999620683,robustness,exact_V3_extended_KZT,robustness/results/common_march5_metrics.csv,,,,,,,,,,2026-01-01,2026-03-05,2026-08-25,1.0,0.2361162824792021,0.4814814814814814,1.2293144208037825,1.2293144208037825,67.93163813832383,67.93163813832383,112.90347663180374,0.7335206251798213,1.0862068965517242,0.9230769230769232,0.1772187608983695
common_march5_onward,KZT,lag_augmentation,120,,0.2410568399891317,28.0,1.276595744680851,25.03591391469695,robustness,exact_V3_extended_KZT,robustness/results/common_march5_metrics.csv,,,,,,,,,,2026-01-01,2026-03-05,2026-08-25,0.0,0.2268373673635125,0.5,1.276595744680851,1.2765957446808511,67.30251205681397,67.30251205681397,113.84081423468014,0.6896920915859781,1.1264367816091954,0.9230769230769232,0.1619298503649081
common_march5_onward,KZT,lag_augmentation,120,,0.2469082759172488,27.0,1.2293144208037825,25.83263077843117,robustness,exact_V3_extended_KZT,robustness/results/common_march5_metrics.csv,,,,,,,,,,2026-01-01,2026-03-05,2026-08-25,1.0,0.2323182231630193,0.4814814814814814,1.2293144208037825,1.2293144208037825,68.09922892054817,68.09922892054817,112.90347663180374,0.7070119837343695,1.0862068965517242,0.9230769230769232,0.1619298503649081
common_march5_onward,KZT,lag_ensemble,120,,0.2375405506234789,26.0,1.276595744680851,47.32844451291271,robustness,exact_V3_extended_KZT,robustness/results/common_march5_metrics.csv,,,,,,,,,,2026-01-01,2026-03-05,2026-08-25,0.0,0.2224651615903042,0.5,1.276595744680851,1.2765957446808511,89.59504265502973,89.59504265502973,83.5108619611923,0.6814237900703508,1.0459770114942528,0.8461538461538461,0.1629897616915216
common_march5_onward,KZT,lag_ensemble,120,,0.2465953294432662,28.0,1.367781155015197,27.05531233992243,robustness,exact_V3_extended_KZT,robustness/results/common_march5_metrics.csv,,,,,,,,,,2026-01-01,2026-03-05,2026-08-25,1.0,0.2316059617729361,0.5357142857142857,1.367781155015197,1.3677811550151977,69.32191048203946,69.32191048203946,110.44152057911292,0.7090570155888917,1.1264367816091954,0.9230769230769232,0.1629897616915216
common_march5_onward,KZT,minimax_shrink_v3,120,,0.2346058996296379,28.0,1.367781155015197,42.77037744339317,robustness,exact_V3_extended_KZT,robustness/results/common_march5_metrics.csv,,,,,,,,,,2026-01-01,2026-03-05,2026-08-25,0.0,0.2346058996296379,0.5357142857142857,1.367781155015197,1.3677811550151977,85.03697558551019,85.03697558551019,97.42873722392584,0.6714936121835435,1.1264367816091954,0.9615384615384616,0.1749200988100614
common_march5_onward,KZT,minimax_shrink_v3,120,,0.2381174847354727,29.0,1.1445341159207625,12.158943021470352,robustness,exact_V3_extended_KZT,robustness/results/common_march5_metrics.csv,,,,,,,,,,2026-01-01,2026-03-05,2026-08-25,1.0,0.2381174847354727,0.4482758620689655,1.1445341159207625,1.1445341159207632,54.42554116358737,54.42554116358737,125.13195052652576,0.6808355594111725,1.1666666666666667,0.9615384615384616,0.1749200988100614
common_march5_onward,KZT,v3_long_globalcal,120,,0.2388427608856174,27.0,1.2293144208037825,31.43210641152432,robustness,exact_V3_extended_KZT,robustness/results/common_march5_metrics.csv,,,,,,,,,,2026-01-01,2026-03-05,2026-08-25,0.0,0.2327659941641469,0.4814814814814814,1.2293144208037825,1.2293144208037825,73.69870455364133,73.69870455364133,104.40014054622252,0.6820019515314353,1.0862068965517242,0.9615384615384616,0.1932838568673744
common_march5_onward,KZT,v3_long_globalcal,120,,0.2388427608856174,27.0,1.2293144208037825,31.43210641152432,robustness,exact_V3_extended_KZT,robustness/results/common_march5_metrics.csv,,,,,,,,,,2026-01-01,2026-03-05,2026-08-25,1.0,0.2327659941641469,0.4814814814814814,1.2293144208037825,1.2293144208037825,73.69870455364133,73.69870455364133,104.40014054622252,0.6820019515314353,1.0862068965517242,0.9615384615384616,0.1932838568673744
common_march5_onward,KZT,v3_long_localcal,120,,0.2467214326201073,27.0,1.2293144208037825,31.43210641152432,robustness,exact_V3_extended_KZT,robustness/results/common_march5_metrics.csv,,,,,,,,,,2026-01-01,2026-03-05,2026-08-25,0.0,0.2327659941641469,0.4814814814814814,1.2293144208037825,1.2293144208037825,73.69870455364133,73.69870455364133,104.40014054622252,0.703121164851374,1.0862068965517242,0.9615384615384616,0.1740302775627423
common_march5_onward,KZT,v3_long_localcal,120,,0.2467214326201073,27.0,1.2293144208037825,31.43210641152432,robustness,exact_V3_extended_KZT,robustness/results/common_march5_metrics.csv,,,,,,,,,,2026-01-01,2026-03-05,2026-08-25,1.0,0.2327659941641469,0.4814814814814814,1.2293144208037825,1.2293144208037825,73.69870455364133,73.69870455364133,104.40014054622252,0.703121164851374,1.0862068965517242,0.9615384615384616,0.1740302775627423
common_march5_onward,KZT,feature_dropout,120,,0.2232302638164864,27.0,1.134751773049645,49.983815168336186,robustness,exact_V3_extended_KZT,robustness/results/common_march5_metrics.csv,,,,,,,,,,2026-03-01,2026-03-05,2026-08-25,0.0,0.2166767315416464,0.4444444444444444,1.134751773049645,1.1347517730496453,92.2504133104532,92.2504133104532,83.10364838019414,0.6368728773046182,1.0862068965517242,0.8846153846153846,0.1761223852974115
common_march5_onward,KZT,feature_dropout,120,,0.2339083548984933,28.0,1.0030395136778112,23.60402198308728,robustness,exact_V3_extended_KZT,robustness/results/common_march5_metrics.csv,,,,,,,,,,2026-03-01,2026-03-05,2026-08-25,1.0,0.2278886778848896,0.3928571428571428,1.0030395136778112,1.0030395136778116,65.8706201252043,65.8706201252043,102.82585853987668,0.6670476921787843,1.1264367816091954,0.8846153846153846,0.1761223852974115
common_march5_onward,KZT,halyk_l1,120,,0.2256372996807131,27.0,1.134751773049645,55.53621528413647,robustness,exact_V3_extended_KZT,robustness/results/common_march5_metrics.csv,,,,,,,,,,2026-03-01,2026-03-05,2026-08-25,0.0,0.2202133299340434,0.4444444444444444,1.134751773049645,1.1347517730496453,97.8028134262535,97.8028134262535,78.50355767225977,0.6515926430629697,1.0862068965517242,0.9230769230769232,0.1494162691939143
common_march5_onward,KZT,halyk_l1,120,,0.2384534975637199,29.0,1.2325752017608211,15.063116729154622,robustness,exact_V3_extended_KZT,robustness/results/common_march5_metrics.csv,,,,,,,,,,2026-03-01,2026-03-05,2026-08-25,1.0,0.2318687100271459,0.4827586206896552,1.2325752017608211,1.2325752017608218,57.32971487127163,57.32971487127163,118.49408799414424,0.6833952362127701,1.1666666666666667,0.9615384615384616,0.1494162691939143
common_march5_onward,KZT,halyk_l2_retrained,120,,0.2426889950488083,28.0,1.0942249240121578,22.41865835724144,robustness,exact_V3_extended_KZT,robustness/results/common_march5_metrics.csv,,,,,,,,,,2026-03-01,2026-03-05,2026-08-25,0.0,0.2305614568595956,0.4285714285714285,1.0942249240121578,1.094224924012158,64.68525649935846,64.68525649935846,114.87140745080362,0.6918227945624268,1.1264367816091954,0.9615384615384616,0.1967058017168197
common_march5_onward,KZT,halyk_l2_retrained,120,,0.2450457584751029,28.0,1.185410334346504,22.28197688176038,robustness,exact_V3_extended_KZT,robustness/results/common_march5_metrics.csv,,,,,,,,,,2026-03-01,2026-03-05,2026-08-25,1.0,0.2339595788089171,0.4642857142857143,1.185410334346504,1.1854103343465046,64.54857502387738,64.54857502387738,114.56494637996578,0.7001853539737866,1.1264367816091954,0.9230769230769232,0.1967058017168197
common_march5_onward,KZT,lag_augmentation,120,,0.2373664798195277,28.0,1.367781155015197,42.1685479844561,robustness,exact_V3_extended_KZT,robustness/results/common_march5_metrics.csv,,,,,,,,,,2026-03-01,2026-03-05,2026-08-25,0.0,0.2274250554755855,0.5357142857142857,1.367781155015197,1.3677811550151977,84.43514612657312,84.43514612657312,96.57660658272115,0.6750757681587487,1.1264367816091954,0.9615384615384616,0.1564240192868101
common_march5_onward,KZT,lag_augmentation,120,,0.2421973281469377,29.0,1.3206162876008798,26.146465393262247,robustness,exact_V3_extended_KZT,robustness/results/common_march5_metrics.csv,,,,,,,,,,2026-03-01,2026-03-05,2026-08-25,1.0,0.2327280915107904,0.5172413793103449,1.3206162876008798,1.3206162876008805,68.41306353537925,68.41306353537925,115.68079742265832,0.6898408440654543,1.1666666666666667,0.9615384615384616,0.1564240192868101
common_march5_onward,KZT,lag_ensemble,120,,0.2337269029012452,29.0,1.0564930300807038,25.014024085743277,robustness,exact_V3_extended_KZT,robustness/results/common_march5_metrics.csv,,,,,,,,,,2026-03-01,2026-03-05,2026-08-25,0.0,0.2240966882771709,0.4137931034482758,1.0564930300807038,1.0564930300807045,67.28062222786029,67.28062222786029,107.34190671187244,0.6679829960696282,1.1666666666666667,0.9615384615384616,0.1278467510453599
common_march5_onward,KZT,lag_ensemble,120,,0.2405248235918073,29.0,1.0564930300807038,17.550542415759605,robustness,exact_V3_extended_KZT,robustness/results/common_march5_metrics.csv,,,,,,,,,,2026-03-01,2026-03-05,2026-08-25,1.0,0.2315329240189341,0.4137931034482758,1.0564930300807038,1.0564930300807045,59.81714055787663,59.81714055787663,120.77036829402446,0.6867546352313312,1.1666666666666667,0.9230769230769232,0.1278467510453599
common_march5_onward,KZT,minimax_shrink_v3,120,,0.2344441153311248,28.0,1.185410334346504,28.283300701180146,robustness,exact_V3_extended_KZT,robustness/results/common_march5_metrics.csv,,,,,,,,,,2026-03-01,2026-03-05,2026-08-25,0.0,0.2344441153311248,0.4642857142857143,1.185410334346504,1.1854103343465046,70.54989884329716,70.54989884329716,107.21743151007426,0.6734875846544377,1.1264367816091954,0.9615384615384616,0.186512039985104
common_march5_onward,KZT,minimax_shrink_v3,120,,0.2374662802555331,28.0,1.185410334346504,24.570765931240945,robustness,exact_V3_extended_KZT,robustness/results/common_march5_metrics.csv,,,,,,,,,,2026-03-01,2026-03-05,2026-08-25,1.0,0.2374662802555331,0.4642857142857143,1.185410334346504,1.1854103343465046,66.83736407335796,66.83736407335796,113.29514466431333,0.6815374358467289,1.1264367816091954,0.9615384615384616,0.186512039985104
common_march5_onward,KZT,v3_long_globalcal,120,,0.2389617884392915,27.0,1.134751773049645,28.576171710701193,robustness,exact_V3_extended_KZT,robustness/results/common_march5_metrics.csv,,,,,,,,,,2026-03-01,2026-03-05,2026-08-25,0.0,0.2353297265390336,0.4444444444444444,1.134751773049645,1.1347517730496453,70.84276985281822,70.84276985281822,105.1510924005928,0.6857057245316116,1.0862068965517242,0.9615384615384616,0.1940868836753906
common_march5_onward,KZT,v3_long_globalcal,120,,0.2389617884392915,27.0,1.134751773049645,28.576171710701193,robustness,exact_V3_extended_KZT,robustness/results/common_march5_metrics.csv,,,,,,,,,,2026-03-01,2026-03-05,2026-08-25,1.0,0.2353297265390336,0.4444444444444444,1.134751773049645,1.1347517730496453,70.84276985281822,70.84276985281822,105.1510924005928,0.6857057245316116,1.0862068965517242,0.9615384615384616,0.1940868836753906
common_march5_onward,KZT,v3_long_localcal,120,,0.2439309746169343,27.0,1.134751773049645,28.576171710701193,robustness,exact_V3_extended_KZT,robustness/results/common_march5_metrics.csv,,,,,,,,,,2026-03-01,2026-03-05,2026-08-25,0.0,0.2353297265390336,0.4444444444444444,1.134751773049645,1.1347517730496453,70.84276985281822,70.84276985281822,105.1510924005928,0.6924072415785306,1.0862068965517242,0.9615384615384616,0.1967091415731794
common_march5_onward,KZT,v3_long_localcal,120,,0.2439309746169343,27.0,1.134751773049645,28.576171710701193,robustness,exact_V3_extended_KZT,robustness/results/common_march5_metrics.csv,,,,,,,,,,2026-03-01,2026-03-05,2026-08-25,1.0,0.2353297265390336,0.4444444444444444,1.134751773049645,1.1347517730496453,70.84276985281822,70.84276985281822,105.1510924005928,0.6924072415785306,1.0862068965517242,0.9615384615384616,0.1967091415731794
common_march5_onward,KZT,age_fallback_minimax,120,,0.2283920094464092,27.0,1.134751773049645,49.983815168336186,robustness,exact_V3_extended_KZT,robustness/results/age_common_march5_metrics.csv,,,,,,,,,,2026-01-01,2026-03-05,2026-08-25,0.0,0.2283920094464092,0.4444444444444444,1.134751773049645,1.1347517730496453,92.2504133104532,92.2504133104532,83.10364838019414,0.6592300805466107,1.0862068965517242,0.8846153846153846,0.1391960060681202
common_march5_onward,KZT,age_fallback_minimax,120,,0.2415808604357154,28.0,1.0030395136778112,23.60402198308728,robustness,exact_V3_extended_KZT,robustness/results/age_common_march5_metrics.csv,,,,,,,,,,2026-01-01,2026-03-05,2026-08-25,1.0,0.2415808604357154,0.3928571428571428,1.0030395136778112,1.0030395136778116,65.8706201252043,65.8706201252043,102.82585853987668,0.6924225581178975,1.1264367816091954,0.8846153846153846,0.1391960060681202
common_march5_onward,KZT,age_fallback_v3,120,,0.2283920094464092,27.0,1.134751773049645,49.983815168336186,robustness,exact_V3_extended_KZT,robustness/results/age_common_march5_metrics.csv,,,,,,,,,,2026-01-01,2026-03-05,2026-08-25,0.0,0.2283920094464092,0.4444444444444444,1.134751773049645,1.1347517730496453,92.2504133104532,92.2504133104532,83.10364838019414,0.6592300805466107,1.0862068965517242,0.8846153846153846,0.1391960060681202
common_march5_onward,KZT,age_fallback_v3,120,,0.2414256854551791,28.0,1.0030395136778112,23.60402198308728,robustness,exact_V3_extended_KZT,robustness/results/age_common_march5_metrics.csv,,,,,,,,,,2026-01-01,2026-03-05,2026-08-25,1.0,0.2414256854551791,0.3928571428571428,1.0030395136778112,1.0030395136778116,65.8706201252043,65.8706201252043,102.82585853987668,0.6917991386592683,1.1264367816091954,0.8846153846153846,0.1391960060681202
common_march5_onward,KZT,age_fallback_minimax,120,,0.2256372996807131,27.0,1.134751773049645,55.53621528413647,robustness,exact_V3_extended_KZT,robustness/results/age_common_march5_metrics.csv,,,,,,,,,,2026-03-01,2026-03-05,2026-08-25,0.0,0.2256372996807131,0.4444444444444444,1.134751773049645,1.1347517730496453,97.8028134262535,97.8028134262535,78.50355767225977,0.6515926430629697,1.0862068965517242,0.9230769230769232,0.1491838206123741
common_march5_onward,KZT,age_fallback_minimax,120,,0.2375978800544329,29.0,1.2325752017608211,17.674868523432515,robustness,exact_V3_extended_KZT,robustness/results/age_common_march5_metrics.csv,,,,,,,,,,2026-03-01,2026-03-05,2026-08-25,1.0,0.2375978800544329,0.4827586206896552,1.2325752017608211,1.2325752017608218,59.94146666554952,59.94146666554952,113.49014820712708,0.6824776715479611,1.1666666666666667,0.9230769230769232,0.1491838206123741
common_march5_onward,KZT,age_fallback_v3,120,,0.2256372996807131,27.0,1.134751773049645,55.53621528413647,robustness,exact_V3_extended_KZT,robustness/results/age_common_march5_metrics.csv,,,,,,,,,,2026-03-01,2026-03-05,2026-08-25,0.0,0.2256372996807131,0.4444444444444444,1.134751773049645,1.1347517730496453,97.8028134262535,97.8028134262535,78.50355767225977,0.6515926430629697,1.0862068965517242,0.9230769230769232,0.1491838206123741
common_march5_onward,KZT,age_fallback_v3,120,,0.2376027350043547,29.0,1.2325752017608211,17.674868523432515,robustness,exact_V3_extended_KZT,robustness/results/age_common_march5_metrics.csv,,,,,,,,,,2026-03-01,2026-03-05,2026-08-25,1.0,0.2376027350043547,0.4827586206896552,1.2325752017608211,1.2325752017608218,59.94146666554952,59.94146666554952,113.49014820712708,0.6829573779716321,1.1666666666666667,0.9230769230769232,0.1491838206123741
