date,corridor,rub_per_unit,nominal,cbr_value
2010-01-12,AMD,0.0779042,1000,77.9042
2010-01-13,AMD,0.0778209,1000,77.8209
2010-01-14,AMD,0.078467,1000,78.467
2010-01-15,AMD,0.07795999999999999,1000,77.96
2010-01-16,AMD,0.0782536,1000,78.2536
2010-01-19,AMD,0.0785048,1000,78.5048
2010-01-20,AMD,0.0781944,1000,78.1944
2010-01-21,AMD,0.0787642,1000,78.7642
2010-01-22,AMD,0.07877819999999999,1000,78.7782
2010-01-23,AMD,0.0787186,1000,78.7186
2010-01-26,AMD,0.0795627,1000,79.5627
2010-01-27,AMD,0.0801947,1000,80.1947
2010-01-28,AMD,0.080244,1000,80.244
2010-01-29,AMD,0.0805922,1000,80.5922
2010-01-30,AMD,0.0808266,1000,80.8266
2010-02-02,AMD,0.0807426,1000,80.7426
2010-02-03,AMD,0.0802206,1000,80.2206
2010-02-04,AMD,0.0790944,1000,79.0944
2010-02-05,AMD,0.0792222,1000,79.2222
2010-02-06,AMD,0.0805995,1000,80.5995
2010-02-09,AMD,0.08067629999999999,1000,80.6763
2010-02-10,AMD,0.0801412,1000,80.1412
2010-02-11,AMD,0.07970010000000001,1000,79.7001
2010-02-12,AMD,0.0791708,1000,79.1708
2010-02-13,AMD,0.07921080000000001,1000,79.2108
2010-02-16,AMD,0.0792674,1000,79.2674
2010-02-17,AMD,0.0789452,1000,78.9452
2010-02-18,AMD,0.0785743,1000,78.5743
2010-02-19,AMD,0.0788836,1000,78.8836
2010-02-20,AMD,0.078981,1000,78.981
2010-02-25,AMD,0.0785122,1000,78.5122
2010-02-26,AMD,0.07836270000000001,1000,78.3627
2010-02-27,AMD,0.07807359999999999,1000,78.0736
2010-02-28,AMD,0.07793989999999999,1000,77.9399
2010-03-02,AMD,0.07784139999999999,1000,77.8414
2010-03-03,AMD,0.0777133,1000,77.7133
2010-03-04,AMD,0.0773887,1000,77.3887
2010-03-05,AMD,0.07710850000000001,1000,77.1085
2010-03-06,AMD,0.0767501,1000,76.7501
2010-03-10,AMD,0.0763797,1000,76.3797
2010-03-11,AMD,0.0761201,1000,76.1201
2010-03-12,AMD,0.0753529,1000,75.3529
2010-03-13,AMD,0.0748782,1000,74.8782
2010-03-16,AMD,0.07417270000000001,1000,74.1727
2010-03-17,AMD,0.0742567,1000,74.2567
2010-03-18,AMD,0.07298180000000001,1000,72.9818
2010-03-19,AMD,0.0717993,1000,71.7993
2010-03-20,AMD,0.0725968,1000,72.5968
2010-03-23,AMD,0.0729823,1000,72.9823
2010-03-24,AMD,0.074047,1000,74.047
2010-03-25,AMD,0.0753539,1000,75.3539
2010-03-26,AMD,0.07565609999999999,1000,75.6561
2010-03-27,AMD,0.0747195,1000,74.7195
2010-03-30,AMD,0.0746841,1000,74.6841
2010-03-31,AMD,0.0734554,1000,73.4554
2010-04-01,AMD,0.07328100000000001,1000,73.281
2010-04-02,AMD,0.07369060000000001,1000,73.6906
2010-04-03,AMD,0.0726851,1000,72.6851
2010-04-06,AMD,0.0726609,1000,72.6609
2010-04-07,AMD,0.0729217,1000,72.9217
2010-04-08,AMD,0.0731893,1000,73.1893
2010-04-09,AMD,0.0737312,1000,73.7312
2010-04-10,AMD,0.0740018,1000,74.0018
2010-04-13,AMD,0.0729038,1000,72.9038
2010-04-14,AMD,0.0730299,1000,73.0299
2010-04-15,AMD,0.07339079999999999,1000,73.3908
2010-04-16,AMD,0.0734289,1000,73.4289
2010-04-17,AMD,0.0739682,1000,73.9682
2010-04-20,AMD,0.0738694,1000,73.8694
2010-04-21,AMD,0.07376730000000001,1000,73.7673
2010-04-22,AMD,0.07397480000000001,1000,73.9748
2010-04-23,AMD,0.07464140000000001,1000,74.6414
2010-04-24,AMD,0.0751105,1000,75.1105
2010-04-27,AMD,0.0745373,1000,74.5373
2010-04-28,AMD,0.0748064,1000,74.8064
2010-04-29,AMD,0.0761636,1000,76.1636
2010-04-30,AMD,0.0759264,1000,75.9264
2010-05-01,AMD,0.0758224,1000,75.8224
2010-05-05,AMD,0.0761487,1000,76.1487
2010-05-06,AMD,0.0769441,1000,76.9441
2010-05-07,AMD,0.0783377,1000,78.3377
2010-05-08,AMD,0.0791225,1000,79.1225
2010-05-12,AMD,0.0778485,1000,77.8485
2010-05-13,AMD,0.0774979,1000,77.4979
2010-05-14,AMD,0.0768095,1000,76.8095
2010-05-15,AMD,0.0778188,1000,77.8188
2010-05-18,AMD,0.0798403,1000,79.8403
2010-05-19,AMD,0.07925579999999999,1000,79.2558
2010-05-20,AMD,0.07957299999999999,1000,79.573
2010-05-21,AMD,0.0796176,1000,79.6176
2010-05-22,AMD,0.080356,1000,80.356
2010-05-25,AMD,0.08019580000000001,1000,80.1958
2010-05-26,AMD,0.0820073,1000,82.0073
2010-05-27,AMD,0.0824016,1000,82.4016
2010-05-28,AMD,0.08136650000000001,1000,81.3665
2010-05-29,AMD,0.0804633,1000,80.4633
2010-06-01,AMD,0.0810547,1000,81.0547
2010-06-02,AMD,0.0820877,1000,82.0877
2010-06-03,AMD,0.0827321,1000,82.7321
2010-06-04,AMD,0.0818921,1000,81.8921
2010-06-05,AMD,0.0817592,1000,81.7592
2010-06-08,AMD,0.0844085,1000,84.4085
2010-06-09,AMD,0.0837616,1000,83.7616
2010-06-10,AMD,0.084165,1000,84.165
2010-06-11,AMD,0.0839181,1000,83.9181
2010-06-12,AMD,0.084027,1000,84.027
2010-06-16,AMD,0.08400400000000001,1000,84.004
2010-06-17,AMD,0.08297360000000001,1000,82.9736
2010-06-18,AMD,0.0832165,1000,83.2165
2010-06-19,AMD,0.0830215,1000,83.0215
2010-06-22,AMD,0.0828213,1000,82.8213
2010-06-23,AMD,0.0835592,1000,83.5592
2010-06-24,AMD,0.0839279,1000,83.9279
2010-06-25,AMD,0.0838807,1000,83.8807
2010-06-26,AMD,0.0842171,1000,84.2171
2010-06-29,AMD,0.0840225,1000,84.0225
2010-06-30,AMD,0.0847701,1000,84.7701
2010-07-01,AMD,0.0852226,1000,85.2226
2010-07-02,AMD,0.0853614,1000,85.3614
2010-07-03,AMD,0.0844799,1000,84.4799
2010-07-06,AMD,0.0843154,1000,84.3154
2010-07-07,AMD,0.08420140000000001,1000,84.2014
2010-07-08,AMD,0.084375,1000,84.375
2010-07-09,AMD,0.08421200000000001,1000,84.212
2010-07-10,AMD,0.0844864,1000,84.4864
2010-07-13,AMD,0.0845511,1000,84.5511
2010-07-14,AMD,0.0842438,1000,84.2438
2010-07-15,AMD,0.0834399,1000,83.4399
2010-07-16,AMD,0.0837312,1000,83.7312
2010-07-17,AMD,0.08391599999999999,1000,83.916
2010-07-20,AMD,0.08428369999999999,1000,84.2837
2010-07-21,AMD,0.08353239999999999,1000,83.5324
2010-07-22,AMD,0.0833038,1000,83.3038
2010-07-23,AMD,0.08344629999999999,1000,83.4463
2010-07-24,AMD,0.0827899,1000,82.7899
2010-07-27,AMD,0.0823386,1000,82.3386
2010-07-28,AMD,0.0817273,1000,81.7273
2010-07-29,AMD,0.0815843,1000,81.5843
2010-07-30,AMD,0.0814482,1000,81.4482
2010-07-31,AMD,0.0814761,1000,81.4761
2010-08-03,AMD,0.0819718,1000,81.9718
2010-08-04,AMD,0.0815459,1000,81.5459
2010-08-05,AMD,0.0812428,1000,81.2428
2010-08-06,AMD,0.0814269,1000,81.4269
2010-08-07,AMD,0.0817853,1000,81.7853
2010-08-10,AMD,0.0818069,1000,81.8069
2010-08-11,AMD,0.0820886,1000,82.0886
2010-08-12,AMD,0.08207880000000001,1000,82.0788
2010-08-13,AMD,0.08285519999999999,1000,82.8552
2010-08-14,AMD,0.082719,1000,82.719
2010-08-17,AMD,0.0830473,1000,83.0473
2010-08-18,AMD,0.082861,1000,82.861
2010-08-19,AMD,0.08273470000000001,1000,82.7347
2010-08-20,AMD,0.0829506,1000,82.9506
2010-08-21,AMD,0.0834174,1000,83.4174
2010-08-24,AMD,0.0839619,1000,83.9619
2010-08-25,AMD,0.0839752,1000,83.9752
2010-08-26,AMD,0.0840702,1000,84.0702
2010-08-27,AMD,0.0837573,1000,83.7573
2010-08-28,AMD,0.0839286,1000,83.9286
2010-08-31,AMD,0.084011,1000,84.011
2010-09-01,AMD,0.0849158,1000,84.9158
2010-09-02,AMD,0.0843261,1000,84.3261
2010-09-03,AMD,0.08389830000000001,1000,83.8983
2010-09-04,AMD,0.0837441,1000,83.7441
2010-09-07,AMD,0.08365829999999999,1000,83.6583
2010-09-08,AMD,0.0844283,1000,84.4283
2010-09-09,AMD,0.0846807,1000,84.6807
2010-09-10,AMD,0.084603,1000,84.603
2010-09-11,AMD,0.0849311,1000,84.9311
2010-09-14,AMD,0.0845264,1000,84.5264
2010-09-15,AMD,0.0845865,1000,84.5865
2010-09-16,AMD,0.0846268,1000,84.6268
2010-09-17,AMD,0.0853433,1000,85.3433
2010-09-18,AMD,0.08533320000000001,1000,85.3332
2010-09-21,AMD,0.0852881,1000,85.2881
2010-09-22,AMD,0.08556480000000001,1000,85.5648
2010-09-23,AMD,0.0852341,1000,85.2341
2010-09-24,AMD,0.0855258,1000,85.5258
2010-09-25,AMD,0.0853738,1000,85.3738
2010-09-28,AMD,0.0843884,1000,84.3884
2010-09-29,AMD,0.0843011,1000,84.3011
2010-09-30,AMD,0.0839862,1000,83.9862
2010-10-01,AMD,0.0846397,1000,84.6397
2010-10-02,AMD,0.08463079999999999,1000,84.6308
2010-10-05,AMD,0.0846523,1000,84.6523
2010-10-06,AMD,0.0844858,1000,84.4858
2010-10-07,AMD,0.0830935,1000,83.0935
2010-10-08,AMD,0.082315,1000,82.315
2010-10-09,AMD,0.08307940000000001,1000,83.0794
2010-10-12,AMD,0.0825791,1000,82.5791
2010-10-13,AMD,0.0832562,1000,83.2562
2010-10-14,AMD,0.0835119,1000,83.5119
2010-10-15,AMD,0.0829127,1000,82.9127
2010-10-16,AMD,0.0835626,1000,83.5626
2010-10-19,AMD,0.0847881,1000,84.7881
2010-10-20,AMD,0.0843692,1000,84.3692
2010-10-21,AMD,0.085428,1000,85.428
2010-10-22,AMD,0.08537439999999999,1000,85.3744
2010-10-23,AMD,0.0847747,1000,84.7747
2010-10-26,AMD,0.0840773,1000,84.0773
2010-10-27,AMD,0.0845619,1000,84.5619
2010-10-28,AMD,0.0852669,1000,85.2669
2010-10-29,AMD,0.0855749,1000,85.5749
2010-10-30,AMD,0.0862244,1000,86.2244
2010-11-02,AMD,0.0862011,1000,86.2011
2010-11-03,AMD,0.086258,1000,86.258
2010-11-04,AMD,0.08619299999999999,1000,86.193
2010-11-09,AMD,0.0853857,1000,85.3857
2010-11-10,AMD,0.0855473,1000,85.5473
2010-11-11,AMD,0.08507970000000001,1000,85.0797
2010-11-12,AMD,0.0835337,1000,83.5337
2010-11-13,AMD,0.0847136,1000,84.7136
2010-11-14,AMD,0.08507970000000001,1000,85.0797
2010-11-16,AMD,0.08513989999999999,1000,85.1399
2010-11-17,AMD,0.0859682,1000,85.9682
2010-11-18,AMD,0.0869589,1000,86.9589
2010-11-19,AMD,0.0867869,1000,86.7869
2010-11-20,AMD,0.086089,1000,86.089
2010-11-23,AMD,0.08597780000000001,1000,85.9778
2010-11-24,AMD,0.0864846,1000,86.4846
2010-11-25,AMD,0.08656399999999999,1000,86.564
2010-11-26,AMD,0.08678,1000,86.78
2010-11-27,AMD,0.0874586,1000,87.4586
2010-11-30,AMD,0.08732519999999999,1000,87.3252
2010-12-01,AMD,0.0874017,1000,87.4017
2010-12-02,AMD,0.087742,1000,87.742
2010-12-03,AMD,0.0874527,1000,87.4527
2010-12-04,AMD,0.0872081,1000,87.2081
2010-12-07,AMD,0.0872711,1000,87.2711
2010-12-08,AMD,0.0870957,1000,87.0957
2010-12-09,AMD,0.0871492,1000,87.1492
2010-12-10,AMD,0.0864243,1000,86.4243
2010-12-11,AMD,0.08608199999999999,1000,86.082
2010-12-14,AMD,0.08619410000000001,1000,86.1941
2010-12-15,AMD,0.0857593,1000,85.7593
2010-12-16,AMD,0.084979,1000,84.979
2010-12-17,AMD,0.0849525,1000,84.9525
2010-12-18,AMD,0.0847188,1000,84.7188
2010-12-21,AMD,0.085485,1000,85.485
2010-12-22,AMD,0.0858067,1000,85.8067
2010-12-23,AMD,0.0857465,1000,85.7465
2010-12-24,AMD,0.085215,1000,85.215
2010-12-25,AMD,0.0851749,1000,85.1749
2010-12-28,AMD,0.084231,1000,84.231
2010-12-29,AMD,0.08374,1000,83.74
2010-12-30,AMD,0.0838073,1000,83.8073
2010-12-31,AMD,0.0841322,1000,84.1322
2011-01-01,AMD,0.08378329999999999,1000,83.7833
2011-01-12,AMD,0.0842022,1000,84.2022
2011-01-13,AMD,0.0834559,1000,83.4559
2011-01-14,AMD,0.0825699,1000,82.5699
2011-01-15,AMD,0.08195910000000001,1000,81.9591
2011-01-18,AMD,0.0822367,1000,82.2367
2011-01-19,AMD,0.0816838,1000,81.6838
2011-01-20,AMD,0.0810467,1000,81.0467
2011-01-21,AMD,0.08102129999999999,1000,81.0213
2011-01-22,AMD,0.0816823,1000,81.6823
2011-01-25,AMD,0.08145050000000001,1000,81.4505
2011-01-26,AMD,0.08174160000000001,1000,81.7416
2011-01-27,AMD,0.0816933,1000,81.6933
2011-01-28,AMD,0.0820852,1000,82.0852
2011-01-29,AMD,0.081621,1000,81.621
2011-02-01,AMD,0.0819857,1000,81.9857
2011-02-02,AMD,0.0813329,1000,81.3329
2011-02-03,AMD,0.0804647,1000,80.4647
2011-02-04,AMD,0.0802211,1000,80.2211
2011-02-05,AMD,0.0806128,1000,80.6128
2011-02-08,AMD,0.0804958,1000,80.4958
2011-02-09,AMD,0.0803157,1000,80.3157
2011-02-10,AMD,0.080719,1000,80.719
2011-02-11,AMD,0.0807013,1000,80.7013
2011-02-12,AMD,0.0804942,1000,80.4942
2011-02-15,AMD,0.0803248,1000,80.3248
2011-02-16,AMD,0.0804865,1000,80.4865
2011-02-17,AMD,0.0804549,1000,80.4549
2011-02-18,AMD,0.0803757,1000,80.3757
2011-02-19,AMD,0.0804136,1000,80.4136
2011-02-22,AMD,0.0801289,1000,80.1289
2011-02-23,AMD,0.0804889,1000,80.4889
2011-02-25,AMD,0.08014589999999999,1000,80.1459
2011-02-26,AMD,0.07953959999999999,1000,79.5396
2011-03-01,AMD,0.079436,1000,79.436
2011-03-02,AMD,0.0784636,1000,78.4636
2011-03-03,AMD,0.0780578,1000,78.0578
2011-03-04,AMD,0.0772264,1000,77.2264
2011-03-05,AMD,0.07685890000000001,1000,76.8589
2011-03-06,AMD,0.0770772,1000,77.0772
2011-03-10,AMD,0.07714929999999999,1000,77.1493
2011-03-11,AMD,0.077534,1000,77.534
2011-03-12,AMD,0.0780687,1000,78.0687
2011-03-15,AMD,0.0781568,1000,78.1568
2011-03-16,AMD,0.0783267,1000,78.3267
2011-03-17,AMD,0.0776645,1000,77.6645
2011-03-18,AMD,0.0778921,1000,77.8921
2011-03-19,AMD,0.07717149999999999,1000,77.1715
2011-03-22,AMD,0.0768767,1000,76.8767
2011-03-23,AMD,0.07630379999999999,1000,76.3038
2011-03-24,AMD,0.0766125,1000,76.6125
2011-03-25,AMD,0.077178,1000,77.178
2011-03-26,AMD,0.0766428,1000,76.6428
2011-03-29,AMD,0.0771514,1000,77.1514
2011-03-30,AMD,0.0769684,1000,76.9684
2011-03-31,AMD,0.0772003,1000,77.2003
2011-04-01,AMD,0.0774371,1000,77.4371
2011-04-02,AMD,0.07703570000000001,1000,77.0357
2011-04-05,AMD,0.0766536,1000,76.6536
2011-04-06,AMD,0.07688070000000001,1000,76.8807
2011-04-07,AMD,0.07662290000000001,1000,76.6229
2011-04-08,AMD,0.07665609999999999,1000,76.6561
2011-04-09,AMD,0.0753917,1000,75.3917
2011-04-12,AMD,0.0759696,1000,75.9696
2011-04-13,AMD,0.0764307,1000,76.4307
2011-04-14,AMD,0.0763462,1000,76.3462
2011-04-15,AMD,0.0765475,1000,76.5475
2011-04-16,AMD,0.076636,1000,76.636
2011-04-19,AMD,0.07647960000000001,1000,76.4796
2011-04-20,AMD,0.0771794,1000,77.1794
2011-04-21,AMD,0.076431,1000,76.431
2011-04-22,AMD,0.07587179999999999,1000,75.8718
2011-04-23,AMD,0.0758713,1000,75.8713
2011-04-26,AMD,0.0760147,1000,76.0147
2011-04-27,AMD,0.0743408,1000,74.3408
2011-04-28,AMD,0.0738558,1000,73.8558
2011-04-29,AMD,0.0732783,1000,73.2783
2011-04-30,AMD,0.0732903,1000,73.2903
2011-05-04,AMD,0.0728442,1000,72.8442
2011-05-05,AMD,0.0729314,1000,72.9314
2011-05-06,AMD,0.0726516,1000,72.6516
2011-05-07,AMD,0.0737202,1000,73.7202
2011-05-11,AMD,0.0742558,1000,74.2558
2011-05-12,AMD,0.0736277,1000,73.6277
2011-05-13,AMD,0.0744762,1000,74.4762
2011-05-14,AMD,0.07421639999999999,1000,74.2164
2011-05-17,AMD,0.074942,1000,74.942
2011-05-18,AMD,0.0749306,1000,74.9306
2011-05-19,AMD,0.0747411,1000,74.7411
2011-05-20,AMD,0.07451250000000001,1000,74.5125
2011-05-21,AMD,0.0743891,1000,74.3891
2011-05-24,AMD,0.0755278,1000,75.5278
2011-05-25,AMD,0.0755801,1000,75.5801
2011-05-26,AMD,0.07589449999999999,1000,75.8945
2011-05-27,AMD,0.0752245,1000,75.2245
2011-05-28,AMD,0.0749276,1000,74.9276
2011-05-31,AMD,0.07479949999999999,1000,74.7995
2011-06-01,AMD,0.07456499999999999,1000,74.565
2011-06-02,AMD,0.0745322,1000,74.5322
2011-06-03,AMD,0.0747286,1000,74.7286
2011-06-04,AMD,0.07428409999999999,1000,74.2841
2011-06-07,AMD,0.0740179,1000,74.0179
2011-06-08,AMD,0.0739359,1000,73.9359
2011-06-09,AMD,0.0736785,1000,73.6785
2011-06-10,AMD,0.07372799999999999,1000,73.728
2011-06-11,AMD,0.0737643,1000,73.7643
2011-06-15,AMD,0.0743214,1000,74.3214
2011-06-16,AMD,0.0743142,1000,74.3142
2011-06-17,AMD,0.0751233,1000,75.1233
2011-06-18,AMD,0.0750907,1000,75.0907
2011-06-21,AMD,0.07509210000000001,1000,75.0921
2011-06-22,AMD,0.0748478,1000,74.8478
2011-06-23,AMD,0.07453839999999999,1000,74.5384
2011-06-24,AMD,0.07496810000000001,1000,74.9681
2011-06-25,AMD,0.07525849999999999,1000,75.2585
2011-06-28,AMD,0.0764092,1000,76.4092
2011-06-29,AMD,0.0754448,1000,75.4448
2011-06-30,AMD,0.0750188,1000,75.0188
2011-07-01,AMD,0.0744759,1000,74.4759
2011-07-02,AMD,0.0744251,1000,74.4251
2011-07-05,AMD,0.07429179999999999,1000,74.2918
2011-07-06,AMD,0.0744481,1000,74.4481
2011-07-07,AMD,0.0745242,1000,74.5242
2011-07-08,AMD,0.074777,1000,74.777
2011-07-09,AMD,0.074517,1000,74.517
2011-07-12,AMD,0.0750405,1000,75.0405
2011-07-13,AMD,0.0758429,1000,75.8429
2011-07-14,AMD,0.0754995,1000,75.4995
2011-07-15,AMD,0.0749793,1000,74.9793
2011-07-16,AMD,0.0751575,1000,75.1575
2011-07-19,AMD,0.0752906,1000,75.2906
2011-07-20,AMD,0.0752184,1000,75.2184
2011-07-21,AMD,0.0749408,1000,74.9408
2011-07-22,AMD,0.0745705,1000,74.5705
2011-07-23,AMD,0.0740599,1000,74.0599
2011-07-26,AMD,0.0741251,1000,74.1251
2011-07-27,AMD,0.07360320000000001,1000,73.6032
2011-07-28,AMD,0.0733304,1000,73.3304
2011-07-29,AMD,0.0737226,1000,73.7226
2011-07-30,AMD,0.0739602,1000,73.9602
2011-08-02,AMD,0.0735348,1000,73.5348
2011-08-03,AMD,0.074323,1000,74.323
2011-08-04,AMD,0.074548,1000,74.548
2011-08-05,AMD,0.0743973,1000,74.3973
2011-08-06,AMD,0.07572,1000,75.72
2011-08-09,AMD,0.0762084,1000,76.2084
2011-08-10,AMD,0.0786015,1000,78.6015
2011-08-11,AMD,0.0783073,1000,78.3073
2011-08-12,AMD,0.0799918,1000,79.9918
2011-08-13,AMD,0.0800685,1000,80.0685
2011-08-16,AMD,0.07847069999999999,1000,78.4707
2011-08-17,AMD,0.07805079999999999,1000,78.0508
2011-08-18,AMD,0.0780984,1000,78.0984
2011-08-19,AMD,0.0789932,1000,78.9932
2011-08-20,AMD,0.0797572,1000,79.7572
2011-08-23,AMD,0.0797153,1000,79.7153
2011-08-24,AMD,0.0788956,1000,78.8956
2011-08-25,AMD,0.0787567,1000,78.7567
2011-08-26,AMD,0.07869889999999999,1000,78.6989
2011-08-27,AMD,0.0786695,1000,78.6695
2011-08-30,AMD,0.0782311,1000,78.2311
2011-08-31,AMD,0.0786292,1000,78.6292
2011-09-01,AMD,0.0788223,1000,78.8223
2011-09-02,AMD,0.07872230000000001,1000,78.7223
2011-09-03,AMD,0.0791837,1000,79.1837
2011-09-06,AMD,0.07995529999999999,1000,79.9553
2011-09-07,AMD,0.08002889999999999,1000,80.0289
2011-09-08,AMD,0.0797041,1000,79.7041
2011-09-09,AMD,0.0790925,1000,79.0925
2011-09-10,AMD,0.0795989,1000,79.5989
2011-09-13,AMD,0.0812424,1000,81.2424
2011-09-14,AMD,0.08093080000000001,1000,80.9308
2011-09-15,AMD,0.0810796,1000,81.0796
2011-09-16,AMD,0.0814531,1000,81.4531
2011-09-17,AMD,0.0815295,1000,81.5295
2011-09-20,AMD,0.0825348,1000,82.5348
2011-09-21,AMD,0.0842139,1000,84.2139
2011-09-22,AMD,0.0839898,1000,83.9898
2011-09-23,AMD,0.08532250000000001,1000,85.3225
2011-09-24,AMD,0.0858511,1000,85.8511
2011-09-27,AMD,0.0873806,1000,87.3806
2011-09-28,AMD,0.08672969999999999,1000,86.7297
2011-09-29,AMD,0.0858785,1000,85.8785
2011-09-30,AMD,0.0856858,1000,85.6858
2011-10-01,AMD,0.0860858,1000,86.0858
2011-10-04,AMD,0.08713639999999999,1000,87.1364
2011-10-05,AMD,0.0871464,1000,87.1464
2011-10-06,AMD,0.0870331,1000,87.0331
2011-10-07,AMD,0.0866893,1000,86.6893
2011-10-08,AMD,0.085868,1000,85.868
2011-10-11,AMD,0.0851319,1000,85.1319
2011-10-12,AMD,0.0838053,1000,83.8053
2011-10-13,AMD,0.0837736,1000,83.7736
2011-10-14,AMD,0.08320369999999999,1000,83.2037
2011-10-15,AMD,0.0827959,1000,82.7959
2011-10-18,AMD,0.0819653,1000,81.9653
2011-10-19,AMD,0.0825851,1000,82.5851
2011-10-20,AMD,0.0824685,1000,82.4685
2011-10-21,AMD,0.0836768,1000,83.6768
2011-10-22,AMD,0.0835629,1000,83.5629
2011-10-25,AMD,0.0815921,1000,81.5921
2011-10-26,AMD,0.0813256,1000,81.3256
2011-10-27,AMD,0.08088150000000001,1000,80.8815
2011-10-28,AMD,0.0806456,1000,80.6456
2011-10-29,AMD,0.07898999999999999,1000,78.99
2011-11-01,AMD,0.0795892,1000,79.5892
2011-11-02,AMD,0.080857,1000,80.857
2011-11-03,AMD,0.0810647,1000,81.0647
2011-11-04,AMD,0.0814896,1000,81.4896
2011-11-08,AMD,0.0805518,1000,80.5518
2011-11-09,AMD,0.0803726,1000,80.3726
2011-11-10,AMD,0.0793236,1000,79.3236
2011-11-11,AMD,0.08053629999999999,1000,80.5363
2011-11-12,AMD,0.0795005,1000,79.5005
2011-11-15,AMD,0.0788857,1000,78.8857
2011-11-16,AMD,0.0796364,1000,79.6364
2011-11-17,AMD,0.08031690000000001,1000,80.3169
2011-11-18,AMD,0.0800357,1000,80.0357
2011-11-19,AMD,0.0805182,1000,80.5182
2011-11-22,AMD,0.08064919999999999,1000,80.6492
2011-11-23,AMD,0.08088849999999999,1000,80.8885
2011-11-24,AMD,0.0812846,1000,81.2846
2011-11-25,AMD,0.0820796,1000,82.0796
2011-11-26,AMD,0.0822365,1000,82.2365
2011-11-29,AMD,0.0818013,1000,81.8013
2011-11-30,AMD,0.08177960000000001,1000,81.7796
2011-12-01,AMD,0.0821992,1000,82.1992
2011-12-02,AMD,0.0809144,1000,80.9144
2011-12-03,AMD,0.0808129,1000,80.8129
2011-12-06,AMD,0.08106699999999999,1000,81.067
2011-12-07,AMD,0.08110200000000001,1000,81.102
2011-12-08,AMD,0.08102129999999999,1000,81.0213
2011-12-09,AMD,0.0813302,1000,81.3302
2011-12-10,AMD,0.08221120000000001,1000,82.2112
2011-12-13,AMD,0.0818057,1000,81.8057
2011-12-14,AMD,0.0829068,1000,82.9068
2011-12-15,AMD,0.0831558,1000,83.1558
2011-12-16,AMD,0.0834966,1000,83.4966
2011-12-17,AMD,0.0831678,1000,83.1678
2011-12-20,AMD,0.0838542,1000,83.8542
2011-12-21,AMD,0.08390550000000001,1000,83.9055
2011-12-22,AMD,0.0832621,1000,83.2621
2011-12-23,AMD,0.0826267,1000,82.6267
2011-12-24,AMD,0.08182590000000001,1000,81.8259
2011-12-27,AMD,0.0812135,1000,81.2135
2011-12-28,AMD,0.0808445,1000,80.8445
2011-12-29,AMD,0.0820892,1000,82.0892
2011-12-30,AMD,0.08327620000000001,1000,83.2762
2011-12-31,AMD,0.083735,1000,83.735
2012-01-11,AMD,0.08289440000000001,1000,82.8944
2012-01-12,AMD,0.081777,1000,81.777
2012-01-13,AMD,0.0815462,1000,81.5462
2012-01-14,AMD,0.0811902,1000,81.1902
2012-01-17,AMD,0.08209359999999999,1000,82.0936
2012-01-18,AMD,0.0810913,1000,81.0913
2012-01-19,AMD,0.08140080000000001,1000,81.4008
2012-01-20,AMD,0.0810237,1000,81.0237
2012-01-21,AMD,0.0805351,1000,80.5351
2012-01-24,AMD,0.0806499,1000,80.6499
2012-01-25,AMD,0.07947280000000001,1000,79.4728
2012-01-26,AMD,0.07908960000000001,1000,79.0896
2012-01-27,AMD,0.0781467,1000,78.1467
2012-01-28,AMD,0.07815340000000001,1000,78.1534
2012-01-31,AMD,0.0781588,1000,78.1588
2012-02-01,AMD,0.0783284,1000,78.3284
2012-02-02,AMD,0.0782669,1000,78.2669
2012-02-03,AMD,0.0779987,1000,77.9987
2012-02-04,AMD,0.077834,1000,77.834
2012-02-07,AMD,0.0777682,1000,77.7682
2012-02-08,AMD,0.0774443,1000,77.4443
2012-02-09,AMD,0.07642990000000001,1000,76.4299
2012-02-10,AMD,0.0763951,1000,76.3951
2012-02-11,AMD,0.0769429,1000,76.9429
2012-02-14,AMD,0.07693000000000001,1000,76.93
2012-02-15,AMD,0.0774435,1000,77.4435
2012-02-16,AMD,0.0769769,1000,76.9769
2012-02-17,AMD,0.0775605,1000,77.5605
2012-02-18,AMD,0.07711620000000001,1000,77.1162
2012-02-21,AMD,0.0765566,1000,76.5566
2012-02-22,AMD,0.07655419999999999,1000,76.5542
2012-02-23,AMD,0.0765275,1000,76.5275
2012-02-25,AMD,0.0757044,1000,75.7044
2012-02-28,AMD,0.07497140000000001,1000,74.9714
2012-02-29,AMD,0.0744224,1000,74.4224
2012-03-01,AMD,0.0746152,1000,74.6152
2012-03-02,AMD,0.0752928,1000,75.2928
2012-03-03,AMD,0.07531109999999999,1000,75.3111
2012-03-06,AMD,0.0752936,1000,75.2936
2012-03-07,AMD,0.075709,1000,75.709
2012-03-08,AMD,0.0762522,1000,76.2522
2012-03-12,AMD,0.0757451,1000,75.7451
2012-03-13,AMD,0.0760682,1000,76.0682
2012-03-14,AMD,0.0756644,1000,75.6644
2012-03-15,AMD,0.07567310000000001,1000,75.6731
2012-03-16,AMD,0.0759735,1000,75.9735
2012-03-17,AMD,0.07546989999999999,1000,75.4699
2012-03-20,AMD,0.07521850000000001,1000,75.2185
2012-03-21,AMD,0.0750713,1000,75.0713
2012-03-22,AMD,0.0752781,1000,75.2781
2012-03-23,AMD,0.0753729,1000,75.3729
2012-03-24,AMD,0.0758808,1000,75.8808
2012-03-27,AMD,0.0752409,1000,75.2409
2012-03-28,AMD,0.0743178,1000,74.3178
2012-03-29,AMD,0.07452790000000001,1000,74.5279
2012-03-30,AMD,0.0750424,1000,75.0424
2012-03-31,AMD,0.0750082,1000,75.0082
2012-04-03,AMD,0.0750106,1000,75.0106
2012-04-04,AMD,0.07482609999999999,1000,74.8261
2012-04-05,AMD,0.0752647,1000,75.2647
2012-04-06,AMD,0.0752693,1000,75.2693
2012-04-07,AMD,0.0753468,1000,75.3468
2012-04-10,AMD,0.07569809999999999,1000,75.6981
2012-04-11,AMD,0.07569830000000001,1000,75.6983
2012-04-12,AMD,0.0760773,1000,76.0773
2012-04-13,AMD,0.0754311,1000,75.4311
2012-04-14,AMD,0.0751814,1000,75.1814
2012-04-17,AMD,0.0758252,1000,75.8252
2012-04-18,AMD,0.0755078,1000,75.5078
2012-04-19,AMD,0.0751536,1000,75.1536
2012-04-20,AMD,0.0749992,1000,74.9992
2012-04-21,AMD,0.0751181,1000,75.1181
2012-04-24,AMD,0.07512869999999999,1000,75.1287
2012-04-25,AMD,0.07504430000000001,1000,75.0443
2012-04-26,AMD,0.07464,1000,74.64
2012-04-27,AMD,0.0745436,1000,74.5436
2012-04-28,AMD,0.07501189999999999,1000,75.0119
2012-04-29,AMD,0.0748094,1000,74.8094
2012-05-03,AMD,0.0749255,1000,74.9255
2012-05-04,AMD,0.07516070000000001,1000,75.1607
2012-05-05,AMD,0.07549410000000001,1000,75.4941
2012-05-06,AMD,0.0759911,1000,75.9911
2012-05-11,AMD,0.0767194,1000,76.7194
2012-05-12,AMD,0.0768249,1000,76.8249
2012-05-13,AMD,0.0766945,1000,76.6945
2012-05-15,AMD,0.0766208,1000,76.6208
2012-05-16,AMD,0.07649410000000001,1000,76.4941
2012-05-17,AMD,0.07780419999999999,1000,77.8042
2012-05-18,AMD,0.0779388,1000,77.9388
2012-05-19,AMD,0.0789242,1000,78.9242
2012-05-22,AMD,0.07789549999999999,1000,77.8955
2012-05-23,AMD,0.07727460000000001,1000,77.2746
2012-05-24,AMD,0.0781333,1000,78.1333
2012-05-25,AMD,0.078279,1000,78.279
2012-05-26,AMD,0.0778363,1000,77.8363
2012-05-29,AMD,0.0781031,1000,78.1031
2012-05-30,AMD,0.0787387,1000,78.7387
2012-05-31,AMD,0.0799776,1000,79.9776
2012-06-01,AMD,0.08112699999999999,1000,81.127
2012-06-02,AMD,0.0829973,1000,82.9973
2012-06-05,AMD,0.08389279999999999,1000,83.8928
2012-06-06,AMD,0.08112430000000001,1000,81.1243
2012-06-07,AMD,0.0791047,1000,79.1047
2012-06-08,AMD,0.07785299999999999,1000,77.853
2012-06-09,AMD,0.0793595,1000,79.3595
2012-06-10,AMD,0.0790448,1000,79.0448
2012-06-14,AMD,0.07935299999999999,1000,79.353
2012-06-15,AMD,0.0783091,1000,78.3091
2012-06-16,AMD,0.0778714,1000,77.8714
2012-06-19,AMD,0.07742529999999999,1000,77.4253
2012-06-20,AMD,0.0782948,1000,78.2948
2012-06-21,AMD,0.0780711,1000,78.0711
2012-06-22,AMD,0.0787682,1000,78.7682
2012-06-23,AMD,0.0800456,1000,80.0456
2012-06-26,AMD,0.079163,1000,79.163
2012-06-27,AMD,0.0795044,1000,79.5044
2012-06-28,AMD,0.0787492,1000,78.7492
2012-06-29,AMD,0.07880670000000001,1000,78.8067
2012-06-30,AMD,0.07850929999999999,1000,78.5093
2012-07-03,AMD,0.0778199,1000,77.8199
2012-07-04,AMD,0.0775153,1000,77.5153
2012-07-05,AMD,0.0768652,1000,76.8652
2012-07-06,AMD,0.07759310000000001,1000,77.5931
2012-07-07,AMD,0.0779546,1000,77.9546
2012-07-10,AMD,0.0787368,1000,78.7368
2012-07-11,AMD,0.078983,1000,78.983
2012-07-12,AMD,0.0791041,1000,79.1041
2012-07-13,AMD,0.07912380000000001,1000,79.1238
2012-07-14,AMD,0.0794623,1000,79.4623
2012-07-17,AMD,0.07927290000000001,1000,79.2729
2012-07-18,AMD,0.07896840000000001,1000,78.9684
2012-07-19,AMD,0.0787463,1000,78.7463
2012-07-20,AMD,0.0778553,1000,77.8553
2012-07-21,AMD,0.0775037,1000,77.5037
2012-07-24,AMD,0.078678,1000,78.678
2012-07-25,AMD,0.0793011,1000,79.3011
2012-07-26,AMD,0.08069939999999999,1000,80.6994
2012-07-27,AMD,0.0792768,1000,79.2768
2012-07-28,AMD,0.0782821,1000,78.2821
2012-07-31,AMD,0.0789892,1000,78.9892
2012-08-01,AMD,0.07903260000000001,1000,79.0326
2012-08-02,AMD,0.0791486,1000,79.1486
2012-08-03,AMD,0.0793553,1000,79.3553
2012-08-04,AMD,0.0794532,1000,79.4532
2012-08-07,AMD,0.0775367,1000,77.5367
2012-08-08,AMD,0.07657649999999999,1000,76.5765
2012-08-09,AMD,0.0763631,1000,76.3631
2012-08-10,AMD,0.07590279999999999,1000,75.9028
2012-08-11,AMD,0.0769075,1000,76.9075
2012-08-14,AMD,0.0768432,1000,76.8432
2012-08-15,AMD,0.0771211,1000,77.1211
2012-08-16,AMD,0.0774075,1000,77.4075
2012-08-17,AMD,0.0776182,1000,77.6182
2012-08-18,AMD,0.07739220000000001,1000,77.3922
2012-08-21,AMD,0.077899,1000,77.899
2012-08-22,AMD,0.077763,1000,77.763
2012-08-23,AMD,0.0774801,1000,77.4801
2012-08-24,AMD,0.07741719999999999,1000,77.4172
2012-08-25,AMD,0.0777273,1000,77.7273
2012-08-28,AMD,0.07782739999999999,1000,77.8274
2012-08-29,AMD,0.0781888,1000,78.1888
2012-08-30,AMD,0.0783741,1000,78.3741
2012-08-31,AMD,0.0788606,1000,78.8606
2012-09-01,AMD,0.07982080000000001,1000,79.8208
2012-09-04,AMD,0.0793079,1000,79.3079
2012-09-05,AMD,0.0786793,1000,78.6793
2012-09-06,AMD,0.0793663,1000,79.3663
2012-09-07,AMD,0.07806010000000001,1000,78.0601
2012-09-08,AMD,0.0776102,1000,77.6102
2012-09-11,AMD,0.0769021,1000,76.9021
2012-09-12,AMD,0.07712820000000001,1000,77.1282
2012-09-13,AMD,0.0766821,1000,76.6821
2012-09-14,AMD,0.07677070000000001,1000,76.7707
2012-09-15,AMD,0.0754421,1000,75.4421
2012-09-18,AMD,0.07492149999999999,1000,74.9215
2012-09-19,AMD,0.0756387,1000,75.6387
2012-09-20,AMD,0.0755993,1000,75.5993
2012-09-21,AMD,0.07762949999999999,1000,77.6295
2012-09-22,AMD,0.0764827,1000,76.4827
2012-09-25,AMD,0.07669029999999999,1000,76.6903
2012-09-26,AMD,0.0764682,1000,76.4682
2012-09-27,AMD,0.0769965,1000,76.9965
2012-09-28,AMD,0.07693000000000001,1000,76.93
2012-09-29,AMD,0.07615000000000001,1000,76.15
2012-10-02,AMD,0.07707470000000001,1000,77.0747
2012-10-03,AMD,0.0762645,1000,76.2645
2012-10-04,AMD,0.0763633,1000,76.3633
2012-10-05,AMD,0.0761836,1000,76.1836
2012-10-06,AMD,0.07582470000000001,1000,75.8247
2012-10-09,AMD,0.07607760000000001,1000,76.0776
2012-10-10,AMD,0.07613070000000001,1000,76.1307
2012-10-11,AMD,0.07638120000000001,1000,76.3812
2012-10-12,AMD,0.0766708,1000,76.6708
2012-10-13,AMD,0.0761027,1000,76.1027
2012-10-16,AMD,0.07608100000000001,1000,76.081
2012-10-17,AMD,0.07580970000000001,1000,75.8097
2012-10-18,AMD,0.0757599,1000,75.7599
2012-10-19,AMD,0.0757571,1000,75.7571
2012-10-20,AMD,0.07591200000000001,1000,75.912
2012-10-23,AMD,0.07612909999999999,1000,76.1291
2012-10-24,AMD,0.0766431,1000,76.6431
2012-10-25,AMD,0.0771983,1000,77.1983
2012-10-26,AMD,0.0771602,1000,77.1602
2012-10-27,AMD,0.0776755,1000,77.6755
2012-10-30,AMD,0.0774318,1000,77.4318
2012-10-31,AMD,0.0776483,1000,77.6483
2012-11-01,AMD,0.0772766,1000,77.2766
2012-11-02,AMD,0.0773529,1000,77.3529
2012-11-03,AMD,0.0772948,1000,77.2948
2012-11-07,AMD,0.0776342,1000,77.6342
2012-11-08,AMD,0.0771017,1000,77.1017
2012-11-09,AMD,0.0776222,1000,77.6222
2012-11-10,AMD,0.0775768,1000,77.5768
2012-11-13,AMD,0.0771802,1000,77.1802
2012-11-14,AMD,0.0773571,1000,77.3571
2012-11-15,AMD,0.0774767,1000,77.4767
2012-11-16,AMD,0.07777150000000001,1000,77.7715
2012-11-17,AMD,0.0778366,1000,77.8366
2012-11-20,AMD,0.07780759999999999,1000,77.8076
2012-11-21,AMD,0.0772145,1000,77.2145
2012-11-22,AMD,0.0771087,1000,77.1087
2012-11-23,AMD,0.0767303,1000,76.7303
2012-11-24,AMD,0.076681,1000,76.681
2012-11-27,AMD,0.076329,1000,76.329
2012-11-28,AMD,0.0762094,1000,76.2094
2012-11-29,AMD,0.076815,1000,76.815
2012-11-30,AMD,0.0767206,1000,76.7206
2012-12-01,AMD,0.0759546,1000,75.9546
2012-12-04,AMD,0.07618649999999999,1000,76.1865
2012-12-05,AMD,0.0765662,1000,76.5662
2012-12-06,AMD,0.0761544,1000,76.1544
2012-12-07,AMD,0.0759663,1000,75.9663
2012-12-08,AMD,0.0761328,1000,76.1328
2012-12-11,AMD,0.0758815,1000,75.8815
2012-12-12,AMD,0.075545,1000,75.545
2012-12-13,AMD,0.0756948,1000,75.6948
2012-12-14,AMD,0.0753964,1000,75.3964
2012-12-15,AMD,0.07558920000000001,1000,75.5892
2012-12-18,AMD,0.0757872,1000,75.7872
2012-12-19,AMD,0.0761091,1000,76.1091
2012-12-20,AMD,0.07567180000000001,1000,75.6718
2012-12-21,AMD,0.07590179999999999,1000,75.9018
2012-12-22,AMD,0.0759441,1000,75.9441
2012-12-25,AMD,0.0761548,1000,76.1548
2012-12-26,AMD,0.0759122,1000,75.9122
2012-12-27,AMD,0.07592059999999999,1000,75.9206
2012-12-28,AMD,0.0755878,1000,75.5878
2012-12-29,AMD,0.0753665,1000,75.3665
2012-12-30,AMD,0.0753665,1000,75.3665
2013-01-10,AMD,0.0750222,1000,75.0222
2013-01-11,AMD,0.0744423,1000,74.4423
2013-01-12,AMD,0.0738706,1000,73.8706
2013-01-15,AMD,0.0738967,1000,73.8967
2013-01-16,AMD,0.07424689999999999,1000,74.2469
2013-01-17,AMD,0.07463689999999999,1000,74.6369
2013-01-18,AMD,0.0747367,1000,74.7367
2013-01-19,AMD,0.0742174,1000,74.2174
2013-01-22,AMD,0.0744398,1000,74.4398
2013-01-23,AMD,0.0742804,1000,74.2804
2013-01-24,AMD,0.07436459999999999,1000,74.3646
2013-01-25,AMD,0.0745178,1000,74.5178
2013-01-26,AMD,0.0739481,1000,73.9481
2013-01-29,AMD,0.07408419999999999,1000,74.0842
2013-01-30,AMD,0.0742643,1000,74.2643
2013-01-31,AMD,0.0736876,1000,73.6876
2013-02-01,AMD,0.0738403,1000,73.8403
2013-02-02,AMD,0.0737924,1000,73.7924
2013-02-05,AMD,0.0736165,1000,73.6165
2013-02-06,AMD,0.0741036,1000,74.1036
2013-02-07,AMD,0.07370180000000001,1000,73.7018
2013-02-08,AMD,0.0740138,1000,74.0138
2013-02-09,AMD,0.0742796,1000,74.2796
2013-02-12,AMD,0.0742604,1000,74.2604
2013-02-13,AMD,0.0742221,1000,74.2221
2013-02-14,AMD,0.07397100000000001,1000,73.971
2013-02-15,AMD,0.0739682,1000,73.9682
2013-02-16,AMD,0.0740809,1000,74.0809
2013-02-19,AMD,0.0741102,1000,74.1102
2013-02-20,AMD,0.0740693,1000,74.0693
2013-02-21,AMD,0.0738334,1000,73.8334
2013-02-22,AMD,0.0742843,1000,74.2843
2013-02-23,AMD,0.0745478,1000,74.5478
2013-02-26,AMD,0.0741731,1000,74.1731
2013-02-27,AMD,0.07478950000000001,1000,74.7895
2013-02-28,AMD,0.074866,1000,74.866
2013-03-01,AMD,0.0746024,1000,74.6024
2013-03-02,AMD,0.0749098,1000,74.9098
2013-03-05,AMD,0.07495310000000001,1000,74.9531
2013-03-06,AMD,0.0746869,1000,74.6869
2013-03-07,AMD,0.0746863,1000,74.6863
2013-03-08,AMD,0.0749398,1000,74.9398
2013-03-12,AMD,0.0749272,1000,74.9272
2013-03-13,AMD,0.0749084,1000,74.9084
2013-03-14,AMD,0.0748378,1000,74.8378
2013-03-15,AMD,0.07425069999999999,1000,74.2507
2013-03-16,AMD,0.0740231,1000,74.0231
2013-03-19,AMD,0.074503,1000,74.503
2013-03-20,AMD,0.07412919999999999,1000,74.1292
2013-03-21,AMD,0.0740744,1000,74.0744
2013-03-22,AMD,0.0737286,1000,73.7286
2013-03-23,AMD,0.0738246,1000,73.8246
2013-03-26,AMD,0.0734093,1000,73.4093
2013-03-27,AMD,0.0736835,1000,73.6835
2013-03-28,AMD,0.0736763,1000,73.6763
2013-03-29,AMD,0.0739766,1000,73.9766
2013-03-30,AMD,0.0741847,1000,74.1847
2013-04-02,AMD,0.07424649999999999,1000,74.2465
2013-04-03,AMD,0.0745337,1000,74.5337
2013-04-04,AMD,0.07518989999999999,1000,75.1899
2013-04-05,AMD,0.0759768,1000,75.9768
2013-04-06,AMD,0.0757382,1000,75.7382
2013-04-09,AMD,0.07545199999999999,1000,75.452
2013-04-10,AMD,0.07475109999999999,1000,74.7511
2013-04-11,AMD,0.0742601,1000,74.2601
2013-04-12,AMD,0.0739674,1000,73.9674
2013-04-13,AMD,0.0740414,1000,74.0414
2013-04-16,AMD,0.0749823,1000,74.9823
2013-04-17,AMD,0.0755358,1000,75.5358
2013-04-18,AMD,0.07480719999999999,1000,74.8072
2013-04-19,AMD,0.076101,1000,76.101
2013-04-20,AMD,0.0753545,1000,75.3545
2013-04-23,AMD,0.0761324,1000,76.1324
2013-04-24,AMD,0.0765672,1000,76.5672
2013-04-25,AMD,0.0764932,1000,76.4932
2013-04-26,AMD,0.0758278,1000,75.8278
2013-04-27,AMD,0.0760295,1000,76.0295
2013-04-30,AMD,0.0756801,1000,75.6801
2013-05-01,AMD,0.0756231,1000,75.6231
2013-05-07,AMD,0.0748108,1000,74.8108
2013-05-08,AMD,0.0747988,1000,74.7988
2013-05-09,AMD,0.0748679,1000,74.8679
2013-05-14,AMD,0.0752914,1000,75.2914
2013-05-15,AMD,0.0750067,1000,75.0067
2013-05-16,AMD,0.0754124,1000,75.4124
2013-05-17,AMD,0.0753622,1000,75.3622
2013-05-18,AMD,0.0752381,1000,75.2381
2013-05-21,AMD,0.0751123,1000,75.1123
2013-05-22,AMD,0.0748547,1000,74.8547
2013-05-23,AMD,0.0749772,1000,74.9772
2013-05-24,AMD,0.0755609,1000,75.5609
2013-05-25,AMD,0.0751894,1000,75.1894
2013-05-28,AMD,0.07515609999999999,1000,75.1561
2013-05-29,AMD,0.0753383,1000,75.3383
2013-05-30,AMD,0.0756109,1000,75.6109
2013-05-31,AMD,0.0758447,1000,75.8447
2013-06-01,AMD,0.0761854,1000,76.1854
2013-06-04,AMD,0.0769477,1000,76.9477
2013-06-05,AMD,0.07638729999999999,1000,76.3873
2013-06-06,AMD,0.07697140000000001,1000,76.9714
2013-06-07,AMD,0.0774888,1000,77.4888
2013-06-08,AMD,0.078015,1000,78.015
2013-06-11,AMD,0.0783864,1000,78.3864
2013-06-12,AMD,0.0787723,1000,78.7723
2013-06-14,AMD,0.07822660000000001,1000,78.2266
2013-06-15,AMD,0.07686499999999999,1000,76.865
2013-06-18,AMD,0.07661190000000001,1000,76.6119
2013-06-19,AMD,0.077455,1000,77.455
2013-06-20,AMD,0.0776786,1000,77.6786
2013-06-21,AMD,0.0797418,1000,79.7418
2013-06-22,AMD,0.079474,1000,79.474
2013-06-25,AMD,0.07997499999999999,1000,79.975
2013-06-26,AMD,0.0794994,1000,79.4994
2013-06-27,AMD,0.0799213,1000,79.9213
2013-06-28,AMD,0.0802358,1000,80.2358
2013-06-29,AMD,0.079778,1000,79.778
2013-07-02,AMD,0.08012609999999999,1000,80.1261
2013-07-03,AMD,0.08006680000000001,1000,80.0668
2013-07-04,AMD,0.08075360000000001,1000,80.7536
2013-07-05,AMD,0.08043779999999999,1000,80.4378
2013-07-06,AMD,0.08074049999999999,1000,80.7405
2013-07-09,AMD,0.0809745,1000,80.9745
2013-07-10,AMD,0.0803249,1000,80.3249
2013-07-11,AMD,0.0799786,1000,79.9786
2013-07-12,AMD,0.0794555,1000,79.4555
2013-07-13,AMD,0.0796897,1000,79.6897
2013-07-16,AMD,0.07937229999999999,1000,79.3723
2013-07-17,AMD,0.07929749999999999,1000,79.2975
2013-07-18,AMD,0.07896009999999999,1000,78.9601
2013-07-19,AMD,0.07883159999999999,1000,78.8316
2013-07-20,AMD,0.07890219999999999,1000,78.9022
2013-07-23,AMD,0.0786462,1000,78.6462
2013-07-24,AMD,0.07861459999999999,1000,78.6146
2013-07-25,AMD,0.0787491,1000,78.7491
2013-07-26,AMD,0.0792633,1000,79.2633
2013-07-27,AMD,0.07940900000000001,1000,79.409
2013-07-30,AMD,0.0800868,1000,80.0868
2013-07-31,AMD,0.0802442,1000,80.2442
2013-08-01,AMD,0.0803723,1000,80.3723
2013-08-02,AMD,0.080229,1000,80.229
2013-08-03,AMD,0.0805299,1000,80.5299
2013-08-06,AMD,0.0799055,1000,79.9055
2013-08-07,AMD,0.0802646,1000,80.2646
2013-08-08,AMD,0.08059820000000001,1000,80.5982
2013-08-09,AMD,0.0806861,1000,80.6861
2013-08-10,AMD,0.0808379,1000,80.8379
2013-08-13,AMD,0.0807141,1000,80.7141
2013-08-14,AMD,0.0812856,1000,81.2856
2013-08-15,AMD,0.08147,1000,81.47
2013-08-16,AMD,0.0811568,1000,81.1568
2013-08-17,AMD,0.0811632,1000,81.1632
2013-08-20,AMD,0.0808909,1000,80.8909
2013-08-21,AMD,0.0810826,1000,81.0826
2013-08-22,AMD,0.08101649999999999,1000,81.0165
2013-08-23,AMD,0.0817759,1000,81.7759
2013-08-24,AMD,0.08136660000000001,1000,81.3666
2013-08-27,AMD,0.0811734,1000,81.1734
2013-08-28,AMD,0.0816325,1000,81.6325
2013-08-29,AMD,0.08172360000000001,1000,81.7236
2013-08-30,AMD,0.08172,1000,81.72
2013-08-31,AMD,0.08189010000000001,1000,81.8901
2013-09-03,AMD,0.081902,1000,81.902
2013-09-04,AMD,0.0819885,1000,81.9885
2013-09-05,AMD,0.0816234,1000,81.6234
2013-09-06,AMD,0.0814393,1000,81.4393
2013-09-07,AMD,0.08105159999999999,1000,81.0516
2013-09-10,AMD,0.081081,1000,81.081
2013-09-11,AMD,0.0806341,1000,80.6341
2013-09-12,AMD,0.08054470000000001,1000,80.5447
2013-09-13,AMD,0.0797878,1000,79.7878
2013-09-14,AMD,0.08000149999999999,1000,80.0015
2013-09-17,AMD,0.0789504,1000,78.9504
2013-09-18,AMD,0.07893460000000001,1000,78.9346
2013-09-19,AMD,0.07898350000000001,1000,78.9835
2013-09-20,AMD,0.0776147,1000,77.6147
2013-09-21,AMD,0.0781591,1000,78.1591
2013-09-24,AMD,0.0785492,1000,78.5492
2013-09-25,AMD,0.0785598,1000,78.5598
2013-09-26,AMD,0.0786559,1000,78.6559
2013-09-27,AMD,0.0791478,1000,79.1478
2013-09-28,AMD,0.079766,1000,79.766
2013-10-01,AMD,0.0800096,1000,80.0096
2013-10-02,AMD,0.0797838,1000,79.7838
2013-10-03,AMD,0.0796496,1000,79.6496
2013-10-04,AMD,0.07922320000000001,1000,79.2232
2013-10-05,AMD,0.0791237,1000,79.1237
2013-10-08,AMD,0.07963769999999999,1000,79.6377
2013-10-09,AMD,0.0796606,1000,79.6606
2013-10-10,AMD,0.0796601,1000,79.6601
2013-10-11,AMD,0.079451,1000,79.451
2013-10-12,AMD,0.0787997,1000,78.7997
2013-10-15,AMD,0.0788714,1000,78.8714
2013-10-16,AMD,0.079126,1000,79.126
2013-10-17,AMD,0.0792533,1000,79.2533
2013-10-18,AMD,0.0788633,1000,78.8633
2013-10-19,AMD,0.0782457,1000,78.2457
2013-10-22,AMD,0.07857460000000001,1000,78.5746
2013-10-23,AMD,0.0787342,1000,78.7342
2013-10-24,AMD,0.0783049,1000,78.3049
2013-10-25,AMD,0.0780424,1000,78.0424
2013-10-26,AMD,0.07811960000000001,1000,78.1196
2013-10-29,AMD,0.0783544,1000,78.3544
2013-10-30,AMD,0.0787004,1000,78.7004
2013-10-31,AMD,0.0790856,1000,79.0856
2013-11-01,AMD,0.07916039999999999,1000,79.1604
2013-11-02,AMD,0.0794588,1000,79.4588
2013-11-06,AMD,0.0797803,1000,79.7803
2013-11-07,AMD,0.0798796,1000,79.8796
2013-11-08,AMD,0.0797054,1000,79.7054
2013-11-09,AMD,0.0801475,1000,80.1475
2013-11-12,AMD,0.08056780000000001,1000,80.5678
2013-11-13,AMD,0.0809664,1000,80.9664
2013-11-14,AMD,0.08103310000000001,1000,81.0331
2013-11-15,AMD,0.08070959999999999,1000,80.7096
2013-11-16,AMD,0.0806931,1000,80.6931
2013-11-19,AMD,0.0804094,1000,80.4094
2013-11-20,AMD,0.08065739999999999,1000,80.6574
2013-11-21,AMD,0.080744,1000,80.744
2013-11-22,AMD,0.0816772,1000,81.6772
2013-11-23,AMD,0.08124809999999999,1000,81.2481
2013-11-26,AMD,0.0810218,1000,81.0218
2013-11-27,AMD,0.08155230000000001,1000,81.5523
2013-11-28,AMD,0.08155200000000001,1000,81.552
2013-11-29,AMD,0.0819115,1000,81.9115
2013-11-30,AMD,0.08205589999999999,1000,82.0559
2013-12-03,AMD,0.0819486,1000,81.9486
2013-12-04,AMD,0.0821904,1000,82.1904
2013-12-05,AMD,0.0822329,1000,82.2329
2013-12-06,AMD,0.0814212,1000,81.4212
2013-12-07,AMD,0.08146210000000001,1000,81.4621
2013-12-10,AMD,0.0810339,1000,81.0339
2013-12-11,AMD,0.0810502,1000,81.0502
2013-12-12,AMD,0.0809184,1000,80.9184
2013-12-13,AMD,0.0809686,1000,80.9686
2013-12-14,AMD,0.0812517,1000,81.2517
2013-12-17,AMD,0.0812504,1000,81.2504
2013-12-18,AMD,0.0812475,1000,81.2475
2013-12-19,AMD,0.0812841,1000,81.2841
2013-12-20,AMD,0.0814653,1000,81.4653
2013-12-21,AMD,0.0815323,1000,81.5323
2013-12-24,AMD,0.08127920000000001,1000,81.2792
2013-12-25,AMD,0.08046460000000001,1000,80.4646
2013-12-26,AMD,0.08051470000000001,1000,80.5147
2013-12-27,AMD,0.0805697,1000,80.5697
2013-12-28,AMD,0.0804641,1000,80.4641
2013-12-31,AMD,0.0807132,1000,80.7132
2014-01-01,AMD,0.0805393,1000,80.5393
2014-01-10,AMD,0.0817625,1000,81.7625
2014-01-11,AMD,0.0813379,1000,81.3379
2014-01-14,AMD,0.0811029,1000,81.1029
2014-01-15,AMD,0.0819694,1000,81.9694
2014-01-16,AMD,0.0822594,1000,82.2594
2014-01-17,AMD,0.0823707,1000,82.3707
2014-01-18,AMD,0.082452,1000,82.452
2014-01-21,AMD,0.0829665,1000,82.9665
2014-01-22,AMD,0.0831884,1000,83.1884
2014-01-23,AMD,0.0833181,1000,83.3181
2014-01-24,AMD,0.083723,1000,83.723
2014-01-25,AMD,0.0842804,1000,84.2804
2014-01-28,AMD,0.0853857,1000,85.3857
2014-01-29,AMD,0.0851784,1000,85.1784
2014-01-30,AMD,0.08502660000000001,1000,85.0266
2014-01-31,AMD,0.086305,1000,86.305
2014-02-01,AMD,0.0865437,1000,86.5437
2014-02-04,AMD,0.08667820000000001,1000,86.6782
2014-02-05,AMD,0.086306,1000,86.306
2014-02-06,AMD,0.0851366,1000,85.1366
2014-02-07,AMD,0.0854335,1000,85.4335
2014-02-08,AMD,0.0851277,1000,85.1277
2014-02-11,AMD,0.08471179999999999,1000,84.7118
2014-02-12,AMD,0.0843345,1000,84.3345
2014-02-13,AMD,0.0841227,1000,84.1227
2014-02-14,AMD,0.0844708,1000,84.4708
2014-02-15,AMD,0.0860938,1000,86.0938
2014-02-18,AMD,0.0849821,1000,84.9821
2014-02-19,AMD,0.0853235,1000,85.3235
2014-02-20,AMD,0.0863207,1000,86.3207
2014-02-21,AMD,0.08670789999999999,1000,86.7079
2014-02-22,AMD,0.08645140000000001,1000,86.4514
2014-02-25,AMD,0.0859835,1000,85.9835
2014-02-26,AMD,0.0861706,1000,86.1706
2014-02-27,AMD,0.0867043,1000,86.7043
2014-02-28,AMD,0.0872884,1000,87.2884
2014-03-01,AMD,0.08756130000000001,1000,87.5613
2014-03-04,AMD,0.0878705,1000,87.8705
2014-03-05,AMD,0.08773139999999999,1000,87.7314
2014-03-06,AMD,0.0871827,1000,87.1827
2014-03-07,AMD,0.0870484,1000,87.0484
2014-03-08,AMD,0.08737779999999999,1000,87.3778
2014-03-12,AMD,0.0877145,1000,87.7145
2014-03-13,AMD,0.0879193,1000,87.9193
2014-03-14,AMD,0.0878472,1000,87.8472
2014-03-15,AMD,0.08837220000000001,1000,88.3722
2014-03-18,AMD,0.0882613,1000,88.2613
2014-03-19,AMD,0.0877225,1000,87.7225
2014-03-20,AMD,0.0871408,1000,87.1408
2014-03-21,AMD,0.0869028,1000,86.9028
2014-03-22,AMD,0.08761060000000001,1000,87.6106
2014-03-25,AMD,0.08725279999999999,1000,87.2528
2014-03-26,AMD,0.08683329999999999,1000,86.8333
2014-03-27,AMD,0.08587550000000001,1000,85.8755
2014-03-28,AMD,0.0863617,1000,86.3617
2014-03-29,AMD,0.0864304,1000,86.4304
2014-04-01,AMD,0.08597199999999999,1000,85.972
2014-04-02,AMD,0.08457859999999999,1000,84.5786
2014-04-03,AMD,0.085149,1000,85.149
2014-04-04,AMD,0.0855999,1000,85.5999
2014-04-05,AMD,0.0855034,1000,85.5034
2014-04-08,AMD,0.085362,1000,85.362
2014-04-09,AMD,0.085533,1000,85.533
2014-04-10,AMD,0.0860392,1000,86.0392
2014-04-11,AMD,0.0855173,1000,85.5173
2014-04-12,AMD,0.0857632,1000,85.7632
2014-04-15,AMD,0.0866161,1000,86.6161
2014-04-16,AMD,0.0865548,1000,86.5548
2014-04-17,AMD,0.0871529,1000,87.1529
2014-04-18,AMD,0.0868892,1000,86.8892
2014-04-19,AMD,0.0858635,1000,85.8635
2014-04-22,AMD,0.0858455,1000,85.8455
2014-04-23,AMD,0.0860968,1000,86.0968
2014-04-24,AMD,0.0860582,1000,86.0582
2014-04-25,AMD,0.086295,1000,86.295
2014-04-26,AMD,0.0868897,1000,86.8897
2014-04-29,AMD,0.0872898,1000,87.2898
2014-04-30,AMD,0.08633199999999999,1000,86.332
2014-05-01,AMD,0.0863911,1000,86.3911
2014-05-06,AMD,0.08644020000000001,1000,86.4402
2014-05-07,AMD,0.08610240000000001,1000,86.1024
2014-05-08,AMD,0.0858662,1000,85.8662
2014-05-09,AMD,0.0848494,1000,84.8494
2014-05-13,AMD,0.085149,1000,85.149
2014-05-14,AMD,0.08433,1000,84.33
2014-05-15,AMD,0.0838382,1000,83.8382
2014-05-16,AMD,0.0836157,1000,83.6157
2014-05-17,AMD,0.0840082,1000,84.0082
2014-05-20,AMD,0.0839927,1000,83.9927
2014-05-21,AMD,0.0837992,1000,83.7992
2014-05-22,AMD,0.083635,1000,83.635
2014-05-23,AMD,0.0831237,1000,83.1237
2014-05-24,AMD,0.0828838,1000,82.8838
2014-05-27,AMD,0.082292,1000,82.292
2014-05-28,AMD,0.0828266,1000,82.8266
2014-05-29,AMD,0.08330800000000001,1000,83.308
2014-05-30,AMD,0.08383280000000001,1000,83.8328
2014-05-31,AMD,0.08400289999999999,1000,84.0029
2014-06-03,AMD,0.0842926,1000,84.2926
2014-06-04,AMD,0.0845688,1000,84.5688
2014-06-05,AMD,0.0848787,1000,84.8787
2014-06-06,AMD,0.0843099,1000,84.3099
2014-06-07,AMD,0.0837133,1000,83.7133
2014-06-10,AMD,0.0831242,1000,83.1242
2014-06-11,AMD,0.0834684,1000,83.4684
2014-06-12,AMD,0.0834087,1000,83.4087
2014-06-17,AMD,0.0838966,1000,83.8966
2014-06-18,AMD,0.08446859999999999,1000,84.4686
2014-06-19,AMD,0.0849346,1000,84.9346
2014-06-20,AMD,0.0837668,1000,83.7668
2014-06-21,AMD,0.08415399999999999,1000,84.154
2014-06-24,AMD,0.0839366,1000,83.9366
2014-06-25,AMD,0.0833077,1000,83.3077
2014-06-26,AMD,0.08308499999999999,1000,83.085
2014-06-27,AMD,0.08272249999999999,1000,82.7225
2014-06-28,AMD,0.0825291,1000,82.5291
2014-07-01,AMD,0.0830513,1000,83.0513
2014-07-02,AMD,0.0839939,1000,83.9939
2014-07-03,AMD,0.0838424,1000,83.8424
2014-07-04,AMD,0.08381100000000001,1000,83.811
2014-07-05,AMD,0.0841884,1000,84.1884
2014-07-08,AMD,0.0848061,1000,84.8061
2014-07-09,AMD,0.08443899999999999,1000,84.439
2014-07-10,AMD,0.0836011,1000,83.6011
2014-07-11,AMD,0.0829297,1000,82.9297
2014-07-12,AMD,0.0834555,1000,83.4555
2014-07-15,AMD,0.08410169999999999,1000,84.1017
2014-07-16,AMD,0.08424580000000001,1000,84.2458
2014-07-17,AMD,0.08433969999999999,1000,84.3397
2014-07-18,AMD,0.0853773,1000,85.3773
2014-07-19,AMD,0.0862888,1000,86.2888
2014-07-22,AMD,0.0860893,1000,86.0893
2014-07-23,AMD,0.08598449999999999,1000,85.9845
2014-07-24,AMD,0.08563370000000001,1000,85.6337
2014-07-25,AMD,0.0862942,1000,86.2942
2014-07-26,AMD,0.08625369999999999,1000,86.2537
2014-07-29,AMD,0.0866316,1000,86.6316
2014-07-30,AMD,0.08766030000000001,1000,87.6603
2014-07-31,AMD,0.0879328,1000,87.9328
2014-08-01,AMD,0.0871926,1000,87.1926
2014-08-02,AMD,0.08788979999999999,1000,87.8898
2014-08-05,AMD,0.0873764,1000,87.3764
2014-08-06,AMD,0.088044,1000,88.044
2014-08-07,AMD,0.08885380000000001,1000,88.8538
2014-08-08,AMD,0.0891969,1000,89.1969
2014-08-09,AMD,0.0887847,1000,88.7847
2014-08-12,AMD,0.0874144,1000,87.4144
2014-08-13,AMD,0.0875947,1000,87.5947
2014-08-14,AMD,0.08781140000000001,1000,87.8114
2014-08-15,AMD,0.0877942,1000,87.7942
2014-08-16,AMD,0.08768000000000001,1000,87.68
2014-08-19,AMD,0.0884157,1000,88.4157
2014-08-20,AMD,0.0885251,1000,88.5251
2014-08-21,AMD,0.08887139999999999,1000,88.8714
2014-08-22,AMD,0.0891794,1000,89.1794
2014-08-23,AMD,0.0881555,1000,88.1555
2014-08-26,AMD,0.0885297,1000,88.5297
2014-08-27,AMD,0.0885681,1000,88.5681
2014-08-28,AMD,0.0880382,1000,88.0382
2014-08-29,AMD,0.0883126,1000,88.3126
2014-08-30,AMD,0.0897487,1000,89.7487
2014-09-02,AMD,0.0906747,1000,90.6747
2014-09-03,AMD,0.0908268,1000,90.8268
2014-09-04,AMD,0.0907988,1000,90.7988
2014-09-05,AMD,0.089656,1000,89.656
2014-09-06,AMD,0.09024599999999999,1000,90.246
2014-09-09,AMD,0.0905435,1000,90.5435
2014-09-10,AMD,0.0903958,1000,90.3958
2014-09-11,AMD,0.0907675,1000,90.7675
2014-09-12,AMD,0.0912495,1000,91.2495
2014-09-13,AMD,0.0921493,1000,92.1493
2014-09-16,AMD,0.0927621,1000,92.7621
2014-09-17,AMD,0.0945197,1000,94.5197
2014-09-18,AMD,0.09405,1000,94.05
2014-09-19,AMD,0.0943771,1000,94.3771
2014-09-20,AMD,0.0943586,1000,94.3586
2014-09-23,AMD,0.0946995,1000,94.6995
2014-09-24,AMD,0.09521009999999999,1000,95.2101
2014-09-25,AMD,0.09442310000000001,1000,94.4231
2014-09-26,AMD,0.0941049,1000,94.1049
2014-09-27,AMD,0.0949125,1000,94.9125
2014-09-30,AMD,0.0963587,1000,96.3587
2014-10-01,AMD,0.0965521,1000,96.5521
2014-10-02,AMD,0.0973261,1000,97.3261
2014-10-03,AMD,0.0970965,1000,97.0965
2014-10-04,AMD,0.09727519999999999,1000,97.2752
2014-10-07,AMD,0.0977555,1000,97.7555
2014-10-08,AMD,0.0968719,1000,96.8719
2014-10-09,AMD,0.09727960000000001,1000,97.2796
2014-10-10,AMD,0.0971331,1000,97.1331
2014-10-11,AMD,0.09748480000000001,1000,97.4848
2014-10-14,AMD,0.0976395,1000,97.6395
2014-10-15,AMD,0.0983986,1000,98.3986
2014-10-16,AMD,0.0998271,1000,99.8271
2014-10-17,AMD,0.09964709999999999,1000,99.6471
2014-10-18,AMD,0.10025600000000001,100,10.0256
2014-10-21,AMD,0.0996867,1000,99.6867
2014-10-22,AMD,0.100049,100,10.0049
2014-10-23,AMD,0.100189,100,10.0189
2014-10-24,AMD,0.101606,100,10.1606
2014-10-25,AMD,0.102501,100,10.2501
2014-10-28,AMD,0.102567,100,10.2567
2014-10-29,AMD,0.103122,100,10.3122
2014-10-30,AMD,0.103651,100,10.3651
2014-10-31,AMD,0.105352,100,10.5352
2014-11-01,AMD,0.102074,100,10.2074
2014-11-06,AMD,0.10724500000000001,100,10.7245
2014-11-07,AMD,0.108907,100,10.8907
2014-11-08,AMD,0.115339,100,11.5339
2014-11-11,AMD,0.110585,100,11.0585
2014-11-12,AMD,0.110488,100,11.0488
2014-11-13,AMD,0.111443,100,11.1443
2014-11-14,AMD,0.110847,100,11.0847
2014-11-15,AMD,0.113896,100,11.3896
2014-11-18,AMD,0.113808,100,11.3808
2014-11-19,AMD,0.11282299999999999,100,11.2823
2014-11-20,AMD,0.11278,100,11.278
2014-11-21,AMD,0.11184100000000001,100,11.1841
2014-11-22,AMD,0.10929,100,10.929
2014-11-25,AMD,0.104031,100,10.4031
2014-11-26,AMD,0.10360699999999999,100,10.3607
2014-11-27,AMD,0.106919,100,10.6919
2014-11-28,AMD,0.109848,100,10.9848
2014-11-29,AMD,0.11367100000000001,100,11.3671
2014-12-02,AMD,0.11866,100,11.866
2014-12-03,AMD,0.113321,100,11.3321
2014-12-04,AMD,0.12324600000000001,100,12.3246
2014-12-05,AMD,0.118678,100,11.8678
2014-12-06,AMD,0.117368,100,11.7368
2014-12-09,AMD,0.117808,100,11.7808
2014-12-10,AMD,0.119805,100,11.9805
2014-12-11,AMD,0.119947,100,11.9947
2014-12-12,AMD,0.118986,100,11.8986
2014-12-13,AMD,0.121305,100,12.1305
2014-12-16,AMD,0.12309300000000001,100,12.3093
2014-12-17,AMD,0.129011,100,12.9011
2014-12-18,AMD,0.143007,100,14.3007
2014-12-19,AMD,0.125745,100,12.5745
2014-12-20,AMD,0.1305,100,13.05
2014-12-23,AMD,0.121492,100,12.1492
2014-12-24,AMD,0.118628,100,11.8628
2014-12-25,AMD,0.118331,100,11.8331
2014-12-26,AMD,0.11488200000000001,100,11.4882
2014-12-27,AMD,0.112507,100,11.2507
2014-12-30,AMD,0.120085,100,12.0085
2014-12-31,AMD,0.120986,100,12.0986
2015-01-01,AMD,0.118645,100,11.8645
2015-01-13,AMD,0.131799,100,13.1799
2015-01-14,AMD,0.136799,100,13.6799
2015-01-15,AMD,0.138426,100,13.8426
2015-01-16,AMD,0.135777,100,13.5777
2015-01-17,AMD,0.136633,100,13.6633
2015-01-20,AMD,0.13664199999999999,100,13.6642
2015-01-21,AMD,0.135954,100,13.5954
2015-01-22,AMD,0.137867,100,13.7867
2015-01-23,AMD,0.139594,100,13.9594
2015-01-24,AMD,0.133319,100,13.3319
2015-01-27,AMD,0.138529,100,13.8529
2015-01-28,AMD,0.142619,100,14.2619
2015-01-29,AMD,0.14122099999999999,100,14.1221
2015-01-30,AMD,0.144391,100,14.4391
2015-01-31,AMD,0.144809,100,14.4809
2015-02-03,AMD,0.146199,100,14.6199
2015-02-04,AMD,0.14238,100,14.238
2015-02-05,AMD,0.137349,100,13.7349
2015-02-06,AMD,0.144141,100,14.4141
2015-02-07,AMD,0.138455,100,13.8455
2015-02-10,AMD,0.137331,100,13.7331
2015-02-11,AMD,0.136661,100,13.6661
2015-02-12,AMD,0.137765,100,13.7765
2015-02-13,AMD,0.138356,100,13.8356
2015-02-14,AMD,0.135738,100,13.5738
2015-02-17,AMD,0.130821,100,13.0821
2015-02-18,AMD,0.131153,100,13.1153
2015-02-19,AMD,0.13019,100,13.019
2015-02-20,AMD,0.129709,100,12.9709
2015-02-21,AMD,0.128859,100,12.8859
2015-02-25,AMD,0.132585,100,13.2585
2015-02-26,AMD,0.130669,100,13.0669
2015-02-27,AMD,0.126719,100,12.6719
2015-02-28,AMD,0.128103,100,12.8103
2015-03-03,AMD,0.130041,100,13.0041
2015-03-04,AMD,0.130198,100,13.0198
2015-03-05,AMD,0.129174,100,12.9174
2015-03-06,AMD,0.128912,100,12.8912
2015-03-07,AMD,0.125013,100,12.5013
2015-03-11,AMD,0.126254,100,12.6254
2015-03-12,AMD,0.129664,100,12.9664
2015-03-13,AMD,0.126367,100,12.6367
2015-03-14,AMD,0.127345,100,12.7345
2015-03-17,AMD,0.129075,100,12.9075
2015-03-18,AMD,0.129051,100,12.9051
2015-03-19,AMD,0.127411,100,12.7411
2015-03-20,AMD,0.124843,100,12.4843
2015-03-21,AMD,0.125489,100,12.5489
2015-03-24,AMD,0.124649,100,12.4649
2015-03-25,AMD,0.123833,100,12.3833
2015-03-26,AMD,0.12155900000000001,100,12.1559
2015-03-27,AMD,0.119473,100,11.9473
2015-03-28,AMD,0.122201,100,12.2201
2015-03-31,AMD,0.123996,100,12.3996
2015-04-01,AMD,0.122269,100,12.2269
2015-04-02,AMD,0.123657,100,12.3657
2015-04-03,AMD,0.12061400000000001,100,12.0614
2015-04-04,AMD,0.119733,100,11.9733
2015-04-07,AMD,0.11973800000000001,100,11.9738
2015-04-08,AMD,0.116441,100,11.6441
2015-04-09,AMD,0.113526,100,11.3526
2015-04-10,AMD,0.11049899999999999,100,11.0499
2015-04-11,AMD,0.107173,100,10.7173
2015-04-14,AMD,0.11019999999999999,100,11.02
2015-04-15,AMD,0.10976699999999999,100,10.9767
2015-04-16,AMD,0.107135,100,10.7135
2015-04-17,AMD,0.10513199999999999,100,10.5132
2015-04-18,AMD,0.106828,100,10.6828
2015-04-21,AMD,0.10896900000000001,100,10.8969
2015-04-22,AMD,0.113867,100,11.3867
2015-04-23,AMD,0.11319699999999999,100,11.3197
2015-04-24,AMD,0.108863,100,10.8863
2015-04-25,AMD,0.106007,100,10.6007
2015-04-28,AMD,0.108356,100,10.8356
2015-04-29,AMD,0.11002100000000001,100,11.0021
2015-04-30,AMD,0.108574,100,10.8574
2015-05-01,AMD,0.107097,100,10.7097
2015-05-06,AMD,0.107314,100,10.7314
2015-05-07,AMD,0.103782,100,10.3782
2015-05-08,AMD,0.10461499999999999,100,10.4615
2015-05-09,AMD,0.10564299999999999,100,10.5643
2015-05-13,AMD,0.106049,100,10.6049
2015-05-14,AMD,0.103008,100,10.3008
2015-05-15,AMD,0.10382999999999999,100,10.383
2015-05-16,AMD,0.10345800000000001,100,10.3458
2015-05-19,AMD,0.102005,100,10.2005
2015-05-20,AMD,0.102294,100,10.2294
2015-05-21,AMD,0.10411300000000001,100,10.4113
2015-05-22,AMD,0.10452299999999999,100,10.4523
2015-05-23,AMD,0.104579,100,10.4579
2015-05-26,AMD,0.10377,100,10.377
2015-05-27,AMD,0.104991,100,10.4991
2015-05-28,AMD,0.10642,100,10.642
2015-05-29,AMD,0.108826,100,10.8826
2015-05-30,AMD,0.11024300000000001,100,11.0243
2015-06-02,AMD,0.11064399999999999,100,11.0644
2015-06-03,AMD,0.112013,100,11.2013
2015-06-04,AMD,0.111095,100,11.1095
2015-06-05,AMD,0.11513999999999999,100,11.514
2015-06-06,AMD,0.117719,100,11.7719
2015-06-09,AMD,0.117516,100,11.7516
2015-06-10,AMD,0.117631,100,11.7631
2015-06-11,AMD,0.114093,100,11.4093
2015-06-12,AMD,0.11407600000000001,100,11.4076
2015-06-16,AMD,0.116109,100,11.6109
2015-06-17,AMD,0.11391400000000002,100,11.3914
2015-06-18,AMD,0.113593,100,11.3593
2015-06-19,AMD,0.11251099999999999,100,11.2511
2015-06-20,AMD,0.113647,100,11.3647
2015-06-23,AMD,0.113109,100,11.3109
2015-06-24,AMD,0.11474999999999999,100,11.475
2015-06-25,AMD,0.114468,100,11.4468
2015-06-26,AMD,0.11558600000000001,100,11.5586
2015-06-27,AMD,0.115883,100,11.5883
2015-06-30,AMD,0.117263,100,11.7263
2015-07-01,AMD,0.117958,100,11.7958
2015-07-02,AMD,0.117409,100,11.7409
2015-07-03,AMD,0.11769600000000001,100,11.7696
2015-07-04,AMD,0.11731,100,11.731
2015-07-07,AMD,0.11886100000000001,100,11.8861
2015-07-08,AMD,0.120385,100,12.0385
2015-07-09,AMD,0.12028,100,12.028
2015-07-10,AMD,0.11955600000000001,100,11.9556
2015-07-11,AMD,0.118802,100,11.8802
2015-07-14,AMD,0.11845800000000001,100,11.8458
2015-07-15,AMD,0.11904999999999999,100,11.905
2015-07-16,AMD,0.11839000000000001,100,11.839
2015-07-17,AMD,0.118585,100,11.8585
2015-07-18,AMD,0.118298,100,11.8298
2015-07-21,AMD,0.118034,100,11.8034
2015-07-22,AMD,0.118755,100,11.8755
2015-07-23,AMD,0.119046,100,11.9046
2015-07-24,AMD,0.12002700000000001,100,12.0027
2015-07-25,AMD,0.12167199999999999,100,12.1672
2015-07-28,AMD,0.12291,100,12.291
2015-07-29,AMD,0.125727,100,12.5727
2015-07-30,AMD,0.125297,100,12.5297
2015-07-31,AMD,0.123347,100,12.3347
2015-08-01,AMD,0.126246,100,12.6246
2015-08-04,AMD,0.13096,100,13.096
2015-08-05,AMD,0.131766,100,13.1766
2015-08-06,AMD,0.131237,100,13.1237
2015-08-07,AMD,0.133608,100,13.3608
2015-08-08,AMD,0.1335,100,13.35
2015-08-11,AMD,0.13482,100,13.482
2015-08-12,AMD,0.132169,100,13.2169
2015-08-13,AMD,0.135962,100,13.5962
2015-08-14,AMD,0.133833,100,13.3833
2015-08-15,AMD,0.135793,100,13.5793
2015-08-18,AMD,0.137036,100,13.7036
2015-08-19,AMD,0.13771699999999998,100,13.7717
2015-08-20,AMD,0.137638,100,13.7638
2015-08-21,AMD,0.140144,100,14.0144
2015-08-22,AMD,0.142395,100,14.2395
2015-08-25,AMD,0.146473,100,14.6473
2015-08-26,AMD,0.144219,100,14.4219
2015-08-27,AMD,0.142769,100,14.2769
2015-08-28,AMD,0.139239,100,13.9239
2015-08-29,AMD,0.137635,100,13.7635
2015-09-01,AMD,0.13827,100,13.827
2015-09-02,AMD,0.135411,100,13.5411
2015-09-03,AMD,0.137405,100,13.7405
2015-09-04,AMD,0.138294,100,13.8294
2015-09-05,AMD,0.139758,100,13.9758
2015-09-08,AMD,0.141064,100,14.1064
2015-09-09,AMD,0.141725,100,14.1725
2015-09-10,AMD,0.139283,100,13.9283
2015-09-11,AMD,0.141229,100,14.1229
2015-09-12,AMD,0.140399,100,14.0399
2015-09-15,AMD,0.140407,100,14.0407
2015-09-16,AMD,0.138898,100,13.8898
2015-09-17,AMD,0.136637,100,13.6637
2015-09-18,AMD,0.13602999999999998,100,13.603
2015-09-19,AMD,0.135629,100,13.5629
2015-09-22,AMD,0.136664,100,13.6664
2015-09-23,AMD,0.138586,100,13.8586
2015-09-24,AMD,0.13936400000000002,100,13.9364
2015-09-25,AMD,0.140624,100,14.0624
2015-09-26,AMD,0.13796799999999998,100,13.7968
2015-09-29,AMD,0.137704,100,13.7704
2015-09-30,AMD,0.139182,100,13.9182
2015-10-01,AMD,0.13927199999999998,100,13.9272
2015-10-02,AMD,0.137637,100,13.7637
2015-10-03,AMD,0.13897,100,13.897
2015-10-06,AMD,0.13830299999999998,100,13.8303
2015-10-07,AMD,0.137479,100,13.7479
2015-10-08,AMD,0.132152,100,13.2152
2015-10-09,AMD,0.13128399999999998,100,13.1284
2015-10-10,AMD,0.12931800000000002,100,12.9318
2015-10-13,AMD,0.12898199999999999,100,12.8982
2015-10-14,AMD,0.131204,100,13.1204
2015-10-15,AMD,0.13317500000000002,100,13.3175
2015-10-16,AMD,0.131593,100,13.1593
2015-10-17,AMD,0.12938,100,12.938
2015-10-20,AMD,0.129898,100,12.9898
2015-10-21,AMD,0.13142099999999998,100,13.1421
2015-10-22,AMD,0.132974,100,13.2974
2015-10-23,AMD,0.133735,100,13.3735
2015-10-24,AMD,0.131903,100,13.1903
2015-10-27,AMD,0.132423,100,13.2423
2015-10-28,AMD,0.134535,100,13.4535
2015-10-29,AMD,0.138381,100,13.8381
2015-10-30,AMD,0.13595000000000002,100,13.595
2015-10-31,AMD,0.136386,100,13.6386
2015-11-03,AMD,0.13445600000000002,100,13.4456
2015-11-04,AMD,0.134568,100,13.4568
2015-11-06,AMD,0.132773,100,13.2773
2015-11-07,AMD,0.133228,100,13.3228
2015-11-10,AMD,0.134569,100,13.4569
2015-11-11,AMD,0.13317600000000002,100,13.3176
2015-11-12,AMD,0.133961,100,13.3961
2015-11-13,AMD,0.13679,100,13.679
2015-11-14,AMD,0.13925700000000002,100,13.9257
2015-11-17,AMD,0.137885,100,13.7885
2015-11-18,AMD,0.136133,100,13.6133
2015-11-19,AMD,0.13439500000000001,100,13.4395
2015-11-20,AMD,0.134728,100,13.4728
2015-11-21,AMD,0.134635,100,13.4635
2015-11-24,AMD,0.136377,100,13.6377
2015-11-25,AMD,0.136398,100,13.6398
2015-11-26,AMD,0.136102,100,13.6102
2015-11-27,AMD,0.13652799999999998,100,13.6528
2015-11-28,AMD,0.137426,100,13.7426
2015-12-01,AMD,0.137886,100,13.7886
2015-12-02,AMD,0.136898,100,13.6898
2015-12-03,AMD,0.137836,100,13.7836
2015-12-04,AMD,0.139759,100,13.9759
2015-12-05,AMD,0.139929,100,13.9929
2015-12-08,AMD,0.141473,100,14.1473
2015-12-09,AMD,0.143039,100,14.3039
2015-12-10,AMD,0.142592,100,14.2592
2015-12-11,AMD,0.142565,100,14.2565
2015-12-12,AMD,0.14263,100,14.263
2015-12-15,AMD,0.144942,100,14.4942
2015-12-16,AMD,0.146372,100,14.6372
2015-12-17,AMD,0.145577,100,14.5577
2015-12-18,AMD,0.146433,100,14.6433
2015-12-19,AMD,0.148432,100,14.8432
2015-12-22,AMD,0.148758,100,14.8758
2015-12-23,AMD,0.14863300000000002,100,14.8633
2015-12-24,AMD,0.14765499999999998,100,14.7655
2015-12-25,AMD,0.144076,100,14.4076
2015-12-26,AMD,0.145214,100,14.5214
2015-12-29,AMD,0.147165,100,14.7165
2015-12-30,AMD,0.15024200000000001,100,15.0242
2015-12-31,AMD,0.15045999999999998,100,15.046
2016-01-01,AMD,0.151464,100,15.1464
2016-01-12,AMD,0.157004,100,15.7004
2016-01-13,AMD,0.159095,100,15.9095
2016-01-14,AMD,0.158728,100,15.8728
2016-01-15,AMD,0.158187,100,15.8187
2016-01-16,AMD,0.157866,100,15.7866
2016-01-19,AMD,0.161868,100,16.1868
2016-01-20,AMD,0.161494,100,16.1494
2016-01-21,AMD,0.16346699999999997,100,16.3467
2016-01-22,AMD,0.172034,100,17.2034
2016-01-23,AMD,0.16570000000000001,100,16.57
2016-01-26,AMD,0.159386,100,15.9386
2016-01-27,AMD,0.167704,100,16.7704
2016-01-28,AMD,0.161581,100,16.1581
2016-01-29,AMD,0.159685,100,15.9685
2016-01-30,AMD,0.153727,100,15.3727
2016-02-02,AMD,0.156087,100,15.6087
2016-02-03,AMD,0.158873,100,15.8873
2016-02-04,AMD,0.160606,100,16.0606
2016-02-05,AMD,0.154763,100,15.4763
2016-02-06,AMD,0.15664,100,15.664
2016-02-09,AMD,0.155511,100,15.5511
2016-02-10,AMD,0.159063,100,15.9063
2016-02-11,AMD,0.159767,100,15.9767
2016-02-12,AMD,0.159795,100,15.9795
2016-02-13,AMD,0.160661,100,16.0661
2016-02-16,AMD,0.157003,100,15.7003
2016-02-17,AMD,0.15372,100,15.372
2016-02-18,AMD,0.156956,100,15.6956
2016-02-19,AMD,0.152193,100,15.2193
2016-02-20,AMD,0.154274,100,15.4274
2016-02-21,AMD,0.156218,100,15.6218
2016-02-25,AMD,0.155428,100,15.5428
2016-02-26,AMD,0.155586,100,15.5586
2016-02-27,AMD,0.15284,100,15.284
2016-03-01,AMD,0.154613,100,15.4613
2016-03-02,AMD,0.150822,100,15.0822
2016-03-03,AMD,0.150256,100,15.0256
2016-03-04,AMD,0.150508,100,15.0508
2016-03-05,AMD,0.14894,100,14.894
2016-03-10,AMD,0.147258,100,14.7258
2016-03-11,AMD,0.144792,100,14.4792
2016-03-12,AMD,0.143045,100,14.3045
2016-03-15,AMD,0.143318,100,14.3318
2016-03-16,AMD,0.14455099999999999,100,14.4551
2016-03-17,AMD,0.145694,100,14.5694
2016-03-18,AMD,0.14075100000000001,100,14.0751
2016-03-19,AMD,0.140457,100,14.0457
2016-03-22,AMD,0.14260799999999998,100,14.2608
2016-03-23,AMD,0.141289,100,14.1289
2016-03-24,AMD,0.140948,100,14.0948
2016-03-25,AMD,0.143341,100,14.3341
2016-03-26,AMD,0.14198,100,14.198
2016-03-29,AMD,0.14077,100,14.077
2016-03-30,AMD,0.142793,100,14.2793
2016-03-31,AMD,0.140673,100,14.0673
2016-04-01,AMD,0.141218,100,14.1218
2016-04-02,AMD,0.139877,100,13.9877
2016-04-05,AMD,0.14248,100,14.248
2016-04-06,AMD,0.142955,100,14.2955
2016-04-07,AMD,0.142043,100,14.2043
2016-04-08,AMD,0.140335,100,14.0335
2016-04-09,AMD,0.13936400000000002,100,13.9364
2016-04-12,AMD,0.138688,100,13.8688
2016-04-13,AMD,0.137049,100,13.7049
2016-04-14,AMD,0.135993,100,13.5993
2016-04-15,AMD,0.1377,100,13.77
2016-04-16,AMD,0.137023,100,13.7023
2016-04-19,AMD,0.141791,100,14.1791
2016-04-20,AMD,0.13633900000000002,100,13.6339
2016-04-21,AMD,0.137748,100,13.7748
2016-04-22,AMD,0.135717,100,13.5717
2016-04-23,AMD,0.138246,100,13.8246
2016-04-26,AMD,0.139101,100,13.9101
2016-04-27,AMD,0.138681,100,13.8681
2016-04-28,AMD,0.13586700000000002,100,13.5867
2016-04-29,AMD,0.13586499999999999,100,13.5865
2016-04-30,AMD,0.13447599999999998,100,13.4476
2016-05-05,AMD,0.138232,100,13.8232
2016-05-06,AMD,0.13759,100,13.759
2016-05-07,AMD,0.138218,100,13.8218
2016-05-11,AMD,0.13847099999999998,100,13.8471
2016-05-12,AMD,0.138294,100,13.8294
2016-05-13,AMD,0.135363,100,13.5363
2016-05-14,AMD,0.135554,100,13.5554
2016-05-17,AMD,0.13544,100,13.544
2016-05-18,AMD,0.134825,100,13.4825
2016-05-19,AMD,0.13611700000000002,100,13.6117
2016-05-20,AMD,0.138604,100,13.8604
2016-05-21,AMD,0.138981,100,13.8981
2016-05-24,AMD,0.14059,100,14.059
2016-05-25,AMD,0.140594,100,14.0594
2016-05-26,AMD,0.137855,100,13.7855
2016-05-27,AMD,0.136386,100,13.6386
2016-05-28,AMD,0.138162,100,13.8162
2016-05-31,AMD,0.138335,100,13.8335
2016-06-01,AMD,0.138096,100,13.8096
2016-06-02,AMD,0.139363,100,13.9363
2016-06-03,AMD,0.139613,100,13.9613
2016-06-04,AMD,0.139713,100,13.9713
2016-06-07,AMD,0.137261,100,13.7261
2016-06-08,AMD,0.136022,100,13.6022
2016-06-09,AMD,0.13491799999999998,100,13.4918
2016-06-10,AMD,0.132958,100,13.2958
2016-06-11,AMD,0.13508900000000001,100,13.5089
2016-06-15,AMD,0.137851,100,13.7851
2016-06-16,AMD,0.137611,100,13.7611
2016-06-17,AMD,0.137671,100,13.7671
2016-06-18,AMD,0.136903,100,13.6903
2016-06-21,AMD,0.134347,100,13.4347
2016-06-22,AMD,0.134678,100,13.4678
2016-06-23,AMD,0.133717,100,13.3717
2016-06-24,AMD,0.134987,100,13.4987
2016-06-25,AMD,0.137521,100,13.7521
2016-06-28,AMD,0.136392,100,13.6392
2016-06-29,AMD,0.135826,100,13.5826
2016-06-30,AMD,0.134669,100,13.4669
2016-07-01,AMD,0.134399,100,13.4399
2016-07-02,AMD,0.13433299999999998,100,13.4333
2016-07-05,AMD,0.133558,100,13.3558
2016-07-06,AMD,0.13478099999999998,100,13.4781
2016-07-07,AMD,0.135536,100,13.5536
2016-07-08,AMD,0.134291,100,13.4291
2016-07-09,AMD,0.134708,100,13.4708
2016-07-12,AMD,0.134695,100,13.4695
2016-07-13,AMD,0.133912,100,13.3912
2016-07-14,AMD,0.133892,100,13.3892
2016-07-15,AMD,0.13323000000000002,100,13.323
2016-07-16,AMD,0.13232,100,13.232
2016-07-19,AMD,0.13234500000000002,100,13.2345
2016-07-20,AMD,0.132053,100,13.2053
2016-07-21,AMD,0.13309200000000002,100,13.3092
2016-07-22,AMD,0.134043,100,13.4043
2016-07-23,AMD,0.135629,100,13.5629
2016-07-26,AMD,0.136355,100,13.6355
2016-07-27,AMD,0.138053,100,13.8053
2016-07-28,AMD,0.138398,100,13.8398
2016-07-29,AMD,0.138601,100,13.8601
2016-07-30,AMD,0.140569,100,14.0569
2016-08-02,AMD,0.13838699999999998,100,13.8387
2016-08-03,AMD,0.14033099999999998,100,14.0331
2016-08-04,AMD,0.140097,100,14.0097
2016-08-05,AMD,0.139454,100,13.9454
2016-08-06,AMD,0.137708,100,13.7708
2016-08-09,AMD,0.13678,100,13.678
2016-08-10,AMD,0.13613799999999998,100,13.6138
2016-08-11,AMD,0.136135,100,13.6135
2016-08-12,AMD,0.13641999999999999,100,13.642
2016-08-13,AMD,0.135104,100,13.5104
2016-08-16,AMD,0.13489,100,13.489
2016-08-17,AMD,0.134352,100,13.4352
2016-08-18,AMD,0.134583,100,13.4583
2016-08-19,AMD,0.133646,100,13.3646
2016-08-20,AMD,0.134609,100,13.4609
2016-08-23,AMD,0.13517400000000002,100,13.5174
2016-08-24,AMD,0.136355,100,13.6355
2016-08-25,AMD,0.136451,100,13.6451
2016-08-26,AMD,0.13672800000000002,100,13.6728
2016-08-27,AMD,0.136291,100,13.6291
2016-08-30,AMD,0.137013,100,13.7013
2016-08-31,AMD,0.136647,100,13.6647
2016-09-01,AMD,0.137376,100,13.7376
2016-09-02,AMD,0.137382,100,13.7382
2016-09-03,AMD,0.13867000000000002,100,13.867
2016-09-06,AMD,0.136346,100,13.6346
2016-09-07,AMD,0.136629,100,13.6629
2016-09-08,AMD,0.135681,100,13.5681
2016-09-09,AMD,0.13468,100,13.468
2016-09-10,AMD,0.135077,100,13.5077
2016-09-13,AMD,0.1371,100,13.71
2016-09-14,AMD,0.1365,100,13.65
2016-09-15,AMD,0.136844,100,13.6844
2016-09-16,AMD,0.137444,100,13.7444
2016-09-17,AMD,0.136974,100,13.6974
2016-09-20,AMD,0.13684100000000002,100,13.6841
2016-09-21,AMD,0.136577,100,13.6577
2016-09-22,AMD,0.135811,100,13.5811
2016-09-23,AMD,0.13464399999999999,100,13.4644
2016-09-24,AMD,0.134984,100,13.4984
2016-09-27,AMD,0.135482,100,13.5482
2016-09-28,AMD,0.134513,100,13.4513
2016-09-29,AMD,0.13488899999999998,100,13.4889
2016-09-30,AMD,0.133245,100,13.3245
2016-10-01,AMD,0.133676,100,13.3676
2016-10-04,AMD,0.131957,100,13.1957
2016-10-05,AMD,0.131742,100,13.1742
2016-10-06,AMD,0.13188,100,13.188
2016-10-07,AMD,0.131624,100,13.1624
2016-10-08,AMD,0.131552,100,13.1552
2016-10-11,AMD,0.131482,100,13.1482
2016-10-12,AMD,0.131074,100,13.1074
2016-10-13,AMD,0.13149,100,13.149
2016-10-14,AMD,0.132941,100,13.2941
2016-10-15,AMD,0.1322,100,13.22
2016-10-18,AMD,0.132531,100,13.2531
2016-10-19,AMD,0.131845,100,13.1845
2016-10-20,AMD,0.13161699999999998,100,13.1617
2016-10-21,AMD,0.131271,100,13.1271
2016-10-22,AMD,0.131473,100,13.1473
2016-10-25,AMD,0.130949,100,13.0949
2016-10-26,AMD,0.130556,100,13.0556
2016-10-27,AMD,0.131073,100,13.1073
2016-10-28,AMD,0.132643,100,13.2643
2016-10-29,AMD,0.132568,100,13.2568
2016-11-01,AMD,0.132949,100,13.2949
2016-11-02,AMD,0.132918,100,13.2918
2016-11-03,AMD,0.133228,100,13.3228
2016-11-04,AMD,0.133428,100,13.3428
2016-11-08,AMD,0.133697,100,13.3697
2016-11-09,AMD,0.13278399999999999,100,13.2784
2016-11-10,AMD,0.133989,100,13.3989
2016-11-11,AMD,0.132531,100,13.2531
2016-11-12,AMD,0.136579,100,13.6579
2016-11-15,AMD,0.137925,100,13.7925
2016-11-16,AMD,0.136829,100,13.6829
2016-11-17,AMD,0.13466799999999998,100,13.4668
2016-11-18,AMD,0.135325,100,13.5325
2016-11-19,AMD,0.1358,100,13.58
2016-11-22,AMD,0.134219,100,13.4219
2016-11-23,AMD,0.132835,100,13.2835
2016-11-24,AMD,0.133658,100,13.3658
2016-11-25,AMD,0.13495100000000002,100,13.4951
2016-11-26,AMD,0.134816,100,13.4816
2016-11-29,AMD,0.135353,100,13.5353
2016-11-30,AMD,0.135161,100,13.5161
2016-12-01,AMD,0.135743,100,13.5743
2016-12-02,AMD,0.132337,100,13.2337
2016-12-03,AMD,0.133235,100,13.3235
2016-12-06,AMD,0.13278800000000002,100,13.2788
2016-12-07,AMD,0.132629,100,13.2629
2016-12-08,AMD,0.132459,100,13.2459
2016-12-09,AMD,0.131783,100,13.1783
2016-12-10,AMD,0.131601,100,13.1601
2016-12-13,AMD,0.126813,100,12.6813
2016-12-14,AMD,0.125915,100,12.5915
2016-12-15,AMD,0.125507,100,12.5507
2016-12-16,AMD,0.12727,100,12.727
2016-12-17,AMD,0.127718,100,12.7718
2016-12-20,AMD,0.128201,100,12.8201
2016-12-21,AMD,0.128609,100,12.8609
2016-12-22,AMD,0.127046,100,12.7046
2016-12-23,AMD,0.126537,100,12.6537
2016-12-24,AMD,0.12626400000000002,100,12.6264
2016-12-27,AMD,0.12623499999999999,100,12.6235
2016-12-28,AMD,0.12613200000000002,100,12.6132
2016-12-29,AMD,0.125493,100,12.5493
2016-12-30,AMD,0.124595,100,12.4595
2016-12-31,AMD,0.125195,100,12.5195
2017-01-10,AMD,0.12359400000000001,100,12.3594
2017-01-11,AMD,0.12372999999999999,100,12.373
2017-01-12,AMD,0.123789,100,12.3789
2017-01-13,AMD,0.122423,100,12.2423
2017-01-14,AMD,0.122294,100,12.2294
2017-01-17,AMD,0.122827,100,12.2827
2017-01-18,AMD,0.122225,100,12.2225
2017-01-19,AMD,0.121381,100,12.1381
2017-01-20,AMD,0.12185800000000001,100,12.1858
2017-01-21,AMD,0.12265100000000001,100,12.2651
2017-01-24,AMD,0.12246,100,12.246
2017-01-25,AMD,0.12182,100,12.182
2017-01-26,AMD,0.12170600000000001,100,12.1706
2017-01-27,AMD,0.122682,100,12.2682
2017-01-28,AMD,0.123987,100,12.3987
2017-01-31,AMD,0.123841,100,12.3841
2017-02-01,AMD,0.123632,100,12.3632
2017-02-02,AMD,0.124222,100,12.4222
2017-02-03,AMD,0.123555,100,12.3555
2017-02-04,AMD,0.122196,100,12.2196
2017-02-07,AMD,0.120956,100,12.0956
2017-02-08,AMD,0.121847,100,12.1847
2017-02-09,AMD,0.12247999999999999,100,12.248
2017-02-10,AMD,0.121273,100,12.1273
2017-02-11,AMD,0.120932,100,12.0932
2017-02-14,AMD,0.119322,100,11.9322
2017-02-15,AMD,0.118682,100,11.8682
2017-02-16,AMD,0.116695,100,11.6695
2017-02-17,AMD,0.117449,100,11.7449
2017-02-18,AMD,0.118491,100,11.8491
2017-02-21,AMD,0.119442,100,11.9442
2017-02-22,AMD,0.118954,100,11.8954
2017-02-23,AMD,0.118239,100,11.8239
2017-02-28,AMD,0.11909,100,11.909
2017-03-01,AMD,0.119142,100,11.9142
2017-03-02,AMD,0.11999499999999999,100,11.9995
2017-03-03,AMD,0.120055,100,12.0055
2017-03-04,AMD,0.121089,100,12.1089
2017-03-07,AMD,0.119819,100,11.9819
2017-03-08,AMD,0.11976,100,11.976
2017-03-10,AMD,0.12107799999999999,100,12.1078
2017-03-11,AMD,0.12197200000000001,100,12.1972
2017-03-14,AMD,0.121722,100,12.1722
2017-03-15,AMD,0.121429,100,12.1429
2017-03-16,AMD,0.122134,100,12.2134
2017-03-17,AMD,0.120338,100,12.0338
2017-03-18,AMD,0.119823,100,11.9823
2017-03-21,AMD,0.11847899999999999,100,11.8479
2017-03-22,AMD,0.11837099999999999,100,11.8371
2017-03-23,AMD,0.119206,100,11.9206
2017-03-24,AMD,0.118972,100,11.8972
2017-03-25,AMD,0.11876899999999999,100,11.8769
2017-03-28,AMD,0.117841,100,11.7841
2017-03-29,AMD,0.117686,100,11.7686
2017-03-30,AMD,0.11794,100,11.794
2017-03-31,AMD,0.11662800000000001,100,11.6628
2017-04-01,AMD,0.115741,100,11.5741
2017-04-04,AMD,0.116111,100,11.6111
2017-04-05,AMD,0.116893,100,11.6893
2017-04-06,AMD,0.115603,100,11.5603
2017-04-07,AMD,0.116726,100,11.6726
2017-04-08,AMD,0.11736100000000001,100,11.7361
2017-04-11,AMD,0.118329,100,11.8329
2017-04-12,AMD,0.11707100000000001,100,11.7071
2017-04-13,AMD,0.116661,100,11.6661
2017-04-14,AMD,0.116525,100,11.6525
2017-04-15,AMD,0.115737,100,11.5737
2017-04-18,AMD,0.115623,100,11.5623
2017-04-19,AMD,0.115184,100,11.5184
2017-04-20,AMD,0.11546799999999999,100,11.5468
2017-04-21,AMD,0.11644299999999999,100,11.6443
2017-04-22,AMD,0.116059,100,11.6059
2017-04-25,AMD,0.115747,100,11.5747
2017-04-26,AMD,0.11529400000000001,100,11.5294
2017-04-27,AMD,0.116229,100,11.6229
2017-04-28,AMD,0.117587,100,11.7587
2017-04-29,AMD,0.117614,100,11.7614
2017-05-03,AMD,0.11745699999999999,100,11.7457
2017-05-04,AMD,0.117838,100,11.7838
2017-05-05,AMD,0.118826,100,11.8826
2017-05-06,AMD,0.120666,100,12.0666
2017-05-11,AMD,0.11988099999999999,100,11.9881
2017-05-12,AMD,0.117909,100,11.7909
2017-05-13,AMD,0.11798600000000001,100,11.7986
2017-05-16,AMD,0.11664400000000001,100,11.6644
2017-05-17,AMD,0.11624000000000001,100,11.624
2017-05-18,AMD,0.117228,100,11.7228
2017-05-19,AMD,0.118736,100,11.8736
2017-05-20,AMD,0.118283,100,11.8283
2017-05-23,AMD,0.11712,100,11.712
2017-05-24,AMD,0.11714000000000001,100,11.714
2017-05-25,AMD,0.116607,100,11.6607
2017-05-26,AMD,0.11584699999999999,100,11.5847
2017-05-27,AMD,0.117264,100,11.7264
2017-05-30,AMD,0.11768100000000001,100,11.7681
2017-05-31,AMD,0.11737700000000001,100,11.7377
2017-06-01,AMD,0.117123,100,11.7123
2017-06-02,AMD,0.117419,100,11.7419
2017-06-03,AMD,0.117487,100,11.7487
2017-06-06,AMD,0.11733700000000001,100,11.7337
2017-06-07,AMD,0.117461,100,11.7461
2017-06-08,AMD,0.11691700000000001,100,11.6917
2017-06-09,AMD,0.11810499999999999,100,11.8105
2017-06-10,AMD,0.11813900000000001,100,11.8139
2017-06-14,AMD,0.11794700000000001,100,11.7947
2017-06-15,AMD,0.11819800000000001,100,11.8198
2017-06-16,AMD,0.11905400000000001,100,11.9054
2017-06-17,AMD,0.119299,100,11.9299
2017-06-20,AMD,0.12024599999999999,100,12.0246
2017-06-21,AMD,0.12178499999999999,100,12.1785
2017-06-22,AMD,0.12487,100,12.487
2017-06-23,AMD,0.125309,100,12.5309
2017-06-24,AMD,0.12425800000000001,100,12.4258
2017-06-27,AMD,0.122792,100,12.2792
2017-06-28,AMD,0.12249700000000001,100,12.2497
2017-06-29,AMD,0.12389,100,12.389
2017-06-30,AMD,0.12296699999999999,100,12.2967
2017-07-01,AMD,0.123608,100,12.3608
2017-07-04,AMD,0.12272500000000001,100,12.2725
2017-07-05,AMD,0.123318,100,12.3318
2017-07-06,AMD,0.124055,100,12.4055
2017-07-07,AMD,0.125505,100,12.5505
2017-07-08,AMD,0.125921,100,12.5921
2017-07-11,AMD,0.125628,100,12.5628
2017-07-12,AMD,0.12667299999999998,100,12.6673
2017-07-13,AMD,0.126693,100,12.6693
2017-07-14,AMD,0.12551299999999999,100,12.5513
2017-07-15,AMD,0.125012,100,12.5012
2017-07-18,AMD,0.12330999999999999,100,12.331
2017-07-19,AMD,0.123947,100,12.3947
2017-07-20,AMD,0.123818,100,12.3818
2017-07-21,AMD,0.123474,100,12.3474
2017-07-22,AMD,0.123135,100,12.3135
2017-07-25,AMD,0.124649,100,12.4649
2017-07-26,AMD,0.124986,100,12.4986
2017-07-27,AMD,0.12523,100,12.523
2017-07-28,AMD,0.124056,100,12.4056
2017-07-29,AMD,0.12436,100,12.436
2017-08-01,AMD,0.125419,100,12.5419
2017-08-02,AMD,0.12493800000000001,100,12.4938
2017-08-03,AMD,0.126476,100,12.6476
2017-08-04,AMD,0.126827,100,12.6827
2017-08-05,AMD,0.125815,100,12.5815
2017-08-08,AMD,0.125309,100,12.5309
2017-08-09,AMD,0.125237,100,12.5237
2017-08-10,AMD,0.125284,100,12.5284
2017-08-11,AMD,0.125245,100,12.5245
2017-08-12,AMD,0.125731,100,12.5731
2017-08-15,AMD,0.12510300000000002,100,12.5103
2017-08-16,AMD,0.12536899999999998,100,12.5369
2017-08-17,AMD,0.12471700000000001,100,12.4717
2017-08-18,AMD,0.123874,100,12.3874
2017-08-19,AMD,0.12404799999999999,100,12.4048
2017-08-22,AMD,0.123573,100,12.3573
2017-08-23,AMD,0.123578,100,12.3578
2017-08-24,AMD,0.12357599999999999,100,12.3576
2017-08-25,AMD,0.123529,100,12.3529
2017-08-26,AMD,0.12348100000000001,100,12.3481
2017-08-29,AMD,0.122355,100,12.2355
2017-08-30,AMD,0.122324,100,12.2324
2017-08-31,AMD,0.12273899999999999,100,12.2739
2017-09-01,AMD,0.122544,100,12.2544
2017-09-02,AMD,0.12145500000000001,100,12.1455
2017-09-05,AMD,0.120882,100,12.0882
2017-09-06,AMD,0.12102600000000001,100,12.1026
2017-09-07,AMD,0.119924,100,11.9924
2017-09-08,AMD,0.119511,100,11.9511
2017-09-09,AMD,0.11930199999999999,100,11.9302
2017-09-12,AMD,0.11960100000000001,100,11.9601
2017-09-13,AMD,0.11980299999999999,100,11.9803
2017-09-14,AMD,0.12064399999999999,100,12.0644
2017-09-15,AMD,0.120834,100,12.0834
2017-09-16,AMD,0.120212,100,12.0212
2017-09-19,AMD,0.120457,100,12.0457
2017-09-20,AMD,0.121318,100,12.1318
2017-09-21,AMD,0.12143100000000001,100,12.1431
2017-09-22,AMD,0.121752,100,12.1752
2017-09-23,AMD,0.120612,100,12.0612
2017-09-26,AMD,0.120532,100,12.0532
2017-09-27,AMD,0.120458,100,12.0458
2017-09-28,AMD,0.12138600000000001,100,12.1386
2017-09-29,AMD,0.122204,100,12.2204
2017-09-30,AMD,0.12129799999999999,100,12.1298
2017-10-03,AMD,0.120974,100,12.0974
2017-10-04,AMD,0.121132,100,12.1132
2017-10-05,AMD,0.12088499999999999,100,12.0885
2017-10-06,AMD,0.120362,100,12.0362
2017-10-07,AMD,0.120839,100,12.0839
2017-10-10,AMD,0.121871,100,12.1871
2017-10-11,AMD,0.12123400000000001,100,12.1234
2017-10-12,AMD,0.120518,100,12.0518
2017-10-13,AMD,0.119981,100,11.9981
2017-10-14,AMD,0.119816,100,11.9816
2017-10-17,AMD,0.118707,100,11.8707
2017-10-18,AMD,0.11923299999999999,100,11.9233
2017-10-19,AMD,0.11906900000000001,100,11.9069
2017-10-20,AMD,0.11964000000000001,100,11.964
2017-10-21,AMD,0.11949299999999999,100,11.9493
2017-10-24,AMD,0.119234,100,11.9234
2017-10-25,AMD,0.11947100000000001,100,11.9471
2017-10-26,AMD,0.11958099999999999,100,11.9581
2017-10-27,AMD,0.119977,100,11.9977
2017-10-28,AMD,0.12063,100,12.063
2017-10-31,AMD,0.119991,100,11.9991
2017-11-01,AMD,0.12045199999999999,100,12.0452
2017-11-02,AMD,0.12043,100,12.043
2017-11-03,AMD,0.120138,100,12.0138
2017-11-04,AMD,0.12077199999999999,100,12.0772
2017-11-08,AMD,0.12030400000000001,100,12.0304
2017-11-09,AMD,0.12183400000000001,100,12.1834
2017-11-10,AMD,0.12171900000000001,100,12.1719
2017-11-11,AMD,0.12162699999999999,100,12.1627
2017-11-14,AMD,0.12152400000000001,100,12.1524
2017-11-15,AMD,0.12206099999999999,100,12.2061
2017-11-16,AMD,0.12327199999999999,100,12.3272
2017-11-17,AMD,0.12311899999999999,100,12.3119
2017-11-18,AMD,0.12270099999999999,100,12.2701
2017-11-21,AMD,0.122722,100,12.2722
2017-11-22,AMD,0.122979,100,12.2979
2017-11-23,AMD,0.121913,100,12.1913
2017-11-24,AMD,0.120603,100,12.0603
2017-11-25,AMD,0.120933,100,12.0933
2017-11-28,AMD,0.120221,100,12.0221
2017-11-29,AMD,0.120675,100,12.0675
2017-11-30,AMD,0.120394,100,12.0394
2017-12-01,AMD,0.121036,100,12.1036
2017-12-02,AMD,0.120656,100,12.0656
2017-12-05,AMD,0.12168100000000001,100,12.1681
2017-12-06,AMD,0.12109,100,12.109
2017-12-07,AMD,0.12147000000000001,100,12.147
2017-12-08,AMD,0.122131,100,12.2131
2017-12-09,AMD,0.122179,100,12.2179
2017-12-12,AMD,0.122386,100,12.2386
2017-12-13,AMD,0.12153900000000001,100,12.1539
2017-12-14,AMD,0.12235099999999999,100,12.2351
2017-12-15,AMD,0.120923,100,12.0923
2017-12-16,AMD,0.122323,100,12.2323
2017-12-19,AMD,0.121646,100,12.1646
2017-12-20,AMD,0.121349,100,12.1349
2017-12-21,AMD,0.121693,100,12.1693
2017-12-22,AMD,0.121493,100,12.1493
2017-12-23,AMD,0.121364,100,12.1364
2017-12-26,AMD,0.12086999999999999,100,12.087
2017-12-27,AMD,0.119855,100,11.9855
2017-12-28,AMD,0.119249,100,11.9249
2017-12-29,AMD,0.119222,100,11.9222
2017-12-30,AMD,0.119009,100,11.9009
2018-01-10,AMD,0.117621,100,11.7621
2018-01-11,AMD,0.11736200000000001,100,11.7362
2018-01-12,AMD,0.11776,100,11.776
2018-01-13,AMD,0.117019,100,11.7019
2018-01-16,AMD,0.116729,100,11.6729
2018-01-17,AMD,0.116672,100,11.6672
2018-01-18,AMD,0.117144,100,11.7144
2018-01-19,AMD,0.11756399999999999,100,11.7564
2018-01-20,AMD,0.11730800000000001,100,11.7308
2018-01-23,AMD,0.117604,100,11.7604
2018-01-24,AMD,0.11732799999999999,100,11.7328
2018-01-25,AMD,0.117354,100,11.7354
2018-01-26,AMD,0.116397,100,11.6397
2018-01-27,AMD,0.116165,100,11.6165
2018-01-30,AMD,0.117248,100,11.7248
2018-01-31,AMD,0.11727399999999999,100,11.7274
2018-02-01,AMD,0.11685499999999999,100,11.6855
2018-02-02,AMD,0.117065,100,11.7065
2018-02-03,AMD,0.11638799999999999,100,11.6388
2018-02-06,AMD,0.11758300000000001,100,11.7583
2018-02-07,AMD,0.11896000000000001,100,11.896
2018-02-08,AMD,0.11816,100,11.816
2018-02-09,AMD,0.11945700000000001,100,11.9457
2018-02-10,AMD,0.120439,100,12.0439
2018-02-13,AMD,0.11994400000000001,100,11.9944
2018-02-14,AMD,0.119533,100,11.9533
2018-02-15,AMD,0.119357,100,11.9357
2018-02-16,AMD,0.117532,100,11.7532
2018-02-17,AMD,0.117187,100,11.7187
2018-02-20,AMD,0.117261,100,11.7261
2018-02-21,AMD,0.11772600000000001,100,11.7726
2018-02-22,AMD,0.11793,100,11.793
2018-02-23,AMD,0.118104,100,11.8104
2018-02-27,AMD,0.116284,100,11.6284
2018-02-28,AMD,0.115802,100,11.5802
2018-03-01,AMD,0.117263,100,11.7263
2018-03-02,AMD,0.117447,100,11.7447
2018-03-03,AMD,0.11779999999999999,100,11.78
2018-03-06,AMD,0.11875999999999999,100,11.876
2018-03-07,AMD,0.117448,100,11.7448
2018-03-08,AMD,0.11796699999999999,100,11.7967
2018-03-13,AMD,0.117758,100,11.7758
2018-03-14,AMD,0.11837,100,11.837
2018-03-15,AMD,0.118403,100,11.8403
2018-03-16,AMD,0.11854200000000001,100,11.8542
2018-03-17,AMD,0.11973,100,11.973
2018-03-20,AMD,0.11994999999999999,100,11.995
2018-03-21,AMD,0.12009,100,12.009
2018-03-22,AMD,0.11980700000000001,100,11.9807
2018-03-23,AMD,0.11829200000000001,100,11.8292
2018-03-24,AMD,0.118874,100,11.8874
2018-03-27,AMD,0.118758,100,11.8758
2018-03-28,AMD,0.119176,100,11.9176
2018-03-29,AMD,0.119841,100,11.9841
2018-03-30,AMD,0.120464,100,12.0464
2018-03-31,AMD,0.119426,100,11.9426
2018-04-03,AMD,0.119329,100,11.9329
2018-04-04,AMD,0.11999499999999999,100,11.9995
2018-04-05,AMD,0.120343,100,12.0343
2018-04-06,AMD,0.119958,100,11.9958
2018-04-07,AMD,0.12048600000000001,100,12.0486
2018-04-10,AMD,0.121833,100,12.1833
2018-04-11,AMD,0.129398,100,12.9398
2018-04-12,AMD,0.132224,100,13.2224
2018-04-13,AMD,0.128209,100,12.8209
2018-04-14,AMD,0.127055,100,12.7055
2018-04-17,AMD,0.12881,100,12.881
2018-04-18,AMD,0.12659499999999999,100,12.6595
2018-04-19,AMD,0.127971,100,12.7971
2018-04-20,AMD,0.126788,100,12.6788
2018-04-21,AMD,0.127888,100,12.7888
2018-04-24,AMD,0.128812,100,12.8812
2018-04-25,AMD,0.128435,100,12.8435
2018-04-26,AMD,0.128578,100,12.8578
2018-04-27,AMD,0.130084,100,13.0084
2018-04-28,AMD,0.129814,100,12.9814
2018-04-29,AMD,0.128284,100,12.8284
2018-05-04,AMD,0.131034,100,13.1034
2018-05-05,AMD,0.130111,100,13.0111
2018-05-08,AMD,0.128857,100,12.8857
2018-05-09,AMD,0.129443,100,12.9443
2018-05-11,AMD,0.128516,100,12.8516
2018-05-12,AMD,0.127028,100,12.7028
2018-05-15,AMD,0.127226,100,12.7226
2018-05-16,AMD,0.12779400000000002,100,12.7794
2018-05-17,AMD,0.128726,100,12.8726
2018-05-18,AMD,0.127995,100,12.7995
2018-05-19,AMD,0.128242,100,12.8242
2018-05-22,AMD,0.129575,100,12.9575
2018-05-23,AMD,0.12670299999999998,100,12.6703
2018-05-24,AMD,0.127856,100,12.7856
2018-05-25,AMD,0.127167,100,12.7167
2018-05-26,AMD,0.127805,100,12.7805
2018-05-29,AMD,0.128526,100,12.8526
2018-05-30,AMD,0.129828,100,12.9828
2018-05-31,AMD,0.129126,100,12.9126
2018-06-01,AMD,0.128403,100,12.8403
2018-06-02,AMD,0.12887,100,12.887
2018-06-05,AMD,0.128164,100,12.8164
2018-06-06,AMD,0.128274,100,12.8274
2018-06-07,AMD,0.128378,100,12.8378
2018-06-08,AMD,0.127897,100,12.7897
2018-06-09,AMD,0.129747,100,12.9747
2018-06-10,AMD,0.129008,100,12.9008
2018-06-14,AMD,0.13067600000000001,100,13.0676
2018-06-15,AMD,0.128884,100,12.8884
2018-06-16,AMD,0.129314,100,12.9314
2018-06-19,AMD,0.131436,100,13.1436
2018-06-20,AMD,0.132894,100,13.2894
2018-06-21,AMD,0.131932,100,13.1932
2018-06-22,AMD,0.132339,100,13.2339
2018-06-23,AMD,0.130931,100,13.0931
2018-06-26,AMD,0.129927,100,12.9927
2018-06-27,AMD,0.13019,100,13.019
2018-06-28,AMD,0.131015,100,13.1015
2018-06-29,AMD,0.131445,100,13.1445
2018-06-30,AMD,0.13019999999999998,100,13.02
2018-07-03,AMD,0.130995,100,13.0995
2018-07-04,AMD,0.131025,100,13.1025
2018-07-05,AMD,0.13090400000000002,100,13.0904
2018-07-06,AMD,0.130501,100,13.0501
2018-07-07,AMD,0.130687,100,13.0687
2018-07-10,AMD,0.130091,100,13.0091
2018-07-11,AMD,0.129552,100,12.9552
2018-07-12,AMD,0.128834,100,12.8834
2018-07-13,AMD,0.12936,100,12.936
2018-07-14,AMD,0.129643,100,12.9643
2018-07-17,AMD,0.129632,100,12.9632
2018-07-18,AMD,0.13014099999999998,100,13.0141
2018-07-19,AMD,0.131043,100,13.1043
2018-07-20,AMD,0.131685,100,13.1685
2018-07-21,AMD,0.132131,100,13.2131
2018-07-24,AMD,0.131302,100,13.1302
2018-07-25,AMD,0.13087300000000002,100,13.0873
2018-07-26,AMD,0.131151,100,13.1151
2018-07-27,AMD,0.130813,100,13.0813
2018-07-28,AMD,0.131056,100,13.1056
2018-07-31,AMD,0.13045299999999999,100,13.0453
2018-08-01,AMD,0.129693,100,12.9693
2018-08-02,AMD,0.130128,100,13.0128
2018-08-03,AMD,0.131259,100,13.1259
2018-08-04,AMD,0.131786,100,13.1786
2018-08-07,AMD,0.131874,100,13.1874
2018-08-08,AMD,0.131968,100,13.1968
2018-08-09,AMD,0.132077,100,13.2077
2018-08-10,AMD,0.137665,100,13.7665
2018-08-11,AMD,0.138812,100,13.8812
2018-08-14,AMD,0.141469,100,14.1469
2018-08-15,AMD,0.137949,100,13.7949
2018-08-16,AMD,0.13764099999999999,100,13.7641
2018-08-17,AMD,0.138409,100,13.8409
2018-08-18,AMD,0.138674,100,13.8674
2018-08-21,AMD,0.13891799999999999,100,13.8918
2018-08-22,AMD,0.13911400000000002,100,13.9114
2018-08-23,AMD,0.140283,100,14.0283
2018-08-24,AMD,0.141729,100,14.1729
2018-08-25,AMD,0.1405,100,14.05
2018-08-28,AMD,0.139537,100,13.9537
2018-08-29,AMD,0.139816,100,13.9816
2018-08-30,AMD,0.14138,100,14.138
2018-08-31,AMD,0.14103,100,14.103
2018-09-01,AMD,0.140879,100,14.0879
2018-09-04,AMD,0.140228,100,14.0228
2018-09-05,AMD,0.14150000000000001,100,14.15
2018-09-06,AMD,0.14145200000000002,100,14.1452
2018-09-07,AMD,0.14069399999999999,100,14.0694
2018-09-08,AMD,0.142415,100,14.2415
2018-09-11,AMD,0.14405900000000002,100,14.4059
2018-09-12,AMD,0.14404,100,14.404
2018-09-13,AMD,0.14342,100,14.342
2018-09-14,AMD,0.141228,100,14.1228
2018-09-15,AMD,0.140731,100,14.0731
2018-09-18,AMD,0.14039300000000002,100,14.0393
2018-09-19,AMD,0.139839,100,13.9839
2018-09-20,AMD,0.138593,100,13.8593
2018-09-21,AMD,0.137681,100,13.7681
2018-09-22,AMD,0.137328,100,13.7328
2018-09-25,AMD,0.137474,100,13.7474
2018-09-26,AMD,0.136821,100,13.6821
2018-09-27,AMD,0.136684,100,13.6684
2018-09-28,AMD,0.13650299999999999,100,13.6503
2018-09-29,AMD,0.135798,100,13.5798
2018-10-02,AMD,0.135765,100,13.5765
2018-10-03,AMD,0.13498,100,13.498
2018-10-04,AMD,0.135063,100,13.5063
2018-10-05,AMD,0.136462,100,13.6462
2018-10-06,AMD,0.13709300000000002,100,13.7093
2018-10-09,AMD,0.137824,100,13.7824
2018-10-10,AMD,0.136716,100,13.6716
2018-10-11,AMD,0.136376,100,13.6376
2018-10-12,AMD,0.137463,100,13.7463
2018-10-13,AMD,0.135821,100,13.5821
2018-10-16,AMD,0.135429,100,13.5429
2018-10-17,AMD,0.13539400000000001,100,13.5394
2018-10-18,AMD,0.13464299999999998,100,13.4643
2018-10-19,AMD,0.135304,100,13.5304
2018-10-20,AMD,0.135979,100,13.5979
2018-10-23,AMD,0.134736,100,13.4736
2018-10-24,AMD,0.134591,100,13.4591
2018-10-25,AMD,0.13525,100,13.525
2018-10-26,AMD,0.13587,100,13.587
2018-10-27,AMD,0.135078,100,13.5078
2018-10-30,AMD,0.135417,100,13.5417
2018-10-31,AMD,0.13539400000000001,100,13.5394
2018-11-01,AMD,0.134777,100,13.4777
2018-11-02,AMD,0.134725,100,13.4725
2018-11-03,AMD,0.134799,100,13.4799
2018-11-07,AMD,0.135339,100,13.5339
2018-11-08,AMD,0.135545,100,13.5545
2018-11-09,AMD,0.135882,100,13.5882
2018-11-10,AMD,0.137268,100,13.7268
2018-11-13,AMD,0.13828300000000002,100,13.8283
2018-11-14,AMD,0.138904,100,13.8904
2018-11-15,AMD,0.13955399999999998,100,13.9554
2018-11-16,AMD,0.136648,100,13.6648
2018-11-17,AMD,0.135928,100,13.5928
2018-11-20,AMD,0.135931,100,13.5931
2018-11-21,AMD,0.135022,100,13.5022
2018-11-22,AMD,0.13620100000000002,100,13.6201
2018-11-23,AMD,0.13520200000000002,100,13.5202
2018-11-24,AMD,0.135534,100,13.5534
2018-11-27,AMD,0.137128,100,13.7128
2018-11-28,AMD,0.137549,100,13.7549
2018-11-29,AMD,0.13805699999999999,100,13.8057
2018-11-30,AMD,0.13739,100,13.739
2018-12-01,AMD,0.136971,100,13.6971
2018-12-04,AMD,0.136657,100,13.6657
2018-12-05,AMD,0.13697499999999999,100,13.6975
2018-12-06,AMD,0.137896,100,13.7896
2018-12-07,AMD,0.13771699999999998,100,13.7717
2018-12-08,AMD,0.137985,100,13.7985
2018-12-11,AMD,0.136722,100,13.6722
2018-12-12,AMD,0.13692000000000001,100,13.692
2018-12-13,AMD,0.13684100000000002,100,13.6841
2018-12-14,AMD,0.136327,100,13.6327
2018-12-15,AMD,0.136836,100,13.6836
2018-12-18,AMD,0.13758900000000002,100,13.7589
2018-12-19,AMD,0.137705,100,13.7705
2018-12-20,AMD,0.138375,100,13.8375
2018-12-21,AMD,0.138766,100,13.8766
2018-12-22,AMD,0.140455,100,14.0455
2018-12-25,AMD,0.141484,100,14.1484
2018-12-26,AMD,0.141742,100,14.1742
2018-12-27,AMD,0.14235699999999998,100,14.2357
2018-12-28,AMD,0.14230600000000002,100,14.2306
2018-12-29,AMD,0.14364000000000002,100,14.364
2018-12-30,AMD,0.143238,100,14.3238
2019-01-10,AMD,0.13828,100,13.828
2019-01-11,AMD,0.137743,100,13.7743
2019-01-12,AMD,0.137689,100,13.7689
2019-01-15,AMD,0.13811299999999999,100,13.8113
2019-01-16,AMD,0.137802,100,13.7802
2019-01-17,AMD,0.13737,100,13.737
2019-01-18,AMD,0.136856,100,13.6856
2019-01-19,AMD,0.136737,100,13.6737
2019-01-22,AMD,0.136691,100,13.6691
2019-01-23,AMD,0.137075,100,13.7075
2019-01-24,AMD,0.136555,100,13.6555
2019-01-25,AMD,0.13611399999999999,100,13.6114
2019-01-26,AMD,0.135604,100,13.5604
2019-01-29,AMD,0.135658,100,13.5658
2019-01-30,AMD,0.13647600000000001,100,13.6476
2019-01-31,AMD,0.13583800000000001,100,13.5838
2019-02-01,AMD,0.133985,100,13.3985
2019-02-02,AMD,0.13477,100,13.477
2019-02-05,AMD,0.13464600000000002,100,13.4646
2019-02-06,AMD,0.134708,100,13.4708
2019-02-07,AMD,0.134567,100,13.4567
2019-02-08,AMD,0.135038,100,13.5038
2019-02-09,AMD,0.135444,100,13.5444
2019-02-12,AMD,0.13398300000000002,100,13.3983
2019-02-13,AMD,0.134276,100,13.4276
2019-02-14,AMD,0.13455899999999998,100,13.4559
2019-02-15,AMD,0.136386,100,13.6386
2019-02-16,AMD,0.136759,100,13.6759
2019-02-19,AMD,0.135822,100,13.5822
2019-02-20,AMD,0.13573000000000002,100,13.573
2019-02-21,AMD,0.135063,100,13.5063
2019-02-22,AMD,0.13437200000000002,100,13.4372
2019-02-23,AMD,0.13406,100,13.406
2019-02-26,AMD,0.133534,100,13.3534
2019-02-27,AMD,0.134243,100,13.4243
2019-02-28,AMD,0.13430799999999998,100,13.4308
2019-03-01,AMD,0.134441,100,13.4441
2019-03-02,AMD,0.13437,100,13.437
2019-03-05,AMD,0.134483,100,13.4483
2019-03-06,AMD,0.134177,100,13.4177
2019-03-07,AMD,0.134483,100,13.4483
2019-03-08,AMD,0.134704,100,13.4704
2019-03-12,AMD,0.135208,100,13.5208
2019-03-13,AMD,0.134494,100,13.4494
2019-03-14,AMD,0.134074,100,13.4074
2019-03-15,AMD,0.134268,100,13.4268
2019-03-16,AMD,0.134264,100,13.4264
2019-03-19,AMD,0.133037,100,13.3037
2019-03-20,AMD,0.131999,100,13.1999
2019-03-21,AMD,0.132237,100,13.2237
2019-03-22,AMD,0.13121,100,13.121
2019-03-23,AMD,0.131013,100,13.1013
2019-03-26,AMD,0.132742,100,13.2742
2019-03-27,AMD,0.132034,100,13.2034
2019-03-28,AMD,0.13270200000000001,100,13.2702
2019-03-29,AMD,0.133254,100,13.3254
2019-03-30,AMD,0.132994,100,13.2994
2019-04-02,AMD,0.134493,100,13.4493
2019-04-03,AMD,0.134441,100,13.4441
2019-04-04,AMD,0.133724,100,13.3724
2019-04-05,AMD,0.13400600000000001,100,13.4006
2019-04-06,AMD,0.134196,100,13.4196
2019-04-09,AMD,0.134051,100,13.4051
2019-04-10,AMD,0.133011,100,13.3011
2019-04-11,AMD,0.13331400000000002,100,13.3314
2019-04-12,AMD,0.132782,100,13.2782
2019-04-13,AMD,0.132861,100,13.2861
2019-04-16,AMD,0.132441,100,13.2441
2019-04-17,AMD,0.132595,100,13.2595
2019-04-18,AMD,0.13222699999999998,100,13.2227
2019-04-19,AMD,0.13275800000000001,100,13.2758
2019-04-20,AMD,0.13258699999999998,100,13.2587
2019-04-23,AMD,0.132309,100,13.2309
2019-04-24,AMD,0.132511,100,13.2511
2019-04-25,AMD,0.132807,100,13.2807
2019-04-26,AMD,0.13425900000000002,100,13.4259
2019-04-27,AMD,0.13431300000000002,100,13.4313
2019-04-30,AMD,0.134355,100,13.4355
2019-05-01,AMD,0.13422900000000001,100,13.4229
2019-05-07,AMD,0.135761,100,13.5761
2019-05-08,AMD,0.135332,100,13.5332
2019-05-09,AMD,0.135357,100,13.5357
2019-05-14,AMD,0.136028,100,13.6028
2019-05-15,AMD,0.135669,100,13.5669
2019-05-16,AMD,0.134793,100,13.4793
2019-05-17,AMD,0.13449999999999998,100,13.45
2019-05-18,AMD,0.134862,100,13.4862
2019-05-21,AMD,0.134324,100,13.4324
2019-05-22,AMD,0.134663,100,13.4663
2019-05-23,AMD,0.134409,100,13.4409
2019-05-24,AMD,0.134525,100,13.4525
2019-05-25,AMD,0.134746,100,13.4746
2019-05-28,AMD,0.134299,100,13.4299
2019-05-29,AMD,0.134407,100,13.4407
2019-05-30,AMD,0.135226,100,13.5226
2019-05-31,AMD,0.13553800000000002,100,13.5538
2019-06-01,AMD,0.136145,100,13.6145
2019-06-04,AMD,0.13643,100,13.643
2019-06-05,AMD,0.135894,100,13.5894
2019-06-06,AMD,0.135817,100,13.5817
2019-06-07,AMD,0.13611700000000002,100,13.6117
2019-06-08,AMD,0.135711,100,13.5711
2019-06-11,AMD,0.135265,100,13.5265
2019-06-12,AMD,0.134689,100,13.4689
2019-06-14,AMD,0.13514099999999998,100,13.5141
2019-06-15,AMD,0.134712,100,13.4712
2019-06-18,AMD,0.134671,100,13.4671
2019-06-19,AMD,0.134804,100,13.4804
2019-06-20,AMD,0.13405799999999998,100,13.4058
2019-06-21,AMD,0.132721,100,13.2721
2019-06-22,AMD,0.132278,100,13.2278
2019-06-25,AMD,0.131886,100,13.1886
2019-06-26,AMD,0.130856,100,13.0856
2019-06-27,AMD,0.131591,100,13.1591
2019-06-28,AMD,0.13217,100,13.217
2019-06-29,AMD,0.13214499999999998,100,13.2145
2019-07-02,AMD,0.132328,100,13.2328
2019-07-03,AMD,0.132689,100,13.2689
2019-07-04,AMD,0.133253,100,13.3253
2019-07-05,AMD,0.133056,100,13.3056
2019-07-06,AMD,0.133297,100,13.3297
2019-07-09,AMD,0.13404,100,13.404
2019-07-10,AMD,0.13399,100,13.399
2019-07-11,AMD,0.13375,100,13.375
2019-07-12,AMD,0.13206400000000001,100,13.2064
2019-07-13,AMD,0.13214,100,13.214
2019-07-16,AMD,0.131743,100,13.1743
2019-07-17,AMD,0.131821,100,13.1821
2019-07-18,AMD,0.13221,100,13.221
2019-07-19,AMD,0.13191,100,13.191
2019-07-20,AMD,0.131962,100,13.1962
2019-07-23,AMD,0.132181,100,13.2181
2019-07-24,AMD,0.13268000000000002,100,13.268
2019-07-25,AMD,0.132792,100,13.2792
2019-07-26,AMD,0.132767,100,13.2767
2019-07-27,AMD,0.132592,100,13.2592
2019-07-30,AMD,0.133476,100,13.3476
2019-07-31,AMD,0.133149,100,13.3149
2019-08-01,AMD,0.13317299999999999,100,13.3173
2019-08-02,AMD,0.134161,100,13.4161
2019-08-03,AMD,0.13584,100,13.584
2019-08-06,AMD,0.13670400000000002,100,13.6704
2019-08-07,AMD,0.13694699999999999,100,13.6947
2019-08-08,AMD,0.13669900000000001,100,13.6699
2019-08-09,AMD,0.13669800000000001,100,13.6698
2019-08-10,AMD,0.137031,100,13.7031
2019-08-13,AMD,0.137426,100,13.7426
2019-08-14,AMD,0.137819,100,13.7819
2019-08-15,AMD,0.13705299999999998,100,13.7053
2019-08-16,AMD,0.138426,100,13.8426
2019-08-17,AMD,0.138531,100,13.8531
2019-08-20,AMD,0.139874,100,13.9874
2019-08-21,AMD,0.140332,100,14.0332
2019-08-22,AMD,0.139179,100,13.9179
2019-08-23,AMD,0.137827,100,13.7827
2019-08-24,AMD,0.137825,100,13.7825
2019-08-27,AMD,0.138454,100,13.8454
2019-08-28,AMD,0.13917400000000002,100,13.9174
2019-08-29,AMD,0.139522,100,13.9522
2019-08-30,AMD,0.140078,100,14.0078
2019-08-31,AMD,0.139596,100,13.9596
2019-09-03,AMD,0.139818,100,13.9818
2019-09-04,AMD,0.140488,100,14.0488
2019-09-05,AMD,0.139487,100,13.9487
2019-09-06,AMD,0.138548,100,13.8548
2019-09-07,AMD,0.138433,100,13.8433
2019-09-10,AMD,0.13753500000000002,100,13.7535
2019-09-11,AMD,0.137405,100,13.7405
2019-09-12,AMD,0.137318,100,13.7318
2019-09-13,AMD,0.136884,100,13.6884
2019-09-14,AMD,0.135188,100,13.5188
2019-09-17,AMD,0.13386599999999999,100,13.3866
2019-09-18,AMD,0.13453900000000002,100,13.4539
2019-09-19,AMD,0.135156,100,13.5156
2019-09-20,AMD,0.134845,100,13.4845
2019-09-21,AMD,0.133995,100,13.3995
2019-09-24,AMD,0.134424,100,13.4424
2019-09-25,AMD,0.133892,100,13.3892
2019-09-26,AMD,0.134876,100,13.4876
2019-09-27,AMD,0.135117,100,13.5117
2019-09-28,AMD,0.135398,100,13.5398
2019-10-01,AMD,0.135657,100,13.5657
2019-10-02,AMD,0.13669499999999998,100,13.6695
2019-10-03,AMD,0.13739200000000001,100,13.7392
2019-10-04,AMD,0.136629,100,13.6629
2019-10-05,AMD,0.136446,100,13.6446
2019-10-08,AMD,0.13611700000000002,100,13.6117
2019-10-09,AMD,0.136076,100,13.6076
2019-10-10,AMD,0.136545,100,13.6545
2019-10-11,AMD,0.135727,100,13.5727
2019-10-12,AMD,0.134641,100,13.4641
2019-10-15,AMD,0.135022,100,13.5022
2019-10-16,AMD,0.134565,100,13.4565
2019-10-17,AMD,0.13486800000000002,100,13.4868
2019-10-18,AMD,0.13406200000000001,100,13.4062
2019-10-19,AMD,0.134329,100,13.4329
2019-10-22,AMD,0.1336,100,13.36
2019-10-23,AMD,0.133853,100,13.3853
2019-10-24,AMD,0.133682,100,13.3682
2019-10-25,AMD,0.134329,100,13.4329
2019-10-26,AMD,0.134094,100,13.4094
2019-10-29,AMD,0.134265,100,13.4265
2019-10-30,AMD,0.134157,100,13.4157
2019-10-31,AMD,0.13416,100,13.416
2019-11-01,AMD,0.13391,100,13.391
2019-11-02,AMD,0.134379,100,13.4379
2019-11-06,AMD,0.132665,100,13.2665
2019-11-07,AMD,0.133099,100,13.3099
2019-11-08,AMD,0.13339600000000001,100,13.3396
2019-11-09,AMD,0.13339499999999999,100,13.3395
2019-11-12,AMD,0.133707,100,13.3707
2019-11-13,AMD,0.133584,100,13.3584
2019-11-14,AMD,0.13431200000000001,100,13.4312
2019-11-15,AMD,0.134331,100,13.4331
2019-11-16,AMD,0.133657,100,13.3657
2019-11-19,AMD,0.13344699999999998,100,13.3447
2019-11-20,AMD,0.133556,100,13.3556
2019-11-21,AMD,0.134217,100,13.4217
2019-11-22,AMD,0.13370300000000002,100,13.3703
2019-11-23,AMD,0.133424,100,13.3424
2019-11-26,AMD,0.133537,100,13.3537
2019-11-27,AMD,0.134081,100,13.4081
2019-11-28,AMD,0.133973,100,13.3973
2019-11-29,AMD,0.134101,100,13.4101
2019-11-30,AMD,0.13406200000000001,100,13.4062
2019-12-03,AMD,0.134678,100,13.4678
2019-12-04,AMD,0.134184,100,13.4184
2019-12-05,AMD,0.134299,100,13.4299
2019-12-06,AMD,0.133431,100,13.3431
2019-12-07,AMD,0.133233,100,13.3233
2019-12-10,AMD,0.133245,100,13.3245
2019-12-11,AMD,0.133401,100,13.3401
2019-12-12,AMD,0.132982,100,13.2982
2019-12-13,AMD,0.132271,100,13.2271
2019-12-14,AMD,0.130867,100,13.0867
2019-12-17,AMD,0.13142500000000001,100,13.1425
2019-12-18,AMD,0.131027,100,13.1027
2019-12-19,AMD,0.13092700000000002,100,13.0927
2019-12-20,AMD,0.130744,100,13.0744
2019-12-21,AMD,0.130491,100,13.0491
2019-12-24,AMD,0.130162,100,13.0162
2019-12-25,AMD,0.12998900000000002,100,12.9989
2019-12-26,AMD,0.128576,100,12.8576
2019-12-27,AMD,0.129153,100,12.9153
2019-12-28,AMD,0.129502,100,12.9502
2019-12-31,AMD,0.129239,100,12.9239
2020-01-01,AMD,0.129239,100,12.9239
2020-01-10,AMD,0.127904,100,12.7904
2020-01-11,AMD,0.127965,100,12.7965
2020-01-14,AMD,0.127305,100,12.7305
2020-01-15,AMD,0.128013,100,12.8013
2020-01-16,AMD,0.128252,100,12.8252
2020-01-17,AMD,0.128336,100,12.8336
2020-01-18,AMD,0.128261,100,12.8261
2020-01-21,AMD,0.128387,100,12.8387
2020-01-22,AMD,0.129337,100,12.9337
2020-01-23,AMD,0.129293,100,12.9293
2020-01-24,AMD,0.129538,100,12.9538
2020-01-25,AMD,0.12916,100,12.916
2020-01-28,AMD,0.130278,100,13.0278
2020-01-29,AMD,0.131306,100,13.1306
2020-01-30,AMD,0.130394,100,13.0394
2020-01-31,AMD,0.131736,100,13.1736
2020-02-01,AMD,0.131951,100,13.1951
2020-02-04,AMD,0.133561,100,13.3561
2020-02-05,AMD,0.132569,100,13.2569
2020-02-06,AMD,0.132025,100,13.2025
2020-02-07,AMD,0.131239,100,13.1239
2020-02-08,AMD,0.132592,100,13.2592
2020-02-11,AMD,0.133203,100,13.3203
2020-02-12,AMD,0.133575,100,13.3575
2020-02-13,AMD,0.13176,100,13.176
2020-02-14,AMD,0.132849,100,13.2849
2020-02-15,AMD,0.132609,100,13.2609
2020-02-18,AMD,0.132306,100,13.2306
2020-02-19,AMD,0.13327,100,13.327
2020-02-20,AMD,0.13307,100,13.307
2020-02-21,AMD,0.133211,100,13.3211
2020-02-22,AMD,0.134521,100,13.4521
2020-02-26,AMD,0.135748,100,13.5748
2020-02-27,AMD,0.136995,100,13.6995
2020-02-28,AMD,0.137173,100,13.7173
2020-02-29,AMD,0.139914,100,13.9914
2020-03-03,AMD,0.138688,100,13.8688
2020-03-04,AMD,0.138786,100,13.8786
2020-03-05,AMD,0.137951,100,13.7951
2020-03-06,AMD,0.138174,100,13.8174
2020-03-07,AMD,0.140955,100,14.0955
2020-03-11,AMD,0.150435,100,15.0435
2020-03-12,AMD,0.147975,100,14.7975
2020-03-13,AMD,0.15287,100,15.287
2020-03-14,AMD,0.151112,100,15.1112
2020-03-17,AMD,0.151951,100,15.1951
2020-03-18,AMD,0.150872,100,15.0872
2020-03-19,AMD,0.157658,100,15.7658
2020-03-20,AMD,0.163153,100,16.3153
2020-03-21,AMD,0.15853,100,15.853
2020-03-24,AMD,0.163811,100,16.3811
2020-03-25,AMD,0.159695,100,15.9695
2020-03-26,AMD,0.157555,100,15.7555
2020-03-27,AMD,0.159196,100,15.9196
2020-03-28,AMD,0.157194,100,15.7194
2020-04-07,AMD,0.152434,100,15.2434
2020-04-08,AMD,0.150534,100,15.0534
2020-04-09,AMD,0.151697,100,15.1697
2020-04-10,AMD,0.14921,100,14.921
2020-04-11,AMD,0.149582,100,14.9582
2020-04-14,AMD,0.14969,100,14.969
2020-04-15,AMD,0.150699,100,15.0699
2020-04-16,AMD,0.151801,100,15.1801
2020-04-17,AMD,0.154045,100,15.4045
2020-04-18,AMD,0.152604,100,15.2604
2020-04-21,AMD,0.154284,100,15.4284
2020-04-22,AMD,0.158077,100,15.8077
2020-04-23,AMD,0.16022,100,16.022
2020-04-24,AMD,0.156584,100,15.6584
2020-04-25,AMD,0.155773,100,15.5773
2020-04-28,AMD,0.154813,100,15.4813
2020-04-29,AMD,0.154968,100,15.4968
2020-04-30,AMD,0.153641,100,15.3641
2020-05-01,AMD,0.151668,100,15.1668
2020-05-07,AMD,0.1539,100,15.39
2020-05-08,AMD,0.153292,100,15.3292
2020-05-09,AMD,0.152377,100,15.2377
2020-05-13,AMD,0.150569,100,15.0569
2020-05-14,AMD,0.150783,100,15.0783
2020-05-15,AMD,0.151601,100,15.1601
2020-05-16,AMD,0.150104,100,15.0104
2020-05-19,AMD,0.149979,100,14.9979
2020-05-20,AMD,0.148991,100,14.8991
2020-05-21,AMD,0.14949,100,14.949
2020-05-22,AMD,0.146658,100,14.6658
2020-05-23,AMD,0.149238,100,14.9238
2020-05-26,AMD,0.14811,100,14.811
2020-05-27,AMD,0.147015,100,14.7015
2020-05-28,AMD,0.146734,100,14.6734
2020-05-29,AMD,0.146931,100,14.6931
2020-05-30,AMD,0.146212,100,14.6212
2020-06-02,AMD,0.144062,100,14.4062
2020-06-03,AMD,0.142586,100,14.2586
2020-06-04,AMD,0.140997,100,14.0997
2020-06-05,AMD,0.143036,100,14.3036
2020-06-06,AMD,0.141801,100,14.1801
2020-06-09,AMD,0.14158,100,14.158
2020-06-10,AMD,0.142656,100,14.2656
2020-06-11,AMD,0.142037,100,14.2037
2020-06-12,AMD,0.14305,100,14.305
2020-06-16,AMD,0.145776,100,14.5776
2020-06-17,AMD,0.144445,100,14.4445
2020-06-18,AMD,0.144034,100,14.4034
2020-06-19,AMD,0.144436,100,14.4436
2020-06-20,AMD,0.144762,100,14.4762
2020-06-23,AMD,0.144577,100,14.4577
2020-06-24,AMD,0.142995,100,14.2995
2020-06-25,AMD,0.143203,100,14.3203
2020-06-26,AMD,0.14412,100,14.412
2020-06-27,AMD,0.143509,100,14.3509
2020-06-30,AMD,0.145127,100,14.5127
2020-07-01,AMD,0.146204,100,14.6204
2020-07-02,AMD,0.146038,100,14.6038
2020-07-03,AMD,0.146216,100,14.6216
2020-07-04,AMD,0.145691,100,14.5691
2020-07-07,AMD,0.146973,100,14.6973
2020-07-08,AMD,0.149014,100,14.9014
2020-07-09,AMD,0.146399,100,14.6399
2020-07-10,AMD,0.146114,100,14.6114
2020-07-11,AMD,0.146383,100,14.6383
2020-07-14,AMD,0.145303,100,14.5303
2020-07-15,AMD,0.146202,100,14.6202
2020-07-16,AMD,0.14523,100,14.523
2020-07-17,AMD,0.146959,100,14.6959
2020-07-18,AMD,0.148322,100,14.8322
2020-07-21,AMD,0.148622,100,14.8622
2020-07-22,AMD,0.146626,100,14.6626
2020-07-23,AMD,0.146015,100,14.6015
2020-07-24,AMD,0.146165,100,14.6165
2020-07-25,AMD,0.14738,100,14.738
2020-07-28,AMD,0.147082,100,14.7082
2020-07-29,AMD,0.14774,100,14.774
2020-07-30,AMD,0.148876,100,14.8876
2020-07-31,AMD,0.151452,100,15.1452
2020-08-01,AMD,0.150958,100,15.0958
2020-08-04,AMD,0.15281,100,15.281
2020-08-05,AMD,0.151144,100,15.1144
2020-08-06,AMD,0.150845,100,15.0845
2020-08-07,AMD,0.150257,100,15.0257
2020-08-08,AMD,0.151549,100,15.1549
2020-08-11,AMD,0.152019,100,15.2019
2020-08-12,AMD,0.150736,100,15.0736
2020-08-13,AMD,0.150938,100,15.0938
2020-08-14,AMD,0.151454,100,15.1454
2020-08-15,AMD,0.150774,100,15.0774
2020-08-18,AMD,0.150449,100,15.0449
2020-08-19,AMD,0.151406,100,15.1406
2020-08-20,AMD,0.150915,100,15.0915
2020-08-21,AMD,0.152043,100,15.2043
2020-08-22,AMD,0.152878,100,15.2878
2020-08-25,AMD,0.153124,100,15.3124
2020-08-26,AMD,0.153255,100,15.3255
2020-08-27,AMD,0.155396,100,15.5396
2020-08-28,AMD,0.15471,100,15.471
2020-08-29,AMD,0.153324,100,15.3324
2020-09-01,AMD,0.151579,100,15.1579
2020-09-02,AMD,0.150851,100,15.0851
2020-09-03,AMD,0.151785,100,15.1785
2020-09-04,AMD,0.155316,100,15.5316
2020-09-05,AMD,0.154226,100,15.4226
2020-09-08,AMD,0.1549,100,15.49
2020-09-09,AMD,0.155659,100,15.5659
2020-09-10,AMD,0.155438,100,15.5438
2020-09-11,AMD,0.154484,100,15.4484
2020-09-12,AMD,0.153368,100,15.3368
2020-09-15,AMD,0.153324,100,15.3324
2020-09-16,AMD,0.154201,100,15.4201
2020-09-17,AMD,0.154392,100,15.4392
2020-09-18,AMD,0.154498,100,15.4498
2020-09-19,AMD,0.154897,100,15.4897
2020-09-22,AMD,0.156699,100,15.6699
2020-09-23,AMD,0.157176,100,15.7176
2020-09-24,AMD,0.157237,100,15.7237
2020-09-25,AMD,0.158737,100,15.8737
2020-09-26,AMD,0.157967,100,15.7967
2020-09-29,AMD,0.162119,100,16.2119
2020-09-30,AMD,0.164075,100,16.4075
2020-10-01,AMD,0.161809,100,16.1809
2020-10-02,AMD,0.158355,100,15.8355
2020-10-03,AMD,0.160024,100,16.0024
2020-10-06,AMD,0.159445,100,15.9445
2020-10-07,AMD,0.160425,100,16.0425
2020-10-08,AMD,0.1596,100,15.96
2020-10-09,AMD,0.158914,100,15.8914
2020-10-10,AMD,0.157073,100,15.7073
2020-10-13,AMD,0.156887,100,15.6887
2020-10-14,AMD,0.157597,100,15.7597
2020-10-15,AMD,0.157545,100,15.7545
2020-10-16,AMD,0.15864,100,15.864
2020-10-17,AMD,0.158567,100,15.8567
2020-10-20,AMD,0.158705,100,15.8705
2020-10-21,AMD,0.157957,100,15.7957
2020-10-22,AMD,0.156157,100,15.6157
2020-10-23,AMD,0.155917,100,15.5917
2020-10-24,AMD,0.154694,100,15.4694
2020-10-27,AMD,0.154746,100,15.4746
2020-10-28,AMD,0.155007,100,15.5007
2020-10-29,AMD,0.157268,100,15.7268
2020-10-30,AMD,0.160077,100,16.0077
2020-10-31,AMD,0.160868,100,16.0868
2020-11-03,AMD,0.163554,100,16.3554
2020-11-04,AMD,0.162257,100,16.2257
2020-11-06,AMD,0.15893,100,15.893
2020-11-07,AMD,0.156567,100,15.6567
2020-11-10,AMD,0.15541,100,15.541
2020-11-11,AMD,0.154824,100,15.4824
2020-11-12,AMD,0.154226,100,15.4226
2020-11-13,AMD,0.155863,100,15.5863
2020-11-14,AMD,0.156215,100,15.6215
2020-11-17,AMD,0.154846,100,15.4846
2020-11-18,AMD,0.153581,100,15.3581
2020-11-19,AMD,0.152924,100,15.2924
2020-11-20,AMD,0.153369,100,15.3369
2020-11-21,AMD,0.152558,100,15.2558
2020-11-24,AMD,0.152052,100,15.2052
2020-11-25,AMD,0.152162,100,15.2162
2020-11-26,AMD,0.148715,100,14.8715
2020-11-27,AMD,0.148747,100,14.8747
2020-11-28,AMD,0.149699,100,14.9699
2020-12-01,AMD,0.149938,100,14.9938
2020-12-02,AMD,0.150311,100,15.0311
2020-12-03,AMD,0.148338,100,14.8338
2020-12-04,AMD,0.147958,100,14.7958
2020-12-05,AMD,0.145808,100,14.5808
2020-12-08,AMD,0.145804,100,14.5804
2020-12-09,AMD,0.144648,100,14.4648
2020-12-10,AMD,0.142549,100,14.2549
2020-12-11,AMD,0.14334,100,14.334
2020-12-12,AMD,0.142131,100,14.2131
2020-12-15,AMD,0.139707,100,13.9707
2020-12-16,AMD,0.140632,100,14.0632
2020-12-17,AMD,0.140517,100,14.0517
2020-12-18,AMD,0.139671,100,13.9671
2020-12-19,AMD,0.140384,100,14.0384
2020-12-22,AMD,0.142982,100,14.2982
2020-12-23,AMD,0.144279,100,14.4279
2020-12-24,AMD,0.144485,100,14.4485
2020-12-25,AMD,0.143301,100,14.3301
2020-12-26,AMD,0.141043,100,14.1043
2020-12-29,AMD,0.141154,100,14.1154
2020-12-30,AMD,0.141037,100,14.1037
2020-12-31,AMD,0.141457,100,14.1457
2021-01-01,AMD,0.141457,100,14.1457
2021-01-12,AMD,0.142682,100,14.2682
2021-01-13,AMD,0.141933,100,14.1933
2021-01-14,AMD,0.140385,100,14.0385
2021-01-15,AMD,0.139938,100,13.9938
2021-01-16,AMD,0.13998,100,13.998
2021-01-19,AMD,0.141023,100,14.1023
2021-01-20,AMD,0.141183,100,14.1183
2021-01-21,AMD,0.140486,100,14.0486
2021-01-22,AMD,0.141217,100,14.1217
2021-01-23,AMD,0.143017,100,14.3017
2021-01-26,AMD,0.143969,100,14.3969
2021-01-27,AMD,0.145607,100,14.5607
2021-01-28,AMD,0.144377,100,14.4377
2021-01-29,AMD,0.147031,100,14.7031
2021-01-30,AMD,0.146852,100,14.6852
2021-02-02,AMD,0.145687,100,14.5687
2021-02-03,AMD,0.146408,100,14.6408
2021-02-04,AMD,0.146013,100,14.6013
2021-02-05,AMD,0.145396,100,14.5396
2021-02-06,AMD,0.144319,100,14.4319
2021-02-09,AMD,0.141921,100,14.1921
2021-02-10,AMD,0.14157,100,14.157
2021-02-11,AMD,0.140927,100,14.0927
2021-02-12,AMD,0.140746,100,14.0746
2021-02-13,AMD,0.141089,100,14.1089
2021-02-16,AMD,0.13989,100,13.989
2021-02-17,AMD,0.139705,100,13.9705
2021-02-18,AMD,0.140898,100,14.0898
2021-02-19,AMD,0.140704,100,14.0704
2021-02-20,AMD,0.141208,100,14.1208
2021-02-21,AMD,0.14106,100,14.106
2021-02-25,AMD,0.139949,100,13.9949
2021-02-26,AMD,0.139355,100,13.9355
2021-02-27,AMD,0.141047,100,14.1047
2021-03-02,AMD,0.140236,100,14.0236
2021-03-03,AMD,0.141442,100,14.1442
2021-03-04,AMD,0.139438,100,13.9438
2021-03-05,AMD,0.140345,100,14.0345
2021-03-06,AMD,0.141807,100,14.1807
2021-03-10,AMD,0.141331,100,14.1331
2021-03-11,AMD,0.140559,100,14.0559
2021-03-12,AMD,0.139402,100,13.9402
2021-03-13,AMD,0.139418,100,13.9418
2021-03-16,AMD,0.138828,100,13.8828
2021-03-17,AMD,0.138316,100,13.8316
2021-03-18,AMD,0.138516,100,13.8516
2021-03-19,AMD,0.13957,100,13.957
2021-03-20,AMD,0.140481,100,14.0481
2021-03-23,AMD,0.141371,100,14.1371
2021-03-24,AMD,0.142792,100,14.2792
2021-03-25,AMD,0.14423,100,14.423
2021-03-26,AMD,0.144269,100,14.4269
2021-03-27,AMD,0.143412,100,14.3412
2021-03-30,AMD,0.143411,100,14.3411
2021-03-31,AMD,0.143105,100,14.3105
2021-04-01,AMD,0.142914,100,14.2914
2021-04-02,AMD,0.1431,100,14.31
2021-04-03,AMD,0.143602,100,14.3602
2021-04-06,AMD,0.143657,100,14.3657
2021-04-07,AMD,0.143235,100,14.3235
2021-04-08,AMD,0.145506,100,14.5506
2021-04-09,AMD,0.144249,100,14.4249
2021-04-10,AMD,0.144928,100,14.4928
2021-04-13,AMD,0.145483,100,14.5483
2021-04-14,AMD,0.149571,100,14.9571
2021-04-15,AMD,0.146247,100,14.6247
2021-04-16,AMD,0.148228,100,14.8228
2021-04-17,AMD,0.144961,100,14.4961
2021-04-20,AMD,0.146015,100,14.6015
2021-04-21,AMD,0.145498,100,14.5498
2021-04-22,AMD,0.147198,100,14.7198
2021-04-23,AMD,0.14634,100,14.634
2021-04-24,AMD,0.143783,100,14.3783
2021-04-27,AMD,0.143267,100,14.3267
2021-04-28,AMD,0.144022,100,14.4022
2021-04-29,AMD,0.144033,100,14.4033
2021-04-30,AMD,0.143095,100,14.3095
2021-05-01,AMD,0.143761,100,14.3761
2021-05-05,AMD,0.144549,100,14.4549
2021-05-06,AMD,0.143722,100,14.3722
2021-05-07,AMD,0.143175,100,14.3175
2021-05-08,AMD,0.142175,100,14.2175
2021-05-12,AMD,0.141962,100,14.1962
2021-05-13,AMD,0.141812,100,14.1812
2021-05-14,AMD,0.142372,100,14.2372
2021-05-15,AMD,0.141458,100,14.1458
2021-05-18,AMD,0.141198,100,14.1198
2021-05-19,AMD,0.141211,100,14.1211
2021-05-20,AMD,0.141267,100,14.1267
2021-05-21,AMD,0.141344,100,14.1344
2021-05-22,AMD,0.141299,100,14.1299
2021-05-25,AMD,0.141251,100,14.1251
2021-05-26,AMD,0.140989,100,14.0989
2021-05-27,AMD,0.141146,100,14.1146
2021-05-28,AMD,0.141081,100,14.1081
2021-05-29,AMD,0.141302,100,14.1302
2021-06-01,AMD,0.140752,100,14.0752
2021-06-02,AMD,0.140683,100,14.0683
2021-06-03,AMD,0.14116,100,14.116
2021-06-04,AMD,0.140716,100,14.0716
2021-06-05,AMD,0.140854,100,14.0854
2021-06-08,AMD,0.140243,100,14.0243
2021-06-09,AMD,0.140044,100,14.0044
2021-06-10,AMD,0.138666,100,13.8666
2021-06-11,AMD,0.138694,100,13.8694
2021-06-12,AMD,0.138037,100,13.8037
2021-06-16,AMD,0.138098,100,13.8098
2021-06-17,AMD,0.139684,100,13.9684
2021-06-18,AMD,0.139903,100,13.9903
2021-06-19,AMD,0.13941,100,13.941
2021-06-22,AMD,0.141406,100,14.1406
2021-06-23,AMD,0.141315,100,14.1315
2021-06-24,AMD,0.141637,100,14.1637
2021-06-25,AMD,0.141259,100,14.1259
2021-06-26,AMD,0.142094,100,14.2094
2021-06-29,AMD,0.14463,100,14.463
2021-06-30,AMD,0.145078,100,14.5078
2021-07-01,AMD,0.146806,100,14.6806
2021-07-02,AMD,0.146329,100,14.6329
2021-07-03,AMD,0.147811,100,14.7811
2021-07-06,AMD,0.148043,100,14.8043
2021-07-07,AMD,0.147047,100,14.7047
2021-07-08,AMD,0.148696,100,14.8696
2021-07-09,AMD,0.15101,100,15.101
2021-07-10,AMD,0.149488,100,14.9488
2021-07-13,AMD,0.149701,100,14.9701
2021-07-14,AMD,0.148638,100,14.8638
2021-07-15,AMD,0.148917,100,14.8917
2021-07-16,AMD,0.148991,100,14.8991
2021-07-17,AMD,0.148972,100,14.8972
2021-07-20,AMD,0.149425,100,14.9425
2021-07-21,AMD,0.150563,100,15.0563
2021-07-22,AMD,0.151674,100,15.1674
2021-07-23,AMD,0.151122,100,15.1122
2021-07-24,AMD,0.1513,100,15.13
2021-07-27,AMD,0.152011,100,15.2011
2021-07-28,AMD,0.151497,100,15.1497
2021-07-29,AMD,0.150884,100,15.0884
2021-07-30,AMD,0.151747,100,15.1747
2021-07-31,AMD,0.150569,100,15.0569
2021-08-03,AMD,0.149118,100,14.9118
2021-08-04,AMD,0.148856,100,14.8856
2021-08-05,AMD,0.14877,100,14.877
2021-08-06,AMD,0.148369,100,14.8369
2021-08-07,AMD,0.148383,100,14.8383
2021-08-10,AMD,0.1493,100,14.93
2021-08-11,AMD,0.14954,100,14.954
2021-08-12,AMD,0.15036,100,15.036
2021-08-13,AMD,0.149481,100,14.9481
2021-08-14,AMD,0.149409,100,14.9409
2021-08-17,AMD,0.149092,100,14.9092
2021-08-18,AMD,0.149182,100,14.9182
2021-08-19,AMD,0.149331,100,14.9331
2021-08-20,AMD,0.150994,100,15.0994
2021-08-21,AMD,0.151285,100,15.1285
2021-08-24,AMD,0.150527,100,15.0527
2021-08-25,AMD,0.150252,100,15.0252
2021-08-26,AMD,0.150195,100,15.0195
2021-08-27,AMD,0.150281,100,15.0281
2021-08-28,AMD,0.150303,100,15.0303
2021-08-31,AMD,0.149284,100,14.9284
2021-09-01,AMD,0.148622,100,14.8622
2021-09-02,AMD,0.148506,100,14.8506
2021-09-03,AMD,0.147587,100,14.7587
2021-09-04,AMD,0.147616,100,14.7616
2021-09-07,AMD,0.147844,100,14.7844
2021-09-08,AMD,0.14828,100,14.828
2021-09-09,AMD,0.148985,100,14.8985
2021-09-10,AMD,0.14832,100,14.832
2021-09-11,AMD,0.147511,100,14.7511
2021-09-14,AMD,0.148349,100,14.8349
2021-09-15,AMD,0.147514,100,14.7514
2021-09-16,AMD,0.14862,100,14.862
2021-09-17,AMD,0.147057,100,14.7057
2021-09-18,AMD,0.147315,100,14.7315
2021-09-21,AMD,0.149199,100,14.9199
2021-09-22,AMD,0.150653,100,15.0653
2021-09-23,AMD,0.149982,100,14.9982
2021-09-24,AMD,0.147799,100,14.7799
2021-09-25,AMD,0.148345,100,14.8345
2021-09-28,AMD,0.147791,100,14.7791
2021-09-29,AMD,0.150296,100,15.0296
2021-09-30,AMD,0.148053,100,14.8053
2021-10-01,AMD,0.148037,100,14.8037
2021-10-02,AMD,0.148653,100,14.8653
2021-10-05,AMD,0.149129,100,14.9129
2021-10-06,AMD,0.147873,100,14.7873
2021-10-07,AMD,0.148462,100,14.8462
2021-10-08,AMD,0.149134,100,14.9134
2021-10-09,AMD,0.150289,100,15.0289
2021-10-12,AMD,0.149806,100,14.9806
2021-10-13,AMD,0.150345,100,15.0345
2021-10-14,AMD,0.150298,100,15.0298
2021-10-15,AMD,0.149989,100,14.9989
2021-10-16,AMD,0.148503,100,14.8503
2021-10-19,AMD,0.148552,100,14.8552
2021-10-20,AMD,0.148561,100,14.8561
2021-10-21,AMD,0.148807,100,14.8807
2021-10-22,AMD,0.14864,100,14.864
2021-10-23,AMD,0.148372,100,14.8372
2021-10-26,AMD,0.14731,100,14.731
2021-10-27,AMD,0.145782,100,14.5782
2021-10-28,AMD,0.146353,100,14.6353
2021-10-29,AMD,0.147811,100,14.7811
2021-10-30,AMD,0.147624,100,14.7624
2021-11-02,AMD,0.14881,100,14.881
2021-11-03,AMD,0.149505,100,14.9505
2021-11-04,AMD,0.149587,100,14.9587
2021-11-09,AMD,0.149806,100,14.9806
2021-11-10,AMD,0.149479,100,14.9479
2021-11-11,AMD,0.148301,100,14.8301
2021-11-12,AMD,0.149698,100,14.9698
2021-11-13,AMD,0.151024,100,15.1024
2021-11-16,AMD,0.151992,100,15.1992
2021-11-17,AMD,0.152491,100,15.2491
2021-11-18,AMD,0.152925,100,15.2925
2021-11-19,AMD,0.152398,100,15.2398
2021-11-20,AMD,0.152508,100,15.2508
2021-11-23,AMD,0.154049,100,15.4049
2021-11-24,AMD,0.157014,100,15.7014
2021-11-25,AMD,0.155396,100,15.5396
2021-11-26,AMD,0.154773,100,15.4773
2021-11-27,AMD,0.156414,100,15.6414
2021-11-30,AMD,0.155162,100,15.5162
2021-12-01,AMD,0.153902,100,15.3902
2021-12-02,AMD,0.152016,100,15.2016
2021-12-03,AMD,0.15216,100,15.216
2021-12-04,AMD,0.150342,100,15.0342
2021-12-07,AMD,0.149963,100,14.9963
2021-12-08,AMD,0.150921,100,15.0921
2021-12-09,AMD,0.150245,100,15.0245
2021-12-10,AMD,0.148686,100,14.8686
2021-12-11,AMD,0.148774,100,14.8774
2021-12-14,AMD,0.148605,100,14.8605
2021-12-15,AMD,0.148154,100,14.8154
2021-12-16,AMD,0.149526,100,14.9526
2021-12-17,AMD,0.148899,100,14.8899
2021-12-18,AMD,0.149681,100,14.9681
2021-12-21,AMD,0.150822,100,15.0822
2021-12-22,AMD,0.14989,100,14.989
2021-12-23,AMD,0.149843,100,14.9843
2021-12-24,AMD,0.148348,100,14.8348
2021-12-25,AMD,0.148606,100,14.8606
2021-12-28,AMD,0.148696,100,14.8696
2021-12-29,AMD,0.14923,100,14.923
2021-12-30,AMD,0.149576,100,14.9576
2021-12-31,AMD,0.155164,100,15.5164
2022-01-11,AMD,0.155311,100,15.5311
2022-01-12,AMD,0.155019,100,15.5019
2022-01-13,AMD,0.154943,100,15.4943
2022-01-14,AMD,0.154466,100,15.4466
2022-01-15,AMD,0.156948,100,15.6948
2022-01-18,AMD,0.15776,100,15.776
2022-01-19,AMD,0.158601,100,15.8601
2022-01-20,AMD,0.159912,100,15.9912
2022-01-21,AMD,0.158954,100,15.8954
2022-01-22,AMD,0.159539,100,15.9539
2022-01-25,AMD,0.161009,100,16.1009
2022-01-26,AMD,0.163667,100,16.3667
2022-01-27,AMD,0.163445,100,16.3445
2022-01-28,AMD,0.163536,100,16.3536
2022-01-29,AMD,0.161113,100,16.1113
2022-02-01,AMD,0.160394,100,16.0394
2022-02-02,AMD,0.15969,100,15.969
2022-02-03,AMD,0.158354,100,15.8354
2022-02-04,AMD,0.158597,100,15.8597
2022-02-05,AMD,0.157537,100,15.7537
2022-02-08,AMD,0.156786,100,15.6786
2022-02-09,AMD,0.15599,100,15.599
2022-02-10,AMD,0.155918,100,15.5918
2022-02-11,AMD,0.155481,100,15.5481
2022-02-12,AMD,0.156125,100,15.6125
2022-02-15,AMD,0.1597,100,15.97
2022-02-16,AMD,0.158679,100,15.8679
2022-02-17,AMD,0.156198,100,15.6198
2022-02-18,AMD,0.157818,100,15.7818
2022-02-19,AMD,0.158465,100,15.8465
2022-02-22,AMD,0.159931,100,15.9931
2022-02-23,AMD,0.166638,100,16.6638
2022-02-25,AMD,0.181102,100,18.1102
2022-02-26,AMD,0.174059,100,17.4059
2022-03-01,AMD,0.19524,100,19.524
2022-03-02,AMD,0.188196,100,18.8196
2022-03-03,AMD,0.211143,100,21.1143
2022-03-04,AMD,0.227494,100,22.7494
2022-03-05,AMD,0.210112,100,21.0112
2022-03-06,AMD,0.210329,100,21.0329
2022-03-10,AMD,0.227537,100,22.7537
2022-03-11,AMD,0.23362,100,23.362
2022-03-12,AMD,0.225229,100,22.5229
2022-03-15,AMD,0.223221,100,22.3221
2022-03-16,AMD,0.224085,100,22.4085
2022-03-17,AMD,0.22071,100,22.071
2022-03-18,AMD,0.215142,100,21.5142
2022-03-19,AMD,0.212771,100,21.2771
2022-03-22,AMD,0.214019,100,21.4019
2022-03-23,AMD,0.212872,100,21.2872
2022-03-24,AMD,0.210442,100,21.0442
2022-03-25,AMD,0.19572,100,19.572
2022-03-26,AMD,0.194805,100,19.4805
2022-03-29,AMD,0.19125,100,19.125
2022-03-30,AMD,0.176948,100,17.6948
2022-03-31,AMD,0.173193,100,17.3193
2022-04-01,AMD,0.172311,100,17.2311
2022-04-02,AMD,0.172972,100,17.2972
2022-04-05,AMD,0.173017,100,17.3017
2022-04-06,AMD,0.173077,100,17.3077
2022-04-07,AMD,0.172298,100,17.2298
2022-04-08,AMD,0.15989,100,15.989
2022-04-09,AMD,0.157351,100,15.7351
2022-04-12,AMD,0.166708,100,16.6708
2022-04-13,AMD,0.168299,100,16.8299
2022-04-14,AMD,0.169014,100,16.9014
2022-04-15,AMD,0.172399,100,17.2399
2022-04-16,AMD,0.169786,100,16.9786
2022-04-19,AMD,0.168565,100,16.8565
2022-04-20,AMD,0.16785,100,16.785
2022-04-21,AMD,0.164278,100,16.4278
2022-04-22,AMD,0.160333,100,16.0333
2022-04-23,AMD,0.157304,100,15.7304
2022-04-26,AMD,0.157252,100,15.7252
2022-04-27,AMD,0.156991,100,15.6991
2022-04-28,AMD,0.158434,100,15.8434
2022-04-29,AMD,0.15831,100,15.831
2022-04-30,AMD,0.156695,100,15.6695
2022-05-05,AMD,0.152687,100,15.2687
2022-05-06,AMD,0.145696,100,14.5696
2022-05-07,AMD,0.142047,100,14.2047
2022-05-12,AMD,0.147448,100,14.7448
2022-05-13,AMD,0.140921,100,14.0921
2022-05-14,AMD,0.139887,100,13.9887
2022-05-17,AMD,0.139442,100,13.9442
2022-05-18,AMD,0.139697,100,13.9697
2022-05-19,AMD,0.138941,100,13.8941
2022-05-20,AMD,0.135836,100,13.5836
2022-05-21,AMD,0.128298,100,12.8298
2022-05-24,AMD,0.127726,100,12.7726
2022-05-25,AMD,0.125843,100,12.5843
2022-05-26,AMD,0.124913,100,12.4913
2022-05-27,AMD,0.13876,100,13.876
2022-05-28,AMD,0.148161,100,14.8161
2022-05-31,AMD,0.140354,100,14.0354
2022-06-01,AMD,0.137518,100,13.7518
2022-06-02,AMD,0.137944,100,13.7944
2022-06-03,AMD,0.138914,100,13.8914
2022-06-04,AMD,0.140784,100,14.0784
2022-06-07,AMD,0.13964,100,13.964
2022-06-08,AMD,0.140495,100,14.0495
2022-06-09,AMD,0.139809,100,13.9809
2022-06-10,AMD,0.136792,100,13.6792
2022-06-11,AMD,0.136931,100,13.6931
2022-06-15,AMD,0.136055,100,13.6055
2022-06-16,AMD,0.133505,100,13.3505
2022-06-17,AMD,0.133018,100,13.3018
2022-06-18,AMD,0.133341,100,13.3341
2022-06-21,AMD,0.133417,100,13.3417
2022-06-22,AMD,0.131191,100,13.1191
2022-06-23,AMD,0.129123,100,12.9123
2022-06-24,AMD,0.129881,100,12.9881
2022-06-25,AMD,0.130515,100,13.0515
2022-06-28,AMD,0.130271,100,13.0271
2022-06-29,AMD,0.129704,100,12.9704
2022-06-30,AMD,0.125292,100,12.5292
2022-07-01,AMD,0.128956,100,12.8956
2022-07-02,AMD,0.131799,100,13.1799
2022-07-05,AMD,0.135173,100,13.5173
2022-07-06,AMD,0.14358,100,14.358
2022-07-07,AMD,0.154118,100,15.4118
2022-07-08,AMD,0.154686,100,15.4686
2022-07-09,AMD,0.149186,100,14.9186
2022-07-12,AMD,0.149174,100,14.9174
2022-07-13,AMD,0.143183,100,14.3183
2022-07-14,AMD,0.142124,100,14.2124
2022-07-15,AMD,0.141184,100,14.1184
2022-07-16,AMD,0.139888,100,13.9888
2022-07-19,AMD,0.136277,100,13.6277
2022-07-20,AMD,0.133471,100,13.3471
2022-07-21,AMD,0.131976,100,13.1976
2022-07-22,AMD,0.136145,100,13.6145
2022-07-23,AMD,0.138929,100,13.8929
2022-07-26,AMD,0.14048,100,14.048
2022-07-27,AMD,0.143274,100,14.3274
2022-07-28,AMD,0.147652,100,14.7652
2022-07-29,AMD,0.148032,100,14.8032
2022-07-30,AMD,0.150377,100,15.0377
2022-08-02,AMD,0.15226,100,15.226
2022-08-03,AMD,0.147823,100,14.7823
2022-08-04,AMD,0.148215,100,14.8215
2022-08-05,AMD,0.148437,100,14.8437
2022-08-06,AMD,0.148642,100,14.8642
2022-08-09,AMD,0.14834,100,14.834
2022-08-10,AMD,0.14862,100,14.862
2022-08-11,AMD,0.148983,100,14.8983
2022-08-12,AMD,0.149284,100,14.9284
2022-08-13,AMD,0.150032,100,15.0032
2022-08-16,AMD,0.151099,100,15.1099
2022-08-17,AMD,0.151259,100,15.1259
2022-08-18,AMD,0.149658,100,14.9658
2022-08-19,AMD,0.147754,100,14.7754
2022-08-20,AMD,0.145951,100,14.5951
2022-08-23,AMD,0.147344,100,14.7344
2022-08-24,AMD,0.147918,100,14.7918
2022-08-25,AMD,0.148189,100,14.8189
2022-08-26,AMD,0.147602,100,14.7602
2022-08-27,AMD,0.148442,100,14.8442
2022-08-30,AMD,0.149002,100,14.9002
2022-08-31,AMD,0.149141,100,14.9141
2022-09-01,AMD,0.148822,100,14.8822
2022-09-02,AMD,0.148829,100,14.8829
2022-09-03,AMD,0.149216,100,14.9216
2022-09-06,AMD,0.150475,100,15.0475
2022-09-07,AMD,0.150332,100,15.0332
2022-09-08,AMD,0.151102,100,15.1102
2022-09-09,AMD,0.150085,100,15.0085
2022-09-10,AMD,0.14919,100,14.919
2022-09-13,AMD,0.149103,100,14.9103
2022-09-14,AMD,0.148143,100,14.8143
2022-09-15,AMD,0.146965,100,14.6965
2022-09-16,AMD,0.145124,100,14.5124
2022-09-17,AMD,0.144317,100,14.4317
2022-09-20,AMD,0.143835,100,14.3835
2022-09-21,AMD,0.143606,100,14.3606
2022-09-22,AMD,0.145646,100,14.5646
2022-09-23,AMD,0.143125,100,14.3125
2022-09-24,AMD,0.139574,100,13.9574
2022-09-27,AMD,0.140413,100,14.0413
2022-09-28,AMD,0.141954,100,14.1954
2022-09-29,AMD,0.143242,100,14.3242
2022-09-30,AMD,0.141436,100,14.1436
2022-10-01,AMD,0.136321,100,13.6321
2022-10-04,AMD,0.141712,100,14.1712
2022-10-05,AMD,0.144632,100,14.4632
2022-10-06,AMD,0.146424,100,14.6424
2022-10-07,AMD,0.148605,100,14.8605
2022-10-08,AMD,0.151393,100,15.1393
2022-10-11,AMD,0.154125,100,15.4125
2022-10-12,AMD,0.157626,100,15.7626
2022-10-13,AMD,0.157917,100,15.7917
2022-10-14,AMD,0.157193,100,15.7193
2022-10-15,AMD,0.156102,100,15.6102
2022-10-18,AMD,0.152831,100,15.2831
2022-10-19,AMD,0.152746,100,15.2746
2022-10-20,AMD,0.152456,100,15.2456
2022-10-21,AMD,0.152387,100,15.2387
2022-10-22,AMD,0.151847,100,15.1847
2022-10-25,AMD,0.152022,100,15.2022
2022-10-26,AMD,0.152983,100,15.2983
2022-10-27,AMD,0.153808,100,15.3808
2022-10-28,AMD,0.154673,100,15.4673
2022-10-29,AMD,0.155574,100,15.5574
2022-11-01,AMD,0.15585,100,15.585
2022-11-02,AMD,0.155438,100,15.5438
2022-11-03,AMD,0.155848,100,15.5848
2022-11-04,AMD,0.157069,100,15.7069
2022-11-08,AMD,0.154662,100,15.4662
2022-11-09,AMD,0.153902,100,15.3902
2022-11-10,AMD,0.154718,100,15.4718
2022-11-11,AMD,0.154941,100,15.4941
2022-11-12,AMD,0.152019,100,15.2019
2022-11-15,AMD,0.152548,100,15.2548
2022-11-16,AMD,0.152367,100,15.2367
2022-11-17,AMD,0.152723,100,15.2723
2022-11-18,AMD,0.15268,100,15.268
2022-11-19,AMD,0.152772,100,15.2772
2022-11-22,AMD,0.153697,100,15.3697
2022-11-23,AMD,0.153643,100,15.3643
2022-11-24,AMD,0.153203,100,15.3203
2022-11-25,AMD,0.152765,100,15.2765
2022-11-26,AMD,0.153094,100,15.3094
2022-11-29,AMD,0.153445,100,15.3445
2022-11-30,AMD,0.154571,100,15.4571
2022-12-01,AMD,0.154178,100,15.4178
2022-12-02,AMD,0.154668,100,15.4668
2022-12-03,AMD,0.156313,100,15.6313
2022-12-06,AMD,0.157068,100,15.7068
2022-12-07,AMD,0.159029,100,15.9029
2022-12-08,AMD,0.159045,100,15.9045
2022-12-09,AMD,0.15835,100,15.835
2022-12-10,AMD,0.157807,100,15.7807
2022-12-13,AMD,0.158692,100,15.8692
2022-12-14,AMD,0.160002,100,16.0002
2022-12-15,AMD,0.160757,100,16.0757
2022-12-16,AMD,0.163094,100,16.3094
2022-12-17,AMD,0.163792,100,16.3792
2022-12-20,AMD,0.168271,100,16.8271
2022-12-21,AMD,0.175256,100,17.5256
2022-12-22,AMD,0.179013,100,17.9013
2022-12-23,AMD,0.18304,100,18.304
2022-12-24,AMD,0.174389,100,17.4389
2022-12-27,AMD,0.173512,100,17.3512
2022-12-28,AMD,0.177679,100,17.7679
2022-12-29,AMD,0.181367,100,18.1367
2022-12-30,AMD,0.182959,100,18.2959
2022-12-31,AMD,0.178717,100,17.8717
2023-01-10,AMD,0.178007,100,17.8007
2023-01-11,AMD,0.176168,100,17.6168
2023-01-12,AMD,0.174311,100,17.4311
2023-01-13,AMD,0.171021,100,17.1021
2023-01-14,AMD,0.170401,100,17.0401
2023-01-17,AMD,0.1721,100,17.21
2023-01-18,AMD,0.173028,100,17.3028
2023-01-19,AMD,0.173763,100,17.3763
2023-01-20,AMD,0.173693,100,17.3693
2023-01-21,AMD,0.173289,100,17.3289
2023-01-24,AMD,0.173017,100,17.3017
2023-01-25,AMD,0.173443,100,17.3443
2023-01-26,AMD,0.174126,100,17.4126
2023-01-27,AMD,0.174716,100,17.4716
2023-01-28,AMD,0.175085,100,17.5085
2023-01-31,AMD,0.175792,100,17.5792
2023-02-01,AMD,0.178223,100,17.8223
2023-02-02,AMD,0.177191,100,17.7191
2023-02-03,AMD,0.176854,100,17.6854
2023-02-04,AMD,0.177524,100,17.7524
2023-02-07,AMD,0.178002,100,17.8002
2023-02-08,AMD,0.179075,100,17.9075
2023-02-09,AMD,0.180794,100,18.0794
2023-02-10,AMD,0.184115,100,18.4115
2023-02-11,AMD,0.184172,100,18.4172
2023-02-14,AMD,0.186553,100,18.6553
2023-02-15,AMD,0.187426,100,18.7426
2023-02-16,AMD,0.188584,100,18.8584
2023-02-17,AMD,0.189987,100,18.9987
2023-02-18,AMD,0.190279,100,19.0279
2023-02-21,AMD,0.188717,100,18.8717
2023-02-22,AMD,0.191124,100,19.1124
2023-02-23,AMD,0.191325,100,19.1325
2023-02-28,AMD,0.193883,100,19.3883
2023-03-01,AMD,0.192359,100,19.2359
2023-03-02,AMD,0.193443,100,19.3443
2023-03-03,AMD,0.194043,100,19.4043
2023-03-04,AMD,0.194397,100,19.4397
2023-03-07,AMD,0.194272,100,19.4272
2023-03-08,AMD,0.194178,100,19.4178
2023-03-10,AMD,0.195379,100,19.5379
2023-03-11,AMD,0.195632,100,19.5632
2023-03-14,AMD,0.194267,100,19.4267
2023-03-15,AMD,0.193402,100,19.3402
2023-03-16,AMD,0.19502,100,19.502
2023-03-17,AMD,0.196612,100,19.6612
2023-03-18,AMD,0.197292,100,19.7292
2023-03-21,AMD,0.198832,100,19.8832
2023-03-22,AMD,0.197856,100,19.7856
2023-03-23,AMD,0.198254,100,19.8254
2023-03-24,AMD,0.196501,100,19.6501
2023-03-25,AMD,0.196995,100,19.6995
2023-03-28,AMD,0.197066,100,19.7066
2023-03-29,AMD,0.19726,100,19.726
2023-03-30,AMD,0.19829,100,19.829
2023-03-31,AMD,0.198523,100,19.8523
2023-04-01,AMD,0.199041,100,19.9041
2023-04-04,AMD,0.200656,100,20.0656
2023-04-05,AMD,0.204448,100,20.4448
2023-04-06,AMD,0.204718,100,20.4718
2023-04-07,AMD,0.207803,100,20.7803
2023-04-08,AMD,0.212133,100,21.2133
2023-04-11,AMD,0.21055,100,21.055
2023-04-12,AMD,0.211706,100,21.1706
2023-04-13,AMD,0.211466,100,21.1466
2023-04-14,AMD,0.210521,100,21.0521
2023-04-15,AMD,0.209955,100,20.9955
2023-04-18,AMD,0.210414,100,21.0414
2023-04-19,AMD,0.210436,100,21.0436
2023-04-20,AMD,0.210635,100,21.0635
2023-04-21,AMD,0.210787,100,21.0787
2023-04-22,AMD,0.210304,100,21.0304
2023-04-25,AMD,0.209757,100,20.9757
2023-04-26,AMD,0.211138,100,21.1138
2023-04-27,AMD,0.210744,100,21.0744
2023-04-28,AMD,0.21106,100,21.106
2023-04-29,AMD,0.208228,100,20.8228
2023-05-03,AMD,0.206697,100,20.6697
2023-05-04,AMD,0.204938,100,20.4938
2023-05-05,AMD,0.202974,100,20.2974
2023-05-06,AMD,0.198837,100,19.8837
2023-05-11,AMD,0.198481,100,19.8481
2023-05-12,AMD,0.196424,100,19.6424
2023-05-13,AMD,0.199814,100,19.9814
2023-05-16,AMD,0.204272,100,20.4272
2023-05-17,AMD,0.207014,100,20.7014
2023-05-18,AMD,0.209066,100,20.9066
2023-05-19,AMD,0.206797,100,20.6797
2023-05-20,AMD,0.206794,100,20.6794
2023-05-23,AMD,0.206606,100,20.6606
2023-05-24,AMD,0.207551,100,20.7551
2023-05-25,AMD,0.2072,100,20.72
2023-05-26,AMD,0.206998,100,20.6998
2023-05-27,AMD,0.206889,100,20.6889
2023-05-30,AMD,0.207306,100,20.7306
2023-05-31,AMD,0.208753,100,20.8753
2023-06-01,AMD,0.209493,100,20.9493
2023-06-02,AMD,0.209225,100,20.9225
2023-06-03,AMD,0.208862,100,20.8862
2023-06-06,AMD,0.210002,100,21.0002
2023-06-07,AMD,0.209927,100,20.9927
2023-06-08,AMD,0.210622,100,21.0622
2023-06-09,AMD,0.212105,100,21.2105
2023-06-10,AMD,0.213998,100,21.3998
2023-06-14,AMD,0.216008,100,21.6008
2023-06-15,AMD,0.218119,100,21.8119
2023-06-16,AMD,0.217212,100,21.7212
2023-06-17,AMD,0.216407,100,21.6407
2023-06-20,AMD,0.21743,100,21.743
2023-06-21,AMD,0.217613,100,21.7613
2023-06-22,AMD,0.218165,100,21.8165
2023-06-23,AMD,0.216522,100,21.6522
2023-06-24,AMD,0.217203,100,21.7203
2023-06-27,AMD,0.219025,100,21.9025
2023-06-28,AMD,0.219933,100,21.9933
2023-06-29,AMD,0.221507,100,22.1507
2023-06-30,AMD,0.22529,100,22.529
2023-07-01,AMD,0.22894,100,22.894
2023-07-04,AMD,0.230827,100,23.0827
2023-07-05,AMD,0.231832,100,23.1832
2023-07-06,AMD,0.233885,100,23.3885
2023-07-07,AMD,0.239644,100,23.9644
2023-07-08,AMD,0.237417,100,23.7417
2023-07-11,AMD,0.236361,100,23.6361
2023-07-12,AMD,0.233759,100,23.3759
2023-07-13,AMD,0.234623,100,23.4623
2023-07-14,AMD,0.232952,100,23.2952
2023-07-15,AMD,0.233463,100,23.3463
2023-07-18,AMD,0.234168,100,23.4168
2023-07-19,AMD,0.234773,100,23.4773
2023-07-20,AMD,0.2355,100,23.55
2023-07-21,AMD,0.235198,100,23.5198
2023-07-22,AMD,0.233866,100,23.3866
2023-07-25,AMD,0.233767,100,23.3767
2023-07-26,AMD,0.232959,100,23.2959
2023-07-27,AMD,0.23304,100,23.304
2023-07-28,AMD,0.233002,100,23.3002
2023-07-29,AMD,0.235561,100,23.5561
2023-08-01,AMD,0.2372,100,23.72
2023-08-02,AMD,0.23765,100,23.765
2023-08-03,AMD,0.239986,100,23.9986
2023-08-04,AMD,0.242838,100,24.2838
2023-08-05,AMD,0.245457,100,24.5457
2023-08-08,AMD,0.250115,100,25.0115
2023-08-09,AMD,0.248604,100,24.8604
2023-08-10,AMD,0.252286,100,25.2286
2023-08-11,AMD,0.251987,100,25.1987
2023-08-12,AMD,0.254421,100,25.4421
2023-08-15,AMD,0.261348,100,26.1348
2023-08-16,AMD,0.251957,100,25.1957
2023-08-17,AMD,0.250549,100,25.0549
2023-08-18,AMD,0.242771,100,24.2771
2023-08-19,AMD,0.2419,100,24.19
2023-08-22,AMD,0.24381,100,24.381
2023-08-23,AMD,0.243963,100,24.3963
2023-08-24,AMD,0.244163,100,24.4163
2023-08-25,AMD,0.244587,100,24.4587
2023-08-26,AMD,0.24538,100,24.538
2023-08-29,AMD,0.247342,100,24.7342
2023-08-30,AMD,0.247849,100,24.7849
2023-08-31,AMD,0.248532,100,24.8532
2023-09-01,AMD,0.249713,100,24.9713
2023-09-02,AMD,0.249653,100,24.9653
2023-09-05,AMD,0.250447,100,25.0447
2023-09-06,AMD,0.252814,100,25.2814
2023-09-07,AMD,0.253593,100,25.3593
2023-09-08,AMD,0.254506,100,25.4506
2023-09-09,AMD,0.253801,100,25.3801
2023-09-12,AMD,0.250132,100,25.0132
2023-09-13,AMD,0.245454,100,24.5454
2023-09-14,AMD,0.248503,100,24.8503
2023-09-15,AMD,0.249096,100,24.9096
2023-09-16,AMD,0.25012,100,25.012
2023-09-19,AMD,0.250505,100,25.0505
2023-09-20,AMD,0.249194,100,24.9194
2023-09-21,AMD,0.250077,100,25.0077
2023-09-22,AMD,0.248677,100,24.8677
2023-09-23,AMD,0.248016,100,24.8016
2023-09-26,AMD,0.248118,100,24.8118
2023-09-27,AMD,0.248221,100,24.8221
2023-09-28,AMD,0.248334,100,24.8334
2023-09-29,AMD,0.248163,100,24.8163
2023-09-30,AMD,0.247623,100,24.7623
2023-10-03,AMD,0.244843,100,24.4843
2023-10-04,AMD,0.240096,100,24.0096
2023-10-05,AMD,0.231755,100,23.1755
2023-10-06,AMD,0.238164,100,23.8164
2023-10-07,AMD,0.245029,100,24.5029
2023-10-10,AMD,0.250829,100,25.0829
2023-10-11,AMD,0.251396,100,25.1396
2023-10-12,AMD,0.252975,100,25.2975
2023-10-13,AMD,0.243883,100,24.3883
2023-10-14,AMD,0.241932,100,24.1932
2023-10-17,AMD,0.242477,100,24.2477
2023-10-18,AMD,0.242377,100,24.2377
2023-10-19,AMD,0.242419,100,24.2419
2023-10-20,AMD,0.242167,100,24.2167
2023-10-21,AMD,0.238891,100,23.8891
2023-10-24,AMD,0.235469,100,23.5469
2023-10-25,AMD,0.232435,100,23.2435
2023-10-26,AMD,0.231488,100,23.1488
2023-10-27,AMD,0.232463,100,23.2463
2023-10-28,AMD,0.231567,100,23.1567
2023-10-31,AMD,0.231799,100,23.1799
2023-11-01,AMD,0.228344,100,22.8344
2023-11-02,AMD,0.231815,100,23.1815
2023-11-03,AMD,0.231561,100,23.1561
2023-11-04,AMD,0.231304,100,23.1304
2023-11-08,AMD,0.229511,100,22.9511
2023-11-09,AMD,0.229056,100,22.9056
2023-11-10,AMD,0.228287,100,22.8287
2023-11-11,AMD,0.228653,100,22.8653
2023-11-14,AMD,0.228588,100,22.8588
2023-11-15,AMD,0.226337,100,22.6337
2023-11-16,AMD,0.222021,100,22.2021
2023-11-17,AMD,0.220865,100,22.0865
2023-11-18,AMD,0.221475,100,22.1475
2023-11-21,AMD,0.220028,100,22.0028
2023-11-22,AMD,0.218278,100,21.8278
2023-11-23,AMD,0.219092,100,21.9092
2023-11-24,AMD,0.219069,100,21.9069
2023-11-25,AMD,0.22083,100,22.083
2023-11-28,AMD,0.220488,100,22.0488
2023-11-29,AMD,0.220264,100,22.0264
2023-11-30,AMD,0.22083,100,22.083
2023-12-01,AMD,0.219997,100,21.9997
2023-12-02,AMD,0.222801,100,22.2801
2023-12-05,AMD,0.224967,100,22.4967
2023-12-06,AMD,0.22728,100,22.728
2023-12-07,AMD,0.230173,100,23.0173
2023-12-08,AMD,0.229446,100,22.9446
2023-12-09,AMD,0.22726,100,22.726
2023-12-12,AMD,0.225466,100,22.5466
2023-12-13,AMD,0.223533,100,22.3533
2023-12-14,AMD,0.22244,100,22.244
2023-12-15,AMD,0.221647,100,22.1647
2023-12-16,AMD,0.221309,100,22.1309
2023-12-19,AMD,0.222727,100,22.2727
2023-12-20,AMD,0.221993,100,22.1993
2023-12-21,AMD,0.222926,100,22.2926
2023-12-22,AMD,0.226089,100,22.6089
2023-12-23,AMD,0.226663,100,22.6663
2023-12-26,AMD,0.226899,100,22.6899
2023-12-27,AMD,0.226325,100,22.6325
2023-12-28,AMD,0.226332,100,22.6332
2023-12-29,AMD,0.222891,100,22.2891
2023-12-30,AMD,0.221567,100,22.1567
2024-01-10,AMD,0.222884,100,22.2884
2024-01-11,AMD,0.220464,100,22.0464
2024-01-12,AMD,0.219209,100,21.9209
2024-01-13,AMD,0.217423,100,21.7423
2024-01-16,AMD,0.216225,100,21.6225
2024-01-17,AMD,0.216084,100,21.6084
2024-01-18,AMD,0.217894,100,21.7894
2024-01-19,AMD,0.218781,100,21.8781
2024-01-20,AMD,0.218513,100,21.8513
2024-01-23,AMD,0.217135,100,21.7135
2024-01-24,AMD,0.217022,100,21.7022
2024-01-25,AMD,0.218112,100,21.8112
2024-01-26,AMD,0.219332,100,21.9332
2024-01-27,AMD,0.221788,100,22.1788
2024-01-30,AMD,0.221909,100,22.1909
2024-01-31,AMD,0.221034,100,22.1034
2024-02-01,AMD,0.222115,100,22.2115
2024-02-02,AMD,0.223408,100,22.3408
2024-02-03,AMD,0.224412,100,22.4412
2024-02-06,AMD,0.225833,100,22.5833
2024-02-07,AMD,0.224333,100,22.4333
2024-02-08,AMD,0.225477,100,22.5477
2024-02-09,AMD,0.225619,100,22.5619
2024-02-10,AMD,0.22467,100,22.467
2024-02-13,AMD,0.22514,100,22.514
2024-02-14,AMD,0.225628,100,22.5628
2024-02-15,AMD,0.226557,100,22.6557
2024-02-16,AMD,0.227146,100,22.7146
2024-02-17,AMD,0.228844,100,22.8844
2024-02-20,AMD,0.228529,100,22.8529
2024-02-21,AMD,0.228321,100,22.8321
2024-02-22,AMD,0.228616,100,22.8616
2024-02-23,AMD,0.22938,100,22.938
2024-02-27,AMD,0.229049,100,22.9049
2024-02-28,AMD,0.227597,100,22.7597
2024-02-29,AMD,0.227219,100,22.7219
2024-03-01,AMD,0.224768,100,22.4768
2024-03-02,AMD,0.226084,100,22.6084
2024-03-05,AMD,0.226044,100,22.6044
2024-03-06,AMD,0.225628,100,22.5628
2024-03-07,AMD,0.22365,100,22.365
2024-03-08,AMD,0.224788,100,22.4788
2024-03-12,AMD,0.224553,100,22.4553
2024-03-13,AMD,0.225301,100,22.5301
2024-03-14,AMD,0.227215,100,22.7215
2024-03-15,AMD,0.227582,100,22.7582
2024-03-16,AMD,0.228175,100,22.8175
2024-03-19,AMD,0.228836,100,22.8836
2024-03-20,AMD,0.229831,100,22.9831
2024-03-21,AMD,0.231849,100,23.1849
2024-03-22,AMD,0.230752,100,23.0752
2024-03-23,AMD,0.232833,100,23.2833
2024-03-26,AMD,0.234254,100,23.4254
2024-03-27,AMD,0.233963,100,23.3963
2024-03-28,AMD,0.234582,100,23.4582
2024-03-29,AMD,0.233896,100,23.3896
2024-03-30,AMD,0.234861,100,23.4861
2024-04-02,AMD,0.235455,100,23.5455
2024-04-03,AMD,0.236644,100,23.6644
2024-04-04,AMD,0.237066,100,23.7066
2024-04-05,AMD,0.23754,100,23.754
2024-04-06,AMD,0.237896,100,23.7896
2024-04-09,AMD,0.237973,100,23.7973
2024-04-10,AMD,0.238049,100,23.8049
2024-04-11,AMD,0.238799,100,23.8799
2024-04-12,AMD,0.23941,100,23.941
2024-04-13,AMD,0.237259,100,23.7259
2024-04-16,AMD,0.236479,100,23.6479
2024-04-17,AMD,0.238018,100,23.8018
2024-04-18,AMD,0.238735,100,23.8735
2024-04-19,AMD,0.23877,100,23.877
2024-04-20,AMD,0.238005,100,23.8005
2024-04-23,AMD,0.238228,100,23.8228
2024-04-24,AMD,0.239185,100,23.9185
2024-04-25,AMD,0.23717,100,23.717
2024-04-26,AMD,0.237085,100,23.7085
2024-04-27,AMD,0.237099,100,23.7099
2024-04-28,AMD,0.236495,100,23.6495
2024-05-03,AMD,0.237479,100,23.7479
2024-05-04,AMD,0.236734,100,23.6734
2024-05-07,AMD,0.23539,100,23.539
2024-05-08,AMD,0.235017,100,23.5017
2024-05-09,AMD,0.236653,100,23.6653
2024-05-14,AMD,0.236387,100,23.6387
2024-05-15,AMD,0.23565,100,23.565
2024-05-16,AMD,0.235491,100,23.5491
2024-05-17,AMD,0.234286,100,23.4286
2024-05-18,AMD,0.234745,100,23.4745
2024-05-21,AMD,0.233662,100,23.3662
2024-05-22,AMD,0.232867,100,23.2867
2024-05-23,AMD,0.232224,100,23.2224
2024-05-24,AMD,0.232852,100,23.2852
2024-05-25,AMD,0.231329,100,23.1329
2024-05-28,AMD,0.228552,100,22.8552
2024-05-29,AMD,0.227914,100,22.7914
2024-05-30,AMD,0.230346,100,23.0346
2024-05-31,AMD,0.231219,100,23.1219
2024-06-01,AMD,0.232824,100,23.2824
2024-06-04,AMD,0.230635,100,23.0635
2024-06-05,AMD,0.229146,100,22.9146
2024-06-06,AMD,0.22862,100,22.862
2024-06-07,AMD,0.22897,100,22.897
2024-06-08,AMD,0.228936,100,22.8936
2024-06-11,AMD,0.229639,100,22.9639
2024-06-12,AMD,0.229685,100,22.9685
2024-06-14,AMD,0.227317,100,22.7317
2024-06-15,AMD,0.229261,100,22.9261
2024-06-18,AMD,0.22905,100,22.905
2024-06-19,AMD,0.223897,100,22.3897
2024-06-20,AMD,0.212641,100,21.2641
2024-06-21,AMD,0.220058,100,22.0058
2024-06-22,AMD,0.226396,100,22.6396
2024-06-25,AMD,0.225159,100,22.5159
2024-06-26,AMD,0.224825,100,22.4825
2024-06-27,AMD,0.226113,100,22.6113
2024-06-28,AMD,0.218912,100,21.8912
2024-06-29,AMD,0.220909,100,22.0909
2024-07-02,AMD,0.224958,100,22.4958
2024-07-03,AMD,0.22669,100,22.669
2024-07-04,AMD,0.226537,100,22.6537
2024-07-05,AMD,0.227132,100,22.7132
2024-07-06,AMD,0.227169,100,22.7169
2024-07-09,AMD,0.227309,100,22.7309
2024-07-10,AMD,0.226806,100,22.6806
2024-07-11,AMD,0.226495,100,22.6495
2024-07-12,AMD,0.22651,100,22.651
2024-07-13,AMD,0.226141,100,22.6141
2024-07-16,AMD,0.226419,100,22.6419
2024-07-17,AMD,0.22755,100,22.755
2024-07-18,AMD,0.226894,100,22.6894
2024-07-19,AMD,0.226489,100,22.6489
2024-07-20,AMD,0.226641,100,22.6641
2024-07-23,AMD,0.226384,100,22.6384
2024-07-24,AMD,0.22505,100,22.505
2024-07-25,AMD,0.222844,100,22.2844
2024-07-26,AMD,0.220191,100,22.0191
2024-07-27,AMD,0.220301,100,22.0301
2024-07-30,AMD,0.223282,100,22.3282
2024-07-31,AMD,0.222282,100,22.2282
2024-08-01,AMD,0.221873,100,22.1873
2024-08-02,AMD,0.221188,100,22.1188
2024-08-03,AMD,0.220968,100,22.0968
2024-08-06,AMD,0.21906,100,21.906
2024-08-07,AMD,0.219378,100,21.9378
2024-08-08,AMD,0.221686,100,22.1686
2024-08-09,AMD,0.222817,100,22.2817
2024-08-10,AMD,0.226655,100,22.6655
2024-08-13,AMD,0.231668,100,23.1668
2024-08-14,AMD,0.238431,100,23.8431
2024-08-15,AMD,0.231722,100,23.1722
2024-08-16,AMD,0.228702,100,22.8702
2024-08-17,AMD,0.229069,100,22.9069
2024-08-20,AMD,0.230685,100,23.0685
2024-08-21,AMD,0.233688,100,23.3688
2024-08-22,AMD,0.236086,100,23.6086
2024-08-23,AMD,0.235279,100,23.5279
2024-08-24,AMD,0.236061,100,23.6061
2024-08-27,AMD,0.236465,100,23.6465
2024-08-28,AMD,0.235884,100,23.5884
2024-08-29,AMD,0.235737,100,23.5737
2024-08-30,AMD,0.235799,100,23.5799
2024-08-31,AMD,0.235303,100,23.5303
2024-09-03,AMD,0.232178,100,23.2178
2024-09-04,AMD,0.228746,100,22.8746
2024-09-05,AMD,0.229417,100,22.9417
2024-09-06,AMD,0.231615,100,23.1615
2024-09-07,AMD,0.232046,100,23.2046
2024-09-10,AMD,0.233463,100,23.3463
2024-09-11,AMD,0.2353,100,23.53
2024-09-12,AMD,0.235663,100,23.5663
2024-09-13,AMD,0.235261,100,23.5261
2024-09-14,AMD,0.234833,100,23.4833
2024-09-17,AMD,0.235394,100,23.5394
2024-09-18,AMD,0.235879,100,23.5879
2024-09-19,AMD,0.236821,100,23.6821
2024-09-20,AMD,0.239062,100,23.9062
2024-09-21,AMD,0.23907,100,23.907
2024-09-24,AMD,0.23959,100,23.959
2024-09-25,AMD,0.239731,100,23.9731
2024-09-26,AMD,0.238421,100,23.8421
2024-09-27,AMD,0.238501,100,23.8501
2024-09-28,AMD,0.23937,100,23.937
2024-10-01,AMD,0.240704,100,24.0704
2024-10-02,AMD,0.241167,100,24.1167
2024-10-03,AMD,0.244086,100,24.4086
2024-10-04,AMD,0.245514,100,24.5514
2024-10-05,AMD,0.245148,100,24.5148
2024-10-08,AMD,0.248275,100,24.8275
2024-10-09,AMD,0.248072,100,24.8072
2024-10-10,AMD,0.250474,100,25.0474
2024-10-11,AMD,0.251167,100,25.1167
2024-10-12,AMD,0.24813,100,24.813
2024-10-15,AMD,0.248242,100,24.8242
2024-10-16,AMD,0.250548,100,25.0548
2024-10-17,AMD,0.251128,100,25.1128
2024-10-18,AMD,0.250727,100,25.0727
2024-10-19,AMD,0.248979,100,24.8979
2024-10-22,AMD,0.248198,100,24.8198
2024-10-23,AMD,0.249456,100,24.9456
2024-10-24,AMD,0.249279,100,24.9279
2024-10-25,AMD,0.249884,100,24.9884
2024-10-26,AMD,0.249621,100,24.9621
2024-10-29,AMD,0.251156,100,25.1156
2024-10-30,AMD,0.25145,100,25.145
2024-10-31,AMD,0.250751,100,25.0751
2024-11-01,AMD,0.250303,100,25.0303
2024-11-02,AMD,0.251673,100,25.1673
2024-11-03,AMD,0.251956,100,25.1956
2024-11-06,AMD,0.253218,100,25.3218
2024-11-07,AMD,0.253572,100,25.3572
2024-11-08,AMD,0.253267,100,25.3267
2024-11-09,AMD,0.252558,100,25.2558
2024-11-12,AMD,0.252878,100,25.2878
2024-11-13,AMD,0.252783,100,25.2783
2024-11-14,AMD,0.253749,100,25.3749
2024-11-15,AMD,0.255438,100,25.5438
2024-11-16,AMD,0.257559,100,25.7559
2024-11-19,AMD,0.256996,100,25.6996
2024-11-20,AMD,0.257179,100,25.7179
2024-11-21,AMD,0.257507,100,25.7507
2024-11-22,AMD,0.258518,100,25.8518
2024-11-23,AMD,0.263178,100,26.3178
2024-11-26,AMD,0.266035,100,26.6035
2024-11-27,AMD,0.268779,100,26.8779
2024-11-28,AMD,0.275797,100,27.5797
2024-11-29,AMD,0.278846,100,27.8846
2024-11-30,AMD,0.273011,100,27.3011
2024-12-03,AMD,0.269367,100,26.9367
2024-12-04,AMD,0.265742,100,26.5742
2024-12-05,AMD,0.25883,100,25.883
2024-12-06,AMD,0.256516,100,25.6516
2024-12-07,AMD,0.247742,100,24.7742
2024-12-10,AMD,0.251089,100,25.1089
2024-12-11,AMD,0.25333,100,25.333
2024-12-12,AMD,0.261876,100,26.1876
2024-12-13,AMD,0.263625,100,26.3625
2024-12-14,AMD,0.262507,100,26.2507
2024-12-17,AMD,0.261319,100,26.1319
2024-12-18,AMD,0.261025,100,26.1025
2024-12-19,AMD,0.260444,100,26.0444
2024-12-20,AMD,0.261884,100,26.1884
2024-12-21,AMD,0.259065,100,25.9065
2024-12-24,AMD,0.256874,100,25.6874
2024-12-25,AMD,0.252364,100,25.2364
2024-12-26,AMD,0.251509,100,25.1509
2024-12-27,AMD,0.250466,100,25.0466
2024-12-28,AMD,0.253552,100,25.3552
2024-12-29,AMD,0.256456,100,25.6456
2025-01-10,AMD,0.257758,100,25.7758
2025-01-11,AMD,0.256815,100,25.6815
2025-01-14,AMD,0.258567,100,25.8567
2025-01-15,AMD,0.260038,100,26.0038
2025-01-16,AMD,0.258253,100,25.8253
2025-01-17,AMD,0.257162,100,25.7162
2025-01-18,AMD,0.256715,100,25.6715
2025-01-21,AMD,0.255764,100,25.5764
2025-01-22,AMD,0.250547,100,25.0547
2025-01-23,AMD,0.246477,100,24.6477
2025-01-24,AMD,0.24844,100,24.844
2025-01-25,AMD,0.246293,100,24.6293
2025-01-28,AMD,0.24383,100,24.383
2025-01-29,AMD,0.245923,100,24.5923
2025-01-30,AMD,0.246096,100,24.6096
2025-01-31,AMD,0.246296,100,24.6296
2025-02-01,AMD,0.246158,100,24.6158
2025-02-04,AMD,0.251753,100,25.1753
2025-02-05,AMD,0.248377,100,24.8377
2025-02-06,AMD,0.247253,100,24.7253
2025-02-07,AMD,0.244211,100,24.4211
2025-02-08,AMD,0.245176,100,24.5176
2025-02-11,AMD,0.244146,100,24.4146
2025-02-12,AMD,0.241596,100,24.1596
2025-02-13,AMD,0.237161,100,23.7161
2025-02-14,AMD,0.229633,100,22.9633
2025-02-15,AMD,0.227762,100,22.7762
2025-02-18,AMD,0.230669,100,23.0669
2025-02-19,AMD,0.230522,100,23.0522
2025-02-20,AMD,0.228512,100,22.8512
2025-02-21,AMD,0.223901,100,22.3901
2025-02-22,AMD,0.223543,100,22.3543
2025-02-25,AMD,0.223931,100,22.3931
2025-02-26,AMD,0.220129,100,22.0129
2025-02-27,AMD,0.218363,100,21.8363
2025-02-28,AMD,0.222999,100,22.2999
2025-03-01,AMD,0.224372,100,22.4372
2025-03-04,AMD,0.2267,100,22.67
2025-03-05,AMD,0.22659,100,22.659
2025-03-06,AMD,0.227714,100,22.7714
2025-03-07,AMD,0.227007,100,22.7007
2025-03-08,AMD,0.225901,100,22.5901
2025-03-11,AMD,0.223918,100,22.3918
2025-03-12,AMD,0.219691,100,21.9691
2025-03-13,AMD,0.220173,100,22.0173
2025-03-14,AMD,0.22055,100,22.055
2025-03-15,AMD,0.218434,100,21.8434
2025-03-18,AMD,0.21488,100,21.488
2025-03-19,AMD,0.208146,100,20.8146
2025-03-20,AMD,0.211581,100,21.1581
2025-03-21,AMD,0.215152,100,21.5152
2025-03-22,AMD,0.215621,100,21.5621
2025-03-25,AMD,0.214056,100,21.4056
2025-03-26,AMD,0.214888,100,21.4888
2025-03-27,AMD,0.214922,100,21.4922
2025-03-28,AMD,0.213968,100,21.3968
2025-03-29,AMD,0.213696,100,21.3696
2025-04-01,AMD,0.218342,100,21.8342
2025-04-02,AMD,0.217005,100,21.7005
2025-04-03,AMD,0.216158,100,21.6158
2025-04-04,AMD,0.215637,100,21.5637
2025-04-05,AMD,0.215422,100,21.5422
2025-04-08,AMD,0.220354,100,22.0354
2025-04-09,AMD,0.218573,100,21.8573
2025-04-10,AMD,0.219747,100,21.9747
2025-04-11,AMD,0.217387,100,21.7387
2025-04-12,AMD,0.214806,100,21.4806
2025-04-15,AMD,0.211724,100,21.1724
2025-04-16,AMD,0.210659,100,21.0659
2025-04-17,AMD,0.21108,100,21.108
2025-04-18,AMD,0.209802,100,20.9802
2025-04-19,AMD,0.207565,100,20.7565
2025-04-22,AMD,0.206806,100,20.6806
2025-04-23,AMD,0.208807,100,20.8807
2025-04-24,AMD,0.211428,100,21.1428
2025-04-25,AMD,0.212691,100,21.2691
2025-04-26,AMD,0.211756,100,21.1756
2025-04-29,AMD,0.211952,100,21.1952
2025-04-30,AMD,0.209428,100,20.9428
2025-05-01,AMD,0.208989,100,20.8989
2025-05-06,AMD,0.210326,100,21.0326
2025-05-07,AMD,0.207889,100,20.7889
2025-05-08,AMD,0.20772,100,20.772
2025-05-13,AMD,0.208014,100,20.8014
2025-05-14,AMD,0.20756,100,20.756
2025-05-15,AMD,0.206767,100,20.6767
2025-05-16,AMD,0.20756,100,20.756
2025-05-17,AMD,0.209067,100,20.9067
2025-05-20,AMD,0.208218,100,20.8218
2025-05-21,AMD,0.208634,100,20.8634
2025-05-22,AMD,0.207118,100,20.7118
2025-05-23,AMD,0.207407,100,20.7407
2025-05-24,AMD,0.207705,100,20.7705
2025-05-27,AMD,0.207369,100,20.7369
2025-05-28,AMD,0.207143,100,20.7143
2025-05-29,AMD,0.207107,100,20.7107
2025-05-30,AMD,0.204339,100,20.4339
2025-05-31,AMD,0.204764,100,20.4764
2025-06-03,AMD,0.206091,100,20.6091
2025-06-04,AMD,0.205426,100,20.5426
2025-06-05,AMD,0.204561,100,20.4561
2025-06-06,AMD,0.206383,100,20.6383
2025-06-07,AMD,0.206463,100,20.6463
2025-06-10,AMD,0.206615,100,20.6615
2025-06-11,AMD,0.204934,100,20.4934
2025-06-12,AMD,0.206139,100,20.6139
2025-06-17,AMD,0.204572,100,20.4572
2025-06-18,AMD,0.204834,100,20.4834
2025-06-19,AMD,0.204759,100,20.4759
2025-06-20,AMD,0.203955,100,20.3955
2025-06-21,AMD,0.203541,100,20.3541
2025-06-24,AMD,0.202788,100,20.2788
2025-06-25,AMD,0.203281,100,20.3281
2025-06-26,AMD,0.202953,100,20.2953
2025-06-27,AMD,0.203195,100,20.3195
2025-06-28,AMD,0.204175,100,20.4175
2025-07-01,AMD,0.204251,100,20.4251
2025-07-02,AMD,0.203514,100,20.3514
2025-07-03,AMD,0.204556,100,20.4556
2025-07-04,AMD,0.204919,100,20.4919
2025-07-05,AMD,0.205162,100,20.5162
2025-07-08,AMD,0.204937,100,20.4937
2025-07-09,AMD,0.203462,100,20.3462
2025-07-10,AMD,0.20367,100,20.367
2025-07-11,AMD,0.20301,100,20.301
2025-07-12,AMD,0.202874,100,20.2874
2025-07-15,AMD,0.20402,100,20.402
2025-07-16,AMD,0.202953,100,20.2953
2025-07-17,AMD,0.203038,100,20.3038
2025-07-18,AMD,0.203545,100,20.3545
2025-07-19,AMD,0.203818,100,20.3818
2025-07-22,AMD,0.204068,100,20.4068
2025-07-23,AMD,0.203371,100,20.3371
2025-07-24,AMD,0.204344,100,20.4344
2025-07-25,AMD,0.20551,100,20.551
2025-07-26,AMD,0.207201,100,20.7201
2025-07-29,AMD,0.207359,100,20.7359
2025-07-30,AMD,0.214203,100,21.4203
2025-07-31,AMD,0.2132,100,21.32
2025-08-01,AMD,0.209255,100,20.9255
2025-08-02,AMD,0.209435,100,20.9435
2025-08-05,AMD,0.207721,100,20.7721
2025-08-06,AMD,0.208445,100,20.8445
2025-08-07,AMD,0.209006,100,20.9006
2025-08-08,AMD,0.20692,100,20.692
2025-08-09,AMD,0.207981,100,20.7981
2025-08-12,AMD,0.207695,100,20.7695
2025-08-13,AMD,0.208101,100,20.8101
2025-08-14,AMD,0.207538,100,20.7538
2025-08-15,AMD,0.207993,100,20.7993
2025-08-16,AMD,0.208881,100,20.8881
2025-08-19,AMD,0.209841,100,20.9841
2025-08-20,AMD,0.209799,100,20.9799
2025-08-21,AMD,0.209276,100,20.9276
2025-08-22,AMD,0.209707,100,20.9707
2025-08-23,AMD,0.211044,100,21.1044
2025-08-26,AMD,0.210763,100,21.0763
2025-08-27,AMD,0.210522,100,21.0522
2025-08-28,AMD,0.210444,100,21.0444
2025-08-29,AMD,0.209656,100,20.9656
2025-08-30,AMD,0.210006,100,21.0006
2025-09-02,AMD,0.210204,100,21.0204
2025-09-03,AMD,0.210606,100,21.0606
2025-09-04,AMD,0.211287,100,21.1287
2025-09-05,AMD,0.212682,100,21.2682
2025-09-06,AMD,0.213067,100,21.3067
2025-09-09,AMD,0.215267,100,21.5267
2025-09-10,AMD,0.217372,100,21.7372
2025-09-11,AMD,0.222022,100,22.2022
2025-09-12,AMD,0.223814,100,22.3814
2025-09-13,AMD,0.220043,100,22.0043
2025-09-16,AMD,0.21683,100,21.683
2025-09-17,AMD,0.216214,100,21.6214
2025-09-18,AMD,0.216741,100,21.6741
2025-09-19,AMD,0.217393,100,21.7393
2025-09-20,AMD,0.218337,100,21.8337
2025-09-23,AMD,0.219112,100,21.9112
2025-09-24,AMD,0.217711,100,21.7711
2025-09-25,AMD,0.219459,100,21.9459
2025-09-26,AMD,0.218027,100,21.8027
2025-09-27,AMD,0.218473,100,21.8473
2025-09-30,AMD,0.216506,100,21.6506
2025-10-01,AMD,0.215958,100,21.5958
2025-10-02,AMD,0.21293,100,21.293
2025-10-03,AMD,0.211323,100,21.1323
2025-10-04,AMD,0.213964,100,21.3964
2025-10-07,AMD,0.216948,100,21.6948
2025-10-08,AMD,0.214136,100,21.4136
2025-10-09,AMD,0.213058,100,21.3058
2025-10-10,AMD,0.21281,100,21.281
2025-10-11,AMD,0.212161,100,21.2161
2025-10-14,AMD,0.211346,100,21.1346
2025-10-15,AMD,0.208895,100,20.8895
2025-10-16,AMD,0.206023,100,20.6023
2025-10-17,AMD,0.206766,100,20.6766
2025-10-18,AMD,0.211672,100,21.1672
2025-10-21,AMD,0.212418,100,21.2418
2025-10-22,AMD,0.212657,100,21.2657
2025-10-23,AMD,0.213471,100,21.3471
2025-10-24,AMD,0.212446,100,21.2446
2025-10-25,AMD,0.211386,100,21.1386
2025-10-28,AMD,0.206388,100,20.6388
2025-10-29,AMD,0.20852,100,20.852
2025-10-30,AMD,0.207703,100,20.7703
2025-10-31,AMD,0.210346,100,21.0346
2025-11-01,AMD,0.211618,100,21.1618
2025-11-02,AMD,0.211384,100,21.1384
2025-11-06,AMD,0.212219,100,21.2219
2025-11-07,AMD,0.21276,100,21.276
2025-11-08,AMD,0.212333,100,21.2333
2025-11-11,AMD,0.211738,100,21.1738
2025-11-12,AMD,0.212685,100,21.2685
2025-11-13,AMD,0.212738,100,21.2738
2025-11-14,AMD,0.210843,100,21.0843
2025-11-15,AMD,0.212309,100,21.2309
2025-11-18,AMD,0.212539,100,21.2539
2025-11-19,AMD,0.21218,100,21.218
2025-11-20,AMD,0.212192,100,21.2192
2025-11-21,AMD,0.211313,100,21.1313
2025-11-22,AMD,0.207082,100,20.7082
2025-11-25,AMD,0.206814,100,20.6814
2025-11-26,AMD,0.20708,100,20.708
2025-11-27,AMD,0.206219,100,20.6219
2025-11-28,AMD,0.205344,100,20.5344
2025-11-29,AMD,0.205092,100,20.5092
2025-12-02,AMD,0.203842,100,20.3842
2025-12-03,AMD,0.203187,100,20.3187
2025-12-04,AMD,0.204501,100,20.4501
2025-12-05,AMD,0.201949,100,20.1949
2025-12-06,AMD,0.199459,100,19.9459
2025-12-09,AMD,0.202525,100,20.2525
2025-12-10,AMD,0.201248,100,20.1248
2025-12-11,AMD,0.204022,100,20.4022
2025-12-12,AMD,0.207783,100,20.7783
2025-12-13,AMD,0.208842,100,20.8842
2025-12-16,AMD,0.208146,100,20.8146
2025-12-17,AMD,0.208063,100,20.8063
2025-12-18,AMD,0.210658,100,21.0658
2025-12-19,AMD,0.209777,100,20.9777
2025-12-20,AMD,0.211608,100,21.1608
2025-12-23,AMD,0.207902,100,20.7902
2025-12-24,AMD,0.205963,100,20.5963
2025-12-25,AMD,0.205623,100,20.5623
2025-12-26,AMD,0.204148,100,20.4148
2025-12-27,AMD,0.203666,100,20.3666
2025-12-30,AMD,0.203027,100,20.3027
2025-12-31,AMD,0.205126,100,20.5126
2026-01-13,AMD,0.20672,100,20.672
2026-01-14,AMD,0.207055,100,20.7055
2026-01-15,AMD,0.206587,100,20.6587
2026-01-16,AMD,0.206969,100,20.6969
2026-01-17,AMD,0.20483,100,20.483
2026-01-20,AMD,0.205227,100,20.5227
2026-01-21,AMD,0.205229,100,20.5229
2026-01-22,AMD,0.204452,100,20.4452
2026-01-23,AMD,0.200586,100,20.0586
2026-01-24,AMD,0.200292,100,20.0292
2026-01-27,AMD,0.200628,100,20.0628
2026-01-28,AMD,0.202059,100,20.2059
2026-01-29,AMD,0.201304,100,20.1304
2026-01-30,AMD,0.200541,100,20.0541
2026-01-31,AMD,0.200012,100,20.0012
2026-02-03,AMD,0.203209,100,20.3209
2026-02-04,AMD,0.203419,100,20.3419
2026-02-05,AMD,0.203326,100,20.3326
2026-02-06,AMD,0.202514,100,20.2514
2026-02-07,AMD,0.204008,100,20.4008
2026-02-10,AMD,0.20544,100,20.544
2026-02-11,AMD,0.204322,100,20.4322
2026-02-12,AMD,0.205199,100,20.5199
2026-02-13,AMD,0.204434,100,20.4434
2026-02-14,AMD,0.204792,100,20.4792
2026-02-17,AMD,0.202876,100,20.2876
2026-02-18,AMD,0.203643,100,20.3643
2026-02-19,AMD,0.201627,100,20.1627
2026-02-20,AMD,0.203323,100,20.3323
2026-02-21,AMD,0.203683,100,20.3683
2026-02-25,AMD,0.202822,100,20.2822
2026-02-26,AMD,0.202875,100,20.2875
2026-02-27,AMD,0.204545,100,20.4545
2026-02-28,AMD,0.20497,100,20.497
2026-03-03,AMD,0.204769,100,20.4769
2026-03-04,AMD,0.205866,100,20.5866
2026-03-05,AMD,0.205899,100,20.5899
2026-03-06,AMD,0.207076,100,20.7076
2026-03-07,AMD,0.209774,100,20.9774
2026-03-11,AMD,0.208631,100,20.8631
2026-03-12,AMD,0.209579,100,20.9579
2026-03-13,AMD,0.209483,100,20.9483
2026-03-14,AMD,0.212495,100,21.2495
2026-03-17,AMD,0.214758,100,21.4758
2026-03-18,AMD,0.217004,100,21.7004
2026-03-19,AMD,0.220265,100,22.0265
2026-03-20,AMD,0.224736,100,22.4736
2026-03-21,AMD,0.222512,100,22.2512
2026-03-24,AMD,0.21696,100,21.696
2026-03-25,AMD,0.214567,100,21.4567
2026-03-26,AMD,0.213996,100,21.3996
2026-03-27,AMD,0.217647,100,21.7647
2026-03-28,AMD,0.215134,100,21.5134
2026-03-31,AMD,0.21533,100,21.533
2026-04-01,AMD,0.215427,100,21.5427
2026-04-02,AMD,0.213725,100,21.3725
2026-04-03,AMD,0.213108,100,21.3108
2026-04-04,AMD,0.211495,100,21.1495
2026-04-07,AMD,0.209037,100,20.9037
2026-04-08,AMD,0.209179,100,20.9179
2026-04-09,AMD,0.208079,100,20.8079
2026-04-10,AMD,0.206979,100,20.6979
2026-04-11,AMD,0.204861,100,20.4861
2026-04-14,AMD,0.203227,100,20.3227
2026-04-15,AMD,0.202173,100,20.2173
2026-04-16,AMD,0.200904,100,20.0904
2026-04-17,AMD,0.203352,100,20.3352
2026-04-18,AMD,0.203455,100,20.3455
2026-04-21,AMD,0.201789,100,20.1789
2026-04-22,AMD,0.200192,100,20.0192
2026-04-23,AMD,0.201406,100,20.1406
2026-04-24,AMD,0.201261,100,20.1261
2026-04-25,AMD,0.203123,100,20.3123
2026-04-28,AMD,0.201335,100,20.1335
2026-04-29,AMD,0.201117,100,20.1117
2026-04-30,AMD,0.201731,100,20.1731
2026-05-01,AMD,0.201741,100,20.1741
2026-05-05,AMD,0.20346,100,20.346
2026-05-06,AMD,0.203393,100,20.3393
2026-05-07,AMD,0.20331,100,20.331
2026-05-08,AMD,0.202071,100,20.2071
2026-05-09,AMD,0.20134,100,20.134
2026-05-13,AMD,0.200173,100,20.0173
2026-05-14,AMD,0.198958,100,19.8958
2026-05-15,AMD,0.198326,100,19.8326
2026-05-16,AMD,0.198592,100,19.8592
2026-05-19,AMD,0.196581,100,19.6581
2026-05-20,AMD,0.193619,100,19.3619
2026-05-21,AMD,0.192869,100,19.2869
2026-05-22,AMD,0.192438,100,19.2438
2026-05-23,AMD,0.193518,100,19.3518
2026-05-26,AMD,0.194413,100,19.4413
2026-05-27,AMD,0.194888,100,19.4888
2026-05-28,AMD,0.19264,100,19.264
2026-05-29,AMD,0.193918,100,19.3918
2026-05-30,AMD,0.192901,100,19.2901
2026-06-02,AMD,0.194253,100,19.4253
2026-06-03,AMD,0.19689,100,19.689
2026-06-04,AMD,0.199022,100,19.9022
2026-06-05,AMD,0.201567,100,20.1567
2026-06-06,AMD,0.199351,100,19.9351
2026-06-09,AMD,0.198802,100,19.8802
2026-06-10,AMD,0.194685,100,19.4685
2026-06-11,AMD,0.194846,100,19.4846
2026-06-12,AMD,0.195179,100,19.5179
2026-06-16,AMD,0.196846,100,19.6846
2026-06-17,AMD,0.195918,100,19.5918
2026-06-18,AMD,0.197652,100,19.7652
2026-06-19,AMD,0.199243,100,19.9243
2026-06-20,AMD,0.199481,100,19.9481
2026-06-23,AMD,0.20041,100,20.041
2026-06-24,AMD,0.202728,100,20.2728
2026-06-25,AMD,0.203228,100,20.3228
2026-06-26,AMD,0.205384,100,20.5384
2026-06-27,AMD,0.209337,100,20.9337
2026-06-30,AMD,0.211253,100,21.1253
2026-07-01,AMD,0.212753,100,21.2753
2026-07-02,AMD,0.212648,100,21.2648
2026-07-03,AMD,0.211649,100,21.1649
2026-07-04,AMD,0.209974,100,20.9974
2026-07-07,AMD,0.212179,100,21.2179
2026-07-08,AMD,0.207162,100,20.7162
2026-07-09,AMD,0.208017,100,20.8017
2026-07-10,AMD,0.206826,100,20.6826
2026-07-11,AMD,0.20868,100,20.868
2026-07-14,AMD,0.208954,100,20.8954
2026-07-15,AMD,0.211297,100,21.1297
2026-07-16,AMD,0.212272,100,21.2272
2026-07-17,AMD,0.213651,100,21.3651
2026-07-18,AMD,0.213708,100,21.3708
2026-07-21,AMD,0.214019,100,21.4019
2026-07-22,AMD,0.21423,100,21.423
2026-07-23,AMD,0.213894,100,21.3894
2026-07-24,AMD,0.21425,100,21.425
2026-07-25,AMD,0.213275,100,21.3275
2026-07-28,AMD,0.212743,100,21.2743
2026-07-29,AMD,0.214705,100,21.4705
2026-07-30,AMD,0.216704,100,21.6704
2026-07-31,AMD,0.217814,100,21.7814
2026-08-01,AMD,0.216995,100,21.6995
2026-08-04,AMD,0.218779,100,21.8779
2026-08-05,AMD,0.221054,100,22.1054
2026-08-06,AMD,0.221034,100,22.1034
2026-08-07,AMD,0.222274,100,22.2274
2026-08-08,AMD,0.224394,100,22.4394
2026-08-11,AMD,0.225773,100,22.5773
2026-08-12,AMD,0.225023,100,22.5023
2026-08-13,AMD,0.226825,100,22.6825
2026-08-14,AMD,0.229065,100,22.9065
2026-08-15,AMD,0.231111,100,23.1111
2026-08-18,AMD,0.232595,100,23.2595
2026-08-19,AMD,0.233168,100,23.3168
2026-08-20,AMD,0.233257,100,23.3257
2026-08-21,AMD,0.228207,100,22.8207
2026-08-22,AMD,0.227082,100,22.7082
2026-08-25,AMD,0.227948,100,22.7948
2026-08-26,AMD,0.231661,100,23.1661
2026-08-27,AMD,0.231188,100,23.1188
2026-08-28,AMD,0.235833,100,23.5833
2026-08-29,AMD,0.23496,100,23.496
2026-09-01,AMD,0.237,100,23.7
2010-01-12,KGS,0.6661750000000001,100,66.6175
2010-01-13,KGS,0.665023,100,66.5023
2010-01-14,KGS,0.6709879999999999,100,67.0988
2010-01-15,KGS,0.666212,100,66.6212
2010-01-16,KGS,0.668407,100,66.8407
2010-01-19,KGS,0.669221,100,66.9221
2010-01-20,KGS,0.6674599999999999,100,66.746
2010-01-21,KGS,0.6714319999999999,100,67.1432
2010-01-22,KGS,0.672665,100,67.2665
2010-01-23,KGS,0.6726009999999999,100,67.2601
2010-01-26,KGS,0.680488,100,68.0488
2010-01-27,KGS,0.6854399999999999,100,68.544
2010-01-28,KGS,0.6849540000000001,100,68.4954
2010-01-29,KGS,0.6865600000000001,100,68.656
2010-01-30,KGS,0.688099,100,68.8099
2010-02-02,KGS,0.687385,100,68.7385
2010-02-03,KGS,0.680334,100,68.0334
2010-02-04,KGS,0.673457,100,67.3457
2010-02-05,KGS,0.67633,100,67.633
2010-02-06,KGS,0.685028,100,68.5028
2010-02-09,KGS,0.686134,100,68.6134
2010-02-10,KGS,0.682934,100,68.2934
2010-02-11,KGS,0.677179,100,67.7179
2010-02-12,KGS,0.6744540000000001,100,67.4454
2010-02-13,KGS,0.673955,100,67.3955
2010-02-16,KGS,0.6753230000000001,100,67.5323
2010-02-17,KGS,0.673019,100,67.3019
2010-02-18,KGS,0.6698569999999999,100,66.9857
2010-02-19,KGS,0.672934,100,67.2934
2010-02-20,KGS,0.673765,100,67.3765
2010-02-25,KGS,0.671082,100,67.1082
2010-02-26,KGS,0.671555,100,67.1555
2010-02-27,KGS,0.671258,100,67.1258
2010-02-28,KGS,0.669238,100,66.9238
2010-03-02,KGS,0.668827,100,66.8827
2010-03-03,KGS,0.669897,100,66.9897
2010-03-04,KGS,0.666235,100,66.6235
2010-03-05,KGS,0.666407,100,66.6407
2010-03-06,KGS,0.6667400000000001,100,66.674
2010-03-10,KGS,0.664802,100,66.4802
2010-03-11,KGS,0.6642440000000001,100,66.4244
2010-03-12,KGS,0.6596540000000001,100,65.9654
2010-03-13,KGS,0.6567529999999999,100,65.6753
2010-03-16,KGS,0.655537,100,65.5537
2010-03-17,KGS,0.65657,100,65.657
2010-03-18,KGS,0.651405,100,65.1405
2010-03-19,KGS,0.652065,100,65.2065
2010-03-20,KGS,0.652828,100,65.2828
2010-03-23,KGS,0.654667,100,65.4667
2010-03-24,KGS,0.6576080000000001,100,65.7608
2010-03-25,KGS,0.658424,100,65.8424
2010-03-26,KGS,0.660223,100,66.0223
2010-03-27,KGS,0.657039,100,65.7039
2010-03-30,KGS,0.659637,100,65.9637
2010-03-31,KGS,0.653691,100,65.3691
2010-04-01,KGS,0.6519079999999999,100,65.1908
2010-04-02,KGS,0.650666,100,65.0666
2010-04-03,KGS,0.6458039999999999,100,64.5804
2010-04-06,KGS,0.64559,100,64.559
2010-04-07,KGS,0.646295,100,64.6295
2010-04-08,KGS,0.6474530000000001,100,64.7453
2010-04-09,KGS,0.649802,100,64.9802
2010-04-10,KGS,0.648098,100,64.8098
2010-04-13,KGS,0.639691,100,63.9691
2010-04-14,KGS,0.641605,100,64.1605
2010-04-15,KGS,0.6419360000000001,100,64.1936
2010-04-16,KGS,0.6394299999999999,100,63.943
2010-04-17,KGS,0.6416729999999999,100,64.1673
2010-04-20,KGS,0.645307,100,64.5307
2010-04-21,KGS,0.644007,100,64.4007
2010-04-22,KGS,0.642957,100,64.2957
2010-04-23,KGS,0.643802,100,64.3802
2010-04-24,KGS,0.6470170000000001,100,64.7017
2010-04-27,KGS,0.642904,100,64.2904
2010-04-28,KGS,0.642332,100,64.2332
2010-04-29,KGS,0.6493559999999999,100,64.9356
2010-04-30,KGS,0.647333,100,64.7333
2010-05-01,KGS,0.6443519999999999,100,64.4352
2010-05-05,KGS,0.647546,100,64.7546
2010-05-06,KGS,0.656011,100,65.6011
2010-05-07,KGS,0.669623,100,66.9623
2010-05-08,KGS,0.678955,100,67.8955
2010-05-12,KGS,0.671033,100,67.1033
2010-05-13,KGS,0.667583,100,66.7583
2010-05-14,KGS,0.659956,100,65.9956
2010-05-15,KGS,0.664328,100,66.4328
2010-05-18,KGS,0.678497,100,67.8497
2010-05-19,KGS,0.6717780000000001,100,67.1778
2010-05-20,KGS,0.678424,100,67.8424
2010-05-21,KGS,0.6796840000000001,100,67.9684
2010-05-22,KGS,0.6864319999999999,100,68.6432
2010-05-25,KGS,0.6824049999999999,100,68.2405
2010-05-26,KGS,0.6946469999999999,100,69.4647
2010-05-27,KGS,0.681604,100,68.1604
2010-05-28,KGS,0.6712739999999999,100,67.1274
2010-05-29,KGS,0.662948,100,66.2948
2010-06-01,KGS,0.668261,100,66.8261
2010-06-02,KGS,0.6754389999999999,100,67.5439
2010-06-03,KGS,0.678043,100,67.8043
2010-06-04,KGS,0.671604,100,67.1604
2010-06-05,KGS,0.675402,100,67.5402
2010-06-08,KGS,0.6908650000000001,100,69.0865
2010-06-09,KGS,0.687391,100,68.7391
2010-06-10,KGS,0.689787,100,68.9787
2010-06-11,KGS,0.686396,100,68.6396
2010-06-12,KGS,0.6836329999999999,100,68.3633
2010-06-16,KGS,0.6839019999999999,100,68.3902
2010-06-17,KGS,0.6773170000000001,100,67.7317
2010-06-18,KGS,0.6779430000000001,100,67.7943
2010-06-19,KGS,0.671391,100,67.1391
2010-06-22,KGS,0.667972,100,66.7972
2010-06-23,KGS,0.671652,100,67.1652
2010-06-24,KGS,0.673248,100,67.3248
2010-06-25,KGS,0.674237,100,67.4237
2010-06-26,KGS,0.675567,100,67.5567
2010-06-29,KGS,0.6735500000000001,100,67.355
2010-06-30,KGS,0.678161,100,67.8161
2010-07-01,KGS,0.679465,100,67.9465
2010-07-02,KGS,0.681963,100,68.1963
2010-07-03,KGS,0.678135,100,67.8135
2010-07-06,KGS,0.676357,100,67.6357
2010-07-07,KGS,0.676357,100,67.6357
2010-07-08,KGS,0.675917,100,67.5917
2010-07-09,KGS,0.67278,100,67.278
2010-07-10,KGS,0.6694629999999999,100,66.9463
2010-07-13,KGS,0.671354,100,67.1354
2010-07-14,KGS,0.6707460000000001,100,67.0746
2010-07-15,KGS,0.663891,100,66.3891
2010-07-16,KGS,0.664389,100,66.4389
2010-07-17,KGS,0.662207,100,66.2207
2010-07-20,KGS,0.6646500000000001,100,66.465
2010-07-21,KGS,0.6609959999999999,100,66.0996
2010-07-22,KGS,0.660998,100,66.0998
2010-07-23,KGS,0.663489,100,66.3489
2010-07-24,KGS,0.6605200000000001,100,66.052
2010-07-27,KGS,0.6587090000000001,100,65.8709
2010-07-28,KGS,0.6573720000000001,100,65.7372
2010-07-29,KGS,0.6566649999999999,100,65.6665
2010-07-30,KGS,0.647745,100,64.7745
2010-07-31,KGS,0.647093,100,64.7093
2010-08-03,KGS,0.647076,100,64.7076
2010-08-04,KGS,0.6424030000000001,100,64.2403
2010-08-05,KGS,0.63871,100,63.871
2010-08-06,KGS,0.6401560000000001,100,64.0156
2010-08-07,KGS,0.639468,100,63.9468
2010-08-10,KGS,0.639198,100,63.9198
2010-08-11,KGS,0.6435989999999999,100,64.3599
2010-08-12,KGS,0.647481,100,64.7481
2010-08-13,KGS,0.652718,100,65.2718
2010-08-14,KGS,0.652088,100,65.2088
2010-08-17,KGS,0.6542319999999999,100,65.4232
2010-08-18,KGS,0.6527630000000001,100,65.2763
2010-08-19,KGS,0.652212,100,65.2212
2010-08-20,KGS,0.653025,100,65.3025
2010-08-21,KGS,0.6540170000000001,100,65.4017
2010-08-24,KGS,0.656036,100,65.6036
2010-08-25,KGS,0.65929,100,65.929
2010-08-26,KGS,0.6622889999999999,100,66.2289
2010-08-27,KGS,0.6607219999999999,100,66.0722
2010-08-28,KGS,0.658026,100,65.8026
2010-08-31,KGS,0.65732,100,65.732
2010-09-01,KGS,0.66167,100,66.167
2010-09-02,KGS,0.660238,100,66.0238
2010-09-03,KGS,0.657788,100,65.7788
2010-09-04,KGS,0.6579250000000001,100,65.7925
2010-09-07,KGS,0.655458,100,65.5458
2010-09-08,KGS,0.658776,100,65.8776
2010-09-09,KGS,0.662107,100,66.2107
2010-09-10,KGS,0.661953,100,66.1953
2010-09-11,KGS,0.662244,100,66.2244
2010-09-14,KGS,0.6577299999999999,100,65.773
2010-09-15,KGS,0.6581969999999999,100,65.8197
2010-09-16,KGS,0.658965,100,65.8965
2010-09-17,KGS,0.6650010000000001,100,66.5001
2010-09-18,KGS,0.666294,100,66.6294
2010-09-21,KGS,0.664114,100,66.4114
2010-09-22,KGS,0.6662680000000001,100,66.6268
2010-09-23,KGS,0.66415,100,66.415
2010-09-24,KGS,0.664589,100,66.4589
2010-09-25,KGS,0.663408,100,66.3408
2010-09-28,KGS,0.656204,100,65.6204
2010-09-29,KGS,0.655976,100,65.5976
2010-09-30,KGS,0.651726,100,65.1726
2010-10-01,KGS,0.654075,100,65.4075
2010-10-02,KGS,0.654006,100,65.4006
2010-10-05,KGS,0.6537189999999999,100,65.3719
2010-10-06,KGS,0.652433,100,65.2433
2010-10-07,KGS,0.640791,100,64.0791
2010-10-08,KGS,0.635228,100,63.5228
2010-10-09,KGS,0.6411279999999999,100,64.1128
2010-10-12,KGS,0.639479,100,63.9479
2010-10-13,KGS,0.644722,100,64.4722
2010-10-14,KGS,0.6458069999999999,100,64.5807
2010-10-15,KGS,0.638879,100,63.8879
2010-10-16,KGS,0.642995,100,64.2995
2010-10-19,KGS,0.659949,100,65.9949
2010-10-20,KGS,0.6547360000000001,100,65.4736
2010-10-21,KGS,0.662953,100,66.2953
2010-10-22,KGS,0.658147,100,65.8147
2010-10-23,KGS,0.65307,100,65.307
2010-10-26,KGS,0.646324,100,64.6324
2010-10-27,KGS,0.6500490000000001,100,65.0049
2010-10-28,KGS,0.653646,100,65.3646
2010-10-29,KGS,0.65715,100,65.715
2010-10-30,KGS,0.659367,100,65.9367
2010-11-02,KGS,0.6583910000000001,100,65.8391
2010-11-03,KGS,0.6588259999999999,100,65.8826
2010-11-04,KGS,0.6583289999999999,100,65.8329
2010-11-09,KGS,0.659014,100,65.9014
2010-11-10,KGS,0.660261,100,66.0261
2010-11-11,KGS,0.656652,100,65.6652
2010-11-12,KGS,0.6527620000000001,100,65.2762
2010-11-13,KGS,0.6583570000000001,100,65.8357
2010-11-14,KGS,0.659838,100,65.9838
2010-11-16,KGS,0.660304,100,66.0304
2010-11-17,KGS,0.6644289999999999,100,66.4429
2010-11-18,KGS,0.670691,100,67.0691
2010-11-19,KGS,0.667507,100,66.7507
2010-11-20,KGS,0.66214,100,66.214
2010-11-23,KGS,0.6631239999999999,100,66.3124
2010-11-24,KGS,0.668107,100,66.8107
2010-11-25,KGS,0.6681189999999999,100,66.8119
2010-11-26,KGS,0.667755,100,66.7755
2010-11-27,KGS,0.669243,100,66.9243
2010-11-30,KGS,0.668223,100,66.8223
2010-12-01,KGS,0.668808,100,66.8808
2010-12-02,KGS,0.671412,100,67.1412
2010-12-03,KGS,0.6686289999999999,100,66.8629
2010-12-04,KGS,0.666754,100,66.6754
2010-12-07,KGS,0.667236,100,66.7236
2010-12-08,KGS,0.665028,100,66.5028
2010-12-09,KGS,0.6654370000000001,100,66.5437
2010-12-10,KGS,0.659901,100,65.9901
2010-12-11,KGS,0.6572880000000001,100,65.7288
2010-12-14,KGS,0.6581440000000001,100,65.8144
2010-12-15,KGS,0.654824,100,65.4824
2010-12-16,KGS,0.654296,100,65.4296
2010-12-17,KGS,0.654996,100,65.4996
2010-12-18,KGS,0.653194,100,65.3194
2010-12-21,KGS,0.655461,100,65.5461
2010-12-22,KGS,0.653208,100,65.3208
2010-12-23,KGS,0.6532720000000001,100,65.3272
2010-12-24,KGS,0.650669,100,65.0669
2010-12-25,KGS,0.650306,100,65.0306
2010-12-28,KGS,0.6476959999999999,100,64.7696
2010-12-29,KGS,0.6443439999999999,100,64.4344
2010-12-30,KGS,0.646132,100,64.6132
2010-12-31,KGS,0.648376,100,64.8376
2011-01-01,KGS,0.6443949999999999,100,64.4395
2011-01-12,KGS,0.649252,100,64.9252
2011-01-13,KGS,0.642683,100,64.2683
2011-01-14,KGS,0.63621,100,63.621
2011-01-15,KGS,0.6332800000000001,100,63.328
2011-01-18,KGS,0.635381,100,63.5381
2011-01-19,KGS,0.6318860000000001,100,63.1886
2011-01-20,KGS,0.630557,100,63.0557
2011-01-21,KGS,0.632449,100,63.2449
2011-01-22,KGS,0.634483,100,63.4483
2011-01-25,KGS,0.631115,100,63.1115
2011-01-26,KGS,0.628014,100,62.8014
2011-01-27,KGS,0.628478,100,62.8478
2011-01-28,KGS,0.626995,100,62.6995
2011-01-29,KGS,0.6273420000000001,100,62.7342
2011-02-01,KGS,0.630459,100,63.0459
2011-02-02,KGS,0.627349,100,62.7349
2011-02-03,KGS,0.6224219999999999,100,62.2422
2011-02-04,KGS,0.618939,100,61.8939
2011-02-05,KGS,0.6203029999999999,100,62.0303
2011-02-08,KGS,0.619303,100,61.9303
2011-02-09,KGS,0.617324,100,61.7324
2011-02-10,KGS,0.618295,100,61.8295
2011-02-11,KGS,0.6187,100,61.87
2011-02-12,KGS,0.6181989999999999,100,61.8199
2011-02-15,KGS,0.617166,100,61.7166
2011-02-16,KGS,0.617729,100,61.7729
2011-02-17,KGS,0.616945,100,61.6945
2011-02-18,KGS,0.616338,100,61.6338
2011-02-19,KGS,0.616629,100,61.6629
2011-02-22,KGS,0.614265,100,61.4265
2011-02-23,KGS,0.616938,100,61.6938
2011-02-25,KGS,0.6141960000000001,100,61.4196
2011-02-26,KGS,0.60955,100,60.955
2011-03-01,KGS,0.608756,100,60.8756
2011-03-02,KGS,0.605785,100,60.5785
2011-03-03,KGS,0.60424,100,60.424
2011-03-04,KGS,0.597805,100,59.7805
2011-03-05,KGS,0.594913,100,59.4913
2011-03-06,KGS,0.593682,100,59.3682
2011-03-10,KGS,0.5962700000000001,100,59.627
2011-03-11,KGS,0.599086,100,59.9086
2011-03-12,KGS,0.603217,100,60.3217
2011-03-15,KGS,0.603898,100,60.3898
2011-03-16,KGS,0.60521,100,60.521
2011-03-17,KGS,0.603775,100,60.3775
2011-03-18,KGS,0.605545,100,60.5545
2011-03-19,KGS,0.599754,100,59.9754
2011-03-22,KGS,0.597515,100,59.7515
2011-03-23,KGS,0.593062,100,59.3062
2011-03-24,KGS,0.595611,100,59.5611
2011-03-25,KGS,0.598665,100,59.8665
2011-03-26,KGS,0.594917,100,59.4917
2011-03-29,KGS,0.5998060000000001,100,59.9806
2011-03-30,KGS,0.598383,100,59.8383
2011-03-31,KGS,0.6017990000000001,100,60.1799
2011-04-01,KGS,0.603584,100,60.3584
2011-04-02,KGS,0.6002879999999999,100,60.0288
2011-04-05,KGS,0.595015,100,59.5015
2011-04-06,KGS,0.5968979999999999,100,59.6898
2011-04-07,KGS,0.596491,100,59.6491
2011-04-08,KGS,0.596925,100,59.6925
2011-04-09,KGS,0.5946520000000001,100,59.4652
2011-04-12,KGS,0.592932,100,59.2932
2011-04-13,KGS,0.596531,100,59.6531
2011-04-14,KGS,0.5958720000000001,100,59.5872
2011-04-15,KGS,0.5974430000000001,100,59.7443
2011-04-16,KGS,0.598134,100,59.8134
2011-04-19,KGS,0.6001270000000001,100,60.0127
2011-04-20,KGS,0.605618,100,60.5618
2011-04-21,KGS,0.601419,100,60.1419
2011-04-22,KGS,0.59702,100,59.702
2011-04-23,KGS,0.5955239999999999,100,59.5524
2011-04-26,KGS,0.596391,100,59.6391
2011-04-27,KGS,0.594386,100,59.4386
2011-04-28,KGS,0.590548,100,59.0548
2011-04-29,KGS,0.5859300000000001,100,58.593
2011-04-30,KGS,0.587183,100,58.7183
2011-05-04,KGS,0.584369,100,58.4369
2011-05-05,KGS,0.586992,100,58.6992
2011-05-06,KGS,0.5849949999999999,100,58.4995
2011-05-07,KGS,0.593599,100,59.3599
2011-05-11,KGS,0.597912,100,59.7912
2011-05-12,KGS,0.592855,100,59.2855
2011-05-13,KGS,0.599687,100,59.9687
2011-05-14,KGS,0.598098,100,59.8098
2011-05-17,KGS,0.604774,100,60.4774
2011-05-18,KGS,0.604682,100,60.4682
2011-05-19,KGS,0.605486,100,60.5486
2011-05-20,KGS,0.6049289999999999,100,60.4929
2011-05-21,KGS,0.603928,100,60.3928
2011-05-24,KGS,0.6133310000000001,100,61.3331
2011-05-25,KGS,0.615392,100,61.5392
2011-05-26,KGS,0.616309,100,61.6309
2011-05-27,KGS,0.615271,100,61.5271
2011-05-28,KGS,0.6141559999999999,100,61.4156
2011-05-31,KGS,0.6142150000000001,100,61.4215
2011-06-01,KGS,0.6122890000000001,100,61.2289
2011-06-02,KGS,0.61202,100,61.202
2011-06-03,KGS,0.6191599999999999,100,61.916
2011-06-04,KGS,0.6155360000000001,100,61.5536
2011-06-07,KGS,0.6138170000000001,100,61.3817
2011-06-08,KGS,0.615447,100,61.5447
2011-06-09,KGS,0.613305,100,61.3305
2011-06-10,KGS,0.6137319999999999,100,61.3732
2011-06-11,KGS,0.615656,100,61.5656
2011-06-15,KGS,0.616543,100,61.6543
2011-06-16,KGS,0.61648,100,61.648
2011-06-17,KGS,0.622406,100,62.2406
2011-06-18,KGS,0.6221450000000001,100,62.2145
2011-06-21,KGS,0.622272,100,62.2272
2011-06-22,KGS,0.618613,100,61.8613
2011-06-23,KGS,0.615886,100,61.5886
2011-06-24,KGS,0.619515,100,61.9515
2011-06-25,KGS,0.621916,100,62.1916
2011-06-28,KGS,0.626633,100,62.6633
2011-06-29,KGS,0.624498,100,62.4498
2011-06-30,KGS,0.621146,100,62.1146
2011-07-01,KGS,0.6165590000000001,100,61.6559
2011-07-02,KGS,0.6150869999999999,100,61.5087
2011-07-05,KGS,0.61366,100,61.366
2011-07-06,KGS,0.615053,100,61.5053
2011-07-07,KGS,0.615917,100,61.5917
2011-07-08,KGS,0.61805,100,61.805
2011-07-09,KGS,0.615658,100,61.5658
2011-07-12,KGS,0.619306,100,61.9306
2011-07-13,KGS,0.626165,100,62.6165
2011-07-14,KGS,0.623731,100,62.3731
2011-07-15,KGS,0.620133,100,62.0133
2011-07-16,KGS,0.621607,100,62.1607
2011-07-19,KGS,0.623809,100,62.3809
2011-07-20,KGS,0.624531,100,62.4531
2011-07-21,KGS,0.6222639999999999,100,62.2264
2011-07-22,KGS,0.6201570000000001,100,62.0157
2011-07-23,KGS,0.616301,100,61.6301
2011-07-26,KGS,0.619849,100,61.9849
2011-07-27,KGS,0.615658,100,61.5658
2011-07-28,KGS,0.613923,100,61.3923
2011-07-29,KGS,0.6172070000000001,100,61.7207
2011-07-30,KGS,0.6191960000000001,100,61.9196
2011-08-02,KGS,0.615634,100,61.5634
2011-08-03,KGS,0.622234,100,62.2234
2011-08-04,KGS,0.624117,100,62.4117
2011-08-05,KGS,0.627529,100,62.7529
2011-08-06,KGS,0.638946,100,63.8946
2011-08-09,KGS,0.638018,100,63.8018
2011-08-10,KGS,0.658053,100,65.8053
2011-08-11,KGS,0.65559,100,65.559
2011-08-12,KGS,0.658062,100,65.8062
2011-08-13,KGS,0.658692,100,65.8692
2011-08-16,KGS,0.645548,100,64.5548
2011-08-17,KGS,0.642094,100,64.2094
2011-08-18,KGS,0.6424850000000001,100,64.2485
2011-08-19,KGS,0.6467539999999999,100,64.6754
2011-08-20,KGS,0.654793,100,65.4793
2011-08-23,KGS,0.653027,100,65.3027
2011-08-24,KGS,0.6463129999999999,100,64.6313
2011-08-25,KGS,0.6451749999999999,100,64.5175
2011-08-26,KGS,0.6447020000000001,100,64.4702
2011-08-27,KGS,0.64446,100,64.446
2011-08-30,KGS,0.642264,100,64.2264
2011-08-31,KGS,0.645532,100,64.5532
2011-09-01,KGS,0.647118,100,64.7118
2011-09-02,KGS,0.646297,100,64.6297
2011-09-03,KGS,0.650084,100,65.0084
2011-09-06,KGS,0.65642,100,65.642
2011-09-07,KGS,0.6623950000000001,100,66.2395
2011-09-08,KGS,0.6546609999999999,100,65.4661
2011-09-09,KGS,0.654905,100,65.4905
2011-09-10,KGS,0.6590980000000001,100,65.9098
2011-09-13,KGS,0.67789,100,67.789
2011-09-14,KGS,0.675291,100,67.5291
2011-09-15,KGS,0.6792529999999999,100,67.9253
2011-09-16,KGS,0.676518,100,67.6518
2011-09-17,KGS,0.677152,100,67.7152
2011-09-20,KGS,0.68524,100,68.524
2011-09-21,KGS,0.696826,100,69.6826
2011-09-22,KGS,0.6950369999999999,100,69.5037
2011-09-23,KGS,0.705954,100,70.5954
2011-09-24,KGS,0.710376,100,71.0376
2011-09-27,KGS,0.719431,100,71.9431
2011-09-28,KGS,0.714816,100,71.4816
2011-09-29,KGS,0.706902,100,70.6902
2011-09-30,KGS,0.708896,100,70.8896
2011-10-01,KGS,0.7135429999999999,100,71.3543
2011-10-04,KGS,0.7218399999999999,100,72.184
2011-10-05,KGS,0.723995,100,72.3995
2011-10-06,KGS,0.723186,100,72.3186
2011-10-07,KGS,0.7202500000000001,100,72.025
2011-10-08,KGS,0.711456,100,71.1456
2011-10-11,KGS,0.70719,100,70.719
2011-10-12,KGS,0.694387,100,69.4387
2011-10-13,KGS,0.694144,100,69.4144
2011-10-14,KGS,0.6899550000000001,100,68.9955
2011-10-15,KGS,0.68552,100,68.552
2011-10-18,KGS,0.6796850000000001,100,67.9685
2011-10-19,KGS,0.688829,100,68.8829
2011-10-20,KGS,0.6880310000000001,100,68.8031
2011-10-21,KGS,0.698112,100,69.8112
2011-10-22,KGS,0.6923009999999999,100,69.2301
2011-10-25,KGS,0.6800889999999999,100,68.0089
2011-10-26,KGS,0.6720959999999999,100,67.2096
2011-10-27,KGS,0.671567,100,67.1567
2011-10-28,KGS,0.66404,100,66.404
2011-10-29,KGS,0.655946,100,65.5946
2011-11-01,KGS,0.66066,100,66.066
2011-11-02,KGS,0.67207,100,67.207
2011-11-03,KGS,0.673059,100,67.3059
2011-11-04,KGS,0.675528,100,67.5528
2011-11-08,KGS,0.669375,100,66.9375
2011-11-09,KGS,0.667886,100,66.7886
2011-11-10,KGS,0.657911,100,65.7911
2011-11-11,KGS,0.674129,100,67.4129
2011-11-12,KGS,0.667197,100,66.7197
2011-11-15,KGS,0.662037,100,66.2037
2011-11-16,KGS,0.6644199999999999,100,66.442
2011-11-17,KGS,0.664753,100,66.4753
2011-11-18,KGS,0.666017,100,66.6017
2011-11-19,KGS,0.663246,100,66.3246
2011-11-22,KGS,0.663727,100,66.3727
2011-11-23,KGS,0.666272,100,66.6272
2011-11-24,KGS,0.669342,100,66.9342
2011-11-25,KGS,0.673232,100,67.3232
2011-11-26,KGS,0.6762009999999999,100,67.6201
2011-11-29,KGS,0.672475,100,67.2475
2011-11-30,KGS,0.6690309999999999,100,66.9031
2011-12-01,KGS,0.670501,100,67.0501
2011-12-02,KGS,0.660461,100,66.0461
2011-12-03,KGS,0.65979,100,65.979
2011-12-06,KGS,0.661507,100,66.1507
2011-12-07,KGS,0.6642220000000001,100,66.4222
2011-12-08,KGS,0.664961,100,66.4961
2011-12-09,KGS,0.666628,100,66.6628
2011-12-10,KGS,0.673905,100,67.3905
2011-12-13,KGS,0.674317,100,67.4317
2011-12-14,KGS,0.679834,100,67.9834
2011-12-15,KGS,0.681875,100,68.1875
2011-12-16,KGS,0.683968,100,68.3968
2011-12-17,KGS,0.6805150000000001,100,68.0515
2011-12-20,KGS,0.6864560000000001,100,68.6456
2011-12-21,KGS,0.688962,100,68.8962
2011-12-22,KGS,0.682859,100,68.2859
2011-12-23,KGS,0.676431,100,67.6431
2011-12-24,KGS,0.6694960000000001,100,66.9496
2011-12-27,KGS,0.669679,100,66.9679
2011-12-28,KGS,0.6692279999999999,100,66.9228
2011-12-29,KGS,0.680128,100,68.0128
2011-12-30,KGS,0.6919710000000001,100,69.1971
2011-12-31,KGS,0.6956279999999999,100,69.5628
2012-01-11,KGS,0.6844079999999999,100,68.4408
2012-01-12,KGS,0.678554,100,67.8554
2012-01-13,KGS,0.678289,100,67.8289
2012-01-14,KGS,0.674063,100,67.4063
2012-01-17,KGS,0.682242,100,68.2242
2012-01-18,KGS,0.673856,100,67.3856
2012-01-19,KGS,0.673645,100,67.3645
2012-01-20,KGS,0.670922,100,67.0922
2012-01-21,KGS,0.6666759999999999,100,66.6676
2012-01-24,KGS,0.6693330000000001,100,66.9333
2012-01-25,KGS,0.660463,100,66.0463
2012-01-26,KGS,0.6573680000000001,100,65.7368
2012-01-27,KGS,0.65101,100,65.101
2012-01-28,KGS,0.6508750000000001,100,65.0875
2012-01-31,KGS,0.64925,100,64.925
2012-02-01,KGS,0.648052,100,64.8052
2012-02-02,KGS,0.648961,100,64.8961
2012-02-03,KGS,0.6444670000000001,100,64.4467
2012-02-04,KGS,0.6458459999999999,100,64.5846
2012-02-07,KGS,0.645146,100,64.5146
2012-02-08,KGS,0.6420699999999999,100,64.207
2012-02-09,KGS,0.633653,100,63.3653
2012-02-10,KGS,0.6328130000000001,100,63.2813
2012-02-11,KGS,0.637505,100,63.7505
2012-02-14,KGS,0.6373989999999999,100,63.7399
2012-02-15,KGS,0.644729,100,64.4729
2012-02-16,KGS,0.642502,100,64.2502
2012-02-17,KGS,0.648361,100,64.8361
2012-02-18,KGS,0.643695,100,64.3695
2012-02-21,KGS,0.638033,100,63.8033
2012-02-22,KGS,0.637185,100,63.7185
2012-02-23,KGS,0.635773,100,63.5773
2012-02-25,KGS,0.62791,100,62.791
2012-02-28,KGS,0.621094,100,62.1094
2012-02-29,KGS,0.620491,100,62.0491
2012-03-01,KGS,0.624334,100,62.4334
2012-03-02,KGS,0.629213,100,62.9213
2012-03-03,KGS,0.626898,100,62.6898
2012-03-06,KGS,0.626507,100,62.6507
2012-03-07,KGS,0.630297,100,63.0297
2012-03-08,KGS,0.636045,100,63.6045
2012-03-12,KGS,0.634317,100,63.4317
2012-03-13,KGS,0.637224,100,63.7224
2012-03-14,KGS,0.633931,100,63.3931
2012-03-15,KGS,0.63374,100,63.374
2012-03-16,KGS,0.634811,100,63.4811
2012-03-17,KGS,0.628655,100,62.8655
2012-03-20,KGS,0.624256,100,62.4256
2012-03-21,KGS,0.622217,100,62.2217
2012-03-22,KGS,0.623211,100,62.3211
2012-03-23,KGS,0.623996,100,62.3996
2012-03-24,KGS,0.628302,100,62.8302
2012-03-27,KGS,0.6284649999999999,100,62.8465
2012-03-28,KGS,0.622109,100,62.2109
2012-03-29,KGS,0.623909,100,62.3909
2012-03-30,KGS,0.626795,100,62.6795
2012-03-31,KGS,0.626113,100,62.6113
2012-04-03,KGS,0.6267240000000001,100,62.6724
2012-04-04,KGS,0.628658,100,62.8658
2012-04-05,KGS,0.630649,100,63.0649
2012-04-06,KGS,0.627431,100,62.7431
2012-04-07,KGS,0.628044,100,62.8044
2012-04-10,KGS,0.633531,100,63.3531
2012-04-11,KGS,0.63439,100,63.439
2012-04-12,KGS,0.637501,100,63.7501
2012-04-13,KGS,0.6318079999999999,100,63.1808
2012-04-14,KGS,0.629344,100,62.9344
2012-04-17,KGS,0.636226,100,63.6226
2012-04-18,KGS,0.635713,100,63.5713
2012-04-19,KGS,0.631344,100,63.1344
2012-04-20,KGS,0.630275,100,63.0275
2012-04-21,KGS,0.631354,100,63.1354
2012-04-24,KGS,0.6303719999999999,100,63.0372
2012-04-25,KGS,0.628399,100,62.8399
2012-04-26,KGS,0.624517,100,62.4517
2012-04-27,KGS,0.624093,100,62.4093
2012-04-28,KGS,0.627607,100,62.7607
2012-04-29,KGS,0.626312,100,62.6312
2012-05-03,KGS,0.626752,100,62.6752
2012-05-04,KGS,0.628122,100,62.8122
2012-05-05,KGS,0.6301019999999999,100,63.0102
2012-05-06,KGS,0.634654,100,63.4654
2012-05-11,KGS,0.642723,100,64.2723
2012-05-12,KGS,0.6439579999999999,100,64.3958
2012-05-13,KGS,0.642865,100,64.2865
2012-05-15,KGS,0.644219,100,64.4219
2012-05-16,KGS,0.644515,100,64.4515
2012-05-17,KGS,0.6575289999999999,100,65.7529
2012-05-18,KGS,0.656405,100,65.6405
2012-05-19,KGS,0.665792,100,66.5792
2012-05-22,KGS,0.6605219999999999,100,66.0522
2012-05-23,KGS,0.65821,100,65.821
2012-05-24,KGS,0.664807,100,66.4807
2012-05-25,KGS,0.6691419999999999,100,66.9142
2012-05-26,KGS,0.6713800000000001,100,67.138
2012-05-29,KGS,0.6731529999999999,100,67.3153
2012-05-30,KGS,0.680092,100,68.0092
2012-05-31,KGS,0.6914830000000001,100,69.1483
2012-06-01,KGS,0.7013349999999999,100,70.1335
2012-06-02,KGS,0.71845,100,71.845
2012-06-05,KGS,0.72379,100,72.379
2012-06-06,KGS,0.704348,100,70.4348
2012-06-07,KGS,0.691961,100,69.1961
2012-06-08,KGS,0.679896,100,67.9896
2012-06-09,KGS,0.691358,100,69.1358
2012-06-10,KGS,0.688199,100,68.8199
2012-06-14,KGS,0.6919150000000001,100,69.1915
2012-06-15,KGS,0.690835,100,69.0835
2012-06-16,KGS,0.688088,100,68.8088
2012-06-19,KGS,0.682122,100,68.2122
2012-06-20,KGS,0.689504,100,68.9504
2012-06-21,KGS,0.689188,100,68.9188
2012-06-22,KGS,0.696431,100,69.6431
2012-06-23,KGS,0.7099070000000001,100,70.9907
2012-06-26,KGS,0.702769,100,70.2769
2012-06-27,KGS,0.703454,100,70.3454
2012-06-28,KGS,0.696517,100,69.6517
2012-06-29,KGS,0.698647,100,69.8647
2012-06-30,KGS,0.695761,100,69.5761
2012-07-03,KGS,0.688518,100,68.8518
2012-07-04,KGS,0.6866150000000001,100,68.6615
2012-07-05,KGS,0.68073,100,68.073
2012-07-06,KGS,0.6851659999999999,100,68.5166
2012-07-07,KGS,0.687727,100,68.7727
2012-07-10,KGS,0.695458,100,69.5458
2012-07-11,KGS,0.696942,100,69.6942
2012-07-12,KGS,0.6947369999999999,100,69.4737
2012-07-13,KGS,0.694054,100,69.4054
2012-07-14,KGS,0.692809,100,69.2809
2012-07-17,KGS,0.691683,100,69.1683
2012-07-18,KGS,0.689026,100,68.9026
2012-07-19,KGS,0.6877920000000001,100,68.7792
2012-07-20,KGS,0.68098,100,68.098
2012-07-21,KGS,0.677911,100,67.7911
2012-07-24,KGS,0.686597,100,68.6597
2012-07-25,KGS,0.6920829999999999,100,69.2083
2012-07-26,KGS,0.701273,100,70.1273
2012-07-27,KGS,0.6938179999999999,100,69.3818
2012-07-28,KGS,0.683998,100,68.3998
2012-07-31,KGS,0.682928,100,68.2928
2012-08-01,KGS,0.683069,100,68.3069
2012-08-02,KGS,0.6857470000000001,100,68.5747
2012-08-03,KGS,0.688256,100,68.8256
2012-08-04,KGS,0.689923,100,68.9923
2012-08-07,KGS,0.6762990000000001,100,67.6299
2012-08-08,KGS,0.670143,100,67.0143
2012-08-09,KGS,0.670727,100,67.0727
2012-08-10,KGS,0.666954,100,66.6954
2012-08-11,KGS,0.676724,100,67.6724
2012-08-14,KGS,0.6769320000000001,100,67.6932
2012-08-15,KGS,0.67488,100,67.488
2012-08-16,KGS,0.676868,100,67.6868
2012-08-17,KGS,0.679743,100,67.9743
2012-08-18,KGS,0.6793600000000001,100,67.936
2012-08-21,KGS,0.683849,100,68.3849
2012-08-22,KGS,0.682655,100,68.2655
2012-08-23,KGS,0.679541,100,67.9541
2012-08-24,KGS,0.6770050000000001,100,67.7005
2012-08-25,KGS,0.6796989999999999,100,67.9699
2012-08-28,KGS,0.683276,100,68.3276
2012-08-29,KGS,0.688293,100,68.8293
2012-08-30,KGS,0.694322,100,69.4322
2012-08-31,KGS,0.7016129999999999,100,70.1613
2012-09-01,KGS,0.7068340000000001,100,70.6834
2012-09-04,KGS,0.703583,100,70.3583
2012-09-05,KGS,0.6939799999999999,100,69.398
2012-09-06,KGS,0.695998,100,69.5998
2012-09-07,KGS,0.695964,100,69.5964
2012-09-08,KGS,0.671988,100,67.1988
2012-09-11,KGS,0.668323,100,66.8323
2012-09-12,KGS,0.67039,100,67.039
2012-09-13,KGS,0.6664490000000001,100,66.6449
2012-09-14,KGS,0.6711469999999999,100,67.1147
2012-09-15,KGS,0.653313,100,65.3313
2012-09-18,KGS,0.65196,100,65.196
2012-09-19,KGS,0.6549330000000001,100,65.4933
2012-09-20,KGS,0.654321,100,65.4321
2012-09-21,KGS,0.670379,100,67.0379
2012-09-22,KGS,0.663498,100,66.3498
2012-09-25,KGS,0.665299,100,66.5299
2012-09-26,KGS,0.661053,100,66.1053
2012-09-27,KGS,0.663305,100,66.3305
2012-09-28,KGS,0.6640550000000001,100,66.4055
2012-09-29,KGS,0.658218,100,65.8218
2012-10-02,KGS,0.662881,100,66.2881
2012-10-03,KGS,0.660878,100,66.0878
2012-10-04,KGS,0.662715,100,66.2715
2012-10-05,KGS,0.6620969999999999,100,66.2097
2012-10-06,KGS,0.657821,100,65.7821
2012-10-09,KGS,0.6601319999999999,100,66.0132
2012-10-10,KGS,0.660412,100,66.0412
2012-10-11,KGS,0.662473,100,66.2473
2012-10-12,KGS,0.661708,100,66.1708
2012-10-13,KGS,0.657482,100,65.7482
2012-10-16,KGS,0.6596169999999999,100,65.9617
2012-10-17,KGS,0.656888,100,65.6888
2012-10-18,KGS,0.653653,100,65.3653
2012-10-19,KGS,0.6521129999999999,100,65.2113
2012-10-20,KGS,0.654192,100,65.4192
2012-10-23,KGS,0.657912,100,65.7912
2012-10-24,KGS,0.66154,100,66.154
2012-10-25,KGS,0.665108,100,66.5108
2012-10-26,KGS,0.6639029999999999,100,66.3903
2012-10-27,KGS,0.668429,100,66.8429
2012-10-30,KGS,0.6675650000000001,100,66.7565
2012-10-31,KGS,0.6690219999999999,100,66.9022
2012-11-01,KGS,0.665621,100,66.5621
2012-11-02,KGS,0.6652330000000001,100,66.5233
2012-11-03,KGS,0.6652939999999999,100,66.5294
2012-11-07,KGS,0.667194,100,66.7194
2012-11-08,KGS,0.6625190000000001,100,66.2519
2012-11-09,KGS,0.666991,100,66.6991
2012-11-10,KGS,0.666292,100,66.6292
2012-11-13,KGS,0.6683589999999999,100,66.8359
2012-11-14,KGS,0.670696,100,67.0696
2012-11-15,KGS,0.670924,100,67.0924
2012-11-16,KGS,0.6703100000000001,100,67.031
2012-11-17,KGS,0.670721,100,67.0721
2012-11-20,KGS,0.6695399999999999,100,66.954
2012-11-21,KGS,0.6641400000000001,100,66.414
2012-11-22,KGS,0.664187,100,66.4187
2012-11-23,KGS,0.658548,100,65.8548
2012-11-24,KGS,0.6582330000000001,100,65.8233
2012-11-27,KGS,0.655946,100,65.5946
2012-11-28,KGS,0.654282,100,65.4282
2012-11-29,KGS,0.658699,100,65.8699
2012-11-30,KGS,0.657226,100,65.7226
2012-12-01,KGS,0.651977,100,65.1977
2012-12-04,KGS,0.652132,100,65.2132
2012-12-05,KGS,0.655462,100,65.5462
2012-12-06,KGS,0.650818,100,65.0818
2012-12-07,KGS,0.652659,100,65.2659
2012-12-08,KGS,0.6535880000000001,100,65.3588
2012-12-11,KGS,0.650139,100,65.0139
2012-12-12,KGS,0.647654,100,64.7654
2012-12-13,KGS,0.647619,100,64.7619
2012-12-14,KGS,0.6456409999999999,100,64.5641
2012-12-15,KGS,0.6476909999999999,100,64.7691
2012-12-18,KGS,0.64959,100,64.959
2012-12-19,KGS,0.654452,100,65.4452
2012-12-20,KGS,0.6498090000000001,100,64.9809
2012-12-21,KGS,0.6487050000000001,100,64.8705
2012-12-22,KGS,0.647838,100,64.7838
2012-12-25,KGS,0.649516,100,64.9516
2012-12-26,KGS,0.6445730000000001,100,64.4573
2012-12-27,KGS,0.644811,100,64.4811
2012-12-28,KGS,0.6420359999999999,100,64.2036
2012-12-29,KGS,0.640753,100,64.0753
2012-12-30,KGS,0.640753,100,64.0753
2013-01-10,KGS,0.6417390000000001,100,64.1739
2013-01-11,KGS,0.640286,100,64.0286
2013-01-12,KGS,0.63786,100,63.786
2013-01-15,KGS,0.638362,100,63.8362
2013-01-16,KGS,0.638193,100,63.8193
2013-01-17,KGS,0.640082,100,64.0082
2013-01-18,KGS,0.64008,100,64.008
2013-01-19,KGS,0.636865,100,63.6865
2013-01-22,KGS,0.6364920000000001,100,63.6492
2013-01-23,KGS,0.6343489999999999,100,63.4349
2013-01-24,KGS,0.634922,100,63.4922
2013-01-25,KGS,0.633356,100,63.3356
2013-01-26,KGS,0.630212,100,63.0212
2013-01-29,KGS,0.629804,100,62.9804
2013-01-30,KGS,0.630791,100,63.0791
2013-01-31,KGS,0.628317,100,62.8317
2013-02-01,KGS,0.628352,100,62.8352
2013-02-02,KGS,0.6276120000000001,100,62.7612
2013-02-05,KGS,0.625578,100,62.5578
2013-02-06,KGS,0.629222,100,62.9222
2013-02-07,KGS,0.6253920000000001,100,62.5392
2013-02-08,KGS,0.626294,100,62.6294
2013-02-09,KGS,0.628724,100,62.8724
2013-02-12,KGS,0.6287210000000001,100,62.8721
2013-02-13,KGS,0.6292139999999999,100,62.9214
2013-02-14,KGS,0.627056,100,62.7056
2013-02-15,KGS,0.628034,100,62.8034
2013-02-16,KGS,0.629362,100,62.9362
2013-02-19,KGS,0.630661,100,63.0661
2013-02-20,KGS,0.6310520000000001,100,63.1052
2013-02-21,KGS,0.629512,100,62.9512
2013-02-22,KGS,0.634224,100,63.4224
2013-02-23,KGS,0.637109,100,63.7109
2013-02-26,KGS,0.636838,100,63.6838
2013-02-27,KGS,0.64213,100,64.213
2013-02-28,KGS,0.643219,100,64.3219
2013-03-01,KGS,0.641453,100,64.1453
2013-03-02,KGS,0.64447,100,64.447
2013-03-05,KGS,0.64735,100,64.735
2013-03-06,KGS,0.644719,100,64.4719
2013-03-07,KGS,0.6420990000000001,100,64.2099
2013-03-08,KGS,0.644312,100,64.4312
2013-03-12,KGS,0.642936,100,64.2936
2013-03-13,KGS,0.643091,100,64.3091
2013-03-14,KGS,0.643026,100,64.3026
2013-03-15,KGS,0.644211,100,64.4211
2013-03-16,KGS,0.641885,100,64.1885
2013-03-19,KGS,0.645364,100,64.5364
2013-03-20,KGS,0.643908,100,64.3908
2013-03-21,KGS,0.646094,100,64.6094
2013-03-22,KGS,0.644936,100,64.4936
2013-03-23,KGS,0.645775,100,64.5775
2013-03-26,KGS,0.6421429999999999,100,64.2143
2013-03-27,KGS,0.643699,100,64.3699
2013-03-28,KGS,0.64319,100,64.319
2013-03-29,KGS,0.650847,100,65.0847
2013-03-30,KGS,0.64802,100,64.802
2013-04-02,KGS,0.6581579999999999,100,65.8158
2013-04-03,KGS,0.6492,100,64.92
2013-04-04,KGS,0.6549280000000001,100,65.4928
2013-04-05,KGS,0.661708,100,66.1708
2013-04-06,KGS,0.659529,100,65.9529
2013-04-09,KGS,0.657973,100,65.7973
2013-04-10,KGS,0.649072,100,64.9072
2013-04-11,KGS,0.6445000000000001,100,64.45
2013-04-12,KGS,0.641358,100,64.1358
2013-04-13,KGS,0.6419360000000001,100,64.1936
2013-04-16,KGS,0.6490389999999999,100,64.9039
2013-04-17,KGS,0.651688,100,65.1688
2013-04-18,KGS,0.646931,100,64.6931
2013-04-19,KGS,0.656294,100,65.6294
2013-04-20,KGS,0.6487560000000001,100,64.8756
2013-04-23,KGS,0.651497,100,65.1497
2013-04-24,KGS,0.653142,100,65.3142
2013-04-25,KGS,0.6522979999999999,100,65.2298
2013-04-26,KGS,0.647332,100,64.7332
2013-04-27,KGS,0.646698,100,64.6698
2013-04-30,KGS,0.6479680000000001,100,64.7968
2013-05-01,KGS,0.64443,100,64.443
2013-05-07,KGS,0.64577,100,64.577
2013-05-08,KGS,0.645728,100,64.5728
2013-05-09,KGS,0.645767,100,64.5767
2013-05-14,KGS,0.651951,100,65.1951
2013-05-15,KGS,0.6498609999999999,100,64.9861
2013-05-16,KGS,0.652984,100,65.2984
2013-05-17,KGS,0.652548,100,65.2548
2013-05-18,KGS,0.6508769999999999,100,65.0877
2013-05-21,KGS,0.6491060000000001,100,64.9106
2013-05-22,KGS,0.64562,100,64.562
2013-05-23,KGS,0.64669,100,64.669
2013-05-24,KGS,0.651712,100,65.1712
2013-05-25,KGS,0.648524,100,64.8524
2013-05-28,KGS,0.648558,100,64.8558
2013-05-29,KGS,0.650698,100,65.0698
2013-05-30,KGS,0.654051,100,65.4051
2013-05-31,KGS,0.6555329999999999,100,65.5533
2013-06-01,KGS,0.659297,100,65.9297
2013-06-04,KGS,0.6639440000000001,100,66.3944
2013-06-05,KGS,0.658683,100,65.8683
2013-06-06,KGS,0.661245,100,66.1245
2013-06-07,KGS,0.662262,100,66.2262
2013-06-08,KGS,0.6633450000000001,100,66.3345
2013-06-11,KGS,0.663998,100,66.3998
2013-06-12,KGS,0.665331,100,66.5331
2013-06-14,KGS,0.668073,100,66.8073
2013-06-15,KGS,0.657085,100,65.7085
2013-06-18,KGS,0.654052,100,65.4052
2013-06-19,KGS,0.6575409999999999,100,65.7541
2013-06-20,KGS,0.66307,100,66.307
2013-06-21,KGS,0.6751260000000001,100,67.5126
2013-06-22,KGS,0.681232,100,68.1232
2013-06-25,KGS,0.678875,100,67.8875
2013-06-26,KGS,0.674129,100,67.4129
2013-06-27,KGS,0.677706,100,67.7706
2013-06-28,KGS,0.67592,100,67.592
2013-06-29,KGS,0.672459,100,67.2459
2013-07-02,KGS,0.675576,100,67.5576
2013-07-03,KGS,0.6776390000000001,100,67.7639
2013-07-04,KGS,0.683266,100,68.3266
2013-07-05,KGS,0.681389,100,68.1389
2013-07-06,KGS,0.681152,100,68.1152
2013-07-09,KGS,0.682277,100,68.2277
2013-07-10,KGS,0.6772509999999999,100,67.7251
2013-07-11,KGS,0.6736669999999999,100,67.3667
2013-07-12,KGS,0.667077,100,66.7077
2013-07-13,KGS,0.668155,100,66.8155
2013-07-16,KGS,0.667239,100,66.7239
2013-07-17,KGS,0.6655639999999999,100,66.5564
2013-07-18,KGS,0.6632370000000001,100,66.3237
2013-07-19,KGS,0.661657,100,66.1657
2013-07-20,KGS,0.661395,100,66.1395
2013-07-23,KGS,0.6591849999999999,100,65.9185
2013-07-24,KGS,0.658931,100,65.8931
2013-07-25,KGS,0.660153,100,66.0153
2013-07-26,KGS,0.6648390000000001,100,66.4839
2013-07-27,KGS,0.668134,100,66.8134
2013-07-30,KGS,0.6732349999999999,100,67.3235
2013-07-31,KGS,0.673385,100,67.3385
2013-08-01,KGS,0.675874,100,67.5874
2013-08-02,KGS,0.6736920000000001,100,67.3692
2013-08-03,KGS,0.676155,100,67.6155
2013-08-06,KGS,0.671728,100,67.1728
2013-08-07,KGS,0.672814,100,67.2814
2013-08-08,KGS,0.6737489999999999,100,67.3749
2013-08-09,KGS,0.677693,100,67.7693
2013-08-10,KGS,0.676058,100,67.6058
2013-08-13,KGS,0.671553,100,67.1553
2013-08-14,KGS,0.674818,100,67.4818
2013-08-15,KGS,0.6783750000000001,100,67.8375
2013-08-16,KGS,0.675145,100,67.5145
2013-08-17,KGS,0.68072,100,68.072
2013-08-20,KGS,0.67916,100,67.916
2013-08-21,KGS,0.680689,100,68.0689
2013-08-22,KGS,0.680092,100,68.0092
2013-08-23,KGS,0.684485,100,68.4485
2013-08-24,KGS,0.681251,100,68.1251
2013-08-27,KGS,0.678994,100,67.8994
2013-08-28,KGS,0.6815359999999999,100,68.1536
2013-08-29,KGS,0.682545,100,68.2545
2013-08-30,KGS,0.68175,100,68.175
2013-08-31,KGS,0.682548,100,68.2548
2013-09-03,KGS,0.682456,100,68.2456
2013-09-04,KGS,0.68486,100,68.486
2013-09-05,KGS,0.68663,100,68.663
2013-09-06,KGS,0.6848869999999999,100,68.4887
2013-09-07,KGS,0.6847709999999999,100,68.4771
2013-09-10,KGS,0.680655,100,68.0655
2013-09-11,KGS,0.673381,100,67.3381
2013-09-12,KGS,0.6698390000000001,100,66.9839
2013-09-13,KGS,0.662394,100,66.2394
2013-09-14,KGS,0.6627580000000001,100,66.2758
2013-09-17,KGS,0.656589,100,65.6589
2013-09-18,KGS,0.66065,100,66.065
2013-09-19,KGS,0.659507,100,65.9507
2013-09-20,KGS,0.645852,100,64.5852
2013-09-21,KGS,0.647628,100,64.7628
2013-09-24,KGS,0.649441,100,64.9441
2013-09-25,KGS,0.648579,100,64.8579
2013-09-26,KGS,0.6530450000000001,100,65.3045
2013-09-27,KGS,0.659894,100,65.9894
2013-09-28,KGS,0.6639889999999999,100,66.3989
2013-10-01,KGS,0.668122,100,66.8122
2013-10-02,KGS,0.663771,100,66.3771
2013-10-03,KGS,0.663186,100,66.3186
2013-10-04,KGS,0.659008,100,65.9008
2013-10-05,KGS,0.6577580000000001,100,65.7758
2013-10-08,KGS,0.66047,100,66.047
2013-10-09,KGS,0.660503,100,66.0503
2013-10-10,KGS,0.662032,100,66.2032
2013-10-11,KGS,0.6624909999999999,100,66.2491
2013-10-12,KGS,0.659856,100,65.9856
2013-10-15,KGS,0.66266,100,66.266
2013-10-16,KGS,0.6626869999999999,100,66.2687
2013-10-17,KGS,0.6624500000000001,100,66.245
2013-10-18,KGS,0.659528,100,65.9528
2013-10-19,KGS,0.6555219999999999,100,65.5522
2013-10-22,KGS,0.657141,100,65.7141
2013-10-23,KGS,0.6568590000000001,100,65.6859
2013-10-24,KGS,0.652401,100,65.2401
2013-10-25,KGS,0.672148,100,67.2148
2013-10-26,KGS,0.650419,100,65.0419
2013-10-29,KGS,0.655745,100,65.5745
2013-10-30,KGS,0.657968,100,65.7968
2013-10-31,KGS,0.660906,100,66.0906
2013-11-01,KGS,0.66132,100,66.132
2013-11-02,KGS,0.663501,100,66.3501
2013-11-06,KGS,0.667219,100,66.7219
2013-11-07,KGS,0.6677259999999999,100,66.7726
2013-11-08,KGS,0.667825,100,66.7825
2013-11-09,KGS,0.6692239999999999,100,66.9224
2013-11-12,KGS,0.671574,100,67.1574
2013-11-13,KGS,0.673955,100,67.3955
2013-11-14,KGS,0.674184,100,67.4184
2013-11-15,KGS,0.671493,100,67.1493
2013-11-16,KGS,0.6708660000000001,100,67.0866
2013-11-19,KGS,0.6659950000000001,100,66.5995
2013-11-20,KGS,0.666867,100,66.6867
2013-11-21,KGS,0.6699930000000001,100,66.9993
2013-11-22,KGS,0.676246,100,67.6246
2013-11-23,KGS,0.673879,100,67.3879
2013-11-26,KGS,0.671171,100,67.1171
2013-11-27,KGS,0.674029,100,67.4029
2013-11-28,KGS,0.6744840000000001,100,67.4484
2013-11-29,KGS,0.6764709999999999,100,67.6471
2013-11-30,KGS,0.6780719999999999,100,67.8072
2013-12-03,KGS,0.67706,100,67.706
2013-12-04,KGS,0.6790179999999999,100,67.9018
2013-12-05,KGS,0.678679,100,67.8679
2013-12-06,KGS,0.674481,100,67.4481
2013-12-07,KGS,0.668767,100,66.8767
2013-12-10,KGS,0.664199,100,66.4199
2013-12-11,KGS,0.663722,100,66.3722
2013-12-12,KGS,0.6625610000000001,100,66.2561
2013-12-13,KGS,0.6627240000000001,100,66.2724
2013-12-14,KGS,0.665004,100,66.5004
2013-12-17,KGS,0.667032,100,66.7032
2013-12-18,KGS,0.668565,100,66.8565
2013-12-19,KGS,0.67152,100,67.152
2013-12-20,KGS,0.6713,100,67.13
2013-12-21,KGS,0.6711849999999999,100,67.1185
2013-12-24,KGS,0.669272,100,66.9272
2013-12-25,KGS,0.6621299999999999,100,66.213
2013-12-26,KGS,0.662542,100,66.2542
2013-12-27,KGS,0.6613559999999999,100,66.1356
2013-12-28,KGS,0.661762,100,66.1762
2013-12-31,KGS,0.6634099999999999,100,66.341
2014-01-01,KGS,0.6631610000000001,100,66.3161
2014-01-10,KGS,0.6740210000000001,100,67.4021
2014-01-11,KGS,0.672903,100,67.2903
2014-01-14,KGS,0.6697759999999999,100,66.9776
2014-01-15,KGS,0.672166,100,67.2166
2014-01-16,KGS,0.6735899999999999,100,67.359
2014-01-17,KGS,0.672573,100,67.2573
2014-01-18,KGS,0.6670180000000001,100,66.7018
2014-01-21,KGS,0.6716249999999999,100,67.1625
2014-01-22,KGS,0.6731010000000001,100,67.3101
2014-01-23,KGS,0.673102,100,67.3102
2014-01-24,KGS,0.672479,100,67.2479
2014-01-25,KGS,0.677075,100,67.7075
2014-01-28,KGS,0.6832550000000001,100,68.3255
2014-01-29,KGS,0.6816840000000001,100,68.1684
2014-01-30,KGS,0.6805140000000001,100,68.0514
2014-01-31,KGS,0.6939319999999999,100,69.3932
2014-02-01,KGS,0.697797,100,69.7797
2014-02-04,KGS,0.6992499999999999,100,69.925
2014-02-05,KGS,0.703951,100,70.3951
2014-02-06,KGS,0.691366,100,69.1366
2014-02-07,KGS,0.6838190000000001,100,68.3819
2014-02-08,KGS,0.678454,100,67.8454
2014-02-11,KGS,0.681639,100,68.1639
2014-02-12,KGS,0.68077,100,68.077
2014-02-13,KGS,0.678283,100,67.8283
2014-02-14,KGS,0.674951,100,67.4951
2014-02-15,KGS,0.6825920000000001,100,68.2592
2014-02-18,KGS,0.679308,100,67.9308
2014-02-19,KGS,0.676365,100,67.6365
2014-02-20,KGS,0.693512,100,69.3512
2014-02-21,KGS,0.6845359999999999,100,68.4536
2014-02-22,KGS,0.682924,100,68.2924
2014-02-25,KGS,0.6887300000000001,100,68.873
2014-02-26,KGS,0.6742539999999999,100,67.4254
2014-02-27,KGS,0.689077,100,68.9077
2014-02-28,KGS,0.68826,100,68.826
2014-03-01,KGS,0.6900749999999999,100,69.0075
2014-03-04,KGS,0.649614,100,64.9614
2014-03-05,KGS,0.65739,100,65.739
2014-03-06,KGS,0.6687350000000001,100,66.8735
2014-03-07,KGS,0.6628459999999999,100,66.2846
2014-03-08,KGS,0.66542,100,66.542
2014-03-12,KGS,0.6679170000000001,100,66.7917
2014-03-13,KGS,0.668557,100,66.8557
2014-03-14,KGS,0.66893,100,66.893
2014-03-15,KGS,0.672278,100,67.2278
2014-03-18,KGS,0.672487,100,67.2487
2014-03-19,KGS,0.6687850000000001,100,66.8785
2014-03-20,KGS,0.66435,100,66.435
2014-03-21,KGS,0.66254,100,66.254
2014-03-22,KGS,0.668021,100,66.8021
2014-03-25,KGS,0.6639060000000001,100,66.3906
2014-03-26,KGS,0.659517,100,65.9517
2014-03-27,KGS,0.65054,100,65.054
2014-03-28,KGS,0.65295,100,65.295
2014-03-29,KGS,0.654914,100,65.4914
2014-04-01,KGS,0.6534399999999999,100,65.344
2014-04-02,KGS,0.642642,100,64.2642
2014-04-03,KGS,0.6469509999999999,100,64.6951
2014-04-04,KGS,0.65179,100,65.179
2014-04-05,KGS,0.651526,100,65.1526
2014-04-08,KGS,0.6509189999999999,100,65.0919
2014-04-09,KGS,0.65286,100,65.286
2014-04-10,KGS,0.656734,100,65.6734
2014-04-11,KGS,0.653062,100,65.3062
2014-04-12,KGS,0.654401,100,65.4401
2014-04-15,KGS,0.661259,100,66.1259
2014-04-16,KGS,0.660734,100,66.0734
2014-04-17,KGS,0.663014,100,66.3014
2014-04-18,KGS,0.66021,100,66.021
2014-04-19,KGS,0.6530469999999999,100,65.3047
2014-04-22,KGS,0.653574,100,65.3574
2014-04-23,KGS,0.655331,100,65.5331
2014-04-24,KGS,0.655034,100,65.5034
2014-04-25,KGS,0.6554449999999999,100,65.5445
2014-04-26,KGS,0.660116,100,66.0116
2014-04-29,KGS,0.661872,100,66.1872
2014-04-30,KGS,0.659637,100,65.9637
2014-05-01,KGS,0.662003,100,66.2003
2014-05-06,KGS,0.6661360000000001,100,66.6136
2014-05-07,KGS,0.662732,100,66.2732
2014-05-08,KGS,0.6659869999999999,100,66.5987
2014-05-09,KGS,0.658717,100,65.8717
2014-05-13,KGS,0.671846,100,67.1846
2014-05-14,KGS,0.667333,100,66.7333
2014-05-15,KGS,0.6643000000000001,100,66.43
2014-05-16,KGS,0.665138,100,66.5138
2014-05-17,KGS,0.6677240000000001,100,66.7724
2014-05-20,KGS,0.673571,100,67.3571
2014-05-21,KGS,0.668131,100,66.8131
2014-05-22,KGS,0.6660309999999999,100,66.6031
2014-05-23,KGS,0.6589430000000001,100,65.8943
2014-05-24,KGS,0.6559470000000001,100,65.5947
2014-05-27,KGS,0.649088,100,64.9088
2014-05-28,KGS,0.652448,100,65.2448
2014-05-29,KGS,0.657193,100,65.7193
2014-05-30,KGS,0.66567,100,66.567
2014-05-31,KGS,0.664528,100,66.4528
2014-06-03,KGS,0.668366,100,66.8366
2014-06-04,KGS,0.6727339999999999,100,67.2734
2014-06-05,KGS,0.670725,100,67.0725
2014-06-06,KGS,0.6637649999999999,100,66.3765
2014-06-07,KGS,0.65877,100,65.877
2014-06-10,KGS,0.655158,100,65.5158
2014-06-11,KGS,0.654635,100,65.4635
2014-06-12,KGS,0.6584690000000001,100,65.8469
2014-06-17,KGS,0.666964,100,66.6964
2014-06-18,KGS,0.6713859999999999,100,67.1386
2014-06-19,KGS,0.669803,100,66.9803
2014-06-20,KGS,0.658249,100,65.8249
2014-06-21,KGS,0.6593680000000001,100,65.9368
2014-06-24,KGS,0.6570140000000001,100,65.7014
2014-06-25,KGS,0.652543,100,65.2543
2014-06-26,KGS,0.6505589999999999,100,65.0559
2014-06-27,KGS,0.648332,100,64.8332
2014-06-28,KGS,0.6484340000000001,100,64.8434
2014-07-01,KGS,0.649897,100,64.9897
2014-07-02,KGS,0.657107,100,65.7107
2014-07-03,KGS,0.659033,100,65.9033
2014-07-04,KGS,0.6578489999999999,100,65.7849
2014-07-05,KGS,0.658082,100,65.8082
2014-07-08,KGS,0.663833,100,66.3833
2014-07-09,KGS,0.660352,100,66.0352
2014-07-10,KGS,0.657834,100,65.7834
2014-07-11,KGS,0.651793,100,65.1793
2014-07-12,KGS,0.6577280000000001,100,65.7728
2014-07-15,KGS,0.662743,100,66.2743
2014-07-16,KGS,0.663882,100,66.3882
2014-07-17,KGS,0.664743,100,66.4743
2014-07-18,KGS,0.6734829999999999,100,67.3483
2014-07-19,KGS,0.679786,100,67.9786
2014-07-22,KGS,0.6770860000000001,100,67.7086
2014-07-23,KGS,0.674865,100,67.4865
2014-07-24,KGS,0.671412,100,67.1412
2014-07-25,KGS,0.677108,100,67.7108
2014-07-26,KGS,0.676361,100,67.6361
2014-07-29,KGS,0.681999,100,68.1999
2014-07-30,KGS,0.68756,100,68.756
2014-07-31,KGS,0.6923860000000001,100,69.2386
2014-08-01,KGS,0.6848810000000001,100,68.4881
2014-08-02,KGS,0.691078,100,69.1078
2014-08-05,KGS,0.6907599999999999,100,69.076
2014-08-06,KGS,0.693414,100,69.3414
2014-08-07,KGS,0.699439,100,69.9439
2014-08-08,KGS,0.702127,100,70.2127
2014-08-09,KGS,0.704805,100,70.4805
2014-08-12,KGS,0.697097,100,69.7097
2014-08-13,KGS,0.6947620000000001,100,69.4762
2014-08-14,KGS,0.6972889999999999,100,69.7289
2014-08-15,KGS,0.693601,100,69.3601
2014-08-16,KGS,0.6912229999999999,100,69.1223
2014-08-19,KGS,0.6917610000000001,100,69.1761
2014-08-20,KGS,0.693297,100,69.3297
2014-08-21,KGS,0.6929510000000001,100,69.2951
2014-08-22,KGS,0.6940149999999999,100,69.4015
2014-08-23,KGS,0.685766,100,68.5766
2014-08-26,KGS,0.6866939999999999,100,68.6694
2014-08-27,KGS,0.688652,100,68.8652
2014-08-28,KGS,0.6867319999999999,100,68.6732
2014-08-29,KGS,0.688774,100,68.8774
2014-08-30,KGS,0.697578,100,69.7578
2014-09-02,KGS,0.705,100,70.5
2014-09-03,KGS,0.705351,100,70.5351
2014-09-04,KGS,0.704607,100,70.4607
2014-09-05,KGS,0.690134,100,69.0134
2014-09-06,KGS,0.689491,100,68.9491
2014-09-09,KGS,0.6906260000000001,100,69.0626
2014-09-10,KGS,0.6859860000000001,100,68.5986
2014-09-11,KGS,0.6883199999999999,100,68.832
2014-09-12,KGS,0.69255,100,69.255
2014-09-13,KGS,0.698599,100,69.8599
2014-09-16,KGS,0.705406,100,70.5406
2014-09-17,KGS,0.717924,100,71.7924
2014-09-18,KGS,0.712534,100,71.2534
2014-09-19,KGS,0.713382,100,71.3382
2014-09-20,KGS,0.711221,100,71.1221
2014-09-23,KGS,0.7117749999999999,100,71.1775
2014-09-24,KGS,0.713454,100,71.3454
2014-09-25,KGS,0.706869,100,70.6869
2014-09-26,KGS,0.7005889999999999,100,70.0589
2014-09-27,KGS,0.708243,100,70.8243
2014-09-30,KGS,0.724684,100,72.4684
2014-10-01,KGS,0.722367,100,72.2367
2014-10-02,KGS,0.729064,100,72.9064
2014-10-03,KGS,0.728365,100,72.8365
2014-10-04,KGS,0.7310169999999999,100,73.1017
2014-10-07,KGS,0.736246,100,73.6246
2014-10-08,KGS,0.731821,100,73.1821
2014-10-09,KGS,0.734363,100,73.4363
2014-10-10,KGS,0.732564,100,73.2564
2014-10-11,KGS,0.734954,100,73.4954
2014-10-14,KGS,0.737205,100,73.7205
2014-10-15,KGS,0.7394240000000001,100,73.9424
2014-10-16,KGS,0.746837,100,74.6837
2014-10-17,KGS,0.74206,100,74.206
2014-10-18,KGS,0.744286,100,74.4286
2014-10-21,KGS,0.7366039999999999,100,73.6604
2014-10-22,KGS,0.7401829999999999,100,74.0183
2014-10-23,KGS,0.736225,100,73.6225
2014-10-24,KGS,0.740124,100,74.0124
2014-10-25,KGS,0.745561,100,74.5561
2014-10-28,KGS,0.739854,100,73.9854
2014-10-29,KGS,0.7505329999999999,100,75.0533
2014-10-30,KGS,0.742428,100,74.2428
2014-10-31,KGS,0.756952,100,75.6952
2014-11-01,KGS,0.7317149999999999,100,73.1715
2014-11-06,KGS,0.770153,100,77.0153
2014-11-07,KGS,0.7845099999999999,100,78.451
2014-11-08,KGS,0.8312609999999999,100,83.1261
2014-11-11,KGS,0.795366,100,79.5366
2014-11-12,KGS,0.795017,100,79.5017
2014-11-13,KGS,0.804477,100,80.4477
2014-11-14,KGS,0.8007519999999999,100,80.0752
2014-11-15,KGS,0.822778,100,82.2778
2014-11-18,KGS,0.821752,100,82.1752
2014-11-19,KGS,0.81562,100,81.562
2014-11-20,KGS,0.8164830000000001,100,81.6483
2014-11-21,KGS,0.810917,100,81.0917
2014-11-22,KGS,0.7954730000000001,100,79.5473
2014-11-25,KGS,0.777973,100,77.7973
2014-11-26,KGS,0.7812749999999999,100,78.1275
2014-11-27,KGS,0.806314,100,80.6314
2014-11-28,KGS,0.827777,100,82.7777
2014-11-29,KGS,0.8565999999999999,100,85.66
2014-12-02,KGS,0.8994240000000001,100,89.9424
2014-12-03,KGS,0.8815139999999999,100,88.1514
2014-12-04,KGS,0.944629,100,94.4629
2014-12-05,KGS,0.914932,100,91.4932
2014-12-06,KGS,0.922154,100,92.2154
2014-12-09,KGS,0.925484,100,92.5484
2014-12-10,KGS,0.9411740000000001,100,94.1174
2014-12-11,KGS,0.942288,100,94.2288
2014-12-12,KGS,0.951271,100,95.1271
2014-12-13,KGS,0.986422,100,98.6422
2014-12-16,KGS,1.0112,10,10.112
2014-12-17,KGS,1.06165,10,10.6165
2014-12-18,KGS,1.17682,10,11.7682
2014-12-19,KGS,1.03477,10,10.3477
2014-12-20,KGS,1.02331,10,10.2331
2014-12-23,KGS,0.956715,100,95.6715
2014-12-24,KGS,0.92649,100,92.649
2014-12-25,KGS,0.925307,100,92.5307
2014-12-26,KGS,0.8910399999999999,100,89.104
2014-12-27,KGS,0.8834350000000001,100,88.3435
2014-12-30,KGS,0.962311,100,96.2311
2014-12-31,KGS,0.9551510000000001,100,95.5151
2015-01-01,KGS,0.955017,100,95.5017
2015-01-13,KGS,1.05706,10,10.5706
2015-01-14,KGS,1.09531,10,10.9531
2015-01-15,KGS,1.10348,10,11.0348
2015-01-16,KGS,1.08244,10,10.8244
2015-01-17,KGS,1.07993,10,10.7993
2015-01-20,KGS,1.0775000000000001,10,10.775
2015-01-21,KGS,1.08499,10,10.8499
2015-01-22,KGS,1.0945,10,10.945
2015-01-23,KGS,1.09182,10,10.9182
2015-01-24,KGS,1.04955,10,10.4955
2015-01-27,KGS,1.08734,10,10.8734
2015-01-28,KGS,1.1321400000000001,10,11.3214
2015-01-29,KGS,1.1210499999999999,10,11.2105
2015-01-30,KGS,1.1474199999999999,10,11.4742
2015-01-31,KGS,1.1524699999999999,10,11.5247
2015-02-03,KGS,1.15625,10,11.5625
2015-02-04,KGS,1.13152,10,11.3152
2015-02-05,KGS,1.09024,10,10.9024
2015-02-06,KGS,1.13394,10,11.3394
2015-02-07,KGS,1.08825,10,10.8825
2015-02-10,KGS,1.08149,10,10.8149
2015-02-11,KGS,1.07951,10,10.7951
2015-02-12,KGS,1.08768,10,10.8768
2015-02-13,KGS,1.09008,10,10.9008
2015-02-14,KGS,1.0728199999999999,10,10.7282
2015-02-17,KGS,1.03064,10,10.3064
2015-02-18,KGS,1.03429,10,10.3429
2015-02-19,KGS,1.02094,10,10.2094
2015-02-20,KGS,1.01661,10,10.1661
2015-02-21,KGS,1.00888,10,10.0888
2015-02-25,KGS,1.0360200000000002,10,10.3602
2015-02-26,KGS,1.0205,10,10.205
2015-02-27,KGS,0.992672,100,99.2672
2015-02-28,KGS,0.9993120000000001,100,99.9312
2015-03-03,KGS,1.0138500000000001,10,10.1385
2015-03-04,KGS,1.01692,10,10.1692
2015-03-05,KGS,1.0088599999999999,10,10.0886
2015-03-06,KGS,1.0076399999999999,10,10.0764
2015-03-07,KGS,0.97688,100,97.688
2015-03-11,KGS,0.9853000000000001,100,98.53
2015-03-12,KGS,1.0176399999999999,10,10.1764
2015-03-13,KGS,0.988479,100,98.8479
2015-03-14,KGS,0.995954,100,99.5954
2015-03-17,KGS,0.995989,100,99.5989
2015-03-18,KGS,0.999207,100,99.9207
2015-03-19,KGS,0.977662,100,97.7662
2015-03-20,KGS,0.960058,100,96.0058
2015-03-21,KGS,0.963436,100,96.3436
2015-03-24,KGS,0.940961,100,94.0961
2015-03-25,KGS,0.931395,100,93.1395
2015-03-26,KGS,0.9133969999999999,100,91.3397
2015-03-27,KGS,0.890017,100,89.0017
2015-03-28,KGS,0.903493,100,90.3493
2015-03-31,KGS,0.912898,100,91.2898
2015-04-01,KGS,0.902564,100,90.2564
2015-04-02,KGS,0.913361,100,91.3361
2015-04-03,KGS,0.890124,100,89.0124
2015-04-04,KGS,0.886716,100,88.6716
2015-04-07,KGS,0.883133,100,88.3133
2015-04-08,KGS,0.8659279999999999,100,86.5928
2015-04-09,KGS,0.845493,100,84.5493
2015-04-10,KGS,0.82226,100,82.226
2015-04-11,KGS,0.799183,100,79.9183
2015-04-14,KGS,0.818454,100,81.8454
2015-04-15,KGS,0.814549,100,81.4549
2015-04-16,KGS,0.792555,100,79.2555
2015-04-17,KGS,0.779099,100,77.9099
2015-04-18,KGS,0.7945789999999999,100,79.4579
2015-04-21,KGS,0.815201,100,81.5201
2015-04-22,KGS,0.880045,100,88.0045
2015-04-23,KGS,0.8779980000000001,100,87.7998
2015-04-24,KGS,0.844466,100,84.4466
2015-04-25,KGS,0.822249,100,82.2249
2015-04-28,KGS,0.8408589999999999,100,84.0859
2015-04-29,KGS,0.860005,100,86.0005
2015-04-30,KGS,0.856576,100,85.6576
2015-05-01,KGS,0.851313,100,85.1313
2015-05-06,KGS,0.870428,100,87.0428
2015-05-07,KGS,0.830259,100,83.0259
2015-05-08,KGS,0.8480289999999999,100,84.8029
2015-05-09,KGS,0.8564400000000001,100,85.644
2015-05-13,KGS,0.871367,100,87.1367
2015-05-14,KGS,0.8394240000000001,100,83.9424
2015-05-15,KGS,0.853724,100,85.3724
2015-05-16,KGS,0.852008,100,85.2008
2015-05-19,KGS,0.840894,100,84.0894
2015-05-20,KGS,0.8392270000000001,100,83.9227
2015-05-21,KGS,0.8503780000000001,100,85.0378
2015-05-22,KGS,0.8533360000000001,100,85.3336
2015-05-23,KGS,0.851413,100,85.1413
2015-05-26,KGS,0.853351,100,85.3351
2015-05-27,KGS,0.861683,100,86.1683
2015-05-28,KGS,0.877193,100,87.7193
2015-05-29,KGS,0.8990739999999999,100,89.9074
2015-05-30,KGS,0.9109910000000001,100,91.0991
2015-06-02,KGS,0.9091450000000001,100,90.9145
2015-06-03,KGS,0.918883,100,91.8883
2015-06-04,KGS,0.909434,100,90.9434
2015-06-05,KGS,0.93363,100,93.363
2015-06-06,KGS,0.954784,100,95.4784
2015-06-09,KGS,0.9490860000000001,100,94.9086
2015-06-10,KGS,0.943874,100,94.3874
2015-06-11,KGS,0.923525,100,92.3525
2015-06-12,KGS,0.9161879999999999,100,91.6188
2015-06-16,KGS,0.923055,100,92.3055
2015-06-17,KGS,0.9004030000000001,100,90.0403
2015-06-18,KGS,0.8972100000000001,100,89.721
2015-06-19,KGS,0.885026,100,88.5026
2015-06-20,KGS,0.8900579999999999,100,89.0058
2015-06-23,KGS,0.883989,100,88.3989
2015-06-24,KGS,0.892866,100,89.2866
2015-06-25,KGS,0.890143,100,89.0143
2015-06-26,KGS,0.8965869999999999,100,89.6587
2015-06-27,KGS,0.8959619999999999,100,89.5962
2015-06-30,KGS,0.905465,100,90.5465
2015-07-01,KGS,0.899523,100,89.9523
2015-07-02,KGS,0.8927200000000001,100,89.272
2015-07-03,KGS,0.896059,100,89.6059
2015-07-04,KGS,0.895506,100,89.5506
2015-07-07,KGS,0.9063129999999999,100,90.6313
2015-07-08,KGS,0.920787,100,92.0787
2015-07-09,KGS,0.920672,100,92.0672
2015-07-10,KGS,0.9147580000000001,100,91.4758
2015-07-11,KGS,0.908608,100,90.8608
2015-07-14,KGS,0.905509,100,90.5509
2015-07-15,KGS,0.90837,100,90.837
2015-07-16,KGS,0.902723,100,90.2723
2015-07-17,KGS,0.90559,100,90.559
2015-07-18,KGS,0.90217,100,90.217
2015-07-21,KGS,0.899978,100,89.9978
2015-07-22,KGS,0.905317,100,90.5317
2015-07-23,KGS,0.908706,100,90.8706
2015-07-24,KGS,0.915906,100,91.5906
2015-07-25,KGS,0.9456319999999999,100,94.5632
2015-07-28,KGS,0.935268,100,93.5268
2015-07-29,KGS,0.986965,100,98.6965
2015-07-30,KGS,0.9808509999999999,100,98.0851
2015-07-31,KGS,0.939042,100,93.9042
2015-08-01,KGS,0.96092,100,96.092
2015-08-04,KGS,0.9949460000000001,100,99.4946
2015-08-05,KGS,1.00228,10,10.0228
2015-08-06,KGS,0.999329,100,99.9329
2015-08-07,KGS,1.0178,10,10.178
2015-08-08,KGS,1.01741,10,10.1741
2015-08-11,KGS,1.02793,10,10.2793
2015-08-12,KGS,1.0075699999999999,10,10.0757
2015-08-13,KGS,1.0367000000000002,10,10.367
2015-08-14,KGS,1.0206300000000001,10,10.2063
2015-08-15,KGS,1.03567,10,10.3567
2015-08-18,KGS,1.04415,10,10.4415
2015-08-19,KGS,1.04948,10,10.4948
2015-08-20,KGS,1.04795,10,10.4795
2015-08-21,KGS,1.0683799999999999,10,10.6838
2015-08-22,KGS,1.08725,10,10.8725
2015-08-25,KGS,1.12865,10,11.2865
2015-08-26,KGS,1.11601,10,11.1601
2015-08-27,KGS,1.10637,10,11.0637
2015-08-28,KGS,1.0769199999999999,10,10.7692
2015-08-29,KGS,1.06195,10,10.6195
2015-09-01,KGS,1.0659100000000001,10,10.6591
2015-09-02,KGS,1.0444200000000001,10,10.4442
2015-09-03,KGS,1.0663,10,10.663
2015-09-04,KGS,1.07182,10,10.7182
2015-09-05,KGS,1.08296,10,10.8296
2015-09-08,KGS,1.09613,10,10.9613
2015-09-09,KGS,1.10122,10,11.0122
2015-09-10,KGS,1.07894,10,10.7894
2015-09-11,KGS,1.03004,10,10.3004
2015-09-12,KGS,1.02062,10,10.2062
2015-09-15,KGS,1.01999,10,10.1999
2015-09-16,KGS,1.00814,10,10.0814
2015-09-17,KGS,0.9898990000000001,100,98.9899
2015-09-18,KGS,0.981858,100,98.1858
2015-09-19,KGS,0.986394,100,98.6394
2015-09-22,KGS,0.936905,100,93.6905
2015-09-23,KGS,0.937319,100,93.7319
2015-09-24,KGS,0.935094,100,93.5094
2015-09-25,KGS,0.9420740000000001,100,94.2074
2015-09-26,KGS,0.948274,100,94.8274
2015-09-29,KGS,0.946527,100,94.6527
2015-09-30,KGS,0.95697,100,95.697
2015-10-01,KGS,0.954973,100,95.4973
2015-10-02,KGS,0.9449150000000001,100,94.4915
2015-10-03,KGS,0.957557,100,95.7557
2015-10-06,KGS,0.9510080000000001,100,95.1008
2015-10-07,KGS,0.9422799999999999,100,94.228
2015-10-08,KGS,0.9062680000000001,100,90.6268
2015-10-09,KGS,0.90143,100,90.143
2015-10-10,KGS,0.884512,100,88.4512
2015-10-13,KGS,0.882573,100,88.2573
2015-10-14,KGS,0.8981480000000001,100,89.8148
2015-10-15,KGS,0.91122,100,91.122
2015-10-16,KGS,0.898755,100,89.8755
2015-10-17,KGS,0.891721,100,89.1721
2015-10-20,KGS,0.8878889999999999,100,88.7889
2015-10-21,KGS,0.9029980000000001,100,90.2998
2015-10-22,KGS,0.909672,100,90.9672
2015-10-23,KGS,0.912063,100,91.2063
2015-10-24,KGS,0.8994070000000001,100,89.9407
2015-10-27,KGS,0.9071670000000001,100,90.7167
2015-10-28,KGS,0.920629,100,92.0629
2015-10-29,KGS,0.94695,100,94.695
2015-10-30,KGS,0.930587,100,93.0587
2015-10-31,KGS,0.9302630000000001,100,93.0263
2015-11-03,KGS,0.921955,100,92.1955
2015-11-04,KGS,0.923124,100,92.3124
2015-11-06,KGS,0.912165,100,91.2165
2015-11-07,KGS,0.916371,100,91.6371
2015-11-10,KGS,0.930569,100,93.0569
2015-11-11,KGS,0.926886,100,92.6886
2015-11-12,KGS,0.9297239999999999,100,92.9724
2015-11-13,KGS,0.942735,100,94.2735
2015-11-14,KGS,0.9601479999999999,100,96.0148
2015-11-17,KGS,0.957371,100,95.7371
2015-11-18,KGS,0.943378,100,94.3378
2015-11-19,KGS,0.935767,100,93.5767
2015-11-20,KGS,0.9378310000000001,100,93.7831
2015-11-21,KGS,0.9373210000000001,100,93.7321
2015-11-24,KGS,0.903109,100,90.3109
2015-11-25,KGS,0.903846,100,90.3846
2015-11-26,KGS,0.8980899999999999,100,89.809
2015-11-27,KGS,0.8991589999999999,100,89.9159
2015-11-28,KGS,0.906767,100,90.6767
2015-12-01,KGS,0.9138299999999999,100,91.383
2015-12-02,KGS,0.907401,100,90.7401
2015-12-03,KGS,0.911565,100,91.1565
2015-12-04,KGS,0.925618,100,92.5618
2015-12-05,KGS,0.9244509999999999,100,92.4451
2015-12-08,KGS,0.9362609999999999,100,93.6261
2015-12-09,KGS,0.9474039999999999,100,94.7404
2015-12-10,KGS,0.9462600000000001,100,94.626
2015-12-11,KGS,0.946596,100,94.6596
2015-12-12,KGS,0.9117730000000001,100,91.1773
2015-12-15,KGS,0.9238230000000001,100,92.3823
2015-12-16,KGS,0.919864,100,91.9864
2015-12-17,KGS,0.9143009999999999,100,91.4301
2015-12-18,KGS,0.917227,100,91.7227
2015-12-19,KGS,0.9270959999999999,100,92.7096
2015-12-22,KGS,0.926597,100,92.6597
2015-12-23,KGS,0.925092,100,92.5092
2015-12-24,KGS,0.92277,100,92.277
2015-12-25,KGS,0.9045740000000001,100,90.4574
2015-12-26,KGS,0.914366,100,91.4366
2015-12-29,KGS,0.9211,100,92.11
2015-12-30,KGS,0.943482,100,94.3482
2015-12-31,KGS,0.948376,100,94.8376
2016-01-01,KGS,0.949237,100,94.9237
2016-01-12,KGS,0.9997459999999999,100,99.9746
2016-01-13,KGS,1.00981,10,10.0981
2016-01-14,KGS,1.00697,10,10.0697
2016-01-15,KGS,1.00823,10,10.0823
2016-01-16,KGS,1.00905,10,10.0905
2016-01-19,KGS,1.0348000000000002,10,10.348
2016-01-20,KGS,1.03444,10,10.3444
2016-01-21,KGS,1.04709,10,10.4709
2016-01-22,KGS,1.10162,10,11.0162
2016-01-23,KGS,1.06188,10,10.6188
2016-01-26,KGS,1.0245799999999998,10,10.2458
2016-01-27,KGS,1.07833,10,10.7833
2016-01-28,KGS,1.041,10,10.41
2016-01-29,KGS,1.01954,10,10.1954
2016-01-30,KGS,0.990543,100,99.0543
2016-02-02,KGS,1.00387,10,10.0387
2016-02-03,KGS,1.03095,10,10.3095
2016-02-04,KGS,1.0466,10,10.466
2016-02-05,KGS,1.0132999999999999,10,10.133
2016-02-06,KGS,1.0264,10,10.264
2016-02-09,KGS,1.0180099999999999,10,10.1801
2016-02-10,KGS,1.0421099999999999,10,10.4211
2016-02-11,KGS,1.04727,10,10.4727
2016-02-12,KGS,1.04891,10,10.4891
2016-02-13,KGS,1.05373,10,10.5373
2016-02-16,KGS,1.02998,10,10.2998
2016-02-17,KGS,1.00967,10,10.0967
2016-02-18,KGS,1.03106,10,10.3106
2016-02-19,KGS,1.00143,10,10.0143
2016-02-20,KGS,1.01348,10,10.1348
2016-02-21,KGS,1.02366,10,10.2366
2016-02-25,KGS,1.01588,10,10.1588
2016-02-26,KGS,1.0169000000000001,10,10.169
2016-02-27,KGS,0.999571,100,99.9571
2016-03-01,KGS,1.01036,10,10.1036
2016-03-02,KGS,0.98673,100,98.673
2016-03-03,KGS,0.98104,100,98.104
2016-03-04,KGS,0.9837,100,98.37
2016-03-05,KGS,0.975194,100,97.5194
2016-03-10,KGS,0.964455,100,96.4455
2016-03-11,KGS,0.947462,100,94.7462
2016-03-12,KGS,0.968424,100,96.8424
2016-03-15,KGS,0.963789,100,96.3789
2016-03-16,KGS,0.969233,100,96.9233
2016-03-17,KGS,0.976297,100,97.6297
2016-03-18,KGS,0.950069,100,95.0069
2016-03-19,KGS,0.9492820000000001,100,94.9282
2016-03-22,KGS,0.952935,100,95.2935
2016-03-23,KGS,0.940522,100,94.0522
2016-03-24,KGS,0.940176,100,94.0176
2016-03-25,KGS,0.956145,100,95.6145
2016-03-26,KGS,0.949261,100,94.9261
2016-03-29,KGS,0.940197,100,94.0197
2016-03-30,KGS,0.9538030000000001,100,95.3803
2016-03-31,KGS,0.9380240000000001,100,93.8024
2016-04-01,KGS,0.943678,100,94.3678
2016-04-02,KGS,0.9591679999999999,100,95.9168
2016-04-05,KGS,0.979117,100,97.9117
2016-04-06,KGS,0.98232,100,98.232
2016-04-07,KGS,0.977482,100,97.7482
2016-04-08,KGS,0.9688370000000001,100,96.8837
2016-04-09,KGS,0.9620780000000001,100,96.2078
2016-04-12,KGS,0.957219,100,95.7219
2016-04-13,KGS,0.946307,100,94.6307
2016-04-14,KGS,0.938177,100,93.8177
2016-04-15,KGS,0.9485790000000001,100,94.8579
2016-04-16,KGS,0.942426,100,94.2426
2016-04-19,KGS,0.974346,100,97.4346
2016-04-20,KGS,0.9371510000000001,100,93.7151
2016-04-21,KGS,0.96062,100,96.062
2016-04-22,KGS,0.9496429999999999,100,94.9643
2016-04-23,KGS,0.967655,100,96.7655
2016-04-26,KGS,0.9715229999999999,100,97.1523
2016-04-27,KGS,0.970159,100,97.0159
2016-04-28,KGS,0.950573,100,95.0573
2016-04-29,KGS,0.9561419999999999,100,95.6142
2016-04-30,KGS,0.945107,100,94.5107
2016-05-05,KGS,0.9728289999999999,100,97.2829
2016-05-06,KGS,0.968997,100,96.8997
2016-05-07,KGS,0.973853,100,97.3853
2016-05-11,KGS,0.976412,100,97.6412
2016-05-12,KGS,0.975594,100,97.5594
2016-05-13,KGS,0.945639,100,94.5639
2016-05-14,KGS,0.94321,100,94.321
2016-05-17,KGS,0.943161,100,94.3161
2016-05-18,KGS,0.937701,100,93.7701
2016-05-19,KGS,0.946112,100,94.6112
2016-05-20,KGS,0.968935,100,96.8935
2016-05-21,KGS,0.972687,100,97.2687
2016-05-24,KGS,0.980353,100,98.0353
2016-05-25,KGS,0.9846550000000001,100,98.4655
2016-05-26,KGS,0.965578,100,96.5578
2016-05-27,KGS,0.953792,100,95.3792
2016-05-28,KGS,0.966682,100,96.6682
2016-05-31,KGS,0.9651730000000001,100,96.5173
2016-06-01,KGS,0.9662890000000001,100,96.6289
2016-06-02,KGS,0.975372,100,97.5372
2016-06-03,KGS,0.977293,100,97.7293
2016-06-04,KGS,0.977752,100,97.7752
2016-06-07,KGS,0.960093,100,96.0093
2016-06-08,KGS,0.953636,100,95.3636
2016-06-09,KGS,0.9440909999999999,100,94.4091
2016-06-10,KGS,0.93553,100,93.553
2016-06-11,KGS,0.951422,100,95.1422
2016-06-15,KGS,0.9724550000000001,100,97.2455
2016-06-16,KGS,0.970762,100,97.0762
2016-06-17,KGS,0.970681,100,97.0681
2016-06-18,KGS,0.966186,100,96.6186
2016-06-21,KGS,0.947296,100,94.7296
2016-06-22,KGS,0.948122,100,94.8122
2016-06-23,KGS,0.942547,100,94.2547
2016-06-24,KGS,0.9531109999999999,100,95.3111
2016-06-25,KGS,0.972432,100,97.2432
2016-06-28,KGS,0.964549,100,96.4549
2016-06-29,KGS,0.9615739999999999,100,96.1574
2016-06-30,KGS,0.952739,100,95.2739
2016-07-01,KGS,0.9509449999999999,100,95.0945
2016-07-02,KGS,0.9488800000000001,100,94.888
2016-07-05,KGS,0.941868,100,94.1868
2016-07-06,KGS,0.9535250000000001,100,95.3525
2016-07-07,KGS,0.9567789999999999,100,95.6779
2016-07-08,KGS,0.9503109999999999,100,95.0311
2016-07-09,KGS,0.9559409999999999,100,95.5941
2016-07-12,KGS,0.9553929999999999,100,95.5393
2016-07-13,KGS,0.9495229999999999,100,94.9523
2016-07-14,KGS,0.9487000000000001,100,94.87
2016-07-15,KGS,0.945385,100,94.5385
2016-07-16,KGS,0.9392870000000001,100,93.9287
2016-07-19,KGS,0.936396,100,93.6396
2016-07-20,KGS,0.9370829999999999,100,93.7083
2016-07-21,KGS,0.9446330000000001,100,94.4633
2016-07-22,KGS,0.949897,100,94.9897
2016-07-23,KGS,0.9632970000000001,100,96.3297
2016-07-26,KGS,0.965487,100,96.5487
2016-07-27,KGS,0.979258,100,97.9258
2016-07-28,KGS,0.982047,100,98.2047
2016-07-29,KGS,0.984516,100,98.4516
2016-07-30,KGS,0.9922150000000001,100,99.2215
2016-08-02,KGS,0.9814780000000001,100,98.1478
2016-08-03,KGS,0.995558,100,99.5558
2016-08-04,KGS,0.993628,100,99.3628
2016-08-05,KGS,0.988743,100,98.8743
2016-08-06,KGS,0.956956,100,95.6956
2016-08-09,KGS,0.9478369999999999,100,94.7837
2016-08-10,KGS,0.943353,100,94.3353
2016-08-11,KGS,0.94309,100,94.309
2016-08-12,KGS,0.9444880000000001,100,94.4488
2016-08-13,KGS,0.934444,100,93.4444
2016-08-16,KGS,0.930552,100,93.0552
2016-08-17,KGS,0.929721,100,92.9721
2016-08-18,KGS,0.930757,100,93.0757
2016-08-19,KGS,0.924712,100,92.4712
2016-08-20,KGS,0.928369,100,92.8369
2016-08-23,KGS,0.939741,100,93.9741
2016-08-24,KGS,0.948193,100,94.8193
2016-08-25,KGS,0.9474859999999999,100,94.7486
2016-08-26,KGS,0.946249,100,94.6249
2016-08-27,KGS,0.94305,100,94.305
2016-08-30,KGS,0.945258,100,94.5258
2016-08-31,KGS,0.9430620000000001,100,94.3062
2016-09-01,KGS,0.947089,100,94.7089
2016-09-02,KGS,0.945063,100,94.5063
2016-09-03,KGS,0.955972,100,95.5972
2016-09-06,KGS,0.937935,100,93.7935
2016-09-07,KGS,0.938554,100,93.8554
2016-09-08,KGS,0.932291,100,93.2291
2016-09-09,KGS,0.925672,100,92.5672
2016-09-10,KGS,0.9288299999999999,100,92.883
2016-09-13,KGS,0.939746,100,93.9746
2016-09-14,KGS,0.940642,100,94.0642
2016-09-15,KGS,0.942299,100,94.2299
2016-09-16,KGS,0.949301,100,94.9301
2016-09-17,KGS,0.948096,100,94.8096
2016-09-20,KGS,0.9449110000000001,100,94.4911
2016-09-21,KGS,0.9438970000000001,100,94.3897
2016-09-22,KGS,0.9366410000000001,100,93.6641
2016-09-23,KGS,0.927651,100,92.7651
2016-09-24,KGS,0.929204,100,92.9204
2016-09-27,KGS,0.931474,100,93.1474
2016-09-28,KGS,0.9307470000000001,100,93.0747
2016-09-29,KGS,0.934272,100,93.4272
2016-09-30,KGS,0.926743,100,92.6743
2016-10-01,KGS,0.9331919999999999,100,93.3192
2016-10-04,KGS,0.913772,100,91.3772
2016-10-05,KGS,0.917785,100,91.7785
2016-10-06,KGS,0.917156,100,91.7156
2016-10-07,KGS,0.9154810000000001,100,91.5481
2016-10-08,KGS,0.9121980000000001,100,91.2198
2016-10-11,KGS,0.912778,100,91.2778
2016-10-12,KGS,0.908614,100,90.8614
2016-10-13,KGS,0.914265,100,91.4265
2016-10-14,KGS,0.9264570000000001,100,92.6457
2016-10-15,KGS,0.920216,100,92.0216
2016-10-18,KGS,0.923598,100,92.3598
2016-10-19,KGS,0.91956,100,91.956
2016-10-20,KGS,0.9155989999999999,100,91.5599
2016-10-21,KGS,0.914317,100,91.4317
2016-10-22,KGS,0.91636,100,91.636
2016-10-25,KGS,0.9121339999999999,100,91.2134
2016-10-26,KGS,0.9107129999999999,100,91.0713
2016-10-27,KGS,0.9116249999999999,100,91.1625
2016-10-28,KGS,0.9226479999999999,100,92.2648
2016-10-29,KGS,0.9181010000000001,100,91.8101
2016-11-01,KGS,0.920865,100,92.0865
2016-11-02,KGS,0.920265,100,92.0265
2016-11-03,KGS,0.922423,100,92.2423
2016-11-04,KGS,0.9237000000000001,100,92.37
2016-11-08,KGS,0.928752,100,92.8752
2016-11-09,KGS,0.927075,100,92.7075
2016-11-10,KGS,0.930026,100,93.0026
2016-11-11,KGS,0.9207420000000001,100,92.0742
2016-11-12,KGS,0.947533,100,94.7533
2016-11-15,KGS,0.954895,100,95.4895
2016-11-16,KGS,0.9510339999999999,100,95.1034
2016-11-17,KGS,0.9336180000000001,100,93.3618
2016-11-18,KGS,0.938084,100,93.8084
2016-11-19,KGS,0.9407850000000001,100,94.0785
2016-11-22,KGS,0.930029,100,93.0029
2016-11-23,KGS,0.919616,100,91.9616
2016-11-24,KGS,0.9275279999999999,100,92.7528
2016-11-25,KGS,0.935898,100,93.5898
2016-11-26,KGS,0.934453,100,93.4453
2016-11-29,KGS,0.938082,100,93.8082
2016-11-30,KGS,0.939155,100,93.9155
2016-12-01,KGS,0.9433419999999999,100,94.3342
2016-12-02,KGS,0.920825,100,92.0825
2016-12-03,KGS,0.9282009999999999,100,92.8201
2016-12-06,KGS,0.9240269999999999,100,92.4027
2016-12-07,KGS,0.925376,100,92.5376
2016-12-08,KGS,0.924028,100,92.4028
2016-12-09,KGS,0.9145220000000001,100,91.4522
2016-12-10,KGS,0.913724,100,91.3724
2016-12-13,KGS,0.8905339999999999,100,89.0534
2016-12-14,KGS,0.882013,100,88.2013
2016-12-15,KGS,0.878898,100,87.8898
2016-12-16,KGS,0.890062,100,89.0062
2016-12-17,KGS,0.8919840000000001,100,89.1984
2016-12-20,KGS,0.893222,100,89.3222
2016-12-21,KGS,0.8914369999999999,100,89.1437
2016-12-22,KGS,0.8840389999999999,100,88.4039
2016-12-23,KGS,0.876896,100,87.6896
2016-12-24,KGS,0.876618,100,87.6618
2016-12-27,KGS,0.8755299999999999,100,87.553
2016-12-28,KGS,0.876688,100,87.6688
2016-12-29,KGS,0.873978,100,87.3978
2016-12-30,KGS,0.868283,100,86.8283
2016-12-31,KGS,0.874012,100,87.4012
2017-01-10,KGS,0.8633669999999999,100,86.3367
2017-01-11,KGS,0.865309,100,86.5309
2017-01-12,KGS,0.8658480000000001,100,86.5848
2017-01-13,KGS,0.8562179999999999,100,85.6218
2017-01-14,KGS,0.854302,100,85.4302
2017-01-17,KGS,0.857959,100,85.7959
2017-01-18,KGS,0.8540829999999999,100,85.4083
2017-01-19,KGS,0.851554,100,85.1554
2017-01-20,KGS,0.8539990000000001,100,85.3999
2017-01-21,KGS,0.858582,100,85.8582
2017-01-24,KGS,0.854382,100,85.4382
2017-01-25,KGS,0.85206,100,85.206
2017-01-26,KGS,0.85122,100,85.122
2017-01-27,KGS,0.860543,100,86.0543
2017-01-28,KGS,0.868861,100,86.8861
2017-01-31,KGS,0.8706480000000001,100,87.0648
2017-02-01,KGS,0.869113,100,86.9113
2017-02-02,KGS,0.872641,100,87.2641
2017-02-03,KGS,0.8669870000000001,100,86.6987
2017-02-04,KGS,0.8557380000000001,100,85.5738
2017-02-07,KGS,0.8452339999999999,100,84.5234
2017-02-08,KGS,0.852596,100,85.2596
2017-02-09,KGS,0.857535,100,85.7535
2017-02-10,KGS,0.8501479999999999,100,85.0148
2017-02-11,KGS,0.8473529999999999,100,84.7353
2017-02-14,KGS,0.834295,100,83.4295
2017-02-15,KGS,0.831669,100,83.1669
2017-02-16,KGS,0.8189709999999999,100,81.8971
2017-02-17,KGS,0.826116,100,82.6116
2017-02-18,KGS,0.833998,100,83.3998
2017-02-21,KGS,0.838875,100,83.8875
2017-02-22,KGS,0.837273,100,83.7273
2017-02-23,KGS,0.8317289999999999,100,83.1729
2017-02-28,KGS,0.836552,100,83.6552
2017-03-01,KGS,0.836982,100,83.6982
2017-03-02,KGS,0.843892,100,84.3892
2017-03-03,KGS,0.844074,100,84.4074
2017-03-04,KGS,0.85124,100,85.124
2017-03-07,KGS,0.841151,100,84.1151
2017-03-08,KGS,0.8414010000000001,100,84.1401
2017-03-10,KGS,0.8484539999999999,100,84.8454
2017-03-11,KGS,0.85613,100,85.613
2017-03-14,KGS,0.8530639999999999,100,85.3064
2017-03-15,KGS,0.851375,100,85.1375
2017-03-16,KGS,0.853475,100,85.3475
2017-03-17,KGS,0.8407340000000001,100,84.0734
2017-03-18,KGS,0.835843,100,83.5843
2017-03-21,KGS,0.8246899999999999,100,82.469
2017-03-22,KGS,0.823961,100,82.3961
2017-03-23,KGS,0.8332510000000001,100,83.3251
2017-03-24,KGS,0.831768,100,83.1768
2017-03-25,KGS,0.828556,100,82.8556
2017-03-28,KGS,0.828827,100,82.8827
2017-03-29,KGS,0.827564,100,82.7564
2017-03-30,KGS,0.830461,100,83.0461
2017-03-31,KGS,0.8220149999999999,100,82.2015
2017-04-01,KGS,0.8156699999999999,100,81.567
2017-04-04,KGS,0.816502,100,81.6502
2017-04-05,KGS,0.8225629999999999,100,82.2563
2017-04-06,KGS,0.815389,100,81.5389
2017-04-07,KGS,0.82364,100,82.364
2017-04-08,KGS,0.831545,100,83.1545
2017-04-11,KGS,0.83811,100,83.811
2017-04-12,KGS,0.8317659999999999,100,83.1766
2017-04-13,KGS,0.829025,100,82.9025
2017-04-14,KGS,0.827513,100,82.7513
2017-04-15,KGS,0.824828,100,82.4828
2017-04-18,KGS,0.8217749999999999,100,82.1775
2017-04-19,KGS,0.819752,100,81.9752
2017-04-20,KGS,0.82758,100,82.758
2017-04-21,KGS,0.832096,100,83.2096
2017-04-22,KGS,0.835213,100,83.5213
2017-04-25,KGS,0.839198,100,83.9198
2017-04-26,KGS,0.8316549999999999,100,83.1655
2017-04-27,KGS,0.83875,100,83.875
2017-04-28,KGS,0.848626,100,84.8626
2017-04-29,KGS,0.847437,100,84.7437
2017-05-03,KGS,0.840121,100,84.0121
2017-05-04,KGS,0.84307,100,84.307
2017-05-05,KGS,0.852278,100,85.2278
2017-05-06,KGS,0.864671,100,86.4671
2017-05-11,KGS,0.858699,100,85.8699
2017-05-12,KGS,0.840561,100,84.0561
2017-05-13,KGS,0.843749,100,84.3749
2017-05-16,KGS,0.833714,100,83.3714
2017-05-17,KGS,0.8301649999999999,100,83.0165
2017-05-18,KGS,0.8368479999999999,100,83.6848
2017-05-19,KGS,0.84724,100,84.724
2017-05-20,KGS,0.843071,100,84.3071
2017-05-23,KGS,0.833685,100,83.3685
2017-05-24,KGS,0.832919,100,83.2919
2017-05-25,KGS,0.828904,100,82.8904
2017-05-26,KGS,0.825167,100,82.5167
2017-05-27,KGS,0.8349540000000001,100,83.4954
2017-05-30,KGS,0.833612,100,83.3612
2017-05-31,KGS,0.830275,100,83.0275
2017-06-01,KGS,0.832417,100,83.2417
2017-06-02,KGS,0.8296009999999999,100,82.9601
2017-06-03,KGS,0.831196,100,83.1196
2017-06-06,KGS,0.830135,100,83.0135
2017-06-07,KGS,0.831007,100,83.1007
2017-06-08,KGS,0.8297329999999999,100,82.9733
2017-06-09,KGS,0.8355670000000001,100,83.5567
2017-06-10,KGS,0.836052,100,83.6052
2017-06-14,KGS,0.831404,100,83.1404
2017-06-15,KGS,0.833167,100,83.3167
2017-06-16,KGS,0.8392069999999999,100,83.9207
2017-06-17,KGS,0.843794,100,84.3794
2017-06-20,KGS,0.84648,100,84.648
2017-06-21,KGS,0.854538,100,85.4538
2017-06-22,KGS,0.8733620000000001,100,87.3362
2017-06-23,KGS,0.8756470000000001,100,87.5647
2017-06-24,KGS,0.8659659999999999,100,86.5966
2017-06-27,KGS,0.8560850000000001,100,85.6085
2017-06-28,KGS,0.8545099999999999,100,85.451
2017-06-29,KGS,0.864173,100,86.4173
2017-06-30,KGS,0.856063,100,85.6063
2017-07-01,KGS,0.8583310000000001,100,85.8331
2017-07-04,KGS,0.850317,100,85.0317
2017-07-05,KGS,0.854683,100,85.4683
2017-07-06,KGS,0.859722,100,85.9722
2017-07-07,KGS,0.869302,100,86.9302
2017-07-08,KGS,0.8712730000000001,100,87.1273
2017-07-11,KGS,0.87015,100,87.015
2017-07-12,KGS,0.876601,100,87.6601
2017-07-13,KGS,0.875165,100,87.5165
2017-07-14,KGS,0.8690770000000001,100,86.9077
2017-07-15,KGS,0.8648269999999999,100,86.4827
2017-07-18,KGS,0.853181,100,85.3181
2017-07-19,KGS,0.857732,100,85.7732
2017-07-20,KGS,0.855885,100,85.5885
2017-07-21,KGS,0.853667,100,85.3667
2017-07-22,KGS,0.851515,100,85.1515
2017-07-25,KGS,0.862011,100,86.2011
2017-07-26,KGS,0.864367,100,86.4367
2017-07-27,KGS,0.865754,100,86.5754
2017-07-28,KGS,0.858777,100,85.8777
2017-07-29,KGS,0.86083,100,86.083
2017-08-01,KGS,0.868594,100,86.8594
2017-08-02,KGS,0.8654430000000001,100,86.5443
2017-08-03,KGS,0.8760939999999999,100,87.6094
2017-08-04,KGS,0.878783,100,87.8783
2017-08-05,KGS,0.872676,100,87.2676
2017-08-08,KGS,0.868931,100,86.8931
2017-08-09,KGS,0.868142,100,86.8142
2017-08-10,KGS,0.867116,100,86.7116
2017-08-11,KGS,0.866664,100,86.6664
2017-08-12,KGS,0.870639,100,87.0639
2017-08-15,KGS,0.8651479999999999,100,86.5148
2017-08-16,KGS,0.867119,100,86.7119
2017-08-17,KGS,0.863397,100,86.3397
2017-08-18,KGS,0.857687,100,85.7687
2017-08-19,KGS,0.8599330000000001,100,85.9933
2017-08-22,KGS,0.856866,100,85.6866
2017-08-23,KGS,0.855522,100,85.5522
2017-08-24,KGS,0.8569119999999999,100,85.6912
2017-08-25,KGS,0.85706,100,85.706
2017-08-26,KGS,0.857212,100,85.7212
2017-08-29,KGS,0.848506,100,84.8506
2017-08-30,KGS,0.84829,100,84.829
2017-08-31,KGS,0.8511679999999999,100,85.1168
2017-09-01,KGS,0.8486069999999999,100,84.8607
2017-09-02,KGS,0.841631,100,84.1631
2017-09-05,KGS,0.837659,100,83.7659
2017-09-06,KGS,0.8386530000000001,100,83.8653
2017-09-07,KGS,0.831357,100,83.1357
2017-09-08,KGS,0.828732,100,82.8732
2017-09-09,KGS,0.8269970000000001,100,82.6997
2017-09-12,KGS,0.829504,100,82.9504
2017-09-13,KGS,0.8311409999999999,100,83.1141
2017-09-14,KGS,0.837101,100,83.7101
2017-09-15,KGS,0.838592,100,83.8592
2017-09-16,KGS,0.835394,100,83.5394
2017-09-19,KGS,0.8369530000000001,100,83.6953
2017-09-20,KGS,0.844221,100,84.4221
2017-09-21,KGS,0.844898,100,84.4898
2017-09-22,KGS,0.846528,100,84.6528
2017-09-23,KGS,0.8383410000000001,100,83.8341
2017-09-26,KGS,0.837324,100,83.7324
2017-09-27,KGS,0.835419,100,83.5419
2017-09-28,KGS,0.8468640000000001,100,84.6864
2017-09-29,KGS,0.850444,100,85.0444
2017-09-30,KGS,0.8440049999999999,100,84.4005
2017-10-03,KGS,0.841167,100,84.1167
2017-10-04,KGS,0.8429730000000001,100,84.2973
2017-10-05,KGS,0.84085,100,84.085
2017-10-06,KGS,0.8381529999999999,100,83.8153
2017-10-07,KGS,0.840799,100,84.0799
2017-10-10,KGS,0.848877,100,84.8877
2017-10-11,KGS,0.8489960000000001,100,84.8996
2017-10-12,KGS,0.846303,100,84.6303
2017-10-13,KGS,0.842907,100,84.2907
2017-10-14,KGS,0.8419490000000001,100,84.1949
2017-10-17,KGS,0.834177,100,83.4177
2017-10-18,KGS,0.835848,100,83.5848
2017-10-19,KGS,0.834262,100,83.4262
2017-10-20,KGS,0.8386100000000001,100,83.861
2017-10-21,KGS,0.8389759999999999,100,83.8976
2017-10-24,KGS,0.839109,100,83.9109
2017-10-25,KGS,0.841028,100,84.1028
2017-10-26,KGS,0.84108,100,84.108
2017-10-27,KGS,0.842291,100,84.2291
2017-10-28,KGS,0.845832,100,84.5832
2017-10-31,KGS,0.843093,100,84.3093
2017-11-01,KGS,0.845167,100,84.5167
2017-11-02,KGS,0.8434470000000001,100,84.3447
2017-11-03,KGS,0.8406210000000001,100,84.0621
2017-11-04,KGS,0.851743,100,85.1743
2017-11-08,KGS,0.843638,100,84.3638
2017-11-09,KGS,0.8518760000000001,100,85.1876
2017-11-10,KGS,0.851332,100,85.1332
2017-11-11,KGS,0.8503919999999999,100,85.0392
2017-11-14,KGS,0.848613,100,84.8613
2017-11-15,KGS,0.8550220000000001,100,85.5022
2017-11-16,KGS,0.864033,100,86.4033
2017-11-17,KGS,0.860316,100,86.0316
2017-11-18,KGS,0.8551909999999999,100,85.5191
2017-11-21,KGS,0.8503029999999999,100,85.0303
2017-11-22,KGS,0.85309,100,85.309
2017-11-23,KGS,0.846597,100,84.6597
2017-11-24,KGS,0.8387690000000001,100,83.8769
2017-11-25,KGS,0.839194,100,83.9194
2017-11-28,KGS,0.836716,100,83.6716
2017-11-29,KGS,0.838056,100,83.8056
2017-11-30,KGS,0.836888,100,83.6888
2017-12-01,KGS,0.840479,100,84.0479
2017-12-02,KGS,0.839572,100,83.9572
2017-12-05,KGS,0.846661,100,84.6661
2017-12-06,KGS,0.841468,100,84.1468
2017-12-07,KGS,0.844847,100,84.4847
2017-12-08,KGS,0.8492770000000001,100,84.9277
2017-12-09,KGS,0.850518,100,85.0518
2017-12-12,KGS,0.849854,100,84.9854
2017-12-13,KGS,0.843541,100,84.3541
2017-12-14,KGS,0.847951,100,84.7951
2017-12-15,KGS,0.842298,100,84.2298
2017-12-16,KGS,0.844426,100,84.4426
2017-12-19,KGS,0.842397,100,84.2397
2017-12-20,KGS,0.8421219999999999,100,84.2122
2017-12-21,KGS,0.845457,100,84.5457
2017-12-22,KGS,0.843798,100,84.3798
2017-12-23,KGS,0.8396720000000001,100,83.9672
2017-12-26,KGS,0.838601,100,83.8601
2017-12-27,KGS,0.8307089999999999,100,83.0709
2017-12-28,KGS,0.830566,100,83.0566
2017-12-29,KGS,0.83063,100,83.063
2017-12-30,KGS,0.834786,100,83.4786
2018-01-10,KGS,0.824965,100,82.4965
2018-01-11,KGS,0.822464,100,82.2464
2018-01-12,KGS,0.823756,100,82.3756
2018-01-13,KGS,0.815296,100,81.5296
2018-01-16,KGS,0.812176,100,81.2176
2018-01-17,KGS,0.812153,100,81.2153
2018-01-18,KGS,0.814867,100,81.4867
2018-01-19,KGS,0.817863,100,81.7863
2018-01-20,KGS,0.818354,100,81.8354
2018-01-23,KGS,0.821859,100,82.1859
2018-01-24,KGS,0.821128,100,82.1128
2018-01-25,KGS,0.8243980000000001,100,82.4398
2018-01-26,KGS,0.816717,100,81.6717
2018-01-27,KGS,0.817166,100,81.7166
2018-01-30,KGS,0.824774,100,82.4774
2018-01-31,KGS,0.822974,100,82.2974
2018-02-01,KGS,0.820804,100,82.0804
2018-02-02,KGS,0.8219329999999999,100,82.1933
2018-02-03,KGS,0.818114,100,81.8114
2018-02-06,KGS,0.82608,100,82.608
2018-02-07,KGS,0.835323,100,83.5323
2018-02-08,KGS,0.832103,100,83.2103
2018-02-09,KGS,0.839194,100,83.9194
2018-02-10,KGS,0.846825,100,84.6825
2018-02-13,KGS,0.8451139999999999,100,84.5114
2018-02-14,KGS,0.84521,100,84.521
2018-02-15,KGS,0.845046,100,84.5046
2018-02-16,KGS,0.830401,100,83.0401
2018-02-17,KGS,0.8276,100,82.76
2018-02-20,KGS,0.826155,100,82.6155
2018-02-21,KGS,0.8308719999999999,100,83.0872
2018-02-22,KGS,0.832836,100,83.2836
2018-02-23,KGS,0.83435,100,83.435
2018-02-27,KGS,0.821157,100,82.1157
2018-02-28,KGS,0.8168989999999999,100,81.6899
2018-03-01,KGS,0.8272079999999999,100,82.7208
2018-03-02,KGS,0.828684,100,82.8684
2018-03-03,KGS,0.832341,100,83.2341
2018-03-06,KGS,0.8393970000000001,100,83.9397
2018-03-07,KGS,0.8300270000000001,100,83.0027
2018-03-08,KGS,0.835986,100,83.5986
2018-03-13,KGS,0.8294830000000001,100,82.9483
2018-03-14,KGS,0.8348369999999999,100,83.4837
2018-03-15,KGS,0.834856,100,83.4856
2018-03-16,KGS,0.835134,100,83.5134
2018-03-17,KGS,0.841173,100,84.1173
2018-03-20,KGS,0.8432540000000001,100,84.3254
2018-03-21,KGS,0.84516,100,84.516
2018-03-22,KGS,0.8418340000000001,100,84.1834
2018-03-23,KGS,0.832234,100,83.2234
2018-03-24,KGS,0.837103,100,83.7103
2018-03-27,KGS,0.837062,100,83.7062
2018-03-28,KGS,0.838585,100,83.8585
2018-03-29,KGS,0.8427500000000001,100,84.275
2018-03-30,KGS,0.8434959999999999,100,84.3496
2018-03-31,KGS,0.835685,100,83.5685
2018-04-03,KGS,0.8387260000000001,100,83.8726
2018-04-04,KGS,0.840577,100,84.0577
2018-04-05,KGS,0.843895,100,84.3895
2018-04-06,KGS,0.840578,100,84.0578
2018-04-07,KGS,0.844897,100,84.4897
2018-04-10,KGS,0.8550570000000001,100,85.5057
2018-04-11,KGS,0.9058809999999999,100,90.5881
2018-04-12,KGS,0.928107,100,92.8107
2018-04-13,KGS,0.896258,100,89.6258
2018-04-14,KGS,0.8941939999999999,100,89.4194
2018-04-17,KGS,0.9039100000000001,100,90.391
2018-04-18,KGS,0.888741,100,88.8741
2018-04-19,KGS,0.895004,100,89.5004
2018-04-20,KGS,0.887471,100,88.7471
2018-04-21,KGS,0.894562,100,89.4562
2018-04-24,KGS,0.902345,100,90.2345
2018-04-25,KGS,0.90021,100,90.021
2018-04-26,KGS,0.900137,100,90.0137
2018-04-27,KGS,0.910585,100,91.0585
2018-04-28,KGS,0.911053,100,91.1053
2018-04-29,KGS,0.899354,100,89.9354
2018-05-04,KGS,0.9207540000000001,100,92.0754
2018-05-05,KGS,0.9172889999999999,100,91.7289
2018-05-08,KGS,0.9102290000000001,100,91.0229
2018-05-09,KGS,0.9144639999999999,100,91.4464
2018-05-11,KGS,0.9090269999999999,100,90.9027
2018-05-12,KGS,0.901247,100,90.1247
2018-05-15,KGS,0.901399,100,90.1399
2018-05-16,KGS,0.9046810000000001,100,90.4681
2018-05-17,KGS,0.9095369999999999,100,90.9537
2018-05-18,KGS,0.902174,100,90.2174
2018-05-19,KGS,0.904245,100,90.4245
2018-05-22,KGS,0.913553,100,91.3553
2018-05-23,KGS,0.894321,100,89.4321
2018-05-24,KGS,0.9018229999999999,100,90.1823
2018-05-25,KGS,0.8997660000000001,100,89.9766
2018-05-26,KGS,0.904192,100,90.4192
2018-05-29,KGS,0.910728,100,91.0728
2018-05-30,KGS,0.91716,100,91.716
2018-05-31,KGS,0.9137770000000001,100,91.3777
2018-06-01,KGS,0.906045,100,90.6045
2018-06-02,KGS,0.908774,100,90.8774
2018-06-05,KGS,0.9053950000000001,100,90.5395
2018-06-06,KGS,0.9058410000000001,100,90.5841
2018-06-07,KGS,0.906526,100,90.6526
2018-06-08,KGS,0.904683,100,90.4683
2018-06-09,KGS,0.916199,100,91.6199
2018-06-10,KGS,0.9117149999999999,100,91.1715
2018-06-14,KGS,0.924105,100,92.4105
2018-06-15,KGS,0.91077,100,91.077
2018-06-16,KGS,0.917791,100,91.7791
2018-06-19,KGS,0.929485,100,92.9485
2018-06-20,KGS,0.9383859999999999,100,93.8386
2018-06-21,KGS,0.930761,100,93.0761
2018-06-22,KGS,0.933518,100,93.3518
2018-06-23,KGS,0.9269270000000001,100,92.6927
2018-06-26,KGS,0.9233549999999999,100,92.3355
2018-06-27,KGS,0.922038,100,92.2038
2018-06-28,KGS,0.926426,100,92.6426
2018-06-29,KGS,0.9280889999999999,100,92.8089
2018-06-30,KGS,0.9208580000000001,100,92.0858
2018-07-03,KGS,0.926477,100,92.6477
2018-07-04,KGS,0.927651,100,92.7651
2018-07-05,KGS,0.9274859999999999,100,92.7486
2018-07-06,KGS,0.92798,100,92.798
2018-07-07,KGS,0.923843,100,92.3843
2018-07-10,KGS,0.919995,100,91.9995
2018-07-11,KGS,0.914799,100,91.4799
2018-07-12,KGS,0.909195,100,90.9195
2018-07-13,KGS,0.910446,100,91.0446
2018-07-14,KGS,0.911722,100,91.1722
2018-07-17,KGS,0.91217,100,91.217
2018-07-18,KGS,0.915808,100,91.5808
2018-07-19,KGS,0.922499,100,92.2499
2018-07-20,KGS,0.927984,100,92.7984
2018-07-21,KGS,0.931194,100,93.1194
2018-07-24,KGS,0.926623,100,92.6623
2018-07-25,KGS,0.924326,100,92.4326
2018-07-26,KGS,0.927018,100,92.7018
2018-07-27,KGS,0.9243330000000001,100,92.4333
2018-07-28,KGS,0.924029,100,92.4029
2018-07-31,KGS,0.921211,100,92.1211
2018-08-01,KGS,0.9148890000000001,100,91.4889
2018-08-02,KGS,0.9172870000000001,100,91.7287
2018-08-03,KGS,0.925745,100,92.5745
2018-08-04,KGS,0.930424,100,93.0424
2018-08-07,KGS,0.930639,100,93.0639
2018-08-08,KGS,0.932392,100,93.2392
2018-08-09,KGS,0.9328879999999999,100,93.2888
2018-08-10,KGS,0.970151,100,97.0151
2018-08-11,KGS,0.976395,100,97.6395
2018-08-14,KGS,0.9858870000000001,100,98.5887
2018-08-15,KGS,0.978073,100,97.8073
2018-08-16,KGS,0.955068,100,95.5068
2018-08-17,KGS,0.962492,100,96.2492
2018-08-18,KGS,0.9643219999999999,100,96.4322
2018-08-21,KGS,0.968789,100,96.8789
2018-08-22,KGS,0.968964,100,96.8964
2018-08-23,KGS,0.9785280000000001,100,97.8528
2018-08-24,KGS,0.9952930000000001,100,99.5293
2018-08-25,KGS,0.991098,100,99.1098
2018-08-28,KGS,0.982453,100,98.2453
2018-08-29,KGS,0.9802339999999999,100,98.0234
2018-08-30,KGS,0.986895,100,98.6895
2018-08-31,KGS,0.9859829999999999,100,98.5983
2018-09-01,KGS,0.985441,100,98.5441
2018-09-04,KGS,0.986807,100,98.6807
2018-09-05,KGS,0.99235,100,99.235
2018-09-06,KGS,0.991496,100,99.1496
2018-09-07,KGS,0.9855670000000001,100,98.5567
2018-09-08,KGS,0.993217,100,99.3217
2018-09-11,KGS,1.00242,10,10.0242
2018-09-12,KGS,1.00322,10,10.0322
2018-09-13,KGS,0.997817,100,99.7817
2018-09-14,KGS,0.986164,100,98.6164
2018-09-15,KGS,0.984609,100,98.4609
2018-09-18,KGS,0.9819410000000001,100,98.1941
2018-09-19,KGS,0.9776609999999999,100,97.7661
2018-09-20,KGS,0.973272,100,97.3272
2018-09-21,KGS,0.9661700000000001,100,96.617
2018-09-22,KGS,0.961534,100,96.1534
2018-09-25,KGS,0.958138,100,95.8138
2018-09-26,KGS,0.953286,100,95.3286
2018-09-27,KGS,0.951092,100,95.1092
2018-09-28,KGS,0.9500069999999999,100,95.0007
2018-09-29,KGS,0.948664,100,94.8664
2018-10-02,KGS,0.953118,100,95.3118
2018-10-03,KGS,0.948685,100,94.8685
2018-10-04,KGS,0.950245,100,95.0245
2018-10-05,KGS,0.9588920000000001,100,95.8892
2018-10-06,KGS,0.9628180000000001,100,96.2818
2018-10-09,KGS,0.967054,100,96.7054
2018-10-10,KGS,0.957508,100,95.7508
2018-10-11,KGS,0.955025,100,95.5025
2018-10-12,KGS,0.962143,100,96.2143
2018-10-13,KGS,0.952709,100,95.2709
2018-10-16,KGS,0.948785,100,94.8785
2018-10-17,KGS,0.945879,100,94.5879
2018-10-18,KGS,0.944033,100,94.4033
2018-10-19,KGS,0.9477119999999999,100,94.7712
2018-10-20,KGS,0.9490120000000001,100,94.9012
2018-10-23,KGS,0.941423,100,94.1423
2018-10-24,KGS,0.942426,100,94.2426
2018-10-25,KGS,0.946358,100,94.6358
2018-10-26,KGS,0.946009,100,94.6009
2018-10-27,KGS,0.9437019999999999,100,94.3702
2018-10-30,KGS,0.9455880000000001,100,94.5588
2018-10-31,KGS,0.945167,100,94.5167
2018-11-01,KGS,0.941122,100,94.1122
2018-11-02,KGS,0.941918,100,94.1918
2018-11-03,KGS,0.940956,100,94.0956
2018-11-07,KGS,0.946952,100,94.6952
2018-11-08,KGS,0.948437,100,94.8437
2018-11-09,KGS,0.950416,100,95.0416
2018-11-10,KGS,0.959588,100,95.9588
2018-11-13,KGS,0.969056,100,96.9056
2018-11-14,KGS,0.969992,100,96.9992
2018-11-15,KGS,0.9741759999999999,100,97.4176
2018-11-16,KGS,0.954383,100,95.4383
2018-11-17,KGS,0.9454600000000001,100,94.546
2018-11-20,KGS,0.9453360000000001,100,94.5336
2018-11-21,KGS,0.9396429999999999,100,93.9643
2018-11-22,KGS,0.944145,100,94.4145
2018-11-23,KGS,0.9392510000000001,100,93.9251
2018-11-24,KGS,0.940106,100,94.0106
2018-11-27,KGS,0.952484,100,95.2484
2018-11-28,KGS,0.956391,100,95.6391
2018-11-29,KGS,0.9590770000000001,100,95.9077
2018-11-30,KGS,0.954645,100,95.4645
2018-12-01,KGS,0.9525199999999999,100,95.252
2018-12-04,KGS,0.949744,100,94.9744
2018-12-05,KGS,0.951277,100,95.1277
2018-12-06,KGS,0.957367,100,95.7367
2018-12-07,KGS,0.955443,100,95.5443
2018-12-08,KGS,0.9587779999999999,100,95.8778
2018-12-11,KGS,0.94902,100,94.902
2018-12-12,KGS,0.9527540000000001,100,95.2754
2018-12-13,KGS,0.9516119999999999,100,95.1612
2018-12-14,KGS,0.949212,100,94.9212
2018-12-15,KGS,0.951772,100,95.1772
2018-12-18,KGS,0.95377,100,95.377
2018-12-19,KGS,0.956238,100,95.6238
2018-12-20,KGS,0.960803,100,96.0803
2018-12-21,KGS,0.965201,100,96.5201
2018-12-22,KGS,0.974334,100,97.4334
2018-12-25,KGS,0.980047,100,98.0047
2018-12-26,KGS,0.984178,100,98.4178
2018-12-27,KGS,0.9869129999999999,100,98.6913
2018-12-28,KGS,0.986059,100,98.6059
2018-12-29,KGS,0.995301,100,99.5301
2018-12-30,KGS,0.994568,100,99.4568
2019-01-10,KGS,0.9604739999999999,100,96.0474
2019-01-11,KGS,0.957201,100,95.7201
2019-01-12,KGS,0.958349,100,95.8349
2019-01-15,KGS,0.961947,100,96.1947
2019-01-16,KGS,0.9610599999999999,100,96.106
2019-01-17,KGS,0.956471,100,95.6471
2019-01-18,KGS,0.9513720000000001,100,95.1372
2019-01-19,KGS,0.949755,100,94.9755
2019-01-22,KGS,0.950765,100,95.0765
2019-01-23,KGS,0.9541200000000001,100,95.412
2019-01-24,KGS,0.949632,100,94.9632
2019-01-25,KGS,0.945582,100,94.5582
2019-01-26,KGS,0.943559,100,94.3559
2019-01-29,KGS,0.9445560000000001,100,94.4556
2019-01-30,KGS,0.9497669999999999,100,94.9767
2019-01-31,KGS,0.946634,100,94.6634
2019-02-01,KGS,0.936357,100,93.6357
2019-02-02,KGS,0.940689,100,94.0689
2019-02-05,KGS,0.938953,100,93.8953
2019-02-06,KGS,0.938713,100,93.8713
2019-02-07,KGS,0.941081,100,94.1081
2019-02-08,KGS,0.945573,100,94.5573
2019-02-09,KGS,0.9464579999999999,100,94.6458
2019-02-12,KGS,0.941243,100,94.1243
2019-02-13,KGS,0.941202,100,94.1202
2019-02-14,KGS,0.94095,100,94.095
2019-02-15,KGS,0.953473,100,95.3473
2019-02-16,KGS,0.955924,100,95.5924
2019-02-19,KGS,0.949778,100,94.9778
2019-02-20,KGS,0.949135,100,94.9135
2019-02-21,KGS,0.943642,100,94.3642
2019-02-22,KGS,0.939913,100,93.9913
2019-02-23,KGS,0.9387430000000001,100,93.8743
2019-02-26,KGS,0.936541,100,93.6541
2019-02-27,KGS,0.942113,100,94.2113
2019-02-28,KGS,0.943564,100,94.3564
2019-03-01,KGS,0.945466,100,94.5466
2019-03-02,KGS,0.944389,100,94.4389
2019-03-05,KGS,0.943983,100,94.3983
2019-03-06,KGS,0.9440519999999999,100,94.4052
2019-03-07,KGS,0.944121,100,94.4121
2019-03-08,KGS,0.946,100,94.6
2019-03-12,KGS,0.94733,100,94.733
2019-03-13,KGS,0.942902,100,94.2902
2019-03-14,KGS,0.9391320000000001,100,93.9132
2019-03-15,KGS,0.936993,100,93.6993
2019-03-16,KGS,0.937251,100,93.7251
2019-03-19,KGS,0.92716,100,92.716
2019-03-20,KGS,0.919408,100,91.9408
2019-03-21,KGS,0.9194370000000001,100,91.9437
2019-03-22,KGS,0.911824,100,91.1824
2019-03-23,KGS,0.912228,100,91.2228
2019-03-26,KGS,0.924721,100,92.4721
2019-03-27,KGS,0.919976,100,91.9976
2019-03-28,KGS,0.925792,100,92.5792
2019-03-29,KGS,0.9283839999999999,100,92.8384
2019-03-30,KGS,0.927431,100,92.7431
2019-04-02,KGS,0.937215,100,93.7215
2019-04-03,KGS,0.9353360000000001,100,93.5336
2019-04-04,KGS,0.9335800000000001,100,93.358
2019-04-05,KGS,0.9355979999999999,100,93.5598
2019-04-06,KGS,0.9367300000000001,100,93.673
2019-04-09,KGS,0.933569,100,93.3569
2019-04-10,KGS,0.9255119999999999,100,92.5512
2019-04-11,KGS,0.9248850000000001,100,92.4885
2019-04-12,KGS,0.920013,100,92.0013
2019-04-13,KGS,0.9239830000000001,100,92.3983
2019-04-16,KGS,0.917813,100,91.7813
2019-04-17,KGS,0.9184019999999999,100,91.8402
2019-04-18,KGS,0.917103,100,91.7103
2019-04-19,KGS,0.917516,100,91.7516
2019-04-20,KGS,0.91604,100,91.604
2019-04-23,KGS,0.9139360000000001,100,91.3936
2019-04-24,KGS,0.913611,100,91.3611
2019-04-25,KGS,0.9166160000000001,100,91.6616
2019-04-26,KGS,0.927303,100,92.7303
2019-04-27,KGS,0.9263460000000001,100,92.6346
2019-04-30,KGS,0.9264830000000001,100,92.6483
2019-05-01,KGS,0.92562,100,92.562
2019-05-07,KGS,0.93337,100,93.337
2019-05-08,KGS,0.934001,100,93.4001
2019-05-09,KGS,0.931884,100,93.1884
2019-05-14,KGS,0.937298,100,93.7298
2019-05-15,KGS,0.9328789999999999,100,93.2879
2019-05-16,KGS,0.928402,100,92.8402
2019-05-17,KGS,0.924263,100,92.4263
2019-05-18,KGS,0.925307,100,92.5307
2019-05-21,KGS,0.923247,100,92.3247
2019-05-22,KGS,0.9239400000000001,100,92.394
2019-05-23,KGS,0.92286,100,92.286
2019-05-24,KGS,0.923283,100,92.3283
2019-05-25,KGS,0.924991,100,92.4991
2019-05-28,KGS,0.922886,100,92.2886
2019-05-29,KGS,0.9220569999999999,100,92.2057
2019-05-30,KGS,0.927382,100,92.7382
2019-05-31,KGS,0.9314,100,93.14
2019-06-01,KGS,0.934155,100,93.4155
2019-06-04,KGS,0.938507,100,93.8507
2019-06-05,KGS,0.9328759999999999,100,93.2876
2019-06-06,KGS,0.930374,100,93.0374
2019-06-07,KGS,0.931914,100,93.1914
2019-06-08,KGS,0.932466,100,93.2466
2019-06-11,KGS,0.9256650000000001,100,92.5665
2019-06-12,KGS,0.922887,100,92.2887
2019-06-14,KGS,0.92379,100,92.379
2019-06-15,KGS,0.9209919999999999,100,92.0992
2019-06-18,KGS,0.9214709999999999,100,92.1471
2019-06-19,KGS,0.921048,100,92.1048
2019-06-20,KGS,0.916085,100,91.6085
2019-06-21,KGS,0.907483,100,90.7483
2019-06-22,KGS,0.905082,100,90.5082
2019-06-25,KGS,0.9019280000000001,100,90.1928
2019-06-26,KGS,0.898963,100,89.8963
2019-06-27,KGS,0.902548,100,90.2548
2019-06-28,KGS,0.9060819999999999,100,90.6082
2019-06-29,KGS,0.906649,100,90.6649
2019-07-02,KGS,0.905397,100,90.5397
2019-07-03,KGS,0.909721,100,90.9721
2019-07-04,KGS,0.909672,100,90.9672
2019-07-05,KGS,0.910938,100,91.0938
2019-07-06,KGS,0.912909,100,91.2909
2019-07-09,KGS,0.915697,100,91.5697
2019-07-10,KGS,0.913553,100,91.3553
2019-07-11,KGS,0.9140229999999999,100,91.4023
2019-07-12,KGS,0.9024989999999999,100,90.2499
2019-07-13,KGS,0.905466,100,90.5466
2019-07-16,KGS,0.902701,100,90.2701
2019-07-17,KGS,0.9024840000000001,100,90.2484
2019-07-18,KGS,0.904384,100,90.4384
2019-07-19,KGS,0.9020619999999999,100,90.2062
2019-07-20,KGS,0.902867,100,90.2867
2019-07-23,KGS,0.904201,100,90.4201
2019-07-24,KGS,0.905725,100,90.5725
2019-07-25,KGS,0.904308,100,90.4308
2019-07-26,KGS,0.9054800000000001,100,90.548
2019-07-27,KGS,0.9046590000000001,100,90.4659
2019-07-30,KGS,0.910304,100,91.0304
2019-07-31,KGS,0.90814,100,90.814
2019-08-01,KGS,0.9088160000000001,100,90.8816
2019-08-02,KGS,0.915183,100,91.5183
2019-08-03,KGS,0.926904,100,92.6904
2019-08-06,KGS,0.9326819999999999,100,93.2682
2019-08-07,KGS,0.9348099999999999,100,93.481
2019-08-08,KGS,0.933236,100,93.3236
2019-08-09,KGS,0.933762,100,93.3762
2019-08-10,KGS,0.935546,100,93.5546
2019-08-13,KGS,0.9380459999999999,100,93.8046
2019-08-14,KGS,0.940526,100,94.0526
2019-08-15,KGS,0.934813,100,93.4813
2019-08-16,KGS,0.9448050000000001,100,94.4805
2019-08-17,KGS,0.946316,100,94.6316
2019-08-20,KGS,0.9531010000000001,100,95.3101
2019-08-21,KGS,0.9556220000000001,100,95.5622
2019-08-22,KGS,0.948267,100,94.8267
2019-08-23,KGS,0.938053,100,93.8053
2019-08-24,KGS,0.9376770000000001,100,93.7677
2019-08-27,KGS,0.943206,100,94.3206
2019-08-28,KGS,0.9473269999999999,100,94.7327
2019-08-29,KGS,0.952153,100,95.2153
2019-08-30,KGS,0.9576340000000001,100,95.7634
2019-08-31,KGS,0.954626,100,95.4626
2019-09-03,KGS,0.956547,100,95.6547
2019-09-04,KGS,0.96062,100,96.062
2019-09-05,KGS,0.9500839999999999,100,95.0084
2019-09-06,KGS,0.943611,100,94.3611
2019-09-07,KGS,0.942834,100,94.2834
2019-09-10,KGS,0.936718,100,93.6718
2019-09-11,KGS,0.934847,100,93.4847
2019-09-12,KGS,0.934744,100,93.4744
2019-09-13,KGS,0.9312990000000001,100,93.1299
2019-09-14,KGS,0.9210160000000001,100,92.1016
2019-09-17,KGS,0.9118170000000001,100,91.1817
2019-09-18,KGS,0.918972,100,91.8972
2019-09-19,KGS,0.9209539999999999,100,92.0954
2019-09-20,KGS,0.917967,100,91.7967
2019-09-21,KGS,0.912665,100,91.2665
2019-09-24,KGS,0.9137430000000001,100,91.3743
2019-09-25,KGS,0.910417,100,91.0417
2019-09-26,KGS,0.9173,100,91.73
2019-09-27,KGS,0.919894,100,91.9894
2019-09-28,KGS,0.9212229999999999,100,92.1223
2019-10-01,KGS,0.924469,100,92.4469
2019-10-02,KGS,0.931985,100,93.1985
2019-10-03,KGS,0.937329,100,93.7329
2019-10-04,KGS,0.93291,100,93.291
2019-10-05,KGS,0.93146,100,93.146
2019-10-08,KGS,0.9285380000000001,100,92.8538
2019-10-09,KGS,0.927337,100,92.7337
2019-10-10,KGS,0.9301649999999999,100,93.0165
2019-10-11,KGS,0.9249590000000001,100,92.4959
2019-10-12,KGS,0.917481,100,91.7481
2019-10-15,KGS,0.920021,100,92.0021
2019-10-16,KGS,0.918478,100,91.8478
2019-10-17,KGS,0.919359,100,91.9359
2019-10-18,KGS,0.914635,100,91.4635
2019-10-19,KGS,0.913775,100,91.3775
2019-10-22,KGS,0.911478,100,91.1478
2019-10-23,KGS,0.909844,100,90.9844
2019-10-24,KGS,0.912219,100,91.2219
2019-10-25,KGS,0.9126380000000001,100,91.2638
2019-10-26,KGS,0.9147270000000001,100,91.4727
2019-10-29,KGS,0.912689,100,91.2689
2019-10-30,KGS,0.912157,100,91.2157
2019-10-31,KGS,0.9129170000000001,100,91.2917
2019-11-01,KGS,0.911655,100,91.1655
2019-11-02,KGS,0.915326,100,91.5326
2019-11-06,KGS,0.904008,100,90.4008
2019-11-07,KGS,0.9087569999999999,100,90.8757
2019-11-08,KGS,0.9107999999999999,100,91.08
2019-11-09,KGS,0.9107959999999999,100,91.0796
2019-11-12,KGS,0.9134059999999999,100,91.3406
2019-11-13,KGS,0.912282,100,91.2282
2019-11-14,KGS,0.9172530000000001,100,91.7253
2019-11-15,KGS,0.9192570000000001,100,91.9257
2019-11-16,KGS,0.9126869999999999,100,91.2687
2019-11-19,KGS,0.910774,100,91.0774
2019-11-20,KGS,0.9110429999999999,100,91.1043
2019-11-21,KGS,0.91459,100,91.459
2019-11-22,KGS,0.912043,100,91.2043
2019-11-23,KGS,0.910144,100,91.0144
2019-11-26,KGS,0.9109099999999999,100,91.091
2019-11-27,KGS,0.9147580000000001,100,91.4758
2019-11-28,KGS,0.9138890000000001,100,91.3889
2019-11-29,KGS,0.915721,100,91.5721
2019-11-30,KGS,0.915453,100,91.5453
2019-12-03,KGS,0.9204019999999999,100,92.0402
2019-12-04,KGS,0.916287,100,91.6287
2019-12-05,KGS,0.917069,100,91.7069
2019-12-06,KGS,0.9116209999999999,100,91.1621
2019-12-07,KGS,0.910264,100,91.0264
2019-12-10,KGS,0.9103619999999999,100,91.0362
2019-12-11,KGS,0.908269,100,90.8269
2019-12-12,KGS,0.908091,100,90.8091
2019-12-13,KGS,0.903224,100,90.3224
2019-12-14,KGS,0.893634,100,89.3634
2019-12-17,KGS,0.896717,100,89.6717
2019-12-18,KGS,0.89347,100,89.347
2019-12-19,KGS,0.8941849999999999,100,89.4185
2019-12-20,KGS,0.893389,100,89.3389
2019-12-21,KGS,0.891657,100,89.1657
2019-12-24,KGS,0.889383,100,88.9383
2019-12-25,KGS,0.8887390000000001,100,88.8739
2019-12-26,KGS,0.882293,100,88.2293
2019-12-27,KGS,0.883025,100,88.3025
2019-12-28,KGS,0.887471,100,88.7471
2019-12-31,KGS,0.886304,100,88.6304
2020-01-01,KGS,0.886979,100,88.6979
2020-01-10,KGS,0.879036,100,87.9036
2020-01-11,KGS,0.879458,100,87.9458
2020-01-14,KGS,0.874924,100,87.4924
2020-01-15,KGS,0.879451,100,87.9451
2020-01-16,KGS,0.878622,100,87.8622
2020-01-17,KGS,0.882118,100,88.2118
2020-01-18,KGS,0.880916,100,88.0916
2020-01-21,KGS,0.879872,100,87.9872
2020-01-22,KGS,0.885199,100,88.5199
2020-01-23,KGS,0.885026,100,88.5026
2020-01-24,KGS,0.886831,100,88.6831
2020-01-25,KGS,0.884453,100,88.4453
2020-01-28,KGS,0.892172,100,89.2172
2020-01-29,KGS,0.899276,100,89.9276
2020-01-30,KGS,0.892901,100,89.2901
2020-01-31,KGS,0.902095,100,90.2095
2020-02-01,KGS,0.903564,100,90.3564
2020-02-04,KGS,0.914723,100,91.4723
2020-02-05,KGS,0.907795,100,90.7795
2020-02-06,KGS,0.904075,100,90.4075
2020-02-07,KGS,0.898815,100,89.8815
2020-02-08,KGS,0.908336,100,90.8336
2020-02-11,KGS,0.912612,100,91.2612
2020-02-12,KGS,0.915163,100,91.5163
2020-02-13,KGS,0.902254,100,90.2254
2020-02-14,KGS,0.910191,100,91.0191
2020-02-15,KGS,0.908073,100,90.8073
2020-02-18,KGS,0.905997,100,90.5997
2020-02-19,KGS,0.912598,100,91.2598
2020-02-20,KGS,0.911541,100,91.1541
2020-02-21,KGS,0.912206,100,91.2206
2020-02-22,KGS,0.920197,100,92.0197
2020-02-26,KGS,0.929077,100,92.9077
2020-02-27,KGS,0.937746,100,93.7746
2020-02-28,KGS,0.938929,100,93.8929
2020-02-29,KGS,0.958695,100,95.8695
2020-03-03,KGS,0.949199,100,94.9199
2020-03-04,KGS,0.950864,100,95.0864
2020-03-05,KGS,0.945636,100,94.5636
2020-03-06,KGS,0.947167,100,94.7167
2020-03-07,KGS,0.966369,100,96.6369
2020-03-11,KGS,1.03068,10,10.3068
2020-03-12,KGS,1.02282,10,10.2282
2020-03-13,KGS,1.01652,10,10.1652
2020-03-14,KGS,1.00418,10,10.0418
2020-03-17,KGS,1.01669,10,10.1669
2020-03-18,KGS,1.01345,10,10.1345
2020-03-19,KGS,1.05903,10,10.5903
2020-03-20,KGS,1.09944,10,10.9944
2020-03-21,KGS,1.07168,10,10.7168
2020-03-24,KGS,1.1095,10,11.095
2020-03-25,KGS,1.08172,10,10.8172
2020-03-26,KGS,1.06738,10,10.6738
2020-03-27,KGS,0.986901,100,98.6901
2020-03-28,KGS,0.972264,100,97.2264
2020-04-07,KGS,0.899985,100,89.9985
2020-04-08,KGS,0.88877,100,88.877
2020-04-09,KGS,0.892242,100,89.2242
2020-04-10,KGS,0.878756,100,87.8756
2020-04-11,KGS,0.947875,100,94.7875
2020-04-14,KGS,0.944715,100,94.4715
2020-04-15,KGS,0.936555,100,93.6555
2020-04-16,KGS,0.934125,100,93.4125
2020-04-17,KGS,0.937245,100,93.7245
2020-04-18,KGS,0.923906,100,92.3906
2020-04-21,KGS,0.928993,100,92.8993
2020-04-22,KGS,0.958466,100,95.8466
2020-04-23,KGS,0.966034,100,96.6034
2020-04-24,KGS,0.934099,100,93.4099
2020-04-25,KGS,0.928614,100,92.8614
2020-04-28,KGS,0.926501,100,92.6501
2020-04-29,KGS,0.927433,100,92.7433
2020-04-30,KGS,0.928494,100,92.8494
2020-05-01,KGS,0.909415,100,90.9415
2020-05-07,KGS,0.937366,100,93.7366
2020-05-08,KGS,0.939516,100,93.9516
2020-05-09,KGS,0.935934,100,93.5934
2020-05-13,KGS,0.941115,100,94.1115
2020-05-14,KGS,0.949025,100,94.9025
2020-05-15,KGS,0.960536,100,96.0536
2020-05-16,KGS,0.950722,100,95.0722
2020-05-19,KGS,0.952587,100,95.2587
2020-05-20,KGS,0.944408,100,94.4408
2020-05-21,KGS,0.949758,100,94.9758
2020-05-22,KGS,0.93664,100,93.664
2020-05-23,KGS,0.957688,100,95.7688
2020-05-26,KGS,0.954298,100,95.4298
2020-05-27,KGS,0.948228,100,94.8228
2020-05-28,KGS,0.959032,100,95.9032
2020-05-29,KGS,0.967137,100,96.7137
2020-05-30,KGS,0.95947,100,95.947
2020-06-02,KGS,0.944663,100,94.4663
2020-06-03,KGS,0.938294,100,93.8294
2020-06-04,KGS,0.929192,100,92.9192
2020-06-05,KGS,0.938984,100,93.8984
2020-06-06,KGS,0.928371,100,92.8371
2020-06-09,KGS,0.919892,100,91.9892
2020-06-10,KGS,0.925237,100,92.5237
2020-06-11,KGS,0.925657,100,92.5657
2020-06-12,KGS,0.92953,100,92.953
2020-06-16,KGS,0.940994,100,94.0994
2020-06-17,KGS,0.931259,100,93.1259
2020-06-18,KGS,0.927666,100,92.7666
2020-06-19,KGS,0.931286,100,93.1286
2020-06-20,KGS,0.928919,100,92.8919
2020-06-23,KGS,0.927205,100,92.7205
2020-06-24,KGS,0.9176,100,91.76
2020-06-25,KGS,0.917655,100,91.7655
2020-06-26,KGS,0.92702,100,92.702
2020-06-27,KGS,0.919878,100,91.9878
2020-06-30,KGS,0.926883,100,92.6883
2020-07-01,KGS,0.926665,100,92.6665
2020-07-02,KGS,0.926668,100,92.6668
2020-07-03,KGS,0.927892,100,92.7892
2020-07-04,KGS,0.894505,100,89.4505
2020-07-07,KGS,0.904767,100,90.4767
2020-07-08,KGS,0.934419,100,93.4419
2020-07-09,KGS,0.91666,100,91.666
2020-07-10,KGS,0.908093,100,90.8093
2020-07-11,KGS,0.91526,100,91.526
2020-07-14,KGS,0.909038,100,90.9038
2020-07-15,KGS,0.915066,100,91.5066
2020-07-16,KGS,0.913113,100,91.3113
2020-07-17,KGS,0.91736,100,91.736
2020-07-18,KGS,0.925662,100,92.5662
2020-07-21,KGS,0.927628,100,92.7628
2020-07-22,KGS,0.914913,100,91.4913
2020-07-23,KGS,0.912609,100,91.2609
2020-07-24,KGS,0.918615,100,91.8615
2020-07-25,KGS,0.935595,100,93.5595
2020-07-28,KGS,0.933416,100,93.3416
2020-07-29,KGS,0.938293,100,93.8293
2020-07-30,KGS,0.942405,100,94.2405
2020-07-31,KGS,0.955156,100,95.5156
2020-08-01,KGS,0.956287,100,95.6287
2020-08-04,KGS,0.965827,100,96.5827
2020-08-05,KGS,0.954602,100,95.4602
2020-08-06,KGS,0.953433,100,95.3433
2020-08-07,KGS,0.949801,100,94.9801
2020-08-08,KGS,0.954473,100,95.4473
2020-08-11,KGS,0.957157,100,95.7157
2020-08-12,KGS,0.94454,100,94.454
2020-08-13,KGS,0.94336,100,94.336
2020-08-14,KGS,0.945088,100,94.5088
2020-08-15,KGS,0.941076,100,94.1076
2020-08-18,KGS,0.933391,100,93.3391
2020-08-19,KGS,0.943303,100,94.3303
2020-08-20,KGS,0.940261,100,94.0261
2020-08-21,KGS,0.946997,100,94.6997
2020-08-22,KGS,0.952885,100,95.2885
2020-08-25,KGS,0.954082,100,95.4082
2020-08-26,KGS,0.956516,100,95.6516
2020-08-27,KGS,0.968739,100,96.8739
2020-08-28,KGS,0.962001,100,96.2001
2020-08-29,KGS,0.95124,100,95.124
2020-09-01,KGS,0.940231,100,94.0231
2020-09-02,KGS,0.937441,100,93.7441
2020-09-03,KGS,0.943581,100,94.3581
2020-09-04,KGS,0.963932,100,96.3932
2020-09-05,KGS,0.955124,100,95.5124
2020-09-08,KGS,0.959774,100,95.9774
2020-09-09,KGS,0.96454,100,96.454
2020-09-10,KGS,0.965925,100,96.5925
2020-09-11,KGS,0.957255,100,95.7255
2020-09-12,KGS,0.94797,100,94.797
2020-09-15,KGS,0.946356,100,94.6356
2020-09-16,KGS,0.951123,100,95.1123
2020-09-17,KGS,0.948453,100,94.8453
2020-09-18,KGS,0.95424,100,95.424
2020-09-19,KGS,0.949928,100,94.9928
2020-09-22,KGS,0.961636,100,96.1636
2020-09-23,KGS,0.963019,100,96.3019
2020-09-24,KGS,0.962959,100,96.2959
2020-09-25,KGS,0.972311,100,97.2311
2020-09-26,KGS,0.967779,100,96.7779
2020-09-29,KGS,0.98924,100,98.924
2020-09-30,KGS,1.00198,10,10.0198
2020-10-01,KGS,0.989419,100,98.9419
2020-10-02,KGS,0.97049,100,97.049
2020-10-03,KGS,0.982094,100,98.2094
2020-10-06,KGS,0.982554,100,98.2554
2020-10-07,KGS,0.985787,100,98.5787
2020-10-08,KGS,0.980516,100,98.0516
2020-10-09,KGS,0.978301,100,97.8301
2020-10-10,KGS,0.96716,100,96.716
2020-10-13,KGS,0.967104,100,96.7104
2020-10-14,KGS,0.970388,100,97.0388
2020-10-15,KGS,0.969766,100,96.9766
2020-10-16,KGS,0.977889,100,97.7889
2020-10-17,KGS,0.974555,100,97.4555
2020-10-20,KGS,0.974051,100,97.4051
2020-10-21,KGS,0.950549,100,95.0549
2020-10-22,KGS,0.948296,100,94.8296
2020-10-23,KGS,0.953651,100,95.3651
2020-10-24,KGS,0.94672,100,94.672
2020-10-27,KGS,0.947768,100,94.7768
2020-10-28,KGS,0.947833,100,94.7833
2020-10-29,KGS,0.955927,100,95.5927
2020-10-30,KGS,0.965407,100,96.5407
2020-10-31,KGS,0.971067,100,97.1067
2020-11-03,KGS,0.984696,100,98.4696
2020-11-04,KGS,0.977677,100,97.7677
2020-11-06,KGS,0.935007,100,93.5007
2020-11-07,KGS,0.920268,100,92.0268
2020-11-10,KGS,0.917798,100,91.7798
2020-11-11,KGS,0.911196,100,91.1196
2020-11-12,KGS,0.908924,100,90.8924
2020-11-13,KGS,0.916466,100,91.6466
2020-11-14,KGS,0.918636,100,91.8636
2020-11-17,KGS,0.906781,100,90.6781
2020-11-18,KGS,0.898922,100,89.8922
2020-11-19,KGS,0.895076,100,89.5076
2020-11-20,KGS,0.899327,100,89.9327
2020-11-21,KGS,0.896271,100,89.6271
2020-11-24,KGS,0.893142,100,89.3142
2020-11-25,KGS,0.893787,100,89.3787
2020-11-26,KGS,0.889828,100,88.9828
2020-11-27,KGS,0.889476,100,88.9476
2020-11-28,KGS,0.894298,100,89.4298
2020-12-01,KGS,0.898313,100,89.8313
2020-12-02,KGS,0.899745,100,89.9745
2020-12-03,KGS,0.891404,100,89.1404
2020-12-04,KGS,0.886512,100,88.6512
2020-12-05,KGS,0.875395,100,87.5395
2020-12-08,KGS,0.875316,100,87.5316
2020-12-09,KGS,0.868412,100,86.8412
2020-12-10,KGS,0.864177,100,86.4177
2020-12-11,KGS,0.869014,100,86.9014
2020-12-12,KGS,0.861982,100,86.1982
2020-12-15,KGS,0.859716,100,85.9716
2020-12-16,KGS,0.86559,100,86.559
2020-12-17,KGS,0.884371,100,88.4371
2020-12-18,KGS,0.873705,100,87.3705
2020-12-19,KGS,0.881459,100,88.1459
2020-12-22,KGS,0.924993,100,92.4993
2020-12-23,KGS,0.934546,100,93.4546
2020-12-24,KGS,0.930621,100,93.0621
2020-12-25,KGS,0.922233,100,92.2233
2020-12-26,KGS,0.880746,100,88.0746
2020-12-29,KGS,0.88105,100,88.105
2020-12-30,KGS,0.890251,100,89.0251
2020-12-31,KGS,0.891537,100,89.1537
2021-01-01,KGS,0.893546,100,89.3546
2021-01-12,KGS,0.896651,100,89.6651
2021-01-13,KGS,0.892485,100,89.2485
2021-01-14,KGS,0.883597,100,88.3597
2021-01-15,KGS,0.880126,100,88.0126
2021-01-16,KGS,0.870079,100,87.0079
2021-01-19,KGS,0.875334,100,87.5334
2021-01-20,KGS,0.870417,100,87.0417
2021-01-21,KGS,0.864766,100,86.4766
2021-01-22,KGS,0.864928,100,86.4928
2021-01-23,KGS,0.879526,100,87.9526
2021-01-26,KGS,0.882806,100,88.2806
2021-01-27,KGS,0.891734,100,89.1734
2021-01-28,KGS,0.884726,100,88.4726
2021-01-29,KGS,0.898336,100,89.8336
2021-01-30,KGS,0.89892,100,89.892
2021-02-02,KGS,0.890107,100,89.0107
2021-02-03,KGS,0.894845,100,89.4845
2021-02-04,KGS,0.896918,100,89.6918
2021-02-05,KGS,0.892793,100,89.2793
2021-02-06,KGS,0.885508,100,88.5508
2021-02-09,KGS,0.875429,100,87.5429
2021-02-10,KGS,0.873818,100,87.3818
2021-02-11,KGS,0.871887,100,87.1887
2021-02-12,KGS,0.875702,100,87.5702
2021-02-13,KGS,0.877942,100,87.7942
2021-02-16,KGS,0.867179,100,86.7179
2021-02-17,KGS,0.867415,100,86.7415
2021-02-18,KGS,0.873941,100,87.3941
2021-02-19,KGS,0.873702,100,87.3702
2021-02-20,KGS,0.874668,100,87.4668
2021-02-21,KGS,0.873475,100,87.3475
2021-02-25,KGS,0.871028,100,87.1028
2021-02-26,KGS,0.868033,100,86.8033
2021-02-27,KGS,0.878764,100,87.8764
2021-03-02,KGS,0.873405,100,87.3405
2021-03-03,KGS,0.879317,100,87.9317
2021-03-04,KGS,0.866572,100,86.6572
2021-03-05,KGS,0.869844,100,86.9844
2021-03-06,KGS,0.877401,100,87.7401
2021-03-10,KGS,0.875474,100,87.5474
2021-03-11,KGS,0.872825,100,87.2825
2021-03-12,KGS,0.866463,100,86.6463
2021-03-13,KGS,0.866565,100,86.6565
2021-03-16,KGS,0.863305,100,86.3305
2021-03-17,KGS,0.860124,100,86.0124
2021-03-18,KGS,0.861774,100,86.1774
2021-03-19,KGS,0.868353,100,86.8353
2021-03-20,KGS,0.874,100,87.4
2021-03-23,KGS,0.879535,100,87.9535
2021-03-24,KGS,0.888377,100,88.8377
2021-03-25,KGS,0.897749,100,89.7749
2021-03-26,KGS,0.897991,100,89.7991
2021-03-27,KGS,0.893081,100,89.3081
2021-03-30,KGS,0.893927,100,89.3927
2021-03-31,KGS,0.892648,100,89.2648
2021-04-01,KGS,0.891882,100,89.1882
2021-04-02,KGS,0.89372,100,89.372
2021-04-03,KGS,0.896806,100,89.6806
2021-04-06,KGS,0.903081,100,90.3081
2021-04-07,KGS,0.900437,100,90.0437
2021-04-08,KGS,0.916857,100,91.6857
2021-04-09,KGS,0.90906,100,90.906
2021-04-10,KGS,0.909734,100,90.9734
2021-04-13,KGS,0.913893,100,91.3893
2021-04-14,KGS,0.910716,100,91.0716
2021-04-15,KGS,0.892289,100,89.2289
2021-04-16,KGS,0.907501,100,90.7501
2021-04-17,KGS,0.890885,100,89.0885
2021-04-20,KGS,0.898876,100,89.8876
2021-04-21,KGS,0.896193,100,89.6193
2021-04-22,KGS,0.905603,100,90.5603
2021-04-23,KGS,0.901001,100,90.1001
2021-04-24,KGS,0.885203,100,88.5203
2021-04-27,KGS,0.881421,100,88.1421
2021-04-28,KGS,0.883653,100,88.3653
2021-04-29,KGS,0.883471,100,88.3471
2021-04-30,KGS,0.876869,100,87.6869
2021-05-01,KGS,0.882325,100,88.2325
2021-05-05,KGS,0.887196,100,88.7196
2021-05-06,KGS,0.882609,100,88.2609
2021-05-07,KGS,0.879253,100,87.9253
2021-05-08,KGS,0.87398,100,87.398
2021-05-12,KGS,0.875125,100,87.5125
2021-05-13,KGS,0.873477,100,87.3477
2021-05-14,KGS,0.878022,100,87.8022
2021-05-15,KGS,0.873773,100,87.3773
2021-05-18,KGS,0.872475,100,87.2475
2021-05-19,KGS,0.874009,100,87.4009
2021-05-20,KGS,0.874233,100,87.4233
2021-05-21,KGS,0.876149,100,87.6149
2021-05-22,KGS,0.876036,100,87.6036
2021-05-25,KGS,0.877322,100,87.7322
2021-05-26,KGS,0.877379,100,87.7379
2021-05-27,KGS,0.882262,100,88.2262
2021-05-28,KGS,0.884606,100,88.4606
2021-05-29,KGS,0.882232,100,88.2232
2021-06-01,KGS,0.876199,100,87.6199
2021-06-02,KGS,0.875633,100,87.5633
2021-06-03,KGS,0.870837,100,87.0837
2021-06-04,KGS,0.866955,100,86.6955
2021-06-05,KGS,0.865075,100,86.5075
2021-06-08,KGS,0.861036,100,86.1036
2021-06-09,KGS,0.860236,100,86.0236
2021-06-10,KGS,0.85146,100,85.146
2021-06-11,KGS,0.853876,100,85.3876
2021-06-12,KGS,0.84828,100,84.828
2021-06-16,KGS,0.847735,100,84.7735
2021-06-17,KGS,0.851646,100,85.1646
2021-06-18,KGS,0.857008,100,85.7008
2021-06-19,KGS,0.853006,100,85.3006
2021-06-22,KGS,0.865238,100,86.5238
2021-06-23,KGS,0.865397,100,86.5397
2021-06-24,KGS,0.859034,100,85.9034
2021-06-25,KGS,0.854157,100,85.4157
2021-06-26,KGS,0.852163,100,85.2163
2021-06-29,KGS,0.852281,100,85.2281
2021-06-30,KGS,0.854706,100,85.4706
2021-07-01,KGS,0.858689,100,85.8689
2021-07-02,KGS,0.860501,100,86.0501
2021-07-03,KGS,0.868057,100,86.8057
2021-07-06,KGS,0.864946,100,86.4946
2021-07-07,KGS,0.863908,100,86.3908
2021-07-08,KGS,0.87316,100,87.316
2021-07-09,KGS,0.886452,100,88.6452
2021-07-10,KGS,0.877907,100,87.7907
2021-07-13,KGS,0.880666,100,88.0666
2021-07-14,KGS,0.873276,100,87.3276
2021-07-15,KGS,0.874482,100,87.4482
2021-07-16,KGS,0.875766,100,87.5766
2021-07-17,KGS,0.874703,100,87.4703
2021-07-20,KGS,0.87664,100,87.664
2021-07-21,KGS,0.878347,100,87.8347
2021-07-22,KGS,0.87839,100,87.839
2021-07-23,KGS,0.869803,100,86.9803
2021-07-24,KGS,0.873889,100,87.3889
2021-07-27,KGS,0.879092,100,87.9092
2021-07-28,KGS,0.87458,100,87.458
2021-07-29,KGS,0.870251,100,87.0251
2021-07-30,KGS,0.864188,100,86.4188
2021-07-31,KGS,0.862352,100,86.2352
2021-08-03,KGS,0.861178,100,86.1178
2021-08-04,KGS,0.859825,100,85.9825
2021-08-05,KGS,0.859006,100,85.9006
2021-08-06,KGS,0.863468,100,86.3468
2021-08-07,KGS,0.863015,100,86.3015
2021-08-10,KGS,0.866859,100,86.6859
2021-08-11,KGS,0.86778,100,86.778
2021-08-12,KGS,0.872103,100,87.2103
2021-08-13,KGS,0.867258,100,86.7258
2021-08-14,KGS,0.864886,100,86.4886
2021-08-17,KGS,0.865276,100,86.5276
2021-08-18,KGS,0.866798,100,86.6798
2021-08-19,KGS,0.866914,100,86.6914
2021-08-20,KGS,0.876199,100,87.6199
2021-08-21,KGS,0.878488,100,87.8488
2021-08-24,KGS,0.874758,100,87.4758
2021-08-25,KGS,0.873955,100,87.3955
2021-08-26,KGS,0.870998,100,87.0998
2021-08-27,KGS,0.87332,100,87.332
2021-08-28,KGS,0.873233,100,87.3233
2021-08-31,KGS,0.868368,100,86.8368
2021-09-01,KGS,0.864871,100,86.4871
2021-09-02,KGS,0.863845,100,86.3845
2021-09-03,KGS,0.859757,100,85.9757
2021-09-04,KGS,0.859821,100,85.9821
2021-09-07,KGS,0.860536,100,86.0536
2021-09-08,KGS,0.863332,100,86.3332
2021-09-09,KGS,0.866295,100,86.6295
2021-09-10,KGS,0.862094,100,86.2094
2021-09-11,KGS,0.857744,100,85.7744
2021-09-14,KGS,0.861564,100,86.1564
2021-09-15,KGS,0.857238,100,85.7238
2021-09-16,KGS,0.858836,100,85.8836
2021-09-17,KGS,0.853928,100,85.3928
2021-09-18,KGS,0.855429,100,85.5429
2021-09-21,KGS,0.864713,100,86.4713
2021-09-22,KGS,0.863025,100,86.3025
2021-09-23,KGS,0.859165,100,85.9165
2021-09-24,KGS,0.857325,100,85.7325
2021-09-25,KGS,0.860669,100,86.0669
2021-09-28,KGS,0.85658,100,85.658
2021-09-29,KGS,0.854782,100,85.4782
2021-09-30,KGS,0.857753,100,85.7753
2021-10-01,KGS,0.856132,100,85.6132
2021-10-02,KGS,0.859648,100,85.9648
2021-10-05,KGS,0.859693,100,85.9693
2021-10-06,KGS,0.855488,100,85.5488
2021-10-07,KGS,0.855483,100,85.5483
2021-10-08,KGS,0.852149,100,85.2149
2021-10-09,KGS,0.848726,100,84.8726
2021-10-12,KGS,0.844509,100,84.4509
2021-10-13,KGS,0.847371,100,84.7371
2021-10-14,KGS,0.847107,100,84.7107
2021-10-15,KGS,0.846245,100,84.6245
2021-10-16,KGS,0.839791,100,83.9791
2021-10-19,KGS,0.839016,100,83.9016
2021-10-20,KGS,0.83665,100,83.665
2021-10-21,KGS,0.837714,100,83.7714
2021-10-22,KGS,0.836951,100,83.6951
2021-10-23,KGS,0.835372,100,83.5372
2021-10-26,KGS,0.826988,100,82.6988
2021-10-27,KGS,0.819991,100,81.9991
2021-10-28,KGS,0.823078,100,82.3078
2021-10-29,KGS,0.831452,100,83.1452
2021-10-30,KGS,0.831363,100,83.1363
2021-11-02,KGS,0.838013,100,83.8013
2021-11-03,KGS,0.842712,100,84.2712
2021-11-04,KGS,0.842744,100,84.2744
2021-11-09,KGS,0.841684,100,84.1684
2021-11-10,KGS,0.840376,100,84.0376
2021-11-11,KGS,0.833402,100,83.3402
2021-11-12,KGS,0.839317,100,83.9317
2021-11-13,KGS,0.846566,100,84.6566
2021-11-16,KGS,0.85217,100,85.217
2021-11-17,KGS,0.855422,100,85.5422
2021-11-18,KGS,0.85858,100,85.858
2021-11-19,KGS,0.855993,100,85.5993
2021-11-20,KGS,0.857764,100,85.7764
2021-11-23,KGS,0.866085,100,86.6085
2021-11-24,KGS,0.882302,100,88.2302
2021-11-25,KGS,0.876754,100,87.6754
2021-11-26,KGS,0.87944,100,87.944
2021-11-27,KGS,0.891074,100,89.1074
2021-11-30,KGS,0.8842,100,88.42
2021-12-01,KGS,0.882884,100,88.2884
2021-12-02,KGS,0.872177,100,87.2177
2021-12-03,KGS,0.873145,100,87.3145
2021-12-04,KGS,0.869433,100,86.9433
2021-12-07,KGS,0.86852,100,86.852
2021-12-08,KGS,0.874071,100,87.4071
2021-12-09,KGS,0.870568,100,87.0568
2021-12-10,KGS,0.867652,100,86.7652
2021-12-11,KGS,0.868476,100,86.8476
2021-12-14,KGS,0.865582,100,86.5582
2021-12-15,KGS,0.866121,100,86.6121
2021-12-16,KGS,0.870634,100,87.0634
2021-12-17,KGS,0.867373,100,86.7373
2021-12-18,KGS,0.869322,100,86.9322
2021-12-21,KGS,0.875842,100,87.5842
2021-12-22,KGS,0.870262,100,87.0262
2021-12-23,KGS,0.869931,100,86.9931
2021-12-24,KGS,0.864816,100,86.4816
2021-12-25,KGS,0.862885,100,86.2885
2021-12-28,KGS,0.863407,100,86.3407
2021-12-29,KGS,0.866419,100,86.6419
2021-12-30,KGS,0.868252,100,86.8252
2021-12-31,KGS,0.875906,100,87.5906
2022-01-11,KGS,0.885701,100,88.5701
2022-01-12,KGS,0.882211,100,88.2211
2022-01-13,KGS,0.878703,100,87.8703
2022-01-14,KGS,0.879191,100,87.9191
2022-01-15,KGS,0.893193,100,89.3193
2022-01-18,KGS,0.896625,100,89.6625
2022-01-19,KGS,0.900097,100,90.0097
2022-01-20,KGS,0.906315,100,90.6315
2022-01-21,KGS,0.90116,100,90.116
2022-01-22,KGS,0.90427,100,90.427
2022-01-25,KGS,0.912069,100,91.2069
2022-01-26,KGS,0.927155,100,92.7155
2022-01-27,KGS,0.930709,100,93.0709
2022-01-28,KGS,0.930749,100,93.0749
2022-01-29,KGS,0.917386,100,91.7386
2022-02-01,KGS,0.913279,100,91.3279
2022-02-02,KGS,0.90929,100,90.929
2022-02-03,KGS,0.901694,100,90.1694
2022-02-04,KGS,0.903672,100,90.3672
2022-02-05,KGS,0.896774,100,89.6774
2022-02-08,KGS,0.892174,100,89.2174
2022-02-09,KGS,0.887745,100,88.7745
2022-02-10,KGS,0.881899,100,88.1899
2022-02-11,KGS,0.880898,100,88.0898
2022-02-12,KGS,0.883994,100,88.3994
2022-02-15,KGS,0.902896,100,90.2896
2022-02-16,KGS,0.897958,100,89.7958
2022-02-17,KGS,0.884373,100,88.4373
2022-02-18,KGS,0.893039,100,89.3039
2022-02-19,KGS,0.893132,100,89.3132
2022-02-22,KGS,0.904982,100,90.4982
2022-02-23,KGS,0.948038,100,94.8038
2022-02-25,KGS,1.02478,10,10.2478
2022-02-26,KGS,0.984926,100,98.4926
2022-03-01,KGS,1.10069,10,11.0069
2022-03-02,KGS,1.07936,10,10.7936
2022-03-03,KGS,1.08736,10,10.8736
2022-03-04,KGS,1.16802,10,11.6802
2022-03-05,KGS,1.09465,10,10.9465
2022-03-06,KGS,1.08333,10,10.8333
2022-03-10,KGS,1.18824,10,11.8824
2022-03-11,KGS,1.23281,10,12.3281
2022-03-12,KGS,1.19527,10,11.9527
2022-03-15,KGS,1.10309,10,11.0309
2022-03-16,KGS,1.08235,10,10.8235
2022-03-17,KGS,1.03915,10,10.3915
2022-03-18,KGS,1.00406,10,10.0406
2022-03-19,KGS,1.00979,10,10.0979
2022-03-22,KGS,1.01687,10,10.1687
2022-03-23,KGS,1.02599,10,10.2599
2022-03-24,KGS,1.01916,10,10.1916
2022-03-25,KGS,0.971747,100,97.1747
2022-03-26,KGS,0.965109,100,96.5109
2022-03-29,KGS,0.950403,100,95.0403
2022-03-30,KGS,0.903741,100,90.3741
2022-03-31,KGS,0.880706,100,88.0706
2022-04-01,KGS,0.873632,100,87.3632
2022-04-02,KGS,0.970099,100,97.0099
2022-04-05,KGS,0.974658,100,97.4658
2022-04-06,KGS,0.972602,100,97.2602
2022-04-07,KGS,0.908094,100,90.8094
2022-04-08,KGS,0.838373,100,83.8373
2022-04-09,KGS,0.807754,100,80.7754
2022-04-12,KGS,0.918935,100,91.8935
2022-04-13,KGS,0.925685,100,92.5685
2022-04-14,KGS,0.956224,100,95.6224
2022-04-15,KGS,0.998255,100,99.8255
2022-04-16,KGS,0.98335,100,98.335
2022-04-19,KGS,0.987637,100,98.7637
2022-04-20,KGS,0.975491,100,97.5491
2022-04-21,KGS,0.933663,100,93.3663
2022-04-22,KGS,0.93324,100,93.324
2022-04-23,KGS,0.908983,100,90.8983
2022-04-26,KGS,0.882912,100,88.2912
2022-04-27,KGS,0.863552,100,86.3552
2022-04-28,KGS,0.866234,100,86.6234
2022-04-29,KGS,0.874491,100,87.4491
2022-04-30,KGS,0.865073,100,86.5073
2022-05-05,KGS,0.846537,100,84.6537
2022-05-06,KGS,0.807778,100,80.7778
2022-05-07,KGS,0.82176,100,82.176
2022-05-12,KGS,0.832817,100,83.2817
2022-05-13,KGS,0.795795,100,79.5795
2022-05-14,KGS,0.768094,100,76.8094
2022-05-17,KGS,0.770114,100,77.0114
2022-05-18,KGS,0.772269,100,77.2269
2022-05-19,KGS,0.791807,100,79.1807
2022-05-20,KGS,0.779942,100,77.9942
2022-05-21,KGS,0.737279,100,73.7279
2022-05-24,KGS,0.732185,100,73.2185
2022-05-25,KGS,0.716591,100,71.6591
2022-05-26,KGS,0.708171,100,70.8171
2022-05-27,KGS,0.780497,100,78.0497
2022-05-28,KGS,0.822086,100,82.2086
2022-05-31,KGS,0.764188,100,76.4188
2022-06-01,KGS,0.75582,100,75.582
2022-06-02,KGS,0.772785,100,77.2785
2022-06-03,KGS,0.774528,100,77.4528
2022-06-04,KGS,0.779445,100,77.9445
2022-06-07,KGS,0.768672,100,76.8672
2022-06-08,KGS,0.766748,100,76.6748
2022-06-09,KGS,0.757498,100,75.7498
2022-06-10,KGS,0.73437,100,73.437
2022-06-11,KGS,0.726755,100,72.6755
2022-06-15,KGS,0.718137,100,71.8137
2022-06-16,KGS,0.712726,100,71.2726
2022-06-17,KGS,0.715326,100,71.5326
2022-06-18,KGS,0.713325,100,71.3325
2022-06-21,KGS,0.706575,100,70.6575
2022-06-22,KGS,0.688109,100,68.8109
2022-06-23,KGS,0.670174,100,67.0174
2022-06-24,KGS,0.671131,100,67.1131
2022-06-25,KGS,0.670723,100,67.0723
2022-06-28,KGS,0.671244,100,67.1244
2022-06-29,KGS,0.666288,100,66.6288
2022-06-30,KGS,0.643497,100,64.3497
2022-07-01,KGS,0.660532,100,66.0532
2022-07-02,KGS,0.676322,100,67.6322
2022-07-05,KGS,0.692903,100,69.2903
2022-07-06,KGS,0.735997,100,73.5997
2022-07-07,KGS,0.791333,100,79.1333
2022-07-08,KGS,0.766527,100,76.6527
2022-07-09,KGS,0.741317,100,74.1317
2022-07-12,KGS,0.741778,100,74.1778
2022-07-13,KGS,0.717983,100,71.7983
2022-07-14,KGS,0.722874,100,72.2874
2022-07-15,KGS,0.718333,100,71.8333
2022-07-16,KGS,0.714249,100,71.4249
2022-07-19,KGS,0.706304,100,70.6304
2022-07-20,KGS,0.696319,100,69.6319
2022-07-21,KGS,0.689678,100,68.9678
2022-07-22,KGS,0.708817,100,70.8817
2022-07-23,KGS,0.719561,100,71.9561
2022-07-26,KGS,0.718489,100,71.8489
2022-07-27,KGS,0.724558,100,72.4558
2022-07-28,KGS,0.731103,100,73.1103
2022-07-29,KGS,0.724723,100,72.4723
2022-07-30,KGS,0.737131,100,73.7131
2022-08-02,KGS,0.747737,100,74.7737
2022-08-03,KGS,0.723601,100,72.3601
2022-08-04,KGS,0.724551,100,72.4551
2022-08-05,KGS,0.725843,100,72.5843
2022-08-06,KGS,0.727382,100,72.7382
2022-08-09,KGS,0.726704,100,72.6704
2022-08-10,KGS,0.728987,100,72.8987
2022-08-11,KGS,0.735182,100,73.5182
2022-08-12,KGS,0.736972,100,73.6972
2022-08-13,KGS,0.742635,100,74.2635
2022-08-16,KGS,0.745065,100,74.5065
2022-08-17,KGS,0.756382,100,75.6382
2022-08-18,KGS,0.750237,100,75.0237
2022-08-19,KGS,0.738375,100,73.8375
2022-08-20,KGS,0.730206,100,73.0206
2022-08-23,KGS,0.739838,100,73.9838
2022-08-24,KGS,0.745638,100,74.5638
2022-08-25,KGS,0.747222,100,74.7222
2022-08-26,KGS,0.743582,100,74.3582
2022-08-27,KGS,0.744789,100,74.4789
2022-08-30,KGS,0.748,100,74.8
2022-08-31,KGS,0.74806,100,74.806
2022-09-01,KGS,0.74646,100,74.646
2022-09-02,KGS,0.745669,100,74.5669
2022-09-03,KGS,0.746274,100,74.6274
2022-09-06,KGS,0.752168,100,75.2168
2022-09-07,KGS,0.750813,100,75.0813
2022-09-08,KGS,0.752203,100,75.2203
2022-09-09,KGS,0.742492,100,74.2492
2022-09-10,KGS,0.736774,100,73.6774
2022-09-13,KGS,0.737449,100,73.7449
2022-09-14,KGS,0.733621,100,73.3621
2022-09-15,KGS,0.73135,100,73.135
2022-09-16,KGS,0.736201,100,73.6201
2022-09-17,KGS,0.740662,100,74.0662
2022-09-20,KGS,0.742342,100,74.2342
2022-09-21,KGS,0.739732,100,73.9732
2022-09-22,KGS,0.749668,100,74.9668
2022-09-23,KGS,0.733794,100,73.3794
2022-09-24,KGS,0.712317,100,71.2317
2022-09-27,KGS,0.711866,100,71.1866
2022-09-28,KGS,0.722618,100,72.2618
2022-09-29,KGS,0.728177,100,72.8177
2022-09-30,KGS,0.716025,100,71.6025
2022-10-01,KGS,0.689707,100,68.9707
2022-10-04,KGS,0.717998,100,71.7998
2022-10-05,KGS,0.732498,100,73.2498
2022-10-06,KGS,0.739507,100,73.9507
2022-10-07,KGS,0.748699,100,74.8699
2022-10-08,KGS,0.753203,100,75.3203
2022-10-11,KGS,0.765584,100,76.5584
2022-10-12,KGS,0.773337,100,77.3337
2022-10-13,KGS,0.765033,100,76.5033
2022-10-14,KGS,0.759606,100,75.9606
2022-10-15,KGS,0.754467,100,75.4467
2022-10-18,KGS,0.746677,100,74.6677
2022-10-19,KGS,0.751188,100,75.1188
2022-10-20,KGS,0.748737,100,74.8737
2022-10-21,KGS,0.746746,100,74.6746
2022-10-22,KGS,0.740749,100,74.0749
2022-10-25,KGS,0.740195,100,74.0195
2022-10-26,KGS,0.742023,100,74.2023
2022-10-27,KGS,0.742604,100,74.2604
2022-10-28,KGS,0.739878,100,73.9878
2022-10-29,KGS,0.739168,100,73.9168
2022-11-01,KGS,0.73796,100,73.796
2022-11-02,KGS,0.735697,100,73.5697
2022-11-03,KGS,0.737825,100,73.7825
2022-11-04,KGS,0.741615,100,74.1615
2022-11-08,KGS,0.729025,100,72.9025
2022-11-09,KGS,0.725938,100,72.5938
2022-11-10,KGS,0.725619,100,72.5619
2022-11-11,KGS,0.727207,100,72.7207
2022-11-12,KGS,0.714323,100,71.4323
2022-11-15,KGS,0.715774,100,71.5774
2022-11-16,KGS,0.714755,100,71.4755
2022-11-17,KGS,0.714845,100,71.4845
2022-11-18,KGS,0.715091,100,71.5091
2022-11-19,KGS,0.714966,100,71.4966
2022-11-22,KGS,0.719533,100,71.9533
2022-11-23,KGS,0.718413,100,71.8413
2022-11-24,KGS,0.7166,100,71.66
2022-11-25,KGS,0.71519,100,71.519
2022-11-26,KGS,0.71616,100,71.616
2022-11-29,KGS,0.719518,100,71.9518
2022-11-30,KGS,0.723221,100,72.3221
2022-12-01,KGS,0.720919,100,72.0919
2022-12-02,KGS,0.724072,100,72.4072
2022-12-03,KGS,0.731497,100,73.1497
2022-12-06,KGS,0.736352,100,73.6352
2022-12-07,KGS,0.740857,100,74.0857
2022-12-08,KGS,0.740873,100,74.0873
2022-12-09,KGS,0.736585,100,73.6585
2022-12-10,KGS,0.73433,100,73.433
2022-12-13,KGS,0.738875,100,73.8875
2022-12-14,KGS,0.744108,100,74.4108
2022-12-15,KGS,0.745839,100,74.5839
2022-12-16,KGS,0.756933,100,75.6933
2022-12-17,KGS,0.760539,100,76.0539
2022-12-20,KGS,0.781017,100,78.1017
2022-12-21,KGS,0.805459,100,80.5459
2022-12-22,KGS,0.823129,100,82.3129
2022-12-23,KGS,0.84186,100,84.186
2022-12-24,KGS,0.801541,100,80.1541
2022-12-27,KGS,0.798888,100,79.8888
2022-12-28,KGS,0.81623,100,81.623
2022-12-29,KGS,0.832471,100,83.2471
2022-12-30,KGS,0.840077,100,84.0077
2022-12-31,KGS,0.820933,100,82.0933
2023-01-10,KGS,0.820497,100,82.0497
2023-01-11,KGS,0.812435,100,81.2435
2023-01-12,KGS,0.805558,100,80.5558
2023-01-13,KGS,0.791054,100,79.1054
2023-01-14,KGS,0.788683,100,78.8683
2023-01-17,KGS,0.797026,100,79.7026
2023-01-18,KGS,0.801405,100,80.1405
2023-01-19,KGS,0.803838,100,80.3838
2023-01-20,KGS,0.801579,100,80.1579
2023-01-21,KGS,0.797696,100,79.7696
2023-01-24,KGS,0.796721,100,79.6721
2023-01-25,KGS,0.798988,100,79.8988
2023-01-26,KGS,0.800985,100,80.0985
2023-01-27,KGS,0.802651,100,80.2651
2023-01-28,KGS,0.804843,100,80.4843
2023-01-31,KGS,0.807808,100,80.7808
2023-02-01,KGS,0.818542,100,81.8542
2023-02-02,KGS,0.813949,100,81.3949
2023-02-03,KGS,0.812351,100,81.2351
2023-02-04,KGS,0.816054,100,81.6054
2023-02-07,KGS,0.81854,100,81.854
2023-02-08,KGS,0.817075,100,81.7075
2023-02-09,KGS,0.824897,100,82.4897
2023-02-10,KGS,0.840093,100,84.0093
2023-02-11,KGS,0.838953,100,83.8953
2023-02-14,KGS,0.848573,100,84.8573
2023-02-15,KGS,0.849318,100,84.9318
2023-02-16,KGS,0.853256,100,85.3256
2023-02-17,KGS,0.855226,100,85.5226
2023-02-18,KGS,0.855168,100,85.5168
2023-02-21,KGS,0.846982,100,84.6982
2023-02-22,KGS,0.85634,100,85.634
2023-02-23,KGS,0.854595,100,85.4595
2023-02-28,KGS,0.862902,100,86.2902
2023-03-01,KGS,0.856706,100,85.6706
2023-03-02,KGS,0.860841,100,86.0841
2023-03-03,KGS,0.863347,100,86.3347
2023-03-04,KGS,0.86318,100,86.318
2023-03-07,KGS,0.863336,100,86.3336
2023-03-08,KGS,0.863163,100,86.3163
2023-03-10,KGS,0.868254,100,86.8254
2023-03-11,KGS,0.868687,100,86.8687
2023-03-14,KGS,0.863199,100,86.3199
2023-03-15,KGS,0.860133,100,86.0133
2023-03-16,KGS,0.86648,100,86.648
2023-03-17,KGS,0.874051,100,87.4051
2023-03-18,KGS,0.87628,100,87.628
2023-03-21,KGS,0.883576,100,88.3576
2023-03-22,KGS,0.878944,100,87.8944
2023-03-23,KGS,0.880303,100,88.0303
2023-03-24,KGS,0.87288,100,87.288
2023-03-25,KGS,0.87449,100,87.449
2023-03-28,KGS,0.875843,100,87.5843
2023-03-29,KGS,0.87616,100,87.616
2023-03-30,KGS,0.880555,100,88.0555
2023-03-31,KGS,0.881792,100,88.1792
2023-04-01,KGS,0.884504,100,88.4504
2023-04-04,KGS,0.891684,100,89.1684
2023-04-05,KGS,0.907759,100,90.7759
2023-04-06,KGS,0.909358,100,90.9358
2023-04-07,KGS,0.922801,100,92.2801
2023-04-08,KGS,0.942562,100,94.2562
2023-04-11,KGS,0.935073,100,93.5073
2023-04-12,KGS,0.940058,100,94.0058
2023-04-13,KGS,0.939069,100,93.9069
2023-04-14,KGS,0.933291,100,93.3291
2023-04-15,KGS,0.931267,100,93.1267
2023-04-18,KGS,0.932698,100,93.2698
2023-04-19,KGS,0.932458,100,93.2458
2023-04-20,KGS,0.932986,100,93.2986
2023-04-21,KGS,0.932573,100,93.2573
2023-04-22,KGS,0.931059,100,93.1059
2023-04-25,KGS,0.928639,100,92.8639
2023-04-26,KGS,0.931786,100,93.1786
2023-04-27,KGS,0.932671,100,93.2671
2023-04-28,KGS,0.931902,100,93.1902
2023-04-29,KGS,0.919896,100,91.9896
2023-05-03,KGS,0.91363,100,91.363
2023-05-04,KGS,0.90616,100,90.616
2023-05-05,KGS,0.900441,100,90.0441
2023-05-06,KGS,0.879902,100,87.9902
2023-05-11,KGS,0.878498,100,87.8498
2023-05-12,KGS,0.869198,100,86.9198
2023-05-13,KGS,0.884354,100,88.4354
2023-05-16,KGS,0.905508,100,90.5508
2023-05-17,KGS,0.914246,100,91.4246
2023-05-18,KGS,0.922829,100,92.2829
2023-05-19,KGS,0.91451,100,91.451
2023-05-20,KGS,0.91304,100,91.304
2023-05-23,KGS,0.913367,100,91.3367
2023-05-24,KGS,0.915979,100,91.5979
2023-05-25,KGS,0.913699,100,91.3699
2023-05-26,KGS,0.913165,100,91.3165
2023-05-27,KGS,0.912966,100,91.2966
2023-05-30,KGS,0.91398,100,91.398
2023-05-31,KGS,0.921192,100,92.1192
2023-06-01,KGS,0.924697,100,92.4697
2023-06-02,KGS,0.924405,100,92.4405
2023-06-03,KGS,0.923343,100,92.3343
2023-06-06,KGS,0.929713,100,92.9713
2023-06-07,KGS,0.929621,100,92.9621
2023-06-08,KGS,0.932176,100,93.2176
2023-06-09,KGS,0.938099,100,93.8099
2023-06-10,KGS,0.943618,100,94.3618
2023-06-14,KGS,0.954909,100,95.4909
2023-06-15,KGS,0.962723,100,96.2723
2023-06-16,KGS,0.958569,100,95.8569
2023-06-17,KGS,0.955015,100,95.5015
2023-06-20,KGS,0.960106,100,96.0106
2023-06-21,KGS,0.964422,100,96.4422
2023-06-22,KGS,0.964979,100,96.4979
2023-06-23,KGS,0.957706,100,95.7706
2023-06-24,KGS,0.963125,100,96.3125
2023-06-27,KGS,0.969551,100,96.9551
2023-06-28,KGS,0.97412,100,97.412
2023-06-29,KGS,0.980635,100,98.0635
2023-06-30,KGS,0.997792,100,99.7792
2023-07-01,KGS,1.01357,10,10.1357
2023-07-04,KGS,1.02308,10,10.2308
2023-07-05,KGS,1.02419,10,10.2419
2023-07-06,KGS,1.03158,10,10.3158
2023-07-07,KGS,1.05685,10,10.5685
2023-07-08,KGS,1.045,10,10.45
2023-07-11,KGS,1.0428,10,10.428
2023-07-12,KGS,1.03151,10,10.3151
2023-07-13,KGS,1.03142,10,10.3142
2023-07-14,KGS,1.02624,10,10.2624
2023-07-15,KGS,1.02559,10,10.2559
2023-07-18,KGS,1.02905,10,10.2905
2023-07-19,KGS,1.0321,10,10.321
2023-07-20,KGS,1.03795,10,10.3795
2023-07-21,KGS,1.03396,10,10.3396
2023-07-22,KGS,1.02862,10,10.2862
2023-07-25,KGS,1.02992,10,10.2992
2023-07-26,KGS,1.02552,10,10.2552
2023-07-27,KGS,1.02739,10,10.2739
2023-07-28,KGS,1.02765,10,10.2765
2023-07-29,KGS,1.0381,10,10.381
2023-08-01,KGS,1.0443,10,10.443
2023-08-02,KGS,1.04549,10,10.4549
2023-08-03,KGS,1.05793,10,10.5793
2023-08-04,KGS,1.06846,10,10.6846
2023-08-05,KGS,1.0794,10,10.794
2023-08-08,KGS,1.09897,10,10.9897
2023-08-09,KGS,1.09338,10,10.9338
2023-08-10,KGS,1.10845,10,11.0845
2023-08-11,KGS,1.10708,10,11.0708
2023-08-12,KGS,1.11573,10,11.1573
2023-08-15,KGS,1.14467,10,11.4467
2023-08-16,KGS,1.10368,10,11.0368
2023-08-17,KGS,1.09555,10,10.9555
2023-08-18,KGS,1.06204,10,10.6204
2023-08-19,KGS,1.05817,10,10.5817
2023-08-22,KGS,1.06653,10,10.6653
2023-08-23,KGS,1.06771,10,10.6771
2023-08-24,KGS,1.07112,10,10.7112
2023-08-25,KGS,1.06997,10,10.6997
2023-08-26,KGS,1.07359,10,10.7359
2023-08-29,KGS,1.08185,10,10.8185
2023-08-30,KGS,1.08453,10,10.8453
2023-08-31,KGS,1.08696,10,10.8696
2023-09-01,KGS,1.09156,10,10.9156
2023-09-02,KGS,1.09158,10,10.9158
2023-09-05,KGS,1.09479,10,10.9479
2023-09-06,KGS,1.105,10,11.05
2023-09-07,KGS,1.10846,10,11.0846
2023-09-08,KGS,1.11104,10,11.1104
2023-09-09,KGS,1.10801,10,11.0801
2023-09-12,KGS,1.09185,10,10.9185
2023-09-13,KGS,1.07143,10,10.7143
2023-09-14,KGS,1.08586,10,10.8586
2023-09-15,KGS,1.08444,10,10.8444
2023-09-16,KGS,1.08932,10,10.8932
2023-09-19,KGS,1.08947,10,10.8947
2023-09-20,KGS,1.0847,10,10.847
2023-09-21,KGS,1.08914,10,10.8914
2023-09-22,KGS,1.08304,10,10.8304
2023-09-23,KGS,1.08265,10,10.8265
2023-09-26,KGS,1.08382,10,10.8382
2023-09-27,KGS,1.08486,10,10.8486
2023-09-28,KGS,1.08781,10,10.8781
2023-09-29,KGS,1.09347,10,10.9347
2023-09-30,KGS,1.09813,10,10.9813
2023-10-03,KGS,1.11012,10,11.1012
2023-10-04,KGS,1.11901,10,11.1901
2023-10-05,KGS,1.12113,10,11.2113
2023-10-06,KGS,1.12362,10,11.2362
2023-10-07,KGS,1.13013,10,11.3013
2023-10-10,KGS,1.1399,10,11.399
2023-10-11,KGS,1.12387,10,11.2387
2023-10-12,KGS,1.12439,10,11.2439
2023-10-13,KGS,1.08775,10,10.8775
2023-10-14,KGS,1.09126,10,10.9126
2023-10-17,KGS,1.09088,10,10.9088
2023-10-18,KGS,1.08985,10,10.8985
2023-10-19,KGS,1.09015,10,10.9015
2023-10-20,KGS,1.08942,10,10.8942
2023-10-21,KGS,1.07373,10,10.7373
2023-10-24,KGS,1.06032,10,10.6032
2023-10-25,KGS,1.04705,10,10.4705
2023-10-26,KGS,1.04289,10,10.4289
2023-10-27,KGS,1.04749,10,10.4749
2023-10-28,KGS,1.04363,10,10.4363
2023-10-31,KGS,1.04393,10,10.4393
2023-11-01,KGS,1.03027,10,10.3027
2023-11-02,KGS,1.04434,10,10.4434
2023-11-03,KGS,1.04314,10,10.4314
2023-11-04,KGS,1.04159,10,10.4159
2023-11-08,KGS,1.03465,10,10.3465
2023-11-09,KGS,1.03221,10,10.3221
2023-11-10,KGS,1.02918,10,10.2918
2023-11-11,KGS,1.0306,10,10.306
2023-11-14,KGS,1.03133,10,10.3133
2023-11-15,KGS,1.02169,10,10.2169
2023-11-16,KGS,1.00165,10,10.0165
2023-11-17,KGS,0.996347,100,99.6347
2023-11-18,KGS,0.999976,100,99.9976
2023-11-21,KGS,0.993016,100,99.3016
2023-11-22,KGS,0.987194,100,98.7194
2023-11-23,KGS,0.991378,100,99.1378
2023-11-24,KGS,0.992152,100,99.2152
2023-11-25,KGS,1.0021,10,10.021
2023-11-28,KGS,0.998362,100,99.8362
2023-11-29,KGS,0.996525,100,99.6525
2023-11-30,KGS,0.99828,100,99.828
2023-12-01,KGS,0.993468,100,99.3468
2023-12-02,KGS,1.00646,10,10.0646
2023-12-05,KGS,1.01537,10,10.1537
2023-12-06,KGS,1.02539,10,10.2539
2023-12-07,KGS,1.03877,10,10.3877
2023-12-08,KGS,1.03633,10,10.3633
2023-12-09,KGS,1.02598,10,10.2598
2023-12-12,KGS,1.01864,10,10.1864
2023-12-13,KGS,1.01003,10,10.1003
2023-12-14,KGS,1.00776,10,10.0776
2023-12-15,KGS,1.00668,10,10.0668
2023-12-16,KGS,1.00745,10,10.0745
2023-12-19,KGS,1.01534,10,10.1534
2023-12-20,KGS,1.01202,10,10.1202
2023-12-21,KGS,1.01733,10,10.1733
2023-12-22,KGS,1.03174,10,10.3174
2023-12-23,KGS,1.03042,10,10.3042
2023-12-26,KGS,1.03146,10,10.3146
2023-12-27,KGS,1.03034,10,10.3034
2023-12-28,KGS,1.03006,10,10.3006
2023-12-29,KGS,1.01394,10,10.1394
2023-12-30,KGS,1.00677,10,10.0677
2024-01-10,KGS,1.01257,10,10.1257
2024-01-11,KGS,1.00086,10,10.0086
2024-01-12,KGS,0.993974,100,99.3974
2024-01-13,KGS,0.986704,100,98.6704
2024-01-16,KGS,0.981608,100,98.1608
2024-01-17,KGS,0.981295,100,98.1295
2024-01-18,KGS,0.989479,100,98.9479
2024-01-19,KGS,0.992821,100,99.2821
2024-01-20,KGS,0.99185,100,99.185
2024-01-23,KGS,0.985052,100,98.5052
2024-01-24,KGS,0.984649,100,98.4649
2024-01-25,KGS,0.988444,100,98.8444
2024-01-26,KGS,0.992568,100,99.2568
2024-01-27,KGS,1.00219,10,10.0219
2024-01-30,KGS,1.00324,10,10.0324
2024-01-31,KGS,0.99965,100,99.965
2024-02-01,KGS,1.00389,10,10.0389
2024-02-02,KGS,1.01019,10,10.1019
2024-02-03,KGS,1.01503,10,10.1503
2024-02-06,KGS,1.02028,10,10.2028
2024-02-07,KGS,1.01402,10,10.1402
2024-02-08,KGS,1.01925,10,10.1925
2024-02-09,KGS,1.02042,10,10.2042
2024-02-10,KGS,1.01633,10,10.1633
2024-02-13,KGS,1.0184,10,10.184
2024-02-14,KGS,1.01986,10,10.1986
2024-02-15,KGS,1.02238,10,10.2238
2024-02-16,KGS,1.02677,10,10.2677
2024-02-17,KGS,1.03488,10,10.3488
2024-02-20,KGS,1.03332,10,10.3332
2024-02-21,KGS,1.03264,10,10.3264
2024-02-22,KGS,1.03364,10,10.3364
2024-02-23,KGS,1.03715,10,10.3715
2024-02-27,KGS,1.03581,10,10.3581
2024-02-28,KGS,1.02921,10,10.2921
2024-02-29,KGS,1.02727,10,10.2727
2024-03-01,KGS,1.0159,10,10.159
2024-03-02,KGS,1.02163,10,10.2163
2024-03-05,KGS,1.02151,10,10.2151
2024-03-06,KGS,1.01935,10,10.1935
2024-03-07,KGS,1.01019,10,10.1019
2024-03-08,KGS,1.01475,10,10.1475
2024-03-12,KGS,1.01336,10,10.1336
2024-03-13,KGS,1.01623,10,10.1623
2024-03-14,KGS,1.023,10,10.23
2024-03-15,KGS,1.02375,10,10.2375
2024-03-16,KGS,1.02637,10,10.2637
2024-03-19,KGS,1.02763,10,10.2763
2024-03-20,KGS,1.03032,10,10.3032
2024-03-21,KGS,1.03548,10,10.3548
2024-03-22,KGS,1.02726,10,10.2726
2024-03-23,KGS,1.03465,10,10.3465
2024-03-26,KGS,1.03649,10,10.3649
2024-03-27,KGS,1.03424,10,10.3424
2024-03-28,KGS,1.03443,10,10.3443
2024-03-29,KGS,1.0312,10,10.312
2024-03-30,KGS,1.03236,10,10.3236
2024-04-02,KGS,1.03226,10,10.3226
2024-04-03,KGS,1.03554,10,10.3554
2024-04-04,KGS,1.03401,10,10.3401
2024-04-05,KGS,1.03308,10,10.3308
2024-04-06,KGS,1.03448,10,10.3448
2024-04-09,KGS,1.03828,10,10.3828
2024-04-10,KGS,1.04069,10,10.4069
2024-04-11,KGS,1.046,10,10.46
2024-04-12,KGS,1.05161,10,10.5161
2024-04-13,KGS,1.0485,10,10.485
2024-04-16,KGS,1.05015,10,10.5015
2024-04-17,KGS,1.05575,10,10.5575
2024-04-18,KGS,1.05976,10,10.5976
2024-04-19,KGS,1.05714,10,10.5714
2024-04-20,KGS,1.0497,10,10.497
2024-04-23,KGS,1.04888,10,10.4888
2024-04-24,KGS,1.04999,10,10.4999
2024-04-25,KGS,1.04113,10,10.4113
2024-04-26,KGS,1.03704,10,10.3704
2024-04-27,KGS,1.03611,10,10.3611
2024-04-28,KGS,1.03347,10,10.3347
2024-05-03,KGS,1.03802,10,10.3802
2024-05-04,KGS,1.03394,10,10.3394
2024-05-07,KGS,1.02975,10,10.2975
2024-05-08,KGS,1.02888,10,10.2888
2024-05-09,KGS,1.03888,10,10.3888
2024-05-14,KGS,1.03729,10,10.3729
2024-05-15,KGS,1.03424,10,10.3424
2024-05-16,KGS,1.03319,10,10.3319
2024-05-17,KGS,1.03016,10,10.3016
2024-05-18,KGS,1.03149,10,10.3149
2024-05-21,KGS,1.02787,10,10.2787
2024-05-22,KGS,1.02562,10,10.2562
2024-05-23,KGS,1.02463,10,10.2463
2024-05-24,KGS,1.02561,10,10.2561
2024-05-25,KGS,1.01986,10,10.1986
2024-05-28,KGS,1.00877,10,10.0877
2024-05-29,KGS,1.00611,10,10.0611
2024-05-30,KGS,1.01778,10,10.1778
2024-05-31,KGS,1.0238,10,10.238
2024-06-01,KGS,1.02841,10,10.2841
2024-06-04,KGS,1.0191,10,10.191
2024-06-05,KGS,1.01381,10,10.1381
2024-06-06,KGS,1.01633,10,10.1633
2024-06-07,KGS,1.01671,10,10.1671
2024-06-08,KGS,1.01672,10,10.1672
2024-06-11,KGS,1.0228,10,10.228
2024-06-12,KGS,1.02335,10,10.2335
2024-06-14,KGS,1.01251,10,10.1251
2024-06-15,KGS,1.01373,10,10.1373
2024-06-18,KGS,1.01354,10,10.1354
2024-06-19,KGS,0.993537,100,99.3537
2024-06-20,KGS,0.946486,100,94.6486
2024-06-21,KGS,0.982976,100,98.2976
2024-06-22,KGS,1.01384,10,10.1384
2024-06-25,KGS,1.00784,10,10.0784
2024-06-26,KGS,1.00797,10,10.0797
2024-06-27,KGS,1.01544,10,10.1544
2024-06-28,KGS,0.982811,100,98.2811
2024-06-29,KGS,0.991932,100,99.1932
2024-07-02,KGS,1.01097,10,10.1097
2024-07-03,KGS,1.02163,10,10.2163
2024-07-04,KGS,1.02196,10,10.2196
2024-07-05,KGS,1.02439,10,10.2439
2024-07-06,KGS,1.02602,10,10.2602
2024-07-09,KGS,1.02801,10,10.2801
2024-07-10,KGS,1.02757,10,10.2757
2024-07-11,KGS,1.02768,10,10.2768
2024-07-12,KGS,1.03139,10,10.3139
2024-07-13,KGS,1.02864,10,10.2864
2024-07-16,KGS,1.0294,10,10.294
2024-07-17,KGS,1.03578,10,10.3578
2024-07-18,KGS,1.03683,10,10.3683
2024-07-19,KGS,1.03624,10,10.3624
2024-07-20,KGS,1.03991,10,10.3991
2024-07-23,KGS,1.03759,10,10.3759
2024-07-24,KGS,1.03476,10,10.3476
2024-07-25,KGS,1.02758,10,10.2758
2024-07-26,KGS,1.01437,10,10.1437
2024-07-27,KGS,1.01814,10,10.1814
2024-07-30,KGS,1.03005,10,10.3005
2024-07-31,KGS,1.02737,10,10.2737
2024-08-01,KGS,1.02474,10,10.2474
2024-08-02,KGS,1.02087,10,10.2087
2024-08-03,KGS,1.0199,10,10.199
2024-08-06,KGS,1.00526,10,10.0526
2024-08-07,KGS,1.00685,10,10.0685
2024-08-08,KGS,1.01436,10,10.1436
2024-08-09,KGS,1.01654,10,10.1654
2024-08-10,KGS,1.03035,10,10.3035
2024-08-13,KGS,1.05325,10,10.5325
2024-08-14,KGS,1.08155,10,10.8155
2024-08-15,KGS,1.05024,10,10.5024
2024-08-16,KGS,1.03613,10,10.3613
2024-08-17,KGS,1.03741,10,10.3741
2024-08-20,KGS,1.04484,10,10.4484
2024-08-21,KGS,1.05862,10,10.5862
2024-08-22,KGS,1.07099,10,10.7099
2024-08-23,KGS,1.06774,10,10.6774
2024-08-24,KGS,1.07337,10,10.7337
2024-08-27,KGS,1.07704,10,10.7704
2024-08-28,KGS,1.07452,10,10.7452
2024-08-29,KGS,1.07456,10,10.7456
2024-08-30,KGS,1.07522,10,10.7522
2024-08-31,KGS,1.07386,10,10.7386
2024-09-03,KGS,1.06221,10,10.6221
2024-09-04,KGS,1.04733,10,10.4733
2024-09-05,KGS,1.05404,10,10.5404
2024-09-06,KGS,1.06499,10,10.6499
2024-09-07,KGS,1.06678,10,10.6678
2024-09-10,KGS,1.07346,10,10.7346
2024-09-11,KGS,1.0821,10,10.821
2024-09-12,KGS,1.08391,10,10.8391
2024-09-13,KGS,1.08001,10,10.8001
2024-09-14,KGS,1.07551,10,10.7551
2024-09-17,KGS,1.07646,10,10.7646
2024-09-18,KGS,1.08129,10,10.8129
2024-09-19,KGS,1.08664,10,10.8664
2024-09-20,KGS,1.09993,10,10.9993
2024-09-21,KGS,1.09908,10,10.9908
2024-09-24,KGS,1.10291,10,11.0291
2024-09-25,KGS,1.10259,10,11.0259
2024-09-26,KGS,1.09724,10,10.9724
2024-09-27,KGS,1.09748,10,10.9748
2024-09-28,KGS,1.1011,10,11.011
2024-10-01,KGS,1.1071,10,11.071
2024-10-02,KGS,1.10822,10,11.0822
2024-10-03,KGS,1.11973,10,11.1973
2024-10-04,KGS,1.1251,10,11.251
2024-10-05,KGS,1.12007,10,11.2007
2024-10-08,KGS,1.13418,10,11.3418
2024-10-09,KGS,1.12987,10,11.2987
2024-10-10,KGS,1.13789,10,11.3789
2024-10-11,KGS,1.14131,10,11.4131
2024-10-12,KGS,1.12361,10,11.2361
2024-10-15,KGS,1.124,10,11.24
2024-10-16,KGS,1.13464,10,11.3464
2024-10-17,KGS,1.13751,10,11.3751
2024-10-18,KGS,1.13625,10,11.3625
2024-10-19,KGS,1.12769,10,11.2769
2024-10-22,KGS,1.12389,10,11.2389
2024-10-23,KGS,1.12973,10,11.2973
2024-10-24,KGS,1.13027,10,11.3027
2024-10-25,KGS,1.12751,10,11.2751
2024-10-26,KGS,1.12664,10,11.2664
2024-10-29,KGS,1.13322,10,11.3322
2024-10-30,KGS,1.13434,10,11.3434
2024-10-31,KGS,1.13115,10,11.3115
2024-11-01,KGS,1.1308,10,11.308
2024-11-02,KGS,1.13567,10,11.3567
2024-11-03,KGS,1.13695,10,11.3695
2024-11-06,KGS,1.13791,10,11.3791
2024-11-07,KGS,1.13948,10,11.3948
2024-11-08,KGS,1.13773,10,11.3773
2024-11-09,KGS,1.13496,10,11.3496
2024-11-12,KGS,1.13637,10,11.3637
2024-11-13,KGS,1.13638,10,11.3638
2024-11-14,KGS,1.14113,10,11.4113
2024-11-15,KGS,1.14635,10,11.4635
2024-11-16,KGS,1.15604,10,11.5604
2024-11-19,KGS,1.15541,10,11.5541
2024-11-20,KGS,1.15647,10,11.5647
2024-11-21,KGS,1.1586,10,11.586
2024-11-22,KGS,1.16393,10,11.6393
2024-11-23,KGS,1.18585,10,11.8585
2024-11-26,KGS,1.19589,10,11.9589
2024-11-27,KGS,1.21037,10,12.1037
2024-11-28,KGS,1.24436,10,12.4436
2024-11-29,KGS,1.26242,10,12.6242
2024-11-30,KGS,1.24125,10,12.4125
2024-12-03,KGS,1.23475,10,12.3475
2024-12-04,KGS,1.22336,10,12.2336
2024-12-05,KGS,1.20088,10,12.0088
2024-12-06,KGS,1.19106,10,11.9106
2024-12-07,KGS,1.14541,10,11.4541
2024-12-10,KGS,1.14488,10,11.4488
2024-12-11,KGS,1.15245,10,11.5245
2024-12-12,KGS,1.18975,10,11.8975
2024-12-13,KGS,1.19758,10,11.9758
2024-12-14,KGS,1.18943,10,11.8943
2024-12-17,KGS,1.18293,10,11.8293
2024-12-18,KGS,1.18388,10,11.8388
2024-12-19,KGS,1.18134,10,11.8134
2024-12-20,KGS,1.18874,10,11.8874
2024-12-21,KGS,1.17637,10,11.7637
2024-12-24,KGS,1.16798,10,11.6798
2024-12-25,KGS,1.14796,10,11.4796
2024-12-26,KGS,1.14497,10,11.4497
2024-12-27,KGS,1.14057,10,11.4057
2024-12-28,KGS,1.1555,10,11.555
2024-12-29,KGS,1.16874,10,11.6874
2025-01-10,KGS,1.17576,10,11.7576
2025-01-11,KGS,1.17143,10,11.7143
2025-01-14,KGS,1.17467,10,11.7467
2025-01-15,KGS,1.18282,10,11.8282
2025-01-16,KGS,1.17563,10,11.7563
2025-01-17,KGS,1.17069,10,11.7069
2025-01-18,KGS,1.17111,10,11.7111
2025-01-21,KGS,1.16593,10,11.6593
2025-01-22,KGS,1.14269,10,11.4269
2025-01-23,KGS,1.12385,10,11.2385
2025-01-24,KGS,1.13322,10,11.3322
2025-01-25,KGS,1.12365,10,11.2365
2025-01-28,KGS,1.11071,10,11.1071
2025-01-29,KGS,1.12025,10,11.2025
2025-01-30,KGS,1.12078,10,11.2078
2025-01-31,KGS,1.12071,10,11.2071
2025-02-01,KGS,1.11848,10,11.1848
2025-02-04,KGS,1.14286,10,11.4286
2025-02-05,KGS,1.12674,10,11.2674
2025-02-06,KGS,1.12128,10,11.2128
2025-02-07,KGS,1.10818,10,11.0818
2025-02-08,KGS,1.11236,10,11.1236
2025-02-11,KGS,1.10671,10,11.0671
2025-02-12,KGS,1.09551,10,10.9551
2025-02-13,KGS,1.07545,10,10.7545
2025-02-14,KGS,1.04095,10,10.4095
2025-02-15,KGS,1.0327,10,10.327
2025-02-18,KGS,1.04557,10,10.4557
2025-02-19,KGS,1.04448,10,10.4448
2025-02-20,KGS,1.03404,10,10.3404
2025-02-21,KGS,1.01212,10,10.1212
2025-02-22,KGS,1.00821,10,10.0821
2025-02-25,KGS,1.00865,10,10.0865
2025-02-26,KGS,0.99065,10,9.9065
2025-02-27,KGS,0.98259,10,9.8259
2025-02-28,KGS,1.00282,10,10.0282
2025-03-01,KGS,1.00924,10,10.0924
2025-03-04,KGS,1.02058,10,10.2058
2025-03-05,KGS,1.02056,10,10.2056
2025-03-06,KGS,1.02673,10,10.2673
2025-03-07,KGS,1.02436,10,10.2436
2025-03-08,KGS,1.01928,10,10.1928
2025-03-11,KGS,1.01072,10,10.1072
2025-03-12,KGS,0.98991,10,9.8991
2025-03-13,KGS,0.99051,10,9.9051
2025-03-14,KGS,0.9905,10,9.905
2025-03-15,KGS,0.9785,10,9.785
2025-03-18,KGS,0.96464,10,9.6464
2025-03-19,KGS,0.93664,10,9.3664
2025-03-20,KGS,0.96775,10,9.6775
2025-03-21,KGS,0.98243,10,9.8243
2025-03-22,KGS,0.98527,10,9.8527
2025-03-25,KGS,0.96751,10,9.6751
2025-03-26,KGS,0.97371,10,9.7371
2025-03-27,KGS,0.973974,100,97.3974
2025-03-28,KGS,0.969187,100,96.9187
2025-03-29,KGS,0.968534,100,96.8534
2025-04-01,KGS,0.988338,100,98.8338
2025-04-02,KGS,0.979316,100,97.9316
2025-04-03,KGS,0.974435,100,97.4435
2025-04-04,KGS,0.973145,100,97.3145
2025-04-05,KGS,0.971287,100,97.1287
2025-04-08,KGS,0.992588,100,99.2588
2025-04-09,KGS,0.981702,100,98.1702
2025-04-10,KGS,0.985138,100,98.5138
2025-04-11,KGS,0.972166,100,97.2166
2025-04-12,KGS,0.960595,100,96.0595
2025-04-15,KGS,0.946451,100,94.6451
2025-04-16,KGS,0.941121,100,94.1121
2025-04-17,KGS,0.944766,100,94.4766
2025-04-18,KGS,0.940235,100,94.0235
2025-04-19,KGS,0.93154,100,93.154
2025-04-22,KGS,0.929685,100,92.9685
2025-04-23,KGS,0.937692,100,93.7692
2025-04-24,KGS,0.946791,100,94.6791
2025-04-25,KGS,0.948905,100,94.8905
2025-04-26,KGS,0.945168,100,94.5168
2025-04-29,KGS,0.94393,100,94.393
2025-04-30,KGS,0.932666,100,93.2666
2025-05-01,KGS,0.931885,100,93.1885
2025-05-06,KGS,0.936692,100,93.6692
2025-05-07,KGS,0.925836,100,92.5836
2025-05-08,KGS,0.924656,100,92.4656
2025-05-13,KGS,0.924966,100,92.4966
2025-05-14,KGS,0.921098,100,92.1098
2025-05-15,KGS,0.917366,100,91.7366
2025-05-16,KGS,0.918392,100,91.8392
2025-05-17,KGS,0.923601,100,92.3601
2025-05-20,KGS,0.919539,100,91.9539
2025-05-21,KGS,0.918325,100,91.8325
2025-05-22,KGS,0.911984,100,91.1984
2025-05-23,KGS,0.911786,100,91.1786
2025-05-24,KGS,0.911501,100,91.1501
2025-05-27,KGS,0.910907,100,91.0907
2025-05-28,KGS,0.910436,100,91.0436
2025-05-29,KGS,0.910277,100,91.0277
2025-05-30,KGS,0.897621,100,89.7621
2025-05-31,KGS,0.898995,100,89.8995
2025-06-03,KGS,0.904843,100,90.4843
2025-06-04,KGS,0.901714,100,90.1714
2025-06-05,KGS,0.897684,100,89.7684
2025-06-06,KGS,0.904828,100,90.4828
2025-06-07,KGS,0.905321,100,90.5321
2025-06-10,KGS,0.905138,100,90.5138
2025-06-11,KGS,0.898803,100,89.8803
2025-06-12,KGS,0.903405,100,90.3405
2025-06-17,KGS,0.897732,100,89.7732
2025-06-18,KGS,0.900097,100,90.0097
2025-06-19,KGS,0.900142,100,90.0142
2025-06-20,KGS,0.897472,100,89.7472
2025-06-21,KGS,0.897674,100,89.7674
2025-06-24,KGS,0.895654,100,89.5654
2025-06-25,KGS,0.898272,100,89.8272
2025-06-26,KGS,0.896414,100,89.6414
2025-06-27,KGS,0.89599,100,89.599
2025-06-28,KGS,0.897871,100,89.7871
2025-07-01,KGS,0.898194,100,89.8194
2025-07-02,KGS,0.896719,100,89.6719
2025-07-03,KGS,0.899417,100,89.9417
2025-07-04,KGS,0.900893,100,90.0893
2025-07-05,KGS,0.901491,100,90.1491
2025-07-08,KGS,0.900154,100,90.0154
2025-07-09,KGS,0.893862,100,89.3862
2025-07-10,KGS,0.893913,100,89.3913
2025-07-11,KGS,0.890828,100,89.0828
2025-07-12,KGS,0.890629,100,89.0629
2025-07-15,KGS,0.896264,100,89.6264
2025-07-16,KGS,0.891463,100,89.1463
2025-07-17,KGS,0.891464,100,89.1464
2025-07-18,KGS,0.894061,100,89.4061
2025-07-19,KGS,0.895516,100,89.5516
2025-07-22,KGS,0.895682,100,89.5682
2025-07-23,KGS,0.892947,100,89.2947
2025-07-24,KGS,0.897866,100,89.7866
2025-07-25,KGS,0.90332,100,90.332
2025-07-26,KGS,0.911257,100,91.1257
2025-07-29,KGS,0.911549,100,91.1549
2025-07-30,KGS,0.94163,100,94.163
2025-07-31,KGS,0.935788,100,93.5788
2025-08-01,KGS,0.918425,100,91.8425
2025-08-02,KGS,0.918569,100,91.8569
2025-08-05,KGS,0.911076,100,91.1076
2025-08-06,KGS,0.915369,100,91.5369
2025-08-07,KGS,0.916997,100,91.6997
2025-08-08,KGS,0.907772,100,90.7772
2025-08-09,KGS,0.912288,100,91.2288
2025-08-12,KGS,0.911235,100,91.1235
2025-08-13,KGS,0.914384,100,91.4384
2025-08-14,KGS,0.911313,100,91.1313
2025-08-15,KGS,0.912868,100,91.2868
2025-08-16,KGS,0.915211,100,91.5211
2025-08-19,KGS,0.919675,100,91.9675
2025-08-20,KGS,0.918772,100,91.8772
2025-08-21,KGS,0.916084,100,91.6084
2025-08-22,KGS,0.917743,100,91.7743
2025-08-23,KGS,0.923621,100,92.3621
2025-08-26,KGS,0.923471,100,92.3471
2025-08-27,KGS,0.921887,100,92.1887
2025-08-28,KGS,0.920917,100,92.0917
2025-08-29,KGS,0.91913,100,91.913
2025-08-30,KGS,0.919217,100,91.9217
2025-09-02,KGS,0.92033,100,92.033
2025-09-03,KGS,0.922325,100,92.2325
2025-09-04,KGS,0.924652,100,92.4652
2025-09-05,KGS,0.929648,100,92.9648
2025-09-06,KGS,0.932597,100,93.2597
2025-09-09,KGS,0.941563,100,94.1563
2025-09-10,KGS,0.951887,100,95.1887
2025-09-11,KGS,0.971082,100,97.1082
2025-09-12,KGS,0.979585,100,97.9585
2025-09-13,KGS,0.964892,100,96.4892
2025-09-16,KGS,0.949935,100,94.9935
2025-09-17,KGS,0.947252,100,94.7252
2025-09-18,KGS,0.949099,100,94.9099
2025-09-19,KGS,0.951086,100,95.1086
2025-09-20,KGS,0.955865,100,95.5865
2025-09-23,KGS,0.960762,100,96.0762
2025-09-24,KGS,0.953123,100,95.3123
2025-09-25,KGS,0.960451,100,96.0451
2025-09-26,KGS,0.956054,100,95.6054
2025-09-27,KGS,0.95611,100,95.611
2025-09-30,KGS,0.948121,100,94.8121
2025-10-01,KGS,0.945072,100,94.5072
2025-10-02,KGS,0.931923,100,93.1923
2025-10-03,KGS,0.926341,100,92.6341
2025-10-04,KGS,0.936611,100,93.6611
2025-10-07,KGS,0.949114,100,94.9114
2025-10-08,KGS,0.936934,100,93.6934
2025-10-09,KGS,0.932508,100,93.2508
2025-10-10,KGS,0.930966,100,93.0966
2025-10-11,KGS,0.928414,100,92.8414
2025-10-14,KGS,0.924583,100,92.4583
2025-10-15,KGS,0.914338,100,91.4338
2025-10-16,KGS,0.901532,100,90.1532
2025-10-17,KGS,0.904333,100,90.4333
2025-10-18,KGS,0.926054,100,92.6054
2025-10-21,KGS,0.93034,100,93.034
2025-10-22,KGS,0.930217,100,93.0217
2025-10-23,KGS,0.933732,100,93.3732
2025-10-24,KGS,0.92932,100,92.932
2025-10-25,KGS,0.925915,100,92.5915
2025-10-28,KGS,0.9032,100,90.32
2025-10-29,KGS,0.91272,100,91.272
2025-10-30,KGS,0.908765,100,90.8765
2025-10-31,KGS,0.920568,100,92.0568
2025-11-01,KGS,0.925965,100,92.5965
2025-11-02,KGS,0.924941,100,92.4941
2025-11-06,KGS,0.928399,100,92.8399
2025-11-07,KGS,0.930549,100,93.0549
2025-11-08,KGS,0.928824,100,92.8824
2025-11-11,KGS,0.926395,100,92.6395
2025-11-12,KGS,0.930317,100,93.0317
2025-11-13,KGS,0.929505,100,92.9505
2025-11-14,KGS,0.921681,100,92.1681
2025-11-15,KGS,0.927703,100,92.7703
2025-11-18,KGS,0.927732,100,92.7732
2025-11-19,KGS,0.926882,100,92.6882
2025-11-20,KGS,0.925612,100,92.5612
2025-11-21,KGS,0.92318,100,92.318
2025-11-22,KGS,0.903655,100,90.3655
2025-11-25,KGS,0.902461,100,90.2461
2025-11-26,KGS,0.902933,100,90.2933
2025-11-27,KGS,0.898732,100,89.8732
2025-11-28,KGS,0.8948,100,89.48
2025-11-29,KGS,0.89455,100,89.455
2025-12-02,KGS,0.888539,100,88.8539
2025-12-03,KGS,0.885799,100,88.5799
2025-12-04,KGS,0.891431,100,89.1431
2025-12-05,KGS,0.880169,100,88.0169
2025-12-06,KGS,0.87014,100,87.014
2025-12-09,KGS,0.883628,100,88.3628
2025-12-10,KGS,0.878312,100,87.8312
2025-12-11,KGS,0.890792,100,89.0792
2025-12-12,KGS,0.907259,100,90.7259
2025-12-13,KGS,0.911716,100,91.1716
2025-12-16,KGS,0.908513,100,90.8513
2025-12-17,KGS,0.908293,100,90.8293
2025-12-18,KGS,0.919162,100,91.9162
2025-12-19,KGS,0.915153,100,91.5153
2025-12-20,KGS,0.923065,100,92.3065
2025-12-23,KGS,0.906971,100,90.6971
2025-12-24,KGS,0.898628,100,89.8628
2025-12-25,KGS,0.896933,100,89.6933
2025-12-26,KGS,0.890616,100,89.0616
2025-12-27,KGS,0.888674,100,88.8674
2025-12-30,KGS,0.886,100,88.6
2025-12-31,KGS,0.894861,100,89.4861
2026-01-13,KGS,0.900987,100,90.0987
2026-01-14,KGS,0.901699,100,90.1699
2026-01-15,KGS,0.898486,100,89.8486
2026-01-16,KGS,0.897987,100,89.7987
2026-01-17,KGS,0.890031,100,89.0031
2026-01-20,KGS,0.889178,100,88.9178
2026-01-21,KGS,0.889934,100,88.9934
2026-01-22,KGS,0.886403,100,88.6403
2026-01-23,KGS,0.869505,100,86.9505
2026-01-24,KGS,0.86821,100,86.821
2026-01-27,KGS,0.869184,100,86.9184
2026-01-28,KGS,0.875389,100,87.5389
2026-01-29,KGS,0.872112,100,87.2112
2026-01-30,KGS,0.869355,100,86.9355
2026-01-31,KGS,0.866011,100,86.6011
2026-02-03,KGS,0.880758,100,88.0758
2026-02-04,KGS,0.880294,100,88.0294
2026-02-05,KGS,0.879476,100,87.9476
2026-02-06,KGS,0.875384,100,87.5384
2026-02-07,KGS,0.881121,100,88.1121
2026-02-10,KGS,0.887938,100,88.7938
2026-02-11,KGS,0.882894,100,88.2894
2026-02-12,KGS,0.885818,100,88.5818
2026-02-13,KGS,0.882653,100,88.2653
2026-02-14,KGS,0.882726,100,88.2726
2026-02-17,KGS,0.876159,100,87.6159
2026-02-18,KGS,0.877517,100,87.7517
2026-02-19,KGS,0.870811,100,87.0811
2026-02-20,KGS,0.876392,100,87.6392
2026-02-21,KGS,0.877666,100,87.7666
2026-02-25,KGS,0.87632,100,87.632
2026-02-26,KGS,0.874417,100,87.4417
2026-02-27,KGS,0.881896,100,88.1896
2026-02-28,KGS,0.883632,100,88.3632
2026-03-03,KGS,0.882534,100,88.2534
2026-03-04,KGS,0.887476,100,88.7476
2026-03-05,KGS,0.889662,100,88.9662
2026-03-06,KGS,0.894178,100,89.4178
2026-03-07,KGS,0.905089,100,90.5089
2026-03-11,KGS,0.900396,100,90.0396
2026-03-12,KGS,0.904151,100,90.4151
2026-03-13,KGS,0.904141,100,90.4141
2026-03-14,KGS,0.917389,100,91.7389
2026-03-17,KGS,0.926835,100,92.6835
2026-03-18,KGS,0.936653,100,93.6653
2026-03-19,KGS,0.950553,100,95.0553
2026-03-20,KGS,0.970154,100,97.0154
2026-03-21,KGS,0.960551,100,96.0551
2026-03-24,KGS,0.936264,100,93.6264
2026-03-25,KGS,0.925807,100,92.5807
2026-03-26,KGS,0.923041,100,92.3041
2026-03-27,KGS,0.939181,100,93.9181
2026-03-28,KGS,0.927894,100,92.7894
2026-03-31,KGS,0.929623,100,92.9623
2026-04-01,KGS,0.929107,100,92.9107
2026-04-02,KGS,0.921937,100,92.1937
2026-04-03,KGS,0.918631,100,91.8631
2026-04-04,KGS,0.911713,100,91.1713
2026-04-07,KGS,0.90026,100,90.026
2026-04-08,KGS,0.90051,100,90.051
2026-04-09,KGS,0.895418,100,89.5418
2026-04-10,KGS,0.890085,100,89.0085
2026-04-11,KGS,0.880188,100,88.0188
2026-04-14,KGS,0.871914,100,87.1914
2026-04-15,KGS,0.867389,100,86.7389
2026-04-16,KGS,0.860316,100,86.0316
2026-04-17,KGS,0.870053,100,87.0053
2026-04-18,KGS,0.86968,100,86.968
2026-04-21,KGS,0.860343,100,86.0343
2026-04-22,KGS,0.852956,100,85.2956
2026-04-23,KGS,0.857849,100,85.7849
2026-04-24,KGS,0.856085,100,85.6085
2026-04-25,KGS,0.864125,100,86.4125
2026-04-28,KGS,0.855627,100,85.5627
2026-04-29,KGS,0.854341,100,85.4341
2026-04-30,KGS,0.85647,100,85.647
2026-05-01,KGS,0.855651,100,85.5651
2026-05-05,KGS,0.862942,100,86.2942
2026-05-06,KGS,0.861866,100,86.1866
2026-05-07,KGS,0.860492,100,86.0492
2026-05-08,KGS,0.853586,100,85.3586
2026-05-09,KGS,0.849873,100,84.9873
2026-05-13,KGS,0.843771,100,84.3771
2026-05-14,KGS,0.838674,100,83.8674
2026-05-15,KGS,0.836346,100,83.6346
2026-05-16,KGS,0.836221,100,83.6221
2026-05-19,KGS,0.827326,100,82.7326
2026-05-20,KGS,0.815238,100,81.5238
2026-05-21,KGS,0.811331,100,81.1331
2026-05-22,KGS,0.809493,100,80.9493
2026-05-23,KGS,0.814282,100,81.4282
2026-05-26,KGS,0.818136,100,81.8136
2026-05-27,KGS,0.819531,100,81.9531
2026-05-28,KGS,0.810763,100,81.0763
2026-05-29,KGS,0.816141,100,81.6141
2026-05-30,KGS,0.812149,100,81.2149
2026-06-02,KGS,0.818218,100,81.8218
2026-06-03,KGS,0.829728,100,82.9728
2026-06-04,KGS,0.838692,100,83.8692
2026-06-05,KGS,0.849578,100,84.9578
2026-06-06,KGS,0.840125,100,84.0125
2026-06-09,KGS,0.837789,100,83.7789
2026-06-10,KGS,0.820264,100,82.0264
2026-06-11,KGS,0.820926,100,82.0926
2026-06-12,KGS,0.822272,100,82.2272
2026-06-16,KGS,0.828488,100,82.8488
2026-06-17,KGS,0.824915,100,82.4915
2026-06-18,KGS,0.83188,100,83.188
2026-06-19,KGS,0.838869,100,83.8869
2026-06-20,KGS,0.839783,100,83.9783
2026-06-23,KGS,0.843511,100,84.3511
2026-06-24,KGS,0.853288,100,85.3288
2026-06-25,KGS,0.855046,100,85.5046
2026-06-26,KGS,0.864891,100,86.4891
2026-06-27,KGS,0.881202,100,88.1202
2026-06-30,KGS,0.889124,100,88.9124
2026-07-01,KGS,0.895021,100,89.5021
2026-07-02,KGS,0.894971,100,89.4971
2026-07-03,KGS,0.89113,100,89.113
2026-07-04,KGS,0.883115,100,88.3115
2026-07-07,KGS,0.891589,100,89.1589
2026-07-08,KGS,0.870507,100,87.0507
2026-07-09,KGS,0.873672,100,87.3672
2026-07-10,KGS,0.868287,100,86.8287
2026-07-11,KGS,0.876681,100,87.6681
2026-07-14,KGS,0.876173,100,87.6173
2026-07-15,KGS,0.886122,100,88.6122
2026-07-16,KGS,0.891444,100,89.1444
2026-07-17,KGS,0.895576,100,89.5576
2026-07-18,KGS,0.896497,100,89.6497
2026-07-21,KGS,0.895551,100,89.5551
2026-07-22,KGS,0.898273,100,89.8273
2026-07-23,KGS,0.897377,100,89.7377
2026-07-24,KGS,0.896568,100,89.6568
2026-07-25,KGS,0.89229,100,89.229
2026-07-28,KGS,0.892135,100,89.2135
2026-07-29,KGS,0.89992,100,89.992
2026-07-30,KGS,0.907456,100,90.7456
2026-07-31,KGS,0.913177,100,91.3177
2026-08-01,KGS,0.908676,100,90.8676
2026-08-04,KGS,0.915594,100,91.5594
2026-08-05,KGS,0.92772,100,92.772
2026-08-06,KGS,0.925435,100,92.5435
2026-08-07,KGS,0.930906,100,93.0906
2026-08-08,KGS,0.939583,100,93.9583
2026-08-11,KGS,0.944608,100,94.4608
2026-08-12,KGS,0.941958,100,94.1958
2026-08-13,KGS,0.949087,100,94.9087
2026-08-14,KGS,0.958328,100,95.8328
2026-08-15,KGS,0.96678,100,96.678
2026-08-18,KGS,0.97214,100,97.214
2026-08-19,KGS,0.973865,100,97.3865
2026-08-20,KGS,0.973463,100,97.3463
2026-08-21,KGS,0.953183,100,95.3183
2026-08-22,KGS,0.948212,100,94.8212
2026-08-25,KGS,0.952405,100,95.2405
2026-08-26,KGS,0.965849,100,96.5849
2026-08-27,KGS,0.963774,100,96.3774
2026-08-28,KGS,0.982894,100,98.2894
2026-08-29,KGS,0.978853,100,97.8853
2026-09-01,KGS,0.987756,100,98.7756
2010-01-01,KZT,0.20323899999999998,100,20.3239
2010-01-12,KZT,0.198612,100,19.8612
2010-01-13,KZT,0.198349,100,19.8349
2010-01-14,KZT,0.200182,100,20.0182
2010-01-15,KZT,0.19873000000000002,100,19.873
2010-01-16,KZT,0.199664,100,19.9664
2010-01-19,KZT,0.19997499999999999,100,19.9975
2010-01-20,KZT,0.19952999999999999,100,19.953
2010-01-21,KZT,0.200683,100,20.0683
2010-01-22,KZT,0.20112,100,20.112
2010-01-23,KZT,0.20116199999999998,100,20.1162
2010-01-26,KZT,0.203342,100,20.3342
2010-01-27,KZT,0.204787,100,20.4787
2010-01-28,KZT,0.20446899999999998,100,20.4469
2010-01-29,KZT,0.204879,100,20.4879
2010-01-30,KZT,0.205686,100,20.5686
2010-02-02,KZT,0.205424,100,20.5424
2010-02-03,KZT,0.20396,100,20.396
2010-02-04,KZT,0.20200700000000002,100,20.2007
2010-02-05,KZT,0.20295200000000002,100,20.2952
2010-02-06,KZT,0.206099,100,20.6099
2010-02-09,KZT,0.206125,100,20.6125
2010-02-10,KZT,0.205025,100,20.5025
2010-02-11,KZT,0.20409,100,20.409
2010-02-12,KZT,0.203695,100,20.3695
2010-02-13,KZT,0.203918,100,20.3918
2010-02-16,KZT,0.20408400000000002,100,20.4084
2010-02-17,KZT,0.203326,100,20.3326
2010-02-18,KZT,0.20276,100,20.276
2010-02-19,KZT,0.203816,100,20.3816
2010-02-20,KZT,0.20402599999999999,100,20.4026
2010-02-25,KZT,0.203869,100,20.3869
2010-02-26,KZT,0.203791,100,20.3791
2010-02-27,KZT,0.203874,100,20.3874
2010-02-28,KZT,0.203281,100,20.3281
2010-03-02,KZT,0.20326,100,20.326
2010-03-03,KZT,0.203488,100,20.3488
2010-03-04,KZT,0.202321,100,20.2321
2010-03-05,KZT,0.202469,100,20.2469
2010-03-06,KZT,0.20268699999999998,100,20.2687
2010-03-10,KZT,0.202044,100,20.2044
2010-03-11,KZT,0.20180499999999998,100,20.1805
2010-03-12,KZT,0.200615,100,20.0615
2010-03-13,KZT,0.19981400000000002,100,19.9814
2010-03-16,KZT,0.199438,100,19.9438
2010-03-17,KZT,0.20009,100,20.009
2010-03-18,KZT,0.198597,100,19.8597
2010-03-19,KZT,0.19873000000000002,100,19.873
2010-03-20,KZT,0.199092,100,19.9092
2010-03-23,KZT,0.19959800000000003,100,19.9598
2010-03-24,KZT,0.20049499999999998,100,20.0495
2010-03-25,KZT,0.201214,100,20.1214
2010-03-26,KZT,0.201887,100,20.1887
2010-03-27,KZT,0.200968,100,20.0968
2010-03-30,KZT,0.201639,100,20.1639
2010-03-31,KZT,0.19968599999999997,100,19.9686
2010-04-01,KZT,0.20069099999999998,100,20.0691
2010-04-02,KZT,0.200166,100,20.0166
2010-04-03,KZT,0.198812,100,19.8812
2010-04-06,KZT,0.19889500000000002,100,19.8895
2010-04-07,KZT,0.199071,100,19.9071
2010-04-08,KZT,0.199387,100,19.9387
2010-04-09,KZT,0.200275,100,20.0275
2010-04-10,KZT,0.19977699999999998,100,19.9777
2010-04-13,KZT,0.19720500000000002,100,19.7205
2010-04-14,KZT,0.197883,100,19.7883
2010-04-15,KZT,0.198066,100,19.8066
2010-04-16,KZT,0.19736,100,19.736
2010-04-17,KZT,0.198174,100,19.8174
2010-04-20,KZT,0.199283,100,19.9283
2010-04-21,KZT,0.19862400000000002,100,19.8624
2010-04-22,KZT,0.198625,100,19.8625
2010-04-23,KZT,0.19869599999999998,100,19.8696
2010-04-24,KZT,0.199893,100,19.9893
2010-04-27,KZT,0.198602,100,19.8602
2010-04-28,KZT,0.19848600000000002,100,19.8486
2010-04-29,KZT,0.200403,100,20.0403
2010-04-30,KZT,0.19965599999999997,100,19.9656
2010-05-01,KZT,0.199042,100,19.9042
2010-05-05,KZT,0.199988,100,19.9988
2010-05-06,KZT,0.202243,100,20.2243
2010-05-07,KZT,0.206243,100,20.6243
2010-05-08,KZT,0.208868,100,20.8868
2010-05-12,KZT,0.206959,100,20.6959
2010-05-13,KZT,0.20596499999999998,100,20.5965
2010-05-14,KZT,0.203855,100,20.3855
2010-05-15,KZT,0.20521999999999999,100,20.522
2010-05-18,KZT,0.20919000000000001,100,20.919
2010-05-19,KZT,0.207288,100,20.7288
2010-05-20,KZT,0.209296,100,20.9296
2010-05-21,KZT,0.209727,100,20.9727
2010-05-22,KZT,0.21142,100,21.142
2010-05-25,KZT,0.210898,100,21.0898
2010-05-26,KZT,0.214162,100,21.4162
2010-05-27,KZT,0.21353100000000003,100,21.3531
2010-05-28,KZT,0.21056,100,21.056
2010-05-29,KZT,0.208154,100,20.8154
2010-06-01,KZT,0.209579,100,20.9579
2010-06-02,KZT,0.211542,100,21.1542
2010-06-03,KZT,0.212451,100,21.2451
2010-06-04,KZT,0.210656,100,21.0656
2010-06-05,KZT,0.21166000000000001,100,21.166
2010-06-08,KZT,0.21604900000000002,100,21.6049
2010-06-09,KZT,0.21489,100,21.489
2010-06-10,KZT,0.215463,100,21.5463
2010-06-11,KZT,0.21479800000000002,100,21.4798
2010-06-12,KZT,0.21385300000000002,100,21.3853
2010-06-16,KZT,0.213683,100,21.3683
2010-06-17,KZT,0.21187,100,21.187
2010-06-18,KZT,0.212037,100,21.2037
2010-06-19,KZT,0.210095,100,21.0095
2010-06-22,KZT,0.20907499999999998,100,20.9075
2010-06-23,KZT,0.21015499999999998,100,21.0155
2010-06-24,KZT,0.210454,100,21.0454
2010-06-25,KZT,0.21067799999999998,100,21.0678
2010-06-26,KZT,0.21093599999999998,100,21.0936
2010-06-29,KZT,0.21005600000000002,100,21.0056
2010-06-30,KZT,0.21153,100,21.153
2010-07-01,KZT,0.21180800000000002,100,21.1808
2010-07-02,KZT,0.212702,100,21.2702
2010-07-03,KZT,0.21149300000000001,100,21.1493
2010-07-06,KZT,0.211182,100,21.1182
2010-07-07,KZT,0.211182,100,21.1182
2010-07-08,KZT,0.21083,100,21.083
2010-07-09,KZT,0.20987999999999998,100,20.988
2010-07-10,KZT,0.208803,100,20.8803
2010-07-13,KZT,0.20918,100,20.918
2010-07-14,KZT,0.20884899999999998,100,20.8849
2010-07-15,KZT,0.206722,100,20.6722
2010-07-16,KZT,0.20718499999999998,100,20.7185
2010-07-17,KZT,0.20650500000000002,100,20.6505
2010-07-20,KZT,0.207309,100,20.7309
2010-07-21,KZT,0.206085,100,20.6085
2010-07-22,KZT,0.206065,100,20.6065
2010-07-23,KZT,0.206722,100,20.6722
2010-07-24,KZT,0.206048,100,20.6048
2010-07-27,KZT,0.20567900000000003,100,20.5679
2010-07-28,KZT,0.205101,100,20.5101
2010-07-29,KZT,0.204638,100,20.4638
2010-07-30,KZT,0.204738,100,20.4738
2010-07-31,KZT,0.20435199999999998,100,20.4352
2010-08-03,KZT,0.20424299999999998,100,20.4243
2010-08-04,KZT,0.20299499999999998,100,20.2995
2010-08-05,KZT,0.20204699999999998,100,20.2047
2010-08-06,KZT,0.202704,100,20.2704
2010-08-07,KZT,0.202541,100,20.2541
2010-08-10,KZT,0.202455,100,20.2455
2010-08-11,KZT,0.203745,100,20.3745
2010-08-12,KZT,0.204946,100,20.4946
2010-08-13,KZT,0.20616299999999999,100,20.6163
2010-08-14,KZT,0.20643999999999998,100,20.644
2010-08-17,KZT,0.20709,100,20.709
2010-08-18,KZT,0.206787,100,20.6787
2010-08-19,KZT,0.206738,100,20.6738
2010-08-20,KZT,0.207003,100,20.7003
2010-08-21,KZT,0.20738800000000002,100,20.7388
2010-08-24,KZT,0.207908,100,20.7908
2010-08-25,KZT,0.208989,100,20.8989
2010-08-26,KZT,0.209812,100,20.9812
2010-08-27,KZT,0.20941500000000002,100,20.9415
2010-08-28,KZT,0.20863099999999998,100,20.8631
2010-08-31,KZT,0.208252,100,20.8252
2010-09-01,KZT,0.20948699999999998,100,20.9487
2010-09-02,KZT,0.209233,100,20.9233
2010-09-03,KZT,0.208329,100,20.8329
2010-09-04,KZT,0.208415,100,20.8415
2010-09-07,KZT,0.20762599999999998,100,20.7626
2010-09-08,KZT,0.20850000000000002,100,20.85
2010-09-09,KZT,0.20939800000000003,100,20.9398
2010-09-10,KZT,0.20937799999999998,100,20.9378
2010-09-11,KZT,0.209634,100,20.9634
2010-09-14,KZT,0.208339,100,20.8339
2010-09-15,KZT,0.208586,100,20.8586
2010-09-16,KZT,0.208843,100,20.8843
2010-09-17,KZT,0.210549,100,21.0549
2010-09-18,KZT,0.21088,100,21.088
2010-09-21,KZT,0.21002600000000002,100,21.0026
2010-09-22,KZT,0.21075,100,21.075
2010-09-23,KZT,0.210287,100,21.0287
2010-09-24,KZT,0.210219,100,21.0219
2010-09-25,KZT,0.20982399999999998,100,20.9824
2010-09-28,KZT,0.207454,100,20.7454
2010-09-29,KZT,0.20753699999999997,100,20.7537
2010-09-30,KZT,0.206115,100,20.6115
2010-10-01,KZT,0.206746,100,20.6746
2010-10-02,KZT,0.206703,100,20.6703
2010-10-05,KZT,0.206718,100,20.6718
2010-10-06,KZT,0.206255,100,20.6255
2010-10-07,KZT,0.202739,100,20.2739
2010-10-08,KZT,0.200938,100,20.0938
2010-10-09,KZT,0.202722,100,20.2722
2010-10-12,KZT,0.20204999999999998,100,20.205
2010-10-13,KZT,0.203493,100,20.3493
2010-10-14,KZT,0.204043,100,20.4043
2010-10-15,KZT,0.20276,100,20.276
2010-10-16,KZT,0.204253,100,20.4253
2010-10-19,KZT,0.206891,100,20.6891
2010-10-20,KZT,0.206064,100,20.6064
2010-10-21,KZT,0.208643,100,20.8643
2010-10-22,KZT,0.208125,100,20.8125
2010-10-23,KZT,0.206694,100,20.6694
2010-10-26,KZT,0.204768,100,20.4768
2010-10-27,KZT,0.206018,100,20.6018
2010-10-28,KZT,0.20713,100,20.713
2010-10-29,KZT,0.207885,100,20.7885
2010-10-30,KZT,0.20864999999999997,100,20.865
2010-11-02,KZT,0.208586,100,20.8586
2010-11-03,KZT,0.208675,100,20.8675
2010-11-04,KZT,0.208383,100,20.8383
2010-11-09,KZT,0.20850100000000002,100,20.8501
2010-11-10,KZT,0.20905100000000001,100,20.9051
2010-11-11,KZT,0.207986,100,20.7986
2010-11-12,KZT,0.20683800000000002,100,20.6838
2010-11-13,KZT,0.208554,100,20.8554
2010-11-14,KZT,0.208924,100,20.8924
2010-11-16,KZT,0.208994,100,20.8994
2010-11-17,KZT,0.21026399999999998,100,21.0264
2010-11-18,KZT,0.212548,100,21.2548
2010-11-19,KZT,0.211618,100,21.1618
2010-11-20,KZT,0.209916,100,20.9916
2010-11-23,KZT,0.21032800000000001,100,21.0328
2010-11-24,KZT,0.21222000000000002,100,21.222
2010-11-25,KZT,0.212472,100,21.2472
2010-11-26,KZT,0.212269,100,21.2269
2010-11-27,KZT,0.21273499999999998,100,21.2735
2010-11-30,KZT,0.212101,100,21.2101
2010-12-01,KZT,0.212229,100,21.2229
2010-12-02,KZT,0.21304099999999998,100,21.3041
2010-12-03,KZT,0.21236,100,21.236
2010-12-04,KZT,0.211766,100,21.1766
2010-12-07,KZT,0.21207,100,21.207
2010-12-08,KZT,0.211737,100,21.1737
2010-12-09,KZT,0.21194600000000002,100,21.1946
2010-12-10,KZT,0.210226,100,21.0226
2010-12-11,KZT,0.20941500000000002,100,20.9415
2010-12-14,KZT,0.209809,100,20.9809
2010-12-15,KZT,0.20860099999999998,100,20.8601
2010-12-16,KZT,0.20833400000000002,100,20.8334
2010-12-17,KZT,0.208515,100,20.8515
2010-12-18,KZT,0.20794100000000001,100,20.7941
2010-12-21,KZT,0.208854,100,20.8854
2010-12-22,KZT,0.20861000000000002,100,20.861
2010-12-23,KZT,0.208736,100,20.8736
2010-12-24,KZT,0.20787,100,20.787
2010-12-25,KZT,0.20765899999999998,100,20.7659
2010-12-28,KZT,0.20644400000000002,100,20.6444
2010-12-29,KZT,0.20532399999999998,100,20.5324
2010-12-30,KZT,0.20596499999999998,100,20.5965
2010-12-31,KZT,0.20679099999999997,100,20.6791
2011-01-01,KZT,0.20582899999999998,100,20.5829
2011-01-12,KZT,0.20798100000000003,100,20.7981
2011-01-13,KZT,0.206352,100,20.6352
2011-01-14,KZT,0.204593,100,20.4593
2011-01-15,KZT,0.203734,100,20.3734
2011-01-18,KZT,0.204473,100,20.4473
2011-01-19,KZT,0.20330700000000002,100,20.3307
2011-01-20,KZT,0.20298200000000002,100,20.2982
2011-01-21,KZT,0.20364000000000002,100,20.364
2011-01-22,KZT,0.20426,100,20.426
2011-01-25,KZT,0.20328,100,20.328
2011-01-26,KZT,0.202976,100,20.2976
2011-01-27,KZT,0.20282499999999998,100,20.2825
2011-01-28,KZT,0.202165,100,20.2165
2011-01-29,KZT,0.20211500000000002,100,20.2115
2011-02-01,KZT,0.20271999999999998,100,20.272
2011-02-02,KZT,0.20189800000000002,100,20.1898
2011-02-03,KZT,0.20038799999999998,100,20.0388
2011-02-04,KZT,0.199999,100,19.9999
2011-02-05,KZT,0.20028300000000002,100,20.0283
2011-02-08,KZT,0.20017,100,20.017
2011-02-09,KZT,0.19950900000000002,100,19.9509
2011-02-10,KZT,0.200102,100,20.0102
2011-02-11,KZT,0.20052299999999998,100,20.0523
2011-02-12,KZT,0.20025300000000001,100,20.0253
2011-02-15,KZT,0.19982399999999997,100,19.9824
2011-02-16,KZT,0.20011600000000002,100,20.0116
2011-02-17,KZT,0.200044,100,20.0044
2011-02-18,KZT,0.199984,100,19.9984
2011-02-19,KZT,0.200168,100,20.0168
2011-02-22,KZT,0.19947199999999998,100,19.9472
2011-02-23,KZT,0.200321,100,20.0321
2011-02-25,KZT,0.19972,100,19.972
2011-02-26,KZT,0.19822900000000002,100,19.8229
2011-03-01,KZT,0.197992,100,19.7992
2011-03-02,KZT,0.197154,100,19.7154
2011-03-03,KZT,0.196322,100,19.6322
2011-03-04,KZT,0.194311,100,19.4311
2011-03-05,KZT,0.193532,100,19.3532
2011-03-06,KZT,0.19348700000000002,100,19.3487
2011-03-10,KZT,0.19436399999999998,100,19.4364
2011-03-11,KZT,0.19531300000000001,100,19.5313
2011-03-12,KZT,0.196383,100,19.6383
2011-03-15,KZT,0.196342,100,19.6342
2011-03-16,KZT,0.196796,100,19.6796
2011-03-17,KZT,0.19668,100,19.668
2011-03-18,KZT,0.19714099999999998,100,19.7141
2011-03-19,KZT,0.19523,100,19.523
2011-03-22,KZT,0.194404,100,19.4404
2011-03-23,KZT,0.19295600000000002,100,19.2956
2011-03-24,KZT,0.193736,100,19.3736
2011-03-25,KZT,0.194604,100,19.4604
2011-03-26,KZT,0.194011,100,19.4011
2011-03-29,KZT,0.195151,100,19.5151
2011-03-30,KZT,0.194554,100,19.4554
2011-03-31,KZT,0.195073,100,19.5073
2011-04-01,KZT,0.19567199999999998,100,19.5672
2011-04-02,KZT,0.19471800000000003,100,19.4718
2011-04-05,KZT,0.19365200000000002,100,19.3652
2011-04-06,KZT,0.19436599999999998,100,19.4366
2011-04-07,KZT,0.19406700000000002,100,19.4067
2011-04-08,KZT,0.19411799999999999,100,19.4118
2011-04-09,KZT,0.19337800000000002,100,19.3378
2011-04-12,KZT,0.19234600000000002,100,19.2346
2011-04-13,KZT,0.193574,100,19.3574
2011-04-14,KZT,0.193386,100,19.3386
2011-04-15,KZT,0.193996,100,19.3996
2011-04-16,KZT,0.19423400000000002,100,19.4234
2011-04-19,KZT,0.193751,100,19.3751
2011-04-20,KZT,0.195349,100,19.5349
2011-04-21,KZT,0.193388,100,19.3388
2011-04-22,KZT,0.19229,100,19.229
2011-04-23,KZT,0.192282,100,19.2282
2011-04-26,KZT,0.19250699999999998,100,19.2507
2011-04-27,KZT,0.19172799999999998,100,19.1728
2011-04-28,KZT,0.19054200000000002,100,19.0542
2011-04-29,KZT,0.18889,100,18.889
2011-04-30,KZT,0.18886299999999998,100,18.8863
2011-05-04,KZT,0.187488,100,18.7488
2011-05-05,KZT,0.187667,100,18.7667
2011-05-06,KZT,0.187217,100,18.7217
2011-05-07,KZT,0.189814,100,18.9814
2011-05-11,KZT,0.191069,100,19.1069
2011-05-12,KZT,0.189615,100,18.9615
2011-05-13,KZT,0.191767,100,19.1767
2011-05-14,KZT,0.191079,100,19.1079
2011-05-17,KZT,0.19294,100,19.294
2011-05-18,KZT,0.192911,100,19.2911
2011-05-19,KZT,0.192694,100,19.2694
2011-05-20,KZT,0.192283,100,19.2283
2011-05-21,KZT,0.192103,100,19.2103
2011-05-24,KZT,0.19514399999999998,100,19.5144
2011-05-25,KZT,0.19564499999999999,100,19.5645
2011-05-26,KZT,0.19606500000000002,100,19.6065
2011-05-27,KZT,0.194421,100,19.4421
2011-05-28,KZT,0.193434,100,19.3434
2011-05-31,KZT,0.193189,100,19.3189
2011-06-01,KZT,0.19240500000000002,100,19.2405
2011-06-02,KZT,0.19238,100,19.238
2011-06-03,KZT,0.192715,100,19.2715
2011-06-04,KZT,0.191476,100,19.1476
2011-06-07,KZT,0.190895,100,19.0895
2011-06-08,KZT,0.190977,100,19.0977
2011-06-09,KZT,0.19027899999999998,100,19.0279
2011-06-10,KZT,0.190394,100,19.0394
2011-06-11,KZT,0.19096900000000003,100,19.0969
2011-06-15,KZT,0.191367,100,19.1367
2011-06-16,KZT,0.19146000000000002,100,19.146
2011-06-17,KZT,0.19342700000000002,100,19.3427
2011-06-18,KZT,0.19304500000000002,100,19.3045
2011-06-21,KZT,0.19295600000000002,100,19.2956
2011-06-22,KZT,0.191908,100,19.1908
2011-06-23,KZT,0.19115400000000002,100,19.1154
2011-06-24,KZT,0.19215,100,19.215
2011-06-25,KZT,0.19274899999999998,100,19.2749
2011-06-28,KZT,0.193758,100,19.3758
2011-06-29,KZT,0.19291,100,19.291
2011-06-30,KZT,0.192044,100,19.2044
2011-07-01,KZT,0.19110499999999997,100,19.1105
2011-07-02,KZT,0.19104,100,19.104
2011-07-05,KZT,0.190658,100,19.0658
2011-07-06,KZT,0.191309,100,19.1309
2011-07-07,KZT,0.191557,100,19.1557
2011-07-08,KZT,0.192286,100,19.2286
2011-07-09,KZT,0.191664,100,19.1664
2011-07-12,KZT,0.19285699999999997,100,19.2857
2011-07-13,KZT,0.19418,100,19.418
2011-07-14,KZT,0.19332000000000002,100,19.332
2011-07-15,KZT,0.191949,100,19.1949
2011-07-16,KZT,0.19264199999999998,100,19.2642
2011-07-19,KZT,0.19314900000000002,100,19.3149
2011-07-20,KZT,0.192364,100,19.2364
2011-07-21,KZT,0.19150999999999999,100,19.151
2011-07-22,KZT,0.19082999999999997,100,19.083
2011-07-23,KZT,0.189816,100,18.9816
2011-07-26,KZT,0.190165,100,19.0165
2011-07-27,KZT,0.1893,100,18.93
2011-07-28,KZT,0.188501,100,18.8501
2011-07-29,KZT,0.188842,100,18.8842
2011-07-30,KZT,0.18913900000000003,100,18.9139
2011-08-02,KZT,0.188142,100,18.8142
2011-08-03,KZT,0.190327,100,19.0327
2011-08-04,KZT,0.190571,100,19.0571
2011-08-05,KZT,0.190121,100,19.0121
2011-08-06,KZT,0.193309,100,19.3309
2011-08-09,KZT,0.194351,100,19.4351
2011-08-10,KZT,0.200215,100,20.0215
2011-08-11,KZT,0.19949999999999998,100,19.95
2011-08-12,KZT,0.19994599999999998,100,19.9946
2011-08-13,KZT,0.200171,100,20.0171
2011-08-16,KZT,0.19618300000000002,100,19.6183
2011-08-17,KZT,0.195626,100,19.5626
2011-08-18,KZT,0.196139,100,19.6139
2011-08-19,KZT,0.19761800000000002,100,19.7618
2011-08-20,KZT,0.19952899999999998,100,19.9529
2011-08-23,KZT,0.199894,100,19.9894
2011-08-24,KZT,0.19778500000000002,100,19.7785
2011-08-25,KZT,0.19741599999999998,100,19.7416
2011-08-26,KZT,0.19721699999999998,100,19.7217
2011-08-27,KZT,0.197191,100,19.7191
2011-08-30,KZT,0.195951,100,19.5951
2011-08-31,KZT,0.197144,100,19.7144
2011-09-01,KZT,0.19733799999999999,100,19.7338
2011-09-02,KZT,0.19696000000000002,100,19.696
2011-09-03,KZT,0.198067,100,19.8067
2011-09-06,KZT,0.19982,100,19.982
2011-09-07,KZT,0.20146799999999998,100,20.1468
2011-09-08,KZT,0.20072500000000001,100,20.0725
2011-09-09,KZT,0.200718,100,20.0718
2011-09-10,KZT,0.20180399999999998,100,20.1804
2011-09-13,KZT,0.20569099999999998,100,20.5691
2011-09-14,KZT,0.20486000000000001,100,20.486
2011-09-15,KZT,0.206146,100,20.6146
2011-09-16,KZT,0.207399,100,20.7399
2011-09-17,KZT,0.20755800000000002,100,20.7558
2011-09-20,KZT,0.209701,100,20.9701
2011-09-21,KZT,0.213779,100,21.3779
2011-09-22,KZT,0.21313,100,21.313
2011-09-23,KZT,0.21625499999999998,100,21.6255
2011-09-24,KZT,0.217389,100,21.7389
2011-09-27,KZT,0.219634,100,21.9634
2011-09-28,KZT,0.21823399999999998,100,21.8234
2011-09-29,KZT,0.215343,100,21.5343
2011-09-30,KZT,0.215511,100,21.5511
2011-10-01,KZT,0.216864,100,21.6864
2011-10-04,KZT,0.219921,100,21.9921
2011-10-05,KZT,0.22061599999999998,100,22.0616
2011-10-06,KZT,0.220151,100,22.0151
2011-10-07,KZT,0.219134,100,21.9134
2011-10-08,KZT,0.217028,100,21.7028
2011-10-11,KZT,0.21604800000000002,100,21.6048
2011-10-12,KZT,0.21218,100,21.218
2011-10-13,KZT,0.212436,100,21.2436
2011-10-14,KZT,0.21132,100,21.132
2011-10-15,KZT,0.209764,100,20.9764
2011-10-18,KZT,0.207767,100,20.7767
2011-10-19,KZT,0.209366,100,20.9366
2011-10-20,KZT,0.20918399999999998,100,20.9184
2011-10-21,KZT,0.21212599999999998,100,21.2126
2011-10-22,KZT,0.21171600000000002,100,21.1716
2011-10-25,KZT,0.20830200000000001,100,20.8302
2011-10-26,KZT,0.206117,100,20.6117
2011-10-27,KZT,0.206659,100,20.6659
2011-10-28,KZT,0.204546,100,20.4546
2011-10-29,KZT,0.20262799999999997,100,20.2628
2011-11-01,KZT,0.20384,100,20.384
2011-11-02,KZT,0.207052,100,20.7052
2011-11-03,KZT,0.207255,100,20.7255
2011-11-04,KZT,0.208644,100,20.8644
2011-11-08,KZT,0.206459,100,20.6459
2011-11-09,KZT,0.20609100000000002,100,20.6091
2011-11-10,KZT,0.203614,100,20.3614
2011-11-11,KZT,0.208288,100,20.8288
2011-11-12,KZT,0.206077,100,20.6077
2011-11-15,KZT,0.204435,100,20.4435
2011-11-16,KZT,0.206827,100,20.6827
2011-11-17,KZT,0.208291,100,20.8291
2011-11-18,KZT,0.20764600000000002,100,20.7646
2011-11-19,KZT,0.20888400000000001,100,20.8884
2011-11-22,KZT,0.209394,100,20.9394
2011-11-23,KZT,0.21049199999999998,100,21.0492
2011-11-24,KZT,0.21186699999999997,100,21.1867
2011-11-25,KZT,0.21351199999999998,100,21.3512
2011-11-26,KZT,0.21451499999999998,100,21.4515
2011-11-29,KZT,0.21293199999999998,100,21.2932
2011-11-30,KZT,0.21208400000000002,100,21.2084
2011-12-01,KZT,0.212572,100,21.2572
2011-12-02,KZT,0.208924,100,20.8924
2011-12-03,KZT,0.20876,100,20.876
2011-12-06,KZT,0.209296,100,20.9296
2011-12-07,KZT,0.21065799999999998,100,21.0658
2011-12-08,KZT,0.21094000000000002,100,21.094
2011-12-09,KZT,0.211433,100,21.1433
2011-12-10,KZT,0.213586,100,21.3586
2011-12-13,KZT,0.212432,100,21.2432
2011-12-14,KZT,0.214083,100,21.4083
2011-12-15,KZT,0.21463200000000002,100,21.4632
2011-12-16,KZT,0.21529299999999998,100,21.5293
2011-12-17,KZT,0.21433700000000003,100,21.4337
2011-12-20,KZT,0.21610600000000002,100,21.6106
2011-12-21,KZT,0.216151,100,21.6151
2011-12-22,KZT,0.214872,100,21.4872
2011-12-23,KZT,0.213043,100,21.3043
2011-12-24,KZT,0.210914,100,21.0914
2011-12-27,KZT,0.210777,100,21.0777
2011-12-28,KZT,0.209572,100,20.9572
2011-12-29,KZT,0.212762,100,21.2762
2011-12-30,KZT,0.216232,100,21.6232
2011-12-31,KZT,0.216874,100,21.6874
2012-01-11,KZT,0.21451699999999999,100,21.4517
2012-01-12,KZT,0.21351299999999998,100,21.3513
2012-01-13,KZT,0.21337399999999998,100,21.3374
2012-01-14,KZT,0.213111,100,21.3111
2012-01-17,KZT,0.215141,100,21.5141
2012-01-18,KZT,0.212643,100,21.2643
2012-01-19,KZT,0.212689,100,21.2689
2012-01-20,KZT,0.212286,100,21.2286
2012-01-21,KZT,0.21086300000000002,100,21.0863
2012-01-24,KZT,0.211114,100,21.1114
2012-01-25,KZT,0.20792100000000002,100,20.7921
2012-01-26,KZT,0.206394,100,20.6394
2012-01-27,KZT,0.204603,100,20.4603
2012-01-28,KZT,0.20462,100,20.462
2012-01-31,KZT,0.20427700000000001,100,20.4277
2012-02-01,KZT,0.204039,100,20.4039
2012-02-02,KZT,0.204559,100,20.4559
2012-02-03,KZT,0.20302299999999998,100,20.3023
2012-02-04,KZT,0.203352,100,20.3352
2012-02-07,KZT,0.20338,100,20.338
2012-02-08,KZT,0.202368,100,20.2368
2012-02-09,KZT,0.199838,100,19.9838
2012-02-10,KZT,0.19997,100,19.997
2012-02-11,KZT,0.20149799999999998,100,20.1498
2012-02-14,KZT,0.201451,100,20.1451
2012-02-15,KZT,0.20279599999999998,100,20.2796
2012-02-16,KZT,0.202031,100,20.2031
2012-02-17,KZT,0.203962,100,20.3962
2012-02-18,KZT,0.202533,100,20.2533
2012-02-21,KZT,0.201131,100,20.1131
2012-02-22,KZT,0.201234,100,20.1234
2012-02-23,KZT,0.201266,100,20.1266
2012-02-25,KZT,0.19956600000000002,100,19.9566
2012-02-28,KZT,0.1973,100,19.73
2012-02-29,KZT,0.196054,100,19.6054
2012-03-01,KZT,0.196475,100,19.6475
2012-03-02,KZT,0.198045,100,19.8045
2012-03-03,KZT,0.19806,100,19.806
2012-03-06,KZT,0.19805399999999998,100,19.8054
2012-03-07,KZT,0.199039,100,19.9039
2012-03-08,KZT,0.200467,100,20.0467
2012-03-12,KZT,0.19957799999999998,100,19.9578
2012-03-13,KZT,0.200565,100,20.0565
2012-03-14,KZT,0.199446,100,19.9446
2012-03-15,KZT,0.199739,100,19.9739
2012-03-16,KZT,0.200537,100,20.0537
2012-03-17,KZT,0.198773,100,19.8773
2012-03-20,KZT,0.19780999999999999,100,19.781
2012-03-21,KZT,0.197429,100,19.7429
2012-03-22,KZT,0.197651,100,19.7651
2012-03-23,KZT,0.1979,100,19.79
2012-03-24,KZT,0.19897700000000001,100,19.8977
2012-03-27,KZT,0.197889,100,19.7889
2012-03-28,KZT,0.196083,100,19.6083
2012-03-29,KZT,0.196936,100,19.6936
2012-03-30,KZT,0.198242,100,19.8242
2012-03-31,KZT,0.198371,100,19.8371
2012-04-03,KZT,0.19821000000000003,100,19.821
2012-04-04,KZT,0.197715,100,19.7715
2012-04-05,KZT,0.19865300000000002,100,19.8653
2012-04-06,KZT,0.198531,100,19.8531
2012-04-07,KZT,0.19944199999999998,100,19.9442
2012-04-10,KZT,0.20060099999999997,100,20.0601
2012-04-11,KZT,0.200765,100,20.0765
2012-04-12,KZT,0.201687,100,20.1687
2012-04-13,KZT,0.20016899999999999,100,20.0169
2012-04-14,KZT,0.199621,100,19.9621
2012-04-17,KZT,0.20173100000000002,100,20.1731
2012-04-18,KZT,0.200791,100,20.0791
2012-04-19,KZT,0.199694,100,19.9694
2012-04-20,KZT,0.199724,100,19.9724
2012-04-21,KZT,0.199563,100,19.9563
2012-04-24,KZT,0.19950600000000002,100,19.9506
2012-04-25,KZT,0.199491,100,19.9491
2012-04-26,KZT,0.19822900000000002,100,19.8229
2012-04-27,KZT,0.197891,100,19.7891
2012-04-28,KZT,0.199008,100,19.9008
2012-04-29,KZT,0.19871200000000003,100,19.8712
2012-05-03,KZT,0.198344,100,19.8344
2012-05-04,KZT,0.199189,100,19.9189
2012-05-05,KZT,0.200045,100,20.0045
2012-05-06,KZT,0.201579,100,20.1579
2012-05-11,KZT,0.204194,100,20.4194
2012-05-12,KZT,0.204378,100,20.4378
2012-05-13,KZT,0.203983,100,20.3983
2012-05-15,KZT,0.20450800000000002,100,20.4508
2012-05-16,KZT,0.204953,100,20.4953
2012-05-17,KZT,0.209176,100,20.9176
2012-05-18,KZT,0.20900200000000002,100,20.9002
2012-05-19,KZT,0.21215900000000001,100,21.2159
2012-05-22,KZT,0.210436,100,21.0436
2012-05-23,KZT,0.209873,100,20.9873
2012-05-24,KZT,0.212345,100,21.2345
2012-05-25,KZT,0.21407800000000002,100,21.4078
2012-05-26,KZT,0.214772,100,21.4772
2012-05-29,KZT,0.214924,100,21.4924
2012-05-30,KZT,0.21681899999999998,100,21.6819
2012-05-31,KZT,0.2193,100,21.93
2012-06-01,KZT,0.222347,100,22.2347
2012-06-02,KZT,0.22787,100,22.787
2012-06-05,KZT,0.228822,100,22.8822
2012-06-06,KZT,0.223059,100,22.3059
2012-06-07,KZT,0.22023,100,22.023
2012-06-08,KZT,0.216615,100,21.6615
2012-06-09,KZT,0.220147,100,22.0147
2012-06-10,KZT,0.219096,100,21.9096
2012-06-14,KZT,0.219803,100,21.9803
2012-06-15,KZT,0.218628,100,21.8628
2012-06-16,KZT,0.217362,100,21.7362
2012-06-19,KZT,0.21584299999999998,100,21.5843
2012-06-20,KZT,0.218442,100,21.8442
2012-06-21,KZT,0.218592,100,21.8592
2012-06-22,KZT,0.220745,100,22.0745
2012-06-23,KZT,0.22462900000000002,100,22.4629
2012-06-26,KZT,0.22224,100,22.224
2012-06-27,KZT,0.222154,100,22.2154
2012-06-28,KZT,0.22002300000000002,100,22.0023
2012-06-29,KZT,0.22073399999999999,100,22.0734
2012-06-30,KZT,0.21962099999999998,100,21.9621
2012-07-03,KZT,0.217897,100,21.7897
2012-07-04,KZT,0.217221,100,21.7221
2012-07-05,KZT,0.21543500000000002,100,21.5435
2012-07-06,KZT,0.21710000000000002,100,21.71
2012-07-07,KZT,0.21800899999999998,100,21.8009
2012-07-10,KZT,0.22021000000000002,100,22.021
2012-07-11,KZT,0.22000499999999998,100,22.0005
2012-07-12,KZT,0.218986,100,21.8986
2012-07-13,KZT,0.218256,100,21.8256
2012-07-14,KZT,0.218003,100,21.8003
2012-07-17,KZT,0.21757400000000002,100,21.7574
2012-07-18,KZT,0.21681699999999998,100,21.6817
2012-07-19,KZT,0.21648900000000001,100,21.6489
2012-07-20,KZT,0.214443,100,21.4443
2012-07-21,KZT,0.21366800000000002,100,21.3668
2012-07-24,KZT,0.2162,100,21.62
2012-07-25,KZT,0.217636,100,21.7636
2012-07-26,KZT,0.219698,100,21.9698
2012-07-27,KZT,0.217461,100,21.7461
2012-07-28,KZT,0.214883,100,21.4883
2012-07-31,KZT,0.21455200000000002,100,21.4552
2012-08-01,KZT,0.21467,100,21.467
2012-08-02,KZT,0.215412,100,21.5412
2012-08-03,KZT,0.21613,100,21.613
2012-08-04,KZT,0.216554,100,21.6554
2012-08-07,KZT,0.21278300000000003,100,21.2783
2012-08-08,KZT,0.211019,100,21.1019
2012-08-09,KZT,0.211081,100,21.1081
2012-08-10,KZT,0.20994800000000002,100,20.9948
2012-08-11,KZT,0.213083,100,21.3083
2012-08-14,KZT,0.21296099999999998,100,21.2961
2012-08-15,KZT,0.21268399999999998,100,21.2684
2012-08-16,KZT,0.213479,100,21.3479
2012-08-17,KZT,0.213764,100,21.3764
2012-08-18,KZT,0.213358,100,21.3358
2012-08-21,KZT,0.21430800000000003,100,21.4308
2012-08-22,KZT,0.213998,100,21.3998
2012-08-23,KZT,0.21332399999999999,100,21.3324
2012-08-24,KZT,0.212702,100,21.2702
2012-08-25,KZT,0.213669,100,21.3669
2012-08-28,KZT,0.21404499999999999,100,21.4045
2012-08-29,KZT,0.21498899999999999,100,21.4989
2012-08-30,KZT,0.21482099999999998,100,21.4821
2012-08-31,KZT,0.215937,100,21.5937
2012-09-01,KZT,0.21762,100,21.762
2012-09-04,KZT,0.216692,100,21.6692
2012-09-05,KZT,0.215345,100,21.5345
2012-09-06,KZT,0.217333,100,21.7333
2012-09-07,KZT,0.215477,100,21.5477
2012-09-08,KZT,0.214149,100,21.4149
2012-09-11,KZT,0.212117,100,21.2117
2012-09-12,KZT,0.212242,100,21.2242
2012-09-13,KZT,0.21002099999999999,100,21.0021
2012-09-14,KZT,0.20939800000000003,100,20.9398
2012-09-15,KZT,0.205605,100,20.5605
2012-09-18,KZT,0.20423100000000002,100,20.4231
2012-09-19,KZT,0.20600100000000002,100,20.6001
2012-09-20,KZT,0.205948,100,20.5948
2012-09-21,KZT,0.21066700000000002,100,21.0667
2012-09-22,KZT,0.207619,100,20.7619
2012-09-25,KZT,0.208134,100,20.8134
2012-09-26,KZT,0.20762799999999998,100,20.7628
2012-09-27,KZT,0.208009,100,20.8009
2012-09-28,KZT,0.20793299999999998,100,20.7933
2012-09-29,KZT,0.205982,100,20.5982
2012-10-02,KZT,0.208289,100,20.8289
2012-10-03,KZT,0.207366,100,20.7366
2012-10-04,KZT,0.20766500000000002,100,20.7665
2012-10-05,KZT,0.207094,100,20.7094
2012-10-06,KZT,0.20609100000000002,100,20.6091
2012-10-09,KZT,0.20670200000000002,100,20.6702
2012-10-10,KZT,0.20677800000000002,100,20.6778
2012-10-11,KZT,0.207313,100,20.7313
2012-10-12,KZT,0.207067,100,20.7067
2012-10-13,KZT,0.20573799999999998,100,20.5738
2012-10-16,KZT,0.20630700000000002,100,20.6307
2012-10-17,KZT,0.205411,100,20.5411
2012-10-18,KZT,0.20476299999999997,100,20.4763
2012-10-19,KZT,0.204463,100,20.4463
2012-10-20,KZT,0.20523599999999997,100,20.5236
2012-10-23,KZT,0.205378,100,20.5378
2012-10-24,KZT,0.206559,100,20.6559
2012-10-25,KZT,0.20786100000000002,100,20.7861
2012-10-26,KZT,0.207503,100,20.7503
2012-10-27,KZT,0.20905200000000002,100,20.9052
2012-10-30,KZT,0.208615,100,20.8615
2012-10-31,KZT,0.20912199999999997,100,20.9122
2012-11-01,KZT,0.208052,100,20.8052
2012-11-02,KZT,0.207939,100,20.7939
2012-11-03,KZT,0.208067,100,20.8067
2012-11-07,KZT,0.208953,100,20.8953
2012-11-08,KZT,0.20765,100,20.765
2012-11-09,KZT,0.20890699999999998,100,20.8907
2012-11-10,KZT,0.208854,100,20.8854
2012-11-13,KZT,0.209522,100,20.9522
2012-11-14,KZT,0.210314,100,21.0314
2012-11-15,KZT,0.21079499999999998,100,21.0795
2012-11-16,KZT,0.210921,100,21.0921
2012-11-17,KZT,0.21101299999999998,100,21.1013
2012-11-20,KZT,0.21035399999999999,100,21.0354
2012-11-21,KZT,0.209097,100,20.9097
2012-11-22,KZT,0.209137,100,20.9137
2012-11-23,KZT,0.207552,100,20.7552
2012-11-24,KZT,0.207529,100,20.7529
2012-11-27,KZT,0.20680099999999998,100,20.6801
2012-11-28,KZT,0.20604,100,20.604
2012-11-29,KZT,0.20705300000000001,100,20.7053
2012-11-30,KZT,0.20663,100,20.663
2012-12-01,KZT,0.204697,100,20.4697
2012-12-04,KZT,0.20476400000000003,100,20.4764
2012-12-05,KZT,0.205762,100,20.5762
2012-12-06,KZT,0.204909,100,20.4909
2012-12-07,KZT,0.205687,100,20.5687
2012-12-08,KZT,0.20610299999999998,100,20.6103
2012-12-11,KZT,0.205585,100,20.5585
2012-12-12,KZT,0.204534,100,20.4534
2012-12-13,KZT,0.20420000000000002,100,20.42
2012-12-14,KZT,0.203277,100,20.3277
2012-12-15,KZT,0.20382,100,20.382
2012-12-18,KZT,0.204103,100,20.4103
2012-12-19,KZT,0.205538,100,20.5538
2012-12-20,KZT,0.204166,100,20.4166
2012-12-21,KZT,0.20444800000000002,100,20.4448
2012-12-22,KZT,0.20442799999999997,100,20.4428
2012-12-25,KZT,0.20475000000000002,100,20.475
2012-12-26,KZT,0.203361,100,20.3361
2012-12-27,KZT,0.203354,100,20.3354
2012-12-28,KZT,0.2028,100,20.28
2012-12-29,KZT,0.20210699999999998,100,20.2107
2012-12-30,KZT,0.20210699999999998,100,20.2107
2013-01-10,KZT,0.20176100000000002,100,20.1761
2013-01-11,KZT,0.201159,100,20.1159
2013-01-12,KZT,0.200362,100,20.0362
2013-01-15,KZT,0.200395,100,20.0395
2013-01-16,KZT,0.200514,100,20.0514
2013-01-17,KZT,0.201233,100,20.1233
2013-01-18,KZT,0.20122800000000002,100,20.1228
2013-01-19,KZT,0.20038799999999998,100,20.0388
2013-01-22,KZT,0.20101500000000003,100,20.1015
2013-01-23,KZT,0.20034500000000002,100,20.0345
2013-01-24,KZT,0.200333,100,20.0333
2013-01-25,KZT,0.200005,100,20.0005
2013-01-26,KZT,0.19937000000000002,100,19.937
2013-01-29,KZT,0.199663,100,19.9663
2013-01-30,KZT,0.19985,100,19.985
2013-01-31,KZT,0.198991,100,19.8991
2013-02-01,KZT,0.19898,100,19.898
2013-02-02,KZT,0.19879100000000002,100,19.8791
2013-02-05,KZT,0.198508,100,19.8508
2013-02-06,KZT,0.20007999999999998,100,20.008
2013-02-07,KZT,0.199062,100,19.9062
2013-02-08,KZT,0.199665,100,19.9665
2013-02-09,KZT,0.200429,100,20.0429
2013-02-12,KZT,0.200259,100,20.0259
2013-02-13,KZT,0.20048,100,20.048
2013-02-14,KZT,0.199829,100,19.9829
2013-02-15,KZT,0.199849,100,19.9849
2013-02-16,KZT,0.20015899999999998,100,20.0159
2013-02-19,KZT,0.20017800000000002,100,20.0178
2013-02-20,KZT,0.20011800000000002,100,20.0118
2013-02-21,KZT,0.199769,100,19.9769
2013-02-22,KZT,0.20118200000000003,100,20.1182
2013-02-23,KZT,0.202074,100,20.2074
2013-02-26,KZT,0.201889,100,20.1889
2013-02-27,KZT,0.203587,100,20.3587
2013-02-28,KZT,0.203565,100,20.3565
2013-03-01,KZT,0.202936,100,20.2936
2013-03-02,KZT,0.203447,100,20.3447
2013-03-05,KZT,0.204198,100,20.4198
2013-03-06,KZT,0.203597,100,20.3597
2013-03-07,KZT,0.203181,100,20.3181
2013-03-08,KZT,0.204018,100,20.4018
2013-03-12,KZT,0.20400300000000002,100,20.4003
2013-03-13,KZT,0.203844,100,20.3844
2013-03-14,KZT,0.203625,100,20.3625
2013-03-15,KZT,0.204057,100,20.4057
2013-03-16,KZT,0.20380500000000001,100,20.3805
2013-03-19,KZT,0.205037,100,20.5037
2013-03-20,KZT,0.204358,100,20.4358
2013-03-21,KZT,0.20508099999999999,100,20.5081
2013-03-22,KZT,0.204639,100,20.4639
2013-03-23,KZT,0.204905,100,20.4905
2013-03-26,KZT,0.203753,100,20.3753
2013-03-27,KZT,0.20469,100,20.469
2013-03-28,KZT,0.204513,100,20.4513
2013-03-29,KZT,0.205518,100,20.5518
2013-03-30,KZT,0.20600000000000002,100,20.6
2013-04-02,KZT,0.206186,100,20.6186
2013-04-03,KZT,0.20627600000000001,100,20.6276
2013-04-04,KZT,0.20809899999999998,100,20.8099
2013-04-05,KZT,0.210207,100,21.0207
2013-04-06,KZT,0.209533,100,20.9533
2013-04-09,KZT,0.20945699999999998,100,20.9457
2013-04-10,KZT,0.20672100000000002,100,20.6721
2013-04-11,KZT,0.20540299999999997,100,20.5403
2013-04-12,KZT,0.20460699999999998,100,20.4607
2013-04-13,KZT,0.204975,100,20.4975
2013-04-16,KZT,0.207332,100,20.7332
2013-04-17,KZT,0.20819,100,20.819
2013-04-18,KZT,0.206848,100,20.6848
2013-04-19,KZT,0.210006,100,21.0006
2013-04-20,KZT,0.20819600000000002,100,20.8196
2013-04-23,KZT,0.20883500000000002,100,20.8835
2013-04-24,KZT,0.20941400000000002,100,20.9414
2013-04-25,KZT,0.20918199999999998,100,20.9182
2013-04-26,KZT,0.20732099999999998,100,20.7321
2013-04-27,KZT,0.206527,100,20.6527
2013-04-30,KZT,0.206644,100,20.6644
2013-05-01,KZT,0.20531300000000002,100,20.5313
2013-05-07,KZT,0.205854,100,20.5854
2013-05-08,KZT,0.205821,100,20.5821
2013-05-09,KZT,0.20584,100,20.584
2013-05-14,KZT,0.207669,100,20.7669
2013-05-15,KZT,0.206932,100,20.6932
2013-05-16,KZT,0.207885,100,20.7885
2013-05-17,KZT,0.207857,100,20.7857
2013-05-18,KZT,0.207894,100,20.7894
2013-05-21,KZT,0.20755400000000002,100,20.7554
2013-05-22,KZT,0.20660699999999999,100,20.6607
2013-05-23,KZT,0.20702,100,20.702
2013-05-24,KZT,0.208694,100,20.8694
2013-05-25,KZT,0.207737,100,20.7737
2013-05-28,KZT,0.20752099999999998,100,20.7521
2013-05-29,KZT,0.20801100000000003,100,20.8011
2013-05-30,KZT,0.208813,100,20.8813
2013-05-31,KZT,0.208786,100,20.8786
2013-06-01,KZT,0.209922,100,20.9922
2013-06-04,KZT,0.21168199999999998,100,21.1682
2013-06-05,KZT,0.21034300000000003,100,21.0343
2013-06-06,KZT,0.211309,100,21.1309
2013-06-07,KZT,0.212346,100,21.2346
2013-06-08,KZT,0.212951,100,21.2951
2013-06-11,KZT,0.21343399999999998,100,21.3434
2013-06-12,KZT,0.213829,100,21.3829
2013-06-14,KZT,0.21348099999999998,100,21.3481
2013-06-15,KZT,0.210198,100,21.0198
2013-06-18,KZT,0.20924700000000002,100,20.9247
2013-06-19,KZT,0.21066,100,21.066
2013-06-20,KZT,0.21229399999999998,100,21.2294
2013-06-21,KZT,0.21586200000000003,100,21.5862
2013-06-22,KZT,0.21597100000000002,100,21.5971
2013-06-25,KZT,0.21729700000000002,100,21.7297
2013-06-26,KZT,0.21590499999999999,100,21.5905
2013-06-27,KZT,0.216737,100,21.6737
2013-06-28,KZT,0.21662099999999998,100,21.6621
2013-06-29,KZT,0.215673,100,21.5673
2013-07-02,KZT,0.216379,100,21.6379
2013-07-03,KZT,0.21691,100,21.691
2013-07-04,KZT,0.21857,100,21.857
2013-07-05,KZT,0.218132,100,21.8132
2013-07-06,KZT,0.21838999999999997,100,21.839
2013-07-09,KZT,0.219008,100,21.9008
2013-07-10,KZT,0.217288,100,21.7288
2013-07-11,KZT,0.216052,100,21.6052
2013-07-12,KZT,0.214055,100,21.4055
2013-07-13,KZT,0.21405200000000002,100,21.4052
2013-07-16,KZT,0.213691,100,21.3691
2013-07-17,KZT,0.213109,100,21.3109
2013-07-18,KZT,0.21235800000000002,100,21.2358
2013-07-19,KZT,0.211971,100,21.1971
2013-07-20,KZT,0.21202200000000002,100,21.2022
2013-07-23,KZT,0.211196,100,21.1196
2013-07-24,KZT,0.210884,100,21.0884
2013-07-25,KZT,0.211165,100,21.1165
2013-07-26,KZT,0.21235900000000002,100,21.2359
2013-07-27,KZT,0.212952,100,21.2952
2013-07-30,KZT,0.214448,100,21.4448
2013-07-31,KZT,0.214561,100,21.4561
2013-08-01,KZT,0.21516400000000002,100,21.5164
2013-08-02,KZT,0.214591,100,21.4591
2013-08-03,KZT,0.21527000000000002,100,21.527
2013-08-06,KZT,0.213722,100,21.3722
2013-08-07,KZT,0.21437699999999998,100,21.4377
2013-08-08,KZT,0.21519300000000002,100,21.5193
2013-08-09,KZT,0.215231,100,21.5231
2013-08-10,KZT,0.21512699999999998,100,21.5127
2013-08-13,KZT,0.214539,100,21.4539
2013-08-14,KZT,0.215894,100,21.5894
2013-08-15,KZT,0.21690500000000001,100,21.6905
2013-08-16,KZT,0.21604199999999998,100,21.6042
2013-08-17,KZT,0.215787,100,21.5787
2013-08-20,KZT,0.215822,100,21.5822
2013-08-21,KZT,0.21640399999999999,100,21.6404
2013-08-22,KZT,0.216271,100,21.6271
2013-08-23,KZT,0.217723,100,21.7723
2013-08-24,KZT,0.21712599999999999,100,21.7126
2013-08-27,KZT,0.21646200000000002,100,21.6462
2013-08-28,KZT,0.21741,100,21.741
2013-08-29,KZT,0.217787,100,21.7787
2013-08-30,KZT,0.21693,100,21.693
2013-08-31,KZT,0.216899,100,21.6899
2013-09-03,KZT,0.21705100000000002,100,21.7051
2013-09-04,KZT,0.21768,100,21.768
2013-09-05,KZT,0.218458,100,21.8458
2013-09-06,KZT,0.218307,100,21.8307
2013-09-07,KZT,0.21855,100,21.855
2013-09-10,KZT,0.217529,100,21.7529
2013-09-11,KZT,0.215347,100,21.5347
2013-09-12,KZT,0.21456,100,21.456
2013-09-13,KZT,0.21309,100,21.309
2013-09-14,KZT,0.213558,100,21.3558
2013-09-17,KZT,0.210473,100,21.0473
2013-09-18,KZT,0.210729,100,21.0729
2013-09-19,KZT,0.21013400000000002,100,21.0134
2013-09-20,KZT,0.20653300000000002,100,20.6533
2013-09-21,KZT,0.207362,100,20.7362
2013-09-24,KZT,0.208566,100,20.8566
2013-09-25,KZT,0.20795200000000003,100,20.7952
2013-09-26,KZT,0.207811,100,20.7811
2013-09-27,KZT,0.209539,100,20.9539
2013-09-28,KZT,0.210388,100,21.0388
2013-10-01,KZT,0.21120899999999998,100,21.1209
2013-10-02,KZT,0.209895,100,20.9895
2013-10-03,KZT,0.209631,100,20.9631
2013-10-04,KZT,0.208475,100,20.8475
2013-10-05,KZT,0.208201,100,20.8201
2013-10-08,KZT,0.209288,100,20.9288
2013-10-09,KZT,0.209187,100,20.9187
2013-10-10,KZT,0.209747,100,20.9747
2013-10-11,KZT,0.209712,100,20.9712
2013-10-12,KZT,0.209089,100,20.9089
2013-10-15,KZT,0.21020399999999997,100,21.0204
2013-10-16,KZT,0.20983000000000002,100,20.983
2013-10-17,KZT,0.21022,100,21.022
2013-10-18,KZT,0.208525,100,20.8525
2013-10-19,KZT,0.206792,100,20.6792
2013-10-22,KZT,0.207158,100,20.7158
2013-10-23,KZT,0.207651,100,20.7651
2013-10-24,KZT,0.20640999999999998,100,20.641
2013-10-25,KZT,0.20587,100,20.587
2013-10-26,KZT,0.20590499999999998,100,20.5905
2013-10-29,KZT,0.206069,100,20.6069
2013-10-30,KZT,0.206894,100,20.6894
2013-10-31,KZT,0.20771799999999999,100,20.7718
2013-11-01,KZT,0.208014,100,20.8014
2013-11-02,KZT,0.20856000000000002,100,20.856
2013-11-06,KZT,0.210003,100,21.0003
2013-11-07,KZT,0.211009,100,21.1009
2013-11-08,KZT,0.210741,100,21.0741
2013-11-09,KZT,0.2119,100,21.19
2013-11-12,KZT,0.21334599999999998,100,21.3346
2013-11-13,KZT,0.214065,100,21.4065
2013-11-14,KZT,0.21432400000000001,100,21.4324
2013-11-15,KZT,0.213448,100,21.3448
2013-11-16,KZT,0.21319500000000002,100,21.3195
2013-11-19,KZT,0.212404,100,21.2404
2013-11-20,KZT,0.213066,100,21.3066
2013-11-21,KZT,0.214089,100,21.4089
2013-11-22,KZT,0.216051,100,21.6051
2013-11-23,KZT,0.215308,100,21.5308
2013-11-26,KZT,0.214703,100,21.4703
2013-11-27,KZT,0.21559999999999999,100,21.56
2013-11-28,KZT,0.21507300000000001,100,21.5073
2013-11-29,KZT,0.215318,100,21.5318
2013-11-30,KZT,0.215663,100,21.5663
2013-12-03,KZT,0.214843,100,21.4843
2013-12-04,KZT,0.215317,100,21.5317
2013-12-05,KZT,0.215289,100,21.5289
2013-12-06,KZT,0.214698,100,21.4698
2013-12-07,KZT,0.21360900000000002,100,21.3609
2013-12-10,KZT,0.21269400000000002,100,21.2694
2013-12-11,KZT,0.212289,100,21.2289
2013-12-12,KZT,0.211806,100,21.1806
2013-12-13,KZT,0.21232900000000002,100,21.2329
2013-12-14,KZT,0.213369,100,21.3369
2013-12-17,KZT,0.213352,100,21.3352
2013-12-18,KZT,0.213351,100,21.3351
2013-12-19,KZT,0.21383600000000003,100,21.3836
2013-12-20,KZT,0.214257,100,21.4257
2013-12-21,KZT,0.214628,100,21.4628
2013-12-24,KZT,0.214403,100,21.4403
2013-12-25,KZT,0.21205200000000002,100,21.2052
2013-12-26,KZT,0.211894,100,21.1894
2013-12-27,KZT,0.21235600000000002,100,21.2356
2013-12-28,KZT,0.212216,100,21.2216
2013-12-31,KZT,0.21308800000000003,100,21.3088
2014-01-01,KZT,0.21175999999999998,100,21.176
2014-01-10,KZT,0.214573,100,21.4573
2014-01-11,KZT,0.214836,100,21.4836
2014-01-14,KZT,0.21410099999999999,100,21.4101
2014-01-15,KZT,0.214789,100,21.4789
2014-01-16,KZT,0.21513200000000002,100,21.5132
2014-01-17,KZT,0.215215,100,21.5215
2014-01-18,KZT,0.21544799999999997,100,21.5448
2014-01-21,KZT,0.216646,100,21.6646
2014-01-22,KZT,0.217775,100,21.7775
2014-01-23,KZT,0.218276,100,21.8276
2014-01-24,KZT,0.21954200000000001,100,21.9542
2014-01-25,KZT,0.220648,100,22.0648
2014-01-28,KZT,0.223462,100,22.3462
2014-01-29,KZT,0.222963,100,22.2963
2014-01-30,KZT,0.22226500000000002,100,22.2265
2014-01-31,KZT,0.226691,100,22.6691
2014-02-01,KZT,0.22623100000000002,100,22.6231
2014-02-04,KZT,0.226524,100,22.6524
2014-02-05,KZT,0.227763,100,22.7763
2014-02-06,KZT,0.224601,100,22.4601
2014-02-07,KZT,0.223329,100,22.3329
2014-02-08,KZT,0.222515,100,22.2515
2014-02-11,KZT,0.223266,100,22.3266
2014-02-12,KZT,0.223678,100,22.3678
2014-02-13,KZT,0.18834700000000001,100,18.8347
2014-02-14,KZT,0.188908,100,18.8908
2014-02-15,KZT,0.191079,100,19.1079
2014-02-18,KZT,0.190148,100,19.0148
2014-02-19,KZT,0.190964,100,19.0964
2014-02-20,KZT,0.192793,100,19.2793
2014-02-21,KZT,0.19284500000000002,100,19.2845
2014-02-22,KZT,0.193413,100,19.3413
2014-02-25,KZT,0.19229500000000002,100,19.2295
2014-02-26,KZT,0.19286899999999998,100,19.2869
2014-02-27,KZT,0.193685,100,19.3685
2014-02-28,KZT,0.19592400000000001,100,19.5924
2014-03-01,KZT,0.196347,100,19.6347
2014-03-04,KZT,0.19860499999999998,100,19.8605
2014-03-05,KZT,0.19933499999999998,100,19.9335
2014-03-06,KZT,0.19808399999999998,100,19.8084
2014-03-07,KZT,0.198402,100,19.8402
2014-03-08,KZT,0.19913699999999998,100,19.9137
2014-03-12,KZT,0.199893,100,19.9893
2014-03-13,KZT,0.200233,100,20.0233
2014-03-14,KZT,0.200184,100,20.0184
2014-03-15,KZT,0.20126999999999998,100,20.127
2014-03-18,KZT,0.20127099999999998,100,20.1271
2014-03-19,KZT,0.200185,100,20.0185
2014-03-20,KZT,0.19892900000000002,100,19.8929
2014-03-21,KZT,0.19825500000000001,100,19.8255
2014-03-22,KZT,0.199688,100,19.9688
2014-03-25,KZT,0.19838899999999998,100,19.8389
2014-03-26,KZT,0.197101,100,19.7101
2014-03-27,KZT,0.194697,100,19.4697
2014-03-28,KZT,0.195393,100,19.5393
2014-03-29,KZT,0.196029,100,19.6029
2014-04-01,KZT,0.195537,100,19.5537
2014-04-02,KZT,0.19234400000000001,100,19.2344
2014-04-03,KZT,0.19368,100,19.368
2014-04-04,KZT,0.195118,100,19.5118
2014-04-05,KZT,0.19496400000000003,100,19.4964
2014-04-08,KZT,0.194846,100,19.4846
2014-04-09,KZT,0.195284,100,19.5284
2014-04-10,KZT,0.196365,100,19.6365
2014-04-11,KZT,0.19533699999999998,100,19.5337
2014-04-12,KZT,0.19568200000000002,100,19.5682
2014-04-15,KZT,0.19767700000000002,100,19.7677
2014-04-16,KZT,0.19752,100,19.752
2014-04-17,KZT,0.198184,100,19.8184
2014-04-18,KZT,0.197351,100,19.7351
2014-04-19,KZT,0.195215,100,19.5215
2014-04-22,KZT,0.195902,100,19.5902
2014-04-23,KZT,0.19599799999999998,100,19.5998
2014-04-24,KZT,0.195932,100,19.5932
2014-04-25,KZT,0.196034,100,19.6034
2014-04-26,KZT,0.197406,100,19.7406
2014-04-29,KZT,0.197866,100,19.7866
2014-04-30,KZT,0.196107,100,19.6107
2014-05-01,KZT,0.196219,100,19.6219
2014-05-06,KZT,0.196848,100,19.6848
2014-05-07,KZT,0.19590699999999997,100,19.5907
2014-05-08,KZT,0.19498000000000001,100,19.498
2014-05-09,KZT,0.192443,100,19.2443
2014-05-13,KZT,0.193425,100,19.3425
2014-05-14,KZT,0.19163699999999997,100,19.1637
2014-05-15,KZT,0.190635,100,19.0635
2014-05-16,KZT,0.19058399999999998,100,19.0584
2014-05-17,KZT,0.191043,100,19.1043
2014-05-20,KZT,0.190708,100,19.0708
2014-05-21,KZT,0.189785,100,18.9785
2014-05-22,KZT,0.189203,100,18.9203
2014-05-23,KZT,0.18777000000000002,100,18.777
2014-05-24,KZT,0.187636,100,18.7636
2014-05-27,KZT,0.186061,100,18.6061
2014-05-28,KZT,0.185746,100,18.5746
2014-05-29,KZT,0.18746300000000002,100,18.7463
2014-05-30,KZT,0.188828,100,18.8828
2014-05-31,KZT,0.189303,100,18.9303
2014-06-03,KZT,0.190098,100,19.0098
2014-06-04,KZT,0.190798,100,19.0798
2014-06-05,KZT,0.191498,100,19.1498
2014-06-06,KZT,0.190214,100,19.0214
2014-06-07,KZT,0.18886299999999998,100,18.8863
2014-06-10,KZT,0.187086,100,18.7086
2014-06-11,KZT,0.187282,100,18.7282
2014-06-12,KZT,0.187045,100,18.7045
2014-06-17,KZT,0.188357,100,18.8357
2014-06-18,KZT,0.189667,100,18.9667
2014-06-19,KZT,0.189762,100,18.9762
2014-06-20,KZT,0.18692399999999998,100,18.6924
2014-06-21,KZT,0.187559,100,18.7559
2014-06-24,KZT,0.186821,100,18.6821
2014-06-25,KZT,0.185189,100,18.5189
2014-06-26,KZT,0.184759,100,18.4759
2014-06-27,KZT,0.183908,100,18.3908
2014-06-28,KZT,0.18324300000000002,100,18.3243
2014-07-01,KZT,0.184418,100,18.4418
2014-07-02,KZT,0.186506,100,18.6506
2014-07-03,KZT,0.186616,100,18.6616
2014-07-04,KZT,0.18631799999999998,100,18.6318
2014-07-05,KZT,0.187029,100,18.7029
2014-07-08,KZT,0.188357,100,18.8357
2014-07-09,KZT,0.187561,100,18.7561
2014-07-10,KZT,0.185689,100,18.5689
2014-07-11,KZT,0.184379,100,18.4379
2014-07-12,KZT,0.18557300000000002,100,18.5573
2014-07-15,KZT,0.18698399999999998,100,18.6984
2014-07-16,KZT,0.187264,100,18.7264
2014-07-17,KZT,0.18738600000000002,100,18.7386
2014-07-18,KZT,0.189603,100,18.9603
2014-07-19,KZT,0.19157,100,19.157
2014-07-22,KZT,0.19118400000000002,100,19.1184
2014-07-23,KZT,0.19091000000000002,100,19.091
2014-07-24,KZT,0.18966999999999998,100,18.967
2014-07-25,KZT,0.191138,100,19.1138
2014-07-26,KZT,0.191006,100,19.1006
2014-07-29,KZT,0.192588,100,19.2588
2014-07-30,KZT,0.19416899999999998,100,19.4169
2014-07-31,KZT,0.194656,100,19.4656
2014-08-01,KZT,0.19364,100,19.364
2014-08-02,KZT,0.196239,100,19.6239
2014-08-05,KZT,0.195872,100,19.5872
2014-08-06,KZT,0.19667500000000002,100,19.6675
2014-08-07,KZT,0.19840800000000003,100,19.8408
2014-08-08,KZT,0.199163,100,19.9163
2014-08-09,KZT,0.200264,100,20.0264
2014-08-12,KZT,0.198052,100,19.8052
2014-08-13,KZT,0.19827999999999998,100,19.828
2014-08-14,KZT,0.199023,100,19.9023
2014-08-15,KZT,0.198008,100,19.8008
2014-08-16,KZT,0.197799,100,19.7799
2014-08-19,KZT,0.197958,100,19.7958
2014-08-20,KZT,0.19835999999999998,100,19.836
2014-08-21,KZT,0.198989,100,19.8989
2014-08-22,KZT,0.199581,100,19.9581
2014-08-23,KZT,0.197774,100,19.7774
2014-08-26,KZT,0.198462,100,19.8462
2014-08-27,KZT,0.198548,100,19.8548
2014-08-28,KZT,0.198548,100,19.8548
2014-08-29,KZT,0.199469,100,19.9469
2014-08-30,KZT,0.20291,100,20.291
2014-09-02,KZT,0.204926,100,20.4926
2014-09-03,KZT,0.205198,100,20.5198
2014-09-04,KZT,0.205091,100,20.5091
2014-09-05,KZT,0.202208,100,20.2208
2014-09-06,KZT,0.20286200000000001,100,20.2862
2014-09-09,KZT,0.203767,100,20.3767
2014-09-10,KZT,0.20343499999999998,100,20.3435
2014-09-11,KZT,0.20431100000000002,100,20.4311
2014-09-12,KZT,0.20535599999999998,100,20.5356
2014-09-13,KZT,0.206955,100,20.6955
2014-09-16,KZT,0.20877800000000002,100,20.8778
2014-09-17,KZT,0.21273399999999998,100,21.2734
2014-09-18,KZT,0.210878,100,21.0878
2014-09-19,KZT,0.21116800000000002,100,21.1168
2014-09-20,KZT,0.211126,100,21.1126
2014-09-23,KZT,0.212032,100,21.2032
2014-09-24,KZT,0.21260300000000001,100,21.2603
2014-09-25,KZT,0.21104099999999998,100,21.1041
2014-09-26,KZT,0.210565,100,21.0565
2014-09-27,KZT,0.21285900000000002,100,21.2859
2014-09-30,KZT,0.216535,100,21.6535
2014-10-01,KZT,0.21647099999999997,100,21.6471
2014-10-02,KZT,0.21803999999999998,100,21.804
2014-10-03,KZT,0.21740700000000002,100,21.7407
2014-10-04,KZT,0.218199,100,21.8199
2014-10-07,KZT,0.21986899999999998,100,21.9869
2014-10-08,KZT,0.21860700000000002,100,21.8607
2014-10-09,KZT,0.21986799999999998,100,21.9868
2014-10-10,KZT,0.219858,100,21.9858
2014-10-11,KZT,0.22118500000000002,100,22.1185
2014-10-14,KZT,0.221804,100,22.1804
2014-10-15,KZT,0.222903,100,22.2903
2014-10-16,KZT,0.225518,100,22.5518
2014-10-17,KZT,0.224482,100,22.4482
2014-10-18,KZT,0.22608699999999998,100,22.6087
2014-10-21,KZT,0.225187,100,22.5187
2014-10-22,KZT,0.226527,100,22.6527
2014-10-23,KZT,0.22638100000000003,100,22.6381
2014-10-24,KZT,0.22932200000000003,100,22.9322
2014-10-25,KZT,0.230976,100,23.0976
2014-10-28,KZT,0.231747,100,23.1747
2014-10-29,KZT,0.234328,100,23.4328
2014-10-30,KZT,0.23576,100,23.576
2014-10-31,KZT,0.23986000000000002,100,23.986
2014-11-01,KZT,0.232011,100,23.2011
2014-11-06,KZT,0.245415,100,24.5415
2014-11-07,KZT,0.24975999999999998,100,24.976
2014-11-08,KZT,0.264662,100,26.4662
2014-11-11,KZT,0.25366900000000003,100,25.3669
2014-11-12,KZT,0.253998,100,25.3998
2014-11-13,KZT,0.256088,100,25.6088
2014-11-14,KZT,0.254994,100,25.4994
2014-11-15,KZT,0.262001,100,26.2001
2014-11-18,KZT,0.261558,100,26.1558
2014-11-19,KZT,0.259607,100,25.9607
2014-11-20,KZT,0.259946,100,25.9946
2014-11-21,KZT,0.258087,100,25.8087
2014-11-22,KZT,0.252767,100,25.2767
2014-11-25,KZT,0.24748,100,24.748
2014-11-26,KZT,0.248231,100,24.8231
2014-11-27,KZT,0.256602,100,25.6602
2014-11-28,KZT,0.26340399999999997,100,26.3404
2014-11-29,KZT,0.272542,100,27.2542
2014-12-02,KZT,0.285327,100,28.5327
2014-12-03,KZT,0.280292,100,28.0292
2014-12-04,KZT,0.299601,100,29.9601
2014-12-05,KZT,0.289086,100,28.9086
2014-12-06,KZT,0.292586,100,29.2586
2014-12-09,KZT,0.293465,100,29.3465
2014-12-10,KZT,0.298251,100,29.8251
2014-12-11,KZT,0.298604,100,29.8604
2014-12-12,KZT,0.301476,100,30.1476
2014-12-13,KZT,0.312997,100,31.2997
2014-12-16,KZT,0.320936,100,32.0936
2014-12-17,KZT,0.33311300000000005,100,33.3113
2014-12-18,KZT,0.36924999999999997,100,36.925
2014-12-19,KZT,0.327282,100,32.7282
2014-12-20,KZT,0.333219,100,33.3219
2014-12-23,KZT,0.310321,100,31.0321
2014-12-24,KZT,0.299639,100,29.9639
2014-12-25,KZT,0.298926,100,29.8926
2014-12-26,KZT,0.288298,100,28.8298
2014-12-27,KZT,0.285112,100,28.5112
2014-12-30,KZT,0.310567,100,31.0567
2014-12-31,KZT,0.308257,100,30.8257
2015-01-01,KZT,0.308143,100,30.8143
2015-01-13,KZT,0.341506,100,34.1506
2015-01-14,KZT,0.353077,100,35.3077
2015-01-15,KZT,0.359709,100,35.9709
2015-01-16,KZT,0.352443,100,35.2443
2015-01-17,KZT,0.354292,100,35.4292
2015-01-20,KZT,0.353202,100,35.3202
2015-01-21,KZT,0.35352200000000006,100,35.3522
2015-01-22,KZT,0.35573099999999996,100,35.5731
2015-01-23,KZT,0.355222,100,35.5222
2015-01-24,KZT,0.34405,100,34.405
2015-01-27,KZT,0.355319,100,35.5319
2015-01-28,KZT,0.36735399999999996,100,36.7354
2015-01-29,KZT,0.36375300000000005,100,36.3753
2015-01-30,KZT,0.37231000000000003,100,37.231
2015-01-31,KZT,0.37371099999999996,100,37.3711
2015-02-03,KZT,0.37736800000000004,100,37.7368
2015-02-04,KZT,0.367063,100,36.7063
2015-02-05,KZT,0.353949,100,35.3949
2015-02-06,KZT,0.371002,100,37.1002
2015-02-07,KZT,0.357174,100,35.7174
2015-02-10,KZT,0.355087,100,35.5087
2015-02-11,KZT,0.353671,100,35.3671
2015-02-12,KZT,0.356678,100,35.6678
2015-02-13,KZT,0.356841,100,35.6841
2015-02-14,KZT,0.35139899999999996,100,35.1399
2015-02-17,KZT,0.338345,100,33.8345
2015-02-18,KZT,0.33927399999999996,100,33.9274
2015-02-19,KZT,0.337097,100,33.7097
2015-02-20,KZT,0.335642,100,33.5642
2015-02-21,KZT,0.33333399999999996,100,33.3334
2015-02-25,KZT,0.342973,100,34.2973
2015-02-26,KZT,0.338108,100,33.8108
2015-02-27,KZT,0.32750300000000004,100,32.7503
2015-02-28,KZT,0.330663,100,33.0663
2015-03-03,KZT,0.335978,100,33.5978
2015-03-04,KZT,0.336798,100,33.6798
2015-03-05,KZT,0.33472799999999997,100,33.4728
2015-03-06,KZT,0.333643,100,33.3643
2015-03-07,KZT,0.32321599999999995,100,32.3216
2015-03-11,KZT,0.327538,100,32.7538
2015-03-12,KZT,0.33815100000000003,100,33.8151
2015-03-13,KZT,0.328889,100,32.8889
2015-03-14,KZT,0.330816,100,33.0816
2015-03-17,KZT,0.33503,100,33.503
2015-03-18,KZT,0.33286299999999996,100,33.2863
2015-03-19,KZT,0.330942,100,33.0942
2015-03-20,KZT,0.322269,100,32.2269
2015-03-21,KZT,0.322894,100,32.2894
2015-03-24,KZT,0.319572,100,31.9572
2015-03-25,KZT,0.315948,100,31.5948
2015-03-26,KZT,0.308512,100,30.8512
2015-03-27,KZT,0.304403,100,30.4403
2015-03-28,KZT,0.310942,100,31.0942
2015-03-31,KZT,0.314654,100,31.4654
2015-04-01,KZT,0.310447,100,31.0447
2015-04-02,KZT,0.314236,100,31.4236
2015-04-03,KZT,0.30675399999999997,100,30.6754
2015-04-04,KZT,0.305479,100,30.5479
2015-04-07,KZT,0.30420200000000003,100,30.4202
2015-04-08,KZT,0.29800899999999997,100,29.8009
2015-04-09,KZT,0.290804,100,29.0804
2015-04-10,KZT,0.283003,100,28.3003
2015-04-11,KZT,0.27500199999999997,100,27.5002
2015-04-14,KZT,0.282134,100,28.2134
2015-04-15,KZT,0.279623,100,27.9623
2015-04-16,KZT,0.27158899999999997,100,27.1589
2015-04-17,KZT,0.267328,100,26.7328
2015-04-18,KZT,0.27191299999999996,100,27.1913
2015-04-21,KZT,0.277291,100,27.7291
2015-04-22,KZT,0.290223,100,29.0223
2015-04-23,KZT,0.288672,100,28.8672
2015-04-24,KZT,0.277619,100,27.7619
2015-04-25,KZT,0.270438,100,27.0438
2015-04-28,KZT,0.276983,100,27.6983
2015-04-29,KZT,0.281477,100,28.1477
2015-04-30,KZT,0.27825700000000003,100,27.8257
2015-05-01,KZT,0.275236,100,27.5236
2015-05-06,KZT,0.27858,100,27.858
2015-05-07,KZT,0.268979,100,26.8979
2015-05-08,KZT,0.271052,100,27.1052
2015-05-09,KZT,0.273134,100,27.3134
2015-05-13,KZT,0.27407,100,27.407
2015-05-14,KZT,0.266469,100,26.6469
2015-05-15,KZT,0.269298,100,26.9298
2015-05-16,KZT,0.268915,100,26.8915
2015-05-19,KZT,0.264895,100,26.4895
2015-05-20,KZT,0.264681,100,26.4681
2015-05-21,KZT,0.267987,100,26.7987
2015-05-22,KZT,0.268656,100,26.8656
2015-05-23,KZT,0.26797699999999997,100,26.7977
2015-05-26,KZT,0.268338,100,26.8338
2015-05-27,KZT,0.27081900000000003,100,27.0819
2015-05-28,KZT,0.274562,100,27.4562
2015-05-29,KZT,0.281186,100,28.1186
2015-05-30,KZT,0.28485499999999997,100,28.4855
2015-06-02,KZT,0.284047,100,28.4047
2015-06-03,KZT,0.287396,100,28.7396
2015-06-04,KZT,0.28533200000000003,100,28.5332
2015-06-05,KZT,0.295721,100,29.5721
2015-06-06,KZT,0.302473,100,30.2473
2015-06-09,KZT,0.30138200000000004,100,30.1382
2015-06-10,KZT,0.300672,100,30.0672
2015-06-11,KZT,0.294615,100,29.4615
2015-06-12,KZT,0.29311699999999996,100,29.3117
2015-06-16,KZT,0.297059,100,29.7059
2015-06-17,KZT,0.290511,100,29.0511
2015-06-18,KZT,0.28969100000000003,100,28.9691
2015-06-19,KZT,0.286629,100,28.6629
2015-06-20,KZT,0.289126,100,28.9126
2015-06-23,KZT,0.287894,100,28.7894
2015-06-24,KZT,0.29131599999999996,100,29.1316
2015-06-25,KZT,0.290396,100,29.0396
2015-06-26,KZT,0.293247,100,29.3247
2015-06-27,KZT,0.294375,100,29.4375
2015-06-30,KZT,0.298179,100,29.8179
2015-07-01,KZT,0.299883,100,29.9883
2015-07-02,KZT,0.297888,100,29.7888
2015-07-03,KZT,0.298886,100,29.8886
2015-07-04,KZT,0.298614,100,29.8614
2015-07-07,KZT,0.30296,100,30.296
2015-07-08,KZT,0.307267,100,30.7267
2015-07-09,KZT,0.307076,100,30.7076
2015-07-10,KZT,0.30577000000000004,100,30.577
2015-07-11,KZT,0.303771,100,30.3771
2015-07-14,KZT,0.30343,100,30.343
2015-07-15,KZT,0.305002,100,30.5002
2015-07-16,KZT,0.30292,100,30.292
2015-07-17,KZT,0.30445,100,30.445
2015-07-18,KZT,0.303872,100,30.3872
2015-07-21,KZT,0.303874,100,30.3874
2015-07-22,KZT,0.304728,100,30.4728
2015-07-23,KZT,0.30483899999999997,100,30.4839
2015-07-24,KZT,0.306628,100,30.6628
2015-07-25,KZT,0.310261,100,31.0261
2015-07-28,KZT,0.313904,100,31.3904
2015-07-29,KZT,0.32161900000000004,100,32.1619
2015-07-30,KZT,0.318891,100,31.8891
2015-07-31,KZT,0.314734,100,31.4734
2015-08-01,KZT,0.321947,100,32.1947
2015-08-04,KZT,0.333223,100,33.3223
2015-08-05,KZT,0.335269,100,33.5269
2015-08-06,KZT,0.334204,100,33.4204
2015-08-07,KZT,0.340338,100,34.0338
2015-08-08,KZT,0.34019799999999994,100,34.0198
2015-08-11,KZT,0.343292,100,34.3292
2015-08-12,KZT,0.336491,100,33.6491
2015-08-13,KZT,0.346074,100,34.6074
2015-08-14,KZT,0.34031100000000003,100,34.0311
2015-08-15,KZT,0.34533200000000003,100,34.5332
2015-08-18,KZT,0.347729,100,34.7729
2015-08-19,KZT,0.349484,100,34.9484
2015-08-20,KZT,0.33366599999999996,100,33.3666
2015-08-21,KZT,0.265139,100,26.5139
2015-08-22,KZT,0.284018,100,28.4018
2015-08-25,KZT,0.309613,100,30.9613
2015-08-26,KZT,0.295106,100,29.5106
2015-08-27,KZT,0.28332,100,28.332
2015-08-28,KZT,0.280306,100,28.0306
2015-08-29,KZT,0.279754,100,27.9754
2015-09-01,KZT,0.27856000000000003,100,27.856
2015-09-02,KZT,0.27377300000000004,100,27.3773
2015-09-03,KZT,0.277065,100,27.7065
2015-09-04,KZT,0.279384,100,27.9384
2015-09-05,KZT,0.281423,100,28.1423
2015-09-08,KZT,0.281779,100,28.1779
2015-09-09,KZT,0.281225,100,28.1225
2015-09-10,KZT,0.27212,100,27.212
2015-09-11,KZT,0.269617,100,26.9617
2015-09-12,KZT,0.265009,100,26.5009
2015-09-15,KZT,0.246221,100,24.6221
2015-09-16,KZT,0.239848,100,23.9848
2015-09-17,KZT,0.224625,100,22.4625
2015-09-18,KZT,0.241993,100,24.1993
2015-09-19,KZT,0.237842,100,23.7842
2015-09-22,KZT,0.244467,100,24.4467
2015-09-23,KZT,0.249952,100,24.9952
2015-09-24,KZT,0.246422,100,24.6422
2015-09-25,KZT,0.24726800000000002,100,24.7268
2015-09-26,KZT,0.242738,100,24.2738
2015-09-29,KZT,0.24239,100,24.239
2015-09-30,KZT,0.244209,100,24.4209
2015-10-01,KZT,0.242588,100,24.2588
2015-10-02,KZT,0.239799,100,23.9799
2015-10-03,KZT,0.243227,100,24.3227
2015-10-06,KZT,0.24147200000000002,100,24.1472
2015-10-07,KZT,0.238727,100,23.8727
2015-10-08,KZT,0.22893799999999997,100,22.8938
2015-10-09,KZT,0.227409,100,22.7409
2015-10-10,KZT,0.2231,100,22.31
2015-10-13,KZT,0.222287,100,22.2287
2015-10-14,KZT,0.22589800000000002,100,22.5898
2015-10-15,KZT,0.22840699999999997,100,22.8407
2015-10-16,KZT,0.224949,100,22.4949
2015-10-17,KZT,0.222,100,22.2
2015-10-20,KZT,0.22138000000000002,100,22.138
2015-10-21,KZT,0.22427399999999997,100,22.4274
2015-10-22,KZT,0.22561599999999998,100,22.5616
2015-10-23,KZT,0.225526,100,22.5526
2015-10-24,KZT,0.222805,100,22.2805
2015-10-27,KZT,0.223843,100,22.3843
2015-10-28,KZT,0.22760000000000002,100,22.76
2015-10-29,KZT,0.23378900000000002,100,23.3789
2015-10-30,KZT,0.229781,100,22.9781
2015-10-31,KZT,0.229859,100,22.9859
2015-11-03,KZT,0.226802,100,22.6802
2015-11-04,KZT,0.225827,100,22.5827
2015-11-06,KZT,0.211471,100,21.1471
2015-11-07,KZT,0.207134,100,20.7134
2015-11-10,KZT,0.210005,100,21.0005
2015-11-11,KZT,0.210029,100,21.0029
2015-11-12,KZT,0.21059799999999998,100,21.0598
2015-11-13,KZT,0.213539,100,21.3539
2015-11-14,KZT,0.216093,100,21.6093
2015-11-17,KZT,0.216027,100,21.6027
2015-11-18,KZT,0.212874,100,21.2874
2015-11-19,KZT,0.210586,100,21.0586
2015-11-20,KZT,0.21122,100,21.122
2015-11-21,KZT,0.211054,100,21.1054
2015-11-24,KZT,0.213554,100,21.3554
2015-11-25,KZT,0.21368700000000002,100,21.3687
2015-11-26,KZT,0.213234,100,21.3234
2015-11-27,KZT,0.2138,100,21.38
2015-11-28,KZT,0.215644,100,21.5644
2015-12-01,KZT,0.216996,100,21.6996
2015-12-02,KZT,0.215362,100,21.5362
2015-12-03,KZT,0.21684699999999998,100,21.6847
2015-12-04,KZT,0.22029800000000002,100,22.0298
2015-12-05,KZT,0.220387,100,22.0387
2015-12-08,KZT,0.223178,100,22.3178
2015-12-09,KZT,0.22499,100,22.499
2015-12-10,KZT,0.223247,100,22.3247
2015-12-11,KZT,0.222822,100,22.2822
2015-12-12,KZT,0.21997499999999998,100,21.9975
2015-12-15,KZT,0.211921,100,21.1921
2015-12-16,KZT,0.212874,100,21.2874
2015-12-17,KZT,0.212148,100,21.2148
2015-12-18,KZT,0.212682,100,21.2682
2015-12-19,KZT,0.20884799999999998,100,20.8848
2015-12-22,KZT,0.20461,100,20.461
2015-12-23,KZT,0.213596,100,21.3596
2015-12-24,KZT,0.21483899999999997,100,21.4839
2015-12-25,KZT,0.213522,100,21.3522
2015-12-26,KZT,0.21416899999999997,100,21.4169
2015-12-29,KZT,0.212444,100,21.2444
2015-12-30,KZT,0.21374500000000002,100,21.3745
2015-12-31,KZT,0.215165,100,21.5165
2016-01-01,KZT,0.213821,100,21.3821
2016-01-12,KZT,0.21206399999999997,100,21.2064
2016-01-13,KZT,0.208617,100,20.8617
2016-01-14,KZT,0.210573,100,21.0573
2016-01-15,KZT,0.210315,100,21.0315
2016-01-16,KZT,0.213779,100,21.3779
2016-01-19,KZT,0.20883400000000002,100,20.8834
2016-01-20,KZT,0.211793,100,21.1793
2016-01-21,KZT,0.211362,100,21.1362
2016-01-22,KZT,0.217205,100,21.7205
2016-01-23,KZT,0.20995799999999998,100,20.9958
2016-01-26,KZT,0.207712,100,20.7712
2016-01-27,KZT,0.21525099999999997,100,21.5251
2016-01-28,KZT,0.20973,100,20.973
2016-01-29,KZT,0.20864999999999997,100,20.865
2016-01-30,KZT,0.206961,100,20.6961
2016-02-02,KZT,0.211636,100,21.1636
2016-02-03,KZT,0.21141400000000002,100,21.1414
2016-02-04,KZT,0.21277100000000002,100,21.2771
2016-02-05,KZT,0.209873,100,20.9873
2016-02-06,KZT,0.211835,100,21.1835
2016-02-09,KZT,0.213152,100,21.3152
2016-02-10,KZT,0.218405,100,21.8405
2016-02-11,KZT,0.21973299999999998,100,21.9733
2016-02-12,KZT,0.21945699999999999,100,21.9457
2016-02-13,KZT,0.215697,100,21.5697
2016-02-16,KZT,0.215993,100,21.5993
2016-02-17,KZT,0.21351199999999998,100,21.3512
2016-02-18,KZT,0.217038,100,21.7038
2016-02-19,KZT,0.21557700000000002,100,21.5577
2016-02-20,KZT,0.21590800000000002,100,21.5908
2016-02-21,KZT,0.218197,100,21.8197
2016-02-25,KZT,0.21897200000000003,100,21.8972
2016-02-26,KZT,0.218496,100,21.8496
2016-02-27,KZT,0.214734,100,21.4734
2016-03-01,KZT,0.21701,100,21.701
2016-03-02,KZT,0.21293199999999998,100,21.2932
2016-03-03,KZT,0.212619,100,21.2619
2016-03-04,KZT,0.213624,100,21.3624
2016-03-05,KZT,0.21202100000000002,100,21.2021
2016-03-10,KZT,0.20982299999999998,100,20.9823
2016-03-11,KZT,0.206677,100,20.6677
2016-03-12,KZT,0.20437999999999998,100,20.438
2016-03-15,KZT,0.20428100000000002,100,20.4281
2016-03-16,KZT,0.20538900000000002,100,20.5389
2016-03-17,KZT,0.20428999999999997,100,20.429
2016-03-18,KZT,0.19772099999999998,100,19.7721
2016-03-19,KZT,0.197867,100,19.7867
2016-03-22,KZT,0.199157,100,19.9157
2016-03-23,KZT,0.196169,100,19.6169
2016-03-24,KZT,0.195777,100,19.5777
2016-03-25,KZT,0.19861399999999999,100,19.8614
2016-03-26,KZT,0.19944800000000001,100,19.9448
2016-03-29,KZT,0.19900400000000001,100,19.9004
2016-03-30,KZT,0.19977,100,19.977
2016-03-31,KZT,0.197297,100,19.7297
2016-04-01,KZT,0.19741399999999998,100,19.7414
2016-04-02,KZT,0.195838,100,19.5838
2016-04-05,KZT,0.199556,100,19.9556
2016-04-06,KZT,0.199346,100,19.9346
2016-04-07,KZT,0.198884,100,19.8884
2016-04-08,KZT,0.198295,100,19.8295
2016-04-09,KZT,0.198375,100,19.8375
2016-04-12,KZT,0.199658,100,19.9658
2016-04-13,KZT,0.19758900000000001,100,19.7589
2016-04-14,KZT,0.197064,100,19.7064
2016-04-15,KZT,0.198627,100,19.8627
2016-04-16,KZT,0.197651,100,19.7651
2016-04-19,KZT,0.200568,100,20.0568
2016-04-20,KZT,0.195205,100,19.5205
2016-04-21,KZT,0.195539,100,19.5539
2016-04-22,KZT,0.195665,100,19.5665
2016-04-23,KZT,0.197712,100,19.7712
2016-04-26,KZT,0.19949000000000003,100,19.949
2016-04-27,KZT,0.199418,100,19.9418
2016-04-28,KZT,0.196926,100,19.6926
2016-04-29,KZT,0.196717,100,19.6717
2016-04-30,KZT,0.196618,100,19.6618
2016-05-05,KZT,0.199259,100,19.9259
2016-05-06,KZT,0.196657,100,19.6657
2016-05-07,KZT,0.19776800000000003,100,19.7768
2016-05-11,KZT,0.19858599999999998,100,19.8586
2016-05-12,KZT,0.19882000000000002,100,19.882
2016-05-13,KZT,0.197101,100,19.7101
2016-05-14,KZT,0.197375,100,19.7375
2016-05-17,KZT,0.198057,100,19.8057
2016-05-18,KZT,0.196542,100,19.6542
2016-05-19,KZT,0.197113,100,19.7113
2016-05-20,KZT,0.197745,100,19.7745
2016-05-21,KZT,0.197882,100,19.7882
2016-05-24,KZT,0.19918500000000003,100,19.9185
2016-05-25,KZT,0.199237,100,19.9237
2016-05-26,KZT,0.19608699999999998,100,19.6087
2016-05-27,KZT,0.19568200000000002,100,19.5682
2016-05-28,KZT,0.19685300000000003,100,19.6853
2016-05-31,KZT,0.196367,100,19.6367
2016-06-01,KZT,0.19654,100,19.654
2016-06-02,KZT,0.197661,100,19.7661
2016-06-03,KZT,0.19758199999999998,100,19.7582
2016-06-04,KZT,0.19798,100,19.798
2016-06-07,KZT,0.19633099999999998,100,19.6331
2016-06-08,KZT,0.195412,100,19.5412
2016-06-09,KZT,0.19510000000000002,100,19.51
2016-06-10,KZT,0.192755,100,19.2755
2016-06-11,KZT,0.193227,100,19.3227
2016-06-15,KZT,0.194956,100,19.4956
2016-06-16,KZT,0.194959,100,19.4959
2016-06-17,KZT,0.19473400000000002,100,19.4734
2016-06-18,KZT,0.19325199999999998,100,19.3252
2016-06-21,KZT,0.191498,100,19.1498
2016-06-22,KZT,0.191251,100,19.1251
2016-06-23,KZT,0.189088,100,18.9088
2016-06-24,KZT,0.19123300000000001,100,19.1233
2016-06-25,KZT,0.1937,100,19.37
2016-06-28,KZT,0.192087,100,19.2087
2016-06-29,KZT,0.19095600000000001,100,19.0956
2016-06-30,KZT,0.18955,100,18.955
2016-07-01,KZT,0.189448,100,18.9448
2016-07-02,KZT,0.189331,100,18.9331
2016-07-05,KZT,0.188641,100,18.8641
2016-07-06,KZT,0.190637,100,19.0637
2016-07-07,KZT,0.191691,100,19.1691
2016-07-08,KZT,0.189752,100,18.9752
2016-07-09,KZT,0.189917,100,18.9917
2016-07-12,KZT,0.190274,100,19.0274
2016-07-13,KZT,0.188671,100,18.8671
2016-07-14,KZT,0.188513,100,18.8513
2016-07-15,KZT,0.187599,100,18.7599
2016-07-16,KZT,0.18627500000000002,100,18.6275
2016-07-19,KZT,0.186006,100,18.6006
2016-07-20,KZT,0.185973,100,18.5973
2016-07-21,KZT,0.186898,100,18.6898
2016-07-22,KZT,0.18620599999999998,100,18.6206
2016-07-23,KZT,0.189065,100,18.9065
2016-07-26,KZT,0.188579,100,18.8579
2016-07-27,KZT,0.18650099999999997,100,18.6501
2016-07-28,KZT,0.187349,100,18.7349
2016-07-29,KZT,0.187102,100,18.7102
2016-07-30,KZT,0.190273,100,19.0273
2016-08-02,KZT,0.18726900000000002,100,18.7269
2016-08-03,KZT,0.188934,100,18.8934
2016-08-04,KZT,0.188428,100,18.8428
2016-08-05,KZT,0.18860600000000002,100,18.8606
2016-08-06,KZT,0.187783,100,18.7783
2016-08-09,KZT,0.187025,100,18.7025
2016-08-10,KZT,0.187026,100,18.7026
2016-08-11,KZT,0.187026,100,18.7026
2016-08-12,KZT,0.18696200000000002,100,18.6962
2016-08-13,KZT,0.186764,100,18.6764
2016-08-16,KZT,0.186976,100,18.6976
2016-08-17,KZT,0.186073,100,18.6073
2016-08-18,KZT,0.18721900000000002,100,18.7219
2016-08-19,KZT,0.187197,100,18.7197
2016-08-20,KZT,0.188708,100,18.8708
2016-08-23,KZT,0.189267,100,18.9267
2016-08-24,KZT,0.190518,100,19.0518
2016-08-25,KZT,0.190995,100,19.0995
2016-08-26,KZT,0.19131,100,19.131
2016-08-27,KZT,0.191055,100,19.1055
2016-08-30,KZT,0.19192299999999998,100,19.1923
2016-08-31,KZT,0.191399,100,19.1399
2016-09-01,KZT,0.19169899999999998,100,19.1699
2016-09-02,KZT,0.19128399999999998,100,19.1284
2016-09-03,KZT,0.19253,100,19.253
2016-09-06,KZT,0.190193,100,19.0193
2016-09-07,KZT,0.19086099999999998,100,19.0861
2016-09-08,KZT,0.19095800000000002,100,19.0958
2016-09-09,KZT,0.189656,100,18.9656
2016-09-10,KZT,0.190027,100,19.0027
2016-09-13,KZT,0.192555,100,19.2555
2016-09-14,KZT,0.192047,100,19.2047
2016-09-15,KZT,0.191841,100,19.1841
2016-09-16,KZT,0.19200399999999998,100,19.2004
2016-09-17,KZT,0.19133,100,19.133
2016-09-20,KZT,0.19124300000000002,100,19.1243
2016-09-21,KZT,0.190689,100,19.0689
2016-09-22,KZT,0.19018000000000002,100,19.018
2016-09-23,KZT,0.18880400000000003,100,18.8804
2016-09-24,KZT,0.18919899999999998,100,18.9199
2016-09-27,KZT,0.189668,100,18.9668
2016-09-28,KZT,0.189025,100,18.9025
2016-09-29,KZT,0.18958200000000003,100,18.9582
2016-09-30,KZT,0.188585,100,18.8585
2016-10-01,KZT,0.188946,100,18.8946
2016-10-04,KZT,0.18679300000000001,100,18.6793
2016-10-05,KZT,0.186982,100,18.6982
2016-10-06,KZT,0.187887,100,18.7887
2016-10-07,KZT,0.18745,100,18.745
2016-10-08,KZT,0.18803699999999998,100,18.8037
2016-10-11,KZT,0.187719,100,18.7719
2016-10-12,KZT,0.188269,100,18.8269
2016-10-13,KZT,0.18912800000000002,100,18.9128
2016-10-14,KZT,0.19098400000000001,100,19.0984
2016-10-15,KZT,0.190356,100,19.0356
2016-10-18,KZT,0.190079,100,19.0079
2016-10-19,KZT,0.189328,100,18.9328
2016-10-20,KZT,0.188572,100,18.8572
2016-10-21,KZT,0.188604,100,18.8604
2016-10-22,KZT,0.188414,100,18.8414
2016-10-25,KZT,0.188691,100,18.8691
2016-10-26,KZT,0.187933,100,18.7933
2016-10-27,KZT,0.187911,100,18.7911
2016-10-28,KZT,0.189309,100,18.9309
2016-10-29,KZT,0.188416,100,18.8416
2016-11-01,KZT,0.188664,100,18.8664
2016-11-02,KZT,0.18803,100,18.803
2016-11-03,KZT,0.18764,100,18.764
2016-11-04,KZT,0.18763300000000002,100,18.7633
2016-11-08,KZT,0.187883,100,18.7883
2016-11-09,KZT,0.187471,100,18.7471
2016-11-10,KZT,0.18726199999999998,100,18.7262
2016-11-11,KZT,0.188109,100,18.8109
2016-11-12,KZT,0.190882,100,19.0882
2016-11-15,KZT,0.191473,100,19.1473
2016-11-16,KZT,0.19047799999999998,100,19.0478
2016-11-17,KZT,0.18919699999999998,100,18.9197
2016-11-18,KZT,0.189917,100,18.9917
2016-11-19,KZT,0.190916,100,19.0916
2016-11-22,KZT,0.18990500000000002,100,18.9905
2016-11-23,KZT,0.189209,100,18.9209
2016-11-24,KZT,0.191131,100,19.1131
2016-11-25,KZT,0.192291,100,19.2291
2016-11-26,KZT,0.191094,100,19.1094
2016-11-29,KZT,0.190594,100,19.0594
2016-11-30,KZT,0.19070900000000002,100,19.0709
2016-12-01,KZT,0.19091999999999998,100,19.092
2016-12-02,KZT,0.18746400000000002,100,18.7464
2016-12-03,KZT,0.19027999999999998,100,19.028
2016-12-06,KZT,0.19101800000000002,100,19.1018
2016-12-07,KZT,0.190356,100,19.0356
2016-12-08,KZT,0.19002300000000003,100,19.0023
2016-12-09,KZT,0.189063,100,18.9063
2016-12-10,KZT,0.189255,100,18.9255
2016-12-13,KZT,0.18639,100,18.639
2016-12-14,KZT,0.18431799999999998,100,18.4318
2016-12-15,KZT,0.18302700000000002,100,18.3027
2016-12-16,KZT,0.183993,100,18.3993
2016-12-17,KZT,0.184253,100,18.4253
2016-12-20,KZT,0.18437699999999999,100,18.4377
2016-12-21,KZT,0.184443,100,18.4443
2016-12-22,KZT,0.183492,100,18.3492
2016-12-23,KZT,0.18327000000000002,100,18.327
2016-12-24,KZT,0.18418199999999998,100,18.4182
2016-12-27,KZT,0.182991,100,18.2991
2016-12-28,KZT,0.182367,100,18.2367
2016-12-29,KZT,0.18170000000000003,100,18.17
2016-12-30,KZT,0.180753,100,18.0753
2016-12-31,KZT,0.181637,100,18.1637
2017-01-10,KZT,0.180764,100,18.0764
2017-01-11,KZT,0.180021,100,18.0021
2017-01-12,KZT,0.180051,100,18.0051
2017-01-13,KZT,0.179083,100,17.9083
2017-01-14,KZT,0.17871800000000002,100,17.8718
2017-01-17,KZT,0.17867999999999998,100,17.868
2017-01-18,KZT,0.178713,100,17.8713
2017-01-19,KZT,0.17899,100,17.899
2017-01-20,KZT,0.179284,100,17.9284
2017-01-21,KZT,0.17962,100,17.962
2017-01-24,KZT,0.179695,100,17.9695
2017-01-25,KZT,0.18007,100,18.007
2017-01-26,KZT,0.18033200000000002,100,18.0332
2017-01-27,KZT,0.18157199999999998,100,18.1572
2017-01-28,KZT,0.18343399999999999,100,18.3434
2017-01-31,KZT,0.18414999999999998,100,18.415
2017-02-01,KZT,0.18574300000000002,100,18.5743
2017-02-02,KZT,0.185838,100,18.5838
2017-02-03,KZT,0.184532,100,18.4532
2017-02-04,KZT,0.18335,100,18.335
2017-02-07,KZT,0.182401,100,18.2401
2017-02-08,KZT,0.182992,100,18.2992
2017-02-09,KZT,0.183286,100,18.3286
2017-02-10,KZT,0.18198599999999998,100,18.1986
2017-02-11,KZT,0.18208300000000002,100,18.2083
2017-02-14,KZT,0.180412,100,18.0412
2017-02-15,KZT,0.179077,100,17.9077
2017-02-16,KZT,0.177618,100,17.7618
2017-02-17,KZT,0.179108,100,17.9108
2017-02-18,KZT,0.181032,100,18.1032
2017-02-21,KZT,0.18196400000000001,100,18.1964
2017-02-22,KZT,0.18254599999999999,100,18.2546
2017-02-23,KZT,0.18367999999999998,100,18.368
2017-02-28,KZT,0.18523599999999998,100,18.5236
2017-03-01,KZT,0.18537700000000001,100,18.5377
2017-03-02,KZT,0.185925,100,18.5925
2017-03-03,KZT,0.185168,100,18.5168
2017-03-04,KZT,0.18552,100,18.552
2017-03-07,KZT,0.184421,100,18.4421
2017-03-08,KZT,0.18504400000000001,100,18.5044
2017-03-10,KZT,0.185493,100,18.5493
2017-03-11,KZT,0.18648499999999998,100,18.6485
2017-03-14,KZT,0.18613600000000002,100,18.6136
2017-03-15,KZT,0.185224,100,18.5224
2017-03-16,KZT,0.185394,100,18.5394
2017-03-17,KZT,0.183517,100,18.3517
2017-03-18,KZT,0.18377300000000002,100,18.3773
2017-03-21,KZT,0.18149300000000002,100,18.1493
2017-03-22,KZT,0.181327,100,18.1327
2017-03-23,KZT,0.182606,100,18.2606
2017-03-24,KZT,0.182248,100,18.2248
2017-03-25,KZT,0.18133400000000002,100,18.1334
2017-03-28,KZT,0.180154,100,18.0154
2017-03-29,KZT,0.18077100000000002,100,18.0771
2017-03-30,KZT,0.180957,100,18.0957
2017-03-31,KZT,0.1791,100,17.91
2017-04-01,KZT,0.178432,100,17.8432
2017-04-04,KZT,0.178968,100,17.8968
2017-04-05,KZT,0.18090499999999998,100,18.0905
2017-04-06,KZT,0.179168,100,17.9168
2017-04-07,KZT,0.18052600000000002,100,18.0526
2017-04-08,KZT,0.18157199999999998,100,18.1572
2017-04-11,KZT,0.183808,100,18.3808
2017-04-12,KZT,0.18292999999999998,100,18.293
2017-04-13,KZT,0.181979,100,18.1979
2017-04-14,KZT,0.181597,100,18.1597
2017-04-15,KZT,0.181128,100,18.1128
2017-04-18,KZT,0.180977,100,18.0977
2017-04-19,KZT,0.180064,100,18.0064
2017-04-20,KZT,0.18037,100,18.037
2017-04-21,KZT,0.18055900000000003,100,18.0559
2017-04-22,KZT,0.17965399999999998,100,17.9654
2017-04-25,KZT,0.179773,100,17.9773
2017-04-26,KZT,0.178897,100,17.8897
2017-04-27,KZT,0.18015899999999999,100,18.0159
2017-04-28,KZT,0.18141200000000002,100,18.1412
2017-04-29,KZT,0.181226,100,18.1226
2017-05-03,KZT,0.180573,100,18.0573
2017-05-04,KZT,0.18091100000000002,100,18.0911
2017-05-05,KZT,0.182228,100,18.2228
2017-05-06,KZT,0.184053,100,18.4053
2017-05-11,KZT,0.18244800000000003,100,18.2448
2017-05-12,KZT,0.180959,100,18.0959
2017-05-13,KZT,0.181028,100,18.1028
2017-05-16,KZT,0.180591,100,18.0591
2017-05-17,KZT,0.180316,100,18.0316
2017-05-18,KZT,0.180992,100,18.0992
2017-05-19,KZT,0.183227,100,18.3227
2017-05-20,KZT,0.18308,100,18.308
2017-05-23,KZT,0.181902,100,18.1902
2017-05-24,KZT,0.18124600000000002,100,18.1246
2017-05-25,KZT,0.180871,100,18.0871
2017-05-26,KZT,0.180507,100,18.0507
2017-05-27,KZT,0.182275,100,18.2275
2017-05-30,KZT,0.18256599999999998,100,18.2566
2017-05-31,KZT,0.18158000000000002,100,18.158
2017-06-01,KZT,0.181531,100,18.1531
2017-06-02,KZT,0.181047,100,18.1047
2017-06-03,KZT,0.180594,100,18.0594
2017-06-06,KZT,0.181027,100,18.1027
2017-06-07,KZT,0.181069,100,18.1069
2017-06-08,KZT,0.180916,100,18.0916
2017-06-09,KZT,0.181321,100,18.1321
2017-06-10,KZT,0.180626,100,18.0626
2017-06-14,KZT,0.18010500000000002,100,18.0105
2017-06-15,KZT,0.18014500000000003,100,18.0145
2017-06-16,KZT,0.180746,100,18.0746
2017-06-17,KZT,0.180279,100,18.0279
2017-06-20,KZT,0.181007,100,18.1007
2017-06-21,KZT,0.181774,100,18.1774
2017-06-22,KZT,0.183523,100,18.3523
2017-06-23,KZT,0.18347100000000002,100,18.3471
2017-06-24,KZT,0.182947,100,18.2947
2017-06-27,KZT,0.18188700000000002,100,18.1887
2017-06-28,KZT,0.18260400000000002,100,18.2604
2017-06-29,KZT,0.184142,100,18.4142
2017-06-30,KZT,0.183752,100,18.3752
2017-07-01,KZT,0.183719,100,18.3719
2017-07-04,KZT,0.184173,100,18.4173
2017-07-05,KZT,0.18363700000000002,100,18.3637
2017-07-06,KZT,0.18366700000000002,100,18.3667
2017-07-07,KZT,0.185599,100,18.5599
2017-07-08,KZT,0.18602,100,18.602
2017-07-11,KZT,0.18461099999999997,100,18.4611
2017-07-12,KZT,0.185417,100,18.5417
2017-07-13,KZT,0.18448799999999999,100,18.4488
2017-07-14,KZT,0.183523,100,18.3523
2017-07-15,KZT,0.182543,100,18.2543
2017-07-18,KZT,0.181191,100,18.1191
2017-07-19,KZT,0.182099,100,18.2099
2017-07-20,KZT,0.18162,100,18.162
2017-07-21,KZT,0.18136500000000003,100,18.1365
2017-07-22,KZT,0.18124400000000002,100,18.1244
2017-07-25,KZT,0.182335,100,18.2335
2017-07-26,KZT,0.182884,100,18.2884
2017-07-27,KZT,0.18326499999999998,100,18.3265
2017-07-28,KZT,0.182248,100,18.2248
2017-07-29,KZT,0.182127,100,18.2127
2017-08-01,KZT,0.18218399999999998,100,18.2184
2017-08-02,KZT,0.181212,100,18.1212
2017-08-03,KZT,0.180092,100,18.0092
2017-08-04,KZT,0.180751,100,18.0751
2017-08-05,KZT,0.181397,100,18.1397
2017-08-08,KZT,0.18096800000000002,100,18.0968
2017-08-09,KZT,0.18047899999999997,100,18.0479
2017-08-10,KZT,0.18018,100,18.018
2017-08-11,KZT,0.18032399999999998,100,18.0324
2017-08-12,KZT,0.18052600000000002,100,18.0526
2017-08-15,KZT,0.179784,100,17.9784
2017-08-16,KZT,0.179914,100,17.9914
2017-08-17,KZT,0.179224,100,17.9224
2017-08-18,KZT,0.178067,100,17.8067
2017-08-19,KZT,0.178294,100,17.8294
2017-08-22,KZT,0.17766200000000001,100,17.7662
2017-08-23,KZT,0.177328,100,17.7328
2017-08-24,KZT,0.177337,100,17.7337
2017-08-25,KZT,0.17829499999999998,100,17.8295
2017-08-26,KZT,0.17781300000000003,100,17.7813
2017-08-29,KZT,0.175306,100,17.5306
2017-08-30,KZT,0.1746,100,17.46
2017-08-31,KZT,0.175135,100,17.5135
2017-09-01,KZT,0.173291,100,17.3291
2017-09-02,KZT,0.171755,100,17.1755
2017-09-05,KZT,0.17072199999999998,100,17.0722
2017-09-06,KZT,0.16984300000000002,100,16.9843
2017-09-07,KZT,0.16798100000000002,100,16.7981
2017-09-08,KZT,0.17045100000000002,100,17.0451
2017-09-09,KZT,0.170142,100,17.0142
2017-09-12,KZT,0.16963,100,16.963
2017-09-13,KZT,0.168565,100,16.8565
2017-09-14,KZT,0.170517,100,17.0517
2017-09-15,KZT,0.17073,100,17.073
2017-09-16,KZT,0.169571,100,16.9571
2017-09-19,KZT,0.169416,100,16.9416
2017-09-20,KZT,0.170367,100,17.0367
2017-09-21,KZT,0.17011500000000002,100,17.0115
2017-09-22,KZT,0.170971,100,17.0971
2017-09-23,KZT,0.169345,100,16.9345
2017-09-26,KZT,0.16860499999999998,100,16.8605
2017-09-27,KZT,0.16920000000000002,100,16.92
2017-09-28,KZT,0.170673,100,17.0673
2017-09-29,KZT,0.17149899999999998,100,17.1499
2017-09-30,KZT,0.170075,100,17.0075
2017-10-03,KZT,0.16938199999999998,100,16.9382
2017-10-04,KZT,0.16926200000000002,100,16.9262
2017-10-05,KZT,0.167996,100,16.7996
2017-10-06,KZT,0.166873,100,16.6873
2017-10-07,KZT,0.168167,100,16.8167
2017-10-10,KZT,0.17079699999999998,100,17.0797
2017-10-11,KZT,0.172168,100,17.2168
2017-10-12,KZT,0.17268999999999998,100,17.269
2017-10-13,KZT,0.17255800000000002,100,17.2558
2017-10-14,KZT,0.172398,100,17.2398
2017-10-17,KZT,0.17136500000000002,100,17.1365
2017-10-18,KZT,0.171883,100,17.1883
2017-10-19,KZT,0.171651,100,17.1651
2017-10-20,KZT,0.172241,100,17.2241
2017-10-21,KZT,0.171459,100,17.1459
2017-10-24,KZT,0.170977,100,17.0977
2017-10-25,KZT,0.17207799999999998,100,17.2078
2017-10-26,KZT,0.172714,100,17.2714
2017-10-27,KZT,0.172986,100,17.2986
2017-10-28,KZT,0.173593,100,17.3593
2017-10-31,KZT,0.173656,100,17.3656
2017-11-01,KZT,0.17363900000000002,100,17.3639
2017-11-02,KZT,0.173506,100,17.3506
2017-11-03,KZT,0.173433,100,17.3433
2017-11-04,KZT,0.17486000000000002,100,17.486
2017-11-08,KZT,0.175466,100,17.5466
2017-11-09,KZT,0.177762,100,17.7762
2017-11-10,KZT,0.177976,100,17.7976
2017-11-11,KZT,0.17831,100,17.831
2017-11-14,KZT,0.177965,100,17.7965
2017-11-15,KZT,0.17921299999999998,100,17.9213
2017-11-16,KZT,0.181039,100,18.1039
2017-11-17,KZT,0.180543,100,18.0543
2017-11-18,KZT,0.17950500000000003,100,17.9505
2017-11-21,KZT,0.17925899999999997,100,17.9259
2017-11-22,KZT,0.179979,100,17.9979
2017-11-23,KZT,0.17869800000000002,100,17.8698
2017-11-24,KZT,0.177139,100,17.7139
2017-11-25,KZT,0.17711400000000002,100,17.7114
2017-11-28,KZT,0.176038,100,17.6038
2017-11-29,KZT,0.17617999999999998,100,17.618
2017-11-30,KZT,0.17611999999999997,100,17.612
2017-12-01,KZT,0.176847,100,17.6847
2017-12-02,KZT,0.176645,100,17.6645
2017-12-05,KZT,0.177129,100,17.7129
2017-12-06,KZT,0.176201,100,17.6201
2017-12-07,KZT,0.176669,100,17.6669
2017-12-08,KZT,0.177102,100,17.7102
2017-12-09,KZT,0.17725000000000002,100,17.725
2017-12-12,KZT,0.176725,100,17.6725
2017-12-13,KZT,0.175656,100,17.5656
2017-12-14,KZT,0.17629799999999998,100,17.6298
2017-12-15,KZT,0.17526399999999998,100,17.5264
2017-12-16,KZT,0.175647,100,17.5647
2017-12-19,KZT,0.174869,100,17.4869
2017-12-20,KZT,0.174624,100,17.4624
2017-12-21,KZT,0.174943,100,17.4943
2017-12-22,KZT,0.175473,100,17.5473
2017-12-23,KZT,0.17538900000000002,100,17.5389
2017-12-26,KZT,0.174601,100,17.4601
2017-12-27,KZT,0.173768,100,17.3768
2017-12-28,KZT,0.173254,100,17.3254
2017-12-29,KZT,0.17362100000000003,100,17.3621
2017-12-30,KZT,0.173184,100,17.3184
2018-01-10,KZT,0.172671,100,17.2671
2018-01-11,KZT,0.17218699999999998,100,17.2187
2018-01-12,KZT,0.17247900000000002,100,17.2479
2018-01-13,KZT,0.171737,100,17.1737
2018-01-16,KZT,0.170983,100,17.0983
2018-01-17,KZT,0.172098,100,17.2098
2018-01-18,KZT,0.173233,100,17.3233
2018-01-19,KZT,0.17475000000000002,100,17.475
2018-01-20,KZT,0.174362,100,17.4362
2018-01-23,KZT,0.174705,100,17.4705
2018-01-24,KZT,0.17465399999999998,100,17.4654
2018-01-25,KZT,0.175877,100,17.5877
2018-01-26,KZT,0.174799,100,17.4799
2018-01-27,KZT,0.174193,100,17.4193
2018-01-30,KZT,0.17462599999999998,100,17.4626
2018-01-31,KZT,0.174425,100,17.4425
2018-02-01,KZT,0.17416,100,17.416
2018-02-02,KZT,0.17433700000000002,100,17.4337
2018-02-03,KZT,0.174161,100,17.4161
2018-02-06,KZT,0.17576699999999998,100,17.5767
2018-02-07,KZT,0.17643999999999999,100,17.644
2018-02-08,KZT,0.175809,100,17.5809
2018-02-09,KZT,0.17701899999999998,100,17.7019
2018-02-10,KZT,0.177651,100,17.7651
2018-02-13,KZT,0.17768,100,17.768
2018-02-14,KZT,0.17879899999999999,100,17.8799
2018-02-15,KZT,0.17851,100,17.851
2018-02-16,KZT,0.17678899999999997,100,17.6789
2018-02-17,KZT,0.17632,100,17.632
2018-02-20,KZT,0.17644400000000002,100,17.6444
2018-02-21,KZT,0.17687999999999998,100,17.688
2018-02-22,KZT,0.17729199999999998,100,17.7292
2018-02-23,KZT,0.17748799999999998,100,17.7488
2018-02-27,KZT,0.175256,100,17.5256
2018-02-28,KZT,0.17454999999999998,100,17.455
2018-03-01,KZT,0.17596299999999998,100,17.5963
2018-03-02,KZT,0.175474,100,17.5474
2018-03-03,KZT,0.175842,100,17.5842
2018-03-06,KZT,0.177757,100,17.7757
2018-03-07,KZT,0.176951,100,17.6951
2018-03-08,KZT,0.177515,100,17.7515
2018-03-13,KZT,0.176464,100,17.6464
2018-03-14,KZT,0.177059,100,17.7059
2018-03-15,KZT,0.176843,100,17.6843
2018-03-16,KZT,0.177107,100,17.7107
2018-03-17,KZT,0.17818,100,17.818
2018-03-20,KZT,0.17968499999999998,100,17.9685
2018-03-21,KZT,0.179901,100,17.9901
2018-03-22,KZT,0.179197,100,17.9197
2018-03-23,KZT,0.177152,100,17.7152
2018-03-24,KZT,0.177987,100,17.7987
2018-03-27,KZT,0.178447,100,17.8447
2018-03-28,KZT,0.17935800000000002,100,17.9358
2018-03-29,KZT,0.18029699999999999,100,18.0297
2018-03-30,KZT,0.18110199999999999,100,18.1102
2018-03-31,KZT,0.17982900000000002,100,17.9829
2018-04-03,KZT,0.179372,100,17.9372
2018-04-04,KZT,0.179589,100,17.9589
2018-04-05,KZT,0.180512,100,18.0512
2018-04-06,KZT,0.180147,100,18.0147
2018-04-07,KZT,0.18096299999999998,100,18.0963
2018-04-10,KZT,0.18272200000000002,100,18.2722
2018-04-11,KZT,0.19064599999999998,100,19.0646
2018-04-12,KZT,0.19345800000000002,100,19.3458
2018-04-13,KZT,0.188527,100,18.8527
2018-04-14,KZT,0.18794899999999998,100,18.7949
2018-04-17,KZT,0.18884,100,18.884
2018-04-18,KZT,0.186277,100,18.6277
2018-04-19,KZT,0.187865,100,18.7865
2018-04-20,KZT,0.18695699999999998,100,18.6957
2018-04-21,KZT,0.188004,100,18.8004
2018-04-24,KZT,0.18877300000000002,100,18.8773
2018-04-25,KZT,0.18925899999999998,100,18.9259
2018-04-26,KZT,0.18912800000000002,100,18.9128
2018-04-27,KZT,0.190629,100,19.0629
2018-04-28,KZT,0.191404,100,19.1404
2018-04-29,KZT,0.189546,100,18.9546
2018-05-04,KZT,0.192382,100,19.2382
2018-05-05,KZT,0.19213000000000002,100,19.213
2018-05-08,KZT,0.190278,100,19.0278
2018-05-09,KZT,0.191164,100,19.1164
2018-05-11,KZT,0.191228,100,19.1228
2018-05-12,KZT,0.189056,100,18.9056
2018-05-15,KZT,0.188333,100,18.8333
2018-05-16,KZT,0.18871500000000002,100,18.8715
2018-05-17,KZT,0.18925999999999998,100,18.926
2018-05-18,KZT,0.188564,100,18.8564
2018-05-19,KZT,0.188404,100,18.8404
2018-05-22,KZT,0.189939,100,18.9939
2018-05-23,KZT,0.187145,100,18.7145
2018-05-24,KZT,0.188613,100,18.8613
2018-05-25,KZT,0.188403,100,18.8403
2018-05-26,KZT,0.188121,100,18.8121
2018-05-29,KZT,0.18872599999999998,100,18.8726
2018-05-30,KZT,0.189793,100,18.9793
2018-05-31,KZT,0.189531,100,18.9531
2018-06-01,KZT,0.188281,100,18.8281
2018-06-02,KZT,0.18806,100,18.806
2018-06-05,KZT,0.187349,100,18.7349
2018-06-06,KZT,0.187057,100,18.7057
2018-06-07,KZT,0.186879,100,18.6879
2018-06-08,KZT,0.18543099999999998,100,18.5431
2018-06-09,KZT,0.187539,100,18.7539
2018-06-10,KZT,0.18641300000000002,100,18.6413
2018-06-14,KZT,0.187816,100,18.7816
2018-06-15,KZT,0.185354,100,18.5354
2018-06-16,KZT,0.18628599999999998,100,18.6286
2018-06-19,KZT,0.187047,100,18.7047
2018-06-20,KZT,0.188173,100,18.8173
2018-06-21,KZT,0.186365,100,18.6365
2018-06-22,KZT,0.186917,100,18.6917
2018-06-23,KZT,0.18574200000000002,100,18.5742
2018-06-26,KZT,0.185659,100,18.5659
2018-06-27,KZT,0.185248,100,18.5248
2018-06-28,KZT,0.18530999999999997,100,18.531
2018-06-29,KZT,0.185194,100,18.5194
2018-06-30,KZT,0.183843,100,18.3843
2018-07-03,KZT,0.184667,100,18.4667
2018-07-04,KZT,0.184469,100,18.4469
2018-07-05,KZT,0.18424800000000002,100,18.4248
2018-07-06,KZT,0.184167,100,18.4167
2018-07-07,KZT,0.183602,100,18.3602
2018-07-10,KZT,0.182925,100,18.2925
2018-07-11,KZT,0.181971,100,18.1971
2018-07-12,KZT,0.180822,100,18.0822
2018-07-13,KZT,0.180533,100,18.0533
2018-07-14,KZT,0.181141,100,18.1141
2018-07-17,KZT,0.18179700000000001,100,18.1797
2018-07-18,KZT,0.181934,100,18.1934
2018-07-19,KZT,0.182284,100,18.2284
2018-07-20,KZT,0.183049,100,18.3049
2018-07-21,KZT,0.183126,100,18.3126
2018-07-24,KZT,0.18286100000000002,100,18.2861
2018-07-25,KZT,0.182435,100,18.2435
2018-07-26,KZT,0.18218,100,18.218
2018-07-27,KZT,0.181865,100,18.1865
2018-07-28,KZT,0.18168099999999998,100,18.1681
2018-07-31,KZT,0.180997,100,18.0997
2018-08-01,KZT,0.17957599999999999,100,17.9576
2018-08-02,KZT,0.179504,100,17.9504
2018-08-03,KZT,0.180486,100,18.0486
2018-08-04,KZT,0.181398,100,18.1398
2018-08-07,KZT,0.18204,100,18.204
2018-08-08,KZT,0.182013,100,18.2013
2018-08-09,KZT,0.182346,100,18.2346
2018-08-10,KZT,0.18621400000000002,100,18.6214
2018-08-11,KZT,0.187277,100,18.7277
2018-08-14,KZT,0.18767399999999998,100,18.7674
2018-08-15,KZT,0.18423899999999999,100,18.4239
2018-08-16,KZT,0.18383500000000003,100,18.3835
2018-08-17,KZT,0.185392,100,18.5392
2018-08-18,KZT,0.18564699999999998,100,18.5647
2018-08-21,KZT,0.18602900000000003,100,18.6029
2018-08-22,KZT,0.185971,100,18.5971
2018-08-23,KZT,0.186384,100,18.6384
2018-08-24,KZT,0.18917799999999999,100,18.9178
2018-08-25,KZT,0.18797999999999998,100,18.798
2018-08-28,KZT,0.18639399999999998,100,18.6394
2018-08-29,KZT,0.186405,100,18.6405
2018-08-30,KZT,0.18742799999999998,100,18.7428
2018-08-31,KZT,0.18722899999999998,100,18.7229
2018-09-01,KZT,0.187126,100,18.7126
2018-09-04,KZT,0.18523,100,18.523
2018-09-05,KZT,0.185536,100,18.5536
2018-09-06,KZT,0.18459599999999998,100,18.4596
2018-09-07,KZT,0.183061,100,18.3061
2018-09-08,KZT,0.183694,100,18.3694
2018-09-11,KZT,0.184481,100,18.4481
2018-09-12,KZT,0.18408000000000002,100,18.408
2018-09-13,KZT,0.18424,100,18.424
2018-09-14,KZT,0.183066,100,18.3066
2018-09-15,KZT,0.18263200000000002,100,18.2632
2018-09-18,KZT,0.18338100000000002,100,18.3381
2018-09-19,KZT,0.183844,100,18.3844
2018-09-20,KZT,0.18571000000000001,100,18.571
2018-09-21,KZT,0.18574200000000002,100,18.5742
2018-09-22,KZT,0.18739999999999998,100,18.74
2018-09-25,KZT,0.18535900000000002,100,18.5359
2018-09-26,KZT,0.184137,100,18.4137
2018-09-27,KZT,0.18259699999999998,100,18.2597
2018-09-28,KZT,0.182027,100,18.2027
2018-09-29,KZT,0.180626,100,18.0626
2018-10-02,KZT,0.18016,100,18.016
2018-10-03,KZT,0.180182,100,18.0182
2018-10-04,KZT,0.179772,100,17.9772
2018-10-05,KZT,0.180079,100,18.0079
2018-10-06,KZT,0.178395,100,17.8395
2018-10-09,KZT,0.17921299999999998,100,17.9213
2018-10-10,KZT,0.17827300000000001,100,17.8273
2018-10-11,KZT,0.17936800000000003,100,17.9368
2018-10-12,KZT,0.17991700000000002,100,17.9917
2018-10-13,KZT,0.177984,100,17.7984
2018-10-16,KZT,0.178003,100,17.8003
2018-10-17,KZT,0.178957,100,17.8957
2018-10-18,KZT,0.180182,100,18.0182
2018-10-19,KZT,0.18029699999999999,100,18.0297
2018-10-20,KZT,0.17943699999999999,100,17.9437
2018-10-23,KZT,0.178981,100,17.8981
2018-10-24,KZT,0.18035,100,18.035
2018-10-25,KZT,0.178838,100,17.8838
2018-10-26,KZT,0.17874500000000001,100,17.8745
2018-10-27,KZT,0.17804999999999999,100,17.805
2018-10-30,KZT,0.17864000000000002,100,17.864
2018-10-31,KZT,0.17833200000000002,100,17.8332
2018-11-01,KZT,0.17775300000000002,100,17.7753
2018-11-02,KZT,0.177207,100,17.7207
2018-11-03,KZT,0.17687,100,17.687
2018-11-07,KZT,0.17831600000000003,100,17.8316
2018-11-08,KZT,0.17796299999999998,100,17.7963
2018-11-09,KZT,0.17839200000000002,100,17.8392
2018-11-10,KZT,0.179544,100,17.9544
2018-11-13,KZT,0.180458,100,18.0458
2018-11-14,KZT,0.180782,100,18.0782
2018-11-15,KZT,0.180926,100,18.0926
2018-11-16,KZT,0.18093299999999998,100,18.0933
2018-11-17,KZT,0.179388,100,17.9388
2018-11-20,KZT,0.17967300000000003,100,17.9673
2018-11-21,KZT,0.179283,100,17.9283
2018-11-22,KZT,0.179169,100,17.9169
2018-11-23,KZT,0.178629,100,17.8629
2018-11-24,KZT,0.179647,100,17.9647
2018-11-27,KZT,0.17903300000000003,100,17.9033
2018-11-28,KZT,0.17935700000000002,100,17.9357
2018-11-29,KZT,0.179531,100,17.9531
2018-11-30,KZT,0.17981100000000003,100,17.9811
2018-12-01,KZT,0.178169,100,17.8169
2018-12-04,KZT,0.177546,100,17.7546
2018-12-05,KZT,0.178967,100,17.8967
2018-12-06,KZT,0.180032,100,18.0032
2018-12-07,KZT,0.18001699999999998,100,18.0017
2018-12-08,KZT,0.180516,100,18.0516
2018-12-11,KZT,0.179162,100,17.9162
2018-12-12,KZT,0.17935800000000002,100,17.9358
2018-12-13,KZT,0.179433,100,17.9433
2018-12-14,KZT,0.179029,100,17.9029
2018-12-15,KZT,0.17888300000000001,100,17.8883
2018-12-18,KZT,0.17958100000000002,100,17.9581
2018-12-19,KZT,0.179916,100,17.9916
2018-12-20,KZT,0.180201,100,18.0201
2018-12-21,KZT,0.18175,100,18.175
2018-12-22,KZT,0.183371,100,18.3371
2018-12-25,KZT,0.18424700000000002,100,18.4247
2018-12-26,KZT,0.18490700000000002,100,18.4907
2018-12-27,KZT,0.18385400000000002,100,18.3854
2018-12-28,KZT,0.18265699999999999,100,18.2657
2018-12-29,KZT,0.182242,100,18.2242
2018-12-30,KZT,0.18056999999999998,100,18.057
2019-01-10,KZT,0.17857900000000002,100,17.8579
2019-01-11,KZT,0.178209,100,17.8209
2019-01-12,KZT,0.177885,100,17.7885
2019-01-15,KZT,0.177391,100,17.7391
2019-01-16,KZT,0.17752199999999999,100,17.7522
2019-01-17,KZT,0.176768,100,17.6768
2019-01-18,KZT,0.176019,100,17.6019
2019-01-19,KZT,0.17479399999999998,100,17.4794
2019-01-22,KZT,0.175203,100,17.5203
2019-01-23,KZT,0.175626,100,17.5626
2019-01-24,KZT,0.17516600000000002,100,17.5166
2019-01-25,KZT,0.174802,100,17.4802
2019-01-26,KZT,0.173979,100,17.3979
2019-01-29,KZT,0.173715,100,17.3715
2019-01-30,KZT,0.174224,100,17.4224
2019-01-31,KZT,0.17340499999999998,100,17.3405
2019-02-01,KZT,0.171867,100,17.1867
2019-02-02,KZT,0.17180399999999998,100,17.1804
2019-02-05,KZT,0.171835,100,17.1835
2019-02-06,KZT,0.173243,100,17.3243
2019-02-07,KZT,0.174058,100,17.4058
2019-02-08,KZT,0.174434,100,17.4434
2019-02-09,KZT,0.17491700000000002,100,17.4917
2019-02-12,KZT,0.17491700000000002,100,17.4917
2019-02-13,KZT,0.175623,100,17.5623
2019-02-14,KZT,0.175339,100,17.5339
2019-02-15,KZT,0.17632899999999999,100,17.6329
2019-02-16,KZT,0.176523,100,17.6523
2019-02-19,KZT,0.175801,100,17.5801
2019-02-20,KZT,0.175472,100,17.5472
2019-02-21,KZT,0.17506699999999997,100,17.5067
2019-02-22,KZT,0.174235,100,17.4235
2019-02-23,KZT,0.17385799999999998,100,17.3858
2019-02-26,KZT,0.173568,100,17.3568
2019-02-27,KZT,0.17346499999999998,100,17.3465
2019-02-28,KZT,0.174616,100,17.4616
2019-03-01,KZT,0.17573799999999998,100,17.5738
2019-03-02,KZT,0.17439800000000003,100,17.4398
2019-03-05,KZT,0.17451,100,17.451
2019-03-06,KZT,0.174292,100,17.4292
2019-03-07,KZT,0.174174,100,17.4174
2019-03-08,KZT,0.17382899999999998,100,17.3829
2019-03-12,KZT,0.174353,100,17.4353
2019-03-13,KZT,0.17399699999999999,100,17.3997
2019-03-14,KZT,0.173548,100,17.3548
2019-03-15,KZT,0.17332899999999998,100,17.3329
2019-03-16,KZT,0.172485,100,17.2485
2019-03-19,KZT,0.171865,100,17.1865
2019-03-20,KZT,0.17090499999999997,100,17.0905
2019-03-21,KZT,0.169744,100,16.9744
2019-03-22,KZT,0.16846,100,16.846
2019-03-23,KZT,0.168536,100,16.8536
2019-03-26,KZT,0.170462,100,17.0462
2019-03-27,KZT,0.16958700000000002,100,16.9587
2019-03-28,KZT,0.170528,100,17.0528
2019-03-29,KZT,0.16982299999999997,100,16.9823
2019-03-30,KZT,0.170498,100,17.0498
2019-04-02,KZT,0.172183,100,17.2183
2019-04-03,KZT,0.172396,100,17.2396
2019-04-04,KZT,0.171846,100,17.1846
2019-04-05,KZT,0.17272099999999999,100,17.2721
2019-04-06,KZT,0.172088,100,17.2088
2019-04-09,KZT,0.17166599999999999,100,17.1666
2019-04-10,KZT,0.170442,100,17.0442
2019-04-11,KZT,0.17079699999999998,100,17.0797
2019-04-12,KZT,0.170287,100,17.0287
2019-04-13,KZT,0.16990300000000003,100,16.9903
2019-04-16,KZT,0.16921299999999997,100,16.9213
2019-04-17,KZT,0.169067,100,16.9067
2019-04-18,KZT,0.168596,100,16.8596
2019-04-19,KZT,0.16887799999999997,100,16.8878
2019-04-20,KZT,0.16868,100,16.868
2019-04-23,KZT,0.169014,100,16.9014
2019-04-24,KZT,0.168924,100,16.8924
2019-04-25,KZT,0.168799,100,16.8799
2019-04-26,KZT,0.170151,100,17.0151
2019-04-27,KZT,0.16975200000000001,100,16.9752
2019-04-30,KZT,0.16936099999999998,100,16.9361
2019-05-01,KZT,0.169558,100,16.9558
2019-05-07,KZT,0.171722,100,17.1722
2019-05-08,KZT,0.171217,100,17.1217
2019-05-09,KZT,0.171465,100,17.1465
2019-05-14,KZT,0.172438,100,17.2438
2019-05-15,KZT,0.17189900000000002,100,17.1899
2019-05-16,KZT,0.170666,100,17.0666
2019-05-17,KZT,0.170408,100,17.0408
2019-05-18,KZT,0.170321,100,17.0321
2019-05-21,KZT,0.170214,100,17.0214
2019-05-22,KZT,0.17029599999999998,100,17.0296
2019-05-23,KZT,0.16988399999999998,100,16.9884
2019-05-24,KZT,0.17060099999999997,100,17.0601
2019-05-25,KZT,0.17033,100,17.033
2019-05-28,KZT,0.16963,100,16.963
2019-05-29,KZT,0.169564,100,16.9564
2019-05-30,KZT,0.169975,100,16.9975
2019-05-31,KZT,0.170544,100,17.0544
2019-06-01,KZT,0.170928,100,17.0928
2019-06-04,KZT,0.170682,100,17.0682
2019-06-05,KZT,0.16961400000000001,100,16.9614
2019-06-06,KZT,0.169387,100,16.9387
2019-06-07,KZT,0.169562,100,16.9562
2019-06-08,KZT,0.169564,100,16.9564
2019-06-11,KZT,0.16900400000000002,100,16.9004
2019-06-12,KZT,0.167955,100,16.7955
2019-06-14,KZT,0.168171,100,16.8171
2019-06-15,KZT,0.167741,100,16.7741
2019-06-18,KZT,0.16765999999999998,100,16.766
2019-06-19,KZT,0.167529,100,16.7529
2019-06-20,KZT,0.167477,100,16.7477
2019-06-21,KZT,0.166777,100,16.6777
2019-06-22,KZT,0.166736,100,16.6736
2019-06-25,KZT,0.166372,100,16.6372
2019-06-26,KZT,0.165097,100,16.5097
2019-06-27,KZT,0.16569099999999998,100,16.5691
2019-06-28,KZT,0.16568000000000002,100,16.568
2019-06-29,KZT,0.16575900000000002,100,16.5759
2019-07-02,KZT,0.165485,100,16.5485
2019-07-03,KZT,0.16541699999999998,100,16.5417
2019-07-04,KZT,0.165191,100,16.5191
2019-07-05,KZT,0.165485,100,16.5485
2019-07-06,KZT,0.165487,100,16.5487
2019-07-09,KZT,0.16623000000000002,100,16.623
2019-07-10,KZT,0.16568000000000002,100,16.568
2019-07-11,KZT,0.165959,100,16.5959
2019-07-12,KZT,0.164339,100,16.4339
2019-07-13,KZT,0.164278,100,16.4278
2019-07-16,KZT,0.16401800000000002,100,16.4018
2019-07-17,KZT,0.164034,100,16.4034
2019-07-18,KZT,0.163858,100,16.3858
2019-07-19,KZT,0.16342700000000002,100,16.3427
2019-07-20,KZT,0.163309,100,16.3309
2019-07-23,KZT,0.16381900000000002,100,16.3819
2019-07-24,KZT,0.164144,100,16.4144
2019-07-25,KZT,0.164128,100,16.4128
2019-07-26,KZT,0.16409400000000002,100,16.4094
2019-07-27,KZT,0.163913,100,16.3913
2019-07-30,KZT,0.16480799999999998,100,16.4808
2019-07-31,KZT,0.16474699999999998,100,16.4747
2019-08-01,KZT,0.164966,100,16.4966
2019-08-02,KZT,0.165706,100,16.5706
2019-08-03,KZT,0.167435,100,16.7435
2019-08-06,KZT,0.168245,100,16.8245
2019-08-07,KZT,0.16838999999999998,100,16.839
2019-08-08,KZT,0.16795000000000002,100,16.795
2019-08-09,KZT,0.16791499999999998,100,16.7915
2019-08-10,KZT,0.168353,100,16.8353
2019-08-13,KZT,0.168816,100,16.8816
2019-08-14,KZT,0.169218,100,16.9218
2019-08-15,KZT,0.168726,100,16.8726
2019-08-16,KZT,0.170183,100,17.0183
2019-08-17,KZT,0.170566,100,17.0566
2019-08-20,KZT,0.17196999999999998,100,17.197
2019-08-21,KZT,0.172602,100,17.2602
2019-08-22,KZT,0.171544,100,17.1544
2019-08-23,KZT,0.169988,100,16.9988
2019-08-24,KZT,0.169738,100,16.9738
2019-08-27,KZT,0.170331,100,17.0331
2019-08-28,KZT,0.170808,100,17.0808
2019-08-29,KZT,0.171255,100,17.1255
2019-08-30,KZT,0.172306,100,17.2306
2019-08-31,KZT,0.171686,100,17.1686
2019-09-03,KZT,0.171588,100,17.1588
2019-09-04,KZT,0.17217300000000002,100,17.2173
2019-09-05,KZT,0.171249,100,17.1249
2019-09-06,KZT,0.170272,100,17.0272
2019-09-07,KZT,0.170043,100,17.0043
2019-09-10,KZT,0.16953,100,16.953
2019-09-11,KZT,0.16947700000000002,100,16.9477
2019-09-12,KZT,0.16926100000000002,100,16.9261
2019-09-13,KZT,0.168398,100,16.8398
2019-09-14,KZT,0.166693,100,16.6693
2019-09-17,KZT,0.165559,100,16.5559
2019-09-18,KZT,0.166344,100,16.6344
2019-09-19,KZT,0.16652799999999998,100,16.6528
2019-09-20,KZT,0.16573899999999997,100,16.5739
2019-09-21,KZT,0.165165,100,16.5165
2019-09-24,KZT,0.165479,100,16.5479
2019-09-25,KZT,0.164732,100,16.4732
2019-09-26,KZT,0.165506,100,16.5506
2019-09-27,KZT,0.165853,100,16.5853
2019-09-28,KZT,0.166095,100,16.6095
2019-10-01,KZT,0.166503,100,16.6503
2019-10-02,KZT,0.167386,100,16.7386
2019-10-03,KZT,0.16822399999999998,100,16.8224
2019-10-04,KZT,0.16733599999999998,100,16.7336
2019-10-05,KZT,0.167183,100,16.7183
2019-10-08,KZT,0.166573,100,16.6573
2019-10-09,KZT,0.166508,100,16.6508
2019-10-10,KZT,0.166784,100,16.6784
2019-10-11,KZT,0.165864,100,16.5864
2019-10-12,KZT,0.16483499999999998,100,16.4835
2019-10-15,KZT,0.165185,100,16.5185
2019-10-16,KZT,0.164978,100,16.4978
2019-10-17,KZT,0.16502,100,16.502
2019-10-18,KZT,0.164022,100,16.4022
2019-10-19,KZT,0.16392199999999998,100,16.3922
2019-10-22,KZT,0.16352,100,16.352
2019-10-23,KZT,0.163203,100,16.3203
2019-10-24,KZT,0.163936,100,16.3936
2019-10-25,KZT,0.164129,100,16.4129
2019-10-26,KZT,0.164476,100,16.4476
2019-10-29,KZT,0.164645,100,16.4645
2019-10-30,KZT,0.164513,100,16.4513
2019-10-31,KZT,0.164345,100,16.4345
2019-11-01,KZT,0.164083,100,16.4083
2019-11-02,KZT,0.16439199999999998,100,16.4392
2019-11-06,KZT,0.162853,100,16.2853
2019-11-07,KZT,0.163476,100,16.3476
2019-11-08,KZT,0.16389299999999998,100,16.3893
2019-11-09,KZT,0.16398700000000002,100,16.3987
2019-11-12,KZT,0.16433,100,16.433
2019-11-13,KZT,0.164157,100,16.4157
2019-11-14,KZT,0.164882,100,16.4882
2019-11-15,KZT,0.16530899999999998,100,16.5309
2019-11-16,KZT,0.164543,100,16.4543
2019-11-19,KZT,0.164516,100,16.4516
2019-11-20,KZT,0.16467099999999998,100,16.4671
2019-11-21,KZT,0.165184,100,16.5184
2019-11-22,KZT,0.16525700000000001,100,16.5257
2019-11-23,KZT,0.165127,100,16.5127
2019-11-26,KZT,0.165116,100,16.5116
2019-11-27,KZT,0.16552399999999998,100,16.5524
2019-11-28,KZT,0.16556200000000001,100,16.5562
2019-11-29,KZT,0.165838,100,16.5838
2019-11-30,KZT,0.165875,100,16.5875
2019-12-03,KZT,0.166616,100,16.6616
2019-12-04,KZT,0.16561900000000002,100,16.5619
2019-12-05,KZT,0.165653,100,16.5653
2019-12-06,KZT,0.16541599999999998,100,16.5416
2019-12-07,KZT,0.16551300000000002,100,16.5513
2019-12-10,KZT,0.165185,100,16.5185
2019-12-11,KZT,0.164573,100,16.4573
2019-12-12,KZT,0.16453800000000002,100,16.4538
2019-12-13,KZT,0.164361,100,16.4361
2019-12-14,KZT,0.162637,100,16.2637
2019-12-17,KZT,0.16315200000000002,100,16.3152
2019-12-18,KZT,0.162538,100,16.2538
2019-12-19,KZT,0.162712,100,16.2712
2019-12-20,KZT,0.162718,100,16.2718
2019-12-21,KZT,0.162783,100,16.2783
2019-12-24,KZT,0.162734,100,16.2734
2019-12-25,KZT,0.163201,100,16.3201
2019-12-26,KZT,0.163023,100,16.3023
2019-12-27,KZT,0.16311499999999998,100,16.3115
2019-12-28,KZT,0.162973,100,16.2973
2019-12-31,KZT,0.162174,100,16.2174
2020-01-01,KZT,0.161665,100,16.1665
2020-01-10,KZT,0.162524,100,16.2524
2020-01-11,KZT,0.162192,100,16.2192
2020-01-14,KZT,0.161098,100,16.1098
2020-01-15,KZT,0.161775,100,16.1775
2020-01-16,KZT,0.16206,100,16.206
2020-01-17,KZT,0.163176,100,16.3176
2020-01-18,KZT,0.163535,100,16.3535
2020-01-21,KZT,0.16342,100,16.342
2020-01-22,KZT,0.163998,100,16.3998
2020-01-23,KZT,0.163921,100,16.3921
2020-01-24,KZT,0.163904,100,16.3904
2020-01-25,KZT,0.163252,100,16.3252
2020-01-28,KZT,0.163821,100,16.3821
2020-01-29,KZT,0.16494,100,16.494
2020-01-30,KZT,0.164837,100,16.4837
2020-01-31,KZT,0.166092,100,16.6092
2020-02-01,KZT,0.166537,100,16.6537
2020-02-04,KZT,0.167751,100,16.7751
2020-02-05,KZT,0.167207,100,16.7207
2020-02-06,KZT,0.166588,100,16.6588
2020-02-07,KZT,0.166431,100,16.6431
2020-02-08,KZT,0.167572,100,16.7572
2020-02-11,KZT,0.168361,100,16.8361
2020-02-12,KZT,0.169032,100,16.9032
2020-02-13,KZT,0.167549,100,16.7549
2020-02-14,KZT,0.168785,100,16.8785
2020-02-15,KZT,0.167833,100,16.7833
2020-02-18,KZT,0.16794,100,16.794
2020-02-19,KZT,0.169052,100,16.9052
2020-02-20,KZT,0.168766,100,16.8766
2020-02-21,KZT,0.169426,100,16.9426
2020-02-22,KZT,0.170777,100,17.0777
2020-02-26,KZT,0.172127,100,17.2127
2020-02-27,KZT,0.173201,100,17.3201
2020-02-28,KZT,0.172668,100,17.2668
2020-02-29,KZT,0.175541,100,17.5541
2020-03-03,KZT,0.174076,100,17.4076
2020-03-04,KZT,0.174679,100,17.4679
2020-03-05,KZT,0.173971,100,17.3971
2020-03-06,KZT,0.173795,100,17.3795
2020-03-07,KZT,0.176482,100,17.6482
2020-03-11,KZT,0.181834,100,18.1834
2020-03-12,KZT,0.180448,100,18.0448
2020-03-13,KZT,0.185031,100,18.5031
2020-03-14,KZT,0.180054,100,18.0054
2020-03-17,KZT,0.170176,100,17.0176
2020-03-18,KZT,0.169439,100,16.9439
2020-03-19,KZT,0.175053,100,17.5053
2020-03-20,KZT,0.175348,100,17.5348
2020-03-21,KZT,0.174352,100,17.4352
2020-03-24,KZT,0.180489,100,18.0489
2020-03-25,KZT,0.175954,100,17.5954
2020-03-26,KZT,0.173596,100,17.3596
2020-03-27,KZT,0.176456,100,17.6456
2020-03-28,KZT,0.174278,100,17.4278
2020-04-07,KZT,0.173999,100,17.3999
2020-04-08,KZT,0.172656,100,17.2656
2020-04-09,KZT,0.173788,100,17.3788
2020-04-10,KZT,0.172467,100,17.2467
2020-04-11,KZT,0.171386,100,17.1386
2020-04-14,KZT,0.171816,100,17.1816
2020-04-15,KZT,0.172131,100,17.2131
2020-04-16,KZT,0.172887,100,17.2887
2020-04-17,KZT,0.17451,100,17.451
2020-04-18,KZT,0.173283,100,17.3283
2020-04-21,KZT,0.174402,100,17.4402
2020-04-22,KZT,0.176468,100,17.6468
2020-04-23,KZT,0.176045,100,17.6045
2020-04-24,KZT,0.173859,100,17.3859
2020-04-25,KZT,0.172705,100,17.2705
2020-04-28,KZT,0.172794,100,17.2794
2020-04-29,KZT,0.172853,100,17.2853
2020-04-30,KZT,0.171546,100,17.1546
2020-05-01,KZT,0.171298,100,17.1298
2020-05-07,KZT,0.175722,100,17.5722
2020-05-08,KZT,0.175649,100,17.5649
2020-05-09,KZT,0.17507,100,17.507
2020-05-13,KZT,0.174648,100,17.4648
2020-05-14,KZT,0.174485,100,17.4485
2020-05-15,KZT,0.17475,100,17.475
2020-05-16,KZT,0.174108,100,17.4108
2020-05-19,KZT,0.174819,100,17.4819
2020-05-20,KZT,0.174329,100,17.4329
2020-05-21,KZT,0.174116,100,17.4116
2020-05-22,KZT,0.171748,100,17.1748
2020-05-23,KZT,0.172702,100,17.2702
2020-05-26,KZT,0.172748,100,17.2748
2020-05-27,KZT,0.172106,100,17.2106
2020-05-28,KZT,0.172231,100,17.2231
2020-05-29,KZT,0.172177,100,17.2177
2020-05-30,KZT,0.171643,100,17.1643
2020-06-02,KZT,0.170579,100,17.0579
2020-06-03,KZT,0.17147,100,17.147
2020-06-04,KZT,0.171193,100,17.1193
2020-06-05,KZT,0.172213,100,17.2213
2020-06-06,KZT,0.171363,100,17.1363
2020-06-09,KZT,0.171831,100,17.1831
2020-06-10,KZT,0.171665,100,17.1665
2020-06-11,KZT,0.171565,100,17.1565
2020-06-12,KZT,0.172695,100,17.2695
2020-06-16,KZT,0.173406,100,17.3406
2020-06-17,KZT,0.172546,100,17.2546
2020-06-18,KZT,0.17175,100,17.175
2020-06-19,KZT,0.17164,100,17.164
2020-06-20,KZT,0.17225,100,17.225
2020-06-23,KZT,0.172435,100,17.2435
2020-06-24,KZT,0.171556,100,17.1556
2020-06-25,KZT,0.171257,100,17.1257
2020-06-26,KZT,0.17171,100,17.171
2020-06-27,KZT,0.171681,100,17.1681
2020-06-30,KZT,0.172845,100,17.2845
2020-07-01,KZT,0.174099,100,17.4099
2020-07-02,KZT,0.173349,100,17.3349
2020-07-03,KZT,0.173372,100,17.3372
2020-07-04,KZT,0.173344,100,17.3344
2020-07-07,KZT,0.175261,100,17.5261
2020-07-08,KZT,0.176048,100,17.6048
2020-07-09,KZT,0.173516,100,17.3516
2020-07-10,KZT,0.172288,100,17.2288
2020-07-11,KZT,0.172279,100,17.2279
2020-07-14,KZT,0.171737,100,17.1737
2020-07-15,KZT,0.172136,100,17.2136
2020-07-16,KZT,0.171488,100,17.1488
2020-07-17,KZT,0.172491,100,17.2491
2020-07-18,KZT,0.173074,100,17.3074
2020-07-21,KZT,0.173233,100,17.3233
2020-07-22,KZT,0.171768,100,17.1768
2020-07-23,KZT,0.171553,100,17.1553
2020-07-24,KZT,0.171707,100,17.1707
2020-07-25,KZT,0.172761,100,17.2761
2020-07-28,KZT,0.172606,100,17.2606
2020-07-29,KZT,0.173267,100,17.3267
2020-07-30,KZT,0.173026,100,17.3026
2020-07-31,KZT,0.17462,100,17.462
2020-08-01,KZT,0.174086,100,17.4086
2020-08-04,KZT,0.175969,100,17.5969
2020-08-05,KZT,0.174807,100,17.4807
2020-08-06,KZT,0.174965,100,17.4965
2020-08-07,KZT,0.174536,100,17.4536
2020-08-08,KZT,0.175461,100,17.5461
2020-08-11,KZT,0.175705,100,17.5705
2020-08-12,KZT,0.174784,100,17.4784
2020-08-13,KZT,0.174461,100,17.4461
2020-08-14,KZT,0.175513,100,17.5513
2020-08-15,KZT,0.174414,100,17.4414
2020-08-18,KZT,0.174447,100,17.4447
2020-08-19,KZT,0.175411,100,17.5411
2020-08-20,KZT,0.174992,100,17.4992
2020-08-21,KZT,0.175968,100,17.5968
2020-08-22,KZT,0.176563,100,17.6563
2020-08-25,KZT,0.177174,100,17.7174
2020-08-26,KZT,0.177779,100,17.7779
2020-08-27,KZT,0.179878,100,17.9878
2020-08-28,KZT,0.179179,100,17.9179
2020-08-29,KZT,0.177566,100,17.7566
2020-09-01,KZT,0.175623,100,17.5623
2020-09-02,KZT,0.175813,100,17.5813
2020-09-03,KZT,0.17632,100,17.632
2020-09-04,KZT,0.179284,100,17.9284
2020-09-05,KZT,0.178606,100,17.8606
2020-09-08,KZT,0.178538,100,17.8538
2020-09-09,KZT,0.178997,100,17.8997
2020-09-10,KZT,0.177762,100,17.7762
2020-09-11,KZT,0.176842,100,17.6842
2020-09-12,KZT,0.175287,100,17.5287
2020-09-15,KZT,0.175062,100,17.5062
2020-09-16,KZT,0.176048,100,17.6048
2020-09-17,KZT,0.176263,100,17.6263
2020-09-18,KZT,0.17737,100,17.737
2020-09-19,KZT,0.178291,100,17.8291
2020-09-22,KZT,0.180147,100,18.0147
2020-09-23,KZT,0.179846,100,17.9846
2020-09-24,KZT,0.179472,100,17.9472
2020-09-25,KZT,0.180664,100,18.0664
2020-09-26,KZT,0.179973,100,17.9973
2020-09-29,KZT,0.182769,100,18.2769
2020-09-30,KZT,0.184609,100,18.4609
2020-10-01,KZT,0.181995,100,18.1995
2020-10-02,KZT,0.179803,100,17.9803
2020-10-03,KZT,0.180435,100,18.0435
2020-10-06,KZT,0.180875,100,18.0875
2020-10-07,KZT,0.182463,100,18.2463
2020-10-08,KZT,0.182058,100,18.2058
2020-10-09,KZT,0.181817,100,18.1817
2020-10-10,KZT,0.180209,100,18.0209
2020-10-13,KZT,0.179946,100,17.9946
2020-10-14,KZT,0.180052,100,18.0052
2020-10-15,KZT,0.179988,100,17.9988
2020-10-16,KZT,0.181824,100,18.1824
2020-10-17,KZT,0.181697,100,18.1697
2020-10-20,KZT,0.181879,100,18.1879
2020-10-21,KZT,0.181347,100,18.1347
2020-10-22,KZT,0.180007,100,18.0007
2020-10-23,KZT,0.179869,100,17.9869
2020-10-24,KZT,0.178832,100,17.8832
2020-10-27,KZT,0.177844,100,17.7844
2020-10-28,KZT,0.17787,100,17.787
2020-10-29,KZT,0.17996,100,17.996
2020-10-30,KZT,0.182276,100,18.2276
2020-10-31,KZT,0.183154,100,18.3154
2020-11-03,KZT,0.184892,100,18.4892
2020-11-04,KZT,0.184591,100,18.4591
2020-11-06,KZT,0.18134,100,18.134
2020-11-07,KZT,0.178491,100,17.8491
2020-11-10,KZT,0.178587,100,17.8587
2020-11-11,KZT,0.178067,100,17.8067
2020-11-12,KZT,0.178351,100,17.8351
2020-11-13,KZT,0.179612,100,17.9612
2020-11-14,KZT,0.179749,100,17.9749
2020-11-17,KZT,0.179116,100,17.9116
2020-11-18,KZT,0.177874,100,17.7874
2020-11-19,KZT,0.177507,100,17.7507
2020-11-20,KZT,0.178022,100,17.8022
2020-11-21,KZT,0.177499,100,17.7499
2020-11-24,KZT,0.178242,100,17.8242
2020-11-25,KZT,0.17856,100,17.856
2020-11-26,KZT,0.178427,100,17.8427
2020-11-27,KZT,0.178314,100,17.8314
2020-11-28,KZT,0.178898,100,17.8898
2020-12-01,KZT,0.179066,100,17.9066
2020-12-02,KZT,0.179286,100,17.9286
2020-12-03,KZT,0.177755,100,17.7755
2020-12-04,KZT,0.177802,100,17.7802
2020-12-05,KZT,0.176335,100,17.6335
2020-12-08,KZT,0.175995,100,17.5995
2020-12-09,KZT,0.174931,100,17.4931
2020-12-10,KZT,0.174521,100,17.4521
2020-12-11,KZT,0.175322,100,17.5322
2020-12-12,KZT,0.174472,100,17.4472
2020-12-15,KZT,0.174209,100,17.4209
2020-12-16,KZT,0.174832,100,17.4832
2020-12-17,KZT,0.174918,100,17.4918
2020-12-18,KZT,0.173865,100,17.3865
2020-12-19,KZT,0.174669,100,17.4669
2020-12-22,KZT,0.177626,100,17.7626
2020-12-23,KZT,0.179089,100,17.9089
2020-12-24,KZT,0.179088,100,17.9088
2020-12-25,KZT,0.178341,100,17.8341
2020-12-26,KZT,0.175629,100,17.5629
2020-12-29,KZT,0.175397,100,17.5397
2020-12-30,KZT,0.175148,100,17.5148
2020-12-31,KZT,0.175481,100,17.5481
2021-01-01,KZT,0.175252,100,17.5252
2021-01-12,KZT,0.177507,100,17.7507
2021-01-13,KZT,0.176535,100,17.6535
2021-01-14,KZT,0.175443,100,17.5443
2021-01-15,KZT,0.175688,100,17.5688
2021-01-16,KZT,0.175321,100,17.5321
2021-01-19,KZT,0.175839,100,17.5839
2021-01-20,KZT,0.17558,100,17.558
2021-01-21,KZT,0.175272,100,17.5272
2021-01-22,KZT,0.175298,100,17.5298
2021-01-23,KZT,0.176929,100,17.6929
2021-01-26,KZT,0.177938,100,17.7938
2021-01-27,KZT,0.178981,100,17.8981
2021-01-28,KZT,0.177866,100,17.7866
2021-01-29,KZT,0.179602,100,17.9602
2021-01-30,KZT,0.179782,100,17.9782
2021-02-02,KZT,0.178083,100,17.8083
2021-02-03,KZT,0.179123,100,17.9123
2021-02-04,KZT,0.179587,100,17.9587
2021-02-05,KZT,0.179521,100,17.9521
2021-02-06,KZT,0.178754,100,17.8754
2021-02-09,KZT,0.177342,100,17.7342
2021-02-10,KZT,0.177153,100,17.7153
2021-02-11,KZT,0.176833,100,17.6833
2021-02-12,KZT,0.176564,100,17.6564
2021-02-13,KZT,0.176362,100,17.6362
2021-02-16,KZT,0.175806,100,17.5806
2021-02-17,KZT,0.175885,100,17.5885
2021-02-18,KZT,0.176924,100,17.6924
2021-02-19,KZT,0.177243,100,17.7243
2021-02-20,KZT,0.177034,100,17.7034
2021-02-21,KZT,0.177231,100,17.7231
2021-02-25,KZT,0.177468,100,17.7468
2021-02-26,KZT,0.177054,100,17.7054
2021-02-27,KZT,0.178255,100,17.8255
2021-03-02,KZT,0.177018,100,17.7018
2021-03-03,KZT,0.177122,100,17.7122
2021-03-04,KZT,0.175216,100,17.5216
2021-03-05,KZT,0.175854,100,17.5854
2021-03-06,KZT,0.177065,100,17.7065
2021-03-10,KZT,0.176908,100,17.6908
2021-03-11,KZT,0.176016,100,17.6016
2021-03-12,KZT,0.175375,100,17.5375
2021-03-13,KZT,0.175378,100,17.5378
2021-03-16,KZT,0.174756,100,17.4756
2021-03-17,KZT,0.174154,100,17.4154
2021-03-18,KZT,0.174543,100,17.4543
2021-03-19,KZT,0.175753,100,17.5753
2021-03-20,KZT,0.175998,100,17.5998
2021-03-23,KZT,0.177217,100,17.7217
2021-03-24,KZT,0.178999,100,17.8999
2021-03-25,KZT,0.180887,100,18.0887
2021-03-26,KZT,0.179739,100,17.9739
2021-03-27,KZT,0.178629,100,17.8629
2021-03-30,KZT,0.178776,100,17.8776
2021-03-31,KZT,0.178268,100,17.8268
2021-04-01,KZT,0.177801,100,17.7801
2021-04-02,KZT,0.177325,100,17.7325
2021-04-03,KZT,0.178177,100,17.8177
2021-04-06,KZT,0.178982,100,17.8982
2021-04-07,KZT,0.177812,100,17.7812
2021-04-08,KZT,0.179758,100,17.9758
2021-04-09,KZT,0.177835,100,17.7835
2021-04-10,KZT,0.178025,100,17.8025
2021-04-13,KZT,0.178737,100,17.8737
2021-04-14,KZT,0.178166,100,17.8166
2021-04-15,KZT,0.175738,100,17.5738
2021-04-16,KZT,0.178318,100,17.8318
2021-04-17,KZT,0.175683,100,17.5683
2021-04-20,KZT,0.176828,100,17.6828
2021-04-21,KZT,0.176717,100,17.6717
2021-04-22,KZT,0.177616,100,17.7616
2021-04-23,KZT,0.176716,100,17.6716
2021-04-24,KZT,0.174361,100,17.4361
2021-04-27,KZT,0.173816,100,17.3816
2021-04-28,KZT,0.174521,100,17.4521
2021-04-29,KZT,0.174417,100,17.4417
2021-04-30,KZT,0.173809,100,17.3809
2021-05-01,KZT,0.174178,100,17.4178
2021-05-05,KZT,0.175462,100,17.5462
2021-05-06,KZT,0.175421,100,17.5421
2021-05-07,KZT,0.174836,100,17.4836
2021-05-08,KZT,0.173784,100,17.3784
2021-05-12,KZT,0.173525,100,17.3525
2021-05-13,KZT,0.17374,100,17.374
2021-05-14,KZT,0.173708,100,17.3708
2021-05-15,KZT,0.172626,100,17.2626
2021-05-18,KZT,0.172614,100,17.2614
2021-05-19,KZT,0.173001,100,17.3001
2021-05-20,KZT,0.172162,100,17.2162
2021-05-21,KZT,0.171581,100,17.1581
2021-05-22,KZT,0.171534,100,17.1534
2021-05-25,KZT,0.171809,100,17.1809
2021-05-26,KZT,0.171967,100,17.1967
2021-05-27,KZT,0.171746,100,17.1746
2021-05-28,KZT,0.171289,100,17.1289
2021-05-29,KZT,0.17167,100,17.167
2021-06-01,KZT,0.170912,100,17.0912
2021-06-02,KZT,0.171242,100,17.1242
2021-06-03,KZT,0.171562,100,17.1562
2021-06-04,KZT,0.171055,100,17.1055
2021-06-05,KZT,0.171039,100,17.1039
2021-06-08,KZT,0.170797,100,17.0797
2021-06-09,KZT,0.170175,100,17.0175
2021-06-10,KZT,0.168814,100,16.8814
2021-06-11,KZT,0.168845,100,16.8845
2021-06-12,KZT,0.167784,100,16.7784
2021-06-16,KZT,0.168305,100,16.8305
2021-06-17,KZT,0.169052,100,16.9052
2021-06-18,KZT,0.169505,100,16.9505
2021-06-19,KZT,0.168527,100,16.8527
2021-06-22,KZT,0.171027,100,17.1027
2021-06-23,KZT,0.171311,100,17.1311
2021-06-24,KZT,0.170003,100,17.0003
2021-06-25,KZT,0.168673,100,16.8673
2021-06-26,KZT,0.16876,100,16.876
2021-06-29,KZT,0.169266,100,16.9266
2021-06-30,KZT,0.168899,100,16.8899
2021-07-01,KZT,0.169778,100,16.9778
2021-07-02,KZT,0.170648,100,17.0648
2021-07-03,KZT,0.172247,100,17.2247
2021-07-06,KZT,0.172029,100,17.2029
2021-07-07,KZT,0.171823,100,17.1823
2021-07-08,KZT,0.172914,100,17.2914
2021-07-09,KZT,0.17455,100,17.455
2021-07-10,KZT,0.173424,100,17.3424
2021-07-13,KZT,0.174107,100,17.4107
2021-07-14,KZT,0.173158,100,17.3158
2021-07-15,KZT,0.173512,100,17.3512
2021-07-16,KZT,0.174002,100,17.4002
2021-07-17,KZT,0.173712,100,17.3712
2021-07-20,KZT,0.173647,100,17.3647
2021-07-21,KZT,0.173843,100,17.3843
2021-07-22,KZT,0.174035,100,17.4035
2021-07-23,KZT,0.172852,100,17.2852
2021-07-24,KZT,0.173264,100,17.3264
2021-07-27,KZT,0.173819,100,17.3819
2021-07-28,KZT,0.173515,100,17.3515
2021-07-29,KZT,0.172813,100,17.2813
2021-07-30,KZT,0.172093,100,17.2093
2021-07-31,KZT,0.171891,100,17.1891
2021-08-03,KZT,0.171925,100,17.1925
2021-08-04,KZT,0.171747,100,17.1747
2021-08-05,KZT,0.171482,100,17.1482
2021-08-06,KZT,0.171937,100,17.1937
2021-08-07,KZT,0.172254,100,17.2254
2021-08-10,KZT,0.172291,100,17.2291
2021-08-11,KZT,0.17272,100,17.272
2021-08-12,KZT,0.173597,100,17.3597
2021-08-13,KZT,0.17316,100,17.316
2021-08-14,KZT,0.172774,100,17.2774
2021-08-17,KZT,0.172403,100,17.2403
2021-08-18,KZT,0.172802,100,17.2802
2021-08-19,KZT,0.172571,100,17.2571
2021-08-20,KZT,0.173573,100,17.3573
2021-08-21,KZT,0.173992,100,17.3992
2021-08-24,KZT,0.173926,100,17.3926
2021-08-25,KZT,0.173849,100,17.3849
2021-08-26,KZT,0.173125,100,17.3125
2021-08-27,KZT,0.173402,100,17.3402
2021-08-28,KZT,0.173048,100,17.3048
2021-08-31,KZT,0.172184,100,17.2184
2021-09-01,KZT,0.171752,100,17.1752
2021-09-02,KZT,0.171607,100,17.1607
2021-09-03,KZT,0.170905,100,17.0905
2021-09-04,KZT,0.171239,100,17.1239
2021-09-07,KZT,0.171153,100,17.1153
2021-09-08,KZT,0.171669,100,17.1669
2021-09-09,KZT,0.171996,100,17.1996
2021-09-10,KZT,0.171523,100,17.1523
2021-09-11,KZT,0.170638,100,17.0638
2021-09-14,KZT,0.171378,100,17.1378
2021-09-15,KZT,0.170597,100,17.0597
2021-09-16,KZT,0.170754,100,17.0754
2021-09-17,KZT,0.17029,100,17.029
2021-09-18,KZT,0.170389,100,17.0389
2021-09-21,KZT,0.171998,100,17.1998
2021-09-22,KZT,0.171726,100,17.1726
2021-09-23,KZT,0.171101,100,17.1101
2021-09-24,KZT,0.171016,100,17.1016
2021-09-25,KZT,0.171683,100,17.1683
2021-09-28,KZT,0.171008,100,17.1008
2021-09-29,KZT,0.170728,100,17.0728
2021-09-30,KZT,0.17092,100,17.092
2021-10-01,KZT,0.170653,100,17.0653
2021-10-02,KZT,0.170997,100,17.0997
2021-10-05,KZT,0.171324,100,17.1324
2021-10-06,KZT,0.17077,100,17.077
2021-10-07,KZT,0.170568,100,17.0568
2021-10-08,KZT,0.169704,100,16.9704
2021-10-09,KZT,0.169245,100,16.9245
2021-10-12,KZT,0.168558,100,16.8558
2021-10-13,KZT,0.168911,100,16.8911
2021-10-14,KZT,0.16866,100,16.866
2021-10-15,KZT,0.168489,100,16.8489
2021-10-16,KZT,0.167223,100,16.7223
2021-10-19,KZT,0.167246,100,16.7246
2021-10-20,KZT,0.166708,100,16.6708
2021-10-21,KZT,0.16668,100,16.668
2021-10-22,KZT,0.166527,100,16.6527
2021-10-23,KZT,0.166363,100,16.6363
2021-10-26,KZT,0.164945,100,16.4945
2021-10-27,KZT,0.163365,100,16.3365
2021-10-28,KZT,0.163586,100,16.3586
2021-10-29,KZT,0.164941,100,16.4941
2021-10-30,KZT,0.16494,100,16.494
2021-11-02,KZT,0.166031,100,16.6031
2021-11-03,KZT,0.167123,100,16.7123
2021-11-04,KZT,0.166852,100,16.6852
2021-11-09,KZT,0.166292,100,16.6292
2021-11-10,KZT,0.165995,100,16.5995
2021-11-11,KZT,0.164867,100,16.4867
2021-11-12,KZT,0.165669,100,16.5669
2021-11-13,KZT,0.166927,100,16.6927
2021-11-16,KZT,0.16788,100,16.788
2021-11-17,KZT,0.168283,100,16.8283
2021-11-18,KZT,0.168552,100,16.8552
2021-11-19,KZT,0.167518,100,16.7518
2021-11-20,KZT,0.168391,100,16.8391
2021-11-23,KZT,0.169456,100,16.9456
2021-11-24,KZT,0.172465,100,17.2465
2021-11-25,KZT,0.17188,100,17.188
2021-11-26,KZT,0.172327,100,17.2327
2021-11-27,KZT,0.173385,100,17.3385
2021-11-30,KZT,0.171152,100,17.1152
2021-12-01,KZT,0.170443,100,17.0443
2021-12-02,KZT,0.169569,100,16.9569
2021-12-03,KZT,0.167926,100,16.7926
2021-12-04,KZT,0.168113,100,16.8113
2021-12-07,KZT,0.168214,100,16.8214
2021-12-08,KZT,0.169773,100,16.9773
2021-12-09,KZT,0.169002,100,16.9002
2021-12-10,KZT,0.16902,100,16.902
2021-12-11,KZT,0.168531,100,16.8531
2021-12-14,KZT,0.168373,100,16.8373
2021-12-15,KZT,0.167912,100,16.7912
2021-12-16,KZT,0.168398,100,16.8398
2021-12-17,KZT,0.167989,100,16.7989
2021-12-18,KZT,0.168359,100,16.8359
2021-12-21,KZT,0.169121,100,16.9121
2021-12-22,KZT,0.168598,100,16.8598
2021-12-23,KZT,0.169146,100,16.9146
2021-12-24,KZT,0.168137,100,16.8137
2021-12-25,KZT,0.169007,100,16.9007
2021-12-28,KZT,0.168993,100,16.8993
2021-12-29,KZT,0.169248,100,16.9248
2021-12-30,KZT,0.169158,100,16.9158
2021-12-31,KZT,0.169,100,16.9
2022-01-11,KZT,0.172328,100,17.2328
2022-01-12,KZT,0.171858,100,17.1858
2022-01-13,KZT,0.171367,100,17.1367
2022-01-14,KZT,0.171442,100,17.1442
2022-01-15,KZT,0.173677,100,17.3677
2022-01-18,KZT,0.174625,100,17.4625
2022-01-19,KZT,0.1752,100,17.52
2022-01-20,KZT,0.175964,100,17.5964
2022-01-21,KZT,0.175323,100,17.5323
2022-01-22,KZT,0.175815,100,17.5815
2022-01-25,KZT,0.177402,100,17.7402
2022-01-26,KZT,0.180165,100,18.0165
2022-01-27,KZT,0.181167,100,18.1167
2022-01-28,KZT,0.181675,100,18.1675
2022-01-29,KZT,0.178808,100,17.8808
2022-02-01,KZT,0.178379,100,17.8379
2022-02-02,KZT,0.177719,100,17.7719
2022-02-03,KZT,0.176253,100,17.6253
2022-02-04,KZT,0.176308,100,17.6308
2022-02-05,KZT,0.175942,100,17.5942
2022-02-08,KZT,0.175695,100,17.5695
2022-02-09,KZT,0.175965,100,17.5965
2022-02-10,KZT,0.17559,100,17.559
2022-02-11,KZT,0.175018,100,17.5018
2022-02-12,KZT,0.174631,100,17.4631
2022-02-15,KZT,0.17765,100,17.765
2022-02-16,KZT,0.176945,100,17.6945
2022-02-17,KZT,0.175533,100,17.5533
2022-02-18,KZT,0.176786,100,17.6786
2022-02-19,KZT,0.176931,100,17.6931
2022-02-22,KZT,0.17953,100,17.953
2022-02-23,KZT,0.184681,100,18.4681
2022-02-25,KZT,0.185306,100,18.5306
2022-02-26,KZT,0.180019,100,18.0019
2022-03-01,KZT,0.188393,100,18.8393
2022-03-02,KZT,0.186621,100,18.6621
2022-03-03,KZT,0.209806,100,20.9806
2022-03-04,KZT,0.225809,100,22.5809
2022-03-05,KZT,0.210524,100,21.0524
2022-03-06,KZT,0.207345,100,20.7345
2022-03-10,KZT,0.230647,100,23.0647
2022-03-11,KZT,0.231488,100,23.1488
2022-03-12,KZT,0.228376,100,22.8376
2022-03-15,KZT,0.224903,100,22.4903
2022-03-16,KZT,0.217075,100,21.7075
2022-03-17,KZT,0.212006,100,21.2006
2022-03-18,KZT,0.206141,100,20.6141
2022-03-19,KZT,0.204893,100,20.4893
2022-03-22,KZT,0.206331,100,20.6331
2022-03-23,KZT,0.205133,100,20.5133
2022-03-24,KZT,0.203014,100,20.3014
2022-03-25,KZT,0.194515,100,19.4515
2022-03-26,KZT,0.193977,100,19.3977
2022-03-29,KZT,0.194731,100,19.4731
2022-03-30,KZT,0.184763,100,18.4763
2022-03-31,KZT,0.180649,100,18.0649
2022-04-01,KZT,0.177349,100,17.7349
2022-04-02,KZT,0.175449,100,17.5449
2022-04-05,KZT,0.176894,100,17.6894
2022-04-06,KZT,0.176309,100,17.6309
2022-04-07,KZT,0.178428,100,17.8428
2022-04-08,KZT,0.164975,100,16.4975
2022-04-09,KZT,0.163118,100,16.3118
2022-04-12,KZT,0.177134,100,17.7134
2022-04-13,KZT,0.177135,100,17.7135
2022-04-14,KZT,0.177541,100,17.7541
2022-04-15,KZT,0.180572,100,18.0572
2022-04-16,KZT,0.178593,100,17.8593
2022-04-19,KZT,0.174902,100,17.4902
2022-04-20,KZT,0.175678,100,17.5678
2022-04-21,KZT,0.173774,100,17.3774
2022-04-22,KZT,0.168905,100,16.8905
2022-04-23,KZT,0.165537,100,16.5537
2022-04-26,KZT,0.165231,100,16.5231
2022-04-27,KZT,0.162203,100,16.2203
2022-04-28,KZT,0.160687,100,16.0687
2022-04-29,KZT,0.160817,100,16.0817
2022-04-30,KZT,0.158362,100,15.8362
2022-05-05,KZT,0.157178,100,15.7178
2022-05-06,KZT,0.151626,100,15.1626
2022-05-07,KZT,0.157514,100,15.7514
2022-05-12,KZT,0.158443,100,15.8443
2022-05-13,KZT,0.148645,100,14.8645
2022-05-14,KZT,0.146701,100,14.6701
2022-05-17,KZT,0.14829,100,14.829
2022-05-18,KZT,0.147922,100,14.7922
2022-05-19,KZT,0.146871,100,14.6871
2022-05-20,KZT,0.144221,100,14.4221
2022-05-21,KZT,0.136497,100,13.6497
2022-05-24,KZT,0.136955,100,13.6955
2022-05-25,KZT,0.134095,100,13.4095
2022-05-26,KZT,0.13504,100,13.504
2022-05-27,KZT,0.149474,100,14.9474
2022-05-28,KZT,0.157349,100,15.7349
2022-05-31,KZT,0.145621,100,14.5621
2022-06-01,KZT,0.144147,100,14.4147
2022-06-02,KZT,0.148246,100,14.8246
2022-06-03,KZT,0.145012,100,14.5012
2022-06-04,KZT,0.143181,100,14.3181
2022-06-07,KZT,0.141473,100,14.1473
2022-06-08,KZT,0.141142,100,14.1142
2022-06-09,KZT,0.140258,100,14.0258
2022-06-10,KZT,0.134709,100,13.4709
2022-06-11,KZT,0.132973,100,13.2973
2022-06-15,KZT,0.130892,100,13.0892
2022-06-16,KZT,0.129983,100,12.9983
2022-06-17,KZT,0.129711,100,12.9711
2022-06-18,KZT,0.128254,100,12.8254
2022-06-21,KZT,0.125703,100,12.5703
2022-06-22,KZT,0.123422,100,12.3422
2022-06-23,KZT,0.118944,100,11.8944
2022-06-24,KZT,0.1175,100,11.75
2022-06-25,KZT,0.114721,100,11.4721
2022-06-28,KZT,0.113324,100,11.3324
2022-06-29,KZT,0.114915,100,11.4915
2022-06-30,KZT,0.112176,100,11.2176
2022-07-01,KZT,0.11291,100,11.291
2022-07-02,KZT,0.114316,100,11.4316
2022-07-05,KZT,0.118098,100,11.8098
2022-07-06,KZT,0.12606,100,12.606
2022-07-07,KZT,0.134064,100,13.4064
2022-07-08,KZT,0.134558,100,13.4558
2022-07-09,KZT,0.128376,100,12.8376
2022-07-12,KZT,0.129084,100,12.9084
2022-07-13,KZT,0.126609,100,12.6609
2022-07-14,KZT,0.123647,100,12.3647
2022-07-15,KZT,0.122411,100,12.2411
2022-07-16,KZT,0.120889,100,12.0889
2022-07-19,KZT,0.117746,100,11.7746
2022-07-20,KZT,0.114497,100,11.4497
2022-07-21,KZT,0.114183,100,11.4183
2022-07-22,KZT,0.11737,100,11.737
2022-07-23,KZT,0.11906,100,11.906
2022-07-26,KZT,0.119414,100,11.9414
2022-07-27,KZT,0.123257,100,12.3257
2022-07-28,KZT,0.125502,100,12.5502
2022-07-29,KZT,0.125381,100,12.5381
2022-07-30,KZT,0.128055,100,12.8055
2022-08-02,KZT,0.130061,100,13.0061
2022-08-03,KZT,0.12546,100,12.546
2022-08-04,KZT,0.126605,100,12.6605
2022-08-05,KZT,0.126521,100,12.6521
2022-08-06,KZT,0.126779,100,12.6779
2022-08-09,KZT,0.12619,100,12.619
2022-08-10,KZT,0.126687,100,12.6687
2022-08-11,KZT,0.12637,100,12.637
2022-08-12,KZT,0.126823,100,12.6823
2022-08-13,KZT,0.127492,100,12.7492
2022-08-16,KZT,0.128936,100,12.8936
2022-08-17,KZT,0.128995,100,12.8995
2022-08-18,KZT,0.127482,100,12.7482
2022-08-19,KZT,0.125907,100,12.5907
2022-08-20,KZT,0.124243,100,12.4243
2022-08-23,KZT,0.125395,100,12.5395
2022-08-24,KZT,0.126366,100,12.6366
2022-08-25,KZT,0.127532,100,12.7532
2022-08-26,KZT,0.129378,100,12.9378
2022-08-27,KZT,0.129217,100,12.9217
2022-08-30,KZT,0.128954,100,12.8954
2022-08-31,KZT,0.128963,100,12.8963
2022-09-01,KZT,0.128687,100,12.8687
2022-09-02,KZT,0.127564,100,12.7564
2022-09-03,KZT,0.12806,100,12.806
2022-09-06,KZT,0.128904,100,12.8904
2022-09-07,KZT,0.128757,100,12.8757
2022-09-08,KZT,0.129493,100,12.9493
2022-09-09,KZT,0.128516,100,12.8516
2022-09-10,KZT,0.126649,100,12.6649
2022-09-13,KZT,0.127721,100,12.7721
2022-09-14,KZT,0.127265,100,12.7265
2022-09-15,KZT,0.126254,100,12.6254
2022-09-16,KZT,0.125902,100,12.5902
2022-09-17,KZT,0.126598,100,12.6598
2022-09-20,KZT,0.126103,100,12.6103
2022-09-21,KZT,0.125677,100,12.5677
2022-09-22,KZT,0.127271,100,12.7271
2022-09-23,KZT,0.125242,100,12.5242
2022-09-24,KZT,0.120718,100,12.0718
2022-09-27,KZT,0.120977,100,12.0977
2022-09-28,KZT,0.121867,100,12.1867
2022-09-29,KZT,0.122047,100,12.2047
2022-09-30,KZT,0.119763,100,11.9763
2022-10-01,KZT,0.115957,100,11.5957
2022-10-04,KZT,0.120758,100,12.0758
2022-10-05,KZT,0.123638,100,12.3638
2022-10-06,KZT,0.125676,100,12.5676
2022-10-07,KZT,0.128182,100,12.8182
2022-10-08,KZT,0.130661,100,13.0661
2022-10-11,KZT,0.132007,100,13.2007
2022-10-12,KZT,0.13453,100,13.453
2022-10-13,KZT,0.134237,100,13.4237
2022-10-14,KZT,0.132858,100,13.2858
2022-10-15,KZT,0.131553,100,13.1553
2022-10-18,KZT,0.129513,100,12.9513
2022-10-19,KZT,0.130473,100,13.0473
2022-10-20,KZT,0.130246,100,13.0246
2022-10-21,KZT,0.130819,100,13.0819
2022-10-22,KZT,0.130685,100,13.0685
2022-10-25,KZT,0.129328,100,12.9328
2022-10-26,KZT,0.129686,100,12.9686
2022-10-27,KZT,0.129888,100,12.9888
2022-10-28,KZT,0.130185,100,13.0185
2022-10-29,KZT,0.132229,100,13.2229
2022-11-01,KZT,0.131955,100,13.1955
2022-11-02,KZT,0.131157,100,13.1157
2022-11-03,KZT,0.132164,100,13.2164
2022-11-04,KZT,0.134826,100,13.4826
2022-11-08,KZT,0.131848,100,13.1848
2022-11-09,KZT,0.131304,100,13.1304
2022-11-10,KZT,0.131594,100,13.1594
2022-11-11,KZT,0.131542,100,13.1542
2022-11-12,KZT,0.128281,100,12.8281
2022-11-15,KZT,0.130729,100,13.0729
2022-11-16,KZT,0.131186,100,13.1186
2022-11-17,KZT,0.13091,100,13.091
2022-11-18,KZT,0.131467,100,13.1467
2022-11-19,KZT,0.13152,100,13.152
2022-11-22,KZT,0.132315,100,13.2315
2022-11-23,KZT,0.130852,100,13.0852
2022-11-24,KZT,0.130749,100,13.0749
2022-11-25,KZT,0.130523,100,13.0523
2022-11-26,KZT,0.129799,100,12.9799
2022-11-29,KZT,0.130543,100,13.0543
2022-11-30,KZT,0.130503,100,13.0503
2022-12-01,KZT,0.129967,100,12.9967
2022-12-02,KZT,0.130407,100,13.0407
2022-12-03,KZT,0.131871,100,13.1871
2022-12-06,KZT,0.132596,100,13.2596
2022-12-07,KZT,0.134088,100,13.4088
2022-12-08,KZT,0.133248,100,13.3248
2022-12-09,KZT,0.132137,100,13.2137
2022-12-10,KZT,0.132116,100,13.2116
2022-12-13,KZT,0.132942,100,13.2942
2022-12-14,KZT,0.134514,100,13.4514
2022-12-15,KZT,0.134993,100,13.4993
2022-12-16,KZT,0.137244,100,13.7244
2022-12-17,KZT,0.137886,100,13.7886
2022-12-20,KZT,0.141599,100,14.1599
2022-12-21,KZT,0.147368,100,14.7368
2022-12-22,KZT,0.150317,100,15.0317
2022-12-23,KZT,0.153378,100,15.3378
2022-12-24,KZT,0.147064,100,14.7064
2022-12-27,KZT,0.148167,100,14.8167
2022-12-28,KZT,0.151669,100,15.1669
2022-12-29,KZT,0.154848,100,15.4848
2022-12-30,KZT,0.156056,100,15.6056
2022-12-31,KZT,0.152583,100,15.2583
2023-01-10,KZT,0.151735,100,15.1735
2023-01-11,KZT,0.15051,100,15.051
2023-01-12,KZT,0.149446,100,14.9446
2023-01-13,KZT,0.146641,100,14.6641
2023-01-14,KZT,0.146082,100,14.6082
2023-01-17,KZT,0.147719,100,14.7719
2023-01-18,KZT,0.148403,100,14.8403
2023-01-19,KZT,0.148404,100,14.8404
2023-01-20,KZT,0.148268,100,14.8268
2023-01-21,KZT,0.14838,100,14.838
2023-01-24,KZT,0.148371,100,14.8371
2023-01-25,KZT,0.148803,100,14.8803
2023-01-26,KZT,0.149297,100,14.9297
2023-01-27,KZT,0.149815,100,14.9815
2023-01-28,KZT,0.150285,100,15.0285
2023-01-31,KZT,0.151147,100,15.1147
2023-02-01,KZT,0.153325,100,15.3325
2023-02-02,KZT,0.15227,100,15.227
2023-02-03,KZT,0.151976,100,15.1976
2023-02-04,KZT,0.153037,100,15.3037
2023-02-07,KZT,0.153915,100,15.3915
2023-02-08,KZT,0.154888,100,15.4888
2023-02-09,KZT,0.156629,100,15.6629
2023-02-10,KZT,0.15998,100,15.998
2023-02-11,KZT,0.160906,100,16.0906
2023-02-14,KZT,0.163337,100,16.3337
2023-02-15,KZT,0.163262,100,16.3262
2023-02-16,KZT,0.164478,100,16.4478
2023-02-17,KZT,0.167148,100,16.7148
2023-02-18,KZT,0.168342,100,16.8342
2023-02-21,KZT,0.166678,100,16.6678
2023-02-22,KZT,0.167217,100,16.7217
2023-02-23,KZT,0.16764,100,16.764
2023-02-28,KZT,0.168477,100,16.8477
2023-03-01,KZT,0.166748,100,16.6748
2023-03-02,KZT,0.168793,100,16.8793
2023-03-03,KZT,0.170711,100,17.0711
2023-03-04,KZT,0.173195,100,17.3195
2023-03-07,KZT,0.175078,100,17.5078
2023-03-08,KZT,0.174336,100,17.4336
2023-03-10,KZT,0.173069,100,17.3069
2023-03-11,KZT,0.172154,100,17.2154
2023-03-14,KZT,0.169202,100,16.9202
2023-03-15,KZT,0.164658,100,16.4658
2023-03-16,KZT,0.165304,100,16.5304
2023-03-17,KZT,0.164396,100,16.4396
2023-03-18,KZT,0.164334,100,16.4334
2023-03-21,KZT,0.16763,100,16.763
2023-03-22,KZT,0.166185,100,16.6185
2023-03-23,KZT,0.166442,100,16.6442
2023-03-24,KZT,0.165038,100,16.5038
2023-03-25,KZT,0.165343,100,16.5343
2023-03-28,KZT,0.167435,100,16.7435
2023-03-29,KZT,0.166919,100,16.6919
2023-03-30,KZT,0.169183,100,16.9183
2023-03-31,KZT,0.171918,100,17.1918
2023-04-01,KZT,0.172577,100,17.2577
2023-04-04,KZT,0.172569,100,17.2569
2023-04-05,KZT,0.176023,100,17.6023
2023-04-06,KZT,0.176898,100,17.6898
2023-04-07,KZT,0.180558,100,18.0558
2023-04-08,KZT,0.18421,100,18.421
2023-04-11,KZT,0.18369,100,18.369
2023-04-12,KZT,0.184969,100,18.4969
2023-04-13,KZT,0.182909,100,18.2909
2023-04-14,KZT,0.180312,100,18.0312
2023-04-15,KZT,0.181177,100,18.1177
2023-04-18,KZT,0.181295,100,18.1295
2023-04-19,KZT,0.181983,100,18.1983
2023-04-20,KZT,0.181053,100,18.1053
2023-04-21,KZT,0.179354,100,17.9354
2023-04-22,KZT,0.178843,100,17.8843
2023-04-25,KZT,0.177579,100,17.7579
2023-04-26,KZT,0.178704,100,17.8704
2023-04-27,KZT,0.179385,100,17.9385
2023-04-28,KZT,0.179676,100,17.9676
2023-04-29,KZT,0.176474,100,17.6474
2023-05-03,KZT,0.176362,100,17.6362
2023-05-04,KZT,0.176572,100,17.6572
2023-05-05,KZT,0.177651,100,17.7651
2023-05-06,KZT,0.172518,100,17.2518
2023-05-11,KZT,0.172235,100,17.2235
2023-05-12,KZT,0.17085,100,17.085
2023-05-13,KZT,0.173797,100,17.3797
2023-05-16,KZT,0.177359,100,17.7359
2023-05-17,KZT,0.177544,100,17.7544
2023-05-18,KZT,0.179824,100,17.9824
2023-05-19,KZT,0.177982,100,17.7982
2023-05-20,KZT,0.177896,100,17.7896
2023-05-23,KZT,0.178309,100,17.8309
2023-05-24,KZT,0.180101,100,18.0101
2023-05-25,KZT,0.181027,100,18.1027
2023-05-26,KZT,0.179966,100,17.9966
2023-05-27,KZT,0.179037,100,17.9037
2023-05-30,KZT,0.179626,100,17.9626
2023-05-31,KZT,0.181544,100,18.1544
2023-06-01,KZT,0.181163,100,18.1163
2023-06-02,KZT,0.180675,100,18.0675
2023-06-03,KZT,0.180236,100,18.0236
2023-06-06,KZT,0.181579,100,18.1579
2023-06-07,KZT,0.181075,100,18.1075
2023-06-08,KZT,0.181944,100,18.1944
2023-06-09,KZT,0.183797,100,18.3797
2023-06-10,KZT,0.185774,100,18.5774
2023-06-14,KZT,0.186981,100,18.6981
2023-06-15,KZT,0.187965,100,18.7965
2023-06-16,KZT,0.186514,100,18.6514
2023-06-17,KZT,0.18514,100,18.514
2023-06-20,KZT,0.186227,100,18.6227
2023-06-21,KZT,0.188379,100,18.8379
2023-06-22,KZT,0.187925,100,18.7925
2023-06-23,KZT,0.186875,100,18.6875
2023-06-24,KZT,0.187836,100,18.7836
2023-06-27,KZT,0.189384,100,18.9384
2023-06-28,KZT,0.188976,100,18.8976
2023-06-29,KZT,0.190113,100,19.0113
2023-06-30,KZT,0.193255,100,19.3255
2023-07-01,KZT,0.194624,100,19.4624
2023-07-04,KZT,0.198797,100,19.8797
2023-07-05,KZT,0.199819,100,19.9819
2023-07-06,KZT,0.202193,100,20.2193
2023-07-07,KZT,0.208565,100,20.8565
2023-07-08,KZT,0.206579,100,20.6579
2023-07-11,KZT,0.20614,100,20.614
2023-07-12,KZT,0.203431,100,20.3431
2023-07-13,KZT,0.205448,100,20.5448
2023-07-14,KZT,0.204689,100,20.4689
2023-07-15,KZT,0.203245,100,20.3245
2023-07-18,KZT,0.202521,100,20.2521
2023-07-19,KZT,0.203187,100,20.3187
2023-07-20,KZT,0.205346,100,20.5346
2023-07-21,KZT,0.205237,100,20.5237
2023-07-22,KZT,0.203574,100,20.3574
2023-07-25,KZT,0.203433,100,20.3433
2023-07-26,KZT,0.20235,100,20.235
2023-07-27,KZT,0.202325,100,20.2325
2023-07-28,KZT,0.202621,100,20.2621
2023-07-29,KZT,0.204574,100,20.4574
2023-08-01,KZT,0.205511,100,20.5511
2023-08-02,KZT,0.205742,100,20.5742
2023-08-03,KZT,0.208613,100,20.8613
2023-08-04,KZT,0.211376,100,21.1376
2023-08-05,KZT,0.213046,100,21.3046
2023-08-08,KZT,0.216863,100,21.6863
2023-08-09,KZT,0.215242,100,21.5242
2023-08-10,KZT,0.218444,100,21.8444
2023-08-11,KZT,0.217959,100,21.7959
2023-08-12,KZT,0.220674,100,22.0674
2023-08-15,KZT,0.226643,100,22.6643
2023-08-16,KZT,0.217193,100,21.7193
2023-08-17,KZT,0.215296,100,21.5296
2023-08-18,KZT,0.206353,100,20.6353
2023-08-19,KZT,0.201655,100,20.1655
2023-08-22,KZT,0.203899,100,20.3899
2023-08-23,KZT,0.20807,100,20.807
2023-08-24,KZT,0.208422,100,20.8422
2023-08-25,KZT,0.206057,100,20.6057
2023-08-26,KZT,0.204986,100,20.4986
2023-08-29,KZT,0.207471,100,20.7471
2023-08-30,KZT,0.206243,100,20.6243
2023-08-31,KZT,0.207889,100,20.7889
2023-09-01,KZT,0.208769,100,20.8769
2023-09-02,KZT,0.209578,100,20.9578
2023-09-05,KZT,0.211705,100,21.1705
2023-09-06,KZT,0.212261,100,21.2261
2023-09-07,KZT,0.212718,100,21.2718
2023-09-08,KZT,0.212817,100,21.2817
2023-09-09,KZT,0.210825,100,21.0825
2023-09-12,KZT,0.206971,100,20.6971
2023-09-13,KZT,0.204596,100,20.4596
2023-09-14,KZT,0.208424,100,20.8424
2023-09-15,KZT,0.207252,100,20.7252
2023-09-16,KZT,0.207289,100,20.7289
2023-09-19,KZT,0.206825,100,20.6825
2023-09-20,KZT,0.205032,100,20.5032
2023-09-21,KZT,0.204936,100,20.4936
2023-09-22,KZT,0.203026,100,20.3026
2023-09-23,KZT,0.201786,100,20.1786
2023-09-26,KZT,0.202305,100,20.2305
2023-09-27,KZT,0.203042,100,20.3042
2023-09-28,KZT,0.202353,100,20.2353
2023-09-29,KZT,0.200928,100,20.0928
2023-09-30,KZT,0.20398,100,20.398
2023-10-03,KZT,0.207555,100,20.7555
2023-10-04,KZT,0.207521,100,20.7521
2023-10-05,KZT,0.208393,100,20.8393
2023-10-06,KZT,0.209145,100,20.9145
2023-10-07,KZT,0.210479,100,21.0479
2023-10-10,KZT,0.211859,100,21.1859
2023-10-11,KZT,0.209498,100,20.9498
2023-10-12,KZT,0.209511,100,20.9511
2023-10-13,KZT,0.203437,100,20.3437
2023-10-14,KZT,0.204522,100,20.4522
2023-10-17,KZT,0.203963,100,20.3963
2023-10-18,KZT,0.204233,100,20.4233
2023-10-19,KZT,0.204084,100,20.4084
2023-10-20,KZT,0.203576,100,20.3576
2023-10-21,KZT,0.200053,100,20.0053
2023-10-24,KZT,0.197696,100,19.7696
2023-10-25,KZT,0.195339,100,19.5339
2023-10-26,KZT,0.195752,100,19.5752
2023-10-27,KZT,0.196616,100,19.6616
2023-10-28,KZT,0.19572,100,19.572
2023-10-31,KZT,0.198264,100,19.8264
2023-11-01,KZT,0.195017,100,19.5017
2023-11-02,KZT,0.198608,100,19.8608
2023-11-03,KZT,0.198202,100,19.8202
2023-11-04,KZT,0.198738,100,19.8738
2023-11-08,KZT,0.199834,100,19.9834
2023-11-09,KZT,0.198491,100,19.8491
2023-11-10,KZT,0.196934,100,19.6934
2023-11-11,KZT,0.196675,100,19.6675
2023-11-14,KZT,0.196876,100,19.6876
2023-11-15,KZT,0.195877,100,19.5877
2023-11-16,KZT,0.19294,100,19.294
2023-11-17,KZT,0.192721,100,19.2721
2023-11-18,KZT,0.193097,100,19.3097
2023-11-21,KZT,0.191222,100,19.1222
2023-11-22,KZT,0.189965,100,18.9965
2023-11-23,KZT,0.192063,100,19.2063
2023-11-24,KZT,0.192896,100,19.2896
2023-11-25,KZT,0.192583,100,19.2583
2023-11-28,KZT,0.191549,100,19.1549
2023-11-29,KZT,0.192895,100,19.2895
2023-11-30,KZT,0.19363,100,19.363
2023-12-01,KZT,0.192964,100,19.2964
2023-12-02,KZT,0.19597,100,19.597
2023-12-05,KZT,0.197051,100,19.7051
2023-12-06,KZT,0.198518,100,19.8518
2023-12-07,KZT,0.201242,100,20.1242
2023-12-08,KZT,0.201466,100,20.1466
2023-12-09,KZT,0.199257,100,19.9257
2023-12-12,KZT,0.198826,100,19.8826
2023-12-13,KZT,0.196767,100,19.6767
2023-12-14,KZT,0.196908,100,19.6908
2023-12-15,KZT,0.196788,100,19.6788
2023-12-16,KZT,0.196863,100,19.6863
2023-12-19,KZT,0.197657,100,19.7657
2023-12-20,KZT,0.196937,100,19.6937
2023-12-21,KZT,0.197392,100,19.7392
2023-12-22,KZT,0.201031,100,20.1031
2023-12-23,KZT,0.201184,100,20.1184
2023-12-26,KZT,0.200067,100,20.0067
2023-12-27,KZT,0.200395,100,20.0395
2023-12-28,KZT,0.201011,100,20.1011
2023-12-29,KZT,0.198253,100,19.8253
2023-12-30,KZT,0.197708,100,19.7708
2024-01-10,KZT,0.199391,100,19.9391
2024-01-11,KZT,0.197255,100,19.7255
2024-01-12,KZT,0.195839,100,19.5839
2024-01-13,KZT,0.194501,100,19.4501
2024-01-16,KZT,0.194264,100,19.4264
2024-01-17,KZT,0.194177,100,19.4177
2024-01-18,KZT,0.195798,100,19.5798
2024-01-19,KZT,0.195741,100,19.5741
2024-01-20,KZT,0.196081,100,19.6081
2024-01-23,KZT,0.195477,100,19.5477
2024-01-24,KZT,0.195983,100,19.5983
2024-01-25,KZT,0.19793,100,19.793
2024-01-26,KZT,0.199035,100,19.9035
2024-01-27,KZT,0.200695,100,20.0695
2024-01-30,KZT,0.199246,100,19.9246
2024-01-31,KZT,0.198428,100,19.8428
2024-02-01,KZT,0.200075,100,20.0075
2024-02-02,KZT,0.201523,100,20.1523
2024-02-03,KZT,0.201634,100,20.1634
2024-02-06,KZT,0.202206,100,20.2206
2024-02-07,KZT,0.200115,100,20.0115
2024-02-08,KZT,0.200513,100,20.0513
2024-02-09,KZT,0.201832,100,20.1832
2024-02-10,KZT,0.201826,100,20.1826
2024-02-13,KZT,0.203703,100,20.3703
2024-02-14,KZT,0.204167,100,20.4167
2024-02-15,KZT,0.204093,100,20.4093
2024-02-16,KZT,0.205344,100,20.5344
2024-02-17,KZT,0.206555,100,20.6555
2024-02-20,KZT,0.20596,100,20.596
2024-02-21,KZT,0.205156,100,20.5156
2024-02-22,KZT,0.204086,100,20.4086
2024-02-23,KZT,0.20575,100,20.575
2024-02-27,KZT,0.205904,100,20.5904
2024-02-28,KZT,0.204557,100,20.4557
2024-02-29,KZT,0.204659,100,20.4659
2024-03-01,KZT,0.201286,100,20.1286
2024-03-02,KZT,0.202689,100,20.2689
2024-03-05,KZT,0.202544,100,20.2544
2024-03-06,KZT,0.201082,100,20.1082
2024-03-07,KZT,0.200522,100,20.0522
2024-03-08,KZT,0.202783,100,20.2783
2024-03-12,KZT,0.202609,100,20.2609
2024-03-13,KZT,0.20245,100,20.245
2024-03-14,KZT,0.20375,100,20.375
2024-03-15,KZT,0.203685,100,20.3685
2024-03-16,KZT,0.204537,100,20.4537
2024-03-19,KZT,0.205054,100,20.5054
2024-03-20,KZT,0.205262,100,20.5262
2024-03-21,KZT,0.205476,100,20.5476
2024-03-22,KZT,0.203758,100,20.3758
2024-03-23,KZT,0.205225,100,20.5225
2024-03-26,KZT,0.205589,100,20.5589
2024-03-27,KZT,0.205142,100,20.5142
2024-03-28,KZT,0.205728,100,20.5728
2024-03-29,KZT,0.20522,100,20.522
2024-03-30,KZT,0.206105,100,20.6105
2024-04-02,KZT,0.20657,100,20.657
2024-04-03,KZT,0.207196,100,20.7196
2024-04-04,KZT,0.206442,100,20.6442
2024-04-05,KZT,0.206542,100,20.6542
2024-04-06,KZT,0.206982,100,20.6982
2024-04-09,KZT,0.207218,100,20.7218
2024-04-10,KZT,0.207975,100,20.7975
2024-04-11,KZT,0.208947,100,20.8947
2024-04-12,KZT,0.209593,100,20.9593
2024-04-13,KZT,0.208385,100,20.8385
2024-04-16,KZT,0.208956,100,20.8956
2024-04-17,KZT,0.209725,100,20.9725
2024-04-18,KZT,0.210165,100,21.0165
2024-04-19,KZT,0.209611,100,20.9611
2024-04-20,KZT,0.208853,100,20.8853
2024-04-23,KZT,0.208856,100,20.8856
2024-04-24,KZT,0.209334,100,20.9334
2024-04-25,KZT,0.208196,100,20.8196
2024-04-26,KZT,0.207573,100,20.7573
2024-04-27,KZT,0.207135,100,20.7135
2024-04-28,KZT,0.207013,100,20.7013
2024-05-03,KZT,0.208243,100,20.8243
2024-05-04,KZT,0.206807,100,20.6807
2024-05-07,KZT,0.206748,100,20.6748
2024-05-08,KZT,0.207367,100,20.7367
2024-05-09,KZT,0.208961,100,20.8961
2024-05-14,KZT,0.208541,100,20.8541
2024-05-15,KZT,0.207201,100,20.7201
2024-05-16,KZT,0.20698,100,20.698
2024-05-17,KZT,0.205985,100,20.5985
2024-05-18,KZT,0.206049,100,20.6049
2024-05-21,KZT,0.204433,100,20.4433
2024-05-22,KZT,0.203751,100,20.3751
2024-05-23,KZT,0.204139,100,20.4139
2024-05-24,KZT,0.204279,100,20.4279
2024-05-25,KZT,0.202475,100,20.2475
2024-05-28,KZT,0.20012,100,20.012
2024-05-29,KZT,0.199705,100,19.9705
2024-05-30,KZT,0.202131,100,20.2131
2024-05-31,KZT,0.202748,100,20.2748
2024-06-01,KZT,0.202773,100,20.2773
2024-06-04,KZT,0.199833,100,19.9833
2024-06-05,KZT,0.198527,100,19.8527
2024-06-06,KZT,0.198084,100,19.8084
2024-06-07,KZT,0.197843,100,19.7843
2024-06-08,KZT,0.198618,100,19.8618
2024-06-11,KZT,0.198928,100,19.8928
2024-06-12,KZT,0.198655,100,19.8655
2024-06-14,KZT,0.19525,100,19.525
2024-06-15,KZT,0.197319,100,19.7319
2024-06-18,KZT,0.197542,100,19.7542
2024-06-19,KZT,0.192165,100,19.2165
2024-06-20,KZT,0.180419,100,18.0419
2024-06-21,KZT,0.185791,100,18.5791
2024-06-22,KZT,0.191383,100,19.1383
2024-06-25,KZT,0.188012,100,18.8012
2024-06-26,KZT,0.18758,100,18.758
2024-06-27,KZT,0.187906,100,18.7906
2024-06-28,KZT,0.183203,100,18.3203
2024-06-29,KZT,0.184198,100,18.4198
2024-07-02,KZT,0.185164,100,18.5164
2024-07-03,KZT,0.185176,100,18.5176
2024-07-04,KZT,0.186403,100,18.6403
2024-07-05,KZT,0.186471,100,18.6471
2024-07-06,KZT,0.185395,100,18.5395
2024-07-09,KZT,0.185124,100,18.5124
2024-07-10,KZT,0.184776,100,18.4776
2024-07-11,KZT,0.182738,100,18.2738
2024-07-12,KZT,0.183891,100,18.3891
2024-07-13,KZT,0.18501,100,18.501
2024-07-16,KZT,0.184847,100,18.4847
2024-07-17,KZT,0.186845,100,18.6845
2024-07-18,KZT,0.185595,100,18.5595
2024-07-19,KZT,0.185067,100,18.5067
2024-07-20,KZT,0.184518,100,18.4518
2024-07-23,KZT,0.183419,100,18.3419
2024-07-24,KZT,0.184506,100,18.4506
2024-07-25,KZT,0.183129,100,18.3129
2024-07-26,KZT,0.180156,100,18.0156
2024-07-27,KZT,0.180243,100,18.0243
2024-07-30,KZT,0.182287,100,18.2287
2024-07-31,KZT,0.182404,100,18.2404
2024-08-01,KZT,0.181141,100,18.1141
2024-08-02,KZT,0.180997,100,18.0997
2024-08-03,KZT,0.180536,100,18.0536
2024-08-06,KZT,0.178998,100,17.8998
2024-08-07,KZT,0.178486,100,17.8486
2024-08-08,KZT,0.179296,100,17.9296
2024-08-09,KZT,0.181998,100,18.1998
2024-08-10,KZT,0.184415,100,18.4415
2024-08-13,KZT,0.188553,100,18.8553
2024-08-14,KZT,0.193431,100,19.3431
2024-08-15,KZT,0.18773,100,18.773
2024-08-16,KZT,0.185057,100,18.5057
2024-08-17,KZT,0.185775,100,18.5775
2024-08-20,KZT,0.186972,100,18.6972
2024-08-21,KZT,0.189444,100,18.9444
2024-08-22,KZT,0.192291,100,19.2291
2024-08-23,KZT,0.191903,100,19.1903
2024-08-24,KZT,0.191202,100,19.1202
2024-08-27,KZT,0.190096,100,19.0096
2024-08-28,KZT,0.189146,100,18.9146
2024-08-29,KZT,0.190276,100,19.0276
2024-08-30,KZT,0.190048,100,19.0048
2024-08-31,KZT,0.18933,100,18.933
2024-09-03,KZT,0.186868,100,18.6868
2024-09-04,KZT,0.18364,100,18.364
2024-09-05,KZT,0.184217,100,18.4217
2024-09-06,KZT,0.185504,100,18.5504
2024-09-07,KZT,0.185991,100,18.5991
2024-09-10,KZT,0.188087,100,18.8087
2024-09-11,KZT,0.190258,100,19.0258
2024-09-12,KZT,0.191152,100,19.1152
2024-09-13,KZT,0.190758,100,19.0758
2024-09-14,KZT,0.190586,100,19.0586
2024-09-17,KZT,0.190125,100,19.0125
2024-09-18,KZT,0.190236,100,19.0236
2024-09-19,KZT,0.190731,100,19.0731
2024-09-20,KZT,0.193536,100,19.3536
2024-09-21,KZT,0.193316,100,19.3316
2024-09-24,KZT,0.193967,100,19.3967
2024-09-25,KZT,0.193262,100,19.3262
2024-09-26,KZT,0.192591,100,19.2591
2024-09-27,KZT,0.193256,100,19.3256
2024-09-28,KZT,0.193741,100,19.3741
2024-10-01,KZT,0.194525,100,19.4525
2024-10-02,KZT,0.194015,100,19.4015
2024-10-03,KZT,0.196841,100,19.6841
2024-10-04,KZT,0.196648,100,19.6648
2024-10-05,KZT,0.196475,100,19.6475
2024-10-08,KZT,0.199371,100,19.9371
2024-10-09,KZT,0.198418,100,19.8418
2024-10-10,KZT,0.199302,100,19.9302
2024-10-11,KZT,0.198829,100,19.8829
2024-10-12,KZT,0.195723,100,19.5723
2024-10-15,KZT,0.197185,100,19.7185
2024-10-16,KZT,0.200393,100,20.0393
2024-10-17,KZT,0.199534,100,19.9534
2024-10-18,KZT,0.198697,100,19.8697
2024-10-19,KZT,0.197884,100,19.7884
2024-10-22,KZT,0.198112,100,19.8112
2024-10-23,KZT,0.200531,100,20.0531
2024-10-24,KZT,0.199587,100,19.9587
2024-10-25,KZT,0.198788,100,19.8788
2024-10-26,KZT,0.199266,100,19.9266
2024-10-29,KZT,0.200429,100,20.0429
2024-10-30,KZT,0.199516,100,19.9516
2024-10-31,KZT,0.197383,100,19.7383
2024-11-01,KZT,0.198634,100,19.8634
2024-11-02,KZT,0.199566,100,19.9566
2024-11-03,KZT,0.199852,100,19.9852
2024-11-06,KZT,0.200376,100,20.0376
2024-11-07,KZT,0.200903,100,20.0903
2024-11-08,KZT,0.199278,100,19.9278
2024-11-09,KZT,0.19876,100,19.876
2024-11-12,KZT,0.199213,100,19.9213
2024-11-13,KZT,0.198835,100,19.8835
2024-11-14,KZT,0.198739,100,19.8739
2024-11-15,KZT,0.201187,100,20.1187
2024-11-16,KZT,0.202485,100,20.2485
2024-11-19,KZT,0.201518,100,20.1518
2024-11-20,KZT,0.200917,100,20.0917
2024-11-21,KZT,0.201543,100,20.1543
2024-11-22,KZT,0.203311,100,20.3311
2024-11-23,KZT,0.207279,100,20.7279
2024-11-26,KZT,0.208273,100,20.8273
2024-11-27,KZT,0.210749,100,21.0749
2024-11-28,KZT,0.216649,100,21.6649
2024-11-29,KZT,0.219371,100,21.9371
2024-11-30,KZT,0.210021,100,21.0021
2024-12-03,KZT,0.209647,100,20.9647
2024-12-04,KZT,0.202424,100,20.2424
2024-12-05,KZT,0.199239,100,19.9239
2024-12-06,KZT,0.197455,100,19.7455
2024-12-07,KZT,0.189501,100,18.9501
2024-12-10,KZT,0.193094,100,19.3094
2024-12-11,KZT,0.196111,100,19.6111
2024-12-12,KZT,0.203269,100,20.3269
2024-12-13,KZT,0.201091,100,20.1091
2024-12-14,KZT,0.197798,100,19.7798
2024-12-17,KZT,0.196965,100,19.6965
2024-12-18,KZT,0.197129,100,19.7129
2024-12-19,KZT,0.195891,100,19.5891
2024-12-20,KZT,0.197885,100,19.7885
2024-12-21,KZT,0.195305,100,19.5305
2024-12-24,KZT,0.193972,100,19.3972
2024-12-25,KZT,0.190699,100,19.0699
2024-12-26,KZT,0.193089,100,19.3089
2024-12-27,KZT,0.192705,100,19.2705
2024-12-28,KZT,0.195105,100,19.5105
2024-12-29,KZT,0.19486,100,19.486
2025-01-10,KZT,0.194016,100,19.4016
2025-01-11,KZT,0.194216,100,19.4216
2025-01-14,KZT,0.194962,100,19.4962
2025-01-15,KZT,0.195713,100,19.5713
2025-01-16,KZT,0.193889,100,19.3889
2025-01-17,KZT,0.193272,100,19.3272
2025-01-18,KZT,0.193361,100,19.3361
2025-01-21,KZT,0.19233,100,19.233
2025-01-22,KZT,0.188547,100,18.8547
2025-01-23,KZT,0.186285,100,18.6285
2025-01-24,KZT,0.19024,100,19.024
2025-01-25,KZT,0.188093,100,18.8093
2025-01-28,KZT,0.187571,100,18.7571
2025-01-29,KZT,0.189573,100,18.9573
2025-01-30,KZT,0.189899,100,18.9899
2025-01-31,KZT,0.189622,100,18.9622
2025-02-01,KZT,0.188358,100,18.8358
2025-02-04,KZT,0.192889,100,19.2889
2025-02-05,KZT,0.188906,100,18.8906
2025-02-06,KZT,0.188471,100,18.8471
2025-02-07,KZT,0.187822,100,18.7822
2025-02-08,KZT,0.188772,100,18.8772
2025-02-11,KZT,0.189331,100,18.9331
2025-02-12,KZT,0.187668,100,18.7668
2025-02-13,KZT,0.185709,100,18.5709
2025-02-14,KZT,0.181587,100,18.1587
2025-02-15,KZT,0.181389,100,18.1389
2025-02-18,KZT,0.184612,100,18.4612
2025-02-19,KZT,0.183137,100,18.3137
2025-02-20,KZT,0.18162,100,18.162
2025-02-21,KZT,0.175752,100,17.5752
2025-02-22,KZT,0.17642,100,17.642
2025-02-25,KZT,0.175546,100,17.5546
2025-02-26,KZT,0.172268,100,17.2268
2025-02-27,KZT,0.172307,100,17.2307
2025-02-28,KZT,0.174946,100,17.4946
2025-03-01,KZT,0.175989,100,17.5989
2025-03-04,KZT,0.178778,100,17.8778
2025-03-05,KZT,0.178808,100,17.8808
2025-03-06,KZT,0.179669,100,17.9669
2025-03-07,KZT,0.180331,100,18.0331
2025-03-08,KZT,0.179728,100,17.9728
2025-03-11,KZT,0.178618,100,17.8618
2025-03-12,KZT,0.174939,100,17.4939
2025-03-13,KZT,0.177308,100,17.7308
2025-03-14,KZT,0.177081,100,17.7081
2025-03-15,KZT,0.17277,100,17.277
2025-03-18,KZT,0.166893,100,16.6893
2025-03-19,KZT,0.163317,100,16.3317
2025-03-20,KZT,0.166896,100,16.6896
2025-03-21,KZT,0.168683,100,16.8683
2025-03-22,KZT,0.168327,100,16.8327
2025-03-25,KZT,0.166803,100,16.6803
2025-03-26,KZT,0.167438,100,16.7438
2025-03-27,KZT,0.167465,100,16.7465
2025-03-28,KZT,0.167065,100,16.7065
2025-03-29,KZT,0.16795,100,16.795
2025-04-01,KZT,0.169831,100,16.9831
2025-04-02,KZT,0.168247,100,16.8247
2025-04-03,KZT,0.168046,100,16.8046
2025-04-04,KZT,0.167743,100,16.7743
2025-04-05,KZT,0.168027,100,16.8027
2025-04-08,KZT,0.170895,100,17.0895
2025-04-09,KZT,0.16489,100,16.489
2025-04-10,KZT,0.166019,100,16.6019
2025-04-11,KZT,0.163341,100,16.3341
2025-04-12,KZT,0.163058,100,16.3058
2025-04-15,KZT,0.160732,100,16.0732
2025-04-16,KZT,0.158817,100,15.8817
2025-04-17,KZT,0.159775,100,15.9775
2025-04-18,KZT,0.157226,100,15.7226
2025-04-19,KZT,0.155079,100,15.5079
2025-04-22,KZT,0.154742,100,15.4742
2025-04-23,KZT,0.156198,100,15.6198
2025-04-24,KZT,0.158982,100,15.8982
2025-04-25,KZT,0.159849,100,15.9849
2025-04-26,KZT,0.159825,100,15.9825
2025-04-29,KZT,0.160276,100,16.0276
2025-04-30,KZT,0.158779,100,15.8779
2025-05-01,KZT,0.159067,100,15.9067
2025-05-06,KZT,0.158698,100,15.8698
2025-05-07,KZT,0.156142,100,15.6142
2025-05-08,KZT,0.157165,100,15.7165
2025-05-13,KZT,0.156757,100,15.6757
2025-05-14,KZT,0.156791,100,15.6791
2025-05-15,KZT,0.157283,100,15.7283
2025-05-16,KZT,0.158656,100,15.8656
2025-05-17,KZT,0.15819,100,15.819
2025-05-20,KZT,0.157826,100,15.7826
2025-05-21,KZT,0.157225,100,15.7225
2025-05-22,KZT,0.155892,100,15.5892
2025-05-23,KZT,0.156164,100,15.6164
2025-05-24,KZT,0.157199,100,15.7199
2025-05-27,KZT,0.155937,100,15.5937
2025-05-28,KZT,0.155795,100,15.5795
2025-05-29,KZT,0.155427,100,15.5427
2025-05-30,KZT,0.153117,100,15.3117
2025-05-31,KZT,0.154375,100,15.4375
2025-06-03,KZT,0.154908,100,15.4908
2025-06-04,KZT,0.154203,100,15.4203
2025-06-05,KZT,0.153295,100,15.3295
2025-06-06,KZT,0.154645,100,15.4645
2025-06-07,KZT,0.155178,100,15.5178
2025-06-10,KZT,0.155147,100,15.5147
2025-06-11,KZT,0.154573,100,15.4573
2025-06-12,KZT,0.155389,100,15.5389
2025-06-17,KZT,0.153357,100,15.3357
2025-06-18,KZT,0.153605,100,15.3605
2025-06-19,KZT,0.152126,100,15.2126
2025-06-20,KZT,0.151277,100,15.1277
2025-06-21,KZT,0.151095,100,15.1095
2025-06-24,KZT,0.150109,100,15.0109
2025-06-25,KZT,0.149752,100,14.9752
2025-06-26,KZT,0.150591,100,15.0591
2025-06-27,KZT,0.150842,100,15.0842
2025-06-28,KZT,0.151384,100,15.1384
2025-07-01,KZT,0.150903,100,15.0903
2025-07-02,KZT,0.150909,100,15.0909
2025-07-03,KZT,0.151464,100,15.1464
2025-07-04,KZT,0.151982,100,15.1982
2025-07-05,KZT,0.151732,100,15.1732
2025-07-08,KZT,0.151525,100,15.1525
2025-07-09,KZT,0.150465,100,15.0465
2025-07-10,KZT,0.150454,100,15.0454
2025-07-11,KZT,0.150111,100,15.0111
2025-07-12,KZT,0.150259,100,15.0259
2025-07-15,KZT,0.150447,100,15.0447
2025-07-16,KZT,0.148707,100,14.8707
2025-07-17,KZT,0.148247,100,14.8247
2025-07-18,KZT,0.148501,100,14.8501
2025-07-19,KZT,0.147,100,14.7
2025-07-22,KZT,0.146788,100,14.6788
2025-07-23,KZT,0.147492,100,14.7492
2025-07-24,KZT,0.147469,100,14.7469
2025-07-25,KZT,0.14641,100,14.641
2025-07-26,KZT,0.146795,100,14.6795
2025-07-29,KZT,0.14605,100,14.605
2025-07-30,KZT,0.151851,100,15.1851
2025-07-31,KZT,0.150978,100,15.0978
2025-08-01,KZT,0.147003,100,14.7003
2025-08-02,KZT,0.148543,100,14.8543
2025-08-05,KZT,0.146664,100,14.6664
2025-08-06,KZT,0.147741,100,14.7741
2025-08-07,KZT,0.149185,100,14.9185
2025-08-08,KZT,0.147946,100,14.7946
2025-08-09,KZT,0.14791,100,14.791
2025-08-12,KZT,0.147672,100,14.7672
2025-08-13,KZT,0.147185,100,14.7185
2025-08-14,KZT,0.146791,100,14.6791
2025-08-15,KZT,0.148274,100,14.8274
2025-08-16,KZT,0.148732,100,14.8732
2025-08-19,KZT,0.148697,100,14.8697
2025-08-20,KZT,0.14879,100,14.879
2025-08-21,KZT,0.148736,100,14.8736
2025-08-22,KZT,0.149081,100,14.9081
2025-08-23,KZT,0.150162,100,15.0162
2025-08-26,KZT,0.150155,100,15.0155
2025-08-27,KZT,0.150239,100,15.0239
2025-08-28,KZT,0.150677,100,15.0677
2025-08-29,KZT,0.149344,100,14.9344
2025-08-30,KZT,0.149382,100,14.9382
2025-09-02,KZT,0.149341,100,14.9341
2025-09-03,KZT,0.149654,100,14.9654
2025-09-04,KZT,0.149845,100,14.9845
2025-09-05,KZT,0.150501,100,15.0501
2025-09-06,KZT,0.151015,100,15.1015
2025-09-09,KZT,0.153073,100,15.3073
2025-09-10,KZT,0.155556,100,15.5556
2025-09-11,KZT,0.158211,100,15.8211
2025-09-12,KZT,0.159169,100,15.9169
2025-09-13,KZT,0.156581,100,15.6581
2025-09-16,KZT,0.153598,100,15.3598
2025-09-17,KZT,0.153065,100,15.3065
2025-09-18,KZT,0.153832,100,15.3832
2025-09-19,KZT,0.153736,100,15.3736
2025-09-20,KZT,0.154414,100,15.4414
2025-09-23,KZT,0.155248,100,15.5248
2025-09-24,KZT,0.153594,100,15.3594
2025-09-25,KZT,0.15411,100,15.411
2025-09-26,KZT,0.154029,100,15.4029
2025-09-27,KZT,0.154356,100,15.4356
2025-09-30,KZT,0.152257,100,15.2257
2025-10-01,KZT,0.150528,100,15.0528
2025-10-02,KZT,0.148429,100,14.8429
2025-10-03,KZT,0.147516,100,14.7516
2025-10-04,KZT,0.149731,100,14.9731
2025-10-07,KZT,0.151579,100,15.1579
2025-10-08,KZT,0.150155,100,15.0155
2025-10-09,KZT,0.15056,100,15.056
2025-10-10,KZT,0.150743,100,15.0743
2025-10-11,KZT,0.149924,100,14.9924
2025-10-14,KZT,0.149992,100,14.9992
2025-10-15,KZT,0.148686,100,14.8686
2025-10-16,KZT,0.146369,100,14.6369
2025-10-17,KZT,0.146571,100,14.6571
2025-10-18,KZT,0.150572,100,15.0572
2025-10-21,KZT,0.151697,100,15.1697
2025-10-22,KZT,0.15117,100,15.117
2025-10-23,KZT,0.151617,100,15.1617
2025-10-24,KZT,0.150909,100,15.0909
2025-10-25,KZT,0.150474,100,15.0474
2025-10-28,KZT,0.146776,100,14.6776
2025-10-29,KZT,0.148324,100,14.8324
2025-10-30,KZT,0.148315,100,14.8315
2025-10-31,KZT,0.151851,100,15.1851
2025-11-01,KZT,0.152764,100,15.2764
2025-11-02,KZT,0.15248,100,15.248
2025-11-06,KZT,0.155388,100,15.5388
2025-11-07,KZT,0.155021,100,15.5021
2025-11-08,KZT,0.15419,100,15.419
2025-11-11,KZT,0.154012,100,15.4012
2025-11-12,KZT,0.155384,100,15.5384
2025-11-13,KZT,0.154746,100,15.4746
2025-11-14,KZT,0.153628,100,15.3628
2025-11-15,KZT,0.154729,100,15.4729
2025-11-18,KZT,0.155365,100,15.5365
2025-11-19,KZT,0.154643,100,15.4643
2025-11-20,KZT,0.155361,100,15.5361
2025-11-21,KZT,0.15543,100,15.543
2025-11-22,KZT,0.152501,100,15.2501
2025-11-25,KZT,0.152162,100,15.2162
2025-11-26,KZT,0.151855,100,15.1855
2025-11-27,KZT,0.151609,100,15.1609
2025-11-28,KZT,0.150864,100,15.0864
2025-11-29,KZT,0.151353,100,15.1353
2025-12-02,KZT,0.151606,100,15.1606
2025-12-03,KZT,0.150868,100,15.0868
2025-12-04,KZT,0.153396,100,15.3396
2025-12-05,KZT,0.152753,100,15.2753
2025-12-06,KZT,0.152294,100,15.2294
2025-12-09,KZT,0.153171,100,15.3171
2025-12-10,KZT,0.151108,100,15.1108
2025-12-11,KZT,0.151338,100,15.1338
2025-12-12,KZT,0.15305,100,15.305
2025-12-13,KZT,0.15332,100,15.332
2025-12-16,KZT,0.152091,100,15.2091
2025-12-17,KZT,0.152865,100,15.2865
2025-12-18,KZT,0.154694,100,15.4694
2025-12-19,KZT,0.155607,100,15.5607
2025-12-20,KZT,0.157184,100,15.7184
2025-12-23,KZT,0.153218,100,15.3218
2025-12-24,KZT,0.152586,100,15.2586
2025-12-25,KZT,0.153743,100,15.3743
2025-12-26,KZT,0.152416,100,15.2416
2025-12-27,KZT,0.151503,100,15.1503
2025-12-30,KZT,0.153481,100,15.3481
2025-12-31,KZT,0.154978,100,15.4978
2026-01-13,KZT,0.154511,100,15.4511
2026-01-14,KZT,0.154662,100,15.4662
2026-01-15,KZT,0.154137,100,15.4137
2026-01-16,KZT,0.153847,100,15.3847
2026-01-17,KZT,0.15233,100,15.233
2026-01-20,KZT,0.151825,100,15.1825
2026-01-21,KZT,0.152708,100,15.2708
2026-01-22,KZT,0.152876,100,15.2876
2026-01-23,KZT,0.150066,100,15.0066
2026-01-24,KZT,0.150135,100,15.0135
2026-01-27,KZT,0.151008,100,15.1008
2026-01-28,KZT,0.152558,100,15.2558
2026-01-29,KZT,0.151843,100,15.1843
2026-01-30,KZT,0.150873,100,15.0873
2026-01-31,KZT,0.150511,100,15.0511
2026-02-03,KZT,0.153731,100,15.3731
2026-02-04,KZT,0.152388,100,15.2388
2026-02-05,KZT,0.152769,100,15.2769
2026-02-06,KZT,0.153519,100,15.3519
2026-02-07,KZT,0.155633,100,15.5633
2026-02-10,KZT,0.156986,100,15.6986
2026-02-11,KZT,0.156057,100,15.6057
2026-02-12,KZT,0.157487,100,15.7487
2026-02-13,KZT,0.15734,100,15.734
2026-02-14,KZT,0.156175,100,15.6175
2026-02-17,KZT,0.154476,100,15.4476
2026-02-18,KZT,0.155983,100,15.5983
2026-02-19,KZT,0.155416,100,15.5416
2026-02-20,KZT,0.156633,100,15.6633
2026-02-21,KZT,0.156902,100,15.6902
2026-02-25,KZT,0.154091,100,15.4091
2026-02-26,KZT,0.153905,100,15.3905
2026-02-27,KZT,0.153856,100,15.3856
2026-02-28,KZT,0.154008,100,15.4008
2026-03-03,KZT,0.155104,100,15.5104
2026-03-04,KZT,0.154416,100,15.4416
2026-03-05,KZT,0.156198,100,15.6198
2026-03-06,KZT,0.156433,100,15.6433
2026-03-07,KZT,0.160431,100,16.0431
2026-03-11,KZT,0.15944,100,15.944
2026-03-12,KZT,0.160841,100,16.0841
2026-03-13,KZT,0.161563,100,16.1563
2026-03-14,KZT,0.163166,100,16.3166
2026-03-17,KZT,0.164977,100,16.4977
2026-03-18,KZT,0.16847,100,16.847
2026-03-19,KZT,0.173533,100,17.3533
2026-03-20,KZT,0.175833,100,17.5833
2026-03-21,KZT,0.174155,100,17.4155
2026-03-24,KZT,0.169752,100,16.9752
2026-03-25,KZT,0.167853,100,16.7853
2026-03-26,KZT,0.167353,100,16.7353
2026-03-27,KZT,0.170281,100,17.0281
2026-03-28,KZT,0.168409,100,16.8409
2026-03-31,KZT,0.168478,100,16.8478
2026-04-01,KZT,0.16873,100,16.873
2026-04-02,KZT,0.168397,100,16.8397
2026-04-03,KZT,0.16909,100,16.909
2026-04-04,KZT,0.168807,100,16.8807
2026-04-07,KZT,0.167342,100,16.7342
2026-04-08,KZT,0.168871,100,16.8871
2026-04-09,KZT,0.17009,100,17.009
2026-04-10,KZT,0.16376,100,16.376
2026-04-11,KZT,0.160419,100,16.0419
2026-04-14,KZT,0.161158,100,16.1158
2026-04-15,KZT,0.159725,100,15.9725
2026-04-16,KZT,0.157734,100,15.7734
2026-04-17,KZT,0.160492,100,16.0492
2026-04-18,KZT,0.161315,100,16.1315
2026-04-21,KZT,0.160242,100,16.0242
2026-04-22,KZT,0.158874,100,15.8874
2026-04-23,KZT,0.161383,100,16.1383
2026-04-24,KZT,0.162201,100,16.2201
2026-04-25,KZT,0.163172,100,16.3172
2026-04-28,KZT,0.160926,100,16.0926
2026-04-29,KZT,0.162098,100,16.2098
2026-04-30,KZT,0.163777,100,16.3777
2026-05-01,KZT,0.162066,100,16.2066
2026-05-05,KZT,0.162966,100,16.2966
2026-05-06,KZT,0.162196,100,16.2196
2026-05-07,KZT,0.16177,100,16.177
2026-05-08,KZT,0.161026,100,16.1026
2026-05-09,KZT,0.160325,100,16.0325
2026-05-13,KZT,0.15997,100,15.997
2026-05-14,KZT,0.158095,100,15.8095
2026-05-15,KZT,0.156402,100,15.6402
2026-05-16,KZT,0.154264,100,15.4264
2026-05-19,KZT,0.15388,100,15.388
2026-05-20,KZT,0.152471,100,15.2471
2026-05-21,KZT,0.150342,100,15.0342
2026-05-22,KZT,0.150052,100,15.0052
2026-05-23,KZT,0.151043,100,15.1043
2026-05-26,KZT,0.151967,100,15.1967
2026-05-27,KZT,0.151685,100,15.1685
2026-05-28,KZT,0.14849,100,14.849
2026-05-29,KZT,0.149475,100,14.9475
2026-05-30,KZT,0.146272,100,14.6272
2026-06-02,KZT,0.147244,100,14.7244
2026-06-03,KZT,0.148396,100,14.8396
2026-06-04,KZT,0.148725,100,14.8725
2026-06-05,KZT,0.151837,100,15.1837
2026-06-06,KZT,0.151376,100,15.1376
2026-06-09,KZT,0.150304,100,15.0304
2026-06-10,KZT,0.147968,100,14.7968
2026-06-11,KZT,0.146446,100,14.6446
2026-06-12,KZT,0.147174,100,14.7174
2026-06-16,KZT,0.148062,100,14.8062
2026-06-17,KZT,0.146812,100,14.6812
2026-06-18,KZT,0.149328,100,14.9328
2026-06-19,KZT,0.149899,100,14.9899
2026-06-20,KZT,0.150573,100,15.0573
2026-06-23,KZT,0.151043,100,15.1043
2026-06-24,KZT,0.153221,100,15.3221
2026-06-25,KZT,0.153795,100,15.3795
2026-06-26,KZT,0.155301,100,15.5301
2026-06-27,KZT,0.158758,100,15.8758
2026-06-30,KZT,0.159833,100,15.9833
2026-07-01,KZT,0.161108,100,16.1108
2026-07-02,KZT,0.162808,100,16.2808
2026-07-03,KZT,0.162603,100,16.2603
2026-07-04,KZT,0.162764,100,16.2764
2026-07-07,KZT,0.165179,100,16.5179
2026-07-08,KZT,0.161273,100,16.1273
2026-07-09,KZT,0.1622,100,16.22
2026-07-10,KZT,0.162251,100,16.2251
2026-07-11,KZT,0.16402,100,16.402
2026-07-14,KZT,0.16488,100,16.488
2026-07-15,KZT,0.162418,100,16.2418
2026-07-16,KZT,0.166262,100,16.6262
2026-07-17,KZT,0.166737,100,16.6737
2026-07-18,KZT,0.165979,100,16.5979
2026-07-21,KZT,0.16669,100,16.669
2026-07-22,KZT,0.167037,100,16.7037
2026-07-23,KZT,0.167115,100,16.7115
2026-07-24,KZT,0.167657,100,16.7657
2026-07-25,KZT,0.167542,100,16.7542
2026-07-28,KZT,0.163878,100,16.3878
2026-07-29,KZT,0.16624,100,16.624
2026-07-30,KZT,0.166454,100,16.6454
2026-07-31,KZT,0.167356,100,16.7356
2026-08-01,KZT,0.167422,100,16.7422
2026-08-04,KZT,0.169068,100,16.9068
2026-08-05,KZT,0.170662,100,17.0662
2026-08-06,KZT,0.171468,100,17.1468
2026-08-07,KZT,0.173263,100,17.3263
2026-08-08,KZT,0.175765,100,17.5765
2026-08-11,KZT,0.175784,100,17.5784
2026-08-12,KZT,0.176738,100,17.6738
2026-08-13,KZT,0.178206,100,17.8206
2026-08-14,KZT,0.180154,100,18.0154
2026-08-15,KZT,0.181743,100,18.1743
2026-08-18,KZT,0.183211,100,18.3211
2026-08-19,KZT,0.184582,100,18.4582
2026-08-20,KZT,0.185011,100,18.5011
2026-08-21,KZT,0.180336,100,18.0336
2026-08-22,KZT,0.18096,100,18.096
2026-08-25,KZT,0.182297,100,18.2297
2026-08-26,KZT,0.184422,100,18.4422
2026-08-27,KZT,0.183829,100,18.3829
2026-08-28,KZT,0.187317,100,18.7317
2026-08-29,KZT,0.185163,100,18.5163
2026-09-01,KZT,0.185854,100,18.5854
2010-01-12,TJS,6.73232,10,67.3232
2010-01-13,TJS,6.7203599999999994,10,67.2036
2010-01-14,TJS,6.78018,10,67.8018
2010-01-15,TJS,6.73222,10,67.3222
2010-01-16,TJS,6.76205,10,67.6205
2010-01-19,TJS,6.76982,10,67.6982
2010-01-20,TJS,6.75308,10,67.5308
2010-01-21,TJS,6.79312,10,67.9312
2010-01-22,TJS,6.805280000000001,10,68.0528
2010-01-23,TJS,6.80635,10,68.0635
2010-01-26,TJS,6.886480000000001,10,68.8648
2010-01-27,TJS,6.93643,10,69.3643
2010-01-28,TJS,6.9316699999999996,10,69.3167
2010-01-29,TJS,6.94808,10,69.4808
2010-01-30,TJS,6.963500000000001,10,69.635
2010-02-02,TJS,6.9567499999999995,10,69.5675
2010-02-03,TJS,6.90955,10,69.0955
2010-02-04,TJS,6.83893,10,68.3893
2010-02-05,TJS,6.870780000000001,10,68.7078
2010-02-06,TJS,6.97671,10,69.7671
2010-02-09,TJS,6.987820000000001,10,69.8782
2010-02-10,TJS,6.95475,10,69.5475
2010-02-11,TJS,6.92545,10,69.2545
2010-02-12,TJS,6.897740000000001,10,68.9774
2010-02-13,TJS,6.90591,10,69.0591
2010-02-16,TJS,6.919929999999999,10,69.1993
2010-02-17,TJS,6.8964799999999995,10,68.9648
2010-02-18,TJS,6.863760000000001,10,68.6376
2010-02-19,TJS,6.89513,10,68.9513
2010-02-20,TJS,6.903969999999999,10,69.0397
2010-02-25,TJS,6.87662,10,68.7662
2010-02-26,TJS,6.8811599999999995,10,68.8116
2010-02-27,TJS,6.87843,10,68.7843
2010-02-28,TJS,6.85742,10,68.5742
2010-03-02,TJS,6.853199999999999,10,68.532
2010-03-03,TJS,6.86433,10,68.6433
2010-03-04,TJS,6.82649,10,68.2649
2010-03-05,TJS,6.82841,10,68.2841
2010-03-06,TJS,6.83229,10,68.3229
2010-03-10,TJS,6.8122799999999994,10,68.1228
2010-03-11,TJS,6.806399999999999,10,68.064
2010-03-12,TJS,6.75952,10,67.5952
2010-03-13,TJS,6.7302599999999995,10,67.3026
2010-03-16,TJS,6.717650000000001,10,67.1765
2010-03-17,TJS,6.738160000000001,10,67.3816
2010-03-18,TJS,6.68515,10,66.8515
2010-03-19,TJS,6.69162,10,66.9162
2010-03-20,TJS,6.699299999999999,10,66.993
2010-03-23,TJS,6.71801,10,67.1801
2010-03-24,TJS,6.748189999999999,10,67.4819
2010-03-25,TJS,6.77239,10,67.7239
2010-03-26,TJS,6.790900000000001,10,67.909
2010-03-27,TJS,6.7581500000000005,10,67.5815
2010-03-30,TJS,6.784409999999999,10,67.8441
2010-03-31,TJS,6.723409999999999,10,67.2341
2010-04-01,TJS,6.75343,10,67.5343
2010-04-02,TJS,6.74041,10,67.4041
2010-04-03,TJS,6.690340000000001,10,66.9034
2010-04-06,TJS,6.68797,10,66.8797
2010-04-07,TJS,6.69512,10,66.9512
2010-04-08,TJS,6.707269999999999,10,67.0727
2010-04-09,TJS,6.73207,10,67.3207
2010-04-10,TJS,6.71334,10,67.1334
2010-04-13,TJS,6.62655,10,66.2655
2010-04-14,TJS,6.6466899999999995,10,66.4669
2010-04-15,TJS,6.649970000000001,10,66.4997
2010-04-16,TJS,6.6232500000000005,10,66.2325
2010-04-17,TJS,6.646179999999999,10,66.4618
2010-04-20,TJS,6.684430000000001,10,66.8443
2010-04-21,TJS,6.67081,10,66.7081
2010-04-22,TJS,6.660089999999999,10,66.6009
2010-04-23,TJS,6.66853,10,66.6853
2010-04-24,TJS,6.70199,10,67.0199
2010-04-27,TJS,6.65969,10,66.5969
2010-04-28,TJS,6.653149999999999,10,66.5315
2010-04-29,TJS,6.72575,10,67.2575
2010-04-30,TJS,6.70496,10,67.0496
2010-05-01,TJS,6.67423,10,66.7423
2010-05-05,TJS,6.70716,10,67.0716
2010-05-06,TJS,6.79468,10,67.9468
2010-05-07,TJS,6.935509999999999,10,69.3551
2010-05-08,TJS,7.03248,10,70.3248
2010-05-12,TJS,6.9506,10,69.506
2010-05-13,TJS,6.91486,10,69.1486
2010-05-14,TJS,6.83554,10,68.3554
2010-05-15,TJS,6.880979999999999,10,68.8098
2010-05-18,TJS,7.02791,10,70.2791
2010-05-19,TJS,6.95767,10,69.5767
2010-05-20,TJS,7.02586,10,70.2586
2010-05-21,TJS,7.03907,10,70.3907
2010-05-22,TJS,7.10847,10,71.0847
2010-05-25,TJS,7.06644,10,70.6644
2010-05-26,TJS,7.19288,10,71.9288
2010-05-27,TJS,7.174290000000001,10,71.7429
2010-05-28,TJS,7.06523,10,70.6523
2010-05-29,TJS,6.97696,10,69.7696
2010-06-01,TJS,7.033199999999999,10,70.332
2010-06-02,TJS,7.10826,10,71.0826
2010-06-03,TJS,7.135339999999999,10,71.3534
2010-06-04,TJS,7.0662899999999995,10,70.6629
2010-06-05,TJS,7.10592,10,71.0592
2010-06-08,TJS,7.268269999999999,10,72.6827
2010-06-09,TJS,7.23057,10,72.3057
2010-06-10,TJS,7.251949999999999,10,72.5195
2010-06-11,TJS,7.2162999999999995,10,72.163
2010-06-12,TJS,7.17741,10,71.7741
2010-06-16,TJS,7.18024,10,71.8024
2010-06-17,TJS,7.110939999999999,10,71.1094
2010-06-18,TJS,7.117189999999999,10,71.1719
2010-06-19,TJS,7.04857,10,70.4857
2010-06-22,TJS,7.0123500000000005,10,70.1235
2010-06-23,TJS,7.050020000000001,10,70.5002
2010-06-24,TJS,7.06741,10,70.6741
2010-06-25,TJS,7.07747,10,70.7747
2010-06-26,TJS,7.0911100000000005,10,70.9111
2010-06-29,TJS,7.07026,10,70.7026
2010-06-30,TJS,7.11866,10,71.1866
2010-07-01,TJS,7.13203,10,71.3203
2010-07-02,TJS,7.15874,10,71.5874
2010-07-03,TJS,7.11871,10,71.1871
2010-07-06,TJS,7.099559999999999,10,70.9956
2010-07-07,TJS,7.099880000000001,10,70.9988
2010-07-08,TJS,7.09495,10,70.9495
2010-07-09,TJS,7.062340000000001,10,70.6234
2010-07-10,TJS,7.027679999999999,10,70.2768
2010-07-13,TJS,7.047700000000001,10,70.477
2010-07-14,TJS,7.04098,10,70.4098
2010-07-15,TJS,6.96887,10,69.6887
2010-07-16,TJS,6.973940000000001,10,69.7394
2010-07-17,TJS,6.95135,10,69.5135
2010-07-20,TJS,6.977320000000001,10,69.7732
2010-07-21,TJS,6.9386399999999995,10,69.3864
2010-07-22,TJS,6.938979999999999,10,69.3898
2010-07-23,TJS,6.964969999999999,10,69.6497
2010-07-24,TJS,6.9341099999999996,10,69.3411
2010-07-27,TJS,6.914790000000001,10,69.1479
2010-07-28,TJS,6.9007499999999995,10,69.0075
2010-07-29,TJS,6.89334,10,68.9334
2010-07-30,TJS,6.896089999999999,10,68.9609
2010-07-31,TJS,6.88947,10,68.8947
2010-08-03,TJS,6.8896,10,68.896
2010-08-04,TJS,6.83938,10,68.3938
2010-08-05,TJS,6.800369999999999,10,68.0037
2010-08-06,TJS,6.81562,10,68.1562
2010-08-07,TJS,6.807980000000001,10,68.0798
2010-08-10,TJS,6.80495,10,68.0495
2010-08-11,TJS,6.852110000000001,10,68.5211
2010-08-12,TJS,6.89376,10,68.9376
2010-08-13,TJS,6.94967,10,69.4967
2010-08-14,TJS,6.9428,10,69.428
2010-08-17,TJS,6.965470000000001,10,69.6547
2010-08-18,TJS,6.950149999999999,10,69.5015
2010-08-19,TJS,6.94397,10,69.4397
2010-08-20,TJS,6.952299999999999,10,69.523
2010-08-21,TJS,6.96255,10,69.6255
2010-08-24,TJS,6.98437,10,69.8437
2010-08-25,TJS,7.01853,10,70.1853
2010-08-26,TJS,7.05062,10,70.5062
2010-08-27,TJS,7.03393,10,70.3393
2010-08-28,TJS,7.00539,10,70.0539
2010-08-31,TJS,6.9980400000000005,10,69.9804
2010-09-01,TJS,7.04434,10,70.4434
2010-09-02,TJS,7.02894,10,70.2894
2010-09-03,TJS,7.00285,10,70.0285
2010-09-04,TJS,7.00447,10,70.0447
2010-09-07,TJS,6.9778899999999995,10,69.7789
2010-09-08,TJS,7.013209999999999,10,70.1321
2010-09-09,TJS,7.0489999999999995,10,70.49
2010-09-10,TJS,7.0470299999999995,10,70.4703
2010-09-11,TJS,7.050140000000001,10,70.5014
2010-09-14,TJS,7.002079999999999,10,70.0208
2010-09-15,TJS,7.00753,10,70.0753
2010-09-16,TJS,7.01538,10,70.1538
2010-09-17,TJS,7.079649999999999,10,70.7965
2010-09-18,TJS,7.09325,10,70.9325
2010-09-21,TJS,7.0700400000000005,10,70.7004
2010-09-22,TJS,7.09216,10,70.9216
2010-09-23,TJS,7.06978,10,70.6978
2010-09-24,TJS,7.074129999999999,10,70.7413
2010-09-25,TJS,7.061719999999999,10,70.6172
2010-09-28,TJS,6.98519,10,69.8519
2010-09-29,TJS,6.98309,10,69.8309
2010-09-30,TJS,6.93736,10,69.3736
2010-10-01,TJS,6.9619,10,69.619
2010-10-02,TJS,6.96148,10,69.6148
2010-10-05,TJS,6.958740000000001,10,69.5874
2010-10-06,TJS,6.944889999999999,10,69.4489
2010-10-07,TJS,6.82081,10,68.2081
2010-10-08,TJS,6.76176,10,67.6176
2010-10-09,TJS,6.8244,10,68.244
2010-10-12,TJS,6.806690000000001,10,68.0669
2010-10-13,TJS,6.862350000000001,10,68.6235
2010-10-14,TJS,6.8740499999999995,10,68.7405
2010-10-15,TJS,6.82962,10,68.2962
2010-10-16,TJS,6.87346,10,68.7346
2010-10-19,TJS,6.964910000000001,10,69.6491
2010-10-20,TJS,6.93997,10,69.3997
2010-10-21,TJS,7.0269,10,70.269
2010-10-22,TJS,7.01291,10,70.1291
2010-10-23,TJS,6.958499999999999,10,69.585
2010-10-26,TJS,6.896769999999999,10,68.9677
2010-10-27,TJS,6.9363600000000005,10,69.3636
2010-10-28,TJS,6.973470000000001,10,69.7347
2010-10-29,TJS,6.996899999999999,10,69.969
2010-10-30,TJS,7.019540000000001,10,70.1954
2010-11-02,TJS,7.016209999999999,10,70.1621
2010-11-03,TJS,7.02084,10,70.2084
2010-11-04,TJS,7.01555,10,70.1555
2010-11-09,TJS,7.0228399999999995,10,70.2284
2010-11-10,TJS,7.0361400000000005,10,70.3614
2010-11-11,TJS,6.997669999999999,10,69.9767
2010-11-12,TJS,6.95623,10,69.5623
2010-11-13,TJS,7.01585,10,70.1585
2010-11-14,TJS,7.01467,10,70.1467
2010-11-16,TJS,7.019629999999999,10,70.1963
2010-11-17,TJS,7.062189999999999,10,70.6219
2010-11-18,TJS,7.128749999999999,10,71.2875
2010-11-19,TJS,7.093470000000001,10,70.9347
2010-11-20,TJS,7.03642,10,70.3642
2010-11-23,TJS,7.0447999999999995,10,70.448
2010-11-24,TJS,7.106310000000001,10,71.0631
2010-11-25,TJS,7.112990000000001,10,71.1299
2010-11-26,TJS,7.111020000000001,10,71.1102
2010-11-27,TJS,7.12653,10,71.2653
2010-11-30,TJS,7.1155100000000004,10,71.1551
2010-12-01,TJS,7.12157,10,71.2157
2010-12-02,TJS,7.14963,10,71.4963
2010-12-03,TJS,7.12638,10,71.2638
2010-12-04,TJS,7.10628,10,71.0628
2010-12-07,TJS,7.11126,10,71.1126
2010-12-08,TJS,7.097119999999999,10,70.9712
2010-12-09,TJS,7.101649999999999,10,71.0165
2010-12-10,TJS,7.0373,10,70.373
2010-12-11,TJS,7.0115,10,70.115
2010-12-14,TJS,7.020950000000001,10,70.2095
2010-12-15,TJS,6.98457,10,69.8457
2010-12-16,TJS,6.979259999999999,10,69.7926
2010-12-17,TJS,6.985939999999999,10,69.8594
2010-12-18,TJS,6.966880000000001,10,69.6688
2010-12-21,TJS,6.99057,10,69.9057
2010-12-22,TJS,6.977580000000001,10,69.7758
2010-12-23,TJS,6.9762900000000005,10,69.7629
2010-12-24,TJS,6.9478800000000005,10,69.4788
2010-12-25,TJS,6.94476,10,69.4476
2010-12-28,TJS,6.91563,10,69.1563
2010-12-29,TJS,6.875,10,68.75
2010-12-30,TJS,6.89559,10,68.9559
2010-12-31,TJS,6.92248,10,69.2248
2011-01-01,TJS,6.893300000000001,10,68.933
2011-01-12,TJS,6.95585,10,69.5585
2011-01-13,TJS,6.9042699999999995,10,69.0427
2011-01-14,TJS,6.835030000000001,10,68.3503
2011-01-15,TJS,6.8035499999999995,10,68.0355
2011-01-18,TJS,6.82597,10,68.2597
2011-01-19,TJS,6.78797,10,67.8797
2011-01-20,TJS,6.773680000000001,10,67.7368
2011-01-21,TJS,6.79463,10,67.9463
2011-01-22,TJS,6.816630000000001,10,68.1663
2011-01-25,TJS,6.77999,10,67.7999
2011-01-26,TJS,6.76693,10,67.6693
2011-01-27,TJS,6.76315,10,67.6315
2011-01-28,TJS,6.73991,10,67.3991
2011-01-29,TJS,6.738379999999999,10,67.3838
2011-02-01,TJS,6.7688299999999995,10,67.6883
2011-02-02,TJS,6.7351399999999995,10,67.3514
2011-02-03,TJS,6.68224,10,66.8224
2011-02-04,TJS,6.66566,10,66.6566
2011-02-05,TJS,6.6806600000000005,10,66.8066
2011-02-08,TJS,6.670350000000001,10,66.7035
2011-02-09,TJS,6.64418,10,66.4418
2011-02-10,TJS,6.65433,10,66.5433
2011-02-11,TJS,6.66625,10,66.6625
2011-02-12,TJS,6.65864,10,66.5864
2011-02-15,TJS,6.64538,10,66.4538
2011-02-16,TJS,6.6516,10,66.516
2011-02-17,TJS,6.64884,10,66.4884
2011-02-18,TJS,6.64199,10,66.4199
2011-02-19,TJS,6.64528,10,66.4528
2011-02-22,TJS,6.62145,10,66.2145
2011-02-23,TJS,6.6512,10,66.512
2011-02-25,TJS,6.62286,10,66.2286
2011-02-26,TJS,6.57276,10,65.7276
2011-03-01,TJS,6.5465,10,65.465
2011-03-02,TJS,6.511830000000001,10,65.1183
2011-03-03,TJS,6.4762699999999995,10,64.7627
2011-03-04,TJS,6.4013599999999995,10,64.0136
2011-03-05,TJS,6.36614,10,63.6614
2011-03-06,TJS,6.3551400000000005,10,63.5514
2011-03-10,TJS,6.37063,10,63.7063
2011-03-11,TJS,6.39405,10,63.9405
2011-03-12,TJS,6.43814,10,64.3814
2011-03-15,TJS,6.445399999999999,10,64.454
2011-03-16,TJS,6.444629999999999,10,64.4463
2011-03-17,TJS,6.429640000000001,10,64.2964
2011-03-18,TJS,6.44849,10,64.4849
2011-03-19,TJS,6.3841,10,63.841
2011-03-22,TJS,6.3601399999999995,10,63.6014
2011-03-23,TJS,6.31274,10,63.1274
2011-03-24,TJS,6.33828,10,63.3828
2011-03-25,TJS,6.36776,10,63.6776
2011-03-26,TJS,6.3279000000000005,10,63.279
2011-03-29,TJS,6.368180000000001,10,63.6818
2011-03-30,TJS,6.3498,10,63.498
2011-03-31,TJS,6.368930000000001,10,63.6893
2011-04-01,TJS,6.3863199999999996,10,63.8632
2011-04-02,TJS,6.35322,10,63.5322
2011-04-05,TJS,6.32072,10,63.2072
2011-04-06,TJS,6.3295200000000005,10,63.2952
2011-04-07,TJS,6.30633,10,63.0633
2011-04-08,TJS,6.30708,10,63.0708
2011-04-09,TJS,6.2819400000000005,10,62.8194
2011-04-12,TJS,6.24864,10,62.4864
2011-04-13,TJS,6.28559,10,62.8559
2011-04-14,TJS,6.27864,10,62.7864
2011-04-15,TJS,6.29519,10,62.9519
2011-04-16,TJS,6.31559,10,63.1559
2011-04-19,TJS,6.30354,10,63.0354
2011-04-20,TJS,6.362080000000001,10,63.6208
2011-04-21,TJS,6.30038,10,63.0038
2011-04-22,TJS,6.2554099999999995,10,62.5541
2011-04-23,TJS,6.25537,10,62.5537
2011-04-26,TJS,6.26803,10,62.6803
2011-04-27,TJS,6.24695,10,62.4695
2011-04-28,TJS,6.20592,10,62.0592
2011-04-29,TJS,6.15698,10,61.5698
2011-04-30,TJS,6.104,10,61.04
2011-05-04,TJS,6.06645,10,60.6645
2011-05-05,TJS,6.07343,10,60.7343
2011-05-06,TJS,6.049860000000001,10,60.4986
2011-05-07,TJS,6.13858,10,61.3858
2011-05-11,TJS,6.184,10,61.84
2011-05-12,TJS,6.13129,10,61.3129
2011-05-13,TJS,6.20194,10,62.0194
2011-05-14,TJS,6.18127,10,61.8127
2011-05-17,TJS,6.2417,10,62.417
2011-05-18,TJS,6.24103,10,62.4103
2011-05-19,TJS,6.22607,10,62.2607
2011-05-20,TJS,6.20125,10,62.0125
2011-05-21,TJS,6.18837,10,61.8837
2011-05-24,TJS,6.28254,10,62.8254
2011-05-25,TJS,6.301830000000001,10,63.0183
2011-05-26,TJS,6.25138,10,62.5138
2011-05-27,TJS,6.19647,10,61.9647
2011-05-28,TJS,6.14907,10,61.4907
2011-05-31,TJS,6.15983,10,61.5983
2011-06-01,TJS,6.13244,10,61.3244
2011-06-02,TJS,6.12827,10,61.2827
2011-06-03,TJS,6.10522,10,61.0522
2011-06-04,TJS,6.068910000000001,10,60.6891
2011-06-07,TJS,6.06406,10,60.6406
2011-06-08,TJS,6.07483,10,60.7483
2011-06-09,TJS,6.04773,10,60.4773
2011-06-10,TJS,6.04942,10,60.4942
2011-06-11,TJS,6.10128,10,61.0128
2011-06-15,TJS,6.046860000000001,10,60.4686
2011-06-16,TJS,6.02694,10,60.2694
2011-06-17,TJS,6.08238,10,60.8238
2011-06-18,TJS,6.07306,10,60.7306
2011-06-21,TJS,6.06964,10,60.6964
2011-06-22,TJS,6.03377,10,60.3377
2011-06-23,TJS,5.9845999999999995,10,59.846
2011-06-24,TJS,6.04243,10,60.4243
2011-06-25,TJS,6.03258,10,60.3258
2011-06-28,TJS,6.07696,10,60.7696
2011-06-29,TJS,6.05282,10,60.5282
2011-06-30,TJS,6.0151699999999995,10,60.1517
2011-07-01,TJS,5.971629999999999,10,59.7163
2011-07-02,TJS,5.967560000000001,10,59.6756
2011-07-05,TJS,5.99929,10,59.9929
2011-07-06,TJS,6.01191,10,60.1191
2011-07-07,TJS,5.97602,10,59.7602
2011-07-08,TJS,5.98795,10,59.8795
2011-07-09,TJS,5.96254,10,59.6254
2011-07-12,TJS,6.00378,10,60.0378
2011-07-13,TJS,6.07084,10,60.7084
2011-07-14,TJS,6.04413,10,60.4413
2011-07-15,TJS,5.99236,10,59.9236
2011-07-16,TJS,5.992649999999999,10,59.9265
2011-07-19,TJS,6.00224,10,60.0224
2011-07-20,TJS,5.98883,10,59.8883
2011-07-21,TJS,5.96558,10,59.6558
2011-07-22,TJS,5.93446,10,59.3446
2011-07-23,TJS,5.8805700000000005,10,58.8057
2011-07-26,TJS,5.88288,10,58.8288
2011-07-27,TJS,5.83701,10,58.3701
2011-07-28,TJS,5.81537,10,58.1537
2011-07-29,TJS,5.84487,10,58.4487
2011-07-30,TJS,5.86532,10,58.6532
2011-08-02,TJS,5.84037,10,58.4037
2011-08-03,TJS,5.9000900000000005,10,59.0009
2011-08-04,TJS,5.916449999999999,10,59.1645
2011-08-05,TJS,5.90236,10,59.0236
2011-08-06,TJS,6.00449,10,60.0449
2011-08-09,TJS,6.04194,10,60.4194
2011-08-10,TJS,6.231669999999999,10,62.3167
2011-08-11,TJS,6.20835,10,62.0835
2011-08-12,TJS,6.2317599999999995,10,62.3176
2011-08-13,TJS,6.23773,10,62.3773
2011-08-16,TJS,6.11325,10,61.1325
2011-08-17,TJS,6.08054,10,60.8054
2011-08-18,TJS,6.08425,10,60.8425
2011-08-19,TJS,6.12467,10,61.2467
2011-08-20,TJS,6.2008,10,62.008
2011-08-23,TJS,6.19754,10,61.9754
2011-08-24,TJS,6.10653,10,61.0653
2011-08-25,TJS,6.09603,10,60.9603
2011-08-26,TJS,6.07899,10,60.7899
2011-08-27,TJS,6.07672,10,60.7672
2011-08-30,TJS,6.04031,10,60.4031
2011-08-31,TJS,6.07169,10,60.7169
2011-09-01,TJS,6.08699,10,60.8699
2011-09-02,TJS,6.07927,10,60.7927
2011-09-03,TJS,6.11386,10,61.1386
2011-09-06,TJS,6.16695,10,61.6695
2011-09-07,TJS,6.22361,10,62.2361
2011-09-08,TJS,6.1948300000000005,10,61.9483
2011-09-09,TJS,6.19623,10,61.9623
2011-09-10,TJS,6.23591,10,62.3591
2011-09-13,TJS,6.36466,10,63.6466
2011-09-14,TJS,6.33054,10,63.3054
2011-09-15,TJS,6.36675,10,63.6675
2011-09-16,TJS,6.3960799999999995,10,63.9608
2011-09-17,TJS,6.403830000000001,10,64.0383
2011-09-20,TJS,6.47508,10,64.7508
2011-09-21,TJS,6.60751,10,66.0751
2011-09-22,TJS,6.58896,10,65.8896
2011-09-23,TJS,6.69364,10,66.9364
2011-09-24,TJS,6.735250000000001,10,67.3525
2011-09-27,TJS,6.809430000000001,10,68.0943
2011-09-28,TJS,6.758710000000001,10,67.5871
2011-09-29,TJS,6.69655,10,66.9655
2011-09-30,TJS,6.70899,10,67.0899
2011-10-01,TJS,6.75843,10,67.5843
2011-10-04,TJS,6.85925,10,68.5925
2011-10-05,TJS,6.87795,10,68.7795
2011-10-06,TJS,6.86886,10,68.6886
2011-10-07,TJS,6.841880000000001,10,68.4188
2011-10-08,TJS,6.77734,10,67.7734
2011-10-11,TJS,6.7373,10,67.373
2011-10-12,TJS,6.613840000000001,10,66.1384
2011-10-13,TJS,6.61106,10,66.1106
2011-10-14,TJS,6.565810000000001,10,65.6581
2011-10-15,TJS,6.52116,10,65.2116
2011-10-18,TJS,6.467270000000001,10,64.6727
2011-10-19,TJS,6.51631,10,65.1631
2011-10-20,TJS,6.50643,10,65.0643
2011-10-21,TJS,6.602030000000001,10,66.0203
2011-10-22,TJS,6.59333,10,65.9333
2011-10-25,TJS,6.4853499999999995,10,64.8535
2011-10-26,TJS,6.41598,10,64.1598
2011-10-27,TJS,6.432129999999999,10,64.3213
2011-10-28,TJS,6.361800000000001,10,63.618
2011-10-29,TJS,6.28949,10,62.8949
2011-11-01,TJS,6.336930000000001,10,63.3693
2011-11-02,TJS,6.44597,10,64.4597
2011-11-03,TJS,6.45428,10,64.5428
2011-11-04,TJS,6.48756,10,64.8756
2011-11-08,TJS,6.4283600000000005,10,64.2836
2011-11-09,TJS,6.414060000000001,10,64.1406
2011-11-10,TJS,6.33047,10,63.3047
2011-11-11,TJS,6.48653,10,64.8653
2011-11-12,TJS,6.41942,10,64.1942
2011-11-15,TJS,6.3691,10,63.691
2011-11-16,TJS,6.44673,10,64.4673
2011-11-17,TJS,6.483839999999999,10,64.8384
2011-11-18,TJS,6.458969999999999,10,64.5897
2011-11-19,TJS,6.49627,10,64.9627
2011-11-22,TJS,6.50424,10,65.0424
2011-11-23,TJS,6.52354,10,65.2354
2011-11-24,TJS,6.55838,10,65.5838
2011-11-25,TJS,6.606109999999999,10,66.0611
2011-11-26,TJS,6.63629,10,66.3629
2011-11-29,TJS,6.601319999999999,10,66.0132
2011-11-30,TJS,6.58197,10,65.8197
2011-12-01,TJS,6.598180000000001,10,65.9818
2011-12-02,TJS,6.4826999999999995,10,64.827
2011-12-03,TJS,6.4749799999999995,10,64.7498
2011-12-06,TJS,6.49521,10,64.9521
2011-12-07,TJS,6.5356700000000005,10,65.3567
2011-12-08,TJS,6.546469999999999,10,65.4647
2011-12-09,TJS,6.562749999999999,10,65.6275
2011-12-10,TJS,6.633979999999999,10,66.3398
2011-12-13,TJS,6.6014,10,66.014
2011-12-14,TJS,6.65526,10,66.5526
2011-12-15,TJS,6.67441,10,66.7441
2011-12-16,TJS,6.70261,10,67.0261
2011-12-17,TJS,6.675929999999999,10,66.7593
2011-12-20,TJS,6.731310000000001,10,67.3131
2011-12-21,TJS,6.735429999999999,10,67.3543
2011-12-22,TJS,6.67504,10,66.7504
2011-12-23,TJS,6.63292,10,66.3292
2011-12-24,TJS,6.568770000000001,10,65.6877
2011-12-27,TJS,6.562139999999999,10,65.6214
2011-12-28,TJS,6.53246,10,65.3246
2011-12-29,TJS,6.63276,10,66.3276
2011-12-30,TJS,6.728669999999999,10,67.2867
2011-12-31,TJS,6.76559,10,67.6559
2012-01-11,TJS,6.69782,10,66.9782
2012-01-12,TJS,6.65895,10,66.5895
2012-01-13,TJS,6.65743,10,66.5743
2012-01-14,TJS,6.637179999999999,10,66.3718
2012-01-17,TJS,6.71116,10,67.1116
2012-01-18,TJS,6.628950000000001,10,66.2895
2012-01-19,TJS,6.628449999999999,10,66.2845
2012-01-20,TJS,6.615049999999999,10,66.1505
2012-01-21,TJS,6.575709999999999,10,65.7571
2012-01-24,TJS,6.58536,10,65.8536
2012-01-25,TJS,6.48898,10,64.8898
2012-01-26,TJS,6.4456299999999995,10,64.4563
2012-01-27,TJS,6.38056,10,63.8056
2012-01-28,TJS,6.38124,10,63.8124
2012-01-31,TJS,6.381819999999999,10,63.8182
2012-02-01,TJS,6.37111,10,63.7111
2012-02-02,TJS,6.39078,10,63.9078
2012-02-03,TJS,6.34442,10,63.4442
2012-02-04,TJS,6.35503,10,63.5503
2012-02-07,TJS,6.35388,10,63.5388
2012-02-08,TJS,6.32321,10,63.2321
2012-02-09,TJS,6.2402500000000005,10,62.4025
2012-02-10,TJS,6.23768,10,62.3768
2012-02-11,TJS,6.28187,10,62.8187
2012-02-14,TJS,6.2805599999999995,10,62.8056
2012-02-15,TJS,6.32235,10,63.2235
2012-02-16,TJS,6.29221,10,62.9221
2012-02-17,TJS,6.34806,10,63.4806
2012-02-18,TJS,6.304,10,63.04
2012-02-21,TJS,6.2578499999999995,10,62.5785
2012-02-22,TJS,6.2574,10,62.574
2012-02-23,TJS,6.25548,10,62.5548
2012-02-25,TJS,6.18793,10,61.8793
2012-02-28,TJS,6.12002,10,61.2002
2012-02-29,TJS,6.08289,10,60.8289
2012-03-01,TJS,6.09852,10,60.9852
2012-03-02,TJS,6.15339,10,61.5339
2012-03-03,TJS,6.15501,10,61.5501
2012-03-06,TJS,6.1541,10,61.541
2012-03-07,TJS,6.18792,10,61.8792
2012-03-08,TJS,6.23245,10,62.3245
2012-03-12,TJS,6.207050000000001,10,62.0705
2012-03-13,TJS,6.23353,10,62.3353
2012-03-14,TJS,6.20056,10,62.0056
2012-03-15,TJS,6.20154,10,62.0154
2012-03-16,TJS,6.21618,10,62.1618
2012-03-17,TJS,6.16916,10,61.6916
2012-03-20,TJS,6.14084,10,61.4084
2012-03-21,TJS,6.1283,10,61.283
2012-03-22,TJS,6.1371400000000005,10,61.3714
2012-03-23,TJS,6.14488,10,61.4488
2012-03-24,TJS,6.17831,10,61.7831
2012-03-27,TJS,6.1420200000000005,10,61.4202
2012-03-28,TJS,6.08228,10,60.8228
2012-03-29,TJS,6.11122,10,61.1122
2012-03-30,TJS,6.15302,10,61.5302
2012-03-31,TJS,6.1619,10,61.619
2012-04-03,TJS,6.16617,10,61.6617
2012-04-04,TJS,6.1548,10,61.548
2012-04-05,TJS,6.18298,10,61.8298
2012-04-06,TJS,6.18401,10,61.8401
2012-04-07,TJS,6.1905,10,61.905
2012-04-10,TJS,6.22797,10,62.2797
2012-04-11,TJS,6.227600000000001,10,62.276
2012-04-12,TJS,6.26291,10,62.6291
2012-04-13,TJS,6.21367,10,62.1367
2012-04-14,TJS,6.19323,10,61.9323
2012-04-17,TJS,6.254099999999999,10,62.541
2012-04-18,TJS,6.227790000000001,10,62.2779
2012-04-19,TJS,6.19871,10,61.9871
2012-04-20,TJS,6.2016100000000005,10,62.0161
2012-04-21,TJS,6.20341,10,62.0341
2012-04-24,TJS,6.19665,10,61.9665
2012-04-25,TJS,6.189690000000001,10,61.8969
2012-04-26,TJS,6.1564700000000006,10,61.5647
2012-04-27,TJS,6.15244,10,61.5244
2012-04-28,TJS,6.18321,10,61.8321
2012-04-29,TJS,6.170450000000001,10,61.7045
2012-05-03,TJS,6.17215,10,61.7215
2012-05-04,TJS,6.19153,10,61.9153
2012-05-05,TJS,6.2186,10,62.186
2012-05-06,TJS,6.263920000000001,10,62.6392
2012-05-11,TJS,6.34411,10,63.4411
2012-05-12,TJS,6.35283,10,63.5283
2012-05-13,TJS,6.3420499999999995,10,63.4205
2012-05-15,TJS,6.360110000000001,10,63.6011
2012-05-16,TJS,6.37022,10,63.7022
2012-05-17,TJS,6.50588,10,65.0588
2012-05-18,TJS,6.4979,10,64.979
2012-05-19,TJS,6.59221,10,65.9221
2012-05-22,TJS,6.542820000000001,10,65.4282
2012-05-23,TJS,6.5231200000000005,10,65.2312
2012-05-24,TJS,6.588209999999999,10,65.8821
2012-05-25,TJS,6.639239999999999,10,66.3924
2012-05-26,TJS,6.665940000000001,10,66.6594
2012-05-29,TJS,6.681010000000001,10,66.8101
2012-05-30,TJS,6.73439,10,67.3439
2012-05-31,TJS,6.80998,10,68.0998
2012-06-01,TJS,6.90684,10,69.0684
2012-06-02,TJS,7.0782300000000005,10,70.7823
2012-06-05,TJS,7.1405,10,71.405
2012-06-06,TJS,6.96384,10,69.6384
2012-06-07,TJS,6.87773,10,68.7773
2012-06-08,TJS,6.75271,10,67.5271
2012-06-09,TJS,6.86674,10,68.6674
2012-06-10,TJS,6.83622,10,68.3622
2012-06-14,TJS,6.867610000000001,10,68.6761
2012-06-15,TJS,6.83506,10,68.3506
2012-06-16,TJS,6.797,10,67.97
2012-06-19,TJS,6.741960000000001,10,67.4196
2012-06-20,TJS,6.82603,10,68.2603
2012-06-21,TJS,6.822620000000001,10,68.2262
2012-06-22,TJS,6.90434,10,69.0434
2012-06-23,TJS,7.03326,10,70.3326
2012-06-26,TJS,6.959709999999999,10,69.5971
2012-06-27,TJS,6.960680000000001,10,69.6068
2012-06-28,TJS,6.890569999999999,10,68.9057
2012-06-29,TJS,6.912139999999999,10,69.1214
2012-06-30,TJS,6.88621,10,68.8621
2012-07-03,TJS,6.82587,10,68.2587
2012-07-04,TJS,6.815569999999999,10,68.1557
2012-07-05,TJS,6.75855,10,67.5855
2012-07-06,TJS,6.81455,10,68.1455
2012-07-07,TJS,6.84645,10,68.4645
2012-07-10,TJS,6.9235500000000005,10,69.2355
2012-07-11,TJS,6.92034,10,69.2034
2012-07-12,TJS,6.8893,10,68.893
2012-07-13,TJS,6.86597,10,68.6597
2012-07-14,TJS,6.853789999999999,10,68.5379
2012-07-17,TJS,6.84592,10,68.4592
2012-07-18,TJS,6.81891,10,68.1891
2012-07-19,TJS,6.8003,10,68.003
2012-07-20,TJS,6.731669999999999,10,67.3167
2012-07-21,TJS,6.70561,10,67.0561
2012-07-24,TJS,6.79469,10,67.9469
2012-07-25,TJS,6.8486400000000005,10,68.4864
2012-07-26,TJS,6.91874,10,69.1874
2012-07-27,TJS,6.84683,10,68.4683
2012-07-28,TJS,6.76078,10,67.6078
2012-07-31,TJS,6.75568,10,67.5568
2012-08-01,TJS,6.75953,10,67.5953
2012-08-02,TJS,6.786060000000001,10,67.8606
2012-08-03,TJS,6.812250000000001,10,68.1225
2012-08-04,TJS,6.828860000000001,10,68.2886
2012-08-07,TJS,6.70496,10,67.0496
2012-08-08,TJS,6.6459,10,66.459
2012-08-09,TJS,6.65142,10,66.5142
2012-08-10,TJS,6.60748,10,66.0748
2012-08-11,TJS,6.69495,10,66.9495
2012-08-14,TJS,6.6892,10,66.892
2012-08-15,TJS,6.6686000000000005,10,66.686
2012-08-16,TJS,6.685250000000001,10,66.8525
2012-08-17,TJS,6.6954400000000005,10,66.9544
2012-08-18,TJS,6.68407,10,66.8407
2012-08-21,TJS,6.719799999999999,10,67.198
2012-08-22,TJS,6.708069999999999,10,67.0807
2012-08-23,TJS,6.67554,10,66.7554
2012-08-24,TJS,6.6498099999999996,10,66.4981
2012-08-25,TJS,6.6765799999999995,10,66.7658
2012-08-28,TJS,6.68912,10,66.8912
2012-08-29,TJS,6.720180000000001,10,67.2018
2012-08-30,TJS,6.736109999999999,10,67.3611
2012-08-31,TJS,6.778060000000001,10,67.7806
2012-09-01,TJS,6.835469999999999,10,68.3547
2012-09-04,TJS,6.80403,10,68.0403
2012-09-05,TJS,6.75821,10,67.5821
2012-09-06,TJS,6.8132,10,68.132
2012-09-07,TJS,6.75827,10,67.5827
2012-09-08,TJS,6.71946,10,67.1946
2012-09-11,TJS,6.658150000000001,10,66.5815
2012-09-12,TJS,6.669490000000001,10,66.6949
2012-09-13,TJS,6.6065,10,66.065
2012-09-14,TJS,6.589830000000001,10,65.8983
2012-09-15,TJS,6.46773,10,64.6773
2012-09-18,TJS,6.418899999999999,10,64.189
2012-09-19,TJS,6.48021,10,64.8021
2012-09-20,TJS,6.476699999999999,10,64.767
2012-09-21,TJS,6.626049999999999,10,66.2605
2012-09-22,TJS,6.54021,10,65.4021
2012-09-25,TJS,6.55851,10,65.5851
2012-09-26,TJS,6.53965,10,65.3965
2012-09-27,TJS,6.55266,10,65.5266
2012-09-28,TJS,6.54727,10,65.4727
2012-09-29,TJS,6.48901,10,64.8901
2012-10-02,TJS,6.55972,10,65.5972
2012-10-03,TJS,6.534789999999999,10,65.3479
2012-10-04,TJS,6.54712,10,65.4712
2012-10-05,TJS,6.53185,10,65.3185
2012-10-06,TJS,6.50094,10,65.0094
2012-10-09,TJS,6.5226299999999995,10,65.2263
2012-10-10,TJS,6.526770000000001,10,65.2677
2012-10-11,TJS,6.54838,10,65.4838
2012-10-12,TJS,6.541580000000001,10,65.4158
2012-10-13,TJS,6.50123,10,65.0123
2012-10-16,TJS,6.5234700000000005,10,65.2347
2012-10-17,TJS,6.49636,10,64.9636
2012-10-18,TJS,6.46413,10,64.6413
2012-10-19,TJS,6.447450000000001,10,64.4745
2012-10-20,TJS,6.46036,10,64.6036
2012-10-23,TJS,6.48668,10,64.8668
2012-10-24,TJS,6.53117,10,65.3117
2012-10-25,TJS,6.5705100000000005,10,65.7051
2012-10-26,TJS,6.55932,10,65.5932
2012-10-27,TJS,6.60692,10,66.0692
2012-10-30,TJS,6.598789999999999,10,65.9879
2012-10-31,TJS,6.624890000000001,10,66.2489
2012-11-01,TJS,6.58557,10,65.8557
2012-11-02,TJS,6.584090000000001,10,65.8409
2012-11-03,TJS,6.5871200000000005,10,65.8712
2012-11-07,TJS,6.61618,10,66.1618
2012-11-08,TJS,6.57011,10,65.7011
2012-11-09,TJS,6.61516,10,66.1516
2012-11-10,TJS,6.61115,10,66.1115
2012-11-13,TJS,6.634189999999999,10,66.3419
2012-11-14,TJS,6.65751,10,66.5751
2012-11-15,TJS,6.65884,10,66.5884
2012-11-16,TJS,6.65167,10,66.5167
2012-11-17,TJS,6.657380000000001,10,66.5738
2012-11-20,TJS,6.64687,10,66.4687
2012-11-21,TJS,6.59634,10,65.9634
2012-11-22,TJS,6.59554,10,65.9554
2012-11-23,TJS,6.53901,10,65.3901
2012-11-24,TJS,6.53481,10,65.3481
2012-11-27,TJS,6.5104,10,65.104
2012-11-28,TJS,6.49216,10,64.9216
2012-11-29,TJS,6.5286100000000005,10,65.2861
2012-11-30,TJS,6.511480000000001,10,65.1148
2012-12-01,TJS,6.459739999999999,10,64.5974
2012-12-04,TJS,6.464,10,64.64
2012-12-05,TJS,6.51326,10,65.1326
2012-12-06,TJS,6.47743,10,64.7743
2012-12-07,TJS,6.49576,10,64.9576
2012-12-08,TJS,6.50759,10,65.0759
2012-12-11,TJS,6.48691,10,64.8691
2012-12-12,TJS,6.46211,10,64.6211
2012-12-13,TJS,6.45822,10,64.5822
2012-12-14,TJS,6.43118,10,64.3118
2012-12-15,TJS,6.439870000000001,10,64.3987
2012-12-18,TJS,6.4661,10,64.661
2012-12-19,TJS,6.501990000000001,10,65.0199
2012-12-20,TJS,6.44782,10,64.4782
2012-12-21,TJS,6.45537,10,64.5537
2012-12-22,TJS,6.452710000000001,10,64.5271
2012-12-25,TJS,6.47087,10,64.7087
2012-12-26,TJS,6.426609999999999,10,64.2661
2012-12-27,TJS,6.42848,10,64.2848
2012-12-28,TJS,6.3949300000000004,10,63.9493
2012-12-29,TJS,6.37279,10,63.7279
2012-12-30,TJS,6.37279,10,63.7279
2013-01-10,TJS,6.38812,10,63.8812
2013-01-11,TJS,6.37612,10,63.7612
2013-01-12,TJS,6.35769,10,63.5769
2013-01-15,TJS,6.3512900000000005,10,63.5129
2013-01-16,TJS,6.3486199999999995,10,63.4862
2013-01-17,TJS,6.3659,10,63.659
2013-01-18,TJS,6.37125,10,63.7125
2013-01-19,TJS,6.3431,10,63.431
2013-01-22,TJS,6.3621099999999995,10,63.6211
2013-01-23,TJS,6.34202,10,63.4202
2013-01-24,TJS,6.34481,10,63.4481
2013-01-25,TJS,6.3351500000000005,10,63.3515
2013-01-26,TJS,6.31014,10,63.1014
2013-01-29,TJS,6.30597,10,63.0597
2013-01-30,TJS,6.32076,10,63.2076
2013-01-31,TJS,6.30569,10,63.0569
2013-02-01,TJS,6.30392,10,63.0392
2013-02-02,TJS,6.2915,10,62.915
2013-02-05,TJS,6.2744,10,62.744
2013-02-06,TJS,6.32652,10,63.2652
2013-02-07,TJS,6.29341,10,62.9341
2013-02-08,TJS,6.312810000000001,10,63.1281
2013-02-09,TJS,6.33548,10,63.3548
2013-02-12,TJS,6.34085,10,63.4085
2013-02-13,TJS,6.3449100000000005,10,63.4491
2013-02-14,TJS,6.3237000000000005,10,63.237
2013-02-15,TJS,6.3254,10,63.254
2013-02-16,TJS,6.3331,10,63.331
2013-02-19,TJS,6.33627,10,63.3627
2013-02-20,TJS,6.3368,10,63.368
2013-02-21,TJS,6.3205,10,63.205
2013-02-22,TJS,6.35923,10,63.5923
2013-02-23,TJS,6.38571,10,63.8571
2013-02-26,TJS,6.38092,10,63.8092
2013-02-27,TJS,6.43394,10,64.3394
2013-02-28,TJS,6.440659999999999,10,64.4066
2013-03-01,TJS,6.4179900000000005,10,64.1799
2013-03-02,TJS,6.444159999999999,10,64.4416
2013-03-05,TJS,6.47575,10,64.7575
2013-03-06,TJS,6.45667,10,64.5667
2013-03-07,TJS,6.44105,10,64.4105
2013-03-08,TJS,6.470789999999999,10,64.7079
2013-03-12,TJS,6.4697000000000005,10,64.697
2013-03-13,TJS,6.468349999999999,10,64.6835
2013-03-14,TJS,6.46198,10,64.6198
2013-03-15,TJS,6.47376,10,64.7376
2013-03-16,TJS,6.461709999999999,10,64.6171
2013-03-19,TJS,6.54688,10,65.4688
2013-03-20,TJS,6.4844800000000005,10,64.8448
2013-03-21,TJS,6.5089,10,65.089
2013-03-22,TJS,6.547199999999999,10,65.472
2013-03-23,TJS,6.555719999999999,10,65.5572
2013-03-26,TJS,6.56812,10,65.6812
2013-03-27,TJS,6.642440000000001,10,66.4244
2013-03-28,TJS,6.69044,10,66.9044
2013-03-29,TJS,6.770090000000001,10,67.7009
2013-03-30,TJS,6.53796,10,65.3796
2013-04-02,TJS,6.5434,10,65.434
2013-04-03,TJS,6.54519,10,65.4519
2013-04-04,TJS,6.60171,10,66.0171
2013-04-05,TJS,6.66925,10,66.6925
2013-04-06,TJS,6.646769999999999,10,66.4677
2013-04-09,TJS,6.64391,10,66.4391
2013-04-10,TJS,6.55574,10,65.5574
2013-04-11,TJS,6.508710000000001,10,65.0871
2013-04-12,TJS,6.4812899999999996,10,64.8129
2013-04-13,TJS,6.49166,10,64.9166
2013-04-16,TJS,6.569660000000001,10,65.6966
2013-04-17,TJS,6.602259999999999,10,66.0226
2013-04-18,TJS,6.559139999999999,10,65.5914
2013-04-19,TJS,6.662139999999999,10,66.6214
2013-04-20,TJS,6.6119900000000005,10,66.1199
2013-04-23,TJS,6.6348,10,66.348
2013-04-24,TJS,6.65057,10,66.5057
2013-04-25,TJS,6.69032,10,66.9032
2013-04-26,TJS,6.6282,10,66.282
2013-04-27,TJS,6.55833,10,65.5833
2013-04-30,TJS,6.61585,10,66.1585
2013-05-01,TJS,6.5256799999999995,10,65.2568
2013-05-07,TJS,6.534619999999999,10,65.3462
2013-05-08,TJS,6.533710000000001,10,65.3371
2013-05-09,TJS,6.5348299999999995,10,65.3483
2013-05-14,TJS,6.64528,10,66.4528
2013-05-15,TJS,6.57456,10,65.7456
2013-05-16,TJS,6.605729999999999,10,66.0573
2013-05-17,TJS,6.603319999999999,10,66.0332
2013-05-18,TJS,6.598380000000001,10,65.9838
2013-05-21,TJS,6.63996,10,66.3996
2013-05-22,TJS,6.5561300000000005,10,65.5613
2013-05-23,TJS,6.564919999999999,10,65.6492
2013-05-24,TJS,6.617,10,66.17
2013-05-25,TJS,6.58475,10,65.8475
2013-05-28,TJS,6.58169,10,65.8169
2013-05-29,TJS,6.59751,10,65.9751
2013-05-30,TJS,6.62692,10,66.2692
2013-05-31,TJS,6.64199,10,66.4199
2013-06-01,TJS,6.68585,10,66.8585
2013-06-04,TJS,6.8408500000000005,10,68.4085
2013-06-05,TJS,6.69212,10,66.9212
2013-06-06,TJS,6.72278,10,67.2278
2013-06-07,TJS,6.75775,10,67.5775
2013-06-08,TJS,6.7790300000000006,10,67.7903
2013-06-11,TJS,6.79745,10,67.9745
2013-06-12,TJS,6.8122799999999994,10,68.1228
2013-06-14,TJS,6.7951,10,67.951
2013-06-15,TJS,6.681140000000001,10,66.8114
2013-06-18,TJS,6.7054,10,67.054
2013-06-19,TJS,6.694190000000001,10,66.9419
2013-06-20,TJS,6.74409,10,67.4409
2013-06-21,TJS,6.86859,10,68.6859
2013-06-22,TJS,6.87523,10,68.7523
2013-06-25,TJS,6.962359999999999,10,69.6236
2013-06-26,TJS,6.8675,10,68.675
2013-06-27,TJS,6.90249,10,69.0249
2013-06-28,TJS,6.900180000000001,10,69.0018
2013-06-29,TJS,6.86515,10,68.6515
2013-07-02,TJS,6.893649999999999,10,68.9365
2013-07-03,TJS,6.91245,10,69.1245
2013-07-04,TJS,6.968389999999999,10,69.6839
2013-07-05,TJS,6.95437,10,69.5437
2013-07-06,TJS,6.96754,10,69.6754
2013-07-09,TJS,6.9886099999999995,10,69.8861
2013-07-10,TJS,6.99144,10,69.9144
2013-07-11,TJS,6.9038200000000005,10,69.0382
2013-07-12,TJS,6.83604,10,68.3604
2013-07-13,TJS,6.8475399999999995,10,68.4754
2013-07-16,TJS,6.89523,10,68.9523
2013-07-17,TJS,6.826739999999999,10,68.2674
2013-07-18,TJS,6.807899999999999,10,68.079
2013-07-19,TJS,6.79697,10,67.9697
2013-07-20,TJS,6.80348,10,68.0348
2013-07-23,TJS,6.832590000000001,10,68.3259
2013-07-24,TJS,6.77641,10,67.7641
2013-07-25,TJS,6.7830200000000005,10,67.8302
2013-07-26,TJS,6.82259,10,68.2259
2013-07-27,TJS,6.843590000000001,10,68.4359
2013-07-30,TJS,6.94299,10,69.4299
2013-07-31,TJS,6.898090000000001,10,68.9809
2013-08-01,TJS,6.92806,10,69.2806
2013-08-02,TJS,6.915850000000001,10,69.1585
2013-08-03,TJS,6.941509999999999,10,69.4151
2013-08-06,TJS,6.94852,10,69.4852
2013-08-07,TJS,6.90864,10,69.0864
2013-08-08,TJS,6.91824,10,69.1824
2013-08-09,TJS,6.90916,10,69.0916
2013-08-10,TJS,6.944629999999999,10,69.4463
2013-08-13,TJS,6.898860000000001,10,68.9886
2013-08-14,TJS,6.9308000000000005,10,69.308
2013-08-15,TJS,6.955070000000001,10,69.5507
2013-08-16,TJS,6.92268,10,69.2268
2013-08-17,TJS,6.910590000000001,10,69.1059
2013-08-20,TJS,6.906499999999999,10,69.065
2013-08-21,TJS,6.92301,10,69.2301
2013-08-22,TJS,6.91751,10,69.1751
2013-08-23,TJS,6.96335,10,69.6335
2013-08-24,TJS,6.934900000000001,10,69.349
2013-08-27,TJS,6.914319999999999,10,69.1432
2013-08-28,TJS,6.94769,10,69.4769
2013-08-29,TJS,6.95973,10,69.5973
2013-08-30,TJS,6.9597,10,69.597
2013-08-31,TJS,6.974200000000001,10,69.742
2013-09-03,TJS,6.97521,10,69.7521
2013-09-04,TJS,6.99977,10,69.9977
2013-09-05,TJS,7.019970000000001,10,70.1997
2013-09-06,TJS,7.004130000000001,10,70.0413
2013-09-07,TJS,7.013,10,70.13
2013-09-10,TJS,7.04292,10,70.4292
2013-09-11,TJS,6.98707,10,69.8707
2013-09-12,TJS,6.9143799999999995,10,69.1438
2013-09-13,TJS,6.85359,10,68.5359
2013-09-14,TJS,6.86688,10,68.6688
2013-09-17,TJS,6.77252,10,67.7252
2013-09-18,TJS,6.935370000000001,10,69.3537
2013-09-19,TJS,6.762649999999999,10,67.6265
2013-09-20,TJS,6.72569,10,67.2569
2013-09-21,TJS,6.655329999999999,10,66.5533
2013-09-24,TJS,6.7944,10,67.944
2013-09-25,TJS,6.67283,10,66.7283
2013-09-26,TJS,6.69749,10,66.9749
2013-09-27,TJS,6.74739,10,67.4739
2013-09-28,TJS,6.78279,10,67.8279
2013-10-01,TJS,6.8119,10,68.119
2013-10-02,TJS,6.772880000000001,10,67.7288
2013-10-03,TJS,6.77332,10,67.7332
2013-10-04,TJS,6.7372,10,67.372
2013-10-05,TJS,6.73206,10,67.3206
2013-10-08,TJS,6.77231,10,67.7231
2013-10-09,TJS,6.77343,10,67.7343
2013-10-10,TJS,6.786879999999999,10,67.8688
2013-10-11,TJS,6.836920000000001,10,68.3692
2013-10-12,TJS,6.80625,10,68.0625
2013-10-15,TJS,6.86839,10,68.6839
2013-10-16,TJS,6.7648399999999995,10,67.6484
2013-10-17,TJS,6.8650400000000005,10,68.6504
2013-10-18,TJS,6.82907,10,68.2907
2013-10-19,TJS,6.881749999999999,10,68.8175
2013-10-22,TJS,6.94579,10,69.4579
2013-10-23,TJS,7.111750000000001,10,71.1175
2013-10-24,TJS,6.70471,10,67.0471
2013-10-25,TJS,6.63575,10,66.3575
2013-10-26,TJS,6.63806,10,66.3806
2013-10-29,TJS,6.6662300000000005,10,66.6623
2013-10-30,TJS,6.692749999999999,10,66.9275
2013-10-31,TJS,6.76799,10,67.6799
2013-11-01,TJS,6.72096,10,67.2096
2013-11-02,TJS,6.743250000000001,10,67.4325
2013-11-06,TJS,6.77946,10,67.7946
2013-11-07,TJS,6.90331,10,69.0331
2013-11-08,TJS,6.94037,10,69.4037
2013-11-09,TJS,6.82103,10,68.2103
2013-11-12,TJS,6.89673,10,68.9673
2013-11-13,TJS,6.87488,10,68.7488
2013-11-14,TJS,6.8774299999999995,10,68.7743
2013-11-15,TJS,6.84983,10,68.4983
2013-11-16,TJS,6.84857,10,68.4857
2013-11-19,TJS,6.82435,10,68.2435
2013-11-20,TJS,6.83386,10,68.3386
2013-11-21,TJS,6.86006,10,68.6006
2013-11-22,TJS,6.917230000000001,10,69.1723
2013-11-23,TJS,6.893949999999999,10,68.9395
2013-11-26,TJS,7.077859999999999,10,70.7786
2013-11-27,TJS,6.91063,10,69.1063
2013-11-28,TJS,6.91316,10,69.1316
2013-11-29,TJS,6.93962,10,69.3962
2013-11-30,TJS,6.95243,10,69.5243
2013-12-03,TJS,7.15882,10,71.5882
2013-12-04,TJS,6.96353,10,69.6353
2013-12-05,TJS,6.96743,10,69.6743
2013-12-06,TJS,6.93632,10,69.3632
2013-12-07,TJS,6.902410000000001,10,69.0241
2013-12-10,TJS,6.91801,10,69.1801
2013-12-11,TJS,6.8678,10,68.678
2013-12-12,TJS,6.85677,10,68.5677
2013-12-13,TJS,6.91287,10,69.1287
2013-12-14,TJS,6.885299999999999,10,68.853
2013-12-17,TJS,6.93723,10,69.3723
2013-12-18,TJS,6.88523,10,68.8523
2013-12-19,TJS,6.901260000000001,10,69.0126
2013-12-20,TJS,6.90355,10,69.0355
2013-12-21,TJS,6.90937,10,69.0937
2013-12-24,TJS,6.9552700000000005,10,69.5527
2013-12-25,TJS,6.835890000000001,10,68.3589
2013-12-26,TJS,6.84029,10,68.4029
2013-12-27,TJS,6.84482,10,68.4482
2013-12-28,TJS,6.83614,10,68.3614
2013-12-31,TJS,6.90912,10,69.0912
2014-01-01,TJS,6.84081,10,68.4081
2014-01-10,TJS,6.997020000000001,10,69.9702
2014-01-11,TJS,7.00775,10,70.0775
2014-01-14,TJS,6.989790000000001,10,69.8979
2014-01-15,TJS,7.01473,10,70.1473
2014-01-16,TJS,7.03955,10,70.3955
2014-01-17,TJS,7.04892,10,70.4892
2014-01-18,TJS,7.00312,10,70.0312
2014-01-21,TJS,7.046670000000001,10,70.4667
2014-01-22,TJS,7.13646,10,71.3646
2014-01-23,TJS,7.14743,10,71.4743
2014-01-24,TJS,7.1268199999999995,10,71.2682
2014-01-25,TJS,7.17457,10,71.7457
2014-01-28,TJS,7.26729,10,72.6729
2014-01-29,TJS,7.24873,10,72.4873
2014-01-30,TJS,7.23445,10,72.3445
2014-01-31,TJS,7.37694,10,73.7694
2014-02-01,TJS,7.38378,10,73.8378
2014-02-04,TJS,7.395099999999999,10,73.951
2014-02-05,TJS,7.44033,10,74.4033
2014-02-06,TJS,7.33743,10,73.3743
2014-02-07,TJS,7.28921,10,72.8921
2014-02-08,TJS,7.263120000000001,10,72.6312
2014-02-11,TJS,7.295,10,72.95
2014-02-12,TJS,7.30188,10,73.0188
2014-02-13,TJS,7.2947500000000005,10,72.9475
2014-02-14,TJS,7.31592,10,73.1592
2014-02-15,TJS,7.398770000000001,10,73.9877
2014-02-18,TJS,7.3650899999999995,10,73.6509
2014-02-19,TJS,7.394679999999999,10,73.9468
2014-02-20,TJS,7.468770000000001,10,74.6877
2014-02-21,TJS,7.50556,10,75.0556
2014-02-22,TJS,7.48789,10,74.8789
2014-02-25,TJS,7.4498500000000005,10,74.4985
2014-02-26,TJS,7.4605999999999995,10,74.606
2014-02-27,TJS,7.50681,10,75.0681
2014-02-28,TJS,7.56195,10,75.6195
2014-03-01,TJS,7.60534,10,76.0534
2014-03-04,TJS,7.64622,10,76.4622
2014-03-05,TJS,7.63411,10,76.3411
2014-03-06,TJS,7.58245,10,75.8245
2014-03-07,TJS,7.58947,10,75.8947
2014-03-08,TJS,7.6165899999999995,10,76.1659
2014-03-12,TJS,7.64448,10,76.4448
2014-03-13,TJS,7.66378,10,76.6378
2014-03-14,TJS,7.63058,10,76.3058
2014-03-15,TJS,7.707980000000001,10,77.0798
2014-03-18,TJS,7.71184,10,77.1184
2014-03-19,TJS,7.670019999999999,10,76.7002
2014-03-20,TJS,7.602679999999999,10,76.0268
2014-03-21,TJS,7.597709999999999,10,75.9771
2014-03-22,TJS,7.65959,10,76.5959
2014-03-25,TJS,7.610110000000001,10,76.1011
2014-03-26,TJS,7.5607299999999995,10,75.6073
2014-03-27,TJS,7.4592600000000004,10,74.5926
2014-03-28,TJS,7.4871099999999995,10,74.8711
2014-03-29,TJS,7.43435,10,74.3435
2014-04-01,TJS,7.41484,10,74.1484
2014-04-02,TJS,7.29059,10,72.9059
2014-04-03,TJS,7.2963700000000005,10,72.9637
2014-04-04,TJS,7.33002,10,73.3002
2014-04-05,TJS,7.32538,10,73.2538
2014-04-08,TJS,7.31267,10,73.1267
2014-04-09,TJS,7.329680000000001,10,73.2968
2014-04-10,TJS,7.4161,10,74.161
2014-04-11,TJS,7.37659,10,73.7659
2014-04-12,TJS,7.375400000000001,10,73.754
2014-04-15,TJS,7.4503699999999995,10,74.5037
2014-04-16,TJS,7.444629999999999,10,74.4463
2014-04-17,TJS,7.46901,10,74.6901
2014-04-18,TJS,7.4365,10,74.365
2014-04-19,TJS,7.36527,10,73.6527
2014-04-22,TJS,7.392189999999999,10,73.9219
2014-04-23,TJS,7.3942,10,73.942
2014-04-24,TJS,7.39794,10,73.9794
2014-04-25,TJS,7.40066,10,74.0066
2014-04-26,TJS,7.45196,10,74.5196
2014-04-29,TJS,7.471639999999999,10,74.7164
2014-04-30,TJS,7.253690000000001,10,72.5369
2014-05-01,TJS,7.34627,10,73.4627
2014-05-06,TJS,7.26365,10,72.6365
2014-05-07,TJS,7.321510000000001,10,73.2151
2014-05-08,TJS,7.239870000000001,10,72.3987
2014-05-09,TJS,7.150149999999999,10,71.5015
2014-05-13,TJS,7.180110000000001,10,71.8011
2014-05-14,TJS,7.11277,10,71.1277
2014-05-15,TJS,7.078270000000001,10,70.7827
2014-05-16,TJS,7.08246,10,70.8246
2014-05-17,TJS,7.09263,10,70.9263
2014-05-20,TJS,7.08432,10,70.8432
2014-05-21,TJS,7.04713,10,70.4713
2014-05-22,TJS,7.03279,10,70.3279
2014-05-23,TJS,6.98043,10,69.8043
2014-05-24,TJS,6.99156,10,69.9156
2014-05-27,TJS,6.96019,10,69.6019
2014-05-28,TJS,6.99696,10,69.9696
2014-05-29,TJS,7.029349999999999,10,70.2935
2014-05-30,TJS,6.9441999999999995,10,69.442
2014-05-31,TJS,7.073950000000001,10,70.7395
2014-06-03,TJS,7.10694,10,71.0694
2014-06-04,TJS,6.99894,10,69.9894
2014-06-05,TJS,7.024590000000001,10,70.2459
2014-06-06,TJS,6.85312,10,68.5312
2014-06-07,TJS,6.967969999999999,10,69.6797
2014-06-10,TJS,6.86345,10,68.6345
2014-06-11,TJS,6.84828,10,68.4828
2014-06-12,TJS,6.830119999999999,10,68.3012
2014-06-17,TJS,6.89419,10,68.9419
2014-06-18,TJS,6.94288,10,69.4288
2014-06-19,TJS,6.95185,10,69.5185
2014-06-20,TJS,6.829359999999999,10,68.2936
2014-06-21,TJS,6.87006,10,68.7006
2014-06-24,TJS,6.8422600000000005,10,68.4226
2014-06-25,TJS,6.78267,10,67.8267
2014-06-26,TJS,6.767860000000001,10,67.6786
2014-06-27,TJS,6.73669,10,67.3669
2014-06-28,TJS,6.71269,10,67.1269
2014-07-01,TJS,6.75517,10,67.5517
2014-07-02,TJS,6.83184,10,68.3184
2014-07-03,TJS,6.83625,10,68.3625
2014-07-04,TJS,6.876390000000001,10,68.7639
2014-07-05,TJS,6.90227,10,69.0227
2014-07-08,TJS,6.95164,10,69.5164
2014-07-09,TJS,6.92282,10,69.2282
2014-07-10,TJS,6.85244,10,68.5244
2014-07-11,TJS,6.73835,10,67.3835
2014-07-12,TJS,6.78275,10,67.8275
2014-07-15,TJS,6.833589999999999,10,68.3359
2014-07-16,TJS,6.9070599999999995,10,69.0706
2014-07-17,TJS,6.871840000000001,10,68.7184
2014-07-18,TJS,6.960240000000001,10,69.6024
2014-07-19,TJS,7.032819999999999,10,70.3282
2014-07-22,TJS,7.019540000000001,10,70.1954
2014-07-23,TJS,7.0092799999999995,10,70.0928
2014-07-24,TJS,6.96411,10,69.6411
2014-07-25,TJS,7.017829999999999,10,70.1783
2014-07-26,TJS,7.0128,10,70.128
2014-07-29,TJS,7.08942,10,70.8942
2014-07-30,TJS,7.14722,10,71.4722
2014-07-31,TJS,7.12462,10,71.2462
2014-08-01,TJS,7.06812,10,70.6812
2014-08-02,TJS,7.132599999999999,10,71.326
2014-08-05,TJS,7.12227,10,71.2227
2014-08-06,TJS,7.14987,10,71.4987
2014-08-07,TJS,7.212090000000001,10,72.1209
2014-08-08,TJS,7.239929999999999,10,72.3993
2014-08-09,TJS,7.25411,10,72.5411
2014-08-12,TJS,7.17235,10,71.7235
2014-08-13,TJS,7.15399,10,71.5399
2014-08-14,TJS,7.1727099999999995,10,71.7271
2014-08-15,TJS,7.1570800000000006,10,71.5708
2014-08-16,TJS,7.14952,10,71.4952
2014-08-19,TJS,7.15508,10,71.5508
2014-08-20,TJS,7.1426,10,71.426
2014-08-21,TJS,7.16484,10,71.6484
2014-08-22,TJS,7.18614,10,71.8614
2014-08-23,TJS,7.1210700000000005,10,71.2107
2014-08-26,TJS,7.13159,10,71.3159
2014-08-27,TJS,7.134690000000001,10,71.3469
2014-08-28,TJS,7.161910000000001,10,71.6191
2014-08-29,TJS,7.194719999999999,10,71.9472
2014-08-30,TJS,7.31884,10,73.1884
2014-09-02,TJS,7.37118,10,73.7118
2014-09-03,TJS,7.38176,10,73.8176
2014-09-04,TJS,7.37589,10,73.7589
2014-09-05,TJS,7.2742,10,72.742
2014-09-06,TJS,7.29754,10,72.9754
2014-09-09,TJS,7.33009,10,73.3009
2014-09-10,TJS,7.318129999999999,10,73.1813
2014-09-11,TJS,7.346439999999999,10,73.4644
2014-09-12,TJS,7.38725,10,73.8725
2014-09-13,TJS,7.44234,10,74.4234
2014-09-16,TJS,7.50788,10,75.0788
2014-09-17,TJS,7.650119999999999,10,76.5012
2014-09-18,TJS,7.58423,10,75.8423
2014-09-19,TJS,7.58467,10,75.8467
2014-09-20,TJS,7.617319999999999,10,76.1732
2014-09-23,TJS,7.65,10,76.5
2014-09-24,TJS,7.66765,10,76.6765
2014-09-25,TJS,7.6113,10,76.113
2014-09-26,TJS,7.59498,10,75.9498
2014-09-27,TJS,7.644410000000001,10,76.4441
2014-09-30,TJS,7.775149999999999,10,77.7515
2014-10-01,TJS,7.73091,10,77.3091
2014-10-02,TJS,7.83152,10,78.3152
2014-10-03,TJS,7.80921,10,78.0921
2014-10-04,TJS,7.89366,10,78.9366
2014-10-07,TJS,7.971210000000001,10,79.7121
2014-10-08,TJS,7.9233,10,79.233
2014-10-09,TJS,7.97119,10,79.7119
2014-10-10,TJS,7.97081,10,79.7081
2014-10-11,TJS,8.01717,10,80.1717
2014-10-14,TJS,7.961830000000001,10,79.6183
2014-10-15,TJS,8.00237,10,80.0237
2014-10-16,TJS,8.08356,10,80.8356
2014-10-17,TJS,8.044880000000001,10,80.4488
2014-10-18,TJS,8.06369,10,80.6369
2014-10-21,TJS,8.03157,10,80.3157
2014-10-22,TJS,8.06469,10,80.6469
2014-10-23,TJS,8.048390000000001,10,80.4839
2014-10-24,TJS,8.07531,10,80.7531
2014-10-25,TJS,8.13648,10,81.3648
2014-10-28,TJS,8.16364,10,81.6364
2014-10-29,TJS,8.30153,10,83.0153
2014-10-30,TJS,8.35226,10,83.5226
2014-10-31,TJS,8.49752,10,84.9752
2014-11-01,TJS,8.217189999999999,10,82.1719
2014-11-06,TJS,8.672920000000001,10,86.7292
2014-11-07,TJS,8.82648,10,88.2648
2014-11-08,TJS,9.35233,10,93.5233
2014-11-11,TJS,8.96462,10,89.6462
2014-11-12,TJS,8.97623,10,89.7623
2014-11-13,TJS,8.92658,10,89.2658
2014-11-14,TJS,8.88524,10,88.8524
2014-11-15,TJS,9.12965,10,91.2965
2014-11-18,TJS,9.11826,10,91.1826
2014-11-19,TJS,9.05022,10,90.5022
2014-11-20,TJS,9.0598,10,90.598
2014-11-21,TJS,8.99725,10,89.9725
2014-11-22,TJS,8.82154,10,88.2154
2014-11-25,TJS,8.4925,10,84.925
2014-11-26,TJS,8.52864,10,85.2864
2014-11-27,TJS,8.80334,10,88.0334
2014-11-28,TJS,9.116330000000001,10,91.1633
2014-11-29,TJS,9.43366,10,94.3366
2014-12-02,TJS,9.90892,10,99.0892
2014-12-03,TJS,9.71019,10,97.1019
2014-12-04,TJS,10.401489999999999,10,104.0149
2014-12-05,TJS,10.0785,1,10.0785
2014-12-06,TJS,10.1579,1,10.1579
2014-12-09,TJS,10.196,1,10.196
2014-12-10,TJS,10.3689,1,10.3689
2014-12-11,TJS,10.3812,1,10.3812
2014-12-12,TJS,10.4801,1,10.4801
2014-12-13,TJS,10.8815,1,10.8815
2014-12-16,TJS,11.1597,1,11.1597
2014-12-17,TJS,11.6962,1,11.6962
2014-12-18,TJS,12.965,1,12.965
2014-12-19,TJS,11.4001,1,11.4001
2014-12-20,TJS,11.6065,1,11.6065
2014-12-23,TJS,10.8054,1,10.8054
2014-12-24,TJS,10.4372,1,10.4372
2014-12-25,TJS,10.4224,1,10.4224
2014-12-26,TJS,10.0637,1,10.0637
2014-12-27,TJS,9.95243,10,99.5243
2014-12-30,TJS,10.841,1,10.841
2014-12-31,TJS,10.7604,1,10.7604
2015-01-01,TJS,10.7564,1,10.7564
2015-01-13,TJS,11.9994,1,11.9994
2015-01-14,TJS,12.4022,1,12.4022
2015-01-15,TJS,12.3963,1,12.3963
2015-01-16,TJS,12.1178,1,12.1178
2015-01-17,TJS,11.8517,1,11.8517
2015-01-20,TJS,12.1661,1,12.1661
2015-01-21,TJS,12.132,1,12.132
2015-01-22,TJS,12.2283,1,12.2283
2015-01-23,TJS,12.1992,1,12.1992
2015-01-24,TJS,11.4624,1,11.4624
2015-01-27,TJS,11.8604,1,11.8604
2015-01-28,TJS,12.617,1,12.617
2015-01-29,TJS,12.163,1,12.163
2015-01-30,TJS,12.4491,1,12.4491
2015-01-31,TJS,12.4851,1,12.4851
2015-02-03,TJS,12.6182,1,12.6182
2015-02-04,TJS,12.2497,1,12.2497
2015-02-05,TJS,11.756,1,11.756
2015-02-06,TJS,12.3025,1,12.3025
2015-02-07,TJS,11.8665,1,11.8665
2015-02-10,TJS,11.7083,1,11.7083
2015-02-11,TJS,11.5549,1,11.5549
2015-02-12,TJS,11.6629,1,11.6629
2015-02-13,TJS,11.6701,1,11.6701
2015-02-14,TJS,11.7985,1,11.7985
2015-02-17,TJS,11.3623,1,11.3623
2015-02-18,TJS,11.3946,1,11.3946
2015-02-19,TJS,11.2697,1,11.2697
2015-02-20,TJS,11.218,1,11.218
2015-02-21,TJS,11.1444,1,11.1444
2015-02-25,TJS,11.4802,1,11.4802
2015-02-26,TJS,11.3153,1,11.3153
2015-02-27,TJS,10.9765,1,10.9765
2015-02-28,TJS,11.0769,1,11.0769
2015-03-03,TJS,11.2492,1,11.2492
2015-03-04,TJS,11.4473,1,11.4473
2015-03-05,TJS,11.3448,1,11.3448
2015-03-06,TJS,11.3489,1,11.3489
2015-03-07,TJS,11.009,1,11.009
2015-03-11,TJS,11.0996,1,11.0996
2015-03-12,TJS,11.4682,1,11.4682
2015-03-13,TJS,11.1291,1,11.1291
2015-03-14,TJS,11.097,1,11.097
2015-03-17,TJS,11.2488,1,11.2488
2015-03-18,TJS,10.3802,1,10.3802
2015-03-19,TJS,10.9068,1,10.9068
2015-03-20,TJS,10.5839,1,10.5839
2015-03-21,TJS,10.6199,1,10.6199
2015-03-24,TJS,10.3834,1,10.3834
2015-03-25,TJS,10.2685,1,10.2685
2015-03-26,TJS,10.0241,1,10.0241
2015-03-27,TJS,9.857980000000001,10,98.5798
2015-03-28,TJS,10.0844,1,10.0844
2015-03-31,TJS,10.213,1,10.213
2015-04-01,TJS,9.93366,10,99.3366
2015-04-02,TJS,9.75079,10,97.5079
2015-04-03,TJS,9.655429999999999,10,96.5543
2015-04-04,TJS,9.61596,10,96.1596
2015-04-07,TJS,9.57494,10,95.7494
2015-04-08,TJS,9.302760000000001,10,93.0276
2015-04-09,TJS,9.08322,10,90.8322
2015-04-10,TJS,8.7733,10,87.733
2015-04-11,TJS,8.30992,10,83.0992
2015-04-14,TJS,8.72973,10,87.2973
2015-04-15,TJS,8.63299,10,86.3299
2015-04-16,TJS,8.38856,10,83.8856
2015-04-17,TJS,8.23168,10,82.3168
2015-04-18,TJS,8.3183,10,83.183
2015-04-21,TJS,8.41429,10,84.1429
2015-04-22,TJS,8.79752,10,87.9752
2015-04-23,TJS,8.7458,10,87.458
2015-04-24,TJS,8.41094,10,84.1094
2015-04-25,TJS,8.19027,10,81.9027
2015-04-28,TJS,8.38941,10,83.8941
2015-04-29,TJS,8.52622,10,85.2622
2015-04-30,TJS,8.42822,10,84.2822
2015-05-01,TJS,8.18876,10,81.8876
2015-05-06,TJS,8.28941,10,82.8941
2015-05-07,TJS,7.94178,10,79.4178
2015-05-08,TJS,8.00151,10,80.0151
2015-05-09,TJS,8.06469,10,80.6469
2015-05-13,TJS,8.09598,10,80.9598
2015-05-14,TJS,7.8743300000000005,10,78.7433
2015-05-15,TJS,7.960420000000001,10,79.6042
2015-05-16,TJS,7.953480000000001,10,79.5348
2015-05-19,TJS,7.827209999999999,10,78.2721
2015-05-20,TJS,7.82026,10,78.2026
2015-05-21,TJS,7.91793,10,79.1793
2015-05-22,TJS,7.93836,10,79.3836
2015-05-23,TJS,7.92685,10,79.2685
2015-05-26,TJS,7.939069999999999,10,79.3907
2015-05-27,TJS,8.01247,10,80.1247
2015-05-28,TJS,8.14265,10,81.4265
2015-05-29,TJS,8.34648,10,83.4648
2015-05-30,TJS,8.45584,10,84.5584
2015-06-02,TJS,8.42781,10,84.2781
2015-06-03,TJS,8.52673,10,85.2673
2015-06-04,TJS,8.4729,10,84.729
2015-06-05,TJS,8.78237,10,87.8237
2015-06-06,TJS,8.98288,10,89.8288
2015-06-09,TJS,8.95049,10,89.5049
2015-06-10,TJS,8.92632,10,89.2632
2015-06-11,TJS,8.7526,10,87.526
2015-06-12,TJS,8.71062,10,87.1062
2015-06-16,TJS,8.82874,10,88.2874
2015-06-17,TJS,8.63342,10,86.3342
2015-06-18,TJS,8.61158,10,86.1158
2015-06-19,TJS,8.52123,10,85.2123
2015-06-20,TJS,8.58817,10,85.8817
2015-06-23,TJS,8.549949999999999,10,85.4995
2015-06-24,TJS,8.65944,10,86.5944
2015-06-25,TJS,8.63881,10,86.3881
2015-06-26,TJS,8.72455,10,87.2455
2015-06-27,TJS,8.74972,10,87.4972
2015-06-30,TJS,8.86328,10,88.6328
2015-07-01,TJS,8.91464,10,89.1464
2015-07-02,TJS,8.85555,10,88.5555
2015-07-03,TJS,8.88498,10,88.8498
2015-07-04,TJS,8.87718,10,88.7718
2015-07-07,TJS,9.00634,10,90.0634
2015-07-08,TJS,9.133880000000001,10,91.3388
2015-07-09,TJS,9.13359,10,91.3359
2015-07-10,TJS,9.095749999999999,10,90.9575
2015-07-11,TJS,9.04958,10,90.4958
2015-07-14,TJS,9.04063,10,90.4063
2015-07-15,TJS,9.095279999999999,10,90.9528
2015-07-16,TJS,9.04457,10,90.4457
2015-07-17,TJS,9.09097,10,90.9097
2015-07-18,TJS,9.07372,10,90.7372
2015-07-21,TJS,9.07305,10,90.7305
2015-07-22,TJS,9.100449999999999,10,91.0045
2015-07-23,TJS,9.10259,10,91.0259
2015-07-24,TJS,9.156740000000001,10,91.5674
2015-07-25,TJS,9.26449,10,92.6449
2015-07-28,TJS,9.383289999999999,10,93.8329
2015-07-29,TJS,9.613389999999999,10,96.1339
2015-07-30,TJS,9.547360000000001,10,95.4736
2015-07-31,TJS,9.42417,10,94.2417
2015-08-01,TJS,9.64144,10,96.4144
2015-08-04,TJS,9.9717,10,99.717
2015-08-05,TJS,10.0428,1,10.0428
2015-08-06,TJS,10.0117,1,10.0117
2015-08-07,TJS,10.1947,1,10.1947
2015-08-08,TJS,10.1899,1,10.1899
2015-08-11,TJS,10.2957,1,10.2957
2015-08-12,TJS,10.091,1,10.091
2015-08-13,TJS,10.3819,1,10.3819
2015-08-14,TJS,10.2202,1,10.2202
2015-08-15,TJS,10.3699,1,10.3699
2015-08-18,TJS,10.4321,1,10.4321
2015-08-19,TJS,10.4848,1,10.4848
2015-08-20,TJS,10.4687,1,10.4687
2015-08-21,TJS,10.638,1,10.638
2015-08-22,TJS,10.8233,1,10.8233
2015-08-25,TJS,11.2425,1,11.2425
2015-08-26,TJS,11.1158,1,11.1158
2015-08-27,TJS,11.0171,1,11.0171
2015-08-28,TJS,10.7221,1,10.7221
2015-08-29,TJS,10.6178,1,10.6178
2015-09-01,TJS,10.6565,1,10.6565
2015-09-02,TJS,10.4401,1,10.4401
2015-09-03,TJS,10.6519,1,10.6519
2015-09-04,TJS,10.7054,1,10.7054
2015-09-05,TJS,10.8123,1,10.8123
2015-09-08,TJS,10.9394,1,10.9394
2015-09-09,TJS,10.9885,1,10.9885
2015-09-10,TJS,10.6332,1,10.6332
2015-09-11,TJS,10.7698,1,10.7698
2015-09-12,TJS,10.6966,1,10.6966
2015-09-15,TJS,10.6893,1,10.6893
2015-09-16,TJS,10.5627,1,10.5627
2015-09-17,TJS,10.3708,1,10.3708
2015-09-18,TJS,10.2827,1,10.2827
2015-09-19,TJS,10.3283,1,10.3283
2015-09-22,TJS,10.4076,1,10.4076
2015-09-23,TJS,10.3116,1,10.3116
2015-09-24,TJS,10.2924,1,10.2924
2015-09-25,TJS,10.3614,1,10.3614
2015-09-26,TJS,10.2294,1,10.2294
2015-09-29,TJS,10.213,1,10.213
2015-09-30,TJS,10.3213,1,10.3213
2015-10-01,TJS,10.2505,1,10.2505
2015-10-02,TJS,10.1417,1,10.1417
2015-10-03,TJS,10.2833,1,10.2833
2015-10-06,TJS,10.2339,1,10.2339
2015-10-07,TJS,10.1522,1,10.1522
2015-10-08,TJS,9.72715,10,97.2715
2015-10-09,TJS,9.6453,10,96.453
2015-10-10,TJS,9.48939,10,94.8939
2015-10-13,TJS,9.46649,10,94.6649
2015-10-14,TJS,9.6329,10,96.329
2015-10-15,TJS,9.69659,10,96.9659
2015-10-16,TJS,9.56192,10,95.6192
2015-10-17,TJS,9.4253,10,94.253
2015-10-20,TJS,9.4388,10,94.388
2015-10-21,TJS,9.54943,10,95.4943
2015-10-22,TJS,9.62294,10,96.2294
2015-10-23,TJS,9.646460000000001,10,96.4646
2015-10-24,TJS,9.5143,10,95.143
2015-10-27,TJS,9.60341,10,96.0341
2015-10-28,TJS,9.75878,10,97.5878
2015-10-29,TJS,10.037,1,10.037
2015-10-30,TJS,9.86375,10,98.6375
2015-10-31,TJS,9.88927,10,98.8927
2015-11-03,TJS,9.8002,10,98.002
2015-11-04,TJS,9.80913,10,98.0913
2015-11-06,TJS,9.57329,10,95.7329
2015-11-07,TJS,9.61619,10,96.1619
2015-11-10,TJS,9.76451,10,97.6451
2015-11-11,TJS,9.72377,10,97.2377
2015-11-12,TJS,9.75146,10,97.5146
2015-11-13,TJS,9.88434,10,98.8434
2015-11-14,TJS,10.0626,1,10.0626
2015-11-17,TJS,10.0371,1,10.0371
2015-11-18,TJS,9.98931,10,99.8931
2015-11-19,TJS,10.0776,1,10.0776
2015-11-20,TJS,10.0986,1,10.0986
2015-11-21,TJS,10.0914,1,10.0914
2015-11-24,TJS,10.2049,1,10.2049
2015-11-25,TJS,10.2089,1,10.2089
2015-11-26,TJS,9.903789999999999,10,99.0379
2015-11-27,TJS,9.935500000000001,10,99.355
2015-11-28,TJS,10.0196,1,10.0196
2015-12-01,TJS,10.0956,1,10.0956
2015-12-02,TJS,10.0232,1,10.0232
2015-12-03,TJS,10.3537,1,10.3537
2015-12-04,TJS,10.6188,1,10.6188
2015-12-05,TJS,10.0022,1,10.0022
2015-12-08,TJS,10.128,1,10.128
2015-12-09,TJS,10.2443,1,10.2443
2015-12-10,TJS,10.2299,1,10.2299
2015-12-11,TJS,10.2321,1,10.2321
2015-12-12,TJS,10.4337,1,10.4337
2015-12-15,TJS,10.5919,1,10.5919
2015-12-16,TJS,10.684,1,10.684
2015-12-17,TJS,10.6186,1,10.6186
2015-12-18,TJS,10.6464,1,10.6464
2015-12-19,TJS,10.7785,1,10.7785
2015-12-22,TJS,10.7701,1,10.7701
2015-12-23,TJS,10.7507,1,10.7507
2015-12-24,TJS,10.7231,1,10.7231
2015-12-25,TJS,10.5089,1,10.5089
2015-12-26,TJS,10.6227,1,10.6227
2015-12-29,TJS,10.7009,1,10.7009
2015-12-30,TJS,10.9361,1,10.9361
2015-12-31,TJS,10.9929,1,10.9929
2016-01-01,TJS,10.8907,1,10.8907
2016-01-12,TJS,10.4622,1,10.4622
2016-01-13,TJS,10.5668,1,10.5668
2016-01-14,TJS,10.4395,1,10.4395
2016-01-15,TJS,10.4797,1,10.4797
2016-01-16,TJS,10.4142,1,10.4142
2016-01-19,TJS,10.5609,1,10.5609
2016-01-20,TJS,10.5365,1,10.5365
2016-01-21,TJS,10.5205,1,10.5205
2016-01-22,TJS,11.0018,1,11.0018
2016-01-23,TJS,10.538,1,10.538
2016-01-26,TJS,10.1751,1,10.1751
2016-01-27,TJS,10.5531,1,10.5531
2016-01-28,TJS,10.1847,1,10.1847
2016-01-29,TJS,9.89416,10,98.9416
2016-01-30,TJS,9.57975,10,95.7975
2016-02-02,TJS,9.72881,10,97.2881
2016-02-03,TJS,9.934000000000001,10,99.34
2016-02-04,TJS,10.106,1,10.106
2016-02-05,TJS,9.75167,10,97.5167
2016-02-06,TJS,9.86139,10,98.6139
2016-02-09,TJS,9.79938,10,97.9938
2016-02-10,TJS,10.0313,1,10.0313
2016-02-11,TJS,10.0815,1,10.0815
2016-02-12,TJS,10.0969,1,10.0969
2016-02-13,TJS,10.1455,1,10.1455
2016-02-16,TJS,9.94619,10,99.4619
2016-02-17,TJS,9.750620000000001,10,97.5062
2016-02-18,TJS,9.89266,10,98.9266
2016-02-19,TJS,9.58714,10,95.8714
2016-02-20,TJS,9.697230000000001,10,96.9723
2016-02-21,TJS,9.801210000000001,10,98.0121
2016-02-25,TJS,9.71857,10,97.1857
2016-02-26,TJS,9.7384,10,97.384
2016-02-27,TJS,9.57235,10,95.7235
2016-03-01,TJS,9.67611,10,96.7611
2016-03-02,TJS,9.44983,10,94.4983
2016-03-03,TJS,9.35463,10,93.5463
2016-03-04,TJS,9.38105,10,93.8105
2016-03-05,TJS,9.2974,10,92.974
2016-03-10,TJS,9.191379999999999,10,91.9138
2016-03-11,TJS,9.029259999999999,10,90.2926
2016-03-12,TJS,8.93283,10,89.3283
2016-03-15,TJS,8.91696,10,89.1696
2016-03-16,TJS,8.96268,10,89.6268
2016-03-17,TJS,9.0197,10,90.197
2016-03-18,TJS,8.70656,10,87.0656
2016-03-19,TJS,8.6866,10,86.866
2016-03-22,TJS,8.738150000000001,10,87.3815
2016-03-23,TJS,8.6246,10,86.246
2016-03-24,TJS,8.60736,10,86.0736
2016-03-25,TJS,8.772310000000001,10,87.7231
2016-03-26,TJS,8.70946,10,87.0946
2016-03-29,TJS,8.61637,10,86.1637
2016-03-30,TJS,8.73244,10,87.3244
2016-03-31,TJS,8.58727,10,85.8727
2016-04-01,TJS,8.62256,10,86.2256
2016-04-02,TJS,8.53288,10,85.3288
2016-04-05,TJS,8.72843,10,87.2843
2016-04-06,TJS,8.75629,10,87.5629
2016-04-07,TJS,8.75428,10,87.5428
2016-04-08,TJS,8.66159,10,86.6159
2016-04-09,TJS,8.619679999999999,10,86.1968
2016-04-12,TJS,8.57663,10,85.7663
2016-04-13,TJS,8.47759,10,84.7759
2016-04-14,TJS,8.40226,10,84.0226
2016-04-15,TJS,8.49564,10,84.9564
2016-04-16,TJS,8.437909999999999,10,84.3791
2016-04-19,TJS,8.69657,10,86.9657
2016-04-20,TJS,8.36273,10,83.6273
2016-04-21,TJS,8.316930000000001,10,83.1693
2016-04-22,TJS,8.220659999999999,10,82.2066
2016-04-23,TJS,8.350539999999999,10,83.5054
2016-04-26,TJS,8.40221,10,84.0221
2016-04-27,TJS,8.45506,10,84.5506
2016-04-28,TJS,8.2327,10,82.327
2016-04-29,TJS,8.27098,10,82.7098
2016-04-30,TJS,8.17295,10,81.7295
2016-05-05,TJS,8.39264,10,83.9264
2016-05-06,TJS,8.36987,10,83.6987
2016-05-07,TJS,8.40864,10,84.0864
2016-05-11,TJS,8.42642,10,84.2642
2016-05-12,TJS,8.41606,10,84.1606
2016-05-13,TJS,8.25369,10,82.5369
2016-05-14,TJS,8.25039,10,82.5039
2016-05-17,TJS,8.2457,10,82.457
2016-05-18,TJS,8.2063,10,82.063
2016-05-19,TJS,8.2763,10,82.763
2016-05-20,TJS,8.41469,10,84.1469
2016-05-21,TJS,8.407540000000001,10,84.0754
2016-05-24,TJS,8.550889999999999,10,85.5089
2016-05-25,TJS,8.552209999999999,10,85.5221
2016-05-26,TJS,8.37825,10,83.7825
2016-05-27,TJS,8.31712,10,83.1712
2016-05-28,TJS,8.39686,10,83.9686
2016-05-31,TJS,8.428889999999999,10,84.2889
2016-06-01,TJS,8.39113,10,83.9113
2016-06-02,TJS,8.49689,10,84.9689
2016-06-03,TJS,8.48146,10,84.8146
2016-06-04,TJS,8.50005,10,85.0005
2016-06-07,TJS,8.35421,10,83.5421
2016-06-08,TJS,8.31216,10,83.1216
2016-06-09,TJS,8.24996,10,82.4996
2016-06-10,TJS,8.12495,10,81.2495
2016-06-11,TJS,8.253530000000001,10,82.5353
2016-06-15,TJS,8.400839999999999,10,84.0084
2016-06-16,TJS,8.41297,10,84.1297
2016-06-17,TJS,8.36872,10,83.6872
2016-06-18,TJS,8.3151,10,83.151
2016-06-21,TJS,8.14098,10,81.4098
2016-06-22,TJS,8.16467,10,81.6467
2016-06-23,TJS,8.12189,10,81.2189
2016-06-24,TJS,8.18857,10,81.8857
2016-06-25,TJS,8.34229,10,83.4229
2016-06-28,TJS,8.32486,10,83.2486
2016-06-29,TJS,8.26652,10,82.6652
2016-06-30,TJS,8.196110000000001,10,81.9611
2016-07-01,TJS,8.185649999999999,10,81.8565
2016-07-02,TJS,8.144589999999999,10,81.4459
2016-07-05,TJS,8.123009999999999,10,81.2301
2016-07-06,TJS,8.202630000000001,10,82.0263
2016-07-07,TJS,8.23894,10,82.3894
2016-07-08,TJS,8.16964,10,81.6964
2016-07-09,TJS,8.17935,10,81.7935
2016-07-12,TJS,8.18386,10,81.8386
2016-07-13,TJS,8.15608,10,81.5608
2016-07-14,TJS,8.14453,10,81.4453
2016-07-15,TJS,8.11711,10,81.1711
2016-07-16,TJS,8.05736,10,80.5736
2016-07-19,TJS,8.04018,10,80.4018
2016-07-20,TJS,8.02409,10,80.2409
2016-07-21,TJS,8.06849,10,80.6849
2016-07-22,TJS,8.10907,10,81.0907
2016-07-23,TJS,8.227500000000001,10,82.275
2016-07-26,TJS,8.28041,10,82.8041
2016-07-27,TJS,8.38531,10,83.8531
2016-07-28,TJS,8.38217,10,83.8217
2016-07-29,TJS,8.41126,10,84.1126
2016-07-30,TJS,8.52526,10,85.2526
2016-08-02,TJS,7.88232,10,78.8232
2016-08-03,TJS,8.4983,10,84.983
2016-08-04,TJS,8.48056,10,84.8056
2016-08-05,TJS,8.46324,10,84.6324
2016-08-06,TJS,8.33601,10,83.3601
2016-08-09,TJS,8.27462,10,82.7462
2016-08-10,TJS,8.22142,10,82.2142
2016-08-11,TJS,8.22509,10,82.2509
2016-08-12,TJS,8.247580000000001,10,82.4758
2016-08-13,TJS,8.1697,10,81.697
2016-08-16,TJS,8.15853,10,81.5853
2016-08-17,TJS,8.11566,10,81.1566
2016-08-18,TJS,8.157340000000001,10,81.5734
2016-08-19,TJS,8.06968,10,80.6968
2016-08-20,TJS,8.124410000000001,10,81.2441
2016-08-23,TJS,8.18455,10,81.8455
2016-08-24,TJS,8.23763,10,82.3763
2016-08-25,TJS,8.26182,10,82.6182
2016-08-26,TJS,8.27864,10,82.7864
2016-08-27,TJS,8.22592,10,82.2592
2016-08-30,TJS,8.295860000000001,10,82.9586
2016-08-31,TJS,8.268429999999999,10,82.6843
2016-09-01,TJS,8.31255,10,83.1255
2016-09-02,TJS,8.307649999999999,10,83.0765
2016-09-03,TJS,8.353629999999999,10,83.5363
2016-09-06,TJS,8.25024,10,82.5024
2016-09-07,TJS,8.25868,10,82.5868
2016-09-08,TJS,8.13397,10,81.3397
2016-09-09,TJS,8.123560000000001,10,81.2356
2016-09-10,TJS,8.14741,10,81.4741
2016-09-13,TJS,8.261759999999999,10,82.6176
2016-09-14,TJS,8.20382,10,82.0382
2016-09-15,TJS,8.26112,10,82.6112
2016-09-16,TJS,8.29205,10,82.9205
2016-09-17,TJS,8.27422,10,82.7422
2016-09-20,TJS,8.24347,10,82.4347
2016-09-21,TJS,8.20676,10,82.0676
2016-09-22,TJS,8.18576,10,81.8576
2016-09-23,TJS,8.08033,10,80.8033
2016-09-24,TJS,8.099450000000001,10,80.9945
2016-09-27,TJS,8.15647,10,81.5647
2016-09-28,TJS,8.06229,10,80.6229
2016-09-29,TJS,8.11045,10,81.1045
2016-09-30,TJS,8.02517,10,80.2517
2016-10-01,TJS,8.070780000000001,10,80.7078
2016-10-04,TJS,7.942570000000001,10,79.4257
2016-10-05,TJS,7.92791,10,79.2791
2016-10-06,TJS,7.91613,10,79.1613
2016-10-07,TJS,7.92757,10,79.2757
2016-10-08,TJS,7.911499999999999,10,79.115
2016-10-11,TJS,7.93241,10,79.3241
2016-10-12,TJS,7.89272,10,78.9272
2016-10-13,TJS,7.962999999999999,10,79.63
2016-10-14,TJS,8.05423,10,80.5423
2016-10-15,TJS,8.02464,10,80.2464
2016-10-18,TJS,8.01409,10,80.1409
2016-10-19,TJS,8.00127,10,80.0127
2016-10-20,TJS,7.972499999999999,10,79.725
2016-10-21,TJS,7.9464500000000005,10,79.4645
2016-10-22,TJS,7.925109999999999,10,79.2511
2016-10-25,TJS,7.91793,10,79.1793
2016-10-26,TJS,7.88412,10,78.8412
2016-10-27,TJS,7.911020000000001,10,79.1102
2016-10-28,TJS,8.02545,10,80.2545
2016-10-29,TJS,7.9826999999999995,10,79.827
2016-11-01,TJS,8.03271,10,80.3271
2016-11-02,TJS,8.041030000000001,10,80.4103
2016-11-03,TJS,8.05802,10,80.5802
2016-11-04,TJS,8.05637,10,80.5637
2016-11-08,TJS,8.112649999999999,10,81.1265
2016-11-09,TJS,8.08325,10,80.8325
2016-11-10,TJS,8.13403,10,81.3403
2016-11-11,TJS,8.04773,10,80.4773
2016-11-12,TJS,8.292019999999999,10,82.9202
2016-11-15,TJS,8.34187,10,83.4187
2016-11-16,TJS,8.31966,10,83.1966
2016-11-17,TJS,8.20678,10,82.0678
2016-11-18,TJS,8.25896,10,82.5896
2016-11-19,TJS,8.25647,10,82.5647
2016-11-22,TJS,8.16208,10,81.6208
2016-11-23,TJS,8.06952,10,80.6952
2016-11-24,TJS,8.11778,10,81.1778
2016-11-25,TJS,8.19631,10,81.9631
2016-11-26,TJS,8.19498,10,81.9498
2016-11-29,TJS,8.24845,10,82.4845
2016-11-30,TJS,8.26271,10,82.6271
2016-12-01,TJS,8.258,10,82.58
2016-12-02,TJS,8.10187,10,81.0187
2016-12-03,TJS,8.12575,10,81.2575
2016-12-06,TJS,8.10193,10,81.0193
2016-12-07,TJS,8.09045,10,80.9045
2016-12-08,TJS,8.115730000000001,10,81.1573
2016-12-09,TJS,8.034229999999999,10,80.3423
2016-12-10,TJS,8.02826,10,80.2826
2016-12-13,TJS,7.829680000000001,10,78.2968
2016-12-14,TJS,7.769589999999999,10,77.6959
2016-12-15,TJS,7.70696,10,77.0696
2016-12-16,TJS,7.82362,10,78.2362
2016-12-17,TJS,7.83152,10,78.3152
2016-12-20,TJS,7.851730000000001,10,78.5173
2016-12-21,TJS,7.83725,10,78.3725
2016-12-22,TJS,7.74515,10,77.4515
2016-12-23,TJS,7.72387,10,77.2387
2016-12-24,TJS,7.74209,10,77.4209
2016-12-27,TJS,7.7197000000000005,10,77.197
2016-12-28,TJS,7.7182900000000005,10,77.1829
2016-12-29,TJS,7.69885,10,76.9885
2016-12-30,TJS,7.64401,10,76.4401
2016-12-31,TJS,7.68295,10,76.8295
2017-01-10,TJS,7.605849999999999,10,76.0585
2017-01-11,TJS,7.60346,10,76.0346
2017-01-12,TJS,7.654120000000001,10,76.5412
2017-01-13,TJS,7.555280000000001,10,75.5528
2017-01-14,TJS,7.52949,10,75.2949
2017-01-17,TJS,7.549930000000001,10,75.4993
2017-01-18,TJS,7.552639999999999,10,75.5264
2017-01-19,TJS,7.501009999999999,10,75.0101
2017-01-20,TJS,7.50106,10,75.0106
2017-01-21,TJS,7.545959999999999,10,75.4596
2017-01-24,TJS,7.536849999999999,10,75.3685
2017-01-25,TJS,7.483960000000001,10,74.8396
2017-01-26,TJS,7.47774,10,74.7774
2017-01-27,TJS,7.525,10,75.25
2017-01-28,TJS,7.62574,10,76.2574
2017-01-31,TJS,7.57705,10,75.7705
2017-02-01,TJS,7.6009,10,76.009
2017-02-02,TJS,7.5957099999999995,10,75.9571
2017-02-03,TJS,7.569190000000001,10,75.6919
2017-02-04,TJS,7.48438,10,74.8438
2017-02-07,TJS,7.3991299999999995,10,73.9913
2017-02-08,TJS,7.46919,10,74.6919
2017-02-09,TJS,7.50005,10,75.0005
2017-02-10,TJS,7.438370000000001,10,74.3837
2017-02-11,TJS,7.425320000000001,10,74.2532
2017-02-14,TJS,7.317189999999999,10,73.1719
2017-02-15,TJS,7.24906,10,72.4906
2017-02-16,TJS,7.08763,10,70.8763
2017-02-17,TJS,7.16174,10,71.6174
2017-02-18,TJS,7.17736,10,71.7736
2017-02-21,TJS,7.2439800000000005,10,72.4398
2017-02-22,TJS,7.0473799999999995,10,70.4738
2017-02-23,TJS,7.157680000000001,10,71.5768
2017-02-28,TJS,7.18823,10,71.8823
2017-03-01,TJS,7.21378,10,72.1378
2017-03-02,TJS,7.198220000000001,10,71.9822
2017-03-03,TJS,7.20181,10,72.0181
2017-03-04,TJS,7.25938,10,72.5938
2017-03-07,TJS,7.2912099999999995,10,72.9121
2017-03-08,TJS,7.20185,10,72.0185
2017-03-10,TJS,7.28116,10,72.8116
2017-03-11,TJS,7.274859999999999,10,72.7486
2017-03-14,TJS,7.22452,10,72.2452
2017-03-15,TJS,7.19829,10,71.9829
2017-03-16,TJS,7.22209,10,72.2209
2017-03-17,TJS,7.13771,10,71.3771
2017-03-18,TJS,7.06948,10,70.6948
2017-03-21,TJS,6.99447,10,69.9447
2017-03-22,TJS,7.03316,10,70.3316
2017-03-23,TJS,7.074590000000001,10,70.7459
2017-03-24,TJS,7.00643,10,70.0643
2017-03-25,TJS,7.03346,10,70.3346
2017-03-28,TJS,6.75032,10,67.5032
2017-03-29,TJS,6.89303,10,68.9303
2017-03-30,TJS,6.82106,10,68.2106
2017-03-31,TJS,6.82541,10,68.2541
2017-04-01,TJS,6.7058800000000005,10,67.0588
2017-04-04,TJS,6.75567,10,67.5567
2017-04-05,TJS,6.805280000000001,10,68.0528
2017-04-06,TJS,6.63194,10,66.3194
2017-04-07,TJS,6.631829999999999,10,66.3183
2017-04-08,TJS,6.74809,10,67.4809
2017-04-11,TJS,6.477379999999999,10,64.7738
2017-04-12,TJS,6.42835,10,64.2835
2017-04-13,TJS,6.40582,10,64.0582
2017-04-14,TJS,6.374090000000001,10,63.7409
2017-04-15,TJS,6.327,10,63.27
2017-04-18,TJS,6.33095,10,63.3095
2017-04-19,TJS,6.31108,10,63.1108
2017-04-20,TJS,6.329610000000001,10,63.2961
2017-04-21,TJS,6.3891800000000005,10,63.8918
2017-04-22,TJS,6.36094,10,63.6094
2017-04-25,TJS,6.36543,10,63.6543
2017-04-26,TJS,6.35328,10,63.5328
2017-04-27,TJS,6.409050000000001,10,64.0905
2017-04-28,TJS,6.4556,10,64.556
2017-04-29,TJS,6.4828,10,64.828
2017-05-03,TJS,6.45163,10,64.5163
2017-05-04,TJS,6.48044,10,64.8044
2017-05-05,TJS,6.53107,10,65.3107
2017-05-06,TJS,6.64075,10,66.4075
2017-05-11,TJS,6.58904,10,65.8904
2017-05-12,TJS,6.505249999999999,10,65.0525
2017-05-13,TJS,6.51071,10,65.1071
2017-05-16,TJS,6.43802,10,64.3802
2017-05-17,TJS,6.38234,10,63.8234
2017-05-18,TJS,6.464799999999999,10,64.648
2017-05-19,TJS,6.547969999999999,10,65.4797
2017-05-20,TJS,6.4991699999999994,10,64.9917
2017-05-23,TJS,6.40939,10,64.0939
2017-05-24,TJS,6.4439400000000004,10,64.4394
2017-05-25,TJS,6.38755,10,63.8755
2017-05-26,TJS,6.36076,10,63.6076
2017-05-27,TJS,6.44588,10,64.4588
2017-05-30,TJS,6.45907,10,64.5907
2017-05-31,TJS,6.411440000000001,10,64.1144
2017-06-01,TJS,6.430809999999999,10,64.3081
2017-06-02,TJS,6.411579999999999,10,64.1158
2017-06-03,TJS,6.430809999999999,10,64.3081
2017-06-06,TJS,6.4226,10,64.226
2017-06-07,TJS,6.440309999999999,10,64.4031
2017-06-08,TJS,6.430429999999999,10,64.3043
2017-06-09,TJS,6.46463,10,64.6463
2017-06-10,TJS,6.49226,10,64.9226
2017-06-14,TJS,6.4596599999999995,10,64.5966
2017-06-15,TJS,6.47336,10,64.7336
2017-06-16,TJS,6.54256,10,65.4256
2017-06-17,TJS,6.55401,10,65.5401
2017-06-20,TJS,6.57872,10,65.7872
2017-06-21,TJS,6.6491,10,66.491
2017-06-22,TJS,6.81044,10,68.1044
2017-06-23,TJS,6.853319999999999,10,68.5332
2017-06-24,TJS,6.77529,10,67.7529
2017-06-27,TJS,6.69535,10,66.9535
2017-06-28,TJS,6.682129999999999,10,66.8213
2017-06-29,TJS,6.7584,10,67.584
2017-06-30,TJS,6.70284,10,67.0284
2017-07-01,TJS,6.73695,10,67.3695
2017-07-04,TJS,6.68968,10,66.8968
2017-07-05,TJS,6.745959999999999,10,67.4596
2017-07-06,TJS,6.75879,10,67.5879
2017-07-07,TJS,6.83798,10,68.3798
2017-07-08,TJS,6.8496,10,68.496
2017-07-11,TJS,6.84465,10,68.4465
2017-07-12,TJS,6.89049,10,68.9049
2017-07-13,TJS,6.8772199999999994,10,68.7722
2017-07-14,TJS,6.85736,10,68.5736
2017-07-15,TJS,6.82011,10,68.2011
2017-07-18,TJS,6.7273,10,67.273
2017-07-19,TJS,6.735169999999999,10,67.3517
2017-07-20,TJS,6.7205699999999995,10,67.2057
2017-07-21,TJS,6.731870000000001,10,67.3187
2017-07-22,TJS,6.68548,10,66.8548
2017-07-25,TJS,6.7734499999999995,10,67.7345
2017-07-26,TJS,6.81576,10,68.1576
2017-07-27,TJS,6.807980000000001,10,68.0798
2017-07-28,TJS,6.769240000000001,10,67.6924
2017-07-29,TJS,6.7817300000000005,10,67.8173
2017-08-01,TJS,6.81376,10,68.1376
2017-08-02,TJS,6.81882,10,68.1882
2017-08-03,TJS,6.884310000000001,10,68.8431
2017-08-04,TJS,6.8956100000000005,10,68.9561
2017-08-05,TJS,6.87382,10,68.7382
2017-08-08,TJS,6.817310000000001,10,68.1731
2017-08-09,TJS,6.80915,10,68.0915
2017-08-10,TJS,6.802169999999999,10,68.0217
2017-08-11,TJS,6.8024000000000004,10,68.024
2017-08-12,TJS,6.8278300000000005,10,68.2783
2017-08-15,TJS,6.78763,10,67.8763
2017-08-16,TJS,6.79825,10,67.9825
2017-08-17,TJS,6.76819,10,67.6819
2017-08-18,TJS,6.721380000000001,10,67.2138
2017-08-19,TJS,6.734109999999999,10,67.3411
2017-08-22,TJS,6.71293,10,67.1293
2017-08-23,TJS,6.697629999999999,10,66.9763
2017-08-24,TJS,6.711830000000001,10,67.1183
2017-08-25,TJS,6.7089799999999995,10,67.0898
2017-08-26,TJS,6.70988,10,67.0988
2017-08-29,TJS,6.64174,10,66.4174
2017-08-30,TJS,6.64005,10,66.4005
2017-08-31,TJS,6.66636,10,66.6636
2017-09-01,TJS,6.64157,10,66.4157
2017-09-02,TJS,6.5908,10,65.908
2017-09-05,TJS,6.55865,10,65.5865
2017-09-06,TJS,6.56644,10,65.6644
2017-09-07,TJS,6.51947,10,65.1947
2017-09-08,TJS,6.482259999999999,10,64.8226
2017-09-09,TJS,6.46587,10,64.6587
2017-09-12,TJS,6.489369999999999,10,64.8937
2017-09-13,TJS,6.49638,10,64.9638
2017-09-14,TJS,6.5550299999999995,10,65.5503
2017-09-15,TJS,6.5667100000000005,10,65.6671
2017-09-16,TJS,6.53977,10,65.3977
2017-09-19,TJS,6.54077,10,65.4077
2017-09-20,TJS,6.598439999999999,10,65.9844
2017-09-21,TJS,6.612260000000001,10,66.1226
2017-09-22,TJS,6.61827,10,66.1827
2017-09-23,TJS,6.54401,10,65.4401
2017-09-26,TJS,6.54345,10,65.4345
2017-09-27,TJS,6.53687,10,65.3687
2017-09-28,TJS,6.59005,10,65.9005
2017-09-29,TJS,6.63173,10,66.3173
2017-09-30,TJS,6.59658,10,65.9658
2017-10-03,TJS,6.57344,10,65.7344
2017-10-04,TJS,6.58381,10,65.8381
2017-10-05,TJS,6.55882,10,65.5882
2017-10-06,TJS,6.532170000000001,10,65.3217
2017-10-07,TJS,6.56377,10,65.6377
2017-10-10,TJS,6.626720000000001,10,66.2672
2017-10-11,TJS,6.60134,10,66.0134
2017-10-12,TJS,6.58567,10,65.8567
2017-10-13,TJS,6.55906,10,65.5906
2017-10-14,TJS,6.54768,10,65.4768
2017-10-17,TJS,6.483369999999999,10,64.8337
2017-10-18,TJS,6.5148600000000005,10,65.1486
2017-10-19,TJS,6.5008099999999995,10,65.0081
2017-10-20,TJS,6.542109999999999,10,65.4211
2017-10-21,TJS,6.53543,10,65.3543
2017-10-24,TJS,6.52334,10,65.2334
2017-10-25,TJS,6.5400599999999995,10,65.4006
2017-10-26,TJS,6.544289999999999,10,65.4429
2017-10-27,TJS,6.5678600000000005,10,65.6786
2017-10-28,TJS,6.59663,10,65.9663
2017-10-31,TJS,6.56885,10,65.6885
2017-11-01,TJS,6.60543,10,66.0543
2017-11-02,TJS,6.6011,10,66.011
2017-11-03,TJS,6.59868,10,65.9868
2017-11-04,TJS,6.63219,10,66.3219
2017-11-08,TJS,6.64081,10,66.4081
2017-11-09,TJS,6.72509,10,67.2509
2017-11-10,TJS,6.729439999999999,10,67.2944
2017-11-11,TJS,6.72881,10,67.2881
2017-11-14,TJS,6.7206,10,67.206
2017-11-15,TJS,6.772920000000001,10,67.7292
2017-11-16,TJS,6.83095,10,68.3095
2017-11-17,TJS,6.80735,10,68.0735
2017-11-18,TJS,6.757219999999999,10,67.5722
2017-11-21,TJS,6.72048,10,67.2048
2017-11-22,TJS,6.745369999999999,10,67.4537
2017-11-23,TJS,6.70181,10,67.0181
2017-11-24,TJS,6.62867,10,66.2867
2017-11-25,TJS,6.63656,10,66.3656
2017-11-28,TJS,6.61115,10,66.1115
2017-11-29,TJS,6.6189800000000005,10,66.1898
2017-11-30,TJS,6.61725,10,66.1725
2017-12-01,TJS,6.64791,10,66.4791
2017-12-02,TJS,6.634269999999999,10,66.3427
2017-12-05,TJS,6.693720000000001,10,66.9372
2017-12-06,TJS,6.658240000000001,10,66.5824
2017-12-07,TJS,6.68498,10,66.8498
2017-12-08,TJS,6.72658,10,67.2658
2017-12-09,TJS,6.71451,10,67.1451
2017-12-12,TJS,6.71216,10,67.1216
2017-12-13,TJS,6.66905,10,66.6905
2017-12-14,TJS,6.7057400000000005,10,67.0574
2017-12-15,TJS,6.65249,10,66.5249
2017-12-16,TJS,6.67475,10,66.7475
2017-12-19,TJS,6.650879999999999,10,66.5088
2017-12-20,TJS,6.649089999999999,10,66.4909
2017-12-21,TJS,6.65348,10,66.5348
2017-12-22,TJS,6.6398600000000005,10,66.3986
2017-12-23,TJS,6.61545,10,66.1545
2017-12-26,TJS,6.602259999999999,10,66.0226
2017-12-27,TJS,6.54213,10,65.4213
2017-12-28,TJS,6.51093,10,65.1093
2017-12-29,TJS,6.5376199999999995,10,65.3762
2017-12-30,TJS,6.52634,10,65.2634
2018-01-10,TJS,6.471500000000001,10,64.715
2018-01-11,TJS,6.442100000000001,10,64.421
2018-01-12,TJS,6.461799999999999,10,64.618
2018-01-13,TJS,6.4210899999999995,10,64.2109
2018-01-16,TJS,6.38605,10,63.8605
2018-01-17,TJS,6.391,10,63.91
2018-01-18,TJS,6.420019999999999,10,64.2002
2018-01-19,TJS,6.430750000000001,10,64.3075
2018-01-20,TJS,6.41601,10,64.1601
2018-01-23,TJS,6.418229999999999,10,64.1823
2018-01-24,TJS,6.39949,10,63.9949
2018-01-25,TJS,6.38981,10,63.8981
2018-01-26,TJS,6.34473,10,63.4473
2018-01-27,TJS,6.3298000000000005,10,63.298
2018-01-30,TJS,6.38196,10,63.8196
2018-01-31,TJS,6.37718,10,63.7718
2018-02-01,TJS,6.37368,10,63.7368
2018-02-02,TJS,6.37609,10,63.7609
2018-02-03,TJS,6.34987,10,63.4987
2018-02-06,TJS,6.41748,10,64.1748
2018-02-07,TJS,6.491160000000001,10,64.9116
2018-02-08,TJS,6.460590000000001,10,64.6059
2018-02-09,TJS,6.53896,10,65.3896
2018-02-10,TJS,6.596639999999999,10,65.9664
2018-02-13,TJS,6.58163,10,65.8163
2018-02-14,TJS,6.54619,10,65.4619
2018-02-15,TJS,6.52895,10,65.2895
2018-02-16,TJS,6.4163,10,64.163
2018-02-17,TJS,6.3924,10,63.924
2018-02-20,TJS,6.38478,10,63.8478
2018-02-21,TJS,6.40454,10,64.0454
2018-02-22,TJS,6.42697,10,64.2697
2018-02-23,TJS,6.43211,10,64.3211
2018-02-27,TJS,6.33699,10,63.3699
2018-02-28,TJS,6.30534,10,63.0534
2018-03-01,TJS,6.39272,10,63.9272
2018-03-02,TJS,6.40197,10,64.0197
2018-03-03,TJS,6.420579999999999,10,64.2058
2018-03-06,TJS,6.475239999999999,10,64.7524
2018-03-07,TJS,6.4099900000000005,10,64.0999
2018-03-08,TJS,6.43471,10,64.3471
2018-03-13,TJS,6.41498,10,64.1498
2018-03-14,TJS,6.451949999999999,10,64.5195
2018-03-15,TJS,6.45913,10,64.5913
2018-03-16,TJS,6.46105,10,64.6105
2018-03-17,TJS,6.52231,10,65.2231
2018-03-20,TJS,6.525180000000001,10,65.2518
2018-03-21,TJS,6.539060000000001,10,65.3906
2018-03-22,TJS,6.513509999999999,10,65.1351
2018-03-23,TJS,6.43989,10,64.3989
2018-03-24,TJS,6.469530000000001,10,64.6953
2018-03-27,TJS,6.45937,10,64.5937
2018-03-28,TJS,6.47872,10,64.7872
2018-03-29,TJS,6.522360000000001,10,65.2236
2018-03-30,TJS,6.549049999999999,10,65.4905
2018-03-31,TJS,6.48725,10,64.8725
2018-04-03,TJS,6.49858,10,64.9858
2018-04-04,TJS,6.519830000000001,10,65.1983
2018-04-05,TJS,6.54927,10,65.4927
2018-04-06,TJS,6.5245999999999995,10,65.246
2018-04-07,TJS,6.55334,10,65.5334
2018-04-10,TJS,6.63699,10,66.3699
2018-04-11,TJS,7.06741,10,70.6741
2018-04-12,TJS,7.24076,10,72.4076
2018-04-13,TJS,7.025,10,70.25
2018-04-14,TJS,6.9503200000000005,10,69.5032
2018-04-17,TJS,7.03977,10,70.3977
2018-04-18,TJS,6.90129,10,69.0129
2018-04-19,TJS,6.95132,10,69.5132
2018-04-20,TJS,6.86888,10,68.6888
2018-04-21,TJS,6.90488,10,69.0488
2018-04-24,TJS,6.95479,10,69.5479
2018-04-25,TJS,6.9416899999999995,10,69.4169
2018-04-26,TJS,6.95141,10,69.5141
2018-04-27,TJS,7.04153,10,70.4153
2018-04-28,TJS,7.055400000000001,10,70.554
2018-04-29,TJS,6.974410000000001,10,69.7441
2018-05-04,TJS,7.07003,10,70.7003
2018-05-05,TJS,7.03831,10,70.3831
2018-05-08,TJS,6.9867099999999995,10,69.8671
2018-05-09,TJS,7.01922,10,70.1922
2018-05-11,TJS,6.96789,10,69.6789
2018-05-12,TJS,6.880129999999999,10,68.8013
2018-05-15,TJS,6.89764,10,68.9764
2018-05-16,TJS,6.90646,10,69.0646
2018-05-17,TJS,6.94187,10,69.4187
2018-05-18,TJS,6.88535,10,68.8535
2018-05-19,TJS,6.89864,10,68.9864
2018-05-22,TJS,6.9643299999999995,10,69.6433
2018-05-23,TJS,6.81799,10,68.1799
2018-05-24,TJS,6.8552599999999995,10,68.5526
2018-05-25,TJS,6.83499,10,68.3499
2018-05-26,TJS,6.862820000000001,10,68.6282
2018-05-29,TJS,6.9301699999999995,10,69.3017
2018-05-30,TJS,6.96951,10,69.6951
2018-05-31,TJS,6.960420000000001,10,69.6042
2018-06-01,TJS,6.89075,10,68.9075
2018-06-02,TJS,6.91081,10,69.1081
2018-06-05,TJS,6.86848,10,68.6848
2018-06-06,TJS,6.8736999999999995,10,68.737
2018-06-07,TJS,6.865489999999999,10,68.6549
2018-06-08,TJS,6.844029999999999,10,68.4403
2018-06-09,TJS,6.938750000000001,10,69.3875
2018-06-10,TJS,6.875069999999999,10,68.7507
2018-06-14,TJS,6.96073,10,69.6073
2018-06-15,TJS,6.85472,10,68.5472
2018-06-16,TJS,6.8987099999999995,10,68.9871
2018-06-19,TJS,6.984990000000001,10,69.8499
2018-06-20,TJS,7.0493,10,70.493
2018-06-21,TJS,6.986400000000001,10,69.864
2018-06-22,TJS,7.00505,10,70.0505
2018-06-23,TJS,6.94597,10,69.4597
2018-06-26,TJS,6.88893,10,68.8893
2018-06-27,TJS,6.87154,10,68.7154
2018-06-28,TJS,6.90689,10,69.0689
2018-06-29,TJS,6.9094999999999995,10,69.095
2018-06-30,TJS,6.83995,10,68.3995
2018-07-03,TJS,6.88994,10,68.8994
2018-07-04,TJS,6.902889999999999,10,69.0289
2018-07-05,TJS,6.885039999999999,10,68.8504
2018-07-06,TJS,6.886830000000001,10,68.8683
2018-07-07,TJS,6.872020000000001,10,68.7202
2018-07-10,TJS,6.8406899999999995,10,68.4069
2018-07-11,TJS,6.79798,10,67.9798
2018-07-12,TJS,6.7597,10,67.597
2018-07-13,TJS,6.77214,10,67.7214
2018-07-14,TJS,6.78164,10,67.8164
2018-07-17,TJS,6.6088700000000005,10,66.0887
2018-07-18,TJS,6.62794,10,66.2794
2018-07-19,TJS,6.8470699999999995,10,68.4707
2018-07-20,TJS,6.71705,10,67.1705
2018-07-21,TJS,6.7433700000000005,10,67.4337
2018-07-24,TJS,6.7122399999999995,10,67.1224
2018-07-25,TJS,6.679779999999999,10,66.7978
2018-07-26,TJS,6.696769999999999,10,66.9677
2018-07-27,TJS,6.68228,10,66.8228
2018-07-28,TJS,6.688540000000001,10,66.8854
2018-07-31,TJS,6.6646,10,66.646
2018-08-01,TJS,6.62238,10,66.2238
2018-08-02,TJS,6.64108,10,66.4108
2018-08-03,TJS,6.701600000000001,10,67.016
2018-08-04,TJS,6.73977,10,67.3977
2018-08-07,TJS,6.741429999999999,10,67.4143
2018-08-08,TJS,6.749070000000001,10,67.4907
2018-08-09,TJS,6.75106,10,67.5106
2018-08-10,TJS,7.03669,10,70.3669
2018-08-11,TJS,7.1019499999999995,10,71.0195
2018-08-14,TJS,7.246250000000001,10,72.4625
2018-08-15,TJS,7.086360000000001,10,70.8636
2018-08-16,TJS,7.04566,10,70.4566
2018-08-17,TJS,7.09742,10,70.9742
2018-08-18,TJS,7.1031,10,71.031
2018-08-21,TJS,7.1355,10,71.355
2018-08-22,TJS,7.12888,10,71.2888
2018-08-23,TJS,7.18176,10,71.8176
2018-08-24,TJS,7.270650000000001,10,72.7065
2018-08-25,TJS,7.19529,10,71.9529
2018-08-28,TJS,7.1584,10,71.584
2018-08-29,TJS,7.15784,10,71.5784
2018-08-30,TJS,7.23025,10,72.3025
2018-08-31,TJS,7.22778,10,72.2778
2018-09-01,TJS,7.2205200000000005,10,72.2052
2018-09-04,TJS,7.195359999999999,10,71.9536
2018-09-05,TJS,7.24597,10,72.4597
2018-09-06,TJS,7.27167,10,72.7167
2018-09-07,TJS,7.241429999999999,10,72.4143
2018-09-08,TJS,7.32399,10,73.2399
2018-09-11,TJS,7.414199999999999,10,74.142
2018-09-12,TJS,7.43223,10,74.3223
2018-09-13,TJS,7.38173,10,73.8173
2018-09-14,TJS,7.2843,10,72.843
2018-09-15,TJS,7.24676,10,72.4676
2018-09-18,TJS,7.243309999999999,10,72.4331
2018-09-19,TJS,7.18853,10,71.8853
2018-09-20,TJS,7.109789999999999,10,71.0979
2018-09-21,TJS,7.05279,10,70.5279
2018-09-22,TJS,7.02915,10,70.2915
2018-09-25,TJS,7.01956,10,70.1956
2018-09-26,TJS,6.984019999999999,10,69.8402
2018-09-27,TJS,6.984439999999999,10,69.8444
2018-09-28,TJS,6.98891,10,69.8891
2018-09-29,TJS,6.959210000000001,10,69.5921
2018-10-02,TJS,6.95987,10,69.5987
2018-10-03,TJS,6.92012,10,69.2012
2018-10-04,TJS,6.943569999999999,10,69.4357
2018-10-05,TJS,7.02666,10,70.2666
2018-10-06,TJS,7.071429999999999,10,70.7143
2018-10-09,TJS,7.10692,10,71.0692
2018-10-10,TJS,7.0454300000000005,10,70.4543
2018-10-11,TJS,7.02358,10,70.2358
2018-10-12,TJS,7.0939700000000006,10,70.9397
2018-10-13,TJS,7.00373,10,70.0373
2018-10-16,TJS,6.98362,10,69.8362
2018-10-17,TJS,6.95284,10,69.5284
2018-10-18,TJS,6.942950000000001,10,69.4295
2018-10-19,TJS,6.9807500000000005,10,69.8075
2018-10-20,TJS,6.98292,10,69.8292
2018-10-23,TJS,6.92944,10,69.2944
2018-10-24,TJS,6.92945,10,69.2945
2018-10-25,TJS,6.96494,10,69.6494
2018-10-26,TJS,6.983280000000001,10,69.8328
2018-10-27,TJS,6.96387,10,69.6387
2018-10-30,TJS,6.9828,10,69.828
2018-10-31,TJS,6.98092,10,69.8092
2018-11-01,TJS,6.95981,10,69.5981
2018-11-02,TJS,6.9680599999999995,10,69.6806
2018-11-03,TJS,6.95808,10,69.5808
2018-11-07,TJS,7.00268,10,70.0268
2018-11-08,TJS,7.01611,10,70.1611
2018-11-09,TJS,7.02783,10,70.2783
2018-11-10,TJS,7.0926599999999995,10,70.9266
2018-11-13,TJS,7.16448,10,71.6448
2018-11-14,TJS,7.17989,10,71.7989
2018-11-15,TJS,7.21872,10,72.1872
2018-11-16,TJS,7.06837,10,70.6837
2018-11-17,TJS,7.00341,10,70.0341
2018-11-20,TJS,7.00723,10,70.0723
2018-11-21,TJS,6.9588399999999995,10,69.5884
2018-11-22,TJS,6.9973399999999994,10,69.9734
2018-11-23,TJS,6.96114,10,69.6114
2018-11-24,TJS,6.97096,10,69.7096
2018-11-27,TJS,7.05647,10,70.5647
2018-11-28,TJS,7.08917,10,70.8917
2018-11-29,TJS,7.10654,10,71.0654
2018-11-30,TJS,7.0693399999999995,10,70.6934
2018-12-01,TJS,7.063,10,70.63
2018-12-04,TJS,7.036709999999999,10,70.3671
2018-12-05,TJS,7.053789999999999,10,70.5379
2018-12-06,TJS,7.093859999999999,10,70.9386
2018-12-07,TJS,7.0846800000000005,10,70.8468
2018-12-08,TJS,7.10809,10,71.0809
2018-12-11,TJS,7.027469999999999,10,70.2747
2018-12-12,TJS,7.063429999999999,10,70.6343
2018-12-13,TJS,7.051220000000001,10,70.5122
2018-12-14,TJS,7.02971,10,70.2971
2018-12-15,TJS,7.05241,10,70.5241
2018-12-18,TJS,7.0722700000000005,10,70.7227
2018-12-19,TJS,7.081740000000001,10,70.8174
2018-12-20,TJS,7.12065,10,71.2065
2018-12-21,TJS,7.151909999999999,10,71.5191
2018-12-22,TJS,7.219589999999999,10,72.1959
2018-12-25,TJS,7.258069999999999,10,72.5807
2018-12-26,TJS,7.29388,10,72.9388
2018-12-27,TJS,7.310460000000001,10,73.1046
2018-12-28,TJS,7.30689,10,73.0689
2018-12-29,TJS,7.372249999999999,10,73.7225
2018-12-30,TJS,7.365730000000001,10,73.6573
2019-01-10,TJS,7.109640000000001,10,71.0964
2019-01-11,TJS,7.08681,10,70.8681
2019-01-12,TJS,7.09239,10,70.9239
2019-01-15,TJS,7.12157,10,71.2157
2019-01-16,TJS,7.11368,10,71.1368
2019-01-17,TJS,7.07971,10,70.7971
2019-01-18,TJS,7.04227,10,70.4227
2019-01-19,TJS,7.02792,10,70.2792
2019-01-22,TJS,7.0374799999999995,10,70.3748
2019-01-23,TJS,7.04948,10,70.4948
2019-01-24,TJS,7.0263800000000005,10,70.2638
2019-01-25,TJS,6.9914000000000005,10,69.914
2019-01-26,TJS,6.990139999999999,10,69.9014
2019-01-29,TJS,6.9878100000000005,10,69.8781
2019-01-30,TJS,7.029529999999999,10,70.2953
2019-01-31,TJS,7.00941,10,70.0941
2019-02-01,TJS,6.93083,10,69.3083
2019-02-02,TJS,6.9629,10,69.629
2019-02-05,TJS,6.94884,10,69.4884
2019-02-06,TJS,6.94956,10,69.4956
2019-02-07,TJS,6.963800000000001,10,69.638
2019-02-08,TJS,7.001049999999999,10,70.0105
2019-02-09,TJS,7.00189,10,70.0189
2019-02-12,TJS,6.9536,10,69.536
2019-02-13,TJS,6.96499,10,69.6499
2019-02-14,TJS,6.96113,10,69.6113
2019-02-15,TJS,7.05651,10,70.5651
2019-02-16,TJS,7.06809,10,70.6809
2019-02-19,TJS,7.01888,10,70.1888
2019-02-20,TJS,7.02038,10,70.2038
2019-02-21,TJS,6.9760599999999995,10,69.7606
2019-02-22,TJS,6.94649,10,69.4649
2019-02-23,TJS,6.94131,10,69.4131
2019-02-26,TJS,6.91412,10,69.1412
2019-02-27,TJS,6.95476,10,69.5476
2019-02-28,TJS,6.9731700000000005,10,69.7317
2019-03-01,TJS,6.98352,10,69.8352
2019-03-02,TJS,6.973059999999999,10,69.7306
2019-03-05,TJS,6.977259999999999,10,69.7726
2019-03-06,TJS,6.97777,10,69.7777
2019-03-07,TJS,6.9746,10,69.746
2019-03-08,TJS,6.989700000000001,10,69.897
2019-03-12,TJS,7.0033199999999995,10,70.0332
2019-03-13,TJS,6.97427,10,69.7427
2019-03-14,TJS,6.955360000000001,10,69.5536
2019-03-15,TJS,6.9355400000000005,10,69.3554
2019-03-16,TJS,6.9319299999999995,10,69.3193
2019-03-19,TJS,6.8542000000000005,10,68.542
2019-03-20,TJS,6.815009999999999,10,68.1501
2019-03-21,TJS,6.80964,10,68.0964
2019-03-22,TJS,6.75247,10,67.5247
2019-03-23,TJS,6.75549,10,67.5549
2019-03-26,TJS,6.839799999999999,10,68.398
2019-03-27,TJS,6.8046999999999995,10,68.047
2019-03-28,TJS,6.849679999999999,10,68.4968
2019-03-29,TJS,6.86635,10,68.6635
2019-03-30,TJS,6.859310000000001,10,68.5931
2019-04-02,TJS,6.92873,10,69.2873
2019-04-03,TJS,6.93595,10,69.3595
2019-04-04,TJS,6.90478,10,69.0478
2019-04-05,TJS,6.92769,10,69.2769
2019-04-06,TJS,6.9323999999999995,10,69.324
2019-04-09,TJS,6.929989999999999,10,69.2999
2019-04-10,TJS,6.869199999999999,10,68.692
2019-04-11,TJS,6.8650400000000005,10,68.6504
2019-04-12,TJS,6.82917,10,68.2917
2019-04-13,TJS,6.84169,10,68.4169
2019-04-16,TJS,6.81303,10,68.1303
2019-04-17,TJS,6.8089200000000005,10,68.0892
2019-04-18,TJS,6.77355,10,67.7355
2019-04-19,TJS,6.79415,10,67.9415
2019-04-20,TJS,6.775799999999999,10,67.758
2019-04-23,TJS,6.7641599999999995,10,67.6416
2019-04-24,TJS,6.75762,10,67.5762
2019-04-25,TJS,6.78471,10,67.8471
2019-04-26,TJS,6.8589,10,68.589
2019-04-27,TJS,6.85307,10,68.5307
2019-04-30,TJS,6.85475,10,68.5475
2019-05-01,TJS,6.85381,10,68.5381
2019-05-07,TJS,6.92475,10,69.2475
2019-05-08,TJS,6.9122,10,69.122
2019-05-09,TJS,6.90945,10,69.0945
2019-05-14,TJS,6.937250000000001,10,69.3725
2019-05-15,TJS,6.91606,10,69.1606
2019-05-16,TJS,6.86973,10,68.6973
2019-05-17,TJS,6.840770000000001,10,68.4077
2019-05-18,TJS,6.8485,10,68.485
2019-05-21,TJS,6.83869,10,68.3869
2019-05-22,TJS,6.843819999999999,10,68.4382
2019-05-23,TJS,6.827299999999999,10,68.273
2019-05-24,TJS,6.83895,10,68.3895
2019-05-25,TJS,6.847969999999999,10,68.4797
2019-05-28,TJS,6.832389999999999,10,68.3239
2019-05-29,TJS,6.8476799999999995,10,68.4768
2019-05-30,TJS,6.88318,10,68.8318
2019-05-31,TJS,6.90274,10,69.0274
2019-06-01,TJS,6.92988,10,69.2988
2019-06-04,TJS,6.95172,10,69.5172
2019-06-05,TJS,6.90452,10,69.0452
2019-06-06,TJS,6.89905,10,68.9905
2019-06-07,TJS,6.909940000000001,10,69.0994
2019-06-08,TJS,6.89708,10,68.9708
2019-06-11,TJS,6.862309999999999,10,68.6231
2019-06-12,TJS,6.84155,10,68.4155
2019-06-14,TJS,6.85381,10,68.5381
2019-06-15,TJS,6.8290999999999995,10,68.291
2019-06-18,TJS,6.81703,10,68.1703
2019-06-19,TJS,6.818779999999999,10,68.1878
2019-06-20,TJS,6.78467,10,67.8467
2019-06-21,TJS,6.7143,10,67.143
2019-06-22,TJS,6.694540000000001,10,66.9454
2019-06-25,TJS,6.67121,10,66.7121
2019-06-26,TJS,6.63021,10,66.3021
2019-06-27,TJS,6.65695,10,66.5695
2019-06-28,TJS,6.67873,10,66.7873
2019-06-29,TJS,6.6852800000000006,10,66.8528
2019-07-02,TJS,6.67826,10,66.7826
2019-07-03,TJS,6.6995000000000005,10,66.995
2019-07-04,TJS,6.72568,10,67.2568
2019-07-05,TJS,6.71645,10,67.1645
2019-07-06,TJS,6.742749999999999,10,67.4275
2019-07-09,TJS,6.7730500000000005,10,67.7305
2019-07-10,TJS,6.762040000000001,10,67.6204
2019-07-11,TJS,6.765510000000001,10,67.6551
2019-07-12,TJS,6.67667,10,66.7667
2019-07-13,TJS,6.68297,10,66.8297
2019-07-16,TJS,6.66257,10,66.6257
2019-07-17,TJS,6.660970000000001,10,66.6097
2019-07-18,TJS,6.67498,10,66.7498
2019-07-19,TJS,6.66263,10,66.6263
2019-07-20,TJS,6.66666,10,66.6666
2019-07-23,TJS,6.6784300000000005,10,66.7843
2019-07-24,TJS,6.68754,10,66.8754
2019-07-25,TJS,6.693129999999999,10,66.9313
2019-07-26,TJS,6.6974800000000005,10,66.9748
2019-07-27,TJS,6.685989999999999,10,66.8599
2019-07-30,TJS,6.73249,10,67.3249
2019-07-31,TJS,6.72101,10,67.2101
2019-08-01,TJS,6.72148,10,67.2148
2019-08-02,TJS,6.7692499999999995,10,67.6925
2019-08-03,TJS,6.847849999999999,10,68.4785
2019-08-06,TJS,6.89152,10,68.9152
2019-08-07,TJS,6.90893,10,69.0893
2019-08-08,TJS,6.899120000000001,10,68.9912
2019-08-09,TJS,6.90667,10,69.0667
2019-08-10,TJS,6.91121,10,69.1121
2019-08-13,TJS,6.93042,10,69.3042
2019-08-14,TJS,6.9567,10,69.567
2019-08-15,TJS,6.914440000000001,10,69.1444
2019-08-16,TJS,6.98365,10,69.8365
2019-08-17,TJS,6.99853,10,69.9853
2019-08-20,TJS,7.06344,10,70.6344
2019-08-21,TJS,6.8885000000000005,10,68.885
2019-08-22,TJS,6.838290000000001,10,68.3829
2019-08-23,TJS,6.771890000000001,10,67.7189
2019-08-24,TJS,6.76685,10,67.6685
2019-08-27,TJS,6.80841,10,68.0841
2019-08-28,TJS,6.8380600000000005,10,68.3806
2019-08-29,TJS,6.850199999999999,10,68.502
2019-08-30,TJS,6.891800000000001,10,68.918
2019-08-31,TJS,6.865219999999999,10,68.6522
2019-09-03,TJS,6.879040000000001,10,68.7904
2019-09-04,TJS,6.904770000000001,10,69.0477
2019-09-05,TJS,6.86277,10,68.6277
2019-09-06,TJS,6.81835,10,68.1835
2019-09-07,TJS,6.81095,10,68.1095
2019-09-10,TJS,6.76626,10,67.6626
2019-09-11,TJS,6.753279999999999,10,67.5328
2019-09-12,TJS,6.752540000000001,10,67.5254
2019-09-13,TJS,6.729380000000001,10,67.2938
2019-09-14,TJS,6.65508,10,66.5508
2019-09-17,TJS,6.58861,10,65.8861
2019-09-18,TJS,6.61727,10,66.1727
2019-09-19,TJS,6.64902,10,66.4902
2019-09-20,TJS,6.62744,10,66.2744
2019-09-21,TJS,6.58913,10,65.8913
2019-09-24,TJS,6.5991,10,65.991
2019-09-25,TJS,6.57441,10,65.7441
2019-09-26,TJS,6.624079999999999,10,66.2408
2019-09-27,TJS,6.63455,10,66.3455
2019-09-28,TJS,6.64764,10,66.4764
2019-10-01,TJS,6.670869999999999,10,66.7087
2019-10-02,TJS,6.71486,10,67.1486
2019-10-03,TJS,6.75334,10,67.5334
2019-10-04,TJS,6.72149,10,67.2149
2019-10-05,TJS,6.709099999999999,10,67.091
2019-10-08,TJS,6.688599999999999,10,66.886
2019-10-09,TJS,6.69079,10,66.9079
2019-10-10,TJS,6.71802,10,67.1802
2019-10-11,TJS,6.681279999999999,10,66.8128
2019-10-12,TJS,6.62783,10,66.2783
2019-10-15,TJS,6.6420900000000005,10,66.4209
2019-10-16,TJS,6.6310400000000005,10,66.3104
2019-10-17,TJS,6.6404,10,66.404
2019-10-18,TJS,6.606229999999999,10,66.0623
2019-10-19,TJS,6.600020000000001,10,66.0002
2019-10-22,TJS,6.5800399999999994,10,65.8004
2019-10-23,TJS,6.566930000000001,10,65.6693
2019-10-24,TJS,6.58408,10,65.8408
2019-10-25,TJS,6.58704,10,65.8704
2019-10-26,TJS,6.6044,10,66.044
2019-10-29,TJS,6.591330000000001,10,65.9133
2019-10-30,TJS,6.58299,10,65.8299
2019-10-31,TJS,6.58828,10,65.8828
2019-11-01,TJS,6.57811,10,65.7811
2019-11-02,TJS,6.60801,10,66.0801
2019-11-06,TJS,6.52714,10,65.2714
2019-11-07,TJS,6.557899999999999,10,65.579
2019-11-08,TJS,6.57347,10,65.7347
2019-11-09,TJS,6.576829999999999,10,65.7683
2019-11-12,TJS,6.59568,10,65.9568
2019-11-13,TJS,6.585500000000001,10,65.855
2019-11-14,TJS,6.62206,10,66.2206
2019-11-15,TJS,6.620690000000001,10,66.2069
2019-11-16,TJS,6.587829999999999,10,65.8783
2019-11-19,TJS,6.57626,10,65.7626
2019-11-20,TJS,6.596500000000001,10,65.965
2019-11-21,TJS,6.60265,10,66.0265
2019-11-22,TJS,6.584059999999999,10,65.8406
2019-11-23,TJS,6.57144,10,65.7144
2019-11-26,TJS,6.582129999999999,10,65.8213
2019-11-27,TJS,6.603530000000001,10,66.0353
2019-11-28,TJS,6.59949,10,65.9949
2019-11-29,TJS,6.61225,10,66.1225
2019-11-30,TJS,6.61318,10,66.1318
2019-12-03,TJS,6.647029999999999,10,66.4703
2019-12-04,TJS,6.61518,10,66.1518
2019-12-05,TJS,6.621840000000001,10,66.2184
2019-12-06,TJS,6.5821,10,65.821
2019-12-07,TJS,6.58249,10,65.8249
2019-12-10,TJS,6.582420000000001,10,65.8242
2019-12-11,TJS,6.56602,10,65.6602
2019-12-12,TJS,6.55718,10,65.5718
2019-12-13,TJS,6.521469999999999,10,65.2147
2019-12-14,TJS,6.46156,10,64.6156
2019-12-17,TJS,6.48369,10,64.8369
2019-12-18,TJS,6.45931,10,64.5931
2019-12-19,TJS,6.464530000000001,10,64.6453
2019-12-20,TJS,6.45954,10,64.5954
2019-12-21,TJS,6.44635,10,64.4635
2019-12-24,TJS,6.422880000000001,10,64.2288
2019-12-25,TJS,6.4131,10,64.131
2019-12-26,TJS,6.3659300000000005,10,63.6593
2019-12-27,TJS,6.37108,10,63.7108
2019-12-28,TJS,6.39797,10,63.9797
2019-12-31,TJS,6.38862,10,63.8862
2020-01-01,TJS,6.3898,10,63.898
2020-01-10,TJS,6.3193,10,63.193
2020-01-11,TJS,6.31697,10,63.1697
2020-01-14,TJS,6.28447,10,62.8447
2020-01-15,TJS,6.33382,10,63.3382
2020-01-16,TJS,6.33981,10,63.3981
2020-01-17,TJS,6.35063,10,63.5063
2020-01-18,TJS,6.34691,10,63.4691
2020-01-21,TJS,6.34069,10,63.4069
2020-01-22,TJS,6.38025,10,63.8025
2020-01-23,TJS,6.37796,10,63.7796
2020-01-24,TJS,6.39334,10,63.9334
2020-01-25,TJS,6.37803,10,63.7803
2020-01-28,TJS,6.42991,10,64.2991
2020-01-29,TJS,6.47931,10,64.7931
2020-01-30,TJS,6.43576,10,64.3576
2020-01-31,TJS,6.5019,10,65.019
2020-02-01,TJS,6.51248,10,65.1248
2020-02-04,TJS,6.59196,10,65.9196
2020-02-05,TJS,6.54298,10,65.4298
2020-02-06,TJS,6.51428,10,65.1428
2020-02-07,TJS,6.4774,10,64.774
2020-02-08,TJS,6.54695,10,65.4695
2020-02-11,TJS,6.57912,10,65.7912
2020-02-12,TJS,6.59676,10,65.9676
2020-02-13,TJS,6.50338,10,65.0338
2020-02-14,TJS,6.56025,10,65.6025
2020-02-15,TJS,6.5439,10,65.439
2020-02-18,TJS,6.52894,10,65.2894
2020-02-19,TJS,6.5759,10,65.759
2020-02-20,TJS,6.56672,10,65.6672
2020-02-21,TJS,6.57384,10,65.7384
2020-02-22,TJS,6.63394,10,66.3394
2020-02-26,TJS,6.69982,10,66.9982
2020-02-27,TJS,6.75663,10,67.5663
2020-02-28,TJS,6.77646,10,67.7646
2020-02-29,TJS,6.91912,10,69.1912
2020-03-03,TJS,6.852,10,68.52
2020-03-04,TJS,6.86331,10,68.6331
2020-03-05,TJS,6.81572,10,68.1572
2020-03-06,TJS,6.83663,10,68.3663
2020-03-07,TJS,6.97423,10,69.7423
2020-03-11,TJS,7.43249,10,74.3249
2020-03-12,TJS,7.38271,10,73.8271
2020-03-13,TJS,7.6309,10,76.309
2020-03-14,TJS,7.54907,10,75.4907
2020-03-17,TJS,7.63008,10,76.3008
2020-03-18,TJS,7.59283,10,75.9283
2020-03-19,TJS,7.93027,10,79.3027
2020-03-20,TJS,8.2284,10,82.284
2020-03-21,TJS,8.00742,10,80.0742
2020-03-24,TJS,8.29426,10,82.9426
2020-03-25,TJS,7.73032,10,77.3032
2020-03-26,TJS,7.63049,10,76.3049
2020-03-27,TJS,7.71409,10,77.1409
2020-03-28,TJS,7.62457,10,76.2457
2020-04-07,TJS,7.48358,10,74.8358
2020-04-08,TJS,7.3903,10,73.903
2020-04-09,TJS,7.40468,10,74.0468
2020-04-10,TJS,7.2892,10,72.892
2020-04-11,TJS,7.20934,10,72.0934
2020-04-14,TJS,7.18363,10,71.8363
2020-04-15,TJS,7.16317,10,71.6317
2020-04-16,TJS,7.19517,10,71.9517
2020-04-17,TJS,7.29074,10,72.9074
2020-04-18,TJS,7.21758,10,72.1758
2020-04-21,TJS,7.28801,10,72.8801
2020-04-22,TJS,7.44144,10,74.4144
2020-04-23,TJS,7.51992,10,75.1992
2020-04-24,TJS,7.33145,10,73.3145
2020-04-25,TJS,7.29295,10,72.9295
2020-04-28,TJS,7.27145,10,72.7145
2020-04-29,TJS,7.28229,10,72.8229
2020-04-30,TJS,7.19272,10,71.9272
2020-05-01,TJS,7.09698,10,70.9698
2020-05-07,TJS,7.21853,10,72.1853
2020-05-08,TJS,7.23092,10,72.3092
2020-05-09,TJS,7.19654,10,71.9654
2020-05-13,TJS,7.15369,10,71.5369
2020-05-14,TJS,7.16649,10,71.6649
2020-05-15,TJS,7.20563,10,72.0563
2020-05-16,TJS,7.13157,10,71.3157
2020-05-19,TJS,7.11304,10,71.1304
2020-05-20,TJS,7.06434,10,70.6434
2020-05-21,TJS,7.0505,10,70.505
2020-05-22,TJS,6.9211,10,69.211
2020-05-23,TJS,7.01443,10,70.1443
2020-05-26,TJS,6.97139,10,69.7139
2020-05-27,TJS,6.94226,10,69.4226
2020-05-28,TJS,6.93472,10,69.3472
2020-05-29,TJS,6.92994,10,69.2994
2020-05-30,TJS,6.90432,10,69.0432
2020-06-02,TJS,6.80277,10,68.0277
2020-06-03,TJS,6.71532,10,67.1532
2020-06-04,TJS,6.65284,10,66.5284
2020-06-05,TJS,6.71843,10,67.1843
2020-06-06,TJS,6.67139,10,66.7139
2020-06-09,TJS,6.64517,10,66.4517
2020-06-10,TJS,6.67553,10,66.7553
2020-06-11,TJS,6.66521,10,66.6521
2020-06-12,TJS,6.71902,10,67.1902
2020-06-16,TJS,6.84111,10,68.4111
2020-06-17,TJS,6.77043,10,67.7043
2020-06-18,TJS,6.74094,10,67.4094
2020-06-19,TJS,6.75411,10,67.5411
2020-06-20,TJS,6.7497,10,67.497
2020-06-23,TJS,6.7427,10,67.427
2020-06-24,TJS,6.67678,10,66.7678
2020-06-25,TJS,6.6784,10,66.784
2020-06-26,TJS,6.74427,10,67.4427
2020-06-27,TJS,6.70661,10,67.0661
2020-06-30,TJS,6.78809,10,67.8809
2020-07-01,TJS,6.83398,10,68.3398
2020-07-02,TJS,6.83564,10,68.3564
2020-07-03,TJS,6.8416,10,68.416
2020-07-04,TJS,6.83967,10,68.3967
2020-07-07,TJS,6.9263,10,69.263
2020-07-08,TJS,7.01038,10,70.1038
2020-07-09,TJS,6.91127,10,69.1127
2020-07-10,TJS,6.87655,10,68.7655
2020-07-11,TJS,6.91048,10,69.1048
2020-07-14,TJS,6.86373,10,68.6373
2020-07-15,TJS,6.90223,10,69.0223
2020-07-16,TJS,6.86877,10,68.6877
2020-07-17,TJS,6.9106,10,69.106
2020-07-18,TJS,6.95745,10,69.5745
2020-07-21,TJS,6.9816,10,69.816
2020-07-22,TJS,6.89333,10,68.9333
2020-07-23,TJS,6.87263,10,68.7263
2020-07-24,TJS,6.8846,10,68.846
2020-07-25,TJS,6.94615,10,69.4615
2020-07-28,TJS,6.93989,10,69.3989
2020-07-29,TJS,6.97402,10,69.7402
2020-07-30,TJS,7.00289,10,70.0289
2020-07-31,TJS,7.11402,10,71.1402
2020-08-01,TJS,7.11838,10,71.1838
2020-08-04,TJS,7.19288,10,71.9288
2020-08-05,TJS,7.11397,10,71.1397
2020-08-06,TJS,7.106,10,71.06
2020-08-07,TJS,7.08264,10,70.8264
2020-08-08,TJS,7.14062,10,71.4062
2020-08-11,TJS,7.15394,10,71.5394
2020-08-12,TJS,7.09355,10,70.9355
2020-08-13,TJS,7.10331,10,71.0331
2020-08-14,TJS,7.13589,10,71.3589
2020-08-15,TJS,7.09798,10,70.9798
2020-08-18,TJS,7.07222,10,70.7222
2020-08-19,TJS,7.12242,10,71.2242
2020-08-20,TJS,7.09854,10,70.9854
2020-08-21,TJS,7.15009,10,71.5009
2020-08-22,TJS,7.18196,10,71.8196
2020-08-25,TJS,7.21283,10,72.1283
2020-08-26,TJS,7.22371,10,72.2371
2020-08-27,TJS,7.32311,10,73.2311
2020-08-28,TJS,7.29202,10,72.9202
2020-08-29,TJS,7.23414,10,72.3414
2020-09-01,TJS,7.15327,10,71.5327
2020-09-02,TJS,7.13724,10,71.3724
2020-09-03,TJS,7.15859,10,71.5859
2020-09-04,TJS,7.31634,10,73.1634
2020-09-05,TJS,7.28864,10,72.8864
2020-09-08,TJS,7.32116,10,73.2116
2020-09-09,TJS,7.3609,10,73.609
2020-09-10,TJS,7.36411,10,73.6411
2020-09-11,TJS,7.31323,10,73.1323
2020-09-12,TJS,7.25674,10,72.5674
2020-09-15,TJS,7.2363,10,72.363
2020-09-16,TJS,7.2857,10,72.857
2020-09-17,TJS,7.26045,10,72.6045
2020-09-18,TJS,7.28625,10,72.8625
2020-09-19,TJS,7.27053,10,72.7053
2020-09-22,TJS,7.36803,10,73.6803
2020-09-23,TJS,7.38703,10,73.8703
2020-09-24,TJS,7.39869,10,73.9869
2020-09-25,TJS,7.47849,10,74.7849
2020-09-26,TJS,7.44015,10,74.4015
2020-09-29,TJS,7.6195,10,76.195
2020-09-30,TJS,7.71763,10,77.1763
2020-10-01,TJS,7.63418,10,76.3418
2020-10-02,TJS,7.48449,10,74.8449
2020-10-03,TJS,7.56701,10,75.6701
2020-10-06,TJS,7.57055,10,75.7055
2020-10-07,TJS,7.60774,10,76.0774
2020-10-08,TJS,7.56706,10,75.6706
2020-10-09,TJS,7.54631,10,75.4631
2020-10-10,TJS,7.46399,10,74.6399
2020-10-13,TJS,7.46356,10,74.6356
2020-10-14,TJS,7.47804,10,74.7804
2020-10-15,TJS,7.47711,10,74.7711
2020-10-16,TJS,7.54195,10,75.4195
2020-10-17,TJS,7.54373,10,75.4373
2020-10-20,TJS,7.55078,10,75.5078
2020-10-21,TJS,7.53663,10,75.3663
2020-10-22,TJS,7.46436,10,74.6436
2020-10-23,TJS,7.45824,10,74.5824
2020-10-24,TJS,7.40956,10,74.0956
2020-10-27,TJS,7.39664,10,73.9664
2020-10-28,TJS,7.39774,10,73.9774
2020-10-29,TJS,7.51473,10,75.1473
2020-10-30,TJS,7.63134,10,76.3134
2020-10-31,TJS,7.66866,10,76.6866
2020-11-03,TJS,7.7869,10,77.869
2020-11-04,TJS,7.752,10,77.52
2020-11-06,TJS,6.92614,10,69.2614
2020-11-07,TJS,6.81417,10,68.1417
2020-11-10,TJS,6.79483,10,67.9483
2020-11-11,TJS,6.74445,10,67.4445
2020-11-12,TJS,6.72914,10,67.2914
2020-11-13,TJS,6.80775,10,68.0775
2020-11-14,TJS,6.82641,10,68.2641
2020-11-17,TJS,6.79203,10,67.9203
2020-11-18,TJS,6.73167,10,67.3167
2020-11-19,TJS,6.70435,10,67.0435
2020-11-20,TJS,6.73253,10,67.3253
2020-11-21,TJS,6.7104,10,67.104
2020-11-24,TJS,6.68815,10,66.8815
2020-11-25,TJS,6.69297,10,66.9297
2020-11-26,TJS,6.66279,10,66.6279
2020-11-27,TJS,6.66094,10,66.6094
2020-11-28,TJS,6.69697,10,66.9697
2020-12-01,TJS,6.72698,10,67.2698
2020-12-02,TJS,6.7391,10,67.391
2020-12-03,TJS,6.67536,10,66.7536
2020-12-04,TJS,6.63868,10,66.3868
2020-12-05,TJS,6.55655,10,65.5655
2020-12-08,TJS,6.5549,10,65.549
2020-12-09,TJS,6.50292,10,65.0292
2020-12-10,TJS,6.48723,10,64.8723
2020-12-11,TJS,6.50738,10,65.0738
2020-12-12,TJS,6.45504,10,64.5504
2020-12-15,TJS,6.43807,10,64.3807
2020-12-16,TJS,6.48524,10,64.8524
2020-12-17,TJS,6.48301,10,64.8301
2020-12-18,TJS,6.45824,10,64.5824
2020-12-19,TJS,6.48236,10,64.8236
2020-12-22,TJS,6.60231,10,66.0231
2020-12-23,TJS,6.6534,10,66.534
2020-12-24,TJS,6.66288,10,66.6288
2020-12-25,TJS,6.60686,10,66.0686
2020-12-26,TJS,6.50559,10,65.0559
2020-12-29,TJS,6.50783,10,65.0783
2020-12-30,TJS,6.50247,10,65.0247
2020-12-31,TJS,6.5218,10,65.218
2021-01-01,TJS,6.5218,10,65.218
2021-01-12,TJS,6.53933,10,65.3933
2021-01-13,TJS,6.51745,10,65.1745
2021-01-14,TJS,6.45251,10,64.5251
2021-01-15,TJS,6.47618,10,64.7618
2021-01-16,TJS,6.45417,10,64.5417
2021-01-19,TJS,6.49175,10,64.9175
2021-01-20,TJS,6.46988,10,64.6988
2021-01-21,TJS,6.43747,10,64.3747
2021-01-22,TJS,6.43874,10,64.3874
2021-01-23,TJS,6.5258,10,65.258
2021-01-26,TJS,6.56928,10,65.6928
2021-01-27,TJS,6.6376,10,66.376
2021-01-28,TJS,6.58534,10,65.8534
2021-01-29,TJS,6.68586,10,66.8586
2021-01-30,TJS,6.69177,10,66.9177
2021-02-02,TJS,6.62618,10,66.2618
2021-02-03,TJS,6.66126,10,66.6126
2021-02-04,TJS,6.67662,10,66.7662
2021-02-05,TJS,6.64584,10,66.4584
2021-02-06,TJS,6.59155,10,65.9155
2021-02-09,TJS,6.51691,10,65.1691
2021-02-10,TJS,6.50454,10,65.0454
2021-02-11,TJS,6.48114,10,64.8114
2021-02-12,TJS,6.47283,10,64.7283
2021-02-13,TJS,6.48862,10,64.8862
2021-02-16,TJS,6.43345,10,64.3345
2021-02-17,TJS,6.43172,10,64.3172
2021-02-18,TJS,6.47362,10,64.7362
2021-02-19,TJS,6.47437,10,64.7437
2021-02-20,TJS,6.49159,10,64.9159
2021-02-21,TJS,6.49261,10,64.9261
2021-02-25,TJS,6.47242,10,64.7242
2021-02-26,TJS,6.44798,10,64.4798
2021-02-27,TJS,6.53245,10,65.3245
2021-03-02,TJS,6.49801,10,64.9801
2021-03-03,TJS,6.54458,10,65.4458
2021-03-04,TJS,6.45184,10,64.5184
2021-03-05,TJS,6.47533,10,64.7533
2021-03-06,TJS,6.53159,10,65.3159
2021-03-10,TJS,6.51724,10,65.1724
2021-03-11,TJS,6.49753,10,64.9753
2021-03-12,TJS,6.45016,10,64.5016
2021-03-13,TJS,6.45091,10,64.5091
2021-03-16,TJS,6.42665,10,64.2665
2021-03-17,TJS,6.40297,10,64.0297
2021-03-18,TJS,6.41526,10,64.1526
2021-03-19,TJS,6.46408,10,64.6408
2021-03-20,TJS,6.50342,10,65.0342
2021-03-23,TJS,6.54461,10,65.4461
2021-03-24,TJS,6.61039,10,66.1039
2021-03-25,TJS,6.68013,10,66.8013
2021-03-26,TJS,6.68194,10,66.8194
2021-03-27,TJS,6.6454,10,66.454
2021-03-30,TJS,6.65164,10,66.5164
2021-03-31,TJS,6.64055,10,66.4055
2021-04-01,TJS,6.63369,10,66.3369
2021-04-02,TJS,6.6486,10,66.486
2021-04-03,TJS,6.67193,10,66.7193
2021-04-06,TJS,6.71858,10,67.1858
2021-04-07,TJS,6.69884,10,66.9884
2021-04-08,TJS,6.821,10,68.21
2021-04-09,TJS,6.76207,10,67.6207
2021-04-10,TJS,6.76773,10,67.6773
2021-04-13,TJS,6.79797,10,67.9797
2021-04-14,TJS,6.77543,10,67.7543
2021-04-15,TJS,6.63766,10,66.3766
2021-04-16,TJS,6.75152,10,67.5152
2021-04-17,TJS,6.62634,10,66.2634
2021-04-20,TJS,6.68734,10,66.8734
2021-04-21,TJS,6.66686,10,66.6686
2021-04-22,TJS,6.7374,10,67.374
2021-04-23,TJS,6.70248,10,67.0248
2021-04-24,TJS,6.58563,10,65.8563
2021-04-27,TJS,6.55745,10,65.5745
2021-04-28,TJS,6.57236,10,65.7236
2021-04-29,TJS,6.57071,10,65.7071
2021-04-30,TJS,6.5219,10,65.219
2021-05-01,TJS,6.56248,10,65.6248
2021-05-05,TJS,6.59857,10,65.9857
2021-05-06,TJS,6.56394,10,65.6394
2021-05-07,TJS,6.53897,10,65.3897
2021-05-08,TJS,6.50042,10,65.0042
2021-05-12,TJS,6.50212,10,65.0212
2021-05-13,TJS,6.49189,10,64.9189
2021-05-14,TJS,6.51965,10,65.1965
2021-05-15,TJS,6.4881,10,64.881
2021-05-18,TJS,6.47555,10,64.7555
2021-05-19,TJS,6.46201,10,64.6201
2021-05-20,TJS,6.46013,10,64.6013
2021-05-21,TJS,6.45337,10,64.5337
2021-05-22,TJS,6.45158,10,64.5158
2021-05-25,TJS,6.44687,10,64.4687
2021-05-26,TJS,6.43545,10,64.3545
2021-05-27,TJS,6.44224,10,64.4224
2021-05-28,TJS,6.44086,10,64.4086
2021-05-29,TJS,6.45217,10,64.5217
2021-06-01,TJS,6.46639,10,64.6639
2021-06-02,TJS,6.42184,10,64.2184
2021-06-03,TJS,6.44436,10,64.4436
2021-06-04,TJS,6.42381,10,64.2381
2021-06-05,TJS,6.42456,10,64.2456
2021-06-08,TJS,6.434,10,64.34
2021-06-09,TJS,6.38541,10,63.8541
2021-06-10,TJS,6.35932,10,63.5932
2021-06-11,TJS,6.33033,10,63.3033
2021-06-12,TJS,6.28494,10,62.8494
2021-06-16,TJS,6.29827,10,62.9827
2021-06-17,TJS,6.31585,10,63.1585
2021-06-18,TJS,6.35728,10,63.5728
2021-06-19,TJS,6.33245,10,63.3245
2021-06-22,TJS,6.41812,10,64.1812
2021-06-23,TJS,6.41527,10,64.1527
2021-06-24,TJS,6.37151,10,63.7151
2021-06-25,TJS,6.3416,10,63.416
2021-06-26,TJS,6.32787,10,63.2787
2021-06-29,TJS,6.3286,10,63.286
2021-06-30,TJS,6.34566,10,63.4566
2021-07-01,TJS,6.37645,10,63.7645
2021-07-02,TJS,6.39269,10,63.9269
2021-07-03,TJS,6.50044,10,65.0044
2021-07-06,TJS,6.43174,10,64.3174
2021-07-07,TJS,6.42402,10,64.2402
2021-07-08,TJS,6.49347,10,64.9347
2021-07-09,TJS,6.59318,10,65.9318
2021-07-10,TJS,6.52937,10,65.2937
2021-07-13,TJS,6.54394,10,65.4394
2021-07-14,TJS,6.49355,10,64.9355
2021-07-15,TJS,6.49922,10,64.9922
2021-07-16,TJS,6.50765,10,65.0765
2021-07-17,TJS,6.5029,10,65.029
2021-07-20,TJS,6.51875,10,65.1875
2021-07-21,TJS,6.53143,10,65.3143
2021-07-22,TJS,6.53176,10,65.3176
2021-07-23,TJS,6.4616,10,64.616
2021-07-24,TJS,6.46789,10,64.6789
2021-07-27,TJS,6.49698,10,64.9698
2021-07-28,TJS,6.47498,10,64.7498
2021-07-29,TJS,6.45408,10,64.5408
2021-07-30,TJS,6.4174,10,64.174
2021-07-31,TJS,6.41287,10,64.1287
2021-08-03,TJS,6.40207,10,64.0207
2021-08-04,TJS,6.38951,10,63.8951
2021-08-05,TJS,6.38191,10,63.8191
2021-08-06,TJS,6.41543,10,64.1543
2021-08-07,TJS,6.41214,10,64.1214
2021-08-10,TJS,6.44523,10,64.4523
2021-08-11,TJS,6.45298,10,64.5298
2021-08-12,TJS,6.53152,10,65.3152
2021-08-13,TJS,6.45043,10,64.5043
2021-08-14,TJS,6.4421,10,64.421
2021-08-17,TJS,6.43507,10,64.3507
2021-08-18,TJS,6.43955,10,64.3955
2021-08-19,TJS,6.4385,10,64.385
2021-08-20,TJS,6.49871,10,64.9871
2021-08-21,TJS,6.51744,10,65.1744
2021-08-24,TJS,6.49138,10,64.9138
2021-08-25,TJS,6.48085,10,64.8085
2021-08-26,TJS,6.463,10,64.63
2021-08-27,TJS,6.48473,10,64.8473
2021-08-28,TJS,6.48436,10,64.8436
2021-08-31,TJS,6.44824,10,64.4824
2021-09-01,TJS,6.46476,10,64.6476
2021-09-02,TJS,6.4571,10,64.571
2021-09-03,TJS,6.42692,10,64.2692
2021-09-04,TJS,6.42484,10,64.2484
2021-09-07,TJS,6.4336,10,64.336
2021-09-08,TJS,6.45707,10,64.5707
2021-09-09,TJS,6.47923,10,64.7923
2021-09-10,TJS,6.45161,10,64.5161
2021-09-11,TJS,6.41906,10,64.1906
2021-09-14,TJS,6.44765,10,64.4765
2021-09-15,TJS,6.41527,10,64.1527
2021-09-16,TJS,6.42717,10,64.2717
2021-09-17,TJS,6.3902,10,63.902
2021-09-18,TJS,6.39889,10,63.9889
2021-09-21,TJS,6.46948,10,64.6948
2021-09-22,TJS,6.4559,10,64.559
2021-09-23,TJS,6.4297,10,64.297
2021-09-24,TJS,6.41592,10,64.1592
2021-09-25,TJS,6.44094,10,64.4094
2021-09-28,TJS,6.41035,10,64.1035
2021-09-29,TJS,6.39431,10,63.9431
2021-09-30,TJS,6.41913,10,64.1913
2021-10-01,TJS,6.4106,10,64.106
2021-10-02,TJS,6.43614,10,64.3614
2021-10-05,TJS,6.4392,10,64.392
2021-10-06,TJS,6.40782,10,64.0782
2021-10-07,TJS,6.40779,10,64.0779
2021-10-08,TJS,6.38987,10,63.8987
2021-10-09,TJS,6.35798,10,63.5798
2021-10-12,TJS,6.33678,10,63.3678
2021-10-13,TJS,6.35011,10,63.5011
2021-10-14,TJS,6.35347,10,63.5347
2021-10-15,TJS,6.347,10,63.47
2021-10-16,TJS,6.30138,10,63.0138
2021-10-19,TJS,6.29306,10,62.9306
2021-10-20,TJS,6.27503,10,62.7503
2021-10-21,TJS,6.29506,10,62.9506
2021-10-22,TJS,6.29348,10,62.9348
2021-10-23,TJS,6.2863,10,62.863
2021-10-26,TJS,6.22311,10,62.2311
2021-10-27,TJS,6.17971,10,61.7971
2021-10-28,TJS,6.20813,10,62.0813
2021-10-29,TJS,6.27408,10,62.7408
2021-10-30,TJS,6.27123,10,62.7123
2021-11-02,TJS,6.33004,10,63.3004
2021-11-03,TJS,6.36494,10,63.6494
2021-11-04,TJS,6.34599,10,63.4599
2021-11-09,TJS,6.33518,10,63.3518
2021-11-10,TJS,6.32534,10,63.2534
2021-11-11,TJS,6.26451,10,62.6451
2021-11-12,TJS,6.30894,10,63.0894
2021-11-13,TJS,6.36347,10,63.6347
2021-11-16,TJS,6.40429,10,64.0429
2021-11-17,TJS,6.42936,10,64.2936
2021-11-18,TJS,6.4502,10,64.502
2021-11-19,TJS,6.43351,10,64.3351
2021-11-20,TJS,6.44194,10,64.4194
2021-11-23,TJS,6.50581,10,65.0581
2021-11-24,TJS,6.62529,10,66.2529
2021-11-25,TJS,6.59039,10,65.9039
2021-11-26,TJS,6.61058,10,66.1058
2021-11-27,TJS,6.69803,10,66.9803
2021-11-30,TJS,6.63849,10,66.3849
2021-12-01,TJS,6.63353,10,66.3353
2021-12-02,TJS,6.55222,10,65.5222
2021-12-03,TJS,6.56012,10,65.6012
2021-12-04,TJS,6.53167,10,65.3167
2021-12-07,TJS,6.5223,10,65.223
2021-12-08,TJS,6.56686,10,65.6686
2021-12-09,TJS,6.54077,10,65.4077
2021-12-10,TJS,6.52191,10,65.2191
2021-12-11,TJS,6.51957,10,65.1957
2021-12-14,TJS,6.50228,10,65.0228
2021-12-15,TJS,6.50751,10,65.0751
2021-12-16,TJS,6.54128,10,65.4128
2021-12-17,TJS,6.51646,10,65.1646
2021-12-18,TJS,6.53372,10,65.3372
2021-12-21,TJS,6.58058,10,65.8058
2021-12-22,TJS,6.54148,10,65.4148
2021-12-23,TJS,6.53878,10,65.3878
2021-12-24,TJS,6.50051,10,65.0051
2021-12-25,TJS,6.4826,10,64.826
2021-12-28,TJS,6.4894,10,64.894
2021-12-29,TJS,6.50982,10,65.0982
2021-12-30,TJS,6.5236,10,65.236
2021-12-31,TJS,6.58039,10,65.8039
2022-01-11,TJS,6.65175,10,66.5175
2022-01-12,TJS,6.62554,10,66.2554
2022-01-13,TJS,6.59829,10,65.9829
2022-01-14,TJS,6.60776,10,66.0776
2022-01-15,TJS,6.70799,10,67.0799
2022-01-18,TJS,6.73222,10,67.3222
2022-01-19,TJS,6.75827,10,67.5827
2022-01-20,TJS,6.80564,10,68.0564
2022-01-21,TJS,6.76767,10,67.6767
2022-01-22,TJS,6.78976,10,67.8976
2022-01-25,TJS,6.84948,10,68.4948
2022-01-26,TJS,6.96257,10,69.6257
2022-01-27,TJS,6.98926,10,69.8926
2022-01-28,TJS,6.98955,10,69.8955
2022-01-29,TJS,6.88954,10,68.8954
2022-02-01,TJS,6.8588,10,68.588
2022-02-02,TJS,6.8287,10,68.287
2022-02-03,TJS,6.77157,10,67.7157
2022-02-04,TJS,6.7892,10,67.892
2022-02-05,TJS,6.73613,10,67.3613
2022-02-08,TJS,6.70036,10,67.0036
2022-02-09,TJS,6.66704,10,66.6704
2022-02-10,TJS,6.62253,10,66.2253
2022-02-11,TJS,6.61568,10,66.1568
2022-02-12,TJS,6.63893,10,66.3893
2022-02-15,TJS,6.78566,10,67.8566
2022-02-16,TJS,6.74931,10,67.4931
2022-02-17,TJS,6.64724,10,66.4724
2022-02-18,TJS,6.71269,10,67.1269
2022-02-19,TJS,6.7135,10,67.135
2022-02-22,TJS,6.80258,10,68.0258
2022-02-23,TJS,7.12622,10,71.2622
2022-02-25,TJS,7.70304,10,77.0304
2022-02-26,TJS,7.394,10,73.94
2022-03-01,TJS,8.28688,10,82.8688
2022-03-02,TJS,8.12988,10,81.2988
2022-03-03,TJS,9.13705,10,91.3705
2022-03-04,TJS,9.90309,10,99.0309
2022-03-05,TJS,9.36393,10,93.6393
2022-03-06,TJS,9.36393,10,93.6393
2022-03-10,TJS,8.92959,10,89.2959
2022-03-11,TJS,10.6719,1,10.6719
2022-03-12,TJS,10.3551,1,10.3551
2022-03-15,TJS,9.50614,10,95.0614
2022-03-16,TJS,9.89107,10,98.9107
2022-03-17,TJS,8.91262,10,89.1262
2022-03-18,TJS,9.1432,10,91.432
2022-03-19,TJS,8.90209,10,89.0209
2022-03-22,TJS,8.96456,10,89.6456
2022-03-23,TJS,8.91648,10,89.1648
2022-03-24,TJS,8.5233,10,85.233
2022-03-25,TJS,7.93537,10,79.3537
2022-03-26,TJS,7.63517,10,76.3517
2022-03-29,TJS,8.02849,10,80.2849
2022-03-30,TJS,7.13205,10,71.3205
2022-03-31,TJS,7.46031,10,74.6031
2022-04-01,TJS,6.43593,10,64.3593
2022-04-02,TJS,6.44007,10,64.4007
2022-04-05,TJS,6.68746,10,66.8746
2022-04-06,TJS,6.66816,10,66.6816
2022-04-07,TJS,6.6077,10,66.077
2022-04-08,TJS,6.10038,10,61.0038
2022-04-09,TJS,5.98801,10,59.8801
2022-04-12,TJS,6.33277,10,63.3277
2022-04-13,TJS,6.37019,10,63.7019
2022-04-14,TJS,6.39549,10,63.9549
2022-04-15,TJS,6.49914,10,64.9914
2022-04-16,TJS,6.40283,10,64.0283
2022-04-19,TJS,6.35242,10,63.5242
2022-04-20,TJS,6.3185,10,63.185
2022-04-21,TJS,6.16277,10,61.6277
2022-04-22,TJS,5.99632,10,59.9632
2022-04-23,TJS,5.87687,10,58.7687
2022-04-26,TJS,5.86537,10,58.6537
2022-04-27,TJS,5.81322,10,58.1322
2022-04-28,TJS,5.83244,10,58.3244
2022-04-29,TJS,5.78594,10,57.8594
2022-04-30,TJS,5.68417,10,56.8417
2022-05-05,TJS,5.5555,10,55.555
2022-05-06,TJS,5.30114,10,53.0114
2022-05-07,TJS,5.3929,10,53.929
2022-05-12,TJS,5.50932,10,55.0932
2022-05-13,TJS,5.26543,10,52.6543
2022-05-14,TJS,5.10443,10,51.0443
2022-05-17,TJS,5.07759,10,50.7759
2022-05-18,TJS,5.08546,10,50.8546
2022-05-19,TJS,5.08718,10,50.8718
2022-05-20,TJS,4.99425,10,49.9425
2022-05-21,TJS,4.72982,10,47.2982
2022-05-24,TJS,4.81064,10,48.1064
2022-05-25,TJS,4.82788,10,48.2788
2022-05-26,TJS,4.93856,10,49.3856
2022-05-27,TJS,5.44294,10,54.4294
2022-05-28,TJS,5.82482,10,58.2482
2022-05-31,TJS,5.53487,10,55.3487
2022-06-01,TJS,5.40411,10,54.0411
2022-06-02,TJS,5.39239,10,53.9239
2022-06-03,TJS,5.40132,10,54.0132
2022-06-04,TJS,5.43561,10,54.3561
2022-06-07,TJS,5.36047,10,53.6047
2022-06-08,TJS,5.34706,10,53.4706
2022-06-09,TJS,5.32993,10,53.2993
2022-06-10,TJS,5.16721,10,51.6721
2022-06-11,TJS,5.1131,10,51.131
2022-06-15,TJS,5.1211,10,51.211
2022-06-16,TJS,5.13819,10,51.3819
2022-06-17,TJS,5.16114,10,51.6114
2022-06-18,TJS,5.20166,10,52.0166
2022-06-21,TJS,5.20648,10,52.0648
2022-06-22,TJS,5.15963,10,51.5963
2022-06-23,TJS,5.02531,10,50.2531
2022-06-24,TJS,5.04213,10,50.4213
2022-06-25,TJS,5.04799,10,50.4799
2022-06-28,TJS,5.05088,10,50.5088
2022-06-29,TJS,5.01357,10,50.1357
2022-06-30,TJS,4.84754,10,48.4754
2022-07-01,TJS,4.97379,10,49.7379
2022-07-02,TJS,5.08859,10,50.8859
2022-07-05,TJS,5.23789,10,52.3789
2022-07-06,TJS,5.59632,10,55.9632
2022-07-07,TJS,6.01708,10,60.1708
2022-07-08,TJS,5.96846,10,59.6846
2022-07-09,TJS,5.79154,10,57.9154
2022-07-12,TJS,5.82953,10,58.2953
2022-07-13,TJS,5.59652,10,55.9652
2022-07-14,TJS,5.57992,10,55.7992
2022-07-15,TJS,5.55424,10,55.5424
2022-07-16,TJS,5.54395,10,55.4395
2022-07-19,TJS,5.43506,10,54.3506
2022-07-20,TJS,5.34085,10,53.4085
2022-07-21,TJS,5.29994,10,52.9994
2022-07-22,TJS,5.49812,10,54.9812
2022-07-23,TJS,5.58774,10,55.8774
2022-07-26,TJS,5.62685,10,56.2685
2022-07-27,TJS,5.71294,10,57.1294
2022-07-28,TJS,5.86537,10,58.6537
2022-07-29,TJS,5.86409,10,58.6409
2022-07-30,TJS,5.97192,10,59.7192
2022-08-02,TJS,6.04405,10,60.4405
2022-08-03,TJS,5.86047,10,58.6047
2022-08-04,TJS,5.8688,10,58.688
2022-08-05,TJS,5.87167,10,58.7167
2022-08-06,TJS,5.8834,10,58.834
2022-08-09,TJS,5.87879,10,58.7879
2022-08-10,TJS,5.8853,10,58.853
2022-08-11,TJS,5.89239,10,58.9239
2022-08-12,TJS,5.90941,10,59.0941
2022-08-13,TJS,5.93618,10,59.3618
2022-08-16,TJS,5.98375,10,59.8375
2022-08-17,TJS,5.98734,10,59.8734
2022-08-18,TJS,5.92225,10,59.2225
2022-08-19,TJS,5.84462,10,58.4462
2022-08-20,TJS,5.76645,10,57.6645
2022-08-23,TJS,5.82694,10,58.2694
2022-08-24,TJS,5.84297,10,58.4297
2022-08-25,TJS,5.85283,10,58.5283
2022-08-26,TJS,5.83121,10,58.3121
2022-08-27,TJS,5.86267,10,58.6267
2022-08-30,TJS,5.88913,10,58.8913
2022-08-31,TJS,5.88999,10,58.8999
2022-09-01,TJS,5.8774,10,58.774
2022-09-02,TJS,5.87793,10,58.7793
2022-09-03,TJS,5.89103,10,58.9103
2022-09-06,TJS,5.94434,10,59.4434
2022-09-07,TJS,5.93956,10,59.3956
2022-09-08,TJS,5.97253,10,59.7253
2022-09-09,TJS,5.93615,10,59.3615
2022-09-10,TJS,5.90379,10,59.0379
2022-09-13,TJS,5.90254,10,59.0254
2022-09-14,TJS,5.865,10,58.65
2022-09-15,TJS,5.83644,10,58.3644
2022-09-16,TJS,5.82679,10,58.2679
2022-09-17,TJS,5.86303,10,58.6303
2022-09-20,TJS,5.8775,10,58.775
2022-09-21,TJS,5.86281,10,58.6281
2022-09-22,TJS,5.94645,10,59.4645
2022-09-23,TJS,5.84518,10,58.4518
2022-09-24,TJS,5.67605,10,56.7605
2022-09-27,TJS,5.66989,10,56.6989
2022-09-28,TJS,5.68993,10,56.8993
2022-09-29,TJS,5.71819,10,57.1819
2022-09-30,TJS,5.61689,10,56.1689
2022-10-01,TJS,5.41083,10,54.1083
2022-10-04,TJS,5.63272,10,56.3272
2022-10-05,TJS,5.75257,10,57.5257
2022-10-06,TJS,5.81255,10,58.1255
2022-10-07,TJS,5.89564,10,58.9564
2022-10-08,TJS,5.99349,10,59.9349
2022-10-11,TJS,6.09772,10,60.9772
2022-10-12,TJS,6.23192,10,62.3192
2022-10-13,TJS,6.23896,10,62.3896
2022-10-14,TJS,6.2131,10,62.131
2022-10-15,TJS,6.17045,10,61.7045
2022-10-18,TJS,6.04427,10,60.4427
2022-10-19,TJS,6.03868,10,60.3868
2022-10-20,TJS,6.02806,10,60.2806
2022-10-21,TJS,6.01991,10,60.1991
2022-10-22,TJS,5.98996,10,59.8996
2022-10-25,TJS,5.98703,10,59.8703
2022-10-26,TJS,6.00388,10,60.0388
2022-10-27,TJS,6.0133,10,60.133
2022-10-28,TJS,6.00657,10,60.0657
2022-10-29,TJS,6.02374,10,60.2374
2022-11-01,TJS,6.03271,10,60.3271
2022-11-02,TJS,6.01358,10,60.1358
2022-11-03,TJS,6.03236,10,60.3236
2022-11-04,TJS,6.07915,10,60.7915
2022-11-08,TJS,5.99596,10,59.9596
2022-11-09,TJS,5.97057,10,59.7057
2022-11-10,TJS,5.979,10,59.79
2022-11-11,TJS,5.99714,10,59.9714
2022-11-12,TJS,5.89672,10,58.9672
2022-11-15,TJS,5.91461,10,59.1461
2022-11-16,TJS,5.90642,10,59.0642
2022-11-17,TJS,5.91025,10,59.1025
2022-11-18,TJS,5.91427,10,59.1427
2022-11-19,TJS,5.91277,10,59.1277
2022-11-22,TJS,5.94886,10,59.4886
2022-11-23,TJS,5.9409,10,59.409
2022-11-24,TJS,5.92598,10,59.2598
2022-11-25,TJS,5.91446,10,59.1446
2022-11-26,TJS,5.92357,10,59.2357
2022-11-29,TJS,5.95024,10,59.5024
2022-11-30,TJS,5.9818,10,59.818
2022-12-01,TJS,5.96281,10,59.6281
2022-12-02,TJS,5.98902,10,59.8902
2022-12-03,TJS,6.05043,10,60.5043
2022-12-06,TJS,6.09059,10,60.9059
2022-12-07,TJS,6.16164,10,61.6164
2022-12-08,TJS,6.16638,10,61.6638
2022-12-09,TJS,6.1308,10,61.308
2022-12-10,TJS,6.1118,10,61.118
2022-12-13,TJS,6.14933,10,61.4933
2022-12-14,TJS,6.19307,10,61.9307
2022-12-15,TJS,6.20759,10,62.0759
2022-12-16,TJS,6.30129,10,63.0129
2022-12-17,TJS,6.33149,10,63.3149
2022-12-20,TJS,6.50197,10,65.0197
2022-12-21,TJS,6.7603,10,67.603
2022-12-22,TJS,6.90852,10,69.0852
2022-12-23,TJS,7.06512,10,70.6512
2022-12-24,TJS,6.7278,10,67.278
2022-12-27,TJS,6.70711,10,67.0711
2022-12-28,TJS,6.8558,10,68.558
2022-12-29,TJS,6.98645,10,69.8645
2022-12-30,TJS,7.05582,10,70.5582
2022-12-31,TJS,6.89421,10,68.9421
2023-01-10,TJS,6.88179,10,68.8179
2023-01-11,TJS,6.8075,10,68.075
2023-01-12,TJS,6.74671,10,67.4671
2023-01-13,TJS,6.62122,10,66.2122
2023-01-14,TJS,6.59874,10,65.9874
2023-01-17,TJS,6.66789,10,66.6789
2023-01-18,TJS,6.69707,10,66.9707
2023-01-19,TJS,6.71196,10,67.1196
2023-01-20,TJS,6.70942,10,67.0942
2023-01-21,TJS,6.69021,10,66.9021
2023-01-24,TJS,6.68486,10,66.8486
2023-01-25,TJS,6.69376,10,66.9376
2023-01-26,TJS,6.71366,10,67.1366
2023-01-27,TJS,6.72415,10,67.2415
2023-01-28,TJS,6.7429,10,67.429
2023-01-31,TJS,6.76616,10,67.6616
2023-02-01,TJS,6.85167,10,68.5167
2023-02-02,TJS,6.8076,10,68.076
2023-02-03,TJS,6.7967,10,67.967
2023-02-04,TJS,6.82651,10,68.2651
2023-02-07,TJS,6.84425,10,68.4425
2023-02-08,TJS,6.86722,10,68.6722
2023-02-09,TJS,6.92515,10,69.2515
2023-02-10,TJS,7.03388,10,70.3388
2023-02-11,TJS,7.01194,10,70.1194
2023-02-14,TJS,7.08376,10,70.8376
2023-02-15,TJS,7.09185,10,70.9185
2023-02-16,TJS,7.11224,10,71.1224
2023-02-17,TJS,7.14179,10,71.4179
2023-02-18,TJS,7.10662,10,71.0662
2023-02-21,TJS,6.98119,10,69.8119
2023-02-22,TJS,7.00683,10,70.0683
2023-02-23,TJS,6.92908,10,69.2908
2023-02-28,TJS,6.91551,10,69.1551
2023-03-01,TJS,6.86093,10,68.6093
2023-03-02,TJS,6.8943,10,68.943
2023-03-03,TJS,6.91492,10,69.1492
2023-03-04,TJS,6.91379,10,69.1379
2023-03-07,TJS,6.91523,10,69.1523
2023-03-08,TJS,6.91397,10,69.1397
2023-03-10,TJS,6.95526,10,69.5526
2023-03-11,TJS,6.95841,10,69.5841
2023-03-14,TJS,6.91464,10,69.1464
2023-03-15,TJS,6.88975,10,68.8975
2023-03-16,TJS,6.94081,10,69.4081
2023-03-17,TJS,7.00176,10,70.0176
2023-03-18,TJS,7.01975,10,70.1975
2023-03-21,TJS,7.07787,10,70.7787
2023-03-22,TJS,7.04077,10,70.4077
2023-03-23,TJS,7.05165,10,70.5165
2023-03-24,TJS,6.992,10,69.92
2023-03-25,TJS,7.00489,10,70.0489
2023-03-28,TJS,7.0156,10,70.156
2023-03-29,TJS,7.01834,10,70.1834
2023-03-30,TJS,7.0536,10,70.536
2023-03-31,TJS,7.06332,10,70.6332
2023-04-01,TJS,7.08504,10,70.8504
2023-04-04,TJS,7.14236,10,71.4236
2023-04-05,TJS,7.27119,10,72.7119
2023-04-06,TJS,7.284,10,72.84
2023-04-07,TJS,7.39161,10,73.9161
2023-04-08,TJS,7.54969,10,75.4969
2023-04-11,TJS,7.48991,10,74.8991
2023-04-12,TJS,7.52998,10,75.2998
2023-04-13,TJS,7.52198,10,75.2198
2023-04-14,TJS,7.48365,10,74.8365
2023-04-15,TJS,7.46809,10,74.6809
2023-04-18,TJS,7.4794,10,74.794
2023-04-19,TJS,7.47696,10,74.7696
2023-04-20,TJS,7.48173,10,74.8173
2023-04-21,TJS,7.47815,10,74.7815
2023-04-22,TJS,7.46588,10,74.6588
2023-04-25,TJS,7.44647,10,74.4647
2023-04-26,TJS,7.4717,10,74.717
2023-04-27,TJS,7.47894,10,74.7894
2023-04-28,TJS,7.47271,10,74.7271
2023-04-29,TJS,7.37629,10,73.7629
2023-05-03,TJS,7.32632,10,73.2632
2023-05-04,TJS,7.26621,10,72.6621
2023-05-05,TJS,7.20283,10,72.0283
2023-05-06,TJS,7.03886,10,70.3886
2023-05-11,TJS,7.02734,10,70.2734
2023-05-12,TJS,6.95315,10,69.5315
2023-05-13,TJS,7.07425,10,70.7425
2023-05-16,TJS,7.24774,10,72.4774
2023-05-17,TJS,7.32859,10,73.2859
2023-05-18,TJS,7.40012,10,74.0012
2023-05-19,TJS,7.33346,10,73.3346
2023-05-20,TJS,7.32146,10,73.2146
2023-05-23,TJS,7.32448,10,73.2448
2023-05-24,TJS,7.34549,10,73.4549
2023-05-25,TJS,7.3272,10,73.272
2023-05-26,TJS,7.32865,10,73.2865
2023-05-27,TJS,7.32685,10,73.2685
2023-05-30,TJS,7.33478,10,73.3478
2023-05-31,TJS,7.39293,10,73.9293
2023-06-01,TJS,7.42133,10,74.2133
2023-06-02,TJS,7.41879,10,74.1879
2023-06-03,TJS,7.41053,10,74.1053
2023-06-06,TJS,7.45252,10,74.5252
2023-06-07,TJS,7.4452,10,74.452
2023-06-08,TJS,7.46425,10,74.6425
2023-06-09,TJS,7.52263,10,75.2263
2023-06-10,TJS,7.57312,10,75.7312
2023-06-14,TJS,7.6636,10,76.636
2023-06-15,TJS,7.72631,10,77.2631
2023-06-16,TJS,7.69332,10,76.9332
2023-06-17,TJS,7.6648,10,76.648
2023-06-20,TJS,7.69587,10,76.9587
2023-06-21,TJS,7.71836,10,77.1836
2023-06-22,TJS,7.71942,10,77.1942
2023-06-23,TJS,7.66087,10,76.6087
2023-06-24,TJS,7.7043,10,77.043
2023-06-27,TJS,7.75761,10,77.5761
2023-06-28,TJS,7.79299,10,77.9299
2023-06-29,TJS,7.84511,10,78.4511
2023-06-30,TJS,7.97476,10,79.7476
2023-07-01,TJS,8.09826,10,80.9826
2023-07-04,TJS,8.18486,10,81.8486
2023-07-05,TJS,8.20122,10,82.0122
2023-07-06,TJS,8.27286,10,82.7286
2023-07-07,TJS,8.47628,10,84.7628
2023-07-08,TJS,8.39594,10,83.9594
2023-07-11,TJS,8.37849,10,83.7849
2023-07-12,TJS,8.28682,10,82.8682
2023-07-13,TJS,8.2975,10,82.975
2023-07-14,TJS,8.25709,10,82.5709
2023-07-15,TJS,8.25152,10,82.5152
2023-07-18,TJS,8.28038,10,82.8038
2023-07-19,TJS,8.30348,10,83.0348
2023-07-20,TJS,8.35092,10,83.5092
2023-07-21,TJS,8.31887,10,83.1887
2023-07-22,TJS,8.27774,10,82.7774
2023-07-25,TJS,8.28692,10,82.8692
2023-07-26,TJS,8.25003,10,82.5003
2023-07-27,TJS,8.24604,10,82.4604
2023-07-28,TJS,8.2442,10,82.442
2023-07-29,TJS,8.3315,10,83.315
2023-08-01,TJS,8.38788,10,83.8788
2023-08-02,TJS,8.40127,10,84.0127
2023-08-03,TJS,8.49881,10,84.9881
2023-08-04,TJS,8.5821,10,85.821
2023-08-05,TJS,8.67502,10,86.7502
2023-08-08,TJS,8.83454,10,88.3454
2023-08-09,TJS,8.78742,10,87.8742
2023-08-10,TJS,8.9053,10,89.053
2023-08-11,TJS,8.89241,10,88.9241
2023-08-12,TJS,8.9747,10,89.747
2023-08-15,TJS,9.22638,10,92.2638
2023-08-16,TJS,8.88811,10,88.8811
2023-08-17,TJS,8.823,10,88.23
2023-08-18,TJS,8.55347,10,85.5347
2023-08-19,TJS,8.52264,10,85.2264
2023-08-22,TJS,8.58964,10,85.8964
2023-08-23,TJS,8.58722,10,85.8722
2023-08-24,TJS,8.61745,10,86.1745
2023-08-25,TJS,8.61297,10,86.1297
2023-08-26,TJS,8.64079,10,86.4079
2023-08-29,TJS,8.70989,10,87.0989
2023-08-30,TJS,8.73112,10,87.3112
2023-08-31,TJS,8.75186,10,87.5186
2023-09-01,TJS,8.78771,10,87.8771
2023-09-02,TJS,8.78848,10,87.8848
2023-09-05,TJS,8.81295,10,88.1295
2023-09-06,TJS,8.89721,10,88.9721
2023-09-07,TJS,8.92598,10,89.2598
2023-09-08,TJS,8.95909,10,89.5909
2023-09-09,TJS,8.93362,10,89.3362
2023-09-12,TJS,8.80526,10,88.0526
2023-09-13,TJS,8.64059,10,86.4059
2023-09-14,TJS,8.75541,10,87.5541
2023-09-15,TJS,8.77292,10,87.7292
2023-09-16,TJS,8.81655,10,88.1655
2023-09-19,TJS,8.81737,10,88.1737
2023-09-20,TJS,8.77904,10,87.7904
2023-09-21,TJS,8.81455,10,88.1455
2023-09-22,TJS,8.7652,10,87.652
2023-09-23,TJS,8.76255,10,87.6255
2023-09-26,TJS,8.77177,10,87.7177
2023-09-27,TJS,8.78002,10,87.8002
2023-09-28,TJS,8.80482,10,88.0482
2023-09-29,TJS,8.85182,10,88.5182
2023-09-30,TJS,8.89072,10,88.9072
2023-10-03,TJS,8.98674,10,89.8674
2023-10-04,TJS,9.05645,10,90.5645
2023-10-05,TJS,9.07267,10,90.7267
2023-10-06,TJS,9.09247,10,90.9247
2023-10-07,TJS,9.16446,10,91.6446
2023-10-10,TJS,9.2447,10,92.447
2023-10-11,TJS,9.1095,10,91.095
2023-10-12,TJS,9.12042,10,91.2042
2023-10-13,TJS,8.84957,10,88.4957
2023-10-14,TJS,8.8781,10,88.781
2023-10-17,TJS,8.87602,10,88.7602
2023-10-18,TJS,8.87892,10,88.7892
2023-10-19,TJS,8.88475,10,88.8475
2023-10-20,TJS,8.87898,10,88.7898
2023-10-21,TJS,8.75056,10,87.5056
2023-10-24,TJS,8.63849,10,86.3849
2023-10-25,TJS,8.53369,10,85.3369
2023-10-26,TJS,8.50171,10,85.0171
2023-10-27,TJS,8.53781,10,85.3781
2023-10-28,TJS,8.5064,10,85.064
2023-10-31,TJS,8.51018,10,85.1018
2023-11-01,TJS,8.39898,10,83.9898
2023-11-02,TJS,8.51663,10,85.1663
2023-11-03,TJS,8.50514,10,85.0514
2023-11-04,TJS,8.49256,10,84.9256
2023-11-08,TJS,8.43719,10,84.3719
2023-11-09,TJS,8.41731,10,84.1731
2023-11-10,TJS,8.39175,10,83.9175
2023-11-11,TJS,8.40334,10,84.0334
2023-11-14,TJS,8.41096,10,84.1096
2023-11-15,TJS,8.32979,10,83.2979
2023-11-16,TJS,8.16686,10,81.6686
2023-11-17,TJS,8.11957,10,81.1957
2023-11-18,TJS,8.13729,10,81.3729
2023-11-21,TJS,8.0803,10,80.803
2023-11-22,TJS,8.02357,10,80.2357
2023-11-23,TJS,8.05099,10,80.5099
2023-11-24,TJS,8.04563,10,80.4563
2023-11-25,TJS,8.10769,10,81.0769
2023-11-28,TJS,8.09821,10,80.9821
2023-11-29,TJS,8.09041,10,80.9041
2023-11-30,TJS,8.11608,10,81.1608
2023-12-01,TJS,8.08834,10,80.8834
2023-12-02,TJS,8.19631,10,81.9631
2023-12-05,TJS,8.27934,10,82.7934
2023-12-06,TJS,8.35841,10,83.5841
2023-12-07,TJS,8.46425,10,84.6425
2023-12-08,TJS,8.44444,10,84.4444
2023-12-09,TJS,8.35859,10,83.5859
2023-12-12,TJS,8.30417,10,83.0417
2023-12-13,TJS,8.22724,10,82.2724
2023-12-14,TJS,8.19934,10,81.9934
2023-12-15,TJS,8.17941,10,81.7941
2023-12-16,TJS,8.18811,10,81.8811
2023-12-19,TJS,8.24875,10,82.4875
2023-12-20,TJS,8.22007,10,82.2007
2023-12-21,TJS,8.25253,10,82.5253
2023-12-22,TJS,8.37125,10,83.7125
2023-12-23,TJS,8.39111,10,83.9111
2023-12-26,TJS,8.39217,10,83.9217
2023-12-27,TJS,8.36826,10,83.6826
2023-12-28,TJS,8.36664,10,83.6664
2023-12-29,TJS,8.24326,10,82.4326
2023-12-30,TJS,8.18712,10,81.8712
2024-01-10,TJS,8.24914,10,82.4914
2024-01-11,TJS,8.16174,10,81.6174
2024-01-12,TJS,8.10497,10,81.0497
2024-01-13,TJS,8.04759,10,80.4759
2024-01-16,TJS,8.00603,10,80.0603
2024-01-17,TJS,8.00352,10,80.0352
2024-01-18,TJS,8.06849,10,80.6849
2024-01-19,TJS,8.09689,10,80.9689
2024-01-20,TJS,8.08653,10,80.8653
2024-01-23,TJS,8.0302,10,80.302
2024-01-24,TJS,8.02716,10,80.2716
2024-01-25,TJS,8.05972,10,80.5972
2024-01-26,TJS,8.09557,10,80.9557
2024-01-27,TJS,8.17407,10,81.7407
2024-01-30,TJS,8.17862,10,81.7862
2024-01-31,TJS,8.15117,10,81.5117
2024-02-01,TJS,8.18197,10,81.8197
2024-02-02,TJS,8.23408,10,82.3408
2024-02-03,TJS,8.27478,10,82.7478
2024-02-06,TJS,8.32596,10,83.2596
2024-02-07,TJS,8.27894,10,82.7894
2024-02-08,TJS,8.31962,10,83.1962
2024-02-09,TJS,8.32796,10,83.2796
2024-02-10,TJS,8.2932,10,82.932
2024-02-13,TJS,8.31378,10,83.1378
2024-02-14,TJS,8.32351,10,83.2351
2024-02-15,TJS,8.34481,10,83.4481
2024-02-16,TJS,8.38282,10,83.8282
2024-02-17,TJS,8.44905,10,84.4905
2024-02-20,TJS,8.43513,10,84.3513
2024-02-21,TJS,8.42931,10,84.2931
2024-02-22,TJS,8.43596,10,84.3596
2024-02-23,TJS,8.46323,10,84.6323
2024-02-27,TJS,8.45407,10,84.5407
2024-02-28,TJS,8.39819,10,83.9819
2024-02-29,TJS,8.38391,10,83.8391
2024-03-01,TJS,8.29247,10,82.9247
2024-03-02,TJS,8.33541,10,83.3541
2024-03-05,TJS,8.33524,10,83.3524
2024-03-06,TJS,8.31786,10,83.1786
2024-03-07,TJS,8.24409,10,82.4409
2024-03-08,TJS,8.2811,10,82.811
2024-03-12,TJS,8.27235,10,82.7235
2024-03-13,TJS,8.29577,10,82.9577
2024-03-14,TJS,8.35584,10,83.5584
2024-03-15,TJS,8.36415,10,83.6415
2024-03-16,TJS,8.38819,10,83.8819
2024-03-19,TJS,8.39704,10,83.9704
2024-03-20,TJS,8.4167,10,84.167
2024-03-21,TJS,8.46132,10,84.6132
2024-03-22,TJS,8.3915,10,83.915
2024-03-23,TJS,8.45191,10,84.5191
2024-03-26,TJS,8.46551,10,84.6551
2024-03-27,TJS,8.4482,10,84.482
2024-03-28,TJS,8.44979,10,84.4979
2024-03-29,TJS,8.42229,10,84.2229
2024-03-30,TJS,8.4344,10,84.344
2024-04-02,TJS,8.42759,10,84.2759
2024-04-03,TJS,8.44426,10,84.4426
2024-04-04,TJS,8.43252,10,84.3252
2024-04-05,TJS,8.42675,10,84.2675
2024-04-06,TJS,8.43615,10,84.3615
2024-04-09,TJS,8.45427,10,84.5427
2024-04-10,TJS,8.47478,10,84.7478
2024-04-11,TJS,8.51805,10,85.1805
2024-04-12,TJS,8.56372,10,85.6372
2024-04-13,TJS,8.54412,10,85.4412
2024-04-16,TJS,8.56659,10,85.6659
2024-04-17,TJS,8.61257,10,86.1257
2024-04-18,TJS,8.63458,10,86.3458
2024-04-19,TJS,8.61358,10,86.1358
2024-04-20,TJS,8.5531,10,85.531
2024-04-23,TJS,8.5358,10,85.358
2024-04-24,TJS,8.53406,10,85.3406
2024-04-25,TJS,8.46216,10,84.6216
2024-04-26,TJS,8.42444,10,84.2444
2024-04-27,TJS,8.41365,10,84.1365
2024-04-28,TJS,8.39753,10,83.9753
2024-05-03,TJS,8.43092,10,84.3092
2024-05-04,TJS,8.39776,10,83.9776
2024-05-07,TJS,8.36968,10,83.6968
2024-05-08,TJS,8.34453,10,83.4453
2024-05-09,TJS,8.41487,10,84.1487
2024-05-14,TJS,8.40138,10,84.0138
2024-05-15,TJS,8.38257,10,83.8257
2024-05-16,TJS,8.37361,10,83.7361
2024-05-17,TJS,8.34241,10,83.4241
2024-05-18,TJS,8.36388,10,83.6388
2024-05-21,TJS,8.34318,10,83.4318
2024-05-22,TJS,8.33155,10,83.3155
2024-05-23,TJS,8.31807,10,83.1807
2024-05-24,TJS,8.33967,10,83.3967
2024-05-25,TJS,8.29535,10,82.9535
2024-05-28,TJS,8.20127,10,82.0127
2024-05-29,TJS,8.18934,10,81.8934
2024-05-30,TJS,8.27544,10,82.7544
2024-05-31,TJS,8.33459,10,83.3459
2024-06-01,TJS,8.38102,10,83.8102
2024-06-04,TJS,8.30357,10,83.0357
2024-06-05,TJS,8.24576,10,82.4576
2024-06-06,TJS,8.24732,10,82.4732
2024-06-07,TJS,8.26424,10,82.6424
2024-06-08,TJS,8.26687,10,82.6687
2024-06-11,TJS,8.28865,10,82.8865
2024-06-12,TJS,8.29518,10,82.9518
2024-06-14,TJS,8.22169,10,82.2169
2024-06-15,TJS,8.27988,10,82.7988
2024-06-18,TJS,8.28086,10,82.8086
2024-06-19,TJS,8.09353,10,80.9353
2024-06-20,TJS,7.70613,10,77.0613
2024-06-21,TJS,8.01832,10,80.1832
2024-06-22,TJS,8.26858,10,82.6858
2024-06-25,TJS,8.20103,10,82.0103
2024-06-26,TJS,8.18296,10,81.8296
2024-06-27,TJS,8.2326,10,82.326
2024-06-28,TJS,7.9567,10,79.567
2024-06-29,TJS,8.04104,10,80.4104
2024-07-02,TJS,8.18631,10,81.8631
2024-07-03,TJS,8.248,10,82.48
2024-07-04,TJS,8.24411,10,82.4411
2024-07-05,TJS,8.26801,10,82.6801
2024-07-06,TJS,8.26936,10,82.6936
2024-07-09,TJS,8.2579,10,82.579
2024-07-10,TJS,8.25646,10,82.5646
2024-07-11,TJS,8.24257,10,82.4257
2024-07-12,TJS,8.2497,10,82.497
2024-07-13,TJS,8.23141,10,82.3141
2024-07-16,TJS,8.23751,10,82.3751
2024-07-17,TJS,8.27125,10,82.7125
2024-07-18,TJS,8.26194,10,82.6194
2024-07-19,TJS,8.24455,10,82.4455
2024-07-20,TJS,8.25818,10,82.5818
2024-07-23,TJS,8.23364,10,82.3364
2024-07-24,TJS,8.1864,10,81.864
2024-07-25,TJS,8.1203,10,81.203
2024-07-26,TJS,8.01332,10,80.1332
2024-07-27,TJS,8.05393,10,80.5393
2024-07-30,TJS,8.13162,10,81.3162
2024-07-31,TJS,8.12602,10,81.2602
2024-08-01,TJS,8.11722,10,81.1722
2024-08-02,TJS,8.08651,10,80.8651
2024-08-03,TJS,8.08025,10,80.8025
2024-08-06,TJS,8.01206,10,80.1206
2024-08-07,TJS,8.0344,10,80.344
2024-08-08,TJS,8.11471,10,81.1471
2024-08-09,TJS,8.17588,10,81.7588
2024-08-10,TJS,8.31046,10,83.1046
2024-08-13,TJS,8.49218,10,84.9218
2024-08-14,TJS,8.74589,10,87.4589
2024-08-15,TJS,8.45996,10,84.5996
2024-08-16,TJS,8.3328,10,83.328
2024-08-17,TJS,8.34017,10,83.4017
2024-08-20,TJS,8.39989,10,83.9989
2024-08-21,TJS,8.50106,10,85.0106
2024-08-22,TJS,8.59402,10,85.9402
2024-08-23,TJS,8.55775,10,85.5775
2024-08-24,TJS,8.5834,10,85.834
2024-08-27,TJS,8.60117,10,86.0117
2024-08-28,TJS,8.57364,10,85.7364
2024-08-29,TJS,8.57494,10,85.7494
2024-08-30,TJS,8.56655,10,85.6655
2024-08-31,TJS,8.55307,10,85.5307
2024-09-03,TJS,8.43017,10,84.3017
2024-09-04,TJS,8.29807,10,82.9807
2024-09-05,TJS,8.34088,10,83.4088
2024-09-06,TJS,8.41363,10,84.1363
2024-09-07,TJS,8.42723,10,84.2723
2024-09-10,TJS,8.48163,10,84.8163
2024-09-11,TJS,8.54988,10,85.4988
2024-09-12,TJS,8.55939,10,85.5939
2024-09-13,TJS,8.5447,10,85.447
2024-09-14,TJS,8.52828,10,85.2828
2024-09-17,TJS,8.55066,10,85.5066
2024-09-18,TJS,8.57604,10,85.7604
2024-09-19,TJS,8.60488,10,86.0488
2024-09-20,TJS,8.70109,10,87.0109
2024-09-21,TJS,8.69227,10,86.9227
2024-09-24,TJS,8.72062,10,87.2062
2024-09-25,TJS,8.7152,10,87.152
2024-09-26,TJS,8.67346,10,86.7346
2024-09-27,TJS,8.68001,10,86.8001
2024-09-28,TJS,8.70492,10,87.0492
2024-10-01,TJS,8.75276,10,87.5276
2024-10-02,TJS,8.77352,10,87.7352
2024-10-03,TJS,8.87083,10,88.7083
2024-10-04,TJS,8.91972,10,89.1972
2024-10-05,TJS,8.91317,10,89.1317
2024-10-08,TJS,9.02543,10,90.2543
2024-10-09,TJS,9.02117,10,90.2117
2024-10-10,TJS,9.09937,10,90.9937
2024-10-11,TJS,9.12995,10,91.2995
2024-10-12,TJS,9.01004,10,90.1004
2024-10-15,TJS,9.01681,10,90.1681
2024-10-16,TJS,9.10168,10,91.0168
2024-10-17,TJS,9.12464,10,91.2464
2024-10-18,TJS,9.12129,10,91.2129
2024-10-19,TJS,9.04655,10,90.4655
2024-10-22,TJS,9.01176,10,90.1176
2024-10-23,TJS,9.05817,10,90.5817
2024-10-24,TJS,9.05689,10,90.5689
2024-10-25,TJS,9.06648,10,90.6648
2024-10-26,TJS,9.07106,10,90.7106
2024-10-29,TJS,9.12392,10,91.2392
2024-10-30,TJS,9.13226,10,91.3226
2024-10-31,TJS,9.10877,10,91.0877
2024-11-01,TJS,9.10591,10,91.0591
2024-11-02,TJS,9.15095,10,91.5095
2024-11-03,TJS,9.16125,10,91.6125
2024-11-06,TJS,9.20681,10,92.0681
2024-11-07,TJS,9.22253,10,92.2253
2024-11-08,TJS,9.20835,10,92.0835
2024-11-09,TJS,9.17995,10,91.7995
2024-11-12,TJS,9.19377,10,91.9377
2024-11-13,TJS,9.19385,10,91.9385
2024-11-14,TJS,9.2311,10,92.311
2024-11-15,TJS,9.29406,10,92.9406
2024-11-16,TJS,9.38358,10,93.8358
2024-11-19,TJS,9.3727,10,93.727
2024-11-20,TJS,9.3829,10,93.829
2024-11-21,TJS,9.40002,10,94.0002
2024-11-22,TJS,9.44322,10,94.4322
2024-11-23,TJS,9.61612,10,96.1612
2024-11-26,TJS,9.72771,10,97.2771
2024-11-27,TJS,9.84025,10,98.4025
2024-11-28,TJS,10.10983,10,101.0983
2024-11-29,TJS,10.24622,10,102.4622
2024-11-30,TJS,9.91697,10,99.1697
2024-12-03,TJS,9.83463,10,98.3463
2024-12-04,TJS,9.72995,10,97.2995
2024-12-05,TJS,9.55164,10,95.5164
2024-12-06,TJS,9.46494,10,94.6494
2024-12-07,TJS,9.10537,10,91.0537
2024-12-10,TJS,9.12291,10,91.2291
2024-12-11,TJS,9.18318,10,91.8318
2024-12-12,TJS,9.44682,10,94.4682
2024-12-13,TJS,9.50652,10,95.0652
2024-12-14,TJS,9.45841,10,94.5841
2024-12-17,TJS,9.42094,10,94.2094
2024-12-18,TJS,9.43101,10,94.3101
2024-12-19,TJS,9.42366,10,94.2366
2024-12-20,TJS,9.48274,10,94.8274
2024-12-21,TJS,9.36871,10,93.6871
2024-12-24,TJS,9.30014,10,93.0014
2024-12-25,TJS,9.13825,10,91.3825
2024-12-26,TJS,9.11443,10,91.1443
2024-12-27,TJS,9.07914,10,90.7914
2024-12-28,TJS,9.19854,10,91.9854
2024-12-29,TJS,9.30026,10,93.0026
2025-01-10,TJS,9.35036,10,93.5036
2025-01-11,TJS,9.30854,10,93.0854
2025-01-14,TJS,9.38419,10,93.8419
2025-01-15,TJS,9.45088,10,94.5088
2025-01-16,TJS,9.39167,10,93.9167
2025-01-17,TJS,9.35224,10,93.5224
2025-01-18,TJS,9.35242,10,93.5242
2025-01-21,TJS,9.3188,10,93.188
2025-01-22,TJS,9.12895,10,91.2895
2025-01-23,TJS,8.97841,10,89.7841
2025-01-24,TJS,9.05251,10,90.5251
2025-01-25,TJS,8.9763,10,89.763
2025-01-28,TJS,8.87147,10,88.7147
2025-01-29,TJS,8.94763,10,89.4763
2025-01-30,TJS,8.97272,10,89.7272
2025-01-31,TJS,8.98678,10,89.8678
2025-02-01,TJS,8.95358,10,89.5358
2025-02-04,TJS,9.14796,10,91.4796
2025-02-05,TJS,9.00566,10,90.0566
2025-02-06,TJS,8.96238,10,89.6238
2025-02-07,TJS,8.85455,10,88.5455
2025-02-08,TJS,8.88992,10,88.8992
2025-02-11,TJS,8.84598,10,88.4598
2025-02-12,TJS,8.75315,10,87.5315
2025-02-13,TJS,8.59196,10,85.9196
2025-02-14,TJS,8.31959,10,83.1959
2025-02-15,TJS,8.25366,10,82.5366
2025-02-18,TJS,8.35615,10,83.5615
2025-02-19,TJS,8.34519,10,83.4519
2025-02-20,TJS,8.25717,10,82.5717
2025-02-21,TJS,8.08217,10,80.8217
2025-02-22,TJS,8.04992,10,80.4992
2025-02-25,TJS,8.06349,10,80.6349
2025-02-26,TJS,7.91954,10,79.1954
2025-02-27,TJS,7.85138,10,78.5138
2025-02-28,TJS,8.01505,10,80.1505
2025-03-01,TJS,8.08442,10,80.8442
2025-03-04,TJS,8.17238,10,81.7238
2025-03-05,TJS,8.15527,10,81.5527
2025-03-06,TJS,8.2091,10,82.091
2025-03-07,TJS,8.1894,10,81.894
2025-03-08,TJS,8.15452,10,81.5452
2025-03-11,TJS,8.07255,10,80.7255
2025-03-12,TJS,7.9063,10,79.063
2025-03-13,TJS,7.91654,10,79.1654
2025-03-14,TJS,7.91641,10,79.1641
2025-03-15,TJS,7.82807,10,78.2807
2025-03-18,TJS,7.70712,10,77.0712
2025-03-19,TJS,7.45725,10,74.5725
2025-03-20,TJS,7.58049,10,75.8049
2025-03-21,TJS,7.72251,10,77.2251
2025-03-22,TJS,7.74489,10,77.4489
2025-03-25,TJS,7.67477,10,76.7477
2025-03-26,TJS,7.70398,10,77.0398
2025-03-27,TJS,7.70522,10,77.0522
2025-03-28,TJS,7.6712,10,76.712
2025-03-29,TJS,7.67423,10,76.7423
2025-04-01,TJS,7.84068,10,78.4068
2025-04-02,TJS,7.7833,10,77.833
2025-04-03,TJS,7.75011,10,77.5011
2025-04-04,TJS,7.75843,10,77.5843
2025-04-05,TJS,7.74872,10,77.4872
2025-04-08,TJS,7.91016,10,79.1016
2025-04-09,TJS,7.84643,10,78.4643
2025-04-10,TJS,7.90846,10,79.0846
2025-04-11,TJS,7.81303,10,78.1303
2025-04-12,TJS,7.70827,10,77.0827
2025-04-15,TJS,7.60105,10,76.0105
2025-04-16,TJS,7.56631,10,75.6631
2025-04-17,TJS,7.59287,10,75.9287
2025-04-18,TJS,7.55242,10,75.5242
2025-04-19,TJS,7.50234,10,75.0234
2025-04-22,TJS,7.53904,10,75.3904
2025-04-23,TJS,7.62453,10,76.2453
2025-04-24,TJS,7.73085,10,77.3085
2025-04-25,TJS,7.7894,10,77.894
2025-04-26,TJS,7.77051,10,77.7051
2025-04-29,TJS,7.77539,10,77.7539
2025-04-30,TJS,7.695,10,76.95
2025-05-01,TJS,7.7012,10,77.012
2025-05-06,TJS,7.88534,10,78.8534
2025-05-07,TJS,7.77495,10,77.7495
2025-05-08,TJS,7.75915,10,77.5915
2025-05-13,TJS,7.766,10,77.66
2025-05-14,TJS,7.73352,10,77.3352
2025-05-15,TJS,7.71552,10,77.1552
2025-05-16,TJS,7.72415,10,77.2415
2025-05-17,TJS,7.77761,10,77.7761
2025-05-20,TJS,7.7502,10,77.502
2025-05-21,TJS,7.77736,10,77.7736
2025-05-22,TJS,7.73287,10,77.3287
2025-05-23,TJS,7.74088,10,77.4088
2025-05-24,TJS,7.75752,10,77.5752
2025-05-27,TJS,7.79021,10,77.9021
2025-05-28,TJS,7.82575,10,78.2575
2025-05-29,TJS,7.86404,10,78.6404
2025-05-30,TJS,7.84029,10,78.4029
2025-05-31,TJS,7.8736,10,78.736
2025-06-03,TJS,7.96125,10,79.6125
2025-06-04,TJS,7.97231,10,79.7231
2025-06-05,TJS,7.93668,10,79.3668
2025-06-06,TJS,8.00445,10,80.0445
2025-06-07,TJS,8.00881,10,80.0881
2025-06-10,TJS,7.98965,10,79.8965
2025-06-11,TJS,7.91528,10,79.1528
2025-06-12,TJS,7.95581,10,79.5581
2025-06-17,TJS,7.74274,10,77.4274
2025-06-18,TJS,7.77532,10,77.7532
2025-06-19,TJS,7.80431,10,78.0431
2025-06-20,TJS,7.91855,10,79.1855
2025-06-21,TJS,7.92017,10,79.2017
2025-06-24,TJS,7.90831,10,79.0831
2025-06-25,TJS,7.91418,10,79.1418
2025-06-26,TJS,7.89467,10,78.9467
2025-06-27,TJS,7.90001,10,79.0001
2025-06-28,TJS,7.92595,10,79.2595
2025-07-01,TJS,7.932,10,79.32
2025-07-02,TJS,7.95848,10,79.5848
2025-07-03,TJS,7.97684,10,79.7684
2025-07-04,TJS,8.06039,10,80.6039
2025-07-05,TJS,8.06575,10,80.6575
2025-07-08,TJS,8.08779,10,80.8779
2025-07-09,TJS,8.09773,10,80.9773
2025-07-10,TJS,8.0982,10,80.982
2025-07-11,TJS,8.05948,10,80.5948
2025-07-12,TJS,8.04004,10,80.4004
2025-07-15,TJS,8.09028,10,80.9028
2025-07-16,TJS,8.12439,10,81.2439
2025-07-17,TJS,8.1244,10,81.244
2025-07-18,TJS,8.15759,10,81.5759
2025-07-19,TJS,8.15674,10,81.5674
2025-07-22,TJS,8.17511,10,81.7511
2025-07-23,TJS,8.15015,10,81.5015
2025-07-24,TJS,8.1857,10,81.857
2025-07-25,TJS,8.22897,10,82.2897
2025-07-26,TJS,8.34026,10,83.4026
2025-07-29,TJS,8.33917,10,83.3917
2025-07-30,TJS,8.61598,10,86.1598
2025-07-31,TJS,8.58959,10,85.8959
2025-08-01,TJS,8.43021,10,84.3021
2025-08-02,TJS,8.45425,10,84.5425
2025-08-05,TJS,8.39712,10,83.9712
2025-08-06,TJS,8.46828,10,84.6828
2025-08-07,TJS,8.54254,10,85.4254
2025-08-08,TJS,8.45661,10,84.5661
2025-08-09,TJS,8.50629,10,85.0629
2025-08-12,TJS,8.50015,10,85.0015
2025-08-13,TJS,8.53136,10,85.3136
2025-08-14,TJS,8.51025,10,85.1025
2025-08-15,TJS,8.52795,10,85.2795
2025-08-16,TJS,8.56111,10,85.6111
2025-08-19,TJS,8.59661,10,85.9661
2025-08-20,TJS,8.58817,10,85.8817
2025-08-21,TJS,8.55077,10,85.5077
2025-08-22,TJS,8.53067,10,85.3067
2025-08-23,TJS,8.58328,10,85.8328
2025-08-26,TJS,8.44427,10,84.4427
2025-08-27,TJS,8.38524,10,83.8524
2025-08-28,TJS,8.37529,10,83.7529
2025-08-29,TJS,8.36678,10,83.6678
2025-08-30,TJS,8.40465,10,84.0465
2025-09-02,TJS,8.50161,10,85.0161
2025-09-03,TJS,8.55824,10,85.5824
2025-09-04,TJS,8.59536,10,85.9536
2025-09-05,TJS,8.5903,10,85.903
2025-09-06,TJS,8.61755,10,86.1755
2025-09-09,TJS,8.6981,10,86.981
2025-09-10,TJS,8.79347,10,87.9347
2025-09-11,TJS,8.97079,10,89.7079
2025-09-12,TJS,9.00407,10,90.0407
2025-09-13,TJS,8.86901,10,88.6901
2025-09-16,TJS,8.73089,10,87.3089
2025-09-17,TJS,8.74895,10,87.4895
2025-09-18,TJS,8.76614,10,87.6614
2025-09-19,TJS,8.81307,10,88.1307
2025-09-20,TJS,8.86177,10,88.6177
2025-09-23,TJS,8.91198,10,89.1198
2025-09-24,TJS,8.84403,10,88.4403
2025-09-25,TJS,8.92036,10,89.2036
2025-09-26,TJS,8.89085,10,88.9085
2025-09-27,TJS,8.89137,10,88.9137
2025-09-30,TJS,8.8173,10,88.173
2025-10-01,TJS,8.78972,10,87.8972
2025-10-02,TJS,8.68363,10,86.8363
2025-10-03,TJS,8.64128,10,86.4128
2025-10-04,TJS,8.79043,10,87.9043
2025-10-07,TJS,8.91036,10,89.1036
2025-10-08,TJS,8.79602,10,87.9602
2025-10-09,TJS,8.75239,10,87.5239
2025-10-10,TJS,8.74017,10,87.4017
2025-10-11,TJS,8.73798,10,87.3798
2025-10-14,TJS,8.72653,10,87.2653
2025-10-15,TJS,8.64383,10,86.4383
2025-10-16,TJS,8.52452,10,85.2452
2025-10-17,TJS,8.56693,10,85.6693
2025-10-18,TJS,8.77945,10,87.7945
2025-10-21,TJS,8.82831,10,88.2831
2025-10-22,TJS,8.83127,10,88.3127
2025-10-23,TJS,8.86464,10,88.6464
2025-10-24,TJS,8.78669,10,87.8669
2025-10-25,TJS,8.75451,10,87.5451
2025-10-28,TJS,8.47804,10,84.7804
2025-10-29,TJS,8.58676,10,85.8676
2025-10-30,TJS,8.54762,10,85.4762
2025-10-31,TJS,8.66983,10,86.6983
2025-11-01,TJS,8.72375,10,87.2375
2025-11-02,TJS,8.72774,10,87.2774
2025-11-06,TJS,8.75461,10,87.5461
2025-11-07,TJS,8.77318,10,87.7318
2025-11-08,TJS,8.75692,10,87.5692
2025-11-11,TJS,8.73401,10,87.3401
2025-11-12,TJS,8.76693,10,87.6693
2025-11-13,TJS,8.75928,10,87.5928
2025-11-14,TJS,8.68601,10,86.8601
2025-11-15,TJS,8.74276,10,87.4276
2025-11-18,TJS,8.74389,10,87.4389
2025-11-19,TJS,8.73208,10,87.3208
2025-11-20,TJS,8.72043,10,87.2043
2025-11-21,TJS,8.69686,10,86.9686
2025-11-22,TJS,8.50559,10,85.0559
2025-11-25,TJS,8.49381,10,84.9381
2025-11-26,TJS,8.49798,10,84.9798
2025-11-27,TJS,8.45844,10,84.5844
2025-11-28,TJS,8.42661,10,84.2661
2025-11-29,TJS,8.42425,10,84.2425
2025-12-02,TJS,8.38244,10,83.8244
2025-12-03,TJS,8.35659,10,83.5659
2025-12-04,TJS,8.42262,10,84.2262
2025-12-05,TJS,8.32072,10,83.2072
2025-12-06,TJS,8.22937,10,82.2937
2025-12-09,TJS,8.35694,10,83.5694
2025-12-10,TJS,8.32251,10,83.2251
2025-12-11,TJS,8.43967,10,84.3967
2025-12-12,TJS,8.59968,10,85.9968
2025-12-13,TJS,8.63136,10,86.3136
2025-12-16,TJS,8.60104,10,86.0104
2025-12-17,TJS,8.61536,10,86.1536
2025-12-18,TJS,8.69996,10,86.9996
2025-12-19,TJS,8.66286,10,86.6286
2025-12-20,TJS,8.73643,10,87.3643
2025-12-23,TJS,8.58411,10,85.8411
2025-12-24,TJS,8.50515,10,85.0515
2025-12-25,TJS,8.48507,10,84.8507
2025-12-26,TJS,8.42066,10,84.2066
2025-12-27,TJS,8.40162,10,84.0162
2025-12-30,TJS,8.37505,10,83.7505
2025-12-31,TJS,8.45593,10,84.5593
2026-01-13,TJS,8.43554,10,84.3554
2026-01-14,TJS,8.43868,10,84.3868
2026-01-15,TJS,8.408,10,84.08
2026-01-16,TJS,8.40492,10,84.0492
2026-01-17,TJS,8.34315,10,83.4315
2026-01-20,TJS,8.33515,10,83.3515
2026-01-21,TJS,8.34465,10,83.4465
2026-01-22,TJS,8.30068,10,83.0068
2026-01-23,TJS,8.13556,10,81.3556
2026-01-24,TJS,8.1155,10,81.155
2026-01-27,TJS,8.12456,10,81.2456
2026-01-28,TJS,8.18151,10,81.8151
2026-01-29,TJS,8.15524,10,81.5524
2026-01-30,TJS,8.10701,10,81.0701
2026-01-31,TJS,8.08152,10,80.8152
2026-02-03,TJS,8.21913,10,82.1913
2026-02-04,TJS,8.22419,10,82.2419
2026-02-05,TJS,8.21655,10,82.1655
2026-02-06,TJS,8.16358,10,81.6358
2026-02-07,TJS,8.21471,10,82.1471
2026-02-10,TJS,8.28278,10,82.8278
2026-02-11,TJS,8.21951,10,82.1951
2026-02-12,TJS,8.2355,10,82.355
2026-02-13,TJS,8.19066,10,81.9066
2026-02-14,TJS,8.17201,10,81.7201
2026-02-17,TJS,8.11121,10,81.1121
2026-02-18,TJS,8.11554,10,81.1554
2026-02-19,TJS,8.0576,10,80.576
2026-02-20,TJS,8.10316,10,81.0316
2026-02-21,TJS,8.11537,10,81.1537
2026-02-25,TJS,8.09736,10,80.9736
2026-02-26,TJS,8.06827,10,80.6827
2026-02-27,TJS,8.12167,10,81.2167
2026-02-28,TJS,8.12474,10,81.2474
2026-03-03,TJS,8.09998,10,80.9998
2026-03-04,TJS,8.13285,10,81.3285
2026-03-05,TJS,8.14047,10,81.4047
2026-03-06,TJS,8.16614,10,81.6614
2026-03-07,TJS,8.2664,10,82.664
2026-03-11,TJS,8.20119,10,82.0119
2026-03-12,TJS,8.23651,10,82.3651
2026-03-13,TJS,8.22673,10,82.2673
2026-03-14,TJS,8.34542,10,83.4542
2026-03-17,TJS,8.43691,10,84.3691
2026-03-18,TJS,8.52327,10,85.2327
2026-03-19,TJS,8.65174,10,86.5174
2026-03-20,TJS,8.82992,10,88.2992
2026-03-21,TJS,8.80604,10,88.0604
2026-03-24,TJS,8.80604,10,88.0604
2026-03-25,TJS,8.48757,10,84.8757
2026-03-26,TJS,8.46229,10,84.6229
2026-03-27,TJS,8.61033,10,86.1033
2026-03-28,TJS,8.50685,10,85.0685
2026-03-31,TJS,8.46996,10,84.6996
2026-04-01,TJS,8.46526,10,84.6526
2026-04-02,TJS,8.42187,10,84.2187
2026-04-03,TJS,8.38,10,83.8
2026-04-04,TJS,8.32786,10,83.2786
2026-04-07,TJS,8.22213,10,82.2213
2026-04-08,TJS,8.2443,10,82.443
2026-04-09,TJS,8.19769,10,81.9769
2026-04-10,TJS,8.15906,10,81.5906
2026-04-11,TJS,8.08169,10,80.8169
2026-04-14,TJS,8.01903,10,80.1903
2026-04-15,TJS,7.9843,10,79.843
2026-04-16,TJS,7.93405,10,79.3405
2026-04-17,TJS,8.02384,10,80.2384
2026-04-18,TJS,8.03473,10,80.3473
2026-04-21,TJS,7.95519,10,79.5519
2026-04-22,TJS,7.8915,10,78.915
2026-04-23,TJS,7.94091,10,79.4091
2026-04-24,TJS,7.93053,10,79.3053
2026-04-25,TJS,8.00866,10,80.0866
2026-04-28,TJS,7.93939,10,79.3939
2026-04-29,TJS,7.92735,10,79.2735
2026-04-30,TJS,7.95384,10,79.5384
2026-05-01,TJS,7.95683,10,79.5683
2026-05-05,TJS,8.03327,10,80.3327
2026-05-06,TJS,8.03438,10,80.3438
2026-05-07,TJS,8.01985,10,80.1985
2026-05-08,TJS,7.96058,10,79.6058
2026-05-09,TJS,7.93162,10,79.3162
2026-05-13,TJS,7.8855,10,78.855
2026-05-14,TJS,7.83845,10,78.3845
2026-05-15,TJS,7.82063,10,78.2063
2026-05-16,TJS,7.82531,10,78.2531
2026-05-19,TJS,7.74208,10,77.4208
2026-05-20,TJS,7.6422,10,76.422
2026-05-21,TJS,7.61455,10,76.1455
2026-05-22,TJS,7.62119,10,76.2119
2026-05-23,TJS,7.67396,10,76.7396
2026-05-26,TJS,7.71028,10,77.1028
2026-05-27,TJS,7.74622,10,77.4622
2026-05-28,TJS,7.66334,10,76.6334
2026-05-29,TJS,7.71309,10,77.1309
2026-05-30,TJS,7.67536,10,76.7536
2026-06-02,TJS,7.73849,10,77.3849
2026-06-03,TJS,7.84429,10,78.4429
2026-06-04,TJS,7.91167,10,79.1167
2026-06-05,TJS,8.00591,10,80.0591
2026-06-06,TJS,7.91682,10,79.1682
2026-06-09,TJS,7.83535,10,78.3535
2026-06-10,TJS,7.66882,10,76.6882
2026-06-11,TJS,7.68128,10,76.8128
2026-06-12,TJS,7.71269,10,77.1269
2026-06-16,TJS,7.77533,10,77.7533
2026-06-17,TJS,7.7587,10,77.587
2026-06-18,TJS,7.83373,10,78.3373
2026-06-19,TJS,7.8785,10,78.785
2026-06-20,TJS,7.88649,10,78.8649
2026-06-23,TJS,7.93983,10,79.3983
2026-06-24,TJS,8.03065,10,80.3065
2026-06-25,TJS,8.04287,10,80.4287
2026-06-26,TJS,8.14555,10,81.4555
2026-06-27,TJS,8.31529,10,83.1529
2026-06-30,TJS,8.39004,10,83.9004
2026-07-01,TJS,8.44105,10,84.4105
2026-07-02,TJS,8.43411,10,84.3411
2026-07-03,TJS,8.3962,10,83.962
2026-07-04,TJS,8.32002,10,83.2002
2026-07-07,TJS,8.4037,10,84.037
2026-07-08,TJS,8.20498,10,82.0498
2026-07-09,TJS,8.23828,10,82.3828
2026-07-10,TJS,8.21415,10,82.1415
2026-07-11,TJS,8.28387,10,82.8387
2026-07-14,TJS,8.27918,10,82.7918
2026-07-15,TJS,8.37344,10,83.7344
2026-07-16,TJS,8.42376,10,84.2376
2026-07-17,TJS,8.46234,10,84.6234
2026-07-18,TJS,8.47554,10,84.7554
2026-07-21,TJS,8.46228,10,84.6228
2026-07-22,TJS,8.48801,10,84.8801
2026-07-23,TJS,8.48238,10,84.8238
2026-07-24,TJS,8.47648,10,84.7648
2026-07-25,TJS,8.42301,10,84.2301
2026-07-28,TJS,8.43101,10,84.3101
2026-07-29,TJS,8.51268,10,85.1268
2026-07-30,TJS,8.58517,10,85.8517
2026-07-31,TJS,8.63089,10,86.3089
2026-08-01,TJS,8.59216,10,85.9216
2026-08-04,TJS,8.65757,10,86.5757
2026-08-05,TJS,8.77043,10,87.7043
2026-08-06,TJS,8.76114,10,87.6114
2026-08-07,TJS,8.80312,10,88.0312
2026-08-08,TJS,8.88517,10,88.8517
2026-08-11,TJS,8.9271,10,89.271
2026-08-12,TJS,8.90205,10,89.0205
2026-08-13,TJS,8.96991,10,89.6991
2026-08-14,TJS,9.04757,10,90.4757
2026-08-15,TJS,9.12736,10,91.2736
2026-08-18,TJS,9.18143,10,91.8143
2026-08-19,TJS,9.19991,10,91.9991
2026-08-20,TJS,9.19611,10,91.9611
2026-08-21,TJS,9.00931,10,90.0931
2026-08-22,TJS,8.97026,10,89.7026
2026-08-25,TJS,9.00214,10,90.0214
2026-08-26,TJS,9.12922,10,91.2922
2026-08-27,TJS,9.11265,10,91.1265
2026-08-28,TJS,9.29284,10,92.9284
2026-08-29,TJS,9.25493,10,92.5493
2026-09-01,TJS,9.33084,10,93.3084
2010-01-12,UZS,0.019442599999999997,1000,19.4426
2010-01-13,UZS,0.019409,1000,19.409
2010-01-14,UZS,0.019583,1000,19.583
2010-01-15,UZS,0.0194436,1000,19.4436
2010-01-16,UZS,0.019487400000000002,1000,19.4874
2010-01-19,UZS,0.0195112,1000,19.5112
2010-01-20,UZS,0.019459800000000003,1000,19.4598
2010-01-21,UZS,0.0195258,1000,19.5258
2010-01-22,UZS,0.019561699999999998,1000,19.5617
2010-01-23,UZS,0.0195598,1000,19.5598
2010-01-26,UZS,0.0197892,1000,19.7892
2010-01-27,UZS,0.019933199999999998,1000,19.9332
2010-01-28,UZS,0.0198763,1000,19.8763
2010-01-29,UZS,0.019922899999999997,1000,19.9229
2010-01-30,UZS,0.019967600000000002,1000,19.9676
2010-02-02,UZS,0.0199469,1000,19.9469
2010-02-03,UZS,0.0198047,1000,19.8047
2010-02-04,UZS,0.0195618,1000,19.5618
2010-02-05,UZS,0.019645299999999997,1000,19.6453
2010-02-06,UZS,0.0199472,1000,19.9472
2010-02-09,UZS,0.019979399999999998,1000,19.9794
2010-02-10,UZS,0.0198863,1000,19.8863
2010-02-11,UZS,0.019802900000000002,1000,19.8029
2010-02-12,UZS,0.0196797,1000,19.6797
2010-02-13,UZS,0.0197026,1000,19.7026
2010-02-16,UZS,0.0197425,1000,19.7425
2010-02-17,UZS,0.0196752,1000,19.6752
2010-02-18,UZS,0.019582799999999997,1000,19.5828
2010-02-19,UZS,0.019629,1000,19.629
2010-02-20,UZS,0.0196532,1000,19.6532
2010-02-25,UZS,0.019534199999999998,1000,19.5342
2010-02-26,UZS,0.019548,1000,19.548
2010-02-27,UZS,0.019539300000000002,1000,19.5393
2010-02-28,UZS,0.019480499999999998,1000,19.4805
2010-03-02,UZS,0.0194686,1000,19.4686
2010-03-03,UZS,0.019465800000000002,1000,19.4658
2010-03-04,UZS,0.019359400000000002,1000,19.3594
2010-03-05,UZS,0.0193644,1000,19.3644
2010-03-06,UZS,0.019374,1000,19.374
2010-03-10,UZS,0.0193177,1000,19.3177
2010-03-11,UZS,0.0193015,1000,19.3015
2010-03-12,UZS,0.0191265,1000,19.1265
2010-03-13,UZS,0.0190424,1000,19.0424
2010-03-16,UZS,0.019007200000000002,1000,19.0072
2010-03-17,UZS,0.0190203,1000,19.0203
2010-03-18,UZS,0.0188706,1000,18.8706
2010-03-19,UZS,0.0188898,1000,18.8898
2010-03-20,UZS,0.0189119,1000,18.9119
2010-03-23,UZS,0.018965199999999998,1000,18.9652
2010-03-24,UZS,0.0190503,1000,19.0503
2010-03-25,UZS,0.0191187,1000,19.1187
2010-03-26,UZS,0.019128,1000,19.128
2010-03-27,UZS,0.0190358,1000,19.0358
2010-03-30,UZS,0.019111,1000,19.111
2010-03-31,UZS,0.0188993,1000,18.8993
2010-04-01,UZS,0.0189841,1000,18.9841
2010-04-02,UZS,0.0189479,1000,18.9479
2010-04-03,UZS,0.0188063,1000,18.8063
2010-04-06,UZS,0.018764,1000,18.764
2010-04-07,UZS,0.018784500000000003,1000,18.7845
2010-04-08,UZS,0.0188181,1000,18.8181
2010-04-09,UZS,0.018886399999999998,1000,18.8864
2010-04-10,UZS,0.0188369,1000,18.8369
2010-04-13,UZS,0.0185925,1000,18.5925
2010-04-14,UZS,0.0186085,1000,18.6085
2010-04-15,UZS,0.0186181,1000,18.6181
2010-04-16,UZS,0.0185454,1000,18.5454
2010-04-17,UZS,0.0186105,1000,18.6105
2010-04-20,UZS,0.0187158,1000,18.7158
2010-04-21,UZS,0.018639299999999998,1000,18.6393
2010-04-22,UZS,0.018608899999999998,1000,18.6089
2010-04-23,UZS,0.0186334,1000,18.6334
2010-04-24,UZS,0.0187264,1000,18.7264
2010-04-27,UZS,0.0186074,1000,18.6074
2010-04-28,UZS,0.0185908,1000,18.5908
2010-04-29,UZS,0.018756000000000002,1000,18.756
2010-04-30,UZS,0.0186976,1000,18.6976
2010-05-01,UZS,0.0186114,1000,18.6114
2010-05-05,UZS,0.0187037,1000,18.7037
2010-05-06,UZS,0.0189482,1000,18.9482
2010-05-07,UZS,0.0193414,1000,19.3414
2010-05-08,UZS,0.0196109,1000,19.6109
2010-05-12,UZS,0.0193476,1000,19.3476
2010-05-13,UZS,0.019210599999999998,1000,19.2106
2010-05-14,UZS,0.0189911,1000,18.9911
2010-05-15,UZS,0.019116900000000003,1000,19.1169
2010-05-18,UZS,0.0195246,1000,19.5246
2010-05-19,UZS,0.0192907,1000,19.2907
2010-05-20,UZS,0.0194815,1000,19.4815
2010-05-21,UZS,0.019517700000000002,1000,19.5177
2010-05-22,UZS,0.0197115,1000,19.7115
2010-05-25,UZS,0.0195958,1000,19.5958
2010-05-26,UZS,0.019947399999999997,1000,19.9474
2010-05-27,UZS,0.0198584,1000,19.8584
2010-05-28,UZS,0.019557400000000003,1000,19.5574
2010-05-29,UZS,0.0193148,1000,19.3148
2010-06-01,UZS,0.0194696,1000,19.4696
2010-06-02,UZS,0.0196788,1000,19.6788
2010-06-03,UZS,0.019712399999999998,1000,19.7124
2010-06-04,UZS,0.019525200000000003,1000,19.5252
2010-06-05,UZS,0.0196356,1000,19.6356
2010-06-08,UZS,0.0200852,1000,20.0852
2010-06-09,UZS,0.019942599999999998,1000,19.9426
2010-06-10,UZS,0.0200121,1000,20.0121
2010-06-11,UZS,0.0199137,1000,19.9137
2010-06-12,UZS,0.0198336,1000,19.8336
2010-06-16,UZS,0.0197936,1000,19.7936
2010-06-17,UZS,0.019603000000000002,1000,19.603
2010-06-18,UZS,0.0196211,1000,19.6211
2010-06-19,UZS,0.0194315,1000,19.4315
2010-06-22,UZS,0.0193325,1000,19.3325
2010-06-23,UZS,0.019404,1000,19.404
2010-06-24,UZS,0.019450099999999998,1000,19.4501
2010-06-25,UZS,0.0194787,1000,19.4787
2010-06-26,UZS,0.0195171,1000,19.5171
2010-06-29,UZS,0.019458800000000002,1000,19.4588
2010-06-30,UZS,0.019558199999999998,1000,19.5582
2010-07-01,UZS,0.0195959,1000,19.5959
2010-07-02,UZS,0.0196679,1000,19.6679
2010-07-03,UZS,0.019557500000000002,1000,19.5575
2010-07-06,UZS,0.0195062,1000,19.5062
2010-07-07,UZS,0.0194731,1000,19.4731
2010-07-08,UZS,0.0194605,1000,19.4605
2010-07-09,UZS,0.0193702,1000,19.3702
2010-07-10,UZS,0.0192746,1000,19.2746
2010-07-13,UZS,0.019329100000000002,1000,19.3291
2010-07-14,UZS,0.019311599999999998,1000,19.3116
2010-07-15,UZS,0.01908,1000,19.08
2010-07-16,UZS,0.0190943,1000,19.0943
2010-07-17,UZS,0.0190315,1000,19.0315
2010-07-20,UZS,0.019101800000000002,1000,19.1018
2010-07-21,UZS,0.018996700000000002,1000,18.9967
2010-07-22,UZS,0.018968,1000,18.968
2010-07-23,UZS,0.0190395,1000,19.0395
2010-07-24,UZS,0.0189543,1000,18.9543
2010-07-27,UZS,0.0189023,1000,18.9023
2010-07-28,UZS,0.0188639,1000,18.8639
2010-07-29,UZS,0.0188139,1000,18.8139
2010-07-30,UZS,0.0188205,1000,18.8205
2010-07-31,UZS,0.0188016,1000,18.8016
2010-08-03,UZS,0.0188011,1000,18.8011
2010-08-04,UZS,0.0186653,1000,18.6653
2010-08-05,UZS,0.018557999999999998,1000,18.558
2010-08-06,UZS,0.018600000000000002,1000,18.6
2010-08-07,UZS,0.018580100000000002,1000,18.5801
2010-08-10,UZS,0.018572199999999997,1000,18.5722
2010-08-11,UZS,0.0186484,1000,18.6484
2010-08-12,UZS,0.0187609,1000,18.7609
2010-08-13,UZS,0.0189126,1000,18.9126
2010-08-14,UZS,0.018894300000000003,1000,18.8943
2010-08-17,UZS,0.018956499999999998,1000,18.9565
2010-08-18,UZS,0.0188987,1000,18.8987
2010-08-19,UZS,0.0188827,1000,18.8827
2010-08-20,UZS,0.018906199999999998,1000,18.9062
2010-08-21,UZS,0.018935,1000,18.935
2010-08-24,UZS,0.0189934,1000,18.9934
2010-08-25,UZS,0.019067399999999998,1000,19.0674
2010-08-26,UZS,0.0191541,1000,19.1541
2010-08-27,UZS,0.0191088,1000,19.1088
2010-08-28,UZS,0.0190308,1000,19.0308
2010-08-31,UZS,0.0190104,1000,19.0104
2010-09-01,UZS,0.0191362,1000,19.1362
2010-09-02,UZS,0.0190948,1000,19.0948
2010-09-03,UZS,0.0190239,1000,19.0239
2010-09-04,UZS,0.0190279,1000,19.0279
2010-09-07,UZS,0.018956499999999998,1000,18.9565
2010-09-08,UZS,0.019014399999999997,1000,19.0144
2010-09-09,UZS,0.019110600000000002,1000,19.1106
2010-09-10,UZS,0.0191061,1000,19.1061
2010-09-11,UZS,0.0191145,1000,19.1145
2010-09-14,UZS,0.0189842,1000,18.9842
2010-09-15,UZS,0.018985,1000,18.985
2010-09-16,UZS,0.019007200000000002,1000,19.0072
2010-09-17,UZS,0.019181300000000002,1000,19.1813
2010-09-18,UZS,0.0192186,1000,19.2186
2010-09-21,UZS,0.0191557,1000,19.1557
2010-09-22,UZS,0.0192178,1000,19.2178
2010-09-23,UZS,0.0191382,1000,19.1382
2010-09-24,UZS,0.0191508,1000,19.1508
2010-09-25,UZS,0.0191168,1000,19.1168
2010-09-28,UZS,0.018909199999999998,1000,18.9092
2010-09-29,UZS,0.0188874,1000,18.8874
2010-09-30,UZS,0.018765,1000,18.765
2010-10-01,UZS,0.018832599999999998,1000,18.8326
2010-10-02,UZS,0.0188306,1000,18.8306
2010-10-05,UZS,0.0188224,1000,18.8224
2010-10-06,UZS,0.0187687,1000,18.7687
2010-10-07,UZS,0.0184337,1000,18.4337
2010-10-08,UZS,0.0182737,1000,18.2737
2010-10-09,UZS,0.018443400000000002,1000,18.4434
2010-10-12,UZS,0.018396,1000,18.396
2010-10-13,UZS,0.0185284,1000,18.5284
2010-10-14,UZS,0.0185596,1000,18.5596
2010-10-15,UZS,0.0184392,1000,18.4392
2010-10-16,UZS,0.018557999999999998,1000,18.558
2010-10-19,UZS,0.018804099999999997,1000,18.8041
2010-10-20,UZS,0.0187202,1000,18.7202
2010-10-21,UZS,0.018955100000000003,1000,18.9551
2010-10-22,UZS,0.018917000000000003,1000,18.917
2010-10-23,UZS,0.018771,1000,18.771
2010-10-26,UZS,0.0186037,1000,18.6037
2010-10-27,UZS,0.0186927,1000,18.6927
2010-10-28,UZS,0.0187962,1000,18.7962
2010-10-29,UZS,0.018864000000000002,1000,18.864
2010-10-30,UZS,0.018927700000000002,1000,18.9277
2010-11-02,UZS,0.018922599999999998,1000,18.9226
2010-11-03,UZS,0.0189195,1000,18.9195
2010-11-04,UZS,0.0189052,1000,18.9052
2010-11-09,UZS,0.0189249,1000,18.9249
2010-11-10,UZS,0.018941700000000002,1000,18.9417
2010-11-11,UZS,0.0188382,1000,18.8382
2010-11-12,UZS,0.018726600000000003,1000,18.7266
2010-11-13,UZS,0.0188871,1000,18.8871
2010-11-14,UZS,0.0189296,1000,18.9296
2010-11-16,UZS,0.018943,1000,18.943
2010-11-17,UZS,0.0190613,1000,19.0613
2010-11-18,UZS,0.0192409,1000,19.2409
2010-11-19,UZS,0.0191297,1000,19.1297
2010-11-20,UZS,0.0189758,1000,18.9758
2010-11-23,UZS,0.019004,1000,19.004
2010-11-24,UZS,0.0191512,1000,19.1512
2010-11-25,UZS,0.0191688,1000,19.1688
2010-11-26,UZS,0.0191635,1000,19.1635
2010-11-27,UZS,0.0192062,1000,19.2062
2010-11-30,UZS,0.0191769,1000,19.1769
2010-12-01,UZS,0.0191771,1000,19.1771
2010-12-02,UZS,0.0192518,1000,19.2518
2010-12-03,UZS,0.019188300000000002,1000,19.1883
2010-12-04,UZS,0.019134599999999998,1000,19.1346
2010-12-07,UZS,0.0191485,1000,19.1485
2010-12-08,UZS,0.019091999999999998,1000,19.092
2010-12-09,UZS,0.0191037,1000,19.1037
2010-12-10,UZS,0.0189448,1000,18.9448
2010-12-11,UZS,0.018869800000000003,1000,18.8698
2010-12-14,UZS,0.018894400000000002,1000,18.8944
2010-12-15,UZS,0.018782399999999998,1000,18.7824
2010-12-16,UZS,0.018767199999999998,1000,18.7672
2010-12-17,UZS,0.0187873,1000,18.7873
2010-12-18,UZS,0.0187357,1000,18.7357
2010-12-21,UZS,0.0188007,1000,18.8007
2010-12-22,UZS,0.0187479,1000,18.7479
2010-12-23,UZS,0.018747800000000002,1000,18.7478
2010-12-24,UZS,0.0186706,1000,18.6706
2010-12-25,UZS,0.0186618,1000,18.6618
2010-12-28,UZS,0.0185835,1000,18.5835
2010-12-29,UZS,0.0184585,1000,18.4585
2010-12-30,UZS,0.018511700000000002,1000,18.5117
2010-12-31,UZS,0.0185835,1000,18.5835
2011-01-01,UZS,0.0185064,1000,18.5064
2011-01-12,UZS,0.0186301,1000,18.6301
2011-01-13,UZS,0.0184923,1000,18.4923
2011-01-14,UZS,0.018306100000000002,1000,18.3061
2011-01-15,UZS,0.018221699999999997,1000,18.2217
2011-01-18,UZS,0.0182822,1000,18.2822
2011-01-19,UZS,0.0181425,1000,18.1425
2011-01-20,UZS,0.018104299999999997,1000,18.1043
2011-01-21,UZS,0.0181586,1000,18.1586
2011-01-22,UZS,0.018216999999999997,1000,18.217
2011-01-25,UZS,0.0181203,1000,18.1203
2011-01-26,UZS,0.0180483,1000,18.0483
2011-01-27,UZS,0.018037400000000002,1000,18.0374
2011-01-28,UZS,0.017975,1000,17.975
2011-01-29,UZS,0.0179717,1000,17.9717
2011-02-01,UZS,0.0180525,1000,18.0525
2011-02-02,UZS,0.017926400000000002,1000,17.9264
2011-02-03,UZS,0.0177856,1000,17.7856
2011-02-04,UZS,0.017741499999999997,1000,17.7415
2011-02-05,UZS,0.0177806,1000,17.7806
2011-02-08,UZS,0.017753599999999998,1000,17.7536
2011-02-09,UZS,0.0176534,1000,17.6534
2011-02-10,UZS,0.0176811,1000,17.6811
2011-02-11,UZS,0.0177128,1000,17.7128
2011-02-12,UZS,0.0176926,1000,17.6926
2011-02-15,UZS,0.0176554,1000,17.6554
2011-02-16,UZS,0.017671500000000003,1000,17.6715
2011-02-17,UZS,0.0176272,1000,17.6272
2011-02-18,UZS,0.0176099,1000,17.6099
2011-02-19,UZS,0.0176182,1000,17.6182
2011-02-22,UZS,0.0175558,1000,17.5558
2011-02-23,UZS,0.0175942,1000,17.5942
2011-02-25,UZS,0.017519200000000002,1000,17.5192
2011-02-26,UZS,0.0173867,1000,17.3867
2011-03-01,UZS,0.017364,1000,17.364
2011-03-02,UZS,0.0172486,1000,17.2486
2011-03-03,UZS,0.017171099999999998,1000,17.1711
2011-03-04,UZS,0.0169882,1000,16.9882
2011-03-05,UZS,0.0169074,1000,16.9074
2011-03-06,UZS,0.016897600000000002,1000,16.8976
2011-03-10,UZS,0.016971299999999998,1000,16.9713
2011-03-11,UZS,0.0170258,1000,17.0258
2011-03-12,UZS,0.0171432,1000,17.1432
2011-03-15,UZS,0.0171625,1000,17.1625
2011-03-16,UZS,0.0171998,1000,17.1998
2011-03-17,UZS,0.0171178,1000,17.1178
2011-03-18,UZS,0.0171679,1000,17.1679
2011-03-19,UZS,0.0170091,1000,17.0091
2011-03-22,UZS,0.0169441,1000,16.9441
2011-03-23,UZS,0.016817799999999997,1000,16.8178
2011-03-24,UZS,0.0168501,1000,16.8501
2011-03-25,UZS,0.0169285,1000,16.9285
2011-03-26,UZS,0.0168226,1000,16.8226
2011-03-29,UZS,0.0169342,1000,16.9342
2011-03-30,UZS,0.016894,1000,16.894
2011-03-31,UZS,0.0169449,1000,16.9449
2011-04-01,UZS,0.0169969,1000,16.9969
2011-04-02,UZS,0.016908799999999998,1000,16.9088
2011-04-05,UZS,0.0167922,1000,16.7922
2011-04-06,UZS,0.0168117,1000,16.8117
2011-04-07,UZS,0.0167554,1000,16.7554
2011-04-08,UZS,0.0167626,1000,16.7626
2011-04-09,UZS,0.0166988,1000,16.6988
2011-04-12,UZS,0.016612500000000002,1000,16.6125
2011-04-13,UZS,0.0166919,1000,16.6919
2011-04-14,UZS,0.0166735,1000,16.6735
2011-04-15,UZS,0.0167174,1000,16.7174
2011-04-16,UZS,0.0167368,1000,16.7368
2011-04-19,UZS,0.0167026,1000,16.7026
2011-04-20,UZS,0.016825,1000,16.825
2011-04-21,UZS,0.0166619,1000,16.6619
2011-04-22,UZS,0.01654,1000,16.54
2011-04-23,UZS,0.0165398,1000,16.5398
2011-04-26,UZS,0.016571100000000002,1000,16.5711
2011-04-27,UZS,0.0164914,1000,16.4914
2011-04-28,UZS,0.0163838,1000,16.3838
2011-04-29,UZS,0.0162557,1000,16.2557
2011-04-30,UZS,0.016258400000000003,1000,16.2584
2011-05-04,UZS,0.0161594,1000,16.1594
2011-05-05,UZS,0.0161788,1000,16.1788
2011-05-06,UZS,0.016086,1000,16.086
2011-05-07,UZS,0.0163226,1000,16.3226
2011-05-11,UZS,0.0164412,1000,16.4412
2011-05-12,UZS,0.0163021,1000,16.3021
2011-05-13,UZS,0.0164675,1000,16.4675
2011-05-14,UZS,0.0164101,1000,16.4101
2011-05-17,UZS,0.0165705,1000,16.5705
2011-05-18,UZS,0.0165445,1000,16.5445
2011-05-19,UZS,0.016502700000000002,1000,16.5027
2011-05-20,UZS,0.0164522,1000,16.4522
2011-05-21,UZS,0.0164249,1000,16.4249
2011-05-24,UZS,0.0166764,1000,16.6764
2011-05-25,UZS,0.0167102,1000,16.7102
2011-05-26,UZS,0.0167351,1000,16.7351
2011-05-27,UZS,0.0165873,1000,16.5873
2011-05-28,UZS,0.0165219,1000,16.5219
2011-05-31,UZS,0.0164936,1000,16.4936
2011-06-01,UZS,0.0164419,1000,16.4419
2011-06-02,UZS,0.0164347,1000,16.4347
2011-06-03,UZS,0.016478000000000003,1000,16.478
2011-06-04,UZS,0.01638,1000,16.38
2011-06-07,UZS,0.0163213,1000,16.3213
2011-06-08,UZS,0.0163249,1000,16.3249
2011-06-09,UZS,0.0162681,1000,16.2681
2011-06-10,UZS,0.016279,1000,16.279
2011-06-11,UZS,0.016330400000000002,1000,16.3304
2011-06-15,UZS,0.0163937,1000,16.3937
2011-06-16,UZS,0.0163921,1000,16.3921
2011-06-17,UZS,0.016565,1000,16.565
2011-06-18,UZS,0.0165578,1000,16.5578
2011-06-21,UZS,0.0165581,1000,16.5581
2011-06-22,UZS,0.0164603,1000,16.4603
2011-06-23,UZS,0.0163922,1000,16.3922
2011-06-24,UZS,0.0163974,1000,16.3974
2011-06-25,UZS,0.016460899999999997,1000,16.4609
2011-06-28,UZS,0.016657699999999998,1000,16.6577
2011-06-29,UZS,0.0165017,1000,16.5017
2011-06-30,UZS,0.0164085,1000,16.4085
2011-07-01,UZS,0.0162898,1000,16.2898
2011-07-02,UZS,0.0162787,1000,16.2787
2011-07-05,UZS,0.0162495,1000,16.2495
2011-07-06,UZS,0.016283699999999998,1000,16.2837
2011-07-07,UZS,0.0163003,1000,16.3003
2011-07-08,UZS,0.016355599999999998,1000,16.3556
2011-07-09,UZS,0.0162988,1000,16.2988
2011-07-12,UZS,0.0164133,1000,16.4133
2011-07-13,UZS,0.0165888,1000,16.5888
2011-07-14,UZS,0.016428,1000,16.428
2011-07-15,UZS,0.0163148,1000,16.3148
2011-07-16,UZS,0.0163536,1000,16.3536
2011-07-19,UZS,0.0163826,1000,16.3826
2011-07-20,UZS,0.0163669,1000,16.3669
2011-07-21,UZS,0.0162834,1000,16.2834
2011-07-22,UZS,0.016203,1000,16.203
2011-07-23,UZS,0.016092,1000,16.092
2011-07-26,UZS,0.0161062,1000,16.1062
2011-07-27,UZS,0.0159928,1000,15.9928
2011-07-28,UZS,0.0159101,1000,15.9101
2011-07-29,UZS,0.0159952,1000,15.9952
2011-07-30,UZS,0.0160467,1000,16.0467
2011-08-02,UZS,0.0159544,1000,15.9544
2011-08-03,UZS,0.016125399999999998,1000,16.1254
2011-08-04,UZS,0.0161742,1000,16.1742
2011-08-05,UZS,0.0161223,1000,16.1223
2011-08-06,UZS,0.0164089,1000,16.4089
2011-08-09,UZS,0.0165148,1000,16.5148
2011-08-10,UZS,0.0170125,1000,17.0125
2011-08-11,UZS,0.0169488,1000,16.9488
2011-08-12,UZS,0.0170127,1000,17.0127
2011-08-13,UZS,0.017029,1000,17.029
2011-08-16,UZS,0.0166892,1000,16.6892
2011-08-17,UZS,0.0165784,1000,16.5784
2011-08-18,UZS,0.0165885,1000,16.5885
2011-08-19,UZS,0.0166987,1000,16.6987
2011-08-20,UZS,0.016906300000000003,1000,16.9063
2011-08-23,UZS,0.0168974,1000,16.8974
2011-08-24,UZS,0.0167237,1000,16.7237
2011-08-25,UZS,0.0166942,1000,16.6942
2011-08-26,UZS,0.016655200000000002,1000,16.6552
2011-08-27,UZS,0.016649,1000,16.649
2011-08-30,UZS,0.0165562,1000,16.5562
2011-08-31,UZS,0.0166405,1000,16.6405
2011-09-01,UZS,0.0166814,1000,16.6814
2011-09-02,UZS,0.0166602,1000,16.6602
2011-09-03,UZS,0.0167578,1000,16.7578
2011-09-06,UZS,0.016895499999999997,1000,16.8955
2011-09-07,UZS,0.0170493,1000,17.0493
2011-09-08,UZS,0.0169801,1000,16.9801
2011-09-09,UZS,0.016960100000000002,1000,16.9601
2011-09-10,UZS,0.0170686,1000,17.0686
2011-09-13,UZS,0.0174211,1000,17.4211
2011-09-14,UZS,0.0173543,1000,17.3543
2011-09-15,UZS,0.0174329,1000,17.4329
2011-09-16,UZS,0.0175132,1000,17.5132
2011-09-17,UZS,0.0175297,1000,17.5297
2011-09-20,UZS,0.0177221,1000,17.7221
2011-09-21,UZS,0.0180827,1000,18.0827
2011-09-22,UZS,0.018034500000000002,1000,18.0345
2011-09-23,UZS,0.0183207,1000,18.3207
2011-09-24,UZS,0.0184342,1000,18.4342
2011-09-27,UZS,0.0186372,1000,18.6372
2011-09-28,UZS,0.0184473,1000,18.4473
2011-09-29,UZS,0.0182171,1000,18.2171
2011-09-30,UZS,0.0182498,1000,18.2498
2011-10-01,UZS,0.0183843,1000,18.3843
2011-10-04,UZS,0.0186585,1000,18.6585
2011-10-05,UZS,0.0187106,1000,18.7106
2011-10-06,UZS,0.0186471,1000,18.6471
2011-10-07,UZS,0.0185734,1000,18.5734
2011-10-08,UZS,0.0183974,1000,18.3974
2011-10-11,UZS,0.0182884,1000,18.2884
2011-10-12,UZS,0.0179555,1000,17.9555
2011-10-13,UZS,0.017948699999999998,1000,17.9487
2011-10-14,UZS,0.017826599999999998,1000,17.8266
2011-10-15,UZS,0.0177061,1000,17.7061
2011-10-18,UZS,0.0175613,1000,17.5613
2011-10-19,UZS,0.017694099999999997,1000,17.6941
2011-10-20,UZS,0.0175931,1000,17.5931
2011-10-21,UZS,0.0178509,1000,17.8509
2011-10-22,UZS,0.017826599999999998,1000,17.8266
2011-10-25,UZS,0.017536100000000002,1000,17.5361
2011-10-26,UZS,0.0173121,1000,17.3121
2011-10-27,UZS,0.0173553,1000,17.3553
2011-10-28,UZS,0.0171673,1000,17.1673
2011-10-29,UZS,0.016971800000000002,1000,16.9718
2011-11-01,UZS,0.0171006,1000,17.1006
2011-11-02,UZS,0.0173573,1000,17.3573
2011-11-03,UZS,0.017378900000000003,1000,17.3789
2011-11-04,UZS,0.01747,1000,17.47
2011-11-08,UZS,0.0173146,1000,17.3146
2011-11-09,UZS,0.01724,1000,17.24
2011-11-10,UZS,0.017015,1000,17.015
2011-11-11,UZS,0.0174345,1000,17.4345
2011-11-12,UZS,0.0172552,1000,17.2552
2011-11-15,UZS,0.0171217,1000,17.1217
2011-11-16,UZS,0.0173297,1000,17.3297
2011-11-17,UZS,0.0174324,1000,17.4324
2011-11-18,UZS,0.017371300000000003,1000,17.3713
2011-11-19,UZS,0.017476099999999998,1000,17.4761
2011-11-22,UZS,0.0175045,1000,17.5045
2011-11-23,UZS,0.0175564,1000,17.5564
2011-11-24,UZS,0.0176424,1000,17.6424
2011-11-25,UZS,0.0177686,1000,17.7686
2011-11-26,UZS,0.017849,1000,17.849
2011-11-29,UZS,0.0177545,1000,17.7545
2011-11-30,UZS,0.0175942,1000,17.5942
2011-12-01,UZS,0.017638300000000003,1000,17.6383
2011-12-02,UZS,0.017328499999999997,1000,17.3285
2011-12-03,UZS,0.0173068,1000,17.3068
2011-12-06,UZS,0.0173612,1000,17.3612
2011-12-07,UZS,0.017435700000000002,1000,17.4357
2011-12-08,UZS,0.0174637,1000,17.4637
2011-12-09,UZS,0.0175075,1000,17.5075
2011-12-10,UZS,0.0176972,1000,17.6972
2011-12-13,UZS,0.0176099,1000,17.6099
2011-12-14,UZS,0.017717300000000002,1000,17.7173
2011-12-15,UZS,0.017770499999999998,1000,17.7705
2011-12-16,UZS,0.0178433,1000,17.8433
2011-12-17,UZS,0.0177731,1000,17.7731
2011-12-20,UZS,0.0179198,1000,17.9198
2011-12-21,UZS,0.0178923,1000,17.8923
2011-12-22,UZS,0.0177319,1000,17.7319
2011-12-23,UZS,0.0176196,1000,17.6196
2011-12-24,UZS,0.017448799999999997,1000,17.4488
2011-12-27,UZS,0.0174316,1000,17.4316
2011-12-28,UZS,0.0173524,1000,17.3524
2011-12-29,UZS,0.017584,1000,17.584
2011-12-30,UZS,0.0178383,1000,17.8383
2011-12-31,UZS,0.017936499999999998,1000,17.9365
2012-01-11,UZS,0.0177061,1000,17.7061
2012-01-12,UZS,0.0176037,1000,17.6037
2012-01-13,UZS,0.0175993,1000,17.5993
2012-01-14,UZS,0.017545,1000,17.545
2012-01-17,UZS,0.0177402,1000,17.7402
2012-01-18,UZS,0.017523700000000003,1000,17.5237
2012-01-19,UZS,0.017481899999999998,1000,17.4819
2012-01-20,UZS,0.017445799999999997,1000,17.4458
2012-01-21,UZS,0.017340599999999998,1000,17.3406
2012-01-24,UZS,0.0173654,1000,17.3654
2012-01-25,UZS,0.017075399999999998,1000,17.0754
2012-01-26,UZS,0.0169602,1000,16.9602
2012-01-27,UZS,0.0167905,1000,16.7905
2012-01-28,UZS,0.0167919,1000,16.7919
2012-01-31,UZS,0.0167931,1000,16.7931
2012-02-01,UZS,0.0167645,1000,16.7645
2012-02-02,UZS,0.016782,1000,16.782
2012-02-03,UZS,0.01666,1000,16.66
2012-02-04,UZS,0.0166892,1000,16.6892
2012-02-07,UZS,0.0166858,1000,16.6858
2012-02-08,UZS,0.0165609,1000,16.5609
2012-02-09,UZS,0.0163439,1000,16.3439
2012-02-10,UZS,0.0163365,1000,16.3365
2012-02-11,UZS,0.016453600000000002,1000,16.4536
2012-02-14,UZS,0.0164509,1000,16.4509
2012-02-15,UZS,0.0165607,1000,16.5607
2012-02-16,UZS,0.016447700000000003,1000,16.4477
2012-02-17,UZS,0.0165937,1000,16.5937
2012-02-18,UZS,0.0164775,1000,16.4775
2012-02-21,UZS,0.0163579,1000,16.3579
2012-02-22,UZS,0.0163231,1000,16.3231
2012-02-23,UZS,0.0163174,1000,16.3174
2012-02-25,UZS,0.0161419,1000,16.1419
2012-02-28,UZS,0.0159651,1000,15.9651
2012-02-29,UZS,0.0158686,1000,15.8686
2012-03-01,UZS,0.0158791,1000,15.8791
2012-03-02,UZS,0.016023299999999997,1000,16.0233
2012-03-03,UZS,0.016027200000000002,1000,16.0272
2012-03-06,UZS,0.0160235,1000,16.0235
2012-03-07,UZS,0.0161119,1000,16.1119
2012-03-08,UZS,0.0162275,1000,16.2275
2012-03-12,UZS,0.016161000000000002,1000,16.161
2012-03-13,UZS,0.01623,1000,16.23
2012-03-14,UZS,0.0161438,1000,16.1438
2012-03-15,UZS,0.016145700000000002,1000,16.1457
2012-03-16,UZS,0.0161145,1000,16.1145
2012-03-17,UZS,0.0159923,1000,15.9923
2012-03-20,UZS,0.0159185,1000,15.9185
2012-03-21,UZS,0.0158558,1000,15.8558
2012-03-22,UZS,0.015879,1000,15.879
2012-03-23,UZS,0.015899,1000,15.899
2012-03-24,UZS,0.0159855,1000,15.9855
2012-03-27,UZS,0.0158916,1000,15.8916
2012-03-28,UZS,0.0157021,1000,15.7021
2012-03-29,UZS,0.0157768,1000,15.7768
2012-03-30,UZS,0.0158857,1000,15.8857
2012-03-31,UZS,0.015909,1000,15.909
2012-04-03,UZS,0.015919700000000002,1000,15.9197
2012-04-04,UZS,0.0158635,1000,15.8635
2012-04-05,UZS,0.0159362,1000,15.9362
2012-04-06,UZS,0.0159371,1000,15.9371
2012-04-07,UZS,0.0159535,1000,15.9535
2012-04-10,UZS,0.0160484,1000,16.0484
2012-04-11,UZS,0.0160485,1000,16.0485
2012-04-12,UZS,0.016111999999999998,1000,16.112
2012-04-13,UZS,0.0159853,1000,15.9853
2012-04-14,UZS,0.0159324,1000,15.9324
2012-04-17,UZS,0.0160893,1000,16.0893
2012-04-18,UZS,0.0159939,1000,15.9939
2012-04-19,UZS,0.0159189,1000,15.9189
2012-04-20,UZS,0.0159266,1000,15.9266
2012-04-21,UZS,0.0159316,1000,15.9316
2012-04-24,UZS,0.0159136,1000,15.9136
2012-04-25,UZS,0.0158957,1000,15.8957
2012-04-26,UZS,0.0158101,1000,15.8101
2012-04-27,UZS,0.015773,1000,15.773
2012-04-28,UZS,0.0158518,1000,15.8518
2012-04-29,UZS,0.0158191,1000,15.8191
2012-05-03,UZS,0.0158235,1000,15.8235
2012-05-04,UZS,0.0158732,1000,15.8732
2012-05-05,UZS,0.0159436,1000,15.9436
2012-05-06,UZS,0.0160588,1000,16.0588
2012-05-11,UZS,0.0162644,1000,16.2644
2012-05-12,UZS,0.016235299999999998,1000,16.2353
2012-05-13,UZS,0.0162077,1000,16.2077
2012-05-15,UZS,0.0162539,1000,16.2539
2012-05-16,UZS,0.0162886,1000,16.2886
2012-05-17,UZS,0.0166355,1000,16.6355
2012-05-18,UZS,0.016617200000000002,1000,16.6172
2012-05-19,UZS,0.016859100000000002,1000,16.8591
2012-05-22,UZS,0.0167335,1000,16.7335
2012-05-23,UZS,0.0166831,1000,16.6831
2012-05-24,UZS,0.016793,1000,16.793
2012-05-25,UZS,0.0169238,1000,16.9238
2012-05-26,UZS,0.0169947,1000,16.9947
2012-05-29,UZS,0.0170321,1000,17.0321
2012-05-30,UZS,0.0171707,1000,17.1707
2012-05-31,UZS,0.0173401,1000,17.3401
2012-06-01,UZS,0.017589300000000002,1000,17.5893
2012-06-02,UZS,0.018028,1000,18.028
2012-06-05,UZS,0.0181889,1000,18.1889
2012-06-06,UZS,0.0177404,1000,17.7404
2012-06-07,UZS,0.0175207,1000,17.5207
2012-06-08,UZS,0.0172018,1000,17.2018
2012-06-09,UZS,0.0174923,1000,17.4923
2012-06-10,UZS,0.0174124,1000,17.4124
2012-06-14,UZS,0.017429200000000002,1000,17.4292
2012-06-15,UZS,0.0173459,1000,17.3459
2012-06-16,UZS,0.017248899999999998,1000,17.2489
2012-06-19,UZS,0.0171089,1000,17.1089
2012-06-20,UZS,0.017321899999999998,1000,17.3219
2012-06-21,UZS,0.017283999999999997,1000,17.284
2012-06-22,UZS,0.0174907,1000,17.4907
2012-06-23,UZS,0.0178169,1000,17.8169
2012-06-26,UZS,0.017631,1000,17.631
2012-06-27,UZS,0.017633,1000,17.633
2012-06-28,UZS,0.0174232,1000,17.4232
2012-06-29,UZS,0.017477799999999998,1000,17.4778
2012-06-30,UZS,0.017411799999999998,1000,17.4118
2012-07-03,UZS,0.0172589,1000,17.2589
2012-07-04,UZS,0.017197,1000,17.197
2012-07-05,UZS,0.0170527,1000,17.0527
2012-07-06,UZS,0.0171937,1000,17.1937
2012-07-07,UZS,0.017273800000000002,1000,17.2738
2012-07-10,UZS,0.017468,1000,17.468
2012-07-11,UZS,0.017423400000000002,1000,17.4234
2012-07-12,UZS,0.017345600000000003,1000,17.3456
2012-07-13,UZS,0.0172873,1000,17.2873
2012-07-14,UZS,0.0172562,1000,17.2562
2012-07-17,UZS,0.0172361,1000,17.2361
2012-07-18,UZS,0.0171699,1000,17.1699
2012-07-19,UZS,0.0170856,1000,17.0856
2012-07-20,UZS,0.016912800000000002,1000,16.9128
2012-07-21,UZS,0.0168467,1000,16.8467
2012-07-24,UZS,0.017070799999999997,1000,17.0708
2012-07-25,UZS,0.0171693,1000,17.1693
2012-07-26,UZS,0.0173447,1000,17.3447
2012-07-27,UZS,0.0171641,1000,17.1641
2012-07-28,UZS,0.016948699999999997,1000,16.9487
2012-07-31,UZS,0.016935600000000002,1000,16.9356
2012-08-01,UZS,0.0169449,1000,16.9449
2012-08-02,UZS,0.016973199999999997,1000,16.9732
2012-08-03,UZS,0.0170383,1000,17.0383
2012-08-04,UZS,0.0170802,1000,17.0802
2012-08-07,UZS,0.01677,1000,16.77
2012-08-08,UZS,0.016622599999999998,1000,16.6226
2012-08-09,UZS,0.0165989,1000,16.5989
2012-08-10,UZS,0.0164889,1000,16.4889
2012-08-11,UZS,0.0167071,1000,16.7071
2012-08-14,UZS,0.016693100000000002,1000,16.6931
2012-08-15,UZS,0.0166064,1000,16.6064
2012-08-16,UZS,0.0166479,1000,16.6479
2012-08-17,UZS,0.016672899999999997,1000,16.6729
2012-08-18,UZS,0.0166446,1000,16.6446
2012-08-21,UZS,0.0167332,1000,16.7332
2012-08-22,UZS,0.016704,1000,16.704
2012-08-23,UZS,0.016623000000000002,1000,16.623
2012-08-24,UZS,0.0165219,1000,16.5219
2012-08-25,UZS,0.016588000000000002,1000,16.588
2012-08-28,UZS,0.0166195,1000,16.6195
2012-08-29,UZS,0.0166967,1000,16.6967
2012-08-30,UZS,0.016700600000000003,1000,16.7006
2012-08-31,UZS,0.0168043,1000,16.8043
2012-09-01,UZS,0.0169466,1000,16.9466
2012-09-04,UZS,0.0168686,1000,16.8686
2012-09-05,UZS,0.016718,1000,16.718
2012-09-06,UZS,0.0168536,1000,16.8536
2012-09-07,UZS,0.0167181,1000,16.7181
2012-09-08,UZS,0.0166218,1000,16.6218
2012-09-11,UZS,0.016470099999999998,1000,16.4701
2012-09-12,UZS,0.016462499999999998,1000,16.4625
2012-09-13,UZS,0.0163077,1000,16.3077
2012-09-14,UZS,0.0162669,1000,16.2669
2012-09-15,UZS,0.015965899999999998,1000,15.9659
2012-09-18,UZS,0.015846,1000,15.846
2012-09-19,UZS,0.0159977,1000,15.9977
2012-09-20,UZS,0.0159553,1000,15.9553
2012-09-21,UZS,0.0163236,1000,16.3236
2012-09-22,UZS,0.0161121,1000,16.1121
2012-09-25,UZS,0.016155799999999998,1000,16.1558
2012-09-26,UZS,0.0160739,1000,16.0739
2012-09-27,UZS,0.0161055,1000,16.1055
2012-09-28,UZS,0.0160916,1000,16.0916
2012-09-29,UZS,0.0159481,1000,15.9481
2012-10-02,UZS,0.0161218,1000,16.1218
2012-10-03,UZS,0.0160606,1000,16.0606
2012-10-04,UZS,0.0160912,1000,16.0912
2012-10-05,UZS,0.016023199999999998,1000,16.0232
2012-10-06,UZS,0.0159477,1000,15.9477
2012-10-09,UZS,0.016000900000000002,1000,16.0009
2012-10-10,UZS,0.016012000000000002,1000,16.012
2012-10-11,UZS,0.016064699999999998,1000,16.0647
2012-10-12,UZS,0.0160467,1000,16.0467
2012-10-13,UZS,0.0159474,1000,15.9474
2012-10-16,UZS,0.0160016,1000,16.0016
2012-10-17,UZS,0.0158784,1000,15.8784
2012-10-18,UZS,0.0157999,1000,15.7999
2012-10-19,UZS,0.0157605,1000,15.7605
2012-10-20,UZS,0.0157927,1000,15.7927
2012-10-23,UZS,0.0158574,1000,15.8574
2012-10-24,UZS,0.0159362,1000,15.9362
2012-10-25,UZS,0.0160319,1000,16.0319
2012-10-26,UZS,0.0160043,1000,16.0043
2012-10-27,UZS,0.0161211,1000,16.1211
2012-10-30,UZS,0.016100200000000002,1000,16.1002
2012-10-31,UZS,0.016115400000000002,1000,16.1154
2012-11-01,UZS,0.0160383,1000,16.0383
2012-11-02,UZS,0.0160344,1000,16.0344
2012-11-03,UZS,0.0160421,1000,16.0421
2012-11-07,UZS,0.016112500000000002,1000,16.1125
2012-11-08,UZS,0.0159711,1000,15.9711
2012-11-09,UZS,0.0160789,1000,16.0789
2012-11-10,UZS,0.0160695,1000,16.0695
2012-11-13,UZS,0.0161252,1000,16.1252
2012-11-14,UZS,0.0161818,1000,16.1818
2012-11-15,UZS,0.0161611,1000,16.1611
2012-11-16,UZS,0.0161434,1000,16.1434
2012-11-17,UZS,0.016156900000000002,1000,16.1569
2012-11-20,UZS,0.0161311,1000,16.1311
2012-11-21,UZS,0.015982,1000,15.982
2012-11-22,UZS,0.0159797,1000,15.9797
2012-11-23,UZS,0.0158427,1000,15.8427
2012-11-24,UZS,0.0158326,1000,15.8326
2012-11-27,UZS,0.0157754,1000,15.7754
2012-11-28,UZS,0.0157352,1000,15.7352
2012-11-29,UZS,0.0158121,1000,15.8121
2012-11-30,UZS,0.0157693,1000,15.7693
2012-12-01,UZS,0.0156446,1000,15.6446
2012-12-04,UZS,0.0156576,1000,15.6576
2012-12-05,UZS,0.0157092,1000,15.7092
2012-12-06,UZS,0.0156227,1000,15.6227
2012-12-07,UZS,0.0156669,1000,15.6669
2012-12-08,UZS,0.015695499999999998,1000,15.6955
2012-12-11,UZS,0.0156456,1000,15.6456
2012-12-12,UZS,0.0155858,1000,15.5858
2012-12-13,UZS,0.015576399999999999,1000,15.5764
2012-12-14,UZS,0.015484099999999999,1000,15.4841
2012-12-15,UZS,0.0155192,1000,15.5192
2012-12-18,UZS,0.015563800000000001,1000,15.5638
2012-12-19,UZS,0.015609999999999999,1000,15.61
2012-12-20,UZS,0.0154965,1000,15.4965
2012-12-21,UZS,0.015503600000000001,1000,15.5036
2012-12-22,UZS,0.0154914,1000,15.4914
2012-12-25,UZS,0.015542199999999999,1000,15.5422
2012-12-26,UZS,0.015380900000000001,1000,15.3809
2012-12-27,UZS,0.0153922,1000,15.3922
2012-12-28,UZS,0.0153478,1000,15.3478
2012-12-29,UZS,0.0153011,1000,15.3011
2012-12-30,UZS,0.0153011,1000,15.3011
2013-01-10,UZS,0.015318,1000,15.318
2013-01-11,UZS,0.015293,1000,15.293
2013-01-12,UZS,0.015229699999999999,1000,15.2297
2013-01-15,UZS,0.015237,1000,15.237
2013-01-16,UZS,0.0152191,1000,15.2191
2013-01-17,UZS,0.015257199999999999,1000,15.2572
2013-01-18,UZS,0.0152516,1000,15.2516
2013-01-19,UZS,0.015217399999999999,1000,15.2174
2013-01-22,UZS,0.0152361,1000,15.2361
2013-01-23,UZS,0.015150499999999999,1000,15.1505
2013-01-24,UZS,0.0151677,1000,15.1677
2013-01-25,UZS,0.0151696,1000,15.1696
2013-01-26,UZS,0.0151094,1000,15.1094
2013-01-29,UZS,0.0151261,1000,15.1261
2013-01-30,UZS,0.0151628,1000,15.1628
2013-01-31,UZS,0.0150227,1000,15.0227
2013-02-01,UZS,0.0150193,1000,15.0193
2013-02-02,UZS,0.015085000000000001,1000,15.085
2013-02-05,UZS,0.0150491,1000,15.0491
2013-02-06,UZS,0.0151487,1000,15.1487
2013-02-07,UZS,0.0150665,1000,15.0665
2013-02-08,UZS,0.0151193,1000,15.1193
2013-02-09,UZS,0.0151736,1000,15.1736
2013-02-12,UZS,0.0151743,1000,15.1743
2013-02-13,UZS,0.0151805,1000,15.1805
2013-02-14,UZS,0.014959799999999999,1000,14.9598
2013-02-15,UZS,0.015133200000000001,1000,15.1332
2013-02-16,UZS,0.0151516,1000,15.1516
2013-02-19,UZS,0.0151576,1000,15.1576
2013-02-20,UZS,0.0151586,1000,15.1586
2013-02-21,UZS,0.0149076,1000,14.9076
2013-02-22,UZS,0.0152119,1000,15.2119
2013-02-23,UZS,0.0152753,1000,15.2753
2013-02-26,UZS,0.0152638,1000,15.2638
2013-02-27,UZS,0.015390599999999999,1000,15.3906
2013-02-28,UZS,0.015406399999999999,1000,15.4064
2013-03-01,UZS,0.0153522,1000,15.3522
2013-03-02,UZS,0.0154154,1000,15.4154
2013-03-05,UZS,0.0154903,1000,15.4903
2013-03-06,UZS,0.0151509,1000,15.1509
2013-03-07,UZS,0.0151142,1000,15.1142
2013-03-08,UZS,0.0151837,1000,15.1837
2013-03-12,UZS,0.015181100000000001,1000,15.1811
2013-03-13,UZS,0.015142300000000001,1000,15.1423
2013-03-14,UZS,0.015128,1000,15.128
2013-03-15,UZS,0.0151312,1000,15.1312
2013-03-16,UZS,0.0151142,1000,15.1142
2013-03-19,UZS,0.015332100000000001,1000,15.3321
2013-03-20,UZS,0.015112,1000,15.112
2013-03-21,UZS,0.0153533,1000,15.3533
2013-03-22,UZS,0.015158099999999999,1000,15.1581
2013-03-23,UZS,0.0151779,1000,15.1779
2013-03-26,UZS,0.015240700000000001,1000,15.2407
2013-03-27,UZS,0.0153078,1000,15.3078
2013-03-28,UZS,0.015418300000000001,1000,15.4183
2013-03-29,UZS,0.0151682,1000,15.1682
2013-03-30,UZS,0.015210900000000001,1000,15.2109
2013-04-02,UZS,0.0153917,1000,15.3917
2013-04-03,UZS,0.0152017,1000,15.2017
2013-04-04,UZS,0.015343,1000,15.343
2013-04-05,UZS,0.015499800000000001,1000,15.4998
2013-04-06,UZS,0.0154511,1000,15.4511
2013-04-09,UZS,0.015448,1000,15.448
2013-04-10,UZS,0.0152126,1000,15.2126
2013-04-11,UZS,0.015129799999999999,1000,15.1298
2013-04-12,UZS,0.0150568,1000,15.0568
2013-04-13,UZS,0.015077199999999999,1000,15.0772
2013-04-16,UZS,0.0152596,1000,15.2596
2013-04-17,UZS,0.0152973,1000,15.2973
2013-04-18,UZS,0.015186999999999999,1000,15.187
2013-04-19,UZS,0.0154294,1000,15.4294
2013-04-20,UZS,0.0152981,1000,15.2981
2013-04-23,UZS,0.015356999999999999,1000,15.357
2013-04-24,UZS,0.0153487,1000,15.3487
2013-04-25,UZS,0.0153246,1000,15.3246
2013-04-26,UZS,0.0151913,1000,15.1913
2013-04-27,UZS,0.0151551,1000,15.1551
2013-04-30,UZS,0.0152915,1000,15.2915
2013-05-01,UZS,0.0150294,1000,15.0294
2013-05-07,UZS,0.01506,1000,15.06
2013-05-08,UZS,0.0150103,1000,15.0103
2013-05-09,UZS,0.0150123,1000,15.0123
2013-05-14,UZS,0.015158300000000001,1000,15.1583
2013-05-15,UZS,0.0150955,1000,15.0955
2013-05-16,UZS,0.015160700000000001,1000,15.1607
2013-05-17,UZS,0.0151515,1000,15.1515
2013-05-18,UZS,0.0151401,1000,15.1401
2013-05-21,UZS,0.015247400000000001,1000,15.2474
2013-05-22,UZS,0.0149889,1000,14.9889
2013-05-23,UZS,0.015028499999999998,1000,15.0285
2013-05-24,UZS,0.0151413,1000,15.1413
2013-05-25,UZS,0.015070499999999999,1000,15.0705
2013-05-28,UZS,0.0150565,1000,15.0565
2013-05-29,UZS,0.015093,1000,15.093
2013-05-30,UZS,0.015128500000000001,1000,15.1285
2013-05-31,UZS,0.0151617,1000,15.1617
2013-06-01,UZS,0.0152838,1000,15.2838
2013-06-04,UZS,0.0156794,1000,15.6794
2013-06-05,UZS,0.015268700000000001,1000,15.2687
2013-06-06,UZS,0.01548,1000,15.48
2013-06-07,UZS,0.0153957,1000,15.3957
2013-06-08,UZS,0.0154405,1000,15.4405
2013-06-11,UZS,0.0154848,1000,15.4848
2013-06-12,UZS,0.015492599999999999,1000,15.4926
2013-06-14,UZS,0.0156189,1000,15.6189
2013-06-15,UZS,0.015198499999999998,1000,15.1985
2013-06-18,UZS,0.015150199999999999,1000,15.1502
2013-06-19,UZS,0.0152292,1000,15.2292
2013-06-20,UZS,0.0153428,1000,15.3428
2013-06-21,UZS,0.015618,1000,15.618
2013-06-22,UZS,0.0156367,1000,15.6367
2013-06-25,UZS,0.0157275,1000,15.7275
2013-06-26,UZS,0.0156004,1000,15.6004
2013-06-27,UZS,0.0156794,1000,15.6794
2013-06-28,UZS,0.015677899999999998,1000,15.6779
2013-06-29,UZS,0.015598,1000,15.598
2013-07-02,UZS,0.0156885,1000,15.6885
2013-07-03,UZS,0.0157178,1000,15.7178
2013-07-04,UZS,0.015819200000000002,1000,15.8192
2013-07-05,UZS,0.0157982,1000,15.7982
2013-07-06,UZS,0.0158288,1000,15.8288
2013-07-09,UZS,0.015874700000000002,1000,15.8747
2013-07-10,UZS,0.0157319,1000,15.7319
2013-07-11,UZS,0.0156571,1000,15.6571
2013-07-12,UZS,0.0154953,1000,15.4953
2013-07-13,UZS,0.0155294,1000,15.5294
2013-07-16,UZS,0.0155195,1000,15.5195
2013-07-17,UZS,0.0154592,1000,15.4592
2013-07-18,UZS,0.0154133,1000,15.4133
2013-07-19,UZS,0.0153918,1000,15.3918
2013-07-20,UZS,0.0154056,1000,15.4056
2013-07-23,UZS,0.015337400000000001,1000,15.3374
2013-07-24,UZS,0.015331200000000001,1000,15.3312
2013-07-25,UZS,0.0153591,1000,15.3591
2013-07-26,UZS,0.015449999999999998,1000,15.45
2013-07-27,UZS,0.015471500000000001,1000,15.4715
2013-07-30,UZS,0.015578799999999999,1000,15.5788
2013-07-31,UZS,0.015337,1000,15.337
2013-08-01,UZS,0.0156517,1000,15.6517
2013-08-02,UZS,0.0156164,1000,15.6164
2013-08-03,UZS,0.0156862,1000,15.6862
2013-08-06,UZS,0.015579800000000001,1000,15.5798
2013-08-07,UZS,0.015570299999999999,1000,15.5703
2013-08-08,UZS,0.0155957,1000,15.5957
2013-08-09,UZS,0.0155672,1000,15.5672
2013-08-10,UZS,0.015529600000000001,1000,15.5296
2013-08-13,UZS,0.0155329,1000,15.5329
2013-08-14,UZS,0.015582499999999999,1000,15.5825
2013-08-15,UZS,0.0154117,1000,15.4117
2013-08-16,UZS,0.015569900000000001,1000,15.5699
2013-08-17,UZS,0.0155497,1000,15.5497
2013-08-20,UZS,0.0155405,1000,15.5405
2013-08-21,UZS,0.015577299999999999,1000,15.5773
2013-08-22,UZS,0.015550000000000001,1000,15.55
2013-08-23,UZS,0.0156413,1000,15.6413
2013-08-24,UZS,0.015581099999999999,1000,15.5811
2013-08-27,UZS,0.015530799999999999,1000,15.5308
2013-08-28,UZS,0.0155687,1000,15.5687
2013-08-29,UZS,0.0154217,1000,15.4217
2013-08-30,UZS,0.015595000000000001,1000,15.595
2013-08-31,UZS,0.0156311,1000,15.6311
2013-09-03,UZS,0.015626,1000,15.626
2013-09-04,UZS,0.0156811,1000,15.6811
2013-09-05,UZS,0.0157263,1000,15.7263
2013-09-06,UZS,0.015690799999999998,1000,15.6908
2013-09-07,UZS,0.0157114,1000,15.7114
2013-09-10,UZS,0.0156636,1000,15.6636
2013-09-11,UZS,0.0155357,1000,15.5357
2013-09-12,UZS,0.0154901,1000,15.4901
2013-09-13,UZS,0.0153539,1000,15.3539
2013-09-14,UZS,0.0153892,1000,15.3892
2013-09-17,UZS,0.0151778,1000,15.1778
2013-09-18,UZS,0.0151933,1000,15.1933
2013-09-19,UZS,0.0148083,1000,14.8083
2013-09-20,UZS,0.0145371,1000,14.5371
2013-09-21,UZS,0.014573000000000001,1000,14.573
2013-09-24,UZS,0.0146513,1000,14.6513
2013-09-25,UZS,0.014798500000000001,1000,14.7985
2013-09-26,UZS,0.014625299999999999,1000,14.6253
2013-09-27,UZS,0.0147349,1000,14.7349
2013-09-28,UZS,0.0150372,1000,15.0372
2013-10-01,UZS,0.0152513,1000,15.2513
2013-10-02,UZS,0.0149833,1000,14.9833
2013-10-03,UZS,0.014980499999999999,1000,14.9805
2013-10-04,UZS,0.014921,1000,14.921
2013-10-05,UZS,0.0149062,1000,14.9062
2013-10-08,UZS,0.0149852,1000,14.9852
2013-10-09,UZS,0.0149322,1000,14.9322
2013-10-10,UZS,0.014968500000000001,1000,14.9685
2013-10-11,UZS,0.0149694,1000,14.9694
2013-10-12,UZS,0.0148894,1000,14.8894
2013-10-15,UZS,0.0149174,1000,14.9174
2013-10-16,UZS,0.014917999999999999,1000,14.918
2013-10-17,UZS,0.0149127,1000,14.9127
2013-10-18,UZS,0.014804600000000001,1000,14.8046
2013-10-19,UZS,0.0146925,1000,14.6925
2013-10-22,UZS,0.014714600000000001,1000,14.7146
2013-10-23,UZS,0.0147029,1000,14.7029
2013-10-24,UZS,0.0146054,1000,14.6054
2013-10-25,UZS,0.014570499999999998,1000,14.5705
2013-10-26,UZS,0.0145778,1000,14.5778
2013-10-29,UZS,0.0146464,1000,14.6464
2013-10-30,UZS,0.0146736,1000,14.6736
2013-10-31,UZS,0.0147239,1000,14.7239
2013-11-01,UZS,0.0147306,1000,14.7306
2013-11-02,UZS,0.014785600000000001,1000,14.7856
2013-11-06,UZS,0.0148229,1000,14.8229
2013-11-07,UZS,0.0148957,1000,14.8957
2013-11-08,UZS,0.0148329,1000,14.8329
2013-11-09,UZS,0.014909700000000001,1000,14.9097
2013-11-12,UZS,0.0149689,1000,14.9689
2013-11-13,UZS,0.015001200000000001,1000,15.0012
2013-11-14,UZS,0.015013,1000,15.013
2013-11-15,UZS,0.0149462,1000,14.9462
2013-11-16,UZS,0.01495,1000,14.95
2013-11-19,UZS,0.014890599999999999,1000,14.8906
2013-11-20,UZS,0.0148903,1000,14.8903
2013-11-21,UZS,0.0149369,1000,14.9369
2013-11-22,UZS,0.015069800000000001,1000,15.0698
2013-11-23,UZS,0.015018499999999999,1000,15.0185
2013-11-26,UZS,0.014965,1000,14.965
2013-11-27,UZS,0.0150287,1000,15.0287
2013-11-28,UZS,0.0150497,1000,15.0497
2013-11-29,UZS,0.0151086,1000,15.1086
2013-11-30,UZS,0.0151352,1000,15.1352
2013-12-03,UZS,0.0151155,1000,15.1155
2013-12-04,UZS,0.015125600000000001,1000,15.1256
2013-12-05,UZS,0.0151334,1000,15.1334
2013-12-06,UZS,0.0150655,1000,15.0655
2013-12-07,UZS,0.0149984,1000,14.9984
2013-12-10,UZS,0.0149263,1000,14.9263
2013-12-11,UZS,0.0148954,1000,14.8954
2013-12-12,UZS,0.014878,1000,14.878
2013-12-13,UZS,0.0148804,1000,14.8804
2013-12-14,UZS,0.0149257,1000,14.9257
2013-12-17,UZS,0.0149254,1000,14.9254
2013-12-18,UZS,0.0149181,1000,14.9181
2013-12-19,UZS,0.0149593,1000,14.9593
2013-12-20,UZS,0.0149581,1000,14.9581
2013-12-21,UZS,0.014967000000000001,1000,14.967
2013-12-24,UZS,0.0149639,1000,14.9639
2013-12-25,UZS,0.0148176,1000,14.8176
2013-12-26,UZS,0.014826800000000001,1000,14.8268
2013-12-27,UZS,0.014837,1000,14.837
2013-12-28,UZS,0.014664400000000001,1000,14.6644
2013-12-31,UZS,0.0146276,1000,14.6276
2014-01-01,UZS,0.0146452,1000,14.6452
2014-01-10,UZS,0.0149345,1000,14.9345
2014-01-11,UZS,0.0149577,1000,14.9577
2014-01-14,UZS,0.014919100000000001,1000,14.9191
2014-01-15,UZS,0.014938700000000001,1000,14.9387
2014-01-16,UZS,0.0150186,1000,15.0186
2014-01-17,UZS,0.015045600000000001,1000,15.0456
2014-01-18,UZS,0.0150537,1000,15.0537
2014-01-21,UZS,0.015154500000000001,1000,15.1545
2014-01-22,UZS,0.0152325,1000,15.2325
2014-01-23,UZS,0.0152562,1000,15.2562
2014-01-24,UZS,0.015323499999999999,1000,15.3235
2014-01-25,UZS,0.015432399999999999,1000,15.4324
2014-01-28,UZS,0.0156348,1000,15.6348
2014-01-29,UZS,0.0155968,1000,15.5968
2014-01-30,UZS,0.0155761,1000,15.5761
2014-01-31,UZS,0.015875999999999998,1000,15.876
2014-02-01,UZS,0.0158468,1000,15.8468
2014-02-04,UZS,0.0158643,1000,15.8643
2014-02-05,UZS,0.015897,1000,15.897
2014-02-06,UZS,0.015655699999999998,1000,15.6557
2014-02-07,UZS,0.0155595,1000,15.5595
2014-02-08,UZS,0.0155107,1000,15.5107
2014-02-11,UZS,0.0156171,1000,15.6171
2014-02-12,UZS,0.0155619,1000,15.5619
2014-02-13,UZS,0.015545400000000001,1000,15.5454
2014-02-14,UZS,0.0155804,1000,15.5804
2014-02-15,UZS,0.0158027,1000,15.8027
2014-02-18,UZS,0.0157388,1000,15.7388
2014-02-19,UZS,0.0158021,1000,15.8021
2014-02-20,UZS,0.015879400000000002,1000,15.8794
2014-02-21,UZS,0.0159674,1000,15.9674
2014-02-22,UZS,0.0159548,1000,15.9548
2014-02-25,UZS,0.015853199999999998,1000,15.8532
2014-02-26,UZS,0.0158427,1000,15.8427
2014-02-27,UZS,0.015926700000000002,1000,15.9267
2014-02-28,UZS,0.016058,1000,16.058
2014-03-01,UZS,0.016110700000000002,1000,16.1107
2014-03-04,UZS,0.0162042,1000,16.2042
2014-03-05,UZS,0.0161354,1000,16.1354
2014-03-06,UZS,0.016002199999999998,1000,16.0022
2014-03-07,UZS,0.0160094,1000,16.0094
2014-03-08,UZS,0.0160486,1000,16.0486
2014-03-12,UZS,0.016099699999999998,1000,16.0997
2014-03-13,UZS,0.0161445,1000,16.1445
2014-03-14,UZS,0.0161312,1000,16.1312
2014-03-15,UZS,0.016226400000000002,1000,16.2264
2014-03-18,UZS,0.0162891,1000,16.2891
2014-03-19,UZS,0.0161707,1000,16.1707
2014-03-20,UZS,0.0160777,1000,16.0777
2014-03-21,UZS,0.016048,1000,16.048
2014-03-22,UZS,0.0160645,1000,16.0645
2014-03-25,UZS,0.0159604,1000,15.9604
2014-03-26,UZS,0.0158219,1000,15.8219
2014-03-27,UZS,0.015606199999999999,1000,15.6062
2014-03-28,UZS,0.0156675,1000,15.6675
2014-03-29,UZS,0.0157212,1000,15.7212
2014-04-01,UZS,0.0156852,1000,15.6852
2014-04-02,UZS,0.015395200000000001,1000,15.3952
2014-04-03,UZS,0.0155157,1000,15.5157
2014-04-04,UZS,0.0156318,1000,15.6318
2014-04-05,UZS,0.0156461,1000,15.6461
2014-04-08,UZS,0.0156453,1000,15.6453
2014-04-09,UZS,0.0156804,1000,15.6804
2014-04-10,UZS,0.0157694,1000,15.7694
2014-04-11,UZS,0.015698900000000002,1000,15.6989
2014-04-12,UZS,0.0156589,1000,15.6589
2014-04-15,UZS,0.0158124,1000,15.8124
2014-04-16,UZS,0.0157562,1000,15.7562
2014-04-17,UZS,0.0158251,1000,15.8251
2014-04-18,UZS,0.0157582,1000,15.7582
2014-04-19,UZS,0.015587199999999999,1000,15.5872
2014-04-22,UZS,0.0156442,1000,15.6442
2014-04-23,UZS,0.0156279,1000,15.6279
2014-04-24,UZS,0.0156072,1000,15.6072
2014-04-25,UZS,0.015623,1000,15.623
2014-04-26,UZS,0.015716900000000002,1000,15.7169
2014-04-29,UZS,0.015765599999999998,1000,15.7656
2014-04-30,UZS,0.0156571,1000,15.6571
2014-05-01,UZS,0.0156941,1000,15.6941
2014-05-06,UZS,0.0157185,1000,15.7185
2014-05-07,UZS,0.015638199999999998,1000,15.6382
2014-05-08,UZS,0.015555300000000001,1000,15.5553
2014-05-09,UZS,0.0153525,1000,15.3525
2014-05-13,UZS,0.0154291,1000,15.4291
2014-05-14,UZS,0.0152844,1000,15.2844
2014-05-15,UZS,0.0152099,1000,15.2099
2014-05-16,UZS,0.015206200000000001,1000,15.2062
2014-05-17,UZS,0.0152408,1000,15.2408
2014-05-20,UZS,0.015223200000000001,1000,15.2232
2014-05-21,UZS,0.0151624,1000,15.1624
2014-05-22,UZS,0.0151217,1000,15.1217
2014-05-23,UZS,0.015022,1000,15.022
2014-05-24,UZS,0.0150368,1000,15.0368
2014-05-27,UZS,0.014933,1000,14.933
2014-05-28,UZS,0.0150119,1000,15.0119
2014-05-29,UZS,0.015113699999999999,1000,15.1137
2014-05-30,UZS,0.0150878,1000,15.0878
2014-05-31,UZS,0.0151257,1000,15.1257
2014-06-03,UZS,0.0151926,1000,15.1926
2014-06-04,UZS,0.0152461,1000,15.2461
2014-06-05,UZS,0.0153019,1000,15.3019
2014-06-06,UZS,0.0151994,1000,15.1994
2014-06-07,UZS,0.015091799999999999,1000,15.0918
2014-06-10,UZS,0.0149494,1000,14.9494
2014-06-11,UZS,0.014965899999999999,1000,14.9659
2014-06-12,UZS,0.0149461,1000,14.9461
2014-06-17,UZS,0.0150518,1000,15.0518
2014-06-18,UZS,0.015158099999999999,1000,15.1581
2014-06-19,UZS,0.0151641,1000,15.1641
2014-06-20,UZS,0.0149373,1000,14.9373
2014-06-21,UZS,0.014988,1000,14.988
2014-06-24,UZS,0.0149274,1000,14.9274
2014-06-25,UZS,0.0147974,1000,14.7974
2014-06-26,UZS,0.0147651,1000,14.7651
2014-06-27,UZS,0.014697100000000001,1000,14.6971
2014-06-28,UZS,0.0146447,1000,14.6447
2014-07-01,UZS,0.0147374,1000,14.7374
2014-07-02,UZS,0.0149047,1000,14.9047
2014-07-03,UZS,0.0149143,1000,14.9143
2014-07-04,UZS,0.0148905,1000,14.8905
2014-07-05,UZS,0.0149465,1000,14.9465
2014-07-08,UZS,0.0150534,1000,15.0534
2014-07-09,UZS,0.014990999999999999,1000,14.991
2014-07-10,UZS,0.0148386,1000,14.8386
2014-07-11,UZS,0.0147339,1000,14.7339
2014-07-12,UZS,0.0148309,1000,14.8309
2014-07-15,UZS,0.0149421,1000,14.9421
2014-07-16,UZS,0.0149677,1000,14.9677
2014-07-17,UZS,0.0149734,1000,14.9734
2014-07-18,UZS,0.0151539,1000,15.1539
2014-07-19,UZS,0.0153119,1000,15.3119
2014-07-22,UZS,0.0152802,1000,15.2802
2014-07-23,UZS,0.0152579,1000,15.2579
2014-07-24,UZS,0.0151584,1000,15.1584
2014-07-25,UZS,0.0152753,1000,15.2753
2014-07-26,UZS,0.0152643,1000,15.2643
2014-07-29,UZS,0.0151818,1000,15.1818
2014-07-30,UZS,0.0153056,1000,15.3056
2014-07-31,UZS,0.0153456,1000,15.3456
2014-08-01,UZS,0.015224,1000,15.224
2014-08-02,UZS,0.0153457,1000,15.3457
2014-08-05,UZS,0.015317,1000,15.317
2014-08-06,UZS,0.0153764,1000,15.3764
2014-08-07,UZS,0.0155102,1000,15.5102
2014-08-08,UZS,0.0155701,1000,15.5701
2014-08-09,UZS,0.015654500000000002,1000,15.6545
2014-08-12,UZS,0.0154833,1000,15.4833
2014-08-13,UZS,0.015501099999999999,1000,15.5011
2014-08-14,UZS,0.015558299999999999,1000,15.5583
2014-08-15,UZS,0.015479799999999998,1000,15.4798
2014-08-16,UZS,0.0154635,1000,15.4635
2014-08-19,UZS,0.0154755,1000,15.4755
2014-08-20,UZS,0.0154025,1000,15.4025
2014-08-21,UZS,0.015451399999999999,1000,15.4514
2014-08-22,UZS,0.015497400000000001,1000,15.4974
2014-08-23,UZS,0.015356999999999999,1000,15.357
2014-08-26,UZS,0.0154071,1000,15.4071
2014-08-27,UZS,0.015389900000000001,1000,15.3899
2014-08-28,UZS,0.0155473,1000,15.5473
2014-08-29,UZS,0.015618499999999999,1000,15.6185
2014-08-30,UZS,0.015888,1000,15.888
2014-09-02,UZS,0.0160441,1000,16.0441
2014-09-03,UZS,0.0160671,1000,16.0671
2014-09-04,UZS,0.0160855,1000,16.0855
2014-09-05,UZS,0.0158637,1000,15.8637
2014-09-06,UZS,0.0159146,1000,15.9146
2014-09-09,UZS,0.0159856,1000,15.9856
2014-09-10,UZS,0.0159595,1000,15.9595
2014-09-11,UZS,0.0160213,1000,16.0213
2014-09-12,UZS,0.016110299999999998,1000,16.1103
2014-09-13,UZS,0.0162304,1000,16.2304
2014-09-16,UZS,0.0163733,1000,16.3733
2014-09-17,UZS,0.016683499999999997,1000,16.6835
2014-09-18,UZS,0.0165398,1000,16.5398
2014-09-19,UZS,0.0165607,1000,16.5607
2014-09-20,UZS,0.0165575,1000,16.5575
2014-09-23,UZS,0.016628499999999997,1000,16.6285
2014-09-24,UZS,0.0166669,1000,16.6669
2014-09-25,UZS,0.0165444,1000,16.5444
2014-09-26,UZS,0.0165089,1000,16.5089
2014-09-27,UZS,0.0166915,1000,16.6915
2014-09-30,UZS,0.016977,1000,16.977
2014-10-01,UZS,0.0166358,1000,16.6358
2014-10-02,UZS,0.017095,1000,17.095
2014-10-03,UZS,0.0170463,1000,17.0463
2014-10-04,UZS,0.0171112,1000,17.1112
2014-10-07,UZS,0.017233599999999998,1000,17.2336
2014-10-08,UZS,0.01713,1000,17.13
2014-10-09,UZS,0.017233599999999998,1000,17.2336
2014-10-10,UZS,0.0168589,1000,16.8589
2014-10-11,UZS,0.0169569,1000,16.9569
2014-10-14,UZS,0.0170044,1000,17.0044
2014-10-15,UZS,0.017091000000000002,1000,17.091
2014-10-16,UZS,0.0172644,1000,17.2644
2014-10-17,UZS,0.017152,1000,17.152
2014-10-18,UZS,0.017277999999999998,1000,17.278
2014-10-21,UZS,0.0172092,1000,17.2092
2014-10-22,UZS,0.0172802,1000,17.2802
2014-10-23,UZS,0.017245200000000002,1000,17.2452
2014-10-24,UZS,0.017467800000000002,1000,17.4678
2014-10-25,UZS,0.0176001,1000,17.6001
2014-10-28,UZS,0.017658899999999998,1000,17.6589
2014-10-29,UZS,0.0177826,1000,17.7826
2014-10-30,UZS,0.017891300000000002,1000,17.8913
2014-10-31,UZS,0.0182025,1000,18.2025
2014-11-01,UZS,0.017602,1000,17.602
2014-11-06,UZS,0.018590699999999998,1000,18.5907
2014-11-07,UZS,0.0189199,1000,18.9199
2014-11-08,UZS,0.0200471,1000,20.0471
2014-11-11,UZS,0.019216,1000,19.216
2014-11-12,UZS,0.0192409,1000,19.2409
2014-11-13,UZS,0.019368,1000,19.368
2014-11-14,UZS,0.0192783,1000,19.2783
2014-11-15,UZS,0.0198086,1000,19.8086
2014-11-18,UZS,0.0197839,1000,19.7839
2014-11-19,UZS,0.0196011,1000,19.6011
2014-11-20,UZS,0.019621800000000002,1000,19.6218
2014-11-21,UZS,0.0194864,1000,19.4864
2014-11-22,UZS,0.0191058,1000,19.1058
2014-11-25,UZS,0.0186855,1000,18.6855
2014-11-26,UZS,0.018731400000000002,1000,18.7314
2014-11-27,UZS,0.019334700000000003,1000,19.3347
2014-11-28,UZS,0.0198505,1000,19.8505
2014-11-29,UZS,0.0205415,1000,20.5415
2014-12-02,UZS,0.0215764,1000,21.5764
2014-12-03,UZS,0.021105699999999998,1000,21.1057
2014-12-04,UZS,0.0226082,1000,22.6082
2014-12-05,UZS,0.021906099999999998,1000,21.9061
2014-12-06,UZS,0.022078900000000002,1000,22.0789
2014-12-09,UZS,0.0221617,1000,22.1617
2014-12-10,UZS,0.022537400000000003,1000,22.5374
2014-12-11,UZS,0.0225242,1000,22.5242
2014-12-12,UZS,0.0227389,1000,22.7389
2014-12-13,UZS,0.0236098,1000,23.6098
2014-12-16,UZS,0.0242133,1000,24.2133
2014-12-17,UZS,0.0253323,1000,25.3323
2014-12-18,UZS,0.0280805,1000,28.0805
2014-12-19,UZS,0.0246909,1000,24.6909
2014-12-20,UZS,0.025138200000000003,1000,25.1382
2014-12-23,UZS,0.0231723,1000,23.1723
2014-12-24,UZS,0.0225658,1000,22.5658
2014-12-25,UZS,0.0225338,1000,22.5338
2014-12-26,UZS,0.021758299999999998,1000,21.7583
2014-12-27,UZS,0.0215178,1000,21.5178
2014-12-30,UZS,0.023439,1000,23.439
2014-12-31,UZS,0.0232242,1000,23.2242
2015-01-01,UZS,0.0232157,1000,23.2157
2015-01-13,UZS,0.025878,1000,25.878
2015-01-14,UZS,0.0267468,1000,26.7468
2015-01-15,UZS,0.027264800000000002,1000,27.2648
2015-01-16,UZS,0.0267432,1000,26.7432
2015-01-17,UZS,0.026883400000000002,1000,26.8834
2015-01-20,UZS,0.0268007,1000,26.8007
2015-01-21,UZS,0.0267414,1000,26.7414
2015-01-22,UZS,0.0269758,1000,26.9758
2015-01-23,UZS,0.0269117,1000,26.9117
2015-01-24,UZS,0.0260858,1000,26.0858
2015-01-27,UZS,0.0269914,1000,26.9914
2015-01-28,UZS,0.027837,1000,27.837
2015-01-29,UZS,0.0275641,1000,27.5641
2015-01-30,UZS,0.028212599999999997,1000,28.2126
2015-01-31,UZS,0.0282942,1000,28.2942
2015-02-03,UZS,0.0285958,1000,28.5958
2015-02-04,UZS,0.0277515,1000,27.7515
2015-02-05,UZS,0.0267991,1000,26.7991
2015-02-06,UZS,0.0280619,1000,28.0619
2015-02-07,UZS,0.0270115,1000,27.0115
2015-02-10,UZS,0.026904599999999997,1000,26.9046
2015-02-11,UZS,0.026604399999999997,1000,26.6044
2015-02-12,UZS,0.0267443,1000,26.7443
2015-02-13,UZS,0.0267609,1000,26.7609
2015-02-14,UZS,0.0265658,1000,26.5658
2015-02-17,UZS,0.0255247,1000,25.5247
2015-02-18,UZS,0.0256021,1000,25.6021
2015-02-19,UZS,0.0254176,1000,25.4176
2015-02-20,UZS,0.0252564,1000,25.2564
2015-02-21,UZS,0.02504,1000,25.04
2015-02-25,UZS,0.025764,1000,25.764
2015-02-26,UZS,0.0253917,1000,25.3917
2015-02-27,UZS,0.0246292,1000,24.6292
2015-02-28,UZS,0.0248064,1000,24.8064
2015-03-03,UZS,0.025224299999999998,1000,25.2243
2015-03-04,UZS,0.025248899999999998,1000,25.2489
2015-03-05,UZS,0.0250504,1000,25.0504
2015-03-06,UZS,0.0250895,1000,25.0895
2015-03-07,UZS,0.0243383,1000,24.3383
2015-03-11,UZS,0.024530899999999998,1000,24.5309
2015-03-12,UZS,0.0253354,1000,25.3354
2015-03-13,UZS,0.02467,1000,24.67
2015-03-14,UZS,0.0247945,1000,24.7945
2015-03-17,UZS,0.025161799999999998,1000,25.1618
2015-03-18,UZS,0.0248695,1000,24.8695
2015-03-19,UZS,0.0247073,1000,24.7073
2015-03-20,UZS,0.0241741,1000,24.1741
2015-03-21,UZS,0.0242073,1000,24.2073
2015-03-24,UZS,0.0239892,1000,23.9892
2015-03-25,UZS,0.0236584,1000,23.6584
2015-03-26,UZS,0.023093699999999998,1000,23.0937
2015-03-27,UZS,0.0227529,1000,22.7529
2015-03-28,UZS,0.023230499999999998,1000,23.2305
2015-03-31,UZS,0.0234778,1000,23.4778
2015-04-01,UZS,0.0231619,1000,23.1619
2015-04-02,UZS,0.0233882,1000,23.3882
2015-04-03,UZS,0.022887599999999998,1000,22.8876
2015-04-04,UZS,0.0227014,1000,22.7014
2015-04-07,UZS,0.0226412,1000,22.6412
2015-04-08,UZS,0.0221331,1000,22.1331
2015-04-09,UZS,0.0216541,1000,21.6541
2015-04-10,UZS,0.0210591,1000,21.0591
2015-04-11,UZS,0.0204681,1000,20.4681
2015-04-14,UZS,0.021053000000000002,1000,21.053
2015-04-15,UZS,0.020765000000000002,1000,20.765
2015-04-16,UZS,0.020161000000000002,1000,20.161
2015-04-17,UZS,0.019861999999999998,1000,19.862
2015-04-18,UZS,0.0201876,1000,20.1876
2015-04-21,UZS,0.0206083,1000,20.6083
2015-04-22,UZS,0.0215203,1000,21.5203
2015-04-23,UZS,0.021419399999999998,1000,21.4194
2015-04-24,UZS,0.020599199999999998,1000,20.5992
2015-04-25,UZS,0.020220199999999997,1000,20.2202
2015-04-28,UZS,0.0207119,1000,20.7119
2015-04-29,UZS,0.021047899999999998,1000,21.0479
2015-04-30,UZS,0.020806,1000,20.806
2015-05-01,UZS,0.020595600000000002,1000,20.5956
2015-05-06,UZS,0.0208447,1000,20.8447
2015-05-07,UZS,0.019857600000000003,1000,19.8576
2015-05-08,UZS,0.0200245,1000,20.0245
2015-05-09,UZS,0.0201954,1000,20.1954
2015-05-13,UZS,0.020164,1000,20.164
2015-05-14,UZS,0.0196496,1000,19.6496
2015-05-15,UZS,0.019872,1000,19.872
2015-05-16,UZS,0.019830100000000003,1000,19.8301
2015-05-19,UZS,0.019472200000000002,1000,19.4722
2015-05-20,UZS,0.0194532,1000,19.4532
2015-05-21,UZS,0.0197196,1000,19.7196
2015-05-22,UZS,0.0197314,1000,19.7314
2015-05-23,UZS,0.0197032,1000,19.7032
2015-05-26,UZS,0.019762699999999998,1000,19.7627
2015-05-27,UZS,0.0199454,1000,19.9454
2015-05-28,UZS,0.0201492,1000,20.1492
2015-05-29,UZS,0.020668299999999997,1000,20.6683
2015-05-30,UZS,0.0208961,1000,20.8961
2015-06-02,UZS,0.020878,1000,20.878
2015-06-03,UZS,0.0210603,1000,21.0603
2015-06-04,UZS,0.0209141,1000,20.9141
2015-06-05,UZS,0.021735499999999998,1000,21.7355
2015-06-06,UZS,0.0222317,1000,22.2317
2015-06-09,UZS,0.02205,1000,22.05
2015-06-10,UZS,0.0219945,1000,21.9945
2015-06-11,UZS,0.021583400000000003,1000,21.5834
2015-06-12,UZS,0.0214679,1000,21.4679
2015-06-16,UZS,0.0217059,1000,21.7059
2015-06-17,UZS,0.0211925,1000,21.1925
2015-06-18,UZS,0.0212204,1000,21.2204
2015-06-19,UZS,0.020996099999999997,1000,20.9961
2015-06-20,UZS,0.0211397,1000,21.1397
2015-06-23,UZS,0.021044,1000,21.044
2015-06-24,UZS,0.0212581,1000,21.2581
2015-06-25,UZS,0.0212057,1000,21.2057
2015-06-26,UZS,0.0214128,1000,21.4128
2015-06-27,UZS,0.0214531,1000,21.4531
2015-06-30,UZS,0.0217315,1000,21.7315
2015-07-01,UZS,0.0218557,1000,21.8557
2015-07-02,UZS,0.0216956,1000,21.6956
2015-07-03,UZS,0.021783,1000,21.783
2015-07-04,UZS,0.021720700000000003,1000,21.7207
2015-07-07,UZS,0.022032,1000,22.032
2015-07-08,UZS,0.0223338,1000,22.3338
2015-07-09,UZS,0.0223244,1000,22.3244
2015-07-10,UZS,0.0222406,1000,22.2406
2015-07-11,UZS,0.0221448,1000,22.1448
2015-07-14,UZS,0.0221384,1000,22.1384
2015-07-15,UZS,0.0222109,1000,22.2109
2015-07-16,UZS,0.0220913,1000,22.0913
2015-07-17,UZS,0.0221769,1000,22.1769
2015-07-18,UZS,0.0221607,1000,22.1607
2015-07-21,UZS,0.0221123,1000,22.1123
2015-07-22,UZS,0.0222666,1000,22.2666
2015-07-23,UZS,0.0221535,1000,22.1535
2015-07-24,UZS,0.0223182,1000,22.3182
2015-07-25,UZS,0.022573899999999997,1000,22.5739
2015-07-28,UZS,0.0228367,1000,22.8367
2015-07-29,UZS,0.0234058,1000,23.4058
2015-07-30,UZS,0.0232103,1000,23.2103
2015-07-31,UZS,0.022909,1000,22.909
2015-08-01,UZS,0.023435300000000003,1000,23.4353
2015-08-04,UZS,0.0242105,1000,24.2105
2015-08-05,UZS,0.024367999999999997,1000,24.368
2015-08-06,UZS,0.0242812,1000,24.2812
2015-08-07,UZS,0.024723,1000,24.723
2015-08-08,UZS,0.024725,1000,24.725
2015-08-11,UZS,0.0249991,1000,24.9991
2015-08-12,UZS,0.0245475,1000,24.5475
2015-08-13,UZS,0.0251516,1000,25.1516
2015-08-14,UZS,0.0247769,1000,24.7769
2015-08-15,UZS,0.0251691,1000,25.1691
2015-08-18,UZS,0.0253398,1000,25.3398
2015-08-19,UZS,0.0253872,1000,25.3872
2015-08-20,UZS,0.025355799999999998,1000,25.3558
2015-08-21,UZS,0.025823699999999998,1000,25.8237
2015-08-22,UZS,0.026281500000000003,1000,26.2815
2015-08-25,UZS,0.027283599999999998,1000,27.2836
2015-08-26,UZS,0.026923100000000002,1000,26.9231
2015-08-27,UZS,0.0267313,1000,26.7313
2015-08-28,UZS,0.026011299999999998,1000,26.0113
2015-08-29,UZS,0.0256374,1000,25.6374
2015-09-01,UZS,0.025738900000000002,1000,25.7389
2015-09-02,UZS,0.0252315,1000,25.2315
2015-09-03,UZS,0.025634,1000,25.634
2015-09-04,UZS,0.025723700000000002,1000,25.7237
2015-09-05,UZS,0.0259827,1000,25.9827
2015-09-08,UZS,0.026282,1000,26.282
2015-09-09,UZS,0.0264589,1000,26.4589
2015-09-10,UZS,0.025958500000000002,1000,25.9585
2015-09-11,UZS,0.0262941,1000,26.2941
2015-09-12,UZS,0.0261072,1000,26.1072
2015-09-15,UZS,0.0260283,1000,26.0283
2015-09-16,UZS,0.0256816,1000,25.6816
2015-09-17,UZS,0.025211200000000003,1000,25.2112
2015-09-18,UZS,0.025043,1000,25.043
2015-09-19,UZS,0.0251511,1000,25.1511
2015-09-22,UZS,0.0253431,1000,25.3431
2015-09-23,UZS,0.0253058,1000,25.3058
2015-09-24,UZS,0.0252065,1000,25.2065
2015-09-25,UZS,0.0253874,1000,25.3874
2015-09-26,UZS,0.0250659,1000,25.0659
2015-09-29,UZS,0.0250658,1000,25.0658
2015-09-30,UZS,0.025329499999999998,1000,25.3295
2015-10-01,UZS,0.0250902,1000,25.0902
2015-10-02,UZS,0.0248504,1000,24.8504
2015-10-03,UZS,0.025168500000000003,1000,25.1685
2015-10-06,UZS,0.0251147,1000,25.1147
2015-10-07,UZS,0.0246297,1000,24.6297
2015-10-08,UZS,0.0237523,1000,23.7523
2015-10-09,UZS,0.023614200000000002,1000,23.6142
2015-10-10,UZS,0.0232802,1000,23.2802
2015-10-13,UZS,0.0232346,1000,23.2346
2015-10-14,UZS,0.0236592,1000,23.6592
2015-10-15,UZS,0.0238207,1000,23.8207
2015-10-16,UZS,0.0235324,1000,23.5324
2015-10-17,UZS,0.0232156,1000,23.2156
2015-10-20,UZS,0.0233353,1000,23.3353
2015-10-21,UZS,0.0236088,1000,23.6088
2015-10-22,UZS,0.0234837,1000,23.4837
2015-10-23,UZS,0.0235605,1000,23.5605
2015-10-24,UZS,0.0232377,1000,23.2377
2015-10-27,UZS,0.0234977,1000,23.4977
2015-10-28,UZS,0.0238275,1000,23.8275
2015-10-29,UZS,0.0245088,1000,24.5088
2015-10-30,UZS,0.023988299999999997,1000,23.9883
2015-10-31,UZS,0.024083100000000003,1000,24.0831
2015-11-03,UZS,0.023850200000000002,1000,23.8502
2015-11-04,UZS,0.0237182,1000,23.7182
2015-11-06,UZS,0.0235509,1000,23.5509
2015-11-07,UZS,0.023665299999999997,1000,23.6653
2015-11-10,UZS,0.0240374,1000,24.0374
2015-11-11,UZS,0.0237604,1000,23.7604
2015-11-12,UZS,0.023826299999999998,1000,23.8263
2015-11-13,UZS,0.024197399999999997,1000,24.1974
2015-11-14,UZS,0.0246338,1000,24.6338
2015-11-17,UZS,0.0246151,1000,24.6151
2015-11-18,UZS,0.0242968,1000,24.2968
2015-11-19,UZS,0.0240365,1000,24.0365
2015-11-20,UZS,0.024104,1000,24.104
2015-11-21,UZS,0.0240695,1000,24.0695
2015-11-24,UZS,0.024295300000000002,1000,24.2953
2015-11-25,UZS,0.0242591,1000,24.2591
2015-11-26,UZS,0.0239236,1000,23.9236
2015-11-27,UZS,0.0240159,1000,24.0159
2015-11-28,UZS,0.0242191,1000,24.2191
2015-12-01,UZS,0.0242642,1000,24.2642
2015-12-02,UZS,0.024067699999999997,1000,24.0677
2015-12-03,UZS,0.0245368,1000,24.5368
2015-12-04,UZS,0.0248694,1000,24.8694
2015-12-05,UZS,0.0247875,1000,24.7875
2015-12-08,UZS,0.0250973,1000,25.0973
2015-12-09,UZS,0.025450800000000003,1000,25.4508
2015-12-10,UZS,0.0254225,1000,25.4225
2015-12-11,UZS,0.0254467,1000,25.4467
2015-12-12,UZS,0.0252465,1000,25.2465
2015-12-15,UZS,0.025695,1000,25.695
2015-12-16,UZS,0.0259449,1000,25.9449
2015-12-17,UZS,0.025788000000000002,1000,25.788
2015-12-18,UZS,0.0258821,1000,25.8821
2015-12-19,UZS,0.025888,1000,25.888
2015-12-22,UZS,0.025911,1000,25.911
2015-12-23,UZS,0.025862200000000002,1000,25.8622
2015-12-24,UZS,0.0257471,1000,25.7471
2015-12-25,UZS,0.0252512,1000,25.2512
2015-12-26,UZS,0.0252267,1000,25.2267
2015-12-29,UZS,0.0257125,1000,25.7125
2015-12-30,UZS,0.0263182,1000,26.3182
2015-12-31,UZS,0.026454699999999998,1000,26.4547
2016-01-01,UZS,0.0264911,1000,26.4911
2016-01-12,UZS,0.0270287,1000,27.0287
2016-01-13,UZS,0.0272612,1000,27.2612
2016-01-14,UZS,0.0275216,1000,27.5216
2016-01-15,UZS,0.027213,1000,27.213
2016-01-16,UZS,0.0272376,1000,27.2376
2016-01-19,UZS,0.0279957,1000,27.9957
2016-01-20,UZS,0.0279808,1000,27.9808
2016-01-21,UZS,0.0283285,1000,28.3285
2016-01-22,UZS,0.029822099999999997,1000,29.8221
2016-01-23,UZS,0.0286018,1000,28.6018
2016-01-26,UZS,0.0276168,1000,27.6168
2016-01-27,UZS,0.0290726,1000,29.0726
2016-01-28,UZS,0.0280429,1000,28.0429
2016-01-29,UZS,0.0274352,1000,27.4352
2016-01-30,UZS,0.0267422,1000,26.7422
2016-02-02,UZS,0.027162400000000003,1000,27.1624
2016-02-03,UZS,0.0277519,1000,27.7519
2016-02-04,UZS,0.0282363,1000,28.2363
2016-02-05,UZS,0.026941800000000002,1000,26.9418
2016-02-06,UZS,0.027280699999999998,1000,27.2807
2016-02-09,UZS,0.0271307,1000,27.1307
2016-02-10,UZS,0.0278023,1000,27.8023
2016-02-11,UZS,0.027989,1000,27.989
2016-02-12,UZS,0.0278866,1000,27.8866
2016-02-13,UZS,0.028040600000000002,1000,28.0406
2016-02-16,UZS,0.027552,1000,27.552
2016-02-17,UZS,0.027037199999999997,1000,27.0372
2016-02-18,UZS,0.0276065,1000,27.6065
2016-02-19,UZS,0.026504200000000002,1000,26.5042
2016-02-20,UZS,0.026813800000000002,1000,26.8138
2016-02-21,UZS,0.027084,1000,27.084
2016-02-25,UZS,0.026832699999999998,1000,26.8327
2016-02-26,UZS,0.0268328,1000,26.8328
2016-02-27,UZS,0.026375199999999998,1000,26.3752
2016-03-01,UZS,0.0266782,1000,26.6782
2016-03-02,UZS,0.0260111,1000,26.0111
2016-03-03,UZS,0.025878900000000003,1000,25.8789
2016-03-04,UZS,0.025948799999999998,1000,25.9488
2016-03-05,UZS,0.0257242,1000,25.7242
2016-03-10,UZS,0.025351099999999998,1000,25.3511
2016-03-11,UZS,0.0249012,1000,24.9012
2016-03-12,UZS,0.0246,1000,24.6
2016-03-15,UZS,0.024546600000000002,1000,24.5466
2016-03-16,UZS,0.0246905,1000,24.6905
2016-03-17,UZS,0.0248776,1000,24.8776
2016-03-18,UZS,0.0240139,1000,24.0139
2016-03-19,UZS,0.0239757,1000,23.9757
2016-03-22,UZS,0.0241264,1000,24.1264
2016-03-23,UZS,0.023722899999999998,1000,23.7229
2016-03-24,UZS,0.0236921,1000,23.6921
2016-03-25,UZS,0.0241615,1000,24.1615
2016-03-26,UZS,0.0240121,1000,24.0121
2016-03-29,UZS,0.023782699999999997,1000,23.7827
2016-03-30,UZS,0.024166899999999998,1000,24.1669
2016-03-31,UZS,0.0237804,1000,23.7804
2016-04-01,UZS,0.0238088,1000,23.8088
2016-04-02,UZS,0.0233797,1000,23.3797
2016-04-05,UZS,0.0239037,1000,23.9037
2016-04-06,UZS,0.0240035,1000,24.0035
2016-04-07,UZS,0.0238751,1000,23.8751
2016-04-08,UZS,0.0236635,1000,23.6635
2016-04-09,UZS,0.023404,1000,23.404
2016-04-12,UZS,0.0232669,1000,23.2669
2016-04-13,UZS,0.0230127,1000,23.0127
2016-04-14,UZS,0.0227692,1000,22.7692
2016-04-15,UZS,0.0230088,1000,23.0088
2016-04-16,UZS,0.022853000000000002,1000,22.853
2016-04-19,UZS,0.0236237,1000,23.6237
2016-04-20,UZS,0.0227547,1000,22.7547
2016-04-21,UZS,0.0229054,1000,22.9054
2016-04-22,UZS,0.0225235,1000,22.5235
2016-04-23,UZS,0.0229134,1000,22.9134
2016-04-26,UZS,0.0230791,1000,23.0791
2016-04-27,UZS,0.0229713,1000,22.9713
2016-04-28,UZS,0.0224696,1000,22.4696
2016-04-29,UZS,0.0224529,1000,22.4529
2016-04-30,UZS,0.022191600000000002,1000,22.1916
2016-05-05,UZS,0.022857299999999997,1000,22.8573
2016-05-06,UZS,0.0227763,1000,22.7763
2016-05-07,UZS,0.0228409,1000,22.8409
2016-05-11,UZS,0.0228874,1000,22.8874
2016-05-12,UZS,0.022866,1000,22.866
2016-05-13,UZS,0.0224389,1000,22.4389
2016-05-14,UZS,0.022444,1000,22.444
2016-05-17,UZS,0.0224376,1000,22.4376
2016-05-18,UZS,0.0223077,1000,22.3077
2016-05-19,UZS,0.0225135,1000,22.5135
2016-05-20,UZS,0.022934200000000002,1000,22.9342
2016-05-21,UZS,0.0230078,1000,23.0078
2016-05-24,UZS,0.023082599999999998,1000,23.0826
2016-05-25,UZS,0.023017299999999997,1000,23.0173
2016-05-26,UZS,0.022621,1000,22.621
2016-05-27,UZS,0.0223692,1000,22.3692
2016-05-28,UZS,0.0222361,1000,22.2361
2016-05-31,UZS,0.022287500000000002,1000,22.2875
2016-06-01,UZS,0.0222584,1000,22.2584
2016-06-02,UZS,0.0225053,1000,22.5053
2016-06-03,UZS,0.0226038,1000,22.6038
2016-06-04,UZS,0.022700500000000002,1000,22.7005
2016-06-07,UZS,0.022354500000000003,1000,22.3545
2016-06-08,UZS,0.0221799,1000,22.1799
2016-06-09,UZS,0.0219999,1000,21.9999
2016-06-10,UZS,0.0216951,1000,21.6951
2016-06-11,UZS,0.0220319,1000,22.0319
2016-06-15,UZS,0.0224976,1000,22.4976
2016-06-16,UZS,0.022473800000000002,1000,22.4738
2016-06-17,UZS,0.0224554,1000,22.4554
2016-06-18,UZS,0.022296399999999997,1000,22.2964
2016-06-21,UZS,0.0218945,1000,21.8945
2016-06-22,UZS,0.0218057,1000,21.8057
2016-06-23,UZS,0.0216722,1000,21.6722
2016-06-24,UZS,0.0219152,1000,21.9152
2016-06-25,UZS,0.022364699999999998,1000,22.3647
2016-06-28,UZS,0.0222044,1000,22.2044
2016-06-29,UZS,0.022119299999999998,1000,22.1193
2016-06-30,UZS,0.021819199999999997,1000,21.8192
2016-07-01,UZS,0.0218062,1000,21.8062
2016-07-02,UZS,0.0217743,1000,21.7743
2016-07-05,UZS,0.0216983,1000,21.6983
2016-07-06,UZS,0.021897,1000,21.897
2016-07-07,UZS,0.0220356,1000,22.0356
2016-07-08,UZS,0.0217192,1000,21.7192
2016-07-09,UZS,0.021801400000000002,1000,21.8014
2016-07-12,UZS,0.0218005,1000,21.8005
2016-07-13,UZS,0.0217135,1000,21.7135
2016-07-14,UZS,0.0216158,1000,21.6158
2016-07-15,UZS,0.0215297,1000,21.5297
2016-07-16,UZS,0.0214135,1000,21.4135
2016-07-19,UZS,0.021358799999999997,1000,21.3588
2016-07-20,UZS,0.021258600000000002,1000,21.2586
2016-07-21,UZS,0.0214106,1000,21.4106
2016-07-22,UZS,0.0215839,1000,21.5839
2016-07-23,UZS,0.0218852,1000,21.8852
2016-07-26,UZS,0.021931899999999997,1000,21.9319
2016-07-27,UZS,0.0222323,1000,22.2323
2016-07-28,UZS,0.022317,1000,22.317
2016-07-29,UZS,0.0223882,1000,22.3882
2016-07-30,UZS,0.022729199999999998,1000,22.7292
2016-08-02,UZS,0.0223577,1000,22.3577
2016-08-03,UZS,0.022556999999999997,1000,22.557
2016-08-04,UZS,0.022472100000000002,1000,22.4721
2016-08-05,UZS,0.0223775,1000,22.3775
2016-08-06,UZS,0.0221271,1000,22.1271
2016-08-09,UZS,0.021916599999999998,1000,21.9166
2016-08-10,UZS,0.021872,1000,21.872
2016-08-11,UZS,0.0218965,1000,21.8965
2016-08-12,UZS,0.0219647,1000,21.9647
2016-08-13,UZS,0.0216039,1000,21.6039
2016-08-16,UZS,0.0215679,1000,21.5679
2016-08-17,UZS,0.0214652,1000,21.4652
2016-08-18,UZS,0.021453,1000,21.453
2016-08-19,UZS,0.0213108,1000,21.3108
2016-08-20,UZS,0.0214417,1000,21.4417
2016-08-23,UZS,0.021546199999999998,1000,21.5462
2016-08-24,UZS,0.021702000000000003,1000,21.702
2016-08-25,UZS,0.021698699999999998,1000,21.6987
2016-08-26,UZS,0.0217574,1000,21.7574
2016-08-27,UZS,0.0217023,1000,21.7023
2016-08-30,UZS,0.0218319,1000,21.8319
2016-08-31,UZS,0.0216863,1000,21.6863
2016-09-01,UZS,0.021823899999999997,1000,21.8239
2016-09-02,UZS,0.0218249,1000,21.8249
2016-09-03,UZS,0.0220296,1000,22.0296
2016-09-06,UZS,0.0216259,1000,21.6259
2016-09-07,UZS,0.021696999999999998,1000,21.697
2016-09-08,UZS,0.021568,1000,21.568
2016-09-09,UZS,0.0214531,1000,21.4531
2016-09-10,UZS,0.0215308,1000,21.5308
2016-09-13,UZS,0.0218302,1000,21.8302
2016-09-14,UZS,0.0217849,1000,21.7849
2016-09-15,UZS,0.021854600000000002,1000,21.8546
2016-09-16,UZS,0.0219512,1000,21.9512
2016-09-17,UZS,0.0218835,1000,21.8835
2016-09-20,UZS,0.0218577,1000,21.8577
2016-09-21,UZS,0.0215479,1000,21.5479
2016-09-22,UZS,0.0215526,1000,21.5526
2016-09-23,UZS,0.0213716,1000,21.3716
2016-09-24,UZS,0.021409400000000002,1000,21.4094
2016-09-27,UZS,0.0215126,1000,21.5126
2016-09-28,UZS,0.021373200000000002,1000,21.3732
2016-09-29,UZS,0.021246099999999997,1000,21.2461
2016-09-30,UZS,0.0209897,1000,20.9897
2016-10-01,UZS,0.021061800000000002,1000,21.0618
2016-10-04,UZS,0.0207869,1000,20.7869
2016-10-05,UZS,0.0205813,1000,20.5813
2016-10-06,UZS,0.0204848,1000,20.4848
2016-10-07,UZS,0.0204692,1000,20.4692
2016-10-08,UZS,0.020460799999999998,1000,20.4608
2016-10-11,UZS,0.020476400000000002,1000,20.4764
2016-10-12,UZS,0.0203917,1000,20.3917
2016-10-13,UZS,0.020521,1000,20.521
2016-10-14,UZS,0.0207693,1000,20.7693
2016-10-15,UZS,0.0206875,1000,20.6875
2016-10-18,UZS,0.0206016,1000,20.6016
2016-10-19,UZS,0.020485299999999998,1000,20.4853
2016-10-20,UZS,0.0203857,1000,20.3857
2016-10-21,UZS,0.0203321,1000,20.3321
2016-10-22,UZS,0.020342,1000,20.342
2016-10-25,UZS,0.020272,1000,20.272
2016-10-26,UZS,0.020093299999999998,1000,20.0933
2016-10-27,UZS,0.020187999999999998,1000,20.188
2016-10-28,UZS,0.0204476,1000,20.4476
2016-10-29,UZS,0.02041,1000,20.41
2016-11-01,UZS,0.020378399999999998,1000,20.3784
2016-11-02,UZS,0.0203736,1000,20.3736
2016-11-03,UZS,0.0204372,1000,20.4372
2016-11-04,UZS,0.020485299999999998,1000,20.4853
2016-11-08,UZS,0.020548999999999998,1000,20.549
2016-11-09,UZS,0.0205469,1000,20.5469
2016-11-10,UZS,0.0206439,1000,20.6439
2016-11-11,UZS,0.0203583,1000,20.3583
2016-11-12,UZS,0.0209028,1000,20.9028
2016-11-15,UZS,0.0209813,1000,20.9813
2016-11-16,UZS,0.021011199999999997,1000,21.0112
2016-11-17,UZS,0.0207078,1000,20.7078
2016-11-18,UZS,0.0207067,1000,20.7067
2016-11-19,UZS,0.0207995,1000,20.7995
2016-11-22,UZS,0.0203826,1000,20.3826
2016-11-23,UZS,0.0201514,1000,20.1514
2016-11-24,UZS,0.0202559,1000,20.2559
2016-11-25,UZS,0.020471299999999998,1000,20.4713
2016-11-26,UZS,0.020481000000000003,1000,20.481
2016-11-29,UZS,0.020575399999999997,1000,20.5754
2016-11-30,UZS,0.0206109,1000,20.6109
2016-12-01,UZS,0.0207105,1000,20.7105
2016-12-02,UZS,0.0202033,1000,20.2033
2016-12-03,UZS,0.020366,1000,20.366
2016-12-06,UZS,0.0202934,1000,20.2934
2016-12-07,UZS,0.0202775,1000,20.2775
2016-12-08,UZS,0.0201169,1000,20.1169
2016-12-09,UZS,0.019965399999999998,1000,19.9654
2016-12-10,UZS,0.019937899999999998,1000,19.9379
2016-12-13,UZS,0.0192216,1000,19.2216
2016-12-14,UZS,0.0190543,1000,19.0543
2016-12-15,UZS,0.019002500000000002,1000,19.0025
2016-12-16,UZS,0.0192435,1000,19.2435
2016-12-17,UZS,0.0193275,1000,19.3275
2016-12-20,UZS,0.019205,1000,19.205
2016-12-21,UZS,0.0192333,1000,19.2333
2016-12-22,UZS,0.019066800000000002,1000,19.0668
2016-12-23,UZS,0.0189904,1000,18.9904
2016-12-24,UZS,0.018986799999999998,1000,18.9868
2016-12-27,UZS,0.019004200000000002,1000,19.0042
2016-12-28,UZS,0.0189887,1000,18.9887
2016-12-29,UZS,0.0189288,1000,18.9288
2016-12-30,UZS,0.0188059,1000,18.8059
2016-12-31,UZS,0.0189257,1000,18.9257
2017-01-10,UZS,0.0187175,1000,18.7175
2017-01-11,UZS,0.0184819,1000,18.4819
2017-01-12,UZS,0.0185397,1000,18.5397
2017-01-13,UZS,0.018346499999999998,1000,18.3465
2017-01-14,UZS,0.018341100000000003,1000,18.3411
2017-01-17,UZS,0.0184256,1000,18.4256
2017-01-18,UZS,0.0182774,1000,18.2774
2017-01-19,UZS,0.0182102,1000,18.2102
2017-01-20,UZS,0.018234100000000003,1000,18.2341
2017-01-21,UZS,0.018343,1000,18.343
2017-01-24,UZS,0.0183087,1000,18.3087
2017-01-25,UZS,0.018109100000000003,1000,18.1091
2017-01-26,UZS,0.0180883,1000,18.0883
2017-01-27,UZS,0.0182651,1000,18.2651
2017-01-28,UZS,0.018491599999999997,1000,18.4916
2017-01-31,UZS,0.0184545,1000,18.4545
2017-02-01,UZS,0.018459299999999998,1000,18.4593
2017-02-02,UZS,0.0185455,1000,18.5455
2017-02-03,UZS,0.0184742,1000,18.4742
2017-02-04,UZS,0.0182898,1000,18.2898
2017-02-07,UZS,0.018120999999999998,1000,18.121
2017-02-08,UZS,0.0179646,1000,17.9646
2017-02-09,UZS,0.018088999999999997,1000,18.089
2017-02-10,UZS,0.0179512,1000,17.9512
2017-02-11,UZS,0.0179135,1000,17.9135
2017-02-14,UZS,0.0175448,1000,17.5448
2017-02-15,UZS,0.0174472,1000,17.4472
2017-02-16,UZS,0.0171516,1000,17.1516
2017-02-17,UZS,0.0172922,1000,17.2922
2017-02-18,UZS,0.017438500000000003,1000,17.4385
2017-02-21,UZS,0.0175891,1000,17.5891
2017-02-22,UZS,0.017533,1000,17.533
2017-02-23,UZS,0.0173907,1000,17.3907
2017-02-28,UZS,0.0172947,1000,17.2947
2017-03-01,UZS,0.0173385,1000,17.3385
2017-03-02,UZS,0.017488800000000002,1000,17.4888
2017-03-03,UZS,0.017513300000000002,1000,17.5133
2017-03-04,UZS,0.01768,1000,17.68
2017-03-07,UZS,0.0175186,1000,17.5186
2017-03-08,UZS,0.0175333,1000,17.5333
2017-03-10,UZS,0.0177364,1000,17.7364
2017-03-11,UZS,0.017874300000000003,1000,17.8743
2017-03-14,UZS,0.017125,1000,17.125
2017-03-15,UZS,0.0168344,1000,16.8344
2017-03-16,UZS,0.0168749,1000,16.8749
2017-03-17,UZS,0.0166506,1000,16.6506
2017-03-18,UZS,0.0165527,1000,16.5527
2017-03-21,UZS,0.0163764,1000,16.3764
2017-03-22,UZS,0.016375499999999998,1000,16.3755
2017-03-23,UZS,0.016505199999999998,1000,16.5052
2017-03-24,UZS,0.0164822,1000,16.4822
2017-03-25,UZS,0.016166899999999998,1000,16.1669
2017-03-28,UZS,0.016062899999999998,1000,16.0629
2017-03-29,UZS,0.016038399999999998,1000,16.0384
2017-03-30,UZS,0.016108499999999998,1000,16.1085
2017-03-31,UZS,0.0155482,1000,15.5482
2017-04-01,UZS,0.0155749,1000,15.5749
2017-04-04,UZS,0.0156247,1000,15.6247
2017-04-05,UZS,0.0156101,1000,15.6101
2017-04-06,UZS,0.0154403,1000,15.4403
2017-04-07,UZS,0.0155903,1000,15.5903
2017-04-08,UZS,0.015736800000000002,1000,15.7368
2017-04-11,UZS,0.0158447,1000,15.8447
2017-04-12,UZS,0.0156084,1000,15.6084
2017-04-13,UZS,0.0155495,1000,15.5495
2017-04-14,UZS,0.0155116,1000,15.5116
2017-04-15,UZS,0.0154202,1000,15.4202
2017-04-18,UZS,0.0154238,1000,15.4238
2017-04-19,UZS,0.0152164,1000,15.2164
2017-04-20,UZS,0.0152733,1000,15.2733
2017-04-21,UZS,0.0153389,1000,15.3389
2017-04-22,UZS,0.0152801,1000,15.2801
2017-04-25,UZS,0.015247299999999998,1000,15.2473
2017-04-26,UZS,0.0150648,1000,15.0648
2017-04-27,UZS,0.0151992,1000,15.1992
2017-04-28,UZS,0.015368399999999999,1000,15.3684
2017-04-29,UZS,0.0153802,1000,15.3802
2017-05-03,UZS,0.015256299999999999,1000,15.2563
2017-05-04,UZS,0.0152859,1000,15.2859
2017-05-05,UZS,0.015413999999999999,1000,15.414
2017-05-06,UZS,0.0156729,1000,15.6729
2017-05-11,UZS,0.0155508,1000,15.5508
2017-05-12,UZS,0.015167199999999999,1000,15.1672
2017-05-13,UZS,0.0151749,1000,15.1749
2017-05-16,UZS,0.0150135,1000,15.0135
2017-05-17,UZS,0.0148483,1000,14.8483
2017-05-18,UZS,0.0149626,1000,14.9626
2017-05-19,UZS,0.015151099999999999,1000,15.1511
2017-05-20,UZS,0.0151018,1000,15.1018
2017-05-23,UZS,0.0149073,1000,14.9073
2017-05-24,UZS,0.0148033,1000,14.8033
2017-05-25,UZS,0.0147297,1000,14.7297
2017-05-26,UZS,0.0146763,1000,14.6763
2017-05-27,UZS,0.0148558,1000,14.8558
2017-05-30,UZS,0.014845700000000002,1000,14.8457
2017-05-31,UZS,0.0145793,1000,14.5793
2017-06-01,UZS,0.0147397,1000,14.7397
2017-06-02,UZS,0.0146991,1000,14.6991
2017-06-03,UZS,0.0147386,1000,14.7386
2017-06-06,UZS,0.0147198,1000,14.7198
2017-06-07,UZS,0.0146333,1000,14.6333
2017-06-08,UZS,0.0146108,1000,14.6108
2017-06-09,UZS,0.0147136,1000,14.7136
2017-06-10,UZS,0.014714,1000,14.714
2017-06-14,UZS,0.0145802,1000,14.5802
2017-06-15,UZS,0.0146157,1000,14.6157
2017-06-16,UZS,0.0147367,1000,14.7367
2017-06-17,UZS,0.0148167,1000,14.8167
2017-06-20,UZS,0.0148452,1000,14.8452
2017-06-21,UZS,0.0149055,1000,14.9055
2017-06-22,UZS,0.015274900000000001,1000,15.2749
2017-06-23,UZS,0.0153014,1000,15.3014
2017-06-24,UZS,0.0151797,1000,15.1797
2017-06-27,UZS,0.0150131,1000,15.0131
2017-06-28,UZS,0.0149798,1000,14.9798
2017-06-29,UZS,0.015165900000000001,1000,15.1659
2017-06-30,UZS,0.014926,1000,14.926
2017-07-01,UZS,0.0150079,1000,15.0079
2017-07-04,UZS,0.014896900000000001,1000,14.8969
2017-07-05,UZS,0.014968299999999999,1000,14.9683
2017-07-06,UZS,0.0149449,1000,14.9449
2017-07-07,UZS,0.0151115,1000,15.1115
2017-07-08,UZS,0.0151457,1000,15.1457
2017-07-11,UZS,0.015126200000000001,1000,15.1262
2017-07-12,UZS,0.015132,1000,15.132
2017-07-13,UZS,0.0151013,1000,15.1013
2017-07-14,UZS,0.0149916,1000,14.9916
2017-07-15,UZS,0.0149165,1000,14.9165
2017-07-18,UZS,0.014712999999999999,1000,14.713
2017-07-19,UZS,0.0146831,1000,14.6831
2017-07-20,UZS,0.0146549,1000,14.6549
2017-07-21,UZS,0.014617100000000001,1000,14.6171
2017-07-22,UZS,0.0145786,1000,14.5786
2017-07-25,UZS,0.0147577,1000,14.7577
2017-07-26,UZS,0.0147992,1000,14.7992
2017-07-27,UZS,0.014821899999999999,1000,14.8219
2017-07-28,UZS,0.0147019,1000,14.7019
2017-07-29,UZS,0.0146299,1000,14.6299
2017-08-01,UZS,0.0147563,1000,14.7563
2017-08-02,UZS,0.0146022,1000,14.6022
2017-08-03,UZS,0.014781800000000001,1000,14.7818
2017-08-04,UZS,0.014823000000000001,1000,14.823
2017-08-05,UZS,0.0147201,1000,14.7201
2017-08-08,UZS,0.014654799999999999,1000,14.6548
2017-08-09,UZS,0.0146421,1000,14.6421
2017-08-10,UZS,0.014530900000000001,1000,14.5309
2017-08-11,UZS,0.0145249,1000,14.5249
2017-08-12,UZS,0.014587300000000001,1000,14.5873
2017-08-15,UZS,0.014491799999999999,1000,14.4918
2017-08-16,UZS,0.014425,1000,14.425
2017-08-17,UZS,0.0143589,1000,14.3589
2017-08-18,UZS,0.0142616,1000,14.2616
2017-08-19,UZS,0.0142889,1000,14.2889
2017-08-22,UZS,0.014235900000000001,1000,14.2359
2017-08-23,UZS,0.0141176,1000,14.1176
2017-08-24,UZS,0.0141388,1000,14.1388
2017-08-25,UZS,0.014140499999999999,1000,14.1405
2017-08-26,UZS,0.014142400000000001,1000,14.1424
2017-08-29,UZS,0.0139987,1000,13.9987
2017-08-30,UZS,0.0139955,1000,13.9955
2017-08-31,UZS,0.0140435,1000,14.0435
2017-09-01,UZS,0.014002700000000002,1000,14.0027
2017-09-02,UZS,0.0138889,1000,13.8889
2017-09-05,UZS,0.013723699999999998,1000,13.7237
2017-09-06,UZS,0.007142010000000001,10000,71.4201
2017-09-07,UZS,0.00707885,10000,70.7885
2017-09-08,UZS,0.00705446,10000,70.5446
2017-09-09,UZS,0.00703662,10000,70.3662
2017-09-12,UZS,0.00705969,10000,70.5969
2017-09-13,UZS,0.007076819999999999,10000,70.7682
2017-09-14,UZS,0.0071264300000000004,10000,71.2643
2017-09-15,UZS,0.00713914,10000,71.3914
2017-09-16,UZS,0.00710982,10000,71.0982
2017-09-19,UZS,0.00712113,10000,71.2113
2017-09-20,UZS,0.00719407,10000,71.9407
2017-09-21,UZS,0.007196429999999999,10000,71.9643
2017-09-22,UZS,0.00720824,10000,72.0824
2017-09-23,UZS,0.00713789,10000,71.3789
2017-09-26,UZS,0.00712673,10000,71.2673
2017-09-27,UZS,0.007108079999999999,10000,71.0808
2017-09-28,UZS,0.00719105,10000,71.9105
2017-09-29,UZS,0.00724257,10000,72.4257
2017-09-30,UZS,0.0071901,10000,71.901
2017-10-03,UZS,0.0071667,10000,71.667
2017-10-04,UZS,0.007187649999999999,10000,71.8765
2017-10-05,UZS,0.00716851,10000,71.6851
2017-10-06,UZS,0.00714344,10000,71.4344
2017-10-07,UZS,0.00716571,10000,71.6571
2017-10-10,UZS,0.00723441,10000,72.3441
2017-10-11,UZS,0.00721203,10000,72.1203
2017-10-12,UZS,0.00718552,10000,71.8552
2017-10-13,UZS,0.00716425,10000,71.6425
2017-10-14,UZS,0.0071559399999999995,10000,71.5594
2017-10-17,UZS,0.0070896100000000005,10000,70.8961
2017-10-18,UZS,0.007115130000000001,10000,71.1513
2017-10-19,UZS,0.0071068,10000,71.068
2017-10-20,UZS,0.007143859999999999,10000,71.4386
2017-10-21,UZS,0.00713657,10000,71.3657
2017-10-24,UZS,0.007131440000000001,10000,71.3144
2017-10-25,UZS,0.00713695,10000,71.3695
2017-10-26,UZS,0.007139629999999999,10000,71.3963
2017-10-27,UZS,0.00715826,10000,71.5826
2017-10-28,UZS,0.007197790000000001,10000,71.9779
2017-10-31,UZS,0.007171639999999999,10000,71.7164
2017-11-01,UZS,0.0071944999999999995,10000,71.945
2017-11-02,UZS,0.0071991799999999995,10000,71.9918
2017-11-03,UZS,0.00719066,10000,71.9066
2017-11-04,UZS,0.007233069999999999,10000,72.3307
2017-11-08,UZS,0.0072457400000000005,10000,72.4574
2017-11-09,UZS,0.00734394,10000,73.4394
2017-11-10,UZS,0.00734453,10000,73.4453
2017-11-11,UZS,0.0073480099999999994,10000,73.4801
2017-11-14,UZS,0.007335800000000001,10000,73.358
2017-11-15,UZS,0.0073885999999999995,10000,73.886
2017-11-16,UZS,0.007466469999999999,10000,74.6647
2017-11-17,UZS,0.00743434,10000,74.3434
2017-11-18,UZS,0.0073900599999999995,10000,73.9006
2017-11-21,UZS,0.007345740000000001,10000,73.4574
2017-11-22,UZS,0.00735432,10000,73.5432
2017-11-23,UZS,0.007304430000000001,10000,73.0443
2017-11-24,UZS,0.00723085,10000,72.3085
2017-11-25,UZS,0.00723946,10000,72.3946
2017-11-28,UZS,0.007207980000000001,10000,72.0798
2017-11-29,UZS,0.00721512,10000,72.1512
2017-11-30,UZS,0.007205039999999999,10000,72.0504
2017-12-01,UZS,0.00723595,10000,72.3595
2017-12-02,UZS,0.007228149999999999,10000,72.2815
2017-12-05,UZS,0.00728657,10000,72.8657
2017-12-06,UZS,0.00724929,10000,72.4929
2017-12-07,UZS,0.007278400000000001,10000,72.784
2017-12-08,UZS,0.007323690000000001,10000,73.2369
2017-12-09,UZS,0.0073219999999999995,10000,73.22
2017-12-12,UZS,0.00731626,10000,73.1626
2017-12-13,UZS,0.00727101,10000,72.7101
2017-12-14,UZS,0.007309019999999999,10000,73.0902
2017-12-15,UZS,0.00725509,10000,72.5509
2017-12-16,UZS,0.0072786299999999995,10000,72.7863
2017-12-19,UZS,0.00725334,10000,72.5334
2017-12-20,UZS,0.00723458,10000,72.3458
2017-12-21,UZS,0.007247580000000001,10000,72.4758
2017-12-22,UZS,0.007228149999999999,10000,72.2815
2017-12-23,UZS,0.0072261700000000005,10000,72.2617
2017-12-26,UZS,0.007183629999999999,10000,71.8363
2017-12-27,UZS,0.00712769,10000,71.2769
2017-12-28,UZS,0.00707562,10000,70.7562
2017-12-29,UZS,0.007097119999999999,10000,70.9712
2017-12-30,UZS,0.00709358,10000,70.9358
2018-01-10,UZS,0.00700987,10000,70.0987
2018-01-11,UZS,0.00698862,10000,69.8862
2018-01-12,UZS,0.00700365,10000,70.0365
2018-01-13,UZS,0.00695697,10000,69.5697
2018-01-16,UZS,0.0069242999999999996,10000,69.243
2018-01-17,UZS,0.0069218199999999995,10000,69.2182
2018-01-18,UZS,0.006946980000000001,10000,69.4698
2018-01-19,UZS,0.0069675,10000,69.675
2018-01-20,UZS,0.00694657,10000,69.4657
2018-01-23,UZS,0.0069511,10000,69.511
2018-01-24,UZS,0.006909869999999999,10000,69.0987
2018-01-25,UZS,0.006907089999999999,10000,69.0709
2018-01-26,UZS,0.006850749999999999,10000,68.5075
2018-01-27,UZS,0.00683845,10000,68.3845
2018-01-30,UZS,0.00689506,10000,68.9506
2018-01-31,UZS,0.0068851699999999995,10000,68.8517
2018-02-01,UZS,0.0068720299999999995,10000,68.7203
2018-02-02,UZS,0.006881480000000001,10000,68.8148
2018-02-03,UZS,0.00685451,10000,68.5451
2018-02-06,UZS,0.00692631,10000,69.2631
2018-02-07,UZS,0.00698917,10000,69.8917
2018-02-08,UZS,0.00695664,10000,69.5664
2018-02-09,UZS,0.0070446,10000,70.446
2018-02-10,UZS,0.00710547,10000,71.0547
2018-02-13,UZS,0.0070865799999999994,10000,70.8658
2018-02-14,UZS,0.007055200000000001,10000,70.552
2018-02-15,UZS,0.007033190000000001,10000,70.3319
2018-02-16,UZS,0.0069112999999999996,10000,69.113
2018-02-17,UZS,0.00688241,10000,68.8241
2018-02-20,UZS,0.006881,10000,68.81
2018-02-21,UZS,0.00690725,10000,69.0725
2018-02-22,UZS,0.00692359,10000,69.2359
2018-02-23,UZS,0.00693668,10000,69.3668
2018-02-27,UZS,0.0068341899999999995,10000,68.3419
2018-02-28,UZS,0.00681283,10000,68.1283
2018-03-01,UZS,0.006898779999999999,10000,68.9878
2018-03-02,UZS,0.00690612,10000,69.0612
2018-03-03,UZS,0.0069339200000000005,10000,69.3392
2018-03-06,UZS,0.0069876,10000,69.876
2018-03-07,UZS,0.006921599999999999,10000,69.216
2018-03-08,UZS,0.006957980000000001,10000,69.5798
2018-03-13,UZS,0.006934839999999999,10000,69.3484
2018-03-14,UZS,0.0069945400000000005,10000,69.9454
2018-03-15,UZS,0.0069947,10000,69.947
2018-03-16,UZS,0.00700471,10000,70.0471
2018-03-17,UZS,0.00706313,10000,70.6313
2018-03-20,UZS,0.007070229999999999,10000,70.7023
2018-03-21,UZS,0.007088809999999999,10000,70.8881
2018-03-22,UZS,0.00706327,10000,70.6327
2018-03-23,UZS,0.00698265,10000,69.8265
2018-03-24,UZS,0.00701563,10000,70.1563
2018-03-27,UZS,0.00700246,10000,70.0246
2018-03-28,UZS,0.0070239199999999995,10000,70.2392
2018-03-29,UZS,0.0070721000000000004,10000,70.721
2018-03-30,UZS,0.00709789,10000,70.9789
2018-03-31,UZS,0.00703586,10000,70.3586
2018-04-03,UZS,0.007038330000000001,10000,70.3833
2018-04-04,UZS,0.00710261,10000,71.0261
2018-04-05,UZS,0.00713064,10000,71.3064
2018-04-06,UZS,0.0071078,10000,71.078
2018-04-07,UZS,0.00713911,10000,71.3911
2018-04-10,UZS,0.00723023,10000,72.3023
2018-04-11,UZS,0.00770474,10000,77.0474
2018-04-12,UZS,0.0079139,10000,79.139
2018-04-13,UZS,0.00766721,10000,76.6721
2018-04-14,UZS,0.00758882,10000,75.8882
2018-04-17,UZS,0.00769358,10000,76.9358
2018-04-18,UZS,0.00757008,10000,75.7008
2018-04-19,UZS,0.0076206500000000005,10000,76.2065
2018-04-20,UZS,0.00753663,10000,75.3663
2018-04-21,UZS,0.0075921999999999995,10000,75.922
2018-04-24,UZS,0.00764684,10000,76.4684
2018-04-25,UZS,0.00764294,10000,76.4294
2018-04-26,UZS,0.00765346,10000,76.5346
2018-04-27,UZS,0.00775924,10000,77.5924
2018-04-28,UZS,0.0077745,10000,77.745
2018-04-29,UZS,0.0076844999999999995,10000,76.845
2018-05-04,UZS,0.007868720000000001,10000,78.6872
2018-05-05,UZS,0.00783347,10000,78.3347
2018-05-08,UZS,0.007773180000000001,10000,77.7318
2018-05-09,UZS,0.007818170000000001,10000,78.1817
2018-05-11,UZS,0.00775795,10000,77.5795
2018-05-12,UZS,0.007660200000000001,10000,76.602
2018-05-15,UZS,0.00766433,10000,76.6433
2018-05-16,UZS,0.00771467,10000,77.1467
2018-05-17,UZS,0.00776288,10000,77.6288
2018-05-18,UZS,0.00770285,10000,77.0285
2018-05-19,UZS,0.007717709999999999,10000,77.1771
2018-05-22,UZS,0.007791459999999999,10000,77.9146
2018-05-23,UZS,0.00766241,10000,76.6241
2018-05-24,UZS,0.00770129,10000,77.0129
2018-05-25,UZS,0.007679000000000001,10000,76.79
2018-05-26,UZS,0.007710259999999999,10000,77.1026
2018-05-29,UZS,0.00778592,10000,77.8592
2018-05-30,UZS,0.007847660000000001,10000,78.4766
2018-05-31,UZS,0.00784161,10000,78.4161
2018-06-01,UZS,0.0077696399999999995,10000,77.6964
2018-06-02,UZS,0.007777689999999999,10000,77.7769
2018-06-05,UZS,0.0077583899999999996,10000,77.5839
2018-06-06,UZS,0.00780234,10000,78.0234
2018-06-07,UZS,0.00780539,10000,78.0539
2018-06-08,UZS,0.00778096,10000,77.8096
2018-06-09,UZS,0.00788865,10000,78.8865
2018-06-10,UZS,0.00784777,10000,78.4777
2018-06-14,UZS,0.00794917,10000,79.4917
2018-06-15,UZS,0.00788987,10000,78.8987
2018-06-16,UZS,0.00792544,10000,79.2544
2018-06-19,UZS,0.008026779999999999,10000,80.2678
2018-06-20,UZS,0.00813566,10000,81.3566
2018-06-21,UZS,0.00806921,10000,80.6921
2018-06-22,UZS,0.008090779999999999,10000,80.9078
2018-06-23,UZS,0.008022280000000001,10000,80.2228
2018-06-26,UZS,0.0079846,10000,79.846
2018-06-27,UZS,0.00796433,10000,79.6433
2018-06-28,UZS,0.00802067,10000,80.2067
2018-06-29,UZS,0.00804037,10000,80.4037
2018-06-30,UZS,0.00797247,10000,79.7247
2018-07-03,UZS,0.00802111,10000,80.2111
2018-07-04,UZS,0.00806884,10000,80.6884
2018-07-05,UZS,0.00805819,10000,80.5819
2018-07-06,UZS,0.008062479999999999,10000,80.6248
2018-07-07,UZS,0.00804481,10000,80.4481
2018-07-10,UZS,0.00800811,10000,80.0811
2018-07-11,UZS,0.00799194,10000,79.9194
2018-07-12,UZS,0.007947629999999999,10000,79.4763
2018-07-13,UZS,0.007975149999999999,10000,79.7515
2018-07-14,UZS,0.00797264,10000,79.7264
2018-07-17,UZS,0.0079678,10000,79.678
2018-07-18,UZS,0.00800965,10000,80.0965
2018-07-19,UZS,0.00807681,10000,80.7681
2018-07-20,UZS,0.008124840000000001,10000,81.2484
2018-07-21,UZS,0.00815234,10000,81.5234
2018-07-24,UZS,0.008114709999999999,10000,81.1471
2018-07-25,UZS,0.00807815,10000,80.7815
2018-07-26,UZS,0.0080987,10000,80.987
2018-07-27,UZS,0.00808117,10000,80.8117
2018-07-28,UZS,0.00808429,10000,80.8429
2018-07-31,UZS,0.008059789999999999,10000,80.5979
2018-08-01,UZS,0.00800189,10000,80.0189
2018-08-02,UZS,0.00802877,10000,80.2877
2018-08-03,UZS,0.0081028,10000,81.028
2018-08-04,UZS,0.00814375,10000,81.4375
2018-08-07,UZS,0.00814922,10000,81.4922
2018-08-08,UZS,0.00816422,10000,81.6422
2018-08-09,UZS,0.00817101,10000,81.7101
2018-08-10,UZS,0.00851672,10000,85.1672
2018-08-11,UZS,0.0085966,10000,85.966
2018-08-14,UZS,0.00876569,10000,87.6569
2018-08-15,UZS,0.00856902,10000,85.6902
2018-08-16,UZS,0.0085206,10000,85.206
2018-08-17,UZS,0.00858684,10000,85.8684
2018-08-18,UZS,0.00858481,10000,85.8481
2018-08-21,UZS,0.00862397,10000,86.2397
2018-08-22,UZS,0.00860844,10000,86.0844
2018-08-23,UZS,0.00866455,10000,86.6455
2018-08-24,UZS,0.00878113,10000,87.8113
2018-08-25,UZS,0.008686969999999999,10000,86.8697
2018-08-28,UZS,0.008636379999999999,10000,86.3638
2018-08-29,UZS,0.00860984,10000,86.0984
2018-08-30,UZS,0.008706170000000001,10000,87.0617
2018-08-31,UZS,0.00869812,10000,86.9812
2018-09-01,UZS,0.00869333,10000,86.9333
2018-09-04,UZS,0.00865496,10000,86.5496
2018-09-05,UZS,0.0087226,10000,87.226
2018-09-06,UZS,0.00874678,10000,87.4678
2018-09-07,UZS,0.008719629999999999,10000,87.1963
2018-09-08,UZS,0.008801409999999999,10000,88.0141
2018-09-11,UZS,0.0089085,10000,89.085
2018-09-12,UZS,0.008900159999999999,10000,89.0016
2018-09-13,UZS,0.008849079999999999,10000,88.4908
2018-09-14,UZS,0.00873005,10000,87.3005
2018-09-15,UZS,0.00868498,10000,86.8498
2018-09-18,UZS,0.00867394,10000,86.7394
2018-09-19,UZS,0.008428950000000001,10000,84.2895
2018-09-20,UZS,0.00833455,10000,83.3455
2018-09-21,UZS,0.00826772,10000,82.6772
2018-09-22,UZS,0.008242059999999999,10000,82.4206
2018-09-25,UZS,0.00823083,10000,82.3083
2018-09-26,UZS,0.00814734,10000,81.4734
2018-09-27,UZS,0.008139180000000001,10000,81.3918
2018-09-28,UZS,0.00814871,10000,81.4871
2018-09-29,UZS,0.00811865,10000,81.1865
2018-10-02,UZS,0.008116410000000001,10000,81.1641
2018-10-03,UZS,0.00807279,10000,80.7279
2018-10-04,UZS,0.007998439999999999,10000,79.9844
2018-10-05,UZS,0.00809466,10000,80.9466
2018-10-06,UZS,0.00814546,10000,81.4546
2018-10-09,UZS,0.00818721,10000,81.8721
2018-10-10,UZS,0.008116710000000001,10000,81.1671
2018-10-11,UZS,0.008089790000000001,10000,80.8979
2018-10-12,UZS,0.00816187,10000,81.6187
2018-10-13,UZS,0.008064430000000001,10000,80.6443
2018-10-16,UZS,0.008037,10000,80.37
2018-10-17,UZS,0.00798372,10000,79.8372
2018-10-18,UZS,0.00796811,10000,79.6811
2018-10-19,UZS,0.00800729,10000,80.0729
2018-10-20,UZS,0.00801826,10000,80.1826
2018-10-23,UZS,0.007956409999999999,10000,79.5641
2018-10-24,UZS,0.00793938,10000,79.3938
2018-10-25,UZS,0.0079783,10000,79.783
2018-10-26,UZS,0.00799261,10000,79.9261
2018-10-27,UZS,0.00797886,10000,79.7886
2018-10-30,UZS,0.00800055,10000,80.0055
2018-10-31,UZS,0.00798536,10000,79.8536
2018-11-01,UZS,0.00796375,10000,79.6375
2018-11-02,UZS,0.00797049,10000,79.7049
2018-11-03,UZS,0.00796177,10000,79.6177
2018-11-07,UZS,0.007998980000000001,10000,79.9898
2018-11-08,UZS,0.00801118,10000,80.1118
2018-11-09,UZS,0.008026170000000001,10000,80.2617
2018-11-10,UZS,0.00810304,10000,81.0304
2018-11-13,UZS,0.00818475,10000,81.8475
2018-11-14,UZS,0.00818271,10000,81.8271
2018-11-15,UZS,0.008220950000000001,10000,82.2095
2018-11-16,UZS,0.008053910000000001,10000,80.5391
2018-11-17,UZS,0.00796537,10000,79.6537
2018-11-20,UZS,0.00798043,10000,79.8043
2018-11-21,UZS,0.00792354,10000,79.2354
2018-11-22,UZS,0.007967199999999999,10000,79.672
2018-11-23,UZS,0.00792648,10000,79.2648
2018-11-24,UZS,0.00793309,10000,79.3309
2018-11-27,UZS,0.00803467,10000,80.3467
2018-11-28,UZS,0.00803127,10000,80.3127
2018-11-29,UZS,0.00808742,10000,80.8742
2018-11-30,UZS,0.00802909,10000,80.2909
2018-12-01,UZS,0.00801695,10000,80.1695
2018-12-04,UZS,0.00798779,10000,79.8779
2018-12-05,UZS,0.007996469999999999,10000,79.9647
2018-12-06,UZS,0.00803678,10000,80.3678
2018-12-07,UZS,0.00802637,10000,80.2637
2018-12-08,UZS,0.00804862,10000,80.4862
2018-12-11,UZS,0.00796671,10000,79.6671
2018-12-12,UZS,0.008020699999999999,10000,80.207
2018-12-13,UZS,0.00799297,10000,79.9297
2018-12-14,UZS,0.00797173,10000,79.7173
2018-12-15,UZS,0.00801244,10000,80.1244
2018-12-18,UZS,0.00801683,10000,80.1683
2018-12-19,UZS,0.00801932,10000,80.1932
2018-12-20,UZS,0.00806338,10000,80.6338
2018-12-21,UZS,0.00809208,10000,80.9208
2018-12-22,UZS,0.00816865,10000,81.6865
2018-12-25,UZS,0.00821898,10000,82.1898
2018-12-26,UZS,0.008243229999999999,10000,82.4323
2018-12-27,UZS,0.008262690000000001,10000,82.6269
2018-12-28,UZS,0.00826148,10000,82.6148
2018-12-29,UZS,0.00833892,10000,83.3892
2018-12-30,UZS,0.00833278,10000,83.3278
2019-01-10,UZS,0.008045950000000001,10000,80.4595
2019-01-11,UZS,0.00801968,10000,80.1968
2019-01-12,UZS,0.00802642,10000,80.2642
2019-01-15,UZS,0.008061849999999999,10000,80.6185
2019-01-16,UZS,0.008037019999999999,10000,80.3702
2019-01-17,UZS,0.0079895,10000,79.895
2019-01-18,UZS,0.00796056,10000,79.6056
2019-01-19,UZS,0.00793797,10000,79.3797
2019-01-22,UZS,0.00795093,10000,79.5093
2019-01-23,UZS,0.00796517,10000,79.6517
2019-01-24,UZS,0.00791721,10000,79.1721
2019-01-25,UZS,0.00787783,10000,78.7783
2019-01-26,UZS,0.00787792,10000,78.7792
2019-01-29,UZS,0.00787161,10000,78.7161
2019-01-30,UZS,0.00792847,10000,79.2847
2019-01-31,UZS,0.00788538,10000,78.8538
2019-02-01,UZS,0.00779704,10000,77.9704
2019-02-02,UZS,0.00783305,10000,78.3305
2019-02-05,UZS,0.00782187,10000,78.2187
2019-02-06,UZS,0.00780442,10000,78.0442
2019-02-07,UZS,0.00783563,10000,78.3563
2019-02-08,UZS,0.00786042,10000,78.6042
2019-02-09,UZS,0.00786317,10000,78.6317
2019-02-12,UZS,0.0078166,10000,78.166
2019-02-13,UZS,0.00783003,10000,78.3003
2019-02-14,UZS,0.00782243,10000,78.2243
2019-02-15,UZS,0.00792871,10000,79.2871
2019-02-16,UZS,0.00794559,10000,79.4559
2019-02-19,UZS,0.0078911,10000,78.911
2019-02-20,UZS,0.007889100000000001,10000,78.891
2019-02-21,UZS,0.00784743,10000,78.4743
2019-02-22,UZS,0.007812,10000,78.12
2019-02-23,UZS,0.00780664,10000,78.0664
2019-02-26,UZS,0.00777846,10000,77.7846
2019-02-27,UZS,0.00780876,10000,78.0876
2019-02-28,UZS,0.007825279999999999,10000,78.2528
2019-03-01,UZS,0.007848520000000001,10000,78.4852
2019-03-02,UZS,0.00783212,10000,78.3212
2019-03-05,UZS,0.00783496,10000,78.3496
2019-03-06,UZS,0.00783995,10000,78.3995
2019-03-07,UZS,0.007845040000000001,10000,78.4504
2019-03-08,UZS,0.00786186,10000,78.6186
2019-03-12,UZS,0.00788403,10000,78.8403
2019-03-13,UZS,0.00785604,10000,78.5604
2019-03-14,UZS,0.00783475,10000,78.3475
2019-03-15,UZS,0.00782364,10000,78.2364
2019-03-16,UZS,0.00781457,10000,78.1457
2019-03-19,UZS,0.007724859999999999,10000,77.2486
2019-03-20,UZS,0.007679130000000001,10000,76.7913
2019-03-21,UZS,0.007674760000000001,10000,76.7476
2019-03-22,UZS,0.0076082400000000005,10000,76.0824
2019-03-23,UZS,0.0076116299999999994,10000,76.1163
2019-03-26,UZS,0.0076954300000000005,10000,76.9543
2019-03-27,UZS,0.00766419,10000,76.6419
2019-03-28,UZS,0.00770107,10000,77.0107
2019-03-29,UZS,0.0077259600000000005,10000,77.2596
2019-03-30,UZS,0.00771802,10000,77.1802
2019-04-02,UZS,0.0077856800000000006,10000,77.8568
2019-04-03,UZS,0.00777621,10000,77.7621
2019-04-04,UZS,0.007741379999999999,10000,77.4138
2019-04-05,UZS,0.00776135,10000,77.6135
2019-04-06,UZS,0.00777102,10000,77.7102
2019-04-09,UZS,0.0077493,10000,77.493
2019-04-10,UZS,0.0076669,10000,76.669
2019-04-11,UZS,0.00769674,10000,76.9674
2019-04-12,UZS,0.00762222,10000,76.2222
2019-04-13,UZS,0.00763618,10000,76.3618
2019-04-16,UZS,0.00760421,10000,76.0421
2019-04-17,UZS,0.007613330000000001,10000,76.1333
2019-04-18,UZS,0.0075649,10000,75.649
2019-04-19,UZS,0.00757735,10000,75.7735
2019-04-20,UZS,0.00756447,10000,75.6447
2019-04-23,UZS,0.007546080000000001,10000,75.4608
2019-04-24,UZS,0.00755915,10000,75.5915
2019-04-25,UZS,0.00758537,10000,75.8537
2019-04-26,UZS,0.00766448,10000,76.6448
2019-04-27,UZS,0.00766528,10000,76.6528
2019-04-30,UZS,0.0076659300000000005,10000,76.6593
2019-05-01,UZS,0.0076528099999999995,10000,76.5281
2019-05-07,UZS,0.00773683,10000,77.3683
2019-05-08,UZS,0.00772124,10000,77.2124
2019-05-09,UZS,0.007722669999999999,10000,77.2267
2019-05-14,UZS,0.007749,10000,77.49
2019-05-15,UZS,0.00772038,10000,77.2038
2019-05-16,UZS,0.00766929,10000,76.6929
2019-05-17,UZS,0.0076351,10000,76.351
2019-05-18,UZS,0.0076437200000000005,10000,76.4372
2019-05-21,UZS,0.00762671,10000,76.2671
2019-05-22,UZS,0.007638979999999999,10000,76.3898
2019-05-23,UZS,0.0076155699999999995,10000,76.1557
2019-05-24,UZS,0.00762452,10000,76.2452
2019-05-25,UZS,0.0076386200000000005,10000,76.3862
2019-05-28,UZS,0.00762123,10000,76.2123
2019-05-29,UZS,0.00760772,10000,76.0772
2019-05-30,UZS,0.007651220000000001,10000,76.5122
2019-05-31,UZS,0.00766889,10000,76.6889
2019-06-01,UZS,0.007707210000000001,10000,77.0721
2019-06-04,UZS,0.0077274,10000,77.274
2019-06-05,UZS,0.00765564,10000,76.5564
2019-06-06,UZS,0.00765039,10000,76.5039
2019-06-07,UZS,0.00766326,10000,76.6326
2019-06-08,UZS,0.00765685,10000,76.5685
2019-06-11,UZS,0.007613120000000001,10000,76.1312
2019-06-12,UZS,0.00757569,10000,75.7569
2019-06-14,UZS,0.0075892600000000005,10000,75.8926
2019-06-15,UZS,0.007565919999999999,10000,75.6592
2019-06-18,UZS,0.00755253,10000,75.5253
2019-06-19,UZS,0.007539369999999999,10000,75.3937
2019-06-20,UZS,0.00749768,10000,74.9768
2019-06-21,UZS,0.0074283299999999995,10000,74.2833
2019-06-22,UZS,0.00739809,10000,73.9809
2019-06-25,UZS,0.0073723,10000,73.723
2019-06-26,UZS,0.00730423,10000,73.0423
2019-06-27,UZS,0.00733757,10000,73.3757
2019-06-28,UZS,0.0073652299999999995,10000,73.6523
2019-06-29,UZS,0.007368779999999999,10000,73.6878
2019-07-02,UZS,0.00736628,10000,73.6628
2019-07-03,UZS,0.00737574,10000,73.7574
2019-07-04,UZS,0.00740706,10000,74.0706
2019-07-05,UZS,0.007396120000000001,10000,73.9612
2019-07-06,UZS,0.007417440000000001,10000,74.1744
2019-07-09,UZS,0.007450780000000001,10000,74.5078
2019-07-10,UZS,0.007435519999999999,10000,74.3552
2019-07-11,UZS,0.00743935,10000,74.3935
2019-07-12,UZS,0.00734555,10000,73.4555
2019-07-13,UZS,0.0073629,10000,73.629
2019-07-16,UZS,0.00732615,10000,73.2615
2019-07-17,UZS,0.00731917,10000,73.1917
2019-07-18,UZS,0.007340510000000001,10000,73.4051
2019-07-19,UZS,0.00733494,10000,73.3494
2019-07-20,UZS,0.00732542,10000,73.2542
2019-07-23,UZS,0.007338379999999999,10000,73.3838
2019-07-24,UZS,0.007319719999999999,10000,73.1972
2019-07-25,UZS,0.0073371700000000005,10000,73.3717
2019-07-26,UZS,0.00732512,10000,73.2512
2019-07-27,UZS,0.00732163,10000,73.2163
2019-07-30,UZS,0.00734933,10000,73.4933
2019-07-31,UZS,0.007315049999999999,10000,73.1505
2019-08-01,UZS,0.00734135,10000,73.4135
2019-08-02,UZS,0.00736755,10000,73.6755
2019-08-03,UZS,0.0074587,10000,74.587
2019-08-06,UZS,0.007506270000000001,10000,75.0627
2019-08-07,UZS,0.0074925700000000005,10000,74.9257
2019-08-08,UZS,0.007479949999999999,10000,74.7995
2019-08-09,UZS,0.00750566,10000,75.0566
2019-08-10,UZS,0.00749846,10000,74.9846
2019-08-13,UZS,0.00751849,10000,75.1849
2019-08-14,UZS,0.00758978,10000,75.8978
2019-08-15,UZS,0.00752634,10000,75.2634
2019-08-16,UZS,0.007459489999999999,10000,74.5949
2019-08-17,UZS,0.00732172,10000,73.2172
2019-08-20,UZS,0.00727958,10000,72.7958
2019-08-21,UZS,0.0072988,10000,72.988
2019-08-22,UZS,0.00717437,10000,71.7437
2019-08-23,UZS,0.006970059999999999,10000,69.7006
2019-08-24,UZS,0.006991110000000001,10000,69.9111
2019-08-27,UZS,0.007037170000000001,10000,70.3717
2019-08-28,UZS,0.0070490200000000005,10000,70.4902
2019-08-29,UZS,0.007065179999999999,10000,70.6518
2019-08-30,UZS,0.007100759999999999,10000,71.0076
2019-08-31,UZS,0.00707337,10000,70.7337
2019-09-03,UZS,0.0071072999999999996,10000,71.073
2019-09-04,UZS,0.007137569999999999,10000,71.3757
2019-09-05,UZS,0.00707449,10000,70.7449
2019-09-06,UZS,0.00702689,10000,70.2689
2019-09-07,UZS,0.00702107,10000,70.2107
2019-09-10,UZS,0.00697551,10000,69.7551
2019-09-11,UZS,0.00696163,10000,69.6163
2019-09-12,UZS,0.006960859999999999,10000,69.6086
2019-09-13,UZS,0.006935200000000001,10000,69.352
2019-09-14,UZS,0.006858629999999999,10000,68.5863
2019-09-17,UZS,0.006790130000000001,10000,67.9013
2019-09-18,UZS,0.00682141,10000,68.2141
2019-09-19,UZS,0.00685415,10000,68.5415
2019-09-20,UZS,0.0068319,10000,68.319
2019-09-21,UZS,0.00679241,10000,67.9241
2019-09-24,UZS,0.00680269,10000,68.0269
2019-09-25,UZS,0.006755670000000001,10000,67.5567
2019-09-26,UZS,0.00680671,10000,68.0671
2019-09-27,UZS,0.006817480000000001,10000,68.1748
2019-09-28,UZS,0.0068273,10000,68.273
2019-10-01,UZS,0.00685116,10000,68.5116
2019-10-02,UZS,0.00688788,10000,68.8788
2019-10-03,UZS,0.00693587,10000,69.3587
2019-10-04,UZS,0.006910469999999999,10000,69.1047
2019-10-05,UZS,0.00689973,10000,68.9973
2019-10-08,UZS,0.00687808,10000,68.7808
2019-10-09,UZS,0.00688977,10000,68.8977
2019-10-10,UZS,0.0069142399999999994,10000,69.1424
2019-10-11,UZS,0.00686914,10000,68.6914
2019-10-12,UZS,0.0068033600000000005,10000,68.0336
2019-10-15,UZS,0.00682316,10000,68.2316
2019-10-16,UZS,0.006806650000000001,10000,68.0665
2019-10-17,UZS,0.006816259999999999,10000,68.1626
2019-10-18,UZS,0.0067811899999999994,10000,67.8119
2019-10-19,UZS,0.006781990000000001,10000,67.8199
2019-10-22,UZS,0.006763259999999999,10000,67.6326
2019-10-23,UZS,0.0067408500000000005,10000,67.4085
2019-10-24,UZS,0.00675844,10000,67.5844
2019-10-25,UZS,0.00676483,10000,67.6483
2019-10-26,UZS,0.0067649699999999995,10000,67.6497
2019-10-29,UZS,0.0067598,10000,67.598
2019-10-30,UZS,0.006745180000000001,10000,67.4518
2019-10-31,UZS,0.00675195,10000,67.5195
2019-11-01,UZS,0.00674152,10000,67.4152
2019-11-02,UZS,0.00676867,10000,67.6867
2019-11-06,UZS,0.0066787800000000005,10000,66.7878
2019-11-07,UZS,0.00671468,10000,67.1468
2019-11-08,UZS,0.00672388,10000,67.2388
2019-11-09,UZS,0.00672252,10000,67.2252
2019-11-12,UZS,0.00674178,10000,67.4178
2019-11-13,UZS,0.00672491,10000,67.2491
2019-11-14,UZS,0.00676155,10000,67.6155
2019-11-15,UZS,0.0067589600000000005,10000,67.5896
2019-11-16,UZS,0.006725060000000001,10000,67.2506
2019-11-19,UZS,0.00671097,10000,67.1097
2019-11-20,UZS,0.00671228,10000,67.1228
2019-11-21,UZS,0.00673908,10000,67.3908
2019-11-22,UZS,0.00671964,10000,67.1964
2019-11-23,UZS,0.00669927,10000,66.9927
2019-11-26,UZS,0.00670491,10000,67.0491
2019-11-27,UZS,0.006743129999999999,10000,67.4313
2019-11-28,UZS,0.00673771,10000,67.3771
2019-11-29,UZS,0.0067512,10000,67.512
2019-11-30,UZS,0.00673835,10000,67.3835
2019-12-03,UZS,0.00677284,10000,67.7284
2019-12-04,UZS,0.00673387,10000,67.3387
2019-12-05,UZS,0.006749550000000001,10000,67.4955
2019-12-06,UZS,0.00669958,10000,66.9958
2019-12-07,UZS,0.006699460000000001,10000,66.9946
2019-12-10,UZS,0.0067000900000000006,10000,67.0009
2019-12-11,UZS,0.006674939999999999,10000,66.7494
2019-12-12,UZS,0.0066735200000000005,10000,66.7352
2019-12-13,UZS,0.00662917,10000,66.2917
2019-12-14,UZS,0.00656739,10000,65.6739
2019-12-17,UZS,0.0065812399999999995,10000,65.8124
2019-12-18,UZS,0.00656007,10000,65.6007
2019-12-19,UZS,0.0065704,10000,65.704
2019-12-20,UZS,0.00655955,10000,65.5955
2019-12-21,UZS,0.00655193,10000,65.5193
2019-12-24,UZS,0.0065304199999999995,10000,65.3042
2019-12-25,UZS,0.0065267499999999996,10000,65.2675
2019-12-26,UZS,0.00647941,10000,64.7941
2019-12-27,UZS,0.00648479,10000,64.8479
2019-12-28,UZS,0.0065184,10000,65.184
2019-12-31,UZS,0.0064992900000000004,10000,64.9929
2020-01-01,UZS,0.00651121,10000,65.1121
2020-01-10,UZS,0.00640188,10000,64.0188
2020-01-11,UZS,0.00644341,10000,64.4341
2020-01-14,UZS,0.00638862,10000,63.8862
2020-01-15,UZS,0.00643028,10000,64.3028
2020-01-16,UZS,0.00643225,10000,64.3225
2020-01-17,UZS,0.00644654,10000,64.4654
2020-01-18,UZS,0.00644936,10000,64.4936
2020-01-21,UZS,0.00645306,10000,64.5306
2020-01-22,UZS,0.00648649,10000,64.8649
2020-01-23,UZS,0.0064768,10000,64.768
2020-01-24,UZS,0.00647419,10000,64.7419
2020-01-25,UZS,0.00645868,10000,64.5868
2020-01-28,UZS,0.0065071,10000,65.071
2020-01-29,UZS,0.0065818,10000,65.818
2020-01-30,UZS,0.00652425,10000,65.2425
2020-01-31,UZS,0.00661239,10000,66.1239
2020-02-01,UZS,0.00660215,10000,66.0215
2020-02-04,UZS,0.00671314,10000,67.1314
2020-02-05,UZS,0.00665557,10000,66.5557
2020-02-06,UZS,0.00661856,10000,66.1856
2020-02-07,UZS,0.00658167,10000,65.8167
2020-02-08,UZS,0.00664846,10000,66.4846
2020-02-11,UZS,0.0066958,10000,66.958
2020-02-12,UZS,0.00671451,10000,67.1451
2020-02-13,UZS,0.00662955,10000,66.2955
2020-02-14,UZS,0.00668365,10000,66.8365
2020-02-15,UZS,0.00665341,10000,66.5341
2020-02-18,UZS,0.00664238,10000,66.4238
2020-02-19,UZS,0.00668657,10000,66.8657
2020-02-20,UZS,0.00668844,10000,66.8844
2020-02-21,UZS,0.00669411,10000,66.9411
2020-02-22,UZS,0.0067483,10000,67.483
2020-02-26,UZS,0.00681088,10000,68.1088
2020-02-27,UZS,0.00688283,10000,68.8283
2020-02-28,UZS,0.00690483,10000,69.0483
2020-02-29,UZS,0.00705019,10000,70.5019
2020-03-03,UZS,0.00696259,10000,69.6259
2020-03-04,UZS,0.00698452,10000,69.8452
2020-03-05,UZS,0.0069455,10000,69.455
2020-03-06,UZS,0.00697349,10000,69.7349
2020-03-07,UZS,0.00711384,10000,71.1384
2020-03-11,UZS,0.00758433,10000,75.8433
2020-03-12,UZS,0.00750914,10000,75.0914
2020-03-13,UZS,0.00779193,10000,77.9193
2020-03-14,UZS,0.00768219,10000,76.8219
2020-03-17,UZS,0.0077733,10000,77.733
2020-03-18,UZS,0.00775988,10000,77.5988
2020-03-19,UZS,0.00811034,10000,81.1034
2020-03-20,UZS,0.00841959,10000,84.1959
2020-03-21,UZS,0.00819767,10000,81.9767
2020-03-24,UZS,0.00849569,10000,84.9569
2020-03-25,UZS,0.00826946,10000,82.6946
2020-03-26,UZS,0.00816059,10000,81.6059
2020-03-27,UZS,0.00825813,10000,82.5813
2020-03-28,UZS,0.0081543,10000,81.543
2020-04-07,UZS,0.00794999,10000,79.4999
2020-04-08,UZS,0.00780865,10000,78.0865
2020-04-09,UZS,0.00780846,10000,78.0846
2020-04-10,UZS,0.00777536,10000,77.7536
2020-04-11,UZS,0.00761188,10000,76.1188
2020-04-14,UZS,0.00766271,10000,76.6271
2020-04-15,UZS,0.00751024,10000,75.1024
2020-04-16,UZS,0.00752726,10000,75.2726
2020-04-17,UZS,0.00738187,10000,73.8187
2020-04-18,UZS,0.00729232,10000,72.9232
2020-04-21,UZS,0.00738314,10000,73.8314
2020-04-22,UZS,0.00753148,10000,75.3148
2020-04-23,UZS,0.00760905,10000,76.0905
2020-04-24,UZS,0.00740771,10000,74.0771
2020-04-25,UZS,0.00736702,10000,73.6702
2020-04-28,UZS,0.00734892,10000,73.4892
2020-04-29,UZS,0.00735628,10000,73.5628
2020-04-30,UZS,0.00726935,10000,72.6935
2020-05-01,UZS,0.0071871,10000,71.871
2020-05-07,UZS,0.00730273,10000,73.0273
2020-05-08,UZS,0.00731704,10000,73.1704
2020-05-09,UZS,0.00728238,10000,72.8238
2020-05-13,UZS,0.0072569,10000,72.569
2020-05-14,UZS,0.00725866,10000,72.5866
2020-05-15,UZS,0.00729296,10000,72.9296
2020-05-16,UZS,0.00721593,10000,72.1593
2020-05-19,UZS,0.00719367,10000,71.9367
2020-05-20,UZS,0.00713642,10000,71.3642
2020-05-21,UZS,0.00712761,10000,71.2761
2020-05-22,UZS,0.00700169,10000,70.0169
2020-05-23,UZS,0.0070993,10000,70.993
2020-05-26,UZS,0.00706495,10000,70.6495
2020-05-27,UZS,0.00701378,10000,70.1378
2020-05-28,UZS,0.00700875,10000,70.0875
2020-05-29,UZS,0.00701244,10000,70.1244
2020-05-30,UZS,0.0069782,10000,69.782
2020-06-02,UZS,0.00687557,10000,68.7557
2020-06-03,UZS,0.0067975,10000,67.975
2020-06-04,UZS,0.0067338,10000,67.338
2020-06-05,UZS,0.00680065,10000,68.0065
2020-06-06,UZS,0.00676243,10000,67.6243
2020-06-09,UZS,0.00673094,10000,67.3094
2020-06-10,UZS,0.00676796,10000,67.6796
2020-06-11,UZS,0.00676242,10000,67.6242
2020-06-12,UZS,0.0068087,10000,68.087
2020-06-16,UZS,0.00691707,10000,69.1707
2020-06-17,UZS,0.00686202,10000,68.6202
2020-06-18,UZS,0.00683006,10000,68.3006
2020-06-19,UZS,0.00683803,10000,68.3803
2020-06-20,UZS,0.00684095,10000,68.4095
2020-06-23,UZS,0.00683893,10000,68.3893
2020-06-24,UZS,0.0067667,10000,67.667
2020-06-25,UZS,0.00676686,10000,67.6686
2020-06-26,UZS,0.00682444,10000,68.2444
2020-06-27,UZS,0.00679528,10000,67.9528
2020-06-30,UZS,0.00686875,10000,68.6875
2020-07-01,UZS,0.00692408,10000,69.2408
2020-07-02,UZS,0.00691347,10000,69.1347
2020-07-03,UZS,0.00692457,10000,69.2457
2020-07-04,UZS,0.00692984,10000,69.2984
2020-07-07,UZS,0.00700038,10000,70.0038
2020-07-08,UZS,0.00708631,10000,70.8631
2020-07-09,UZS,0.0069946,10000,69.946
2020-07-10,UZS,0.00695949,10000,69.5949
2020-07-11,UZS,0.00699085,10000,69.9085
2020-07-14,UZS,0.00693471,10000,69.3471
2020-07-15,UZS,0.00696236,10000,69.6236
2020-07-16,UZS,0.0069446,10000,69.446
2020-07-17,UZS,0.00697113,10000,69.7113
2020-07-18,UZS,0.00701839,10000,70.1839
2020-07-21,UZS,0.00704827,10000,70.4827
2020-07-22,UZS,0.00695958,10000,69.5958
2020-07-23,UZS,0.00693295,10000,69.3295
2020-07-24,UZS,0.00695008,10000,69.5008
2020-07-25,UZS,0.00700836,10000,70.0836
2020-07-28,UZS,0.00700715,10000,70.0715
2020-07-29,UZS,0.00704335,10000,70.4335
2020-07-30,UZS,0.00707651,10000,70.7651
2020-07-31,UZS,0.00718709,10000,71.8709
2020-08-01,UZS,0.00719321,10000,71.9321
2020-08-04,UZS,0.00725835,10000,72.5835
2020-08-05,UZS,0.00718713,10000,71.8713
2020-08-06,UZS,0.00717734,10000,71.7734
2020-08-07,UZS,0.00715384,10000,71.5384
2020-08-08,UZS,0.00721241,10000,72.1241
2020-08-11,UZS,0.007206,10000,72.06
2020-08-12,UZS,0.00714168,10000,71.4168
2020-08-13,UZS,0.00715767,10000,71.5767
2020-08-14,UZS,0.00719399,10000,71.9399
2020-08-15,UZS,0.00713812,10000,71.3812
2020-08-18,UZS,0.00711393,10000,71.1393
2020-08-19,UZS,0.00715503,10000,71.5503
2020-08-20,UZS,0.00714758,10000,71.4758
2020-08-21,UZS,0.00718946,10000,71.8946
2020-08-22,UZS,0.00721799,10000,72.1799
2020-08-25,UZS,0.00724902,10000,72.4902
2020-08-26,UZS,0.00726314,10000,72.6314
2020-08-27,UZS,0.00736031,10000,73.6031
2020-08-28,UZS,0.00731791,10000,73.1791
2020-08-29,UZS,0.00725982,10000,72.5982
2020-09-01,UZS,0.00719135,10000,71.9135
2020-09-02,UZS,0.00717001,10000,71.7001
2020-09-03,UZS,0.0071931,10000,71.931
2020-09-04,UZS,0.00734982,10000,73.4982
2020-09-05,UZS,0.007322,10000,73.22
2020-09-08,UZS,0.0073618,10000,73.618
2020-09-09,UZS,0.00739818,10000,73.9818
2020-09-10,UZS,0.00740858,10000,74.0858
2020-09-11,UZS,0.00735561,10000,73.5561
2020-09-12,UZS,0.00729349,10000,72.9349
2020-09-15,UZS,0.00727647,10000,72.7647
2020-09-16,UZS,0.00732259,10000,73.2259
2020-09-17,UZS,0.00729721,10000,72.9721
2020-09-18,UZS,0.00732315,10000,73.2315
2020-09-19,UZS,0.00730735,10000,73.0735
2020-09-22,UZS,0.00740535,10000,74.0535
2020-09-23,UZS,0.00742804,10000,74.2804
2020-09-24,UZS,0.00743616,10000,74.3616
2020-09-25,UZS,0.00751636,10000,75.1636
2020-09-26,UZS,0.00748145,10000,74.8145
2020-09-29,UZS,0.00766179,10000,76.6179
2020-09-30,UZS,0.00776047,10000,77.6047
2020-10-01,UZS,0.00767284,10000,76.7284
2020-10-02,UZS,0.00748724,10000,74.8724
2020-10-03,UZS,0.00760533,10000,76.0533
2020-10-06,UZS,0.00760889,10000,76.0889
2020-10-07,UZS,0.00758496,10000,75.8496
2020-10-08,UZS,0.0075444,10000,75.444
2020-10-09,UZS,0.00752736,10000,75.2736
2020-10-10,UZS,0.00744164,10000,74.4164
2020-10-13,UZS,0.0074412,10000,74.412
2020-10-14,UZS,0.00746648,10000,74.6648
2020-10-15,UZS,0.00746555,10000,74.6555
2020-10-16,UZS,0.0075303,10000,75.303
2020-10-17,UZS,0.00753206,10000,75.3206
2020-10-20,UZS,0.00751076,10000,75.1076
2020-10-21,UZS,0.00750029,10000,75.0029
2020-10-22,UZS,0.00743411,10000,74.3411
2020-10-23,UZS,0.00743181,10000,74.3181
2020-10-24,UZS,0.00737953,10000,73.7953
2020-10-27,UZS,0.00737808,10000,73.7808
2020-10-28,UZS,0.00737917,10000,73.7917
2020-10-29,UZS,0.00748499,10000,74.8499
2020-10-30,UZS,0.00761219,10000,76.1219
2020-10-31,UZS,0.00765682,10000,76.5682
2020-11-03,UZS,0.00777675,10000,77.7675
2020-11-04,UZS,0.00771696,10000,77.1696
2020-11-06,UZS,0.00757223,10000,75.7223
2020-11-07,UZS,0.00744981,10000,74.4981
2020-11-10,UZS,0.00742703,10000,74.2703
2020-11-11,UZS,0.00737359,10000,73.7359
2020-11-12,UZS,0.00734256,10000,73.4256
2020-11-13,UZS,0.00742997,10000,74.2997
2020-11-14,UZS,0.0074632,10000,74.632
2020-11-17,UZS,0.00742396,10000,74.2396
2020-11-18,UZS,0.00733842,10000,73.3842
2020-11-19,UZS,0.00732813,10000,73.2813
2020-11-20,UZS,0.00733935,10000,73.3935
2020-11-21,UZS,0.00731523,10000,73.1523
2020-11-24,UZS,0.00731204,10000,73.1204
2020-11-25,UZS,0.00731731,10000,73.1731
2020-11-26,UZS,0.00724664,10000,72.4664
2020-11-27,UZS,0.00724463,10000,72.4463
2020-11-28,UZS,0.00728381,10000,72.8381
2020-12-01,UZS,0.00735449,10000,73.5449
2020-12-02,UZS,0.00731922,10000,73.1922
2020-12-03,UZS,0.00725159,10000,72.5159
2020-12-04,UZS,0.00721174,10000,72.1174
2020-12-05,UZS,0.00712095,10000,71.2095
2020-12-08,UZS,0.00716635,10000,71.6635
2020-12-09,UZS,0.00705365,10000,70.5365
2020-12-10,UZS,0.00701955,10000,70.1955
2020-12-11,UZS,0.00705855,10000,70.5855
2020-12-12,UZS,0.00700172,10000,70.0172
2020-12-15,UZS,0.00703863,10000,70.3863
2020-12-16,UZS,0.00701945,10000,70.1945
2020-12-17,UZS,0.00701042,10000,70.1042
2020-12-18,UZS,0.00697479,10000,69.7479
2020-12-19,UZS,0.00700704,10000,70.0704
2020-12-22,UZS,0.00712996,10000,71.2996
2020-12-23,UZS,0.00719261,10000,71.9261
2020-12-24,UZS,0.00720439,10000,72.0439
2020-12-25,UZS,0.00714387,10000,71.4387
2020-12-26,UZS,0.00703437,10000,70.3437
2020-12-29,UZS,0.0070368,10000,70.368
2020-12-30,UZS,0.00703038,10000,70.3038
2020-12-31,UZS,0.00706269,10000,70.6269
2021-01-01,UZS,0.00705128,10000,70.5128
2021-01-12,UZS,0.00713039,10000,71.3039
2021-01-13,UZS,0.00709108,10000,70.9108
2021-01-14,UZS,0.00702043,10000,70.2043
2021-01-15,UZS,0.00705508,10000,70.5508
2021-01-16,UZS,0.00702224,10000,70.2224
2021-01-19,UZS,0.00706312,10000,70.6312
2021-01-20,UZS,0.00702082,10000,70.2082
2021-01-21,UZS,0.00698565,10000,69.8565
2021-01-22,UZS,0.00698702,10000,69.8702
2021-01-23,UZS,0.0070815,10000,70.815
2021-01-26,UZS,0.00712869,10000,71.2869
2021-01-27,UZS,0.00719037,10000,71.9037
2021-01-28,UZS,0.00713379,10000,71.3379
2021-01-29,UZS,0.00724268,10000,72.4268
2021-01-30,UZS,0.00728993,10000,72.8993
2021-02-02,UZS,0.00717801,10000,71.7801
2021-02-03,UZS,0.00720132,10000,72.0132
2021-02-04,UZS,0.00721792,10000,72.1792
2021-02-05,UZS,0.00718464,10000,71.8464
2021-02-06,UZS,0.00718076,10000,71.8076
2021-02-09,UZS,0.00704527,10000,70.4527
2021-02-10,UZS,0.00708597,10000,70.8597
2021-02-11,UZS,0.00701299,10000,70.1299
2021-02-12,UZS,0.007004,10000,70.04
2021-02-13,UZS,0.0070211,10000,70.211
2021-02-16,UZS,0.00695335,10000,69.5335
2021-02-17,UZS,0.0069534,10000,69.534
2021-02-18,UZS,0.00700728,10000,70.0728
2021-02-19,UZS,0.00701223,10000,70.1223
2021-02-20,UZS,0.00703515,10000,70.3515
2021-02-21,UZS,0.00702444,10000,70.2444
2021-02-25,UZS,0.00699582,10000,69.9582
2021-02-26,UZS,0.00696179,10000,69.6179
2021-02-27,UZS,0.00706335,10000,70.6335
2021-03-02,UZS,0.0070348,10000,70.348
2021-03-03,UZS,0.00709087,10000,70.9087
2021-03-04,UZS,0.00700176,10000,70.0176
2021-03-05,UZS,0.00703563,10000,70.3563
2021-03-06,UZS,0.00710331,10000,71.0331
2021-03-10,UZS,0.00707907,10000,70.7907
2021-03-11,UZS,0.00705306,10000,70.5306
2021-03-12,UZS,0.00699735,10000,69.9735
2021-03-13,UZS,0.00699174,10000,69.9174
2021-03-16,UZS,0.00696191,10000,69.6191
2021-03-17,UZS,0.00692988,10000,69.2988
2021-03-18,UZS,0.0069383,10000,69.383
2021-03-19,UZS,0.00699931,10000,69.9931
2021-03-20,UZS,0.00705148,10000,70.5148
2021-03-23,UZS,0.00710157,10000,71.0157
2021-03-24,UZS,0.00717296,10000,71.7296
2021-03-25,UZS,0.00725534,10000,72.5534
2021-03-26,UZS,0.00724937,10000,72.4937
2021-03-27,UZS,0.00722165,10000,72.2165
2021-03-30,UZS,0.00722041,10000,72.2041
2021-03-31,UZS,0.00721905,10000,72.1905
2021-04-01,UZS,0.00722076,10000,72.2076
2021-04-02,UZS,0.00722962,10000,72.2962
2021-04-03,UZS,0.0072641,10000,72.641
2021-04-06,UZS,0.00731488,10000,73.1488
2021-04-07,UZS,0.0072934,10000,72.934
2021-04-08,UZS,0.00742955,10000,74.2955
2021-04-09,UZS,0.00735751,10000,73.5751
2021-04-10,UZS,0.00736801,10000,73.6801
2021-04-13,UZS,0.0073975,10000,73.975
2021-04-14,UZS,0.00737475,10000,73.7475
2021-04-15,UZS,0.00721312,10000,72.1312
2021-04-16,UZS,0.00733361,10000,73.3361
2021-04-17,UZS,0.00719046,10000,71.9046
2021-04-20,UZS,0.00725341,10000,72.5341
2021-04-21,UZS,0.00722194,10000,72.2194
2021-04-22,UZS,0.00728996,10000,72.8996
2021-04-23,UZS,0.00724238,10000,72.4238
2021-04-24,UZS,0.00712744,10000,71.2744
2021-04-27,UZS,0.00709406,10000,70.9406
2021-04-28,UZS,0.00710623,10000,71.0623
2021-04-29,UZS,0.00711705,10000,71.1705
2021-04-30,UZS,0.0070739,10000,70.739
2021-05-01,UZS,0.00712193,10000,71.2193
2021-05-05,UZS,0.00715198,10000,71.5198
2021-05-06,UZS,0.00712023,10000,71.2023
2021-05-07,UZS,0.00710175,10000,71.0175
2021-05-08,UZS,0.00706508,10000,70.6508
2021-05-12,UZS,0.0070426,10000,70.426
2021-05-13,UZS,0.0070229,10000,70.229
2021-05-14,UZS,0.00704747,10000,70.4747
2021-05-15,UZS,0.00701336,10000,70.1336
2021-05-18,UZS,0.00699979,10000,69.9979
2021-05-19,UZS,0.00697506,10000,69.7506
2021-05-20,UZS,0.00696585,10000,69.6585
2021-05-21,UZS,0.00695265,10000,69.5265
2021-05-22,UZS,0.00694301,10000,69.4301
2021-05-25,UZS,0.00695071,10000,69.5071
2021-05-26,UZS,0.0069384,10000,69.384
2021-05-27,UZS,0.00693047,10000,69.3047
2021-05-28,UZS,0.00692353,10000,69.2353
2021-05-29,UZS,0.00694936,10000,69.4936
2021-06-01,UZS,0.00692741,10000,69.2741
2021-06-02,UZS,0.00693032,10000,69.3032
2021-06-03,UZS,0.00696015,10000,69.6015
2021-06-04,UZS,0.00694393,10000,69.4393
2021-06-05,UZS,0.00695234,10000,69.5234
2021-06-08,UZS,0.00691434,10000,69.1434
2021-06-09,UZS,0.00691462,10000,69.1462
2021-06-10,UZS,0.00682933,10000,68.2933
2021-06-11,UZS,0.0068295,10000,68.295
2021-06-12,UZS,0.00676989,10000,67.6989
2021-06-16,UZS,0.00677084,10000,67.7084
2021-06-17,UZS,0.00678525,10000,67.8525
2021-06-18,UZS,0.00682975,10000,68.2975
2021-06-19,UZS,0.00682557,10000,68.2557
2021-06-22,UZS,0.00692671,10000,69.2671
2021-06-23,UZS,0.00691104,10000,69.1104
2021-06-24,UZS,0.00686746,10000,68.6746
2021-06-25,UZS,0.00684136,10000,68.4136
2021-06-26,UZS,0.00683101,10000,68.3101
2021-06-29,UZS,0.00682467,10000,68.2467
2021-06-30,UZS,0.00683607,10000,68.3607
2021-07-01,UZS,0.00685727,10000,68.5727
2021-07-02,UZS,0.00688401,10000,68.8401
2021-07-03,UZS,0.00695319,10000,69.5319
2021-07-06,UZS,0.00691136,10000,69.1136
2021-07-07,UZS,0.00691606,10000,69.1606
2021-07-08,UZS,0.00698492,10000,69.8492
2021-07-09,UZS,0.00707717,10000,70.7717
2021-07-10,UZS,0.00700491,10000,70.0491
2021-07-13,UZS,0.00702666,10000,70.2666
2021-07-14,UZS,0.00697255,10000,69.7255
2021-07-15,UZS,0.00696056,10000,69.6056
2021-07-16,UZS,0.00696245,10000,69.6245
2021-07-17,UZS,0.00696347,10000,69.6347
2021-07-20,UZS,0.00699666,10000,69.9666
2021-07-21,UZS,0.00702834,10000,70.2834
2021-07-22,UZS,0.0070287,10000,70.287
2021-07-23,UZS,0.00695319,10000,69.5319
2021-07-24,UZS,0.00695996,10000,69.5996
2021-07-27,UZS,0.00696779,10000,69.6779
2021-07-28,UZS,0.00692922,10000,69.2922
2021-07-29,UZS,0.00689867,10000,68.9867
2021-07-30,UZS,0.00687361,10000,68.7361
2021-07-31,UZS,0.00688365,10000,68.8365
2021-08-03,UZS,0.0068608,10000,68.608
2021-08-04,UZS,0.00683991,10000,68.3991
2021-08-05,UZS,0.0068366,10000,68.366
2021-08-06,UZS,0.00687992,10000,68.7992
2021-08-07,UZS,0.00688728,10000,68.8728
2021-08-10,UZS,0.00690876,10000,69.0876
2021-08-11,UZS,0.00692475,10000,69.2475
2021-08-12,UZS,0.00694484,10000,69.4484
2021-08-13,UZS,0.00690121,10000,69.0121
2021-08-14,UZS,0.00688457,10000,68.8457
2021-08-17,UZS,0.00686998,10000,68.6998
2021-08-18,UZS,0.00689262,10000,68.9262
2021-08-19,UZS,0.00689647,10000,68.9647
2021-08-20,UZS,0.00696639,10000,69.6639
2021-08-21,UZS,0.00699436,10000,69.9436
2021-08-24,UZS,0.00696075,10000,69.6075
2021-08-25,UZS,0.00694911,10000,69.4911
2021-08-26,UZS,0.0069344,10000,69.344
2021-08-27,UZS,0.00694488,10000,69.4488
2021-08-28,UZS,0.00695314,10000,69.5314
2021-08-31,UZS,0.00691441,10000,69.1441
2021-09-01,UZS,0.00687852,10000,68.7852
2021-09-02,UZS,0.00685953,10000,68.5953
2021-09-03,UZS,0.00682747,10000,68.2747
2021-09-04,UZS,0.00682794,10000,68.2794
2021-09-07,UZS,0.00683664,10000,68.3664
2021-09-08,UZS,0.00684983,10000,68.4983
2021-09-09,UZS,0.00686681,10000,68.6681
2021-09-10,UZS,0.00684545,10000,68.4545
2021-09-11,UZS,0.00682034,10000,68.2034
2021-09-14,UZS,0.00685072,10000,68.5072
2021-09-15,UZS,0.00682681,10000,68.2681
2021-09-16,UZS,0.00681712,10000,68.1712
2021-09-17,UZS,0.00676564,10000,67.6564
2021-09-18,UZS,0.00679335,10000,67.9335
2021-09-21,UZS,0.00687005,10000,68.7005
2021-09-22,UZS,0.00685026,10000,68.5026
2021-09-23,UZS,0.00681885,10000,68.1885
2021-09-24,UZS,0.00681002,10000,68.1002
2021-09-25,UZS,0.00684237,10000,68.4237
2021-09-28,UZS,0.00682262,10000,68.2262
2021-09-29,UZS,0.00679825,10000,67.9825
2021-09-30,UZS,0.00681561,10000,68.1561
2021-10-01,UZS,0.00679619,10000,67.9619
2021-10-02,UZS,0.00682019,10000,68.2019
2021-10-05,UZS,0.00682042,10000,68.2042
2021-10-06,UZS,0.0067963,10000,67.963
2021-10-07,UZS,0.00678965,10000,67.8965
2021-10-08,UZS,0.00677398,10000,67.7398
2021-10-09,UZS,0.0067418,10000,67.418
2021-10-12,UZS,0.00670738,10000,67.0738
2021-10-13,UZS,0.00673918,10000,67.3918
2021-10-14,UZS,0.00672572,10000,67.2572
2021-10-15,UZS,0.00670882,10000,67.0882
2021-10-16,UZS,0.00665107,10000,66.5107
2021-10-19,UZS,0.00664843,10000,66.4843
2021-10-20,UZS,0.00663207,10000,66.3207
2021-10-21,UZS,0.00663927,10000,66.3927
2021-10-22,UZS,0.00664579,10000,66.4579
2021-10-23,UZS,0.0066276,10000,66.276
2021-10-26,UZS,0.00655278,10000,65.5278
2021-10-27,UZS,0.00650328,10000,65.0328
2021-10-28,UZS,0.0065343,10000,65.343
2021-10-29,UZS,0.00660554,10000,66.0554
2021-10-30,UZS,0.00660114,10000,66.0114
2021-11-02,UZS,0.00665963,10000,66.5963
2021-11-03,UZS,0.00668641,10000,66.8641
2021-11-04,UZS,0.0066736,10000,66.736
2021-11-09,UZS,0.00666938,10000,66.6938
2021-11-10,UZS,0.00666666,10000,66.6666
2021-11-11,UZS,0.00661933,10000,66.1933
2021-11-12,UZS,0.00664437,10000,66.4437
2021-11-13,UZS,0.00669135,10000,66.9135
2021-11-16,UZS,0.00673112,10000,67.3112
2021-11-17,UZS,0.00676744,10000,67.6744
2021-11-18,UZS,0.00678002,10000,67.8002
2021-11-19,UZS,0.00675039,10000,67.5039
2021-11-20,UZS,0.00675715,10000,67.5715
2021-11-23,UZS,0.00683813,10000,68.3813
2021-11-24,UZS,0.00695728,10000,69.5728
2021-11-25,UZS,0.00690866,10000,69.0866
2021-11-26,UZS,0.00694254,10000,69.4254
2021-11-27,UZS,0.00702643,10000,70.2643
2021-11-30,UZS,0.00695755,10000,69.5755
2021-12-01,UZS,0.00694284,10000,69.4284
2021-12-02,UZS,0.00686472,10000,68.6472
2021-12-03,UZS,0.00687909,10000,68.7909
2021-12-04,UZS,0.00685323,10000,68.5323
2021-12-07,UZS,0.00683685,10000,68.3685
2021-12-08,UZS,0.00688407,10000,68.8407
2021-12-09,UZS,0.00684879,10000,68.4879
2021-12-10,UZS,0.00682602,10000,68.2602
2021-12-11,UZS,0.00681806,10000,68.1806
2021-12-14,UZS,0.00679258,10000,67.9258
2021-12-15,UZS,0.00678624,10000,67.8624
2021-12-16,UZS,0.00680968,10000,68.0968
2021-12-17,UZS,0.00679315,10000,67.9315
2021-12-18,UZS,0.0068018,10000,68.018
2021-12-21,UZS,0.00686559,10000,68.6559
2021-12-22,UZS,0.00682892,10000,68.2892
2021-12-23,UZS,0.00680868,10000,68.0868
2021-12-24,UZS,0.00676202,10000,67.6202
2021-12-25,UZS,0.00677218,10000,67.7218
2021-12-28,UZS,0.00678194,10000,67.8194
2021-12-29,UZS,0.00679879,10000,67.9879
2021-12-30,UZS,0.00681313,10000,68.1313
2021-12-31,UZS,0.00685504,10000,68.5504
2022-01-11,UZS,0.00694501,10000,69.4501
2022-01-12,UZS,0.00691765,10000,69.1765
2022-01-13,UZS,0.0068892,10000,68.892
2022-01-14,UZS,0.00689298,10000,68.9298
2022-01-15,UZS,0.00700374,10000,70.0374
2022-01-18,UZS,0.00701482,10000,70.1482
2022-01-19,UZS,0.00704197,10000,70.4197
2022-01-20,UZS,0.00710569,10000,71.0569
2022-01-21,UZS,0.00706656,10000,70.6656
2022-01-22,UZS,0.00707797,10000,70.7797
2022-01-25,UZS,0.00715146,10000,71.5146
2022-01-26,UZS,0.00726487,10000,72.6487
2022-01-27,UZS,0.00729744,10000,72.9744
2022-01-28,UZS,0.00730722,10000,73.0722
2022-01-29,UZS,0.00719329,10000,71.9329
2022-02-01,UZS,0.00716311,10000,71.6311
2022-02-02,UZS,0.00713847,10000,71.3847
2022-02-03,UZS,0.00707342,10000,70.7342
2022-02-04,UZS,0.00708079,10000,70.8079
2022-02-05,UZS,0.00701887,10000,70.1887
2022-02-08,UZS,0.00697323,10000,69.7323
2022-02-09,UZS,0.00693855,10000,69.3855
2022-02-10,UZS,0.00690044,10000,69.0044
2022-02-11,UZS,0.00689655,10000,68.9655
2022-02-12,UZS,0.00691043,10000,69.1043
2022-02-15,UZS,0.0070508,10000,70.508
2022-02-16,UZS,0.00702378,10000,70.2378
2022-02-17,UZS,0.00692193,10000,69.2193
2022-02-18,UZS,0.00698498,10000,69.8498
2022-02-19,UZS,0.00697854,10000,69.7854
2022-02-22,UZS,0.00708104,10000,70.8104
2022-02-23,UZS,0.00741793,10000,74.1793
2022-02-25,UZS,0.00801905,10000,80.1905
2022-02-26,UZS,0.00770723,10000,77.0723
2022-03-01,UZS,0.00863067,10000,86.3067
2022-03-02,UZS,0.0084384,10000,84.384
2022-03-03,UZS,0.0094964,10000,94.964
2022-03-04,UZS,0.0102643,1000,10.2643
2022-03-05,UZS,0.00970734,10000,97.0734
2022-03-06,UZS,0.00969828,10000,96.9828
2022-03-10,UZS,0.0106526,1000,10.6526
2022-03-11,UZS,0.0110589,1000,11.0589
2022-03-12,UZS,0.0107062,1000,10.7062
2022-03-15,UZS,0.0105423,1000,10.5423
2022-03-16,UZS,0.0101649,1000,10.1649
2022-03-17,UZS,0.00985216,10000,98.5216
2022-03-18,UZS,0.0092535,10000,92.535
2022-03-19,UZS,0.00917873,10000,91.7873
2022-03-22,UZS,0.0091105,10000,91.105
2022-03-23,UZS,0.00902096,10000,90.2096
2022-03-24,UZS,0.00894243,10000,89.4243
2022-03-25,UZS,0.0083391,10000,83.391
2022-03-26,UZS,0.00832809,10000,83.2809
2022-03-29,UZS,0.0081619,10000,81.619
2022-03-30,UZS,0.00752379,10000,75.2379
2022-03-31,UZS,0.00754671,10000,75.4671
2022-04-01,UZS,0.00749024,10000,74.9024
2022-04-02,UZS,0.00731867,10000,73.1867
2022-04-05,UZS,0.00732977,10000,73.2977
2022-04-06,UZS,0.00730613,10000,73.0613
2022-04-07,UZS,0.00725478,10000,72.5478
2022-04-08,UZS,0.00670633,10000,67.0633
2022-04-09,UZS,0.00658746,10000,65.8746
2022-04-12,UZS,0.00697768,10000,69.7768
2022-04-13,UZS,0.0070284,10000,70.284
2022-04-14,UZS,0.00705675,10000,70.5675
2022-04-15,UZS,0.0071708,10000,71.708
2022-04-16,UZS,0.007071,10000,70.71
2022-04-19,UZS,0.00703159,10000,70.3159
2022-04-20,UZS,0.00700732,10000,70.0732
2022-04-21,UZS,0.00684593,10000,68.4593
2022-04-22,UZS,0.00664779,10000,66.4779
2022-04-23,UZS,0.00650367,10000,65.0367
2022-04-26,UZS,0.00651503,10000,65.1503
2022-04-27,UZS,0.00646479,10000,64.6479
2022-04-28,UZS,0.00649414,10000,64.9414
2022-04-29,UZS,0.0064549,10000,64.549
2022-04-30,UZS,0.00635286,10000,63.5286
2022-05-05,UZS,0.00620906,10000,62.0906
2022-05-06,UZS,0.00593424,10000,59.3424
2022-05-07,UZS,0.0060529,10000,60.529
2022-05-12,UZS,0.00616724,10000,61.6724
2022-05-13,UZS,0.00588232,10000,58.8232
2022-05-14,UZS,0.00571201,10000,57.1201
2022-05-17,UZS,0.00569002,10000,56.9002
2022-05-18,UZS,0.00569132,10000,56.9132
2022-05-19,UZS,0.00570328,10000,57.0328
2022-05-20,UZS,0.00560646,10000,56.0646
2022-05-21,UZS,0.00531071,10000,53.1071
2022-05-24,UZS,0.00524635,10000,52.4635
2022-05-25,UZS,0.00513933,10000,51.3933
2022-05-26,UZS,0.00508352,10000,50.8352
2022-05-27,UZS,0.00560874,10000,56.0874
2022-05-28,UZS,0.0060119,10000,60.119
2022-05-31,UZS,0.00571838,10000,57.1838
2022-06-01,UZS,0.00559509,10000,55.9509
2022-06-02,UZS,0.00559571,10000,55.9571
2022-06-03,UZS,0.00560791,10000,56.0791
2022-06-04,UZS,0.00563599,10000,56.3599
2022-06-07,UZS,0.00554932,10000,55.4932
2022-06-08,UZS,0.00552558,10000,55.2558
2022-06-09,UZS,0.00545203,10000,54.5203
2022-06-10,UZS,0.00528892,10000,52.8892
2022-06-11,UZS,0.00524245,10000,52.4245
2022-06-15,UZS,0.00519392,10000,51.9392
2022-06-16,UZS,0.00516285,10000,51.6285
2022-06-17,UZS,0.00518873,10000,51.8873
2022-06-18,UZS,0.00516981,10000,51.6981
2022-06-21,UZS,0.00512991,10000,51.2991
2022-06-22,UZS,0.00500618,10000,50.0618
2022-06-23,UZS,0.00488976,10000,48.8976
2022-06-24,UZS,0.00491909,10000,49.1909
2022-06-25,UZS,0.0049236,10000,49.236
2022-06-28,UZS,0.00492293,10000,49.2293
2022-06-29,UZS,0.00489396,10000,48.9396
2022-06-30,UZS,0.00473661,10000,47.3661
2022-07-01,UZS,0.00483528,10000,48.3528
2022-07-02,UZS,0.00494827,10000,49.4827
2022-07-05,UZS,0.00507699,10000,50.7699
2022-07-06,UZS,0.00539942,10000,53.9942
2022-07-07,UZS,0.00579284,10000,57.9284
2022-07-08,UZS,0.00579936,10000,57.9936
2022-07-09,UZS,0.00561444,10000,56.1444
2022-07-12,UZS,0.00561793,10000,56.1793
2022-07-13,UZS,0.00539337,10000,53.9337
2022-07-14,UZS,0.00535995,10000,53.5995
2022-07-15,UZS,0.00532746,10000,53.2746
2022-07-16,UZS,0.00528135,10000,52.8135
2022-07-19,UZS,0.00515594,10000,51.5594
2022-07-20,UZS,0.00506278,10000,50.6278
2022-07-21,UZS,0.00502026,10000,50.2026
2022-07-22,UZS,0.0051777,10000,51.777
2022-07-23,UZS,0.00526537,10000,52.6537
2022-07-26,UZS,0.00529141,10000,52.9141
2022-07-27,UZS,0.00534879,10000,53.4879
2022-07-28,UZS,0.00549442,10000,54.9442
2022-07-29,UZS,0.00550182,10000,55.0182
2022-07-30,UZS,0.0056206,10000,56.206
2022-08-02,UZS,0.00568627,10000,56.8627
2022-08-03,UZS,0.0054985,10000,54.985
2022-08-04,UZS,0.00549605,10000,54.9605
2022-08-05,UZS,0.00550675,10000,55.0675
2022-08-06,UZS,0.00552841,10000,55.2841
2022-08-09,UZS,0.00554073,10000,55.4073
2022-08-10,UZS,0.00555212,10000,55.5212
2022-08-11,UZS,0.0055563,10000,55.563
2022-08-12,UZS,0.00555955,10000,55.5955
2022-08-13,UZS,0.00557582,10000,55.7582
2022-08-16,UZS,0.00562502,10000,56.2502
2022-08-17,UZS,0.00561616,10000,56.1616
2022-08-18,UZS,0.0055383,10000,55.383
2022-08-19,UZS,0.00547787,10000,54.7787
2022-08-20,UZS,0.00540761,10000,54.0761
2022-08-23,UZS,0.00547236,10000,54.7236
2022-08-24,UZS,0.00549469,10000,54.9469
2022-08-25,UZS,0.00551026,10000,55.1026
2022-08-26,UZS,0.00548209,10000,54.8209
2022-08-27,UZS,0.00550516,10000,55.0516
2022-08-30,UZS,0.00552169,10000,55.2169
2022-08-31,UZS,0.00553799,10000,55.3799
2022-09-01,UZS,0.0055113,10000,55.113
2022-09-02,UZS,0.00551116,10000,55.1116
2022-09-03,UZS,0.00552344,10000,55.2344
2022-09-06,UZS,0.00555788,10000,55.5788
2022-09-07,UZS,0.00554197,10000,55.4197
2022-09-08,UZS,0.00557654,10000,55.7654
2022-09-09,UZS,0.00552856,10000,55.2856
2022-09-10,UZS,0.00550845,10000,55.0845
2022-09-13,UZS,0.0055186,10000,55.186
2022-09-14,UZS,0.00548548,10000,54.8548
2022-09-15,UZS,0.00546388,10000,54.6388
2022-09-16,UZS,0.00546138,10000,54.6138
2022-09-17,UZS,0.0054823,10000,54.823
2022-09-20,UZS,0.00548827,10000,54.8827
2022-09-21,UZS,0.00546627,10000,54.6627
2022-09-22,UZS,0.00555853,10000,55.5853
2022-09-23,UZS,0.00544916,10000,54.4916
2022-09-24,UZS,0.00527692,10000,52.7692
2022-09-27,UZS,0.00525823,10000,52.5823
2022-09-28,UZS,0.00526558,10000,52.6558
2022-09-29,UZS,0.00530149,10000,53.0149
2022-09-30,UZS,0.00521947,10000,52.1947
2022-10-01,UZS,0.00502076,10000,50.2076
2022-10-04,UZS,0.00523096,10000,52.3096
2022-10-05,UZS,0.00535089,10000,53.5089
2022-10-06,UZS,0.00539527,10000,53.9527
2022-10-07,UZS,0.0054636,10000,54.636
2022-10-08,UZS,0.00553622,10000,55.3622
2022-10-11,UZS,0.0056385,10000,56.385
2022-10-12,UZS,0.00575293,10000,57.5293
2022-10-13,UZS,0.00575203,10000,57.5203
2022-10-14,UZS,0.00572239,10000,57.2239
2022-10-15,UZS,0.00567648,10000,56.7648
2022-10-18,UZS,0.00554855,10000,55.4855
2022-10-19,UZS,0.00553726,10000,55.3726
2022-10-20,UZS,0.00552013,10000,55.2013
2022-10-21,UZS,0.00551636,10000,55.1636
2022-10-22,UZS,0.00549511,10000,54.9511
2022-10-25,UZS,0.00549779,10000,54.9779
2022-10-26,UZS,0.00551901,10000,55.1901
2022-10-27,UZS,0.00551976,10000,55.1976
2022-10-28,UZS,0.00550051,10000,55.0051
2022-10-29,UZS,0.00550823,10000,55.0823
2022-11-01,UZS,0.00551165,10000,55.1165
2022-11-02,UZS,0.00549963,10000,54.9963
2022-11-03,UZS,0.00553619,10000,55.3619
2022-11-04,UZS,0.00559015,10000,55.9015
2022-11-08,UZS,0.00550076,10000,55.0076
2022-11-09,UZS,0.00545852,10000,54.5852
2022-11-10,UZS,0.00547288,10000,54.7288
2022-11-11,UZS,0.00548315,10000,54.8315
2022-11-12,UZS,0.00537907,10000,53.7907
2022-11-15,UZS,0.00538938,10000,53.8938
2022-11-16,UZS,0.00538975,10000,53.8975
2022-11-17,UZS,0.00540241,10000,54.0241
2022-11-18,UZS,0.00539926,10000,53.9926
2022-11-19,UZS,0.00538661,10000,53.8661
2022-11-22,UZS,0.0054174,10000,54.174
2022-11-23,UZS,0.00541448,10000,54.1448
2022-11-24,UZS,0.00539788,10000,53.9788
2022-11-25,UZS,0.0053808,10000,53.808
2022-11-26,UZS,0.00538536,10000,53.8536
2022-11-29,UZS,0.00540205,10000,54.0205
2022-11-30,UZS,0.00543831,10000,54.3831
2022-12-01,UZS,0.00542945,10000,54.2945
2022-12-02,UZS,0.00545811,10000,54.5811
2022-12-03,UZS,0.00550182,10000,55.0182
2022-12-06,UZS,0.00552405,10000,55.2405
2022-12-07,UZS,0.00557958,10000,55.7958
2022-12-08,UZS,0.00557712,10000,55.7712
2022-12-09,UZS,0.00554477,10000,55.4477
2022-12-10,UZS,0.00553984,10000,55.3984
2022-12-13,UZS,0.00557833,10000,55.7833
2022-12-14,UZS,0.00560825,10000,56.0825
2022-12-15,UZS,0.00561443,10000,56.1443
2022-12-16,UZS,0.00571254,10000,57.1254
2022-12-17,UZS,0.00575255,10000,57.5255
2022-12-20,UZS,0.00588971,10000,58.8971
2022-12-21,UZS,0.006114,10000,61.14
2022-12-22,UZS,0.00625347,10000,62.5347
2022-12-23,UZS,0.00640871,10000,64.0871
2022-12-24,UZS,0.00611797,10000,61.1797
2022-12-27,UZS,0.00610816,10000,61.0816
2022-12-28,UZS,0.0062474,10000,62.474
2022-12-29,UZS,0.0063855,10000,63.855
2022-12-30,UZS,0.00642913,10000,64.2913
2022-12-31,UZS,0.00626589,10000,62.6589
2023-01-10,UZS,0.00622125,10000,62.2125
2023-01-11,UZS,0.00616845,10000,61.6845
2023-01-12,UZS,0.00610513,10000,61.0513
2023-01-13,UZS,0.0059863,10000,59.863
2023-01-14,UZS,0.00597983,10000,59.7983
2023-01-17,UZS,0.00603415,10000,60.3415
2023-01-18,UZS,0.00605392,10000,60.5392
2023-01-19,UZS,0.00608485,10000,60.8485
2023-01-20,UZS,0.00609747,10000,60.9747
2023-01-21,UZS,0.00608468,10000,60.8468
2023-01-24,UZS,0.00606801,10000,60.6801
2023-01-25,UZS,0.00608957,10000,60.8957
2023-01-26,UZS,0.00611829,10000,61.1829
2023-01-27,UZS,0.00612133,10000,61.2133
2023-01-28,UZS,0.00612518,10000,61.2518
2023-01-31,UZS,0.00613965,10000,61.3965
2023-02-01,UZS,0.0062396,10000,62.396
2023-02-02,UZS,0.00622208,10000,62.2208
2023-02-03,UZS,0.0062077,10000,62.077
2023-02-04,UZS,0.00623136,10000,62.3136
2023-02-07,UZS,0.00623829,10000,62.3829
2023-02-08,UZS,0.00625011,10000,62.5011
2023-02-09,UZS,0.00630618,10000,63.0618
2023-02-10,UZS,0.0064111,10000,64.111
2023-02-11,UZS,0.00641335,10000,64.1335
2023-02-14,UZS,0.00649403,10000,64.9403
2023-02-15,UZS,0.00651935,10000,65.1935
2023-02-16,UZS,0.00653231,10000,65.3231
2023-02-17,UZS,0.00657612,10000,65.7612
2023-02-18,UZS,0.00658439,10000,65.8439
2023-02-21,UZS,0.00652823,10000,65.2823
2023-02-22,UZS,0.00661299,10000,66.1299
2023-02-23,UZS,0.00660995,10000,66.0995
2023-02-28,UZS,0.00664602,10000,66.4602
2023-03-01,UZS,0.006616,10000,66.16
2023-03-02,UZS,0.00663824,10000,66.3824
2023-03-03,UZS,0.0066496,10000,66.496
2023-03-04,UZS,0.0066402,10000,66.402
2023-03-07,UZS,0.00663491,10000,66.3491
2023-03-08,UZS,0.00664941,10000,66.4941
2023-03-10,UZS,0.00666691,10000,66.6691
2023-03-11,UZS,0.00665731,10000,66.5731
2023-03-14,UZS,0.00661815,10000,66.1815
2023-03-15,UZS,0.00658415,10000,65.8415
2023-03-16,UZS,0.00661763,10000,66.1763
2023-03-17,UZS,0.00667355,10000,66.7355
2023-03-18,UZS,0.0067091,10000,67.091
2023-03-21,UZS,0.00676496,10000,67.6496
2023-03-22,UZS,0.0067295,10000,67.295
2023-03-23,UZS,0.0067399,10000,67.399
2023-03-24,UZS,0.0067083,10000,67.083
2023-03-25,UZS,0.00671112,10000,67.1112
2023-03-28,UZS,0.00669866,10000,66.9866
2023-03-29,UZS,0.00671553,10000,67.1553
2023-03-30,UZS,0.00675724,10000,67.5724
2023-03-31,UZS,0.00675304,10000,67.5304
2023-04-01,UZS,0.00676304,10000,67.6304
2023-04-04,UZS,0.00683502,10000,68.3502
2023-04-05,UZS,0.00696369,10000,69.6369
2023-04-06,UZS,0.00698486,10000,69.8486
2023-04-07,UZS,0.00709806,10000,70.9806
2023-04-08,UZS,0.00724449,10000,72.4449
2023-04-11,UZS,0.0071724,10000,71.724
2023-04-12,UZS,0.00720234,10000,72.0234
2023-04-13,UZS,0.00718975,10000,71.8975
2023-04-14,UZS,0.00714568,10000,71.4568
2023-04-15,UZS,0.00713637,10000,71.3637
2023-04-18,UZS,0.00713408,10000,71.3408
2023-04-19,UZS,0.00712377,10000,71.2377
2023-04-20,UZS,0.00714017,10000,71.4017
2023-04-21,UZS,0.0071494,10000,71.494
2023-04-22,UZS,0.0071378,10000,71.378
2023-04-25,UZS,0.00711924,10000,71.1924
2023-04-26,UZS,0.00713793,10000,71.3793
2023-04-27,UZS,0.00715904,10000,71.5904
2023-04-28,UZS,0.00716879,10000,71.6879
2023-04-29,UZS,0.00706827,10000,70.6827
2023-05-03,UZS,0.00700182,10000,70.0182
2023-05-04,UZS,0.00693364,10000,69.3364
2023-05-05,UZS,0.00686017,10000,68.6017
2023-05-06,UZS,0.00671214,10000,67.1214
2023-05-11,UZS,0.006708,10000,67.08
2023-05-12,UZS,0.0066257,10000,66.257
2023-05-13,UZS,0.00673389,10000,67.3389
2023-05-16,UZS,0.00691859,10000,69.1859
2023-05-17,UZS,0.00700522,10000,70.0522
2023-05-18,UZS,0.00707215,10000,70.7215
2023-05-19,UZS,0.00698216,10000,69.8216
2023-05-20,UZS,0.00695581,10000,69.5581
2023-05-23,UZS,0.00696435,10000,69.6435
2023-05-24,UZS,0.00700142,10000,70.0142
2023-05-25,UZS,0.00699617,10000,69.9617
2023-05-26,UZS,0.00700509,10000,70.0509
2023-05-27,UZS,0.00699918,10000,69.9918
2023-05-30,UZS,0.00701318,10000,70.1318
2023-05-31,UZS,0.00706531,10000,70.6531
2023-06-01,UZS,0.00710112,10000,71.0112
2023-06-02,UZS,0.00710215,10000,71.0215
2023-06-03,UZS,0.00708856,10000,70.8856
2023-06-06,UZS,0.00711729,10000,71.1729
2023-06-07,UZS,0.00709662,10000,70.9662
2023-06-08,UZS,0.00710666,10000,71.0666
2023-06-09,UZS,0.00716781,10000,71.6781
2023-06-10,UZS,0.0072271,10000,72.271
2023-06-14,UZS,0.00730969,10000,73.0969
2023-06-15,UZS,0.00735493,10000,73.5493
2023-06-16,UZS,0.00731497,10000,73.1497
2023-06-17,UZS,0.00729923,10000,72.9923
2023-06-20,UZS,0.00732674,10000,73.2674
2023-06-21,UZS,0.00733934,10000,73.3934
2023-06-22,UZS,0.00733218,10000,73.3218
2023-06-23,UZS,0.00727023,10000,72.7023
2023-06-24,UZS,0.00732253,10000,73.2253
2023-06-27,UZS,0.00738164,10000,73.8164
2023-06-28,UZS,0.00740333,10000,74.0333
2023-06-29,UZS,0.00745285,10000,74.5285
2023-06-30,UZS,0.00757601,10000,75.7601
2023-07-01,UZS,0.00769355,10000,76.9355
2023-07-04,UZS,0.00775252,10000,77.5252
2023-07-05,UZS,0.0077629,10000,77.629
2023-07-06,UZS,0.00782757,10000,78.2757
2023-07-07,UZS,0.00802825,10000,80.2825
2023-07-08,UZS,0.00793624,10000,79.3624
2023-07-11,UZS,0.00790773,10000,79.0773
2023-07-12,UZS,0.0078321,10000,78.321
2023-07-13,UZS,0.00782999,10000,78.2999
2023-07-14,UZS,0.00777845,10000,77.7845
2023-07-15,UZS,0.00778086,10000,77.8086
2023-07-18,UZS,0.00781002,10000,78.1002
2023-07-19,UZS,0.00782547,10000,78.2547
2023-07-20,UZS,0.00785703,10000,78.5703
2023-07-21,UZS,0.00783221,10000,78.3221
2023-07-22,UZS,0.00779649,10000,77.9649
2023-07-25,UZS,0.00779404,10000,77.9404
2023-07-26,UZS,0.0077701,10000,77.701
2023-07-27,UZS,0.00775393,10000,77.5393
2023-07-28,UZS,0.00774392,10000,77.4392
2023-07-29,UZS,0.00784286,10000,78.4286
2023-08-01,UZS,0.00789577,10000,78.9577
2023-08-02,UZS,0.00789932,10000,78.9932
2023-08-03,UZS,0.00798075,10000,79.8075
2023-08-04,UZS,0.00804626,10000,80.4626
2023-08-05,UZS,0.00813954,10000,81.3954
2023-08-08,UZS,0.00828187,10000,82.8187
2023-08-09,UZS,0.00822916,10000,82.2916
2023-08-10,UZS,0.00834986,10000,83.4986
2023-08-11,UZS,0.008338,10000,83.38
2023-08-12,UZS,0.00813303,10000,81.3303
2023-08-15,UZS,0.00839071,10000,83.9071
2023-08-16,UZS,0.00807672,10000,80.7672
2023-08-17,UZS,0.00800866,10000,80.0866
2023-08-18,UZS,0.00775465,10000,77.5465
2023-08-19,UZS,0.00774103,10000,77.4103
2023-08-22,UZS,0.00779453,10000,77.9453
2023-08-23,UZS,0.00777838,10000,77.7838
2023-08-24,UZS,0.00781163,10000,78.1163
2023-08-25,UZS,0.00782269,10000,78.2269
2023-08-26,UZS,0.00786053,10000,78.6053
2023-08-29,UZS,0.00790977,10000,79.0977
2023-08-30,UZS,0.00792788,10000,79.2788
2023-08-31,UZS,0.0079379,10000,79.379
2023-09-01,UZS,0.00796813,10000,79.6813
2023-09-02,UZS,0.00796868,10000,79.6868
2023-09-05,UZS,0.0079838,10000,79.838
2023-09-06,UZS,0.008049,10000,80.49
2023-09-07,UZS,0.00806628,10000,80.6628
2023-09-08,UZS,0.00808724,10000,80.8724
2023-09-09,UZS,0.00806812,10000,80.6812
2023-09-12,UZS,0.00794487,10000,79.4487
2023-09-13,UZS,0.00778586,10000,77.8586
2023-09-14,UZS,0.00788008,10000,78.8008
2023-09-15,UZS,0.00790664,10000,79.0664
2023-09-16,UZS,0.00795077,10000,79.5077
2023-09-19,UZS,0.00793817,10000,79.3817
2023-09-20,UZS,0.00791287,10000,79.1287
2023-09-21,UZS,0.00794024,10000,79.4024
2023-09-22,UZS,0.00788926,10000,78.8926
2023-09-23,UZS,0.00787874,10000,78.7874
2023-09-26,UZS,0.007873,10000,78.73
2023-09-27,UZS,0.00788438,10000,78.8438
2023-09-28,UZS,0.00791301,10000,79.1301
2023-09-29,UZS,0.00796206,10000,79.6206
2023-09-30,UZS,0.00800116,10000,80.0116
2023-10-03,UZS,0.00808854,10000,80.8854
2023-10-04,UZS,0.00813662,10000,81.3662
2023-10-05,UZS,0.00814141,10000,81.4141
2023-10-06,UZS,0.00816488,10000,81.6488
2023-10-07,UZS,0.00823824,10000,82.3824
2023-10-10,UZS,0.00831513,10000,83.1513
2023-10-11,UZS,0.0082048,10000,82.048
2023-10-12,UZS,0.008195,10000,81.95
2023-10-13,UZS,0.00793992,10000,79.3992
2023-10-14,UZS,0.0079571,10000,79.571
2023-10-17,UZS,0.00796265,10000,79.6265
2023-10-18,UZS,0.00797848,10000,79.7848
2023-10-19,UZS,0.00798457,10000,79.8457
2023-10-20,UZS,0.00797149,10000,79.7149
2023-10-21,UZS,0.00784116,10000,78.4116
2023-10-24,UZS,0.0077566,10000,77.566
2023-10-25,UZS,0.00765445,10000,76.5445
2023-10-26,UZS,0.00763535,10000,76.3535
2023-10-27,UZS,0.00767205,10000,76.7205
2023-10-28,UZS,0.00763446,10000,76.3446
2023-10-31,UZS,0.00762538,10000,76.2538
2023-11-01,UZS,0.00753097,10000,75.3097
2023-11-02,UZS,0.0076244,10000,76.244
2023-11-03,UZS,0.00760658,10000,76.0658
2023-11-04,UZS,0.0076009,10000,76.009
2023-11-08,UZS,0.00753179,10000,75.3179
2023-11-09,UZS,0.00750787,10000,75.0787
2023-11-10,UZS,0.00747552,10000,74.7552
2023-11-11,UZS,0.00749131,10000,74.9131
2023-11-14,UZS,0.00750755,10000,75.0755
2023-11-15,UZS,0.00743066,10000,74.3066
2023-11-16,UZS,0.00727882,10000,72.7882
2023-11-17,UZS,0.00724203,10000,72.4203
2023-11-18,UZS,0.00726349,10000,72.6349
2023-11-21,UZS,0.00720647,10000,72.0647
2023-11-22,UZS,0.00715705,10000,71.5705
2023-11-23,UZS,0.00718535,10000,71.8535
2023-11-24,UZS,0.00717503,10000,71.7503
2023-11-25,UZS,0.00721767,10000,72.1767
2023-11-28,UZS,0.007214,10000,72.14
2023-11-29,UZS,0.00719821,10000,71.9821
2023-11-30,UZS,0.00721755,10000,72.1755
2023-12-01,UZS,0.0072135,10000,72.135
2023-12-02,UZS,0.0073096,10000,73.096
2023-12-05,UZS,0.00737172,10000,73.7172
2023-12-06,UZS,0.0074627,10000,74.627
2023-12-07,UZS,0.00754981,10000,75.4981
2023-12-08,UZS,0.00752248,10000,75.2248
2023-12-09,UZS,0.00744729,10000,74.4729
2023-12-12,UZS,0.00738992,10000,73.8992
2023-12-13,UZS,0.00731855,10000,73.1855
2023-12-14,UZS,0.00727934,10000,72.7934
2023-12-15,UZS,0.00725108,10000,72.5108
2023-12-16,UZS,0.00725816,10000,72.5816
2023-12-19,UZS,0.00730489,10000,73.0489
2023-12-20,UZS,0.00727289,10000,72.7289
2023-12-21,UZS,0.00730745,10000,73.0745
2023-12-22,UZS,0.00740165,10000,74.0165
2023-12-23,UZS,0.00743251,10000,74.3251
2023-12-26,UZS,0.0074426,10000,74.426
2023-12-27,UZS,0.00742709,10000,74.2709
2023-12-28,UZS,0.00742261,10000,74.2261
2023-12-29,UZS,0.00731198,10000,73.1198
2023-12-30,UZS,0.00726882,10000,72.6882
2024-01-10,UZS,0.00729648,10000,72.9648
2024-01-11,UZS,0.00721091,10000,72.1091
2024-01-12,UZS,0.00714943,10000,71.4943
2024-01-13,UZS,0.00709829,10000,70.9829
2024-01-16,UZS,0.00706967,10000,70.6967
2024-01-17,UZS,0.00706307,10000,70.6307
2024-01-18,UZS,0.00711668,10000,71.1668
2024-01-19,UZS,0.00713455,10000,71.3455
2024-01-20,UZS,0.00713273,10000,71.3273
2024-01-23,UZS,0.00709055,10000,70.9055
2024-01-24,UZS,0.00708003,10000,70.8003
2024-01-25,UZS,0.00709955,10000,70.9955
2024-01-26,UZS,0.00713717,10000,71.3717
2024-01-27,UZS,0.00721204,10000,72.1204
2024-01-30,UZS,0.00722653,10000,72.2653
2024-01-31,UZS,0.00718679,10000,71.8679
2024-02-01,UZS,0.00721379,10000,72.1379
2024-02-02,UZS,0.00726475,10000,72.6475
2024-02-03,UZS,0.00729209,10000,72.9209
2024-02-06,UZS,0.00732996,10000,73.2996
2024-02-07,UZS,0.00727225,10000,72.7225
2024-02-08,UZS,0.00730146,10000,73.0146
2024-02-09,UZS,0.00732509,10000,73.2509
2024-02-10,UZS,0.00729168,10000,72.9168
2024-02-13,UZS,0.00730945,10000,73.0945
2024-02-14,UZS,0.00731421,10000,73.1421
2024-02-15,UZS,0.00732623,10000,73.2623
2024-02-16,UZS,0.0073541,10000,73.541
2024-02-17,UZS,0.00740571,10000,74.0571
2024-02-20,UZS,0.00739878,10000,73.9878
2024-02-21,UZS,0.00739968,10000,73.9968
2024-02-22,UZS,0.00740961,10000,74.0961
2024-02-23,UZS,0.0074231,10000,74.231
2024-02-27,UZS,0.0074165,10000,74.165
2024-02-28,UZS,0.00737467,10000,73.7467
2024-02-29,UZS,0.00734953,10000,73.4953
2024-03-01,UZS,0.00727615,10000,72.7615
2024-03-02,UZS,0.00730856,10000,73.0856
2024-03-05,UZS,0.00729983,10000,72.9983
2024-03-06,UZS,0.00727827,10000,72.7827
2024-03-07,UZS,0.00721207,10000,72.1207
2024-03-08,UZS,0.00725364,10000,72.5364
2024-03-12,UZS,0.00724821,10000,72.4821
2024-03-13,UZS,0.00726298,10000,72.6298
2024-03-14,UZS,0.00730372,10000,73.0372
2024-03-15,UZS,0.00730398,10000,73.0398
2024-03-16,UZS,0.00731041,10000,73.1041
2024-03-19,UZS,0.00731765,10000,73.1765
2024-03-20,UZS,0.00734278,10000,73.4278
2024-03-21,UZS,0.00737837,10000,73.7837
2024-03-22,UZS,0.00731976,10000,73.1976
2024-03-23,UZS,0.00737245,10000,73.7245
2024-03-26,UZS,0.00737782,10000,73.7782
2024-03-27,UZS,0.00734889,10000,73.4889
2024-03-28,UZS,0.0073544,10000,73.544
2024-03-29,UZS,0.00732236,10000,73.2236
2024-03-30,UZS,0.00731897,10000,73.1897
2024-04-02,UZS,0.00730844,10000,73.0844
2024-04-03,UZS,0.00731715,10000,73.1715
2024-04-04,UZS,0.00731302,10000,73.1302
2024-04-05,UZS,0.00728653,10000,72.8653
2024-04-06,UZS,0.00728825,10000,72.8825
2024-04-09,UZS,0.00729842,10000,72.9842
2024-04-10,UZS,0.00731675,10000,73.1675
2024-04-11,UZS,0.00735411,10000,73.5411
2024-04-12,UZS,0.00739354,10000,73.9354
2024-04-13,UZS,0.00737163,10000,73.7163
2024-04-16,UZS,0.00738842,10000,73.8842
2024-04-17,UZS,0.00743401,10000,74.3401
2024-04-18,UZS,0.00744361,10000,74.4361
2024-04-19,UZS,0.00741178,10000,74.1178
2024-04-20,UZS,0.00735929,10000,73.5929
2024-04-23,UZS,0.00734846,10000,73.4846
2024-04-24,UZS,0.00733945,10000,73.3945
2024-04-25,UZS,0.00728105,10000,72.8105
2024-04-26,UZS,0.00726017,10000,72.6017
2024-04-27,UZS,0.00727942,10000,72.7942
2024-04-28,UZS,0.00726088,10000,72.6088
2024-05-03,UZS,0.00728722,10000,72.8722
2024-05-04,UZS,0.00723689,10000,72.3689
2024-05-07,UZS,0.00720413,10000,72.0413
2024-05-08,UZS,0.00720448,10000,72.0448
2024-05-09,UZS,0.00723935,10000,72.3935
2024-05-14,UZS,0.00720494,10000,72.0494
2024-05-15,UZS,0.00719371,10000,71.9371
2024-05-16,UZS,0.00717942,10000,71.7942
2024-05-17,UZS,0.00714363,10000,71.4363
2024-05-18,UZS,0.00715309,10000,71.5309
2024-05-21,UZS,0.00714097,10000,71.4097
2024-05-22,UZS,0.00712566,10000,71.2566
2024-05-23,UZS,0.00709652,10000,70.9652
2024-05-24,UZS,0.00709238,10000,70.9238
2024-05-25,UZS,0.00705604,10000,70.5604
2024-05-28,UZS,0.00698051,10000,69.8051
2024-05-29,UZS,0.00697457,10000,69.7457
2024-05-30,UZS,0.00705599,10000,70.5599
2024-05-31,UZS,0.00710291,10000,71.0291
2024-06-01,UZS,0.00714681,10000,71.4681
2024-06-04,UZS,0.00709338,10000,70.9338
2024-06-05,UZS,0.00703589,10000,70.3589
2024-06-06,UZS,0.00700698,10000,70.0698
2024-06-07,UZS,0.00700222,10000,70.0222
2024-06-08,UZS,0.00701112,10000,70.1112
2024-06-11,UZS,0.00703687,10000,70.3687
2024-06-12,UZS,0.00704566,10000,70.4566
2024-06-14,UZS,0.00698898,10000,69.8898
2024-06-15,UZS,0.00706042,10000,70.6042
2024-06-18,UZS,0.00705916,10000,70.5916
2024-06-19,UZS,0.00689947,10000,68.9947
2024-06-20,UZS,0.00654376,10000,65.4376
2024-06-21,UZS,0.00675563,10000,67.5563
2024-06-22,UZS,0.00695893,10000,69.5893
2024-06-25,UZS,0.00692053,10000,69.2053
2024-06-26,UZS,0.00692679,10000,69.2679
2024-06-27,UZS,0.00697629,10000,69.7629
2024-06-28,UZS,0.00675375,10000,67.5375
2024-06-29,UZS,0.0068297,10000,68.297
2024-07-02,UZS,0.0069517,10000,69.517
2024-07-03,UZS,0.00699182,10000,69.9182
2024-07-04,UZS,0.00699581,10000,69.9581
2024-07-05,UZS,0.00700255,10000,70.0255
2024-07-06,UZS,0.0069948,10000,69.948
2024-07-09,UZS,0.00699546,10000,69.9546
2024-07-10,UZS,0.00697427,10000,69.7427
2024-07-11,UZS,0.00695605,10000,69.5605
2024-07-12,UZS,0.006965,10000,69.65
2024-07-13,UZS,0.00693343,10000,69.3343
2024-07-16,UZS,0.00694941,10000,69.4941
2024-07-17,UZS,0.0070023,10000,70.023
2024-07-18,UZS,0.00699881,10000,69.9881
2024-07-19,UZS,0.00698092,10000,69.8092
2024-07-20,UZS,0.00698516,10000,69.8516
2024-07-23,UZS,0.00696116,10000,69.6116
2024-07-24,UZS,0.00693232,10000,69.3232
2024-07-25,UZS,0.00687764,10000,68.7764
2024-07-26,UZS,0.00676513,10000,67.6513
2024-07-27,UZS,0.0067726,10000,67.726
2024-07-30,UZS,0.00686957,10000,68.6957
2024-07-31,UZS,0.00686555,10000,68.6555
2024-08-01,UZS,0.00686618,10000,68.6618
2024-08-02,UZS,0.00683853,10000,68.3853
2024-08-03,UZS,0.00681537,10000,68.1537
2024-08-06,UZS,0.00675155,10000,67.5155
2024-08-07,UZS,0.00676186,10000,67.6186
2024-08-08,UZS,0.00681313,10000,68.1313
2024-08-09,UZS,0.00684826,10000,68.4826
2024-08-10,UZS,0.0069548,10000,69.548
2024-08-13,UZS,0.00711441,10000,71.1441
2024-08-14,UZS,0.00733588,10000,73.3588
2024-08-15,UZS,0.007132,10000,71.32
2024-08-16,UZS,0.00703459,10000,70.3459
2024-08-17,UZS,0.00702813,10000,70.2813
2024-08-20,UZS,0.00707401,10000,70.7401
2024-08-21,UZS,0.00717466,10000,71.7466
2024-08-22,UZS,0.00726215,10000,72.6215
2024-08-23,UZS,0.0072193,10000,72.193
2024-08-24,UZS,0.00722576,10000,72.2576
2024-08-27,UZS,0.00723313,10000,72.3313
2024-08-28,UZS,0.00722046,10000,72.2046
2024-08-29,UZS,0.00722759,10000,72.2759
2024-08-30,UZS,0.00721597,10000,72.1597
2024-08-31,UZS,0.00722271,10000,72.2271
2024-09-03,UZS,0.00712881,10000,71.2881
2024-09-04,UZS,0.00701875,10000,70.1875
2024-09-05,UZS,0.00703548,10000,70.3548
2024-09-06,UZS,0.00709111,10000,70.9111
2024-09-07,UZS,0.00706821,10000,70.6821
2024-09-10,UZS,0.0071169,10000,71.169
2024-09-11,UZS,0.00718453,10000,71.8453
2024-09-12,UZS,0.00719377,10000,71.9377
2024-09-13,UZS,0.00716548,10000,71.6548
2024-09-14,UZS,0.00713673,10000,71.3673
2024-09-17,UZS,0.00714856,10000,71.4856
2024-09-18,UZS,0.00718248,10000,71.8248
2024-09-19,UZS,0.00719975,10000,71.9975
2024-09-20,UZS,0.00727603,10000,72.7603
2024-09-21,UZS,0.00727591,10000,72.7591
2024-09-24,UZS,0.00729939,10000,72.9939
2024-09-25,UZS,0.00728486,10000,72.8486
2024-09-26,UZS,0.00724337,10000,72.4337
2024-09-27,UZS,0.00724329,10000,72.4329
2024-09-28,UZS,0.0072793,10000,72.793
2024-10-01,UZS,0.00733142,10000,73.3142
2024-10-02,UZS,0.00734212,10000,73.4212
2024-10-03,UZS,0.00741801,10000,74.1801
2024-10-04,UZS,0.0074484,10000,74.484
2024-10-05,UZS,0.00744603,10000,74.4603
2024-10-08,UZS,0.00751975,10000,75.1975
2024-10-09,UZS,0.00751143,10000,75.1143
2024-10-10,UZS,0.00758177,10000,75.8177
2024-10-11,UZS,0.00760991,10000,76.0991
2024-10-12,UZS,0.00752399,10000,75.2399
2024-10-15,UZS,0.00751964,10000,75.1964
2024-10-16,UZS,0.00757726,10000,75.7726
2024-10-17,UZS,0.00760233,10000,76.0233
2024-10-18,UZS,0.00760339,10000,76.0339
2024-10-19,UZS,0.00753079,10000,75.3079
2024-10-22,UZS,0.00749836,10000,74.9836
2024-10-23,UZS,0.00754323,10000,75.4323
2024-10-24,UZS,0.00753932,10000,75.3932
2024-10-25,UZS,0.00754139,10000,75.4139
2024-10-26,UZS,0.00754251,10000,75.4251
2024-10-29,UZS,0.00759112,10000,75.9112
2024-10-30,UZS,0.00760662,10000,76.0662
2024-10-31,UZS,0.00759118,10000,75.9118
2024-11-01,UZS,0.00759512,10000,75.9512
2024-11-02,UZS,0.00762438,10000,76.2438
2024-11-03,UZS,0.00763296,10000,76.3296
2024-11-06,UZS,0.00766656,10000,76.6656
2024-11-07,UZS,0.00768875,10000,76.8875
2024-11-08,UZS,0.00766972,10000,76.6972
2024-11-09,UZS,0.00763784,10000,76.3784
2024-11-12,UZS,0.00763902,10000,76.3902
2024-11-13,UZS,0.00765053,10000,76.5053
2024-11-14,UZS,0.0076888,10000,76.888
2024-11-15,UZS,0.00773093,10000,77.3093
2024-11-16,UZS,0.00781219,10000,78.1219
2024-11-19,UZS,0.00780055,10000,78.0055
2024-11-20,UZS,0.00779998,10000,77.9998
2024-11-21,UZS,0.0078028,10000,78.028
2024-11-22,UZS,0.00783139,10000,78.3139
2024-11-23,UZS,0.00798617,10000,79.8617
2024-11-26,UZS,0.00809028,10000,80.9028
2024-11-27,UZS,0.00819838,10000,81.9838
2024-11-28,UZS,0.00842484,10000,84.2484
2024-11-29,UZS,0.00852856,10000,85.2856
2024-11-30,UZS,0.0083747,10000,83.747
2024-12-03,UZS,0.00833923,10000,83.3923
2024-12-04,UZS,0.00827115,10000,82.7115
2024-12-05,UZS,0.0081273,10000,81.273
2024-12-06,UZS,0.00806863,10000,80.6863
2024-12-07,UZS,0.00774486,10000,77.4486
2024-12-10,UZS,0.0077413,10000,77.413
2024-12-11,UZS,0.00777781,10000,77.7781
2024-12-12,UZS,0.00802164,10000,80.2164
2024-12-13,UZS,0.00807965,10000,80.7965
2024-12-14,UZS,0.00804275,10000,80.4275
2024-12-17,UZS,0.00798206,10000,79.8206
2024-12-18,UZS,0.00799992,10000,79.9992
2024-12-19,UZS,0.00798579,10000,79.8579
2024-12-20,UZS,0.0080409,10000,80.409
2024-12-21,UZS,0.007949,10000,79.49
2024-12-24,UZS,0.00788131,10000,78.8131
2024-12-25,UZS,0.00774089,10000,77.4089
2024-12-26,UZS,0.00771604,10000,77.1604
2024-12-27,UZS,0.00767539,10000,76.7539
2024-12-28,UZS,0.00778052,10000,77.8052
2024-12-29,UZS,0.00786965,10000,78.6965
2025-01-10,UZS,0.00789102,10000,78.9102
2025-01-11,UZS,0.00787567,10000,78.7567
2025-01-14,UZS,0.00792684,10000,79.2684
2025-01-15,UZS,0.00797389,10000,79.7389
2025-01-16,UZS,0.00792597,10000,79.2597
2025-01-17,UZS,0.00789817,10000,78.9817
2025-01-18,UZS,0.00790518,10000,79.0518
2025-01-21,UZS,0.00786287,10000,78.6287
2025-01-22,UZS,0.00770154,10000,77.0154
2025-01-23,UZS,0.00756909,10000,75.6909
2025-01-24,UZS,0.00762878,10000,76.2878
2025-01-25,UZS,0.00757089,10000,75.7089
2025-01-28,UZS,0.00748952,10000,74.8952
2025-01-29,UZS,0.00755718,10000,75.5718
2025-01-30,UZS,0.00755397,10000,75.5397
2025-01-31,UZS,0.00755734,10000,75.5734
2025-02-01,UZS,0.00754886,10000,75.4886
2025-02-04,UZS,0.00770273,10000,77.0273
2025-02-05,UZS,0.00758826,10000,75.8826
2025-02-06,UZS,0.00754337,10000,75.4337
2025-02-07,UZS,0.00746307,10000,74.6307
2025-02-08,UZS,0.00750019,10000,75.0019
2025-02-11,UZS,0.00746948,10000,74.6948
2025-02-12,UZS,0.00738536,10000,73.8536
2025-02-13,UZS,0.00724565,10000,72.4565
2025-02-14,UZS,0.0070083,10000,70.083
2025-02-15,UZS,0.00694481,10000,69.4481
2025-02-18,UZS,0.00703715,10000,70.3715
2025-02-19,UZS,0.00703629,10000,70.3629
2025-02-20,UZS,0.00697189,10000,69.7189
2025-02-21,UZS,0.00683476,10000,68.3476
2025-02-22,UZS,0.00681888,10000,68.1888
2025-02-25,UZS,0.00682915,10000,68.2915
2025-02-26,UZS,0.00671569,10000,67.1569
2025-02-27,UZS,0.00666903,10000,66.6903
2025-02-28,UZS,0.00680878,10000,68.0878
2025-03-01,UZS,0.00685364,10000,68.5364
2025-03-04,UZS,0.00692391,10000,69.2391
2025-03-05,UZS,0.0069197,10000,69.197
2025-03-06,UZS,0.0069585,10000,69.585
2025-03-07,UZS,0.0069434,10000,69.434
2025-03-08,UZS,0.00689996,10000,68.9996
2025-03-11,UZS,0.00684198,10000,68.4198
2025-03-12,UZS,0.00668981,10000,66.8981
2025-03-13,UZS,0.00669818,10000,66.9818
2025-03-14,UZS,0.00670426,10000,67.0426
2025-03-15,UZS,0.00661375,10000,66.1375
2025-03-18,UZS,0.0065085,10000,65.085
2025-03-19,UZS,0.00629679,10000,62.9679
2025-03-20,UZS,0.00640467,10000,64.0467
2025-03-21,UZS,0.00652887,10000,65.2887
2025-03-22,UZS,0.00654778,10000,65.4778
2025-03-25,UZS,0.00648145,10000,64.8145
2025-03-26,UZS,0.00650286,10000,65.0286
2025-03-27,UZS,0.00651281,10000,65.1281
2025-03-28,UZS,0.00649419,10000,64.9419
2025-03-29,UZS,0.0064803,10000,64.803
2025-04-01,UZS,0.00662085,10000,66.2085
2025-04-02,UZS,0.00656023,10000,65.6023
2025-04-03,UZS,0.00654166,10000,65.4166
2025-04-04,UZS,0.00653372,10000,65.3372
2025-04-05,UZS,0.0065228,10000,65.228
2025-04-08,UZS,0.00665697,10000,66.5697
2025-04-09,UZS,0.00659121,10000,65.9121
2025-04-10,UZS,0.00664273,10000,66.4273
2025-04-11,UZS,0.00655314,10000,65.5314
2025-04-12,UZS,0.0064776,10000,64.776
2025-04-15,UZS,0.00637635,10000,63.7635
2025-04-16,UZS,0.00634565,10000,63.4565
2025-04-17,UZS,0.00636237,10000,63.6237
2025-04-18,UZS,0.00631186,10000,63.1186
2025-04-19,UZS,0.00625844,10000,62.5844
2025-04-22,UZS,0.00624196,10000,62.4196
2025-04-23,UZS,0.00631017,10000,63.1017
2025-04-24,UZS,0.00639521,10000,63.9521
2025-04-25,UZS,0.00642771,10000,64.2771
2025-04-26,UZS,0.00639389,10000,63.9389
2025-04-29,UZS,0.00637075,10000,63.7075
2025-04-30,UZS,0.00629912,10000,62.9912
2025-05-01,UZS,0.00630111,10000,63.0111
2025-05-06,UZS,0.00634249,10000,63.4249
2025-05-07,UZS,0.00625787,10000,62.5787
2025-05-08,UZS,0.00625622,10000,62.5622
2025-05-13,UZS,0.00627998,10000,62.7998
2025-05-14,UZS,0.00624634,10000,62.4634
2025-05-15,UZS,0.00620193,10000,62.0193
2025-05-16,UZS,0.0061874,10000,61.874
2025-05-17,UZS,0.0062296,10000,62.296
2025-05-20,UZS,0.00622537,10000,62.2537
2025-05-21,UZS,0.00624565,10000,62.4565
2025-05-22,UZS,0.0061858,10000,61.858
2025-05-23,UZS,0.00616294,10000,61.6294
2025-05-24,UZS,0.00617697,10000,61.7697
2025-05-27,UZS,0.0061675,10000,61.675
2025-05-28,UZS,0.00615286,10000,61.5286
2025-05-29,UZS,0.0061771,10000,61.771
2025-05-30,UZS,0.0061177,10000,61.177
2025-05-31,UZS,0.00615723,10000,61.5723
2025-06-03,UZS,0.00618654,10000,61.8654
2025-06-04,UZS,0.00614393,10000,61.4393
2025-06-05,UZS,0.00610565,10000,61.0565
2025-06-06,UZS,0.00616649,10000,61.6649
2025-06-07,UZS,0.00616985,10000,61.6985
2025-06-10,UZS,0.00619481,10000,61.9481
2025-06-11,UZS,0.00618313,10000,61.8313
2025-06-12,UZS,0.00623327,10000,62.3327
2025-06-17,UZS,0.00615246,10000,61.5246
2025-06-18,UZS,0.00619054,10000,61.9054
2025-06-19,UZS,0.00621381,10000,62.1381
2025-06-20,UZS,0.00621968,10000,62.1968
2025-06-21,UZS,0.0062505,10000,62.505
2025-06-24,UZS,0.00626492,10000,62.6492
2025-06-25,UZS,0.00631611,10000,63.1611
2025-06-26,UZS,0.00627764,10000,62.7764
2025-06-27,UZS,0.00624107,10000,62.4107
2025-06-28,UZS,0.00623438,10000,62.3438
2025-07-01,UZS,0.00620575,10000,62.0575
2025-07-02,UZS,0.0061771,10000,61.771
2025-07-03,UZS,0.0062049,10000,62.049
2025-07-04,UZS,0.00625674,10000,62.5674
2025-07-05,UZS,0.00627792,10000,62.7792
2025-07-08,UZS,0.00624416,10000,62.4416
2025-07-09,UZS,0.00616627,10000,61.6627
2025-07-10,UZS,0.00614948,10000,61.4948
2025-07-11,UZS,0.00615672,10000,61.5672
2025-07-12,UZS,0.00616459,10000,61.6459
2025-07-15,UZS,0.00621259,10000,62.1259
2025-07-16,UZS,0.00613887,10000,61.3887
2025-07-17,UZS,0.00610094,10000,61.0094
2025-07-18,UZS,0.00612819,10000,61.2819
2025-07-19,UZS,0.00618674,10000,61.8674
2025-07-22,UZS,0.00622723,10000,62.2723
2025-07-23,UZS,0.00619575,10000,61.9575
2025-07-24,UZS,0.00617503,10000,61.7503
2025-07-25,UZS,0.00617921,10000,61.7921
2025-07-26,UZS,0.00628702,10000,62.8702
2025-07-29,UZS,0.0063249,10000,63.249
2025-07-30,UZS,0.00657004,10000,65.7004
2025-07-31,UZS,0.00654677,10000,65.4677
2025-08-01,UZS,0.00637858,10000,63.7858
2025-08-02,UZS,0.00632889,10000,63.2889
2025-08-05,UZS,0.00626111,10000,62.6111
2025-08-06,UZS,0.00634238,10000,63.4238
2025-08-07,UZS,0.00640256,10000,64.0256
2025-08-08,UZS,0.00634926,10000,63.4926
2025-08-09,UZS,0.00633485,10000,63.3485
2025-08-12,UZS,0.00628651,10000,62.8651
2025-08-13,UZS,0.00634436,10000,63.4436
2025-08-14,UZS,0.00636325,10000,63.6325
2025-08-15,UZS,0.00638237,10000,63.8237
2025-08-16,UZS,0.00636009,10000,63.6009
2025-08-19,UZS,0.00640975,10000,64.0975
2025-08-20,UZS,0.00642917,10000,64.2917
2025-08-21,UZS,0.00639561,10000,63.9561
2025-08-22,UZS,0.00643767,10000,64.3767
2025-08-23,UZS,0.00650485,10000,65.0485
2025-08-26,UZS,0.00652939,10000,65.2939
2025-08-27,UZS,0.00654381,10000,65.4381
2025-08-28,UZS,0.00651108,10000,65.1108
2025-08-29,UZS,0.00646837,10000,64.6837
2025-08-30,UZS,0.0064356,10000,64.356
2025-09-02,UZS,0.00644317,10000,64.4317
2025-09-03,UZS,0.00646791,10000,64.6791
2025-09-04,UZS,0.00650805,10000,65.0805
2025-09-05,UZS,0.00656975,10000,65.6975
2025-09-06,UZS,0.00655742,10000,65.5742
2025-09-09,UZS,0.00657624,10000,65.7624
2025-09-10,UZS,0.00669184,10000,66.9184
2025-09-11,UZS,0.00687334,10000,68.7334
2025-09-12,UZS,0.00693032,10000,69.3032
2025-09-13,UZS,0.00677894,10000,67.7894
2025-09-16,UZS,0.00668487,10000,66.8487
2025-09-17,UZS,0.00671029,10000,67.1029
2025-09-18,UZS,0.00675601,10000,67.5601
2025-09-19,UZS,0.00678723,10000,67.8723
2025-09-20,UZS,0.00678785,10000,67.8785
2025-09-23,UZS,0.0068032,10000,68.032
2025-09-24,UZS,0.00680017,10000,68.0017
2025-09-25,UZS,0.00690093,10000,69.0093
2025-09-26,UZS,0.00684232,10000,68.4232
2025-09-27,UZS,0.00685359,10000,68.5359
2025-09-30,UZS,0.00682674,10000,68.2674
2025-10-01,UZS,0.00684538,10000,68.4538
2025-10-02,UZS,0.00675326,10000,67.5326
2025-10-03,UZS,0.00670373,10000,67.0373
2025-10-04,UZS,0.0067685,10000,67.685
2025-10-07,UZS,0.00688198,10000,68.8198
2025-10-08,UZS,0.0068149,10000,68.149
2025-10-09,UZS,0.00677382,10000,67.7382
2025-10-10,UZS,0.00674371,10000,67.4371
2025-10-11,UZS,0.00669696,10000,66.9696
2025-10-14,UZS,0.0066597,10000,66.597
2025-10-15,UZS,0.00658122,10000,65.8122
2025-10-16,UZS,0.00647011,10000,64.7011
2025-10-17,UZS,0.00646445,10000,64.6445
2025-10-18,UZS,0.00665928,10000,66.5928
2025-10-21,UZS,0.00671924,10000,67.1924
2025-10-22,UZS,0.00674515,10000,67.4515
2025-10-23,UZS,0.00679833,10000,67.9833
2025-10-24,UZS,0.00671573,10000,67.1573
2025-10-25,UZS,0.00667566,10000,66.7566
2025-10-28,UZS,0.00651832,10000,65.1832
2025-10-29,UZS,0.00662195,10000,66.2195
2025-10-30,UZS,0.00662016,10000,66.2016
2025-10-31,UZS,0.00671394,10000,67.1394
2025-11-01,UZS,0.0067533,10000,67.533
2025-11-02,UZS,0.00672637,10000,67.2637
2025-11-06,UZS,0.00679366,10000,67.9366
2025-11-07,UZS,0.00679799,10000,67.9799
2025-11-08,UZS,0.0067559,10000,67.559
2025-11-11,UZS,0.00671736,10000,67.1736
2025-11-12,UZS,0.00677125,10000,67.7125
2025-11-13,UZS,0.00677942,10000,67.7942
2025-11-14,UZS,0.00673226,10000,67.3226
2025-11-15,UZS,0.00676904,10000,67.6904
2025-11-18,UZS,0.00673861,10000,67.3861
2025-11-19,UZS,0.00674898,10000,67.4898
2025-11-20,UZS,0.0067789,10000,67.789
2025-11-21,UZS,0.00677798,10000,67.7798
2025-11-22,UZS,0.00663255,10000,66.3255
2025-11-25,UZS,0.0065924,10000,65.924
2025-11-26,UZS,0.00658654,10000,65.8654
2025-11-27,UZS,0.00658414,10000,65.8414
2025-11-28,UZS,0.00658584,10000,65.8584
2025-11-29,UZS,0.00657254,10000,65.7254
2025-12-02,UZS,0.00650725,10000,65.0725
2025-12-03,UZS,0.00651193,10000,65.1193
2025-12-04,UZS,0.00656141,10000,65.6141
2025-12-05,UZS,0.00646141,10000,64.6141
2025-12-06,UZS,0.00636063,10000,63.6063
2025-12-09,UZS,0.00645923,10000,64.5923
2025-12-10,UZS,0.00640599,10000,64.0599
2025-12-11,UZS,0.00648993,10000,64.8993
2025-12-12,UZS,0.00660015,10000,66.0015
2025-12-13,UZS,0.00661796,10000,66.1796
2025-12-16,UZS,0.0065672,10000,65.672
2025-12-17,UZS,0.00656146,10000,65.6146
2025-12-18,UZS,0.00666519,10000,66.6519
2025-12-19,UZS,0.00665719,10000,66.5719
2025-12-20,UZS,0.006729,10000,67.29
2025-12-23,UZS,0.00661168,10000,66.1168
2025-12-24,UZS,0.00652032,10000,65.2032
2025-12-25,UZS,0.00649978,10000,64.9978
2025-12-26,UZS,0.0064482,10000,64.482
2025-12-27,UZS,0.00644358,10000,64.4358
2025-12-30,UZS,0.00644029,10000,64.4029
2025-12-31,UZS,0.0065165,10000,65.165
2026-01-13,UZS,0.00651212,10000,65.1212
2026-01-14,UZS,0.00654486,10000,65.4486
2026-01-15,UZS,0.00654666,10000,65.4666
2026-01-16,UZS,0.00656059,10000,65.6059
2026-01-17,UZS,0.00650628,10000,65.0628
2026-01-20,UZS,0.00645208,10000,64.5208
2026-01-21,UZS,0.00644602,10000,64.4602
2026-01-22,UZS,0.00639461,10000,63.9461
2026-01-23,UZS,0.00626503,10000,62.6503
2026-01-24,UZS,0.00628257,10000,62.8257
2026-01-27,UZS,0.0062828,10000,62.828
2026-01-28,UZS,0.00631199,10000,63.1199
2026-01-29,UZS,0.00626726,10000,62.6726
2026-01-30,UZS,0.00623203,10000,62.3203
2026-01-31,UZS,0.00619482,10000,61.9482
2026-02-03,UZS,0.00629156,10000,62.9156
2026-02-04,UZS,0.00627992,10000,62.7992
2026-02-05,UZS,0.00627031,10000,62.7031
2026-02-06,UZS,0.00623416,10000,62.3416
2026-02-07,UZS,0.00626294,10000,62.6294
2026-02-10,UZS,0.0063026,10000,63.026
2026-02-11,UZS,0.00627207,10000,62.7207
2026-02-12,UZS,0.00630446,10000,63.0446
2026-02-13,UZS,0.00628793,10000,62.8793
2026-02-14,UZS,0.00631655,10000,63.1655
2026-02-17,UZS,0.00628482,10000,62.8482
2026-02-18,UZS,0.00632228,10000,63.2228
2026-02-19,UZS,0.00627674,10000,62.7674
2026-02-20,UZS,0.0062978,10000,62.978
2026-02-21,UZS,0.00628455,10000,62.8455
2026-02-25,UZS,0.00628784,10000,62.8784
2026-02-26,UZS,0.00630034,10000,63.0034
2026-02-27,UZS,0.0063545,10000,63.545
2026-02-28,UZS,0.00634838,10000,63.4838
2026-03-03,UZS,0.00633058,10000,63.3058
2026-03-04,UZS,0.00635628,10000,63.5628
2026-03-05,UZS,0.00638769,10000,63.8769
2026-03-06,UZS,0.0064219,10000,64.219
2026-03-07,UZS,0.00649236,10000,64.9236
2026-03-11,UZS,0.00647629,10000,64.7629
2026-03-12,UZS,0.00651529,10000,65.1529
2026-03-13,UZS,0.00653318,10000,65.3318
2026-03-14,UZS,0.00664028,10000,66.4028
2026-03-17,UZS,0.00670335,10000,67.0335
2026-03-18,UZS,0.00675326,10000,67.5326
2026-03-19,UZS,0.00682543,10000,68.2543
2026-03-20,UZS,0.00695845,10000,69.5845
2026-03-21,UZS,0.00688958,10000,68.8958
2026-03-24,UZS,0.00671554,10000,67.1554
2026-03-25,UZS,0.00663827,10000,66.3827
2026-03-26,UZS,0.00663176,10000,66.3176
2026-03-27,UZS,0.00674321,10000,67.4321
2026-03-28,UZS,0.00665363,10000,66.5363
2026-03-31,UZS,0.00665772,10000,66.5772
2026-04-01,UZS,0.00666303,10000,66.6303
2026-04-02,UZS,0.00666303,10000,66.6303
2026-04-03,UZS,0.00661187,10000,66.1187
2026-04-04,UZS,0.00655094,10000,65.5094
2026-04-07,UZS,0.00646616,10000,64.6616
2026-04-08,UZS,0.00645061,10000,64.5061
2026-04-09,UZS,0.00640338,10000,64.0338
2026-04-10,UZS,0.00638095,10000,63.8095
2026-04-11,UZS,0.0063307,10000,63.307
2026-04-14,UZS,0.006288,10000,62.88
2026-04-15,UZS,0.00624749,10000,62.4749
2026-04-16,UZS,0.00617161,10000,61.7161
2026-04-17,UZS,0.00625439,10000,62.5439
2026-04-18,UZS,0.00627066,10000,62.7066
2026-04-21,UZS,0.00621931,10000,62.1931
2026-04-22,UZS,0.0061846,10000,61.846
2026-04-23,UZS,0.00622791,10000,62.2791
2026-04-24,UZS,0.00622796,10000,62.2796
2026-04-25,UZS,0.00628322,10000,62.8322
2026-04-28,UZS,0.00619633,10000,61.9633
2026-04-29,UZS,0.00620945,10000,62.0945
2026-04-30,UZS,0.00625319,10000,62.5319
2026-05-01,UZS,0.00626603,10000,62.6603
2026-05-05,UZS,0.00628996,10000,62.8996
2026-05-06,UZS,0.00625932,10000,62.5932
2026-05-07,UZS,0.00623015,10000,62.3015
2026-05-08,UZS,0.0061594,10000,61.594
2026-05-09,UZS,0.00611898,10000,61.1898
2026-05-13,UZS,0.00607525,10000,60.7525
2026-05-14,UZS,0.00607467,10000,60.7467
2026-05-15,UZS,0.00610742,10000,61.0742
2026-05-16,UZS,0.00610092,10000,61.0092
2026-05-19,UZS,0.00601948,10000,60.1948
2026-05-20,UZS,0.00591355,10000,59.1355
2026-05-21,UZS,0.00587528,10000,58.7528
2026-05-22,UZS,0.00588877,10000,58.8877
2026-05-23,UZS,0.00594417,10000,59.4417
2026-05-26,UZS,0.00596325,10000,59.6325
2026-05-27,UZS,0.00597137,10000,59.7137
2026-05-28,UZS,0.00590748,10000,59.0748
2026-05-29,UZS,0.00594666,10000,59.4666
2026-05-30,UZS,0.00591758,10000,59.1758
2026-06-02,UZS,0.0059882,10000,59.882
2026-06-03,UZS,0.00607976,10000,60.7976
2026-06-04,UZS,0.00612694,10000,61.2694
2026-06-05,UZS,0.00619274,10000,61.9274
2026-06-06,UZS,0.00619274,10000,61.9274
2026-06-09,UZS,0.00609856,10000,60.9856
2026-06-10,UZS,0.00596016,10000,59.6016
2026-06-11,UZS,0.00595562,10000,59.5562
2026-06-12,UZS,0.00598509,10000,59.8509
2026-06-16,UZS,0.00604777,10000,60.4777
2026-06-17,UZS,0.0060055,10000,60.055
2026-06-18,UZS,0.00603614,10000,60.3614
2026-06-19,UZS,0.00606998,10000,60.6998
2026-06-20,UZS,0.00609025,10000,60.9025
2026-06-23,UZS,0.00615208,10000,61.5208
2026-06-24,UZS,0.00620952,10000,62.0952
2026-06-25,UZS,0.00621851,10000,62.1851
2026-06-26,UZS,0.0062958,10000,62.958
2026-06-27,UZS,0.00641679,10000,64.1679
2026-06-30,UZS,0.00644681,10000,64.4681
2026-07-01,UZS,0.00651743,10000,65.1743
2026-07-02,UZS,0.00655804,10000,65.5804
2026-07-03,UZS,0.00654337,10000,65.4337
2026-07-04,UZS,0.00644956,10000,64.4956
2026-07-07,UZS,0.00647477,10000,64.7477
2026-07-08,UZS,0.00633257,10000,63.3257
2026-07-09,UZS,0.00636436,10000,63.6436
2026-07-10,UZS,0.00632107,10000,63.2107
2026-07-11,UZS,0.00634853,10000,63.4853
2026-07-14,UZS,0.00633607,10000,63.3607
2026-07-15,UZS,0.00642255,10000,64.2255
2026-07-16,UZS,0.00644858,10000,64.4858
2026-07-17,UZS,0.00647613,10000,64.7613
2026-07-18,UZS,0.00651626,10000,65.1626
2026-07-21,UZS,0.0065481,10000,65.481
2026-07-22,UZS,0.00655351,10000,65.5351
2026-07-23,UZS,0.00651312,10000,65.1312
2026-07-24,UZS,0.00647876,10000,64.7876
2026-07-25,UZS,0.00649224,10000,64.9224
2026-07-28,UZS,0.00650744,10000,65.0744
2026-07-29,UZS,0.00653077,10000,65.3077
2026-07-30,UZS,0.00659371,10000,65.9371
2026-07-31,UZS,0.00665123,10000,66.5123
2026-08-01,UZS,0.00664402,10000,66.4402
2026-08-04,UZS,0.00667826,10000,66.7826
2026-08-05,UZS,0.00679347,10000,67.9347
2026-08-06,UZS,0.00680838,10000,68.0838
2026-08-07,UZS,0.006832,10000,68.32
2026-08-08,UZS,0.00687465,10000,68.7465
2026-08-11,UZS,0.00692155,10000,69.2155
2026-08-12,UZS,0.00690213,10000,69.0213
2026-08-13,UZS,0.00698049,10000,69.8049
2026-08-14,UZS,0.00701387,10000,70.1387
2026-08-15,UZS,0.00708206,10000,70.8206
2026-08-18,UZS,0.0071493,10000,71.493
2026-08-19,UZS,0.00718242,10000,71.8242
2026-08-20,UZS,0.0072019,10000,72.019
2026-08-21,UZS,0.00706705,10000,70.6705
2026-08-22,UZS,0.00699924,10000,69.9924
2026-08-25,UZS,0.0070264,10000,70.264
2026-08-26,UZS,0.00717098,10000,71.7098
2026-08-27,UZS,0.00715557,10000,71.5557
2026-08-28,UZS,0.00726965,10000,72.6965
2026-08-29,UZS,0.00725354,10000,72.5354
2026-09-01,UZS,0.0073076,10000,73.076
2026-09-02,KZT,0.187651,1.0,0.187651
2026-09-03,KZT,0.189762,1.0,0.189762
