KEY,FREQ,REF_AREA,CURRENCY,PROVIDER_FM,INSTRUMENT_FM,PROVIDER_FM_ID,DATA_TYPE_FM,TIME_PERIOD,OBS_VALUE,OBS_STATUS,OBS_CONF,OBS_PRE_BREAK,OBS_COM,TIME_FORMAT,BREAKS,COLLECTION,COMPILING_ORG,DISS_ORG,DOM_SER_IDS,FM_CONTRACT_TIME,FM_COUPON_RATE,FM_IDENTIFIER,FM_LOT_SIZE,FM_MATURITY,FM_OUTS_AMOUNT,FM_PUT_CALL,FM_STRIKE_PRICE,PUBL_MU,PUBL_PUBLIC,UNIT_INDEX_BASE,COMPILATION,COVERAGE,DECIMALS,SOURCE_AGENCY,SOURCE_PUB,TITLE,TITLE_COMPL,UNIT,UNIT_MULT
CISS.D.U2.Z0Z.4F.EC.SS_FXN.CON,D,U2,Z0Z,4F,EC,SS_FXN,CON,2020-01-01,0.02078108552816529,A,F,,,P1D,,V,,,,,,,,,,,,,,,,,4,4F0,,NEW CISS - CISS contribution from foreign exchange market subindex,"Euro area (changing composition), Contribution from foreign exchange market subindex, Contribution",PURE_NUMB,0
CISS.D.U2.Z0Z.4F.EC.SS_FXN.CON,D,U2,Z0Z,4F,EC,SS_FXN,CON,2020-01-02,0.02264274206858842,A,F,,,P1D,,V,,,,,,,,,,,,,,,,,4,4F0,,NEW CISS - CISS contribution from foreign exchange market subindex,"Euro area (changing composition), Contribution from foreign exchange market subindex, Contribution",PURE_NUMB,0
CISS.D.U2.Z0Z.4F.EC.SS_FXN.CON,D,U2,Z0Z,4F,EC,SS_FXN,CON,2020-01-03,0.022884436849949938,A,F,,,P1D,,V,,,,,,,,,,,,,,,,,4,4F0,,NEW CISS - CISS contribution from foreign exchange market subindex,"Euro area (changing composition), Contribution from foreign exchange market subindex, Contribution",PURE_NUMB,0
CISS.D.U2.Z0Z.4F.EC.SS_FXN.CON,D,U2,Z0Z,4F,EC,SS_FXN,CON,2020-01-06,0.023259310094780633,A,F,,,P1D,,V,,,,,,,,,,,,,,,,,4,4F0,,NEW CISS - CISS contribution from foreign exchange market subindex,"Euro area (changing composition), Contribution from foreign exchange market subindex, Contribution",PURE_NUMB,0
CISS.D.U2.Z0Z.4F.EC.SS_FXN.CON,D,U2,Z0Z,4F,EC,SS_FXN,CON,2020-01-07,0.020294213526626345,A,F,,,P1D,,V,,,,,,,,,,,,,,,,,4,4F0,,NEW CISS - CISS contribution from foreign exchange market subindex,"Euro area (changing composition), Contribution from foreign exchange market subindex, Contribution",PURE_NUMB,0
CISS.D.U2.Z0Z.4F.EC.SS_FXN.CON,D,U2,Z0Z,4F,EC,SS_FXN,CON,2020-01-08,0.017992098882674872,A,F,,,P1D,,V,,,,,,,,,,,,,,,,,4,4F0,,NEW CISS - CISS contribution from foreign exchange market subindex,"Euro area (changing composition), Contribution from foreign exchange market subindex, Contribution",PURE_NUMB,0
CISS.D.U2.Z0Z.4F.EC.SS_FXN.CON,D,U2,Z0Z,4F,EC,SS_FXN,CON,2020-01-09,0.01505882813337137,A,F,,,P1D,,V,,,,,,,,,,,,,,,,,4,4F0,,NEW CISS - CISS contribution from foreign exchange market subindex,"Euro area (changing composition), Contribution from foreign exchange market subindex, Contribution",PURE_NUMB,0
CISS.D.U2.Z0Z.4F.EC.SS_FXN.CON,D,U2,Z0Z,4F,EC,SS_FXN,CON,2020-01-10,0.011977330156643715,A,F,,,P1D,,V,,,,,,,,,,,,,,,,,4,4F0,,NEW CISS - CISS contribution from foreign exchange market subindex,"Euro area (changing composition), Contribution from foreign exchange market subindex, Contribution",PURE_NUMB,0
CISS.D.U2.Z0Z.4F.EC.SS_FXN.CON,D,U2,Z0Z,4F,EC,SS_FXN,CON,2020-01-13,0.017093977459930586,A,F,,,P1D,,V,,,,,,,,,,,,,,,,,4,4F0,,NEW CISS - CISS contribution from foreign exchange market subindex,"Euro area (changing composition), Contribution from foreign exchange market subindex, Contribution",PURE_NUMB,0
CISS.D.U2.Z0Z.4F.EC.SS_FXN.CON,D,U2,Z0Z,4F,EC,SS_FXN,CON,2020-01-14,0.013962546893970373,A,F,,,P1D,,V,,,,,,,,,,,,,,,,,4,4F0,,NEW CISS - CISS contribution from foreign exchange market subindex,"Euro area (changing composition), Contribution from foreign exchange market subindex, Contribution",PURE_NUMB,0
CISS.D.U2.Z0Z.4F.EC.SS_FXN.CON,D,U2,Z0Z,4F,EC,SS_FXN,CON,2020-01-15,0.011362355222953414,A,F,,,P1D,,V,,,,,,,,,,,,,,,,,4,4F0,,NEW CISS - CISS contribution from foreign exchange market subindex,"Euro area (changing composition), Contribution from foreign exchange market subindex, Contribution",PURE_NUMB,0
CISS.D.U2.Z0Z.4F.EC.SS_FXN.CON,D,U2,Z0Z,4F,EC,SS_FXN,CON,2020-01-16,0.01107872341357035,A,F,,,P1D,,V,,,,,,,,,,,,,,,,,4,4F0,,NEW CISS - CISS contribution from foreign exchange market subindex,"Euro area (changing composition), Contribution from foreign exchange market subindex, Contribution",PURE_NUMB,0
CISS.D.U2.Z0Z.4F.EC.SS_FXN.CON,D,U2,Z0Z,4F,EC,SS_FXN,CON,2020-01-17,0.009922256723825625,A,F,,,P1D,,V,,,,,,,,,,,,,,,,,4,4F0,,NEW CISS - CISS contribution from foreign exchange market subindex,"Euro area (changing composition), Contribution from foreign exchange market subindex, Contribution",PURE_NUMB,0
CISS.D.U2.Z0Z.4F.EC.SS_FXN.CON,D,U2,Z0Z,4F,EC,SS_FXN,CON,2020-01-20,0.007373274986447675,A,F,,,P1D,,V,,,,,,,,,,,,,,,,,4,4F0,,NEW CISS - CISS contribution from foreign exchange market subindex,"Euro area (changing composition), Contribution from foreign exchange market subindex, Contribution",PURE_NUMB,0
CISS.D.U2.Z0Z.4F.EC.SS_FXN.CON,D,U2,Z0Z,4F,EC,SS_FXN,CON,2020-01-21,0.008248423876838003,A,F,,,P1D,,V,,,,,,,,,,,,,,,,,4,4F0,,NEW CISS - CISS contribution from foreign exchange market subindex,"Euro area (changing composition), Contribution from foreign exchange market subindex, Contribution",PURE_NUMB,0
CISS.D.U2.Z0Z.4F.EC.SS_FXN.CON,D,U2,Z0Z,4F,EC,SS_FXN,CON,2020-01-22,0.010775632256260746,A,F,,,P1D,,V,,,,,,,,,,,,,,,,,4,4F0,,NEW CISS - CISS contribution from foreign exchange market subindex,"Euro area (changing composition), Contribution from foreign exchange market subindex, Contribution",PURE_NUMB,0
CISS.D.U2.Z0Z.4F.EC.SS_FXN.CON,D,U2,Z0Z,4F,EC,SS_FXN,CON,2020-01-23,0.012853220116006337,A,F,,,P1D,,V,,,,,,,,,,,,,,,,,4,4F0,,NEW CISS - CISS contribution from foreign exchange market subindex,"Euro area (changing composition), Contribution from foreign exchange market subindex, Contribution",PURE_NUMB,0
CISS.D.U2.Z0Z.4F.EC.SS_FXN.CON,D,U2,Z0Z,4F,EC,SS_FXN,CON,2020-01-24,0.011186168483696612,A,F,,,P1D,,V,,,,,,,,,,,,,,,,,4,4F0,,NEW CISS - CISS contribution from foreign exchange market subindex,"Euro area (changing composition), Contribution from foreign exchange market subindex, Contribution",PURE_NUMB,0
CISS.D.U2.Z0Z.4F.EC.SS_FXN.CON,D,U2,Z0Z,4F,EC,SS_FXN,CON,2020-01-27,0.01222287289358907,A,F,,,P1D,,V,,,,,,,,,,,,,,,,,4,4F0,,NEW CISS - CISS contribution from foreign exchange market subindex,"Euro area (changing composition), Contribution from foreign exchange market subindex, Contribution",PURE_NUMB,0
CISS.D.U2.Z0Z.4F.EC.SS_FXN.CON,D,U2,Z0Z,4F,EC,SS_FXN,CON,2020-01-28,0.010120871527396038,A,F,,,P1D,,V,,,,,,,,,,,,,,,,,4,4F0,,NEW CISS - CISS contribution from foreign exchange market subindex,"Euro area (changing composition), Contribution from foreign exchange market subindex, Contribution",PURE_NUMB,0
CISS.D.U2.Z0Z.4F.EC.SS_FXN.CON,D,U2,Z0Z,4F,EC,SS_FXN,CON,2020-01-29,0.007364677211369324,A,F,,,P1D,,V,,,,,,,,,,,,,,,,,4,4F0,,NEW CISS - CISS contribution from foreign exchange market subindex,"Euro area (changing composition), Contribution from foreign exchange market subindex, Contribution",PURE_NUMB,0
CISS.D.U2.Z0Z.4F.EC.SS_FXN.CON,D,U2,Z0Z,4F,EC,SS_FXN,CON,2020-01-30,0.008010417127363178,A,F,,,P1D,,V,,,,,,,,,,,,,,,,,4,4F0,,NEW CISS - CISS contribution from foreign exchange market subindex,"Euro area (changing composition), Contribution from foreign exchange market subindex, Contribution",PURE_NUMB,0
CISS.D.U2.Z0Z.4F.EC.SS_FXN.CON,D,U2,Z0Z,4F,EC,SS_FXN,CON,2020-01-31,0.008372486601857113,A,F,,,P1D,,V,,,,,,,,,,,,,,,,,4,4F0,,NEW CISS - CISS contribution from foreign exchange market subindex,"Euro area (changing composition), Contribution from foreign exchange market subindex, Contribution",PURE_NUMB,0
CISS.D.U2.Z0Z.4F.EC.SS_FXN.CON,D,U2,Z0Z,4F,EC,SS_FXN,CON,2020-02-03,0.02620425791600431,A,F,,,P1D,,V,,,,,,,,,,,,,,,,,4,4F0,,NEW CISS - CISS contribution from foreign exchange market subindex,"Euro area (changing composition), Contribution from foreign exchange market subindex, Contribution",PURE_NUMB,0
CISS.D.U2.Z0Z.4F.EC.SS_FXN.CON,D,U2,Z0Z,4F,EC,SS_FXN,CON,2020-02-04,0.0271445494748894,A,F,,,P1D,,V,,,,,,,,,,,,,,,,,4,4F0,,NEW CISS - CISS contribution from foreign exchange market subindex,"Euro area (changing composition), Contribution from foreign exchange market subindex, Contribution",PURE_NUMB,0
CISS.D.U2.Z0Z.4F.EC.SS_FXN.CON,D,U2,Z0Z,4F,EC,SS_FXN,CON,2020-02-05,0.024521422198246216,A,F,,,P1D,,V,,,,,,,,,,,,,,,,,4,4F0,,NEW CISS - CISS contribution from foreign exchange market subindex,"Euro area (changing composition), Contribution from foreign exchange market subindex, Contribution",PURE_NUMB,0
CISS.D.U2.Z0Z.4F.EC.SS_FXN.CON,D,U2,Z0Z,4F,EC,SS_FXN,CON,2020-02-06,0.021293126823603542,A,F,,,P1D,,V,,,,,,,,,,,,,,,,,4,4F0,,NEW CISS - CISS contribution from foreign exchange market subindex,"Euro area (changing composition), Contribution from foreign exchange market subindex, Contribution",PURE_NUMB,0
CISS.D.U2.Z0Z.4F.EC.SS_FXN.CON,D,U2,Z0Z,4F,EC,SS_FXN,CON,2020-02-07,0.020008176845937538,A,F,,,P1D,,V,,,,,,,,,,,,,,,,,4,4F0,,NEW CISS - CISS contribution from foreign exchange market subindex,"Euro area (changing composition), Contribution from foreign exchange market subindex, Contribution",PURE_NUMB,0
CISS.D.U2.Z0Z.4F.EC.SS_FXN.CON,D,U2,Z0Z,4F,EC,SS_FXN,CON,2020-02-10,0.020499986732085213,A,F,,,P1D,,V,,,,,,,,,,,,,,,,,4,4F0,,NEW CISS - CISS contribution from foreign exchange market subindex,"Euro area (changing composition), Contribution from foreign exchange market subindex, Contribution",PURE_NUMB,0
CISS.D.U2.Z0Z.4F.EC.SS_FXN.CON,D,U2,Z0Z,4F,EC,SS_FXN,CON,2020-02-11,0.01723321563856419,A,F,,,P1D,,V,,,,,,,,,,,,,,,,,4,4F0,,NEW CISS - CISS contribution from foreign exchange market subindex,"Euro area (changing composition), Contribution from foreign exchange market subindex, Contribution",PURE_NUMB,0
CISS.D.U2.Z0Z.4F.EC.SS_FXN.CON,D,U2,Z0Z,4F,EC,SS_FXN,CON,2020-02-12,0.016690245948509225,A,F,,,P1D,,V,,,,,,,,,,,,,,,,,4,4F0,,NEW CISS - CISS contribution from foreign exchange market subindex,"Euro area (changing composition), Contribution from foreign exchange market subindex, Contribution",PURE_NUMB,0
CISS.D.U2.Z0Z.4F.EC.SS_FXN.CON,D,U2,Z0Z,4F,EC,SS_FXN,CON,2020-02-13,0.02384105970932064,A,F,,,P1D,,V,,,,,,,,,,,,,,,,,4,4F0,,NEW CISS - CISS contribution from foreign exchange market subindex,"Euro area (changing composition), Contribution from foreign exchange market subindex, Contribution",PURE_NUMB,0
CISS.D.U2.Z0Z.4F.EC.SS_FXN.CON,D,U2,Z0Z,4F,EC,SS_FXN,CON,2020-02-14,0.020187718748736132,A,F,,,P1D,,V,,,,,,,,,,,,,,,,,4,4F0,,NEW CISS - CISS contribution from foreign exchange market subindex,"Euro area (changing composition), Contribution from foreign exchange market subindex, Contribution",PURE_NUMB,0
CISS.D.U2.Z0Z.4F.EC.SS_FXN.CON,D,U2,Z0Z,4F,EC,SS_FXN,CON,2020-02-17,0.01722174637832263,A,F,,,P1D,,V,,,,,,,,,,,,,,,,,4,4F0,,NEW CISS - CISS contribution from foreign exchange market subindex,"Euro area (changing composition), Contribution from foreign exchange market subindex, Contribution",PURE_NUMB,0
CISS.D.U2.Z0Z.4F.EC.SS_FXN.CON,D,U2,Z0Z,4F,EC,SS_FXN,CON,2020-02-18,0.01747370393451492,A,F,,,P1D,,V,,,,,,,,,,,,,,,,,4,4F0,,NEW CISS - CISS contribution from foreign exchange market subindex,"Euro area (changing composition), Contribution from foreign exchange market subindex, Contribution",PURE_NUMB,0
CISS.D.U2.Z0Z.4F.EC.SS_FXN.CON,D,U2,Z0Z,4F,EC,SS_FXN,CON,2020-02-19,0.034474747719418,A,F,,,P1D,,V,,,,,,,,,,,,,,,,,4,4F0,,NEW CISS - CISS contribution from foreign exchange market subindex,"Euro area (changing composition), Contribution from foreign exchange market subindex, Contribution",PURE_NUMB,0
CISS.D.U2.Z0Z.4F.EC.SS_FXN.CON,D,U2,Z0Z,4F,EC,SS_FXN,CON,2020-02-20,0.03246858452724367,A,F,,,P1D,,V,,,,,,,,,,,,,,,,,4,4F0,,NEW CISS - CISS contribution from foreign exchange market subindex,"Euro area (changing composition), Contribution from foreign exchange market subindex, Contribution",PURE_NUMB,0
CISS.D.U2.Z0Z.4F.EC.SS_FXN.CON,D,U2,Z0Z,4F,EC,SS_FXN,CON,2020-02-21,0.029982819812696865,A,F,,,P1D,,V,,,,,,,,,,,,,,,,,4,4F0,,NEW CISS - CISS contribution from foreign exchange market subindex,"Euro area (changing composition), Contribution from foreign exchange market subindex, Contribution",PURE_NUMB,0
CISS.D.U2.Z0Z.4F.EC.SS_FXN.CON,D,U2,Z0Z,4F,EC,SS_FXN,CON,2020-02-24,0.03696943687111721,A,F,,,P1D,,V,,,,,,,,,,,,,,,,,4,4F0,,NEW CISS - CISS contribution from foreign exchange market subindex,"Euro area (changing composition), Contribution from foreign exchange market subindex, Contribution",PURE_NUMB,0
CISS.D.U2.Z0Z.4F.EC.SS_FXN.CON,D,U2,Z0Z,4F,EC,SS_FXN,CON,2020-02-25,0.03422142010857523,A,F,,,P1D,,V,,,,,,,,,,,,,,,,,4,4F0,,NEW CISS - CISS contribution from foreign exchange market subindex,"Euro area (changing composition), Contribution from foreign exchange market subindex, Contribution",PURE_NUMB,0
CISS.D.U2.Z0Z.4F.EC.SS_FXN.CON,D,U2,Z0Z,4F,EC,SS_FXN,CON,2020-02-26,0.03723154800402994,A,F,,,P1D,,V,,,,,,,,,,,,,,,,,4,4F0,,NEW CISS - CISS contribution from foreign exchange market subindex,"Euro area (changing composition), Contribution from foreign exchange market subindex, Contribution",PURE_NUMB,0
CISS.D.U2.Z0Z.4F.EC.SS_FXN.CON,D,U2,Z0Z,4F,EC,SS_FXN,CON,2020-02-27,0.06529504435266327,A,F,,,P1D,,V,,,,,,,,,,,,,,,,,4,4F0,,NEW CISS - CISS contribution from foreign exchange market subindex,"Euro area (changing composition), Contribution from foreign exchange market subindex, Contribution",PURE_NUMB,0
CISS.D.U2.Z0Z.4F.EC.SS_FXN.CON,D,U2,Z0Z,4F,EC,SS_FXN,CON,2020-02-28,0.07957966848498646,A,F,,,P1D,,V,,,,,,,,,,,,,,,,,4,4F0,,NEW CISS - CISS contribution from foreign exchange market subindex,"Euro area (changing composition), Contribution from foreign exchange market subindex, Contribution",PURE_NUMB,0
CISS.D.U2.Z0Z.4F.EC.SS_FXN.CON,D,U2,Z0Z,4F,EC,SS_FXN,CON,2020-03-02,0.10512622370802628,A,F,,,P1D,,V,,,,,,,,,,,,,,,,,4,4F0,,NEW CISS - CISS contribution from foreign exchange market subindex,"Euro area (changing composition), Contribution from foreign exchange market subindex, Contribution",PURE_NUMB,0
CISS.D.U2.Z0Z.4F.EC.SS_FXN.CON,D,U2,Z0Z,4F,EC,SS_FXN,CON,2020-03-03,0.1016453680985834,A,F,,,P1D,,V,,,,,,,,,,,,,,,,,4,4F0,,NEW CISS - CISS contribution from foreign exchange market subindex,"Euro area (changing composition), Contribution from foreign exchange market subindex, Contribution",PURE_NUMB,0
CISS.D.U2.Z0Z.4F.EC.SS_FXN.CON,D,U2,Z0Z,4F,EC,SS_FXN,CON,2020-03-04,0.0922345779157991,A,F,,,P1D,,V,,,,,,,,,,,,,,,,,4,4F0,,NEW CISS - CISS contribution from foreign exchange market subindex,"Euro area (changing composition), Contribution from foreign exchange market subindex, Contribution",PURE_NUMB,0
CISS.D.U2.Z0Z.4F.EC.SS_FXN.CON,D,U2,Z0Z,4F,EC,SS_FXN,CON,2020-03-05,0.10088434054908023,A,F,,,P1D,,V,,,,,,,,,,,,,,,,,4,4F0,,NEW CISS - CISS contribution from foreign exchange market subindex,"Euro area (changing composition), Contribution from foreign exchange market subindex, Contribution",PURE_NUMB,0
CISS.D.U2.Z0Z.4F.EC.SS_FXN.CON,D,U2,Z0Z,4F,EC,SS_FXN,CON,2020-03-06,0.09776965314935891,A,F,,,P1D,,V,,,,,,,,,,,,,,,,,4,4F0,,NEW CISS - CISS contribution from foreign exchange market subindex,"Euro area (changing composition), Contribution from foreign exchange market subindex, Contribution",PURE_NUMB,0
CISS.D.U2.Z0Z.4F.EC.SS_FXN.CON,D,U2,Z0Z,4F,EC,SS_FXN,CON,2020-03-09,0.1371127145165876,A,F,,,P1D,,V,,,,,,,,,,,,,,,,,4,4F0,,NEW CISS - CISS contribution from foreign exchange market subindex,"Euro area (changing composition), Contribution from foreign exchange market subindex, Contribution",PURE_NUMB,0
CISS.D.U2.Z0Z.4F.EC.SS_FXN.CON,D,U2,Z0Z,4F,EC,SS_FXN,CON,2020-03-10,0.14852169400984855,A,F,,,P1D,,V,,,,,,,,,,,,,,,,,4,4F0,,NEW CISS - CISS contribution from foreign exchange market subindex,"Euro area (changing composition), Contribution from foreign exchange market subindex, Contribution",PURE_NUMB,0
CISS.D.U2.Z0Z.4F.EC.SS_FXN.CON,D,U2,Z0Z,4F,EC,SS_FXN,CON,2020-03-11,0.14869645702878112,A,F,,,P1D,,V,,,,,,,,,,,,,,,,,4,4F0,,NEW CISS - CISS contribution from foreign exchange market subindex,"Euro area (changing composition), Contribution from foreign exchange market subindex, Contribution",PURE_NUMB,0
CISS.D.U2.Z0Z.4F.EC.SS_FXN.CON,D,U2,Z0Z,4F,EC,SS_FXN,CON,2020-03-12,0.15376494014050296,A,F,,,P1D,,V,,,,,,,,,,,,,,,,,4,4F0,,NEW CISS - CISS contribution from foreign exchange market subindex,"Euro area (changing composition), Contribution from foreign exchange market subindex, Contribution",PURE_NUMB,0
CISS.D.U2.Z0Z.4F.EC.SS_FXN.CON,D,U2,Z0Z,4F,EC,SS_FXN,CON,2020-03-13,0.16654174957738638,A,F,,,P1D,,V,,,,,,,,,,,,,,,,,4,4F0,,NEW CISS - CISS contribution from foreign exchange market subindex,"Euro area (changing composition), Contribution from foreign exchange market subindex, Contribution",PURE_NUMB,0
CISS.D.U2.Z0Z.4F.EC.SS_FXN.CON,D,U2,Z0Z,4F,EC,SS_FXN,CON,2020-03-16,0.16657595832559266,A,F,,,P1D,,V,,,,,,,,,,,,,,,,,4,4F0,,NEW CISS - CISS contribution from foreign exchange market subindex,"Euro area (changing composition), Contribution from foreign exchange market subindex, Contribution",PURE_NUMB,0
CISS.D.U2.Z0Z.4F.EC.SS_FXN.CON,D,U2,Z0Z,4F,EC,SS_FXN,CON,2020-03-17,0.1705506149162888,A,F,,,P1D,,V,,,,,,,,,,,,,,,,,4,4F0,,NEW CISS - CISS contribution from foreign exchange market subindex,"Euro area (changing composition), Contribution from foreign exchange market subindex, Contribution",PURE_NUMB,0
CISS.D.U2.Z0Z.4F.EC.SS_FXN.CON,D,U2,Z0Z,4F,EC,SS_FXN,CON,2020-03-18,0.16990223915960348,A,F,,,P1D,,V,,,,,,,,,,,,,,,,,4,4F0,,NEW CISS - CISS contribution from foreign exchange market subindex,"Euro area (changing composition), Contribution from foreign exchange market subindex, Contribution",PURE_NUMB,0
CISS.D.U2.Z0Z.4F.EC.SS_FXN.CON,D,U2,Z0Z,4F,EC,SS_FXN,CON,2020-03-19,0.16830901787773198,A,F,,,P1D,,V,,,,,,,,,,,,,,,,,4,4F0,,NEW CISS - CISS contribution from foreign exchange market subindex,"Euro area (changing composition), Contribution from foreign exchange market subindex, Contribution",PURE_NUMB,0
CISS.D.U2.Z0Z.4F.EC.SS_FXN.CON,D,U2,Z0Z,4F,EC,SS_FXN,CON,2020-03-20,0.16879569294409272,A,F,,,P1D,,V,,,,,,,,,,,,,,,,,4,4F0,,NEW CISS - CISS contribution from foreign exchange market subindex,"Euro area (changing composition), Contribution from foreign exchange market subindex, Contribution",PURE_NUMB,0
CISS.D.U2.Z0Z.4F.EC.SS_FXN.CON,D,U2,Z0Z,4F,EC,SS_FXN,CON,2020-03-23,0.16412584914658587,A,F,,,P1D,,V,,,,,,,,,,,,,,,,,4,4F0,,NEW CISS - CISS contribution from foreign exchange market subindex,"Euro area (changing composition), Contribution from foreign exchange market subindex, Contribution",PURE_NUMB,0
CISS.D.U2.Z0Z.4F.EC.SS_FXN.CON,D,U2,Z0Z,4F,EC,SS_FXN,CON,2020-03-24,0.15945484123483517,A,F,,,P1D,,V,,,,,,,,,,,,,,,,,4,4F0,,NEW CISS - CISS contribution from foreign exchange market subindex,"Euro area (changing composition), Contribution from foreign exchange market subindex, Contribution",PURE_NUMB,0
CISS.D.U2.Z0Z.4F.EC.SS_FXN.CON,D,U2,Z0Z,4F,EC,SS_FXN,CON,2020-03-25,0.1598222924284627,A,F,,,P1D,,V,,,,,,,,,,,,,,,,,4,4F0,,NEW CISS - CISS contribution from foreign exchange market subindex,"Euro area (changing composition), Contribution from foreign exchange market subindex, Contribution",PURE_NUMB,0
CISS.D.U2.Z0Z.4F.EC.SS_FXN.CON,D,U2,Z0Z,4F,EC,SS_FXN,CON,2020-03-26,0.15616848154348711,A,F,,,P1D,,V,,,,,,,,,,,,,,,,,4,4F0,,NEW CISS - CISS contribution from foreign exchange market subindex,"Euro area (changing composition), Contribution from foreign exchange market subindex, Contribution",PURE_NUMB,0
CISS.D.U2.Z0Z.4F.EC.SS_FXN.CON,D,U2,Z0Z,4F,EC,SS_FXN,CON,2020-03-27,0.15562141646881303,A,F,,,P1D,,V,,,,,,,,,,,,,,,,,4,4F0,,NEW CISS - CISS contribution from foreign exchange market subindex,"Euro area (changing composition), Contribution from foreign exchange market subindex, Contribution",PURE_NUMB,0
CISS.D.U2.Z0Z.4F.EC.SS_FXN.CON,D,U2,Z0Z,4F,EC,SS_FXN,CON,2020-03-30,0.15720597222748692,A,F,,,P1D,,V,,,,,,,,,,,,,,,,,4,4F0,,NEW CISS - CISS contribution from foreign exchange market subindex,"Euro area (changing composition), Contribution from foreign exchange market subindex, Contribution",PURE_NUMB,0
CISS.D.U2.Z0Z.4F.EC.SS_FXN.CON,D,U2,Z0Z,4F,EC,SS_FXN,CON,2020-03-31,0.1499560461485678,A,F,,,P1D,,V,,,,,,,,,,,,,,,,,4,4F0,,NEW CISS - CISS contribution from foreign exchange market subindex,"Euro area (changing composition), Contribution from foreign exchange market subindex, Contribution",PURE_NUMB,0
CISS.D.U2.Z0Z.4F.EC.SS_FXN.CON,D,U2,Z0Z,4F,EC,SS_FXN,CON,2020-04-01,0.15315808705290923,A,F,,,P1D,,V,,,,,,,,,,,,,,,,,4,4F0,,NEW CISS - CISS contribution from foreign exchange market subindex,"Euro area (changing composition), Contribution from foreign exchange market subindex, Contribution",PURE_NUMB,0
CISS.D.U2.Z0Z.4F.EC.SS_FXN.CON,D,U2,Z0Z,4F,EC,SS_FXN,CON,2020-04-02,0.14791509536532904,A,F,,,P1D,,V,,,,,,,,,,,,,,,,,4,4F0,,NEW CISS - CISS contribution from foreign exchange market subindex,"Euro area (changing composition), Contribution from foreign exchange market subindex, Contribution",PURE_NUMB,0
CISS.D.U2.Z0Z.4F.EC.SS_FXN.CON,D,U2,Z0Z,4F,EC,SS_FXN,CON,2020-04-03,0.1410602957050029,A,F,,,P1D,,V,,,,,,,,,,,,,,,,,4,4F0,,NEW CISS - CISS contribution from foreign exchange market subindex,"Euro area (changing composition), Contribution from foreign exchange market subindex, Contribution",PURE_NUMB,0
CISS.D.U2.Z0Z.4F.EC.SS_FXN.CON,D,U2,Z0Z,4F,EC,SS_FXN,CON,2020-04-06,0.13420646905713166,A,F,,,P1D,,V,,,,,,,,,,,,,,,,,4,4F0,,NEW CISS - CISS contribution from foreign exchange market subindex,"Euro area (changing composition), Contribution from foreign exchange market subindex, Contribution",PURE_NUMB,0
CISS.D.U2.Z0Z.4F.EC.SS_FXN.CON,D,U2,Z0Z,4F,EC,SS_FXN,CON,2020-04-07,0.13124244497953186,A,F,,,P1D,,V,,,,,,,,,,,,,,,,,4,4F0,,NEW CISS - CISS contribution from foreign exchange market subindex,"Euro area (changing composition), Contribution from foreign exchange market subindex, Contribution",PURE_NUMB,0
CISS.D.U2.Z0Z.4F.EC.SS_FXN.CON,D,U2,Z0Z,4F,EC,SS_FXN,CON,2020-04-08,0.12378721182236531,A,F,,,P1D,,V,,,,,,,,,,,,,,,,,4,4F0,,NEW CISS - CISS contribution from foreign exchange market subindex,"Euro area (changing composition), Contribution from foreign exchange market subindex, Contribution",PURE_NUMB,0
CISS.D.U2.Z0Z.4F.EC.SS_FXN.CON,D,U2,Z0Z,4F,EC,SS_FXN,CON,2020-04-09,0.11818454926064417,A,F,,,P1D,,V,,,,,,,,,,,,,,,,,4,4F0,,NEW CISS - CISS contribution from foreign exchange market subindex,"Euro area (changing composition), Contribution from foreign exchange market subindex, Contribution",PURE_NUMB,0
CISS.D.U2.Z0Z.4F.EC.SS_FXN.CON,D,U2,Z0Z,4F,EC,SS_FXN,CON,2020-04-10,0.10643669732253863,A,F,,,P1D,,V,,,,,,,,,,,,,,,,,4,4F0,,NEW CISS - CISS contribution from foreign exchange market subindex,"Euro area (changing composition), Contribution from foreign exchange market subindex, Contribution",PURE_NUMB,0
CISS.D.U2.Z0Z.4F.EC.SS_FXN.CON,D,U2,Z0Z,4F,EC,SS_FXN,CON,2020-04-13,0.107587894418414,A,F,,,P1D,,V,,,,,,,,,,,,,,,,,4,4F0,,NEW CISS - CISS contribution from foreign exchange market subindex,"Euro area (changing composition), Contribution from foreign exchange market subindex, Contribution",PURE_NUMB,0
CISS.D.U2.Z0Z.4F.EC.SS_FXN.CON,D,U2,Z0Z,4F,EC,SS_FXN,CON,2020-04-14,0.09925181565991763,A,F,,,P1D,,V,,,,,,,,,,,,,,,,,4,4F0,,NEW CISS - CISS contribution from foreign exchange market subindex,"Euro area (changing composition), Contribution from foreign exchange market subindex, Contribution",PURE_NUMB,0
CISS.D.U2.Z0Z.4F.EC.SS_FXN.CON,D,U2,Z0Z,4F,EC,SS_FXN,CON,2020-04-15,0.0971353517097321,A,F,,,P1D,,V,,,,,,,,,,,,,,,,,4,4F0,,NEW CISS - CISS contribution from foreign exchange market subindex,"Euro area (changing composition), Contribution from foreign exchange market subindex, Contribution",PURE_NUMB,0
CISS.D.U2.Z0Z.4F.EC.SS_FXN.CON,D,U2,Z0Z,4F,EC,SS_FXN,CON,2020-04-16,0.08986866166759604,A,F,,,P1D,,V,,,,,,,,,,,,,,,,,4,4F0,,NEW CISS - CISS contribution from foreign exchange market subindex,"Euro area (changing composition), Contribution from foreign exchange market subindex, Contribution",PURE_NUMB,0
CISS.D.U2.Z0Z.4F.EC.SS_FXN.CON,D,U2,Z0Z,4F,EC,SS_FXN,CON,2020-04-17,0.07758901372327702,A,F,,,P1D,,V,,,,,,,,,,,,,,,,,4,4F0,,NEW CISS - CISS contribution from foreign exchange market subindex,"Euro area (changing composition), Contribution from foreign exchange market subindex, Contribution",PURE_NUMB,0
CISS.D.U2.Z0Z.4F.EC.SS_FXN.CON,D,U2,Z0Z,4F,EC,SS_FXN,CON,2020-04-20,0.06731044590279209,A,F,,,P1D,,V,,,,,,,,,,,,,,,,,4,4F0,,NEW CISS - CISS contribution from foreign exchange market subindex,"Euro area (changing composition), Contribution from foreign exchange market subindex, Contribution",PURE_NUMB,0
CISS.D.U2.Z0Z.4F.EC.SS_FXN.CON,D,U2,Z0Z,4F,EC,SS_FXN,CON,2020-04-21,0.07204079981977833,A,F,,,P1D,,V,,,,,,,,,,,,,,,,,4,4F0,,NEW CISS - CISS contribution from foreign exchange market subindex,"Euro area (changing composition), Contribution from foreign exchange market subindex, Contribution",PURE_NUMB,0
CISS.D.U2.Z0Z.4F.EC.SS_FXN.CON,D,U2,Z0Z,4F,EC,SS_FXN,CON,2020-04-22,0.06917871725290971,A,F,,,P1D,,V,,,,,,,,,,,,,,,,,4,4F0,,NEW CISS - CISS contribution from foreign exchange market subindex,"Euro area (changing composition), Contribution from foreign exchange market subindex, Contribution",PURE_NUMB,0
CISS.D.U2.Z0Z.4F.EC.SS_FXN.CON,D,U2,Z0Z,4F,EC,SS_FXN,CON,2020-04-23,0.06960792906075915,A,F,,,P1D,,V,,,,,,,,,,,,,,,,,4,4F0,,NEW CISS - CISS contribution from foreign exchange market subindex,"Euro area (changing composition), Contribution from foreign exchange market subindex, Contribution",PURE_NUMB,0
CISS.D.U2.Z0Z.4F.EC.SS_FXN.CON,D,U2,Z0Z,4F,EC,SS_FXN,CON,2020-04-24,0.06451536643513271,A,F,,,P1D,,V,,,,,,,,,,,,,,,,,4,4F0,,NEW CISS - CISS contribution from foreign exchange market subindex,"Euro area (changing composition), Contribution from foreign exchange market subindex, Contribution",PURE_NUMB,0
CISS.D.U2.Z0Z.4F.EC.SS_FXN.CON,D,U2,Z0Z,4F,EC,SS_FXN,CON,2020-04-27,0.05615698302109378,A,F,,,P1D,,V,,,,,,,,,,,,,,,,,4,4F0,,NEW CISS - CISS contribution from foreign exchange market subindex,"Euro area (changing composition), Contribution from foreign exchange market subindex, Contribution",PURE_NUMB,0
CISS.D.U2.Z0Z.4F.EC.SS_FXN.CON,D,U2,Z0Z,4F,EC,SS_FXN,CON,2020-04-28,0.04909441734256199,A,F,,,P1D,,V,,,,,,,,,,,,,,,,,4,4F0,,NEW CISS - CISS contribution from foreign exchange market subindex,"Euro area (changing composition), Contribution from foreign exchange market subindex, Contribution",PURE_NUMB,0
CISS.D.U2.Z0Z.4F.EC.SS_FXN.CON,D,U2,Z0Z,4F,EC,SS_FXN,CON,2020-04-29,0.0464786344303942,A,F,,,P1D,,V,,,,,,,,,,,,,,,,,4,4F0,,NEW CISS - CISS contribution from foreign exchange market subindex,"Euro area (changing composition), Contribution from foreign exchange market subindex, Contribution",PURE_NUMB,0
CISS.D.U2.Z0Z.4F.EC.SS_FXN.CON,D,U2,Z0Z,4F,EC,SS_FXN,CON,2020-04-30,0.07101880676826741,A,F,,,P1D,,V,,,,,,,,,,,,,,,,,4,4F0,,NEW CISS - CISS contribution from foreign exchange market subindex,"Euro area (changing composition), Contribution from foreign exchange market subindex, Contribution",PURE_NUMB,0
CISS.D.U2.Z0Z.4F.EC.SS_FXN.CON,D,U2,Z0Z,4F,EC,SS_FXN,CON,2020-05-01,0.07309441874294206,A,F,,,P1D,,V,,,,,,,,,,,,,,,,,4,4F0,,NEW CISS - CISS contribution from foreign exchange market subindex,"Euro area (changing composition), Contribution from foreign exchange market subindex, Contribution",PURE_NUMB,0
CISS.D.U2.Z0Z.4F.EC.SS_FXN.CON,D,U2,Z0Z,4F,EC,SS_FXN,CON,2020-05-04,0.08018001575464012,A,F,,,P1D,,V,,,,,,,,,,,,,,,,,4,4F0,,NEW CISS - CISS contribution from foreign exchange market subindex,"Euro area (changing composition), Contribution from foreign exchange market subindex, Contribution",PURE_NUMB,0
CISS.D.U2.Z0Z.4F.EC.SS_FXN.CON,D,U2,Z0Z,4F,EC,SS_FXN,CON,2020-05-05,0.08662697361424118,A,F,,,P1D,,V,,,,,,,,,,,,,,,,,4,4F0,,NEW CISS - CISS contribution from foreign exchange market subindex,"Euro area (changing composition), Contribution from foreign exchange market subindex, Contribution",PURE_NUMB,0
CISS.D.U2.Z0Z.4F.EC.SS_FXN.CON,D,U2,Z0Z,4F,EC,SS_FXN,CON,2020-05-06,0.0854451892937775,A,F,,,P1D,,V,,,,,,,,,,,,,,,,,4,4F0,,NEW CISS - CISS contribution from foreign exchange market subindex,"Euro area (changing composition), Contribution from foreign exchange market subindex, Contribution",PURE_NUMB,0
CISS.D.U2.Z0Z.4F.EC.SS_FXN.CON,D,U2,Z0Z,4F,EC,SS_FXN,CON,2020-05-07,0.07724366299430557,A,F,,,P1D,,V,,,,,,,,,,,,,,,,,4,4F0,,NEW CISS - CISS contribution from foreign exchange market subindex,"Euro area (changing composition), Contribution from foreign exchange market subindex, Contribution",PURE_NUMB,0
CISS.D.U2.Z0Z.4F.EC.SS_FXN.CON,D,U2,Z0Z,4F,EC,SS_FXN,CON,2020-05-08,0.0670892511422171,A,F,,,P1D,,V,,,,,,,,,,,,,,,,,4,4F0,,NEW CISS - CISS contribution from foreign exchange market subindex,"Euro area (changing composition), Contribution from foreign exchange market subindex, Contribution",PURE_NUMB,0
CISS.D.U2.Z0Z.4F.EC.SS_FXN.CON,D,U2,Z0Z,4F,EC,SS_FXN,CON,2020-05-11,0.06248140844899055,A,F,,,P1D,,V,,,,,,,,,,,,,,,,,4,4F0,,NEW CISS - CISS contribution from foreign exchange market subindex,"Euro area (changing composition), Contribution from foreign exchange market subindex, Contribution",PURE_NUMB,0
CISS.D.U2.Z0Z.4F.EC.SS_FXN.CON,D,U2,Z0Z,4F,EC,SS_FXN,CON,2020-05-12,0.06939291338534315,A,F,,,P1D,,V,,,,,,,,,,,,,,,,,4,4F0,,NEW CISS - CISS contribution from foreign exchange market subindex,"Euro area (changing composition), Contribution from foreign exchange market subindex, Contribution",PURE_NUMB,0
CISS.D.U2.Z0Z.4F.EC.SS_FXN.CON,D,U2,Z0Z,4F,EC,SS_FXN,CON,2020-05-13,0.06152684967658322,A,F,,,P1D,,V,,,,,,,,,,,,,,,,,4,4F0,,NEW CISS - CISS contribution from foreign exchange market subindex,"Euro area (changing composition), Contribution from foreign exchange market subindex, Contribution",PURE_NUMB,0
CISS.D.U2.Z0Z.4F.EC.SS_FXN.CON,D,U2,Z0Z,4F,EC,SS_FXN,CON,2020-05-14,0.05123954999587213,A,F,,,P1D,,V,,,,,,,,,,,,,,,,,4,4F0,,NEW CISS - CISS contribution from foreign exchange market subindex,"Euro area (changing composition), Contribution from foreign exchange market subindex, Contribution",PURE_NUMB,0
CISS.D.U2.Z0Z.4F.EC.SS_FXN.CON,D,U2,Z0Z,4F,EC,SS_FXN,CON,2020-05-15,0.05649521503164736,A,F,,,P1D,,V,,,,,,,,,,,,,,,,,4,4F0,,NEW CISS - CISS contribution from foreign exchange market subindex,"Euro area (changing composition), Contribution from foreign exchange market subindex, Contribution",PURE_NUMB,0
CISS.D.U2.Z0Z.4F.EC.SS_FXN.CON,D,U2,Z0Z,4F,EC,SS_FXN,CON,2020-05-18,0.0804308104477989,A,F,,,P1D,,V,,,,,,,,,,,,,,,,,4,4F0,,NEW CISS - CISS contribution from foreign exchange market subindex,"Euro area (changing composition), Contribution from foreign exchange market subindex, Contribution",PURE_NUMB,0
CISS.D.U2.Z0Z.4F.EC.SS_FXN.CON,D,U2,Z0Z,4F,EC,SS_FXN,CON,2020-05-19,0.0719994186607582,A,F,,,P1D,,V,,,,,,,,,,,,,,,,,4,4F0,,NEW CISS - CISS contribution from foreign exchange market subindex,"Euro area (changing composition), Contribution from foreign exchange market subindex, Contribution",PURE_NUMB,0
CISS.D.U2.Z0Z.4F.EC.SS_FXN.CON,D,U2,Z0Z,4F,EC,SS_FXN,CON,2020-05-20,0.07073023226323777,A,F,,,P1D,,V,,,,,,,,,,,,,,,,,4,4F0,,NEW CISS - CISS contribution from foreign exchange market subindex,"Euro area (changing composition), Contribution from foreign exchange market subindex, Contribution",PURE_NUMB,0
CISS.D.U2.Z0Z.4F.EC.SS_FXN.CON,D,U2,Z0Z,4F,EC,SS_FXN,CON,2020-05-21,0.06095413407222412,A,F,,,P1D,,V,,,,,,,,,,,,,,,,,4,4F0,,NEW CISS - CISS contribution from foreign exchange market subindex,"Euro area (changing composition), Contribution from foreign exchange market subindex, Contribution",PURE_NUMB,0
CISS.D.U2.Z0Z.4F.EC.SS_FXN.CON,D,U2,Z0Z,4F,EC,SS_FXN,CON,2020-05-22,0.05573917145194384,A,F,,,P1D,,V,,,,,,,,,,,,,,,,,4,4F0,,NEW CISS - CISS contribution from foreign exchange market subindex,"Euro area (changing composition), Contribution from foreign exchange market subindex, Contribution",PURE_NUMB,0
CISS.D.U2.Z0Z.4F.EC.SS_FXN.CON,D,U2,Z0Z,4F,EC,SS_FXN,CON,2020-05-25,0.04366826819258516,A,F,,,P1D,,V,,,,,,,,,,,,,,,,,4,4F0,,NEW CISS - CISS contribution from foreign exchange market subindex,"Euro area (changing composition), Contribution from foreign exchange market subindex, Contribution",PURE_NUMB,0
CISS.D.U2.Z0Z.4F.EC.SS_FXN.CON,D,U2,Z0Z,4F,EC,SS_FXN,CON,2020-05-26,0.05375273499990304,A,F,,,P1D,,V,,,,,,,,,,,,,,,,,4,4F0,,NEW CISS - CISS contribution from foreign exchange market subindex,"Euro area (changing composition), Contribution from foreign exchange market subindex, Contribution",PURE_NUMB,0
CISS.D.U2.Z0Z.4F.EC.SS_FXN.CON,D,U2,Z0Z,4F,EC,SS_FXN,CON,2020-05-27,0.05705909197765454,A,F,,,P1D,,V,,,,,,,,,,,,,,,,,4,4F0,,NEW CISS - CISS contribution from foreign exchange market subindex,"Euro area (changing composition), Contribution from foreign exchange market subindex, Contribution",PURE_NUMB,0
CISS.D.U2.Z0Z.4F.EC.SS_FXN.CON,D,U2,Z0Z,4F,EC,SS_FXN,CON,2020-05-28,0.05898705037700493,A,F,,,P1D,,V,,,,,,,,,,,,,,,,,4,4F0,,NEW CISS - CISS contribution from foreign exchange market subindex,"Euro area (changing composition), Contribution from foreign exchange market subindex, Contribution",PURE_NUMB,0
CISS.D.U2.Z0Z.4F.EC.SS_FXN.CON,D,U2,Z0Z,4F,EC,SS_FXN,CON,2020-05-29,0.049636734410175735,A,F,,,P1D,,V,,,,,,,,,,,,,,,,,4,4F0,,NEW CISS - CISS contribution from foreign exchange market subindex,"Euro area (changing composition), Contribution from foreign exchange market subindex, Contribution",PURE_NUMB,0
CISS.D.U2.Z0Z.4F.EC.SS_FXN.CON,D,U2,Z0Z,4F,EC,SS_FXN,CON,2020-06-01,0.052958053948403125,A,F,,,P1D,,V,,,,,,,,,,,,,,,,,4,4F0,,NEW CISS - CISS contribution from foreign exchange market subindex,"Euro area (changing composition), Contribution from foreign exchange market subindex, Contribution",PURE_NUMB,0
CISS.D.U2.Z0Z.4F.EC.SS_FXN.CON,D,U2,Z0Z,4F,EC,SS_FXN,CON,2020-06-02,0.06540942506942567,A,F,,,P1D,,V,,,,,,,,,,,,,,,,,4,4F0,,NEW CISS - CISS contribution from foreign exchange market subindex,"Euro area (changing composition), Contribution from foreign exchange market subindex, Contribution",PURE_NUMB,0
CISS.D.U2.Z0Z.4F.EC.SS_FXN.CON,D,U2,Z0Z,4F,EC,SS_FXN,CON,2020-06-03,0.06726592826821791,A,F,,,P1D,,V,,,,,,,,,,,,,,,,,4,4F0,,NEW CISS - CISS contribution from foreign exchange market subindex,"Euro area (changing composition), Contribution from foreign exchange market subindex, Contribution",PURE_NUMB,0
CISS.D.U2.Z0Z.4F.EC.SS_FXN.CON,D,U2,Z0Z,4F,EC,SS_FXN,CON,2020-06-04,0.08944848738288826,A,F,,,P1D,,V,,,,,,,,,,,,,,,,,4,4F0,,NEW CISS - CISS contribution from foreign exchange market subindex,"Euro area (changing composition), Contribution from foreign exchange market subindex, Contribution",PURE_NUMB,0
CISS.D.U2.Z0Z.4F.EC.SS_FXN.CON,D,U2,Z0Z,4F,EC,SS_FXN,CON,2020-06-05,0.089049346258525,A,F,,,P1D,,V,,,,,,,,,,,,,,,,,4,4F0,,NEW CISS - CISS contribution from foreign exchange market subindex,"Euro area (changing composition), Contribution from foreign exchange market subindex, Contribution",PURE_NUMB,0
CISS.D.U2.Z0Z.4F.EC.SS_FXN.CON,D,U2,Z0Z,4F,EC,SS_FXN,CON,2020-06-08,0.08591806630208995,A,F,,,P1D,,V,,,,,,,,,,,,,,,,,4,4F0,,NEW CISS - CISS contribution from foreign exchange market subindex,"Euro area (changing composition), Contribution from foreign exchange market subindex, Contribution",PURE_NUMB,0
CISS.D.U2.Z0Z.4F.EC.SS_FXN.CON,D,U2,Z0Z,4F,EC,SS_FXN,CON,2020-06-09,0.07965007658376773,A,F,,,P1D,,V,,,,,,,,,,,,,,,,,4,4F0,,NEW CISS - CISS contribution from foreign exchange market subindex,"Euro area (changing composition), Contribution from foreign exchange market subindex, Contribution",PURE_NUMB,0
CISS.D.U2.Z0Z.4F.EC.SS_FXN.CON,D,U2,Z0Z,4F,EC,SS_FXN,CON,2020-06-10,0.07044963919378786,A,F,,,P1D,,V,,,,,,,,,,,,,,,,,4,4F0,,NEW CISS - CISS contribution from foreign exchange market subindex,"Euro area (changing composition), Contribution from foreign exchange market subindex, Contribution",PURE_NUMB,0
CISS.D.U2.Z0Z.4F.EC.SS_FXN.CON,D,U2,Z0Z,4F,EC,SS_FXN,CON,2020-06-11,0.08001720723463766,A,F,,,P1D,,V,,,,,,,,,,,,,,,,,4,4F0,,NEW CISS - CISS contribution from foreign exchange market subindex,"Euro area (changing composition), Contribution from foreign exchange market subindex, Contribution",PURE_NUMB,0
CISS.D.U2.Z0Z.4F.EC.SS_FXN.CON,D,U2,Z0Z,4F,EC,SS_FXN,CON,2020-06-12,0.07024438847370465,A,F,,,P1D,,V,,,,,,,,,,,,,,,,,4,4F0,,NEW CISS - CISS contribution from foreign exchange market subindex,"Euro area (changing composition), Contribution from foreign exchange market subindex, Contribution",PURE_NUMB,0
CISS.D.U2.Z0Z.4F.EC.SS_FXN.CON,D,U2,Z0Z,4F,EC,SS_FXN,CON,2020-06-15,0.06792317564044252,A,F,,,P1D,,V,,,,,,,,,,,,,,,,,4,4F0,,NEW CISS - CISS contribution from foreign exchange market subindex,"Euro area (changing composition), Contribution from foreign exchange market subindex, Contribution",PURE_NUMB,0
CISS.D.U2.Z0Z.4F.EC.SS_FXN.CON,D,U2,Z0Z,4F,EC,SS_FXN,CON,2020-06-16,0.06393929722577688,A,F,,,P1D,,V,,,,,,,,,,,,,,,,,4,4F0,,NEW CISS - CISS contribution from foreign exchange market subindex,"Euro area (changing composition), Contribution from foreign exchange market subindex, Contribution",PURE_NUMB,0
CISS.D.U2.Z0Z.4F.EC.SS_FXN.CON,D,U2,Z0Z,4F,EC,SS_FXN,CON,2020-06-17,0.05412662487790536,A,F,,,P1D,,V,,,,,,,,,,,,,,,,,4,4F0,,NEW CISS - CISS contribution from foreign exchange market subindex,"Euro area (changing composition), Contribution from foreign exchange market subindex, Contribution",PURE_NUMB,0
CISS.D.U2.Z0Z.4F.EC.SS_FXN.CON,D,U2,Z0Z,4F,EC,SS_FXN,CON,2020-06-18,0.057064657114362954,A,F,,,P1D,,V,,,,,,,,,,,,,,,,,4,4F0,,NEW CISS - CISS contribution from foreign exchange market subindex,"Euro area (changing composition), Contribution from foreign exchange market subindex, Contribution",PURE_NUMB,0
CISS.D.U2.Z0Z.4F.EC.SS_FXN.CON,D,U2,Z0Z,4F,EC,SS_FXN,CON,2020-06-19,0.04927437757557467,A,F,,,P1D,,V,,,,,,,,,,,,,,,,,4,4F0,,NEW CISS - CISS contribution from foreign exchange market subindex,"Euro area (changing composition), Contribution from foreign exchange market subindex, Contribution",PURE_NUMB,0
CISS.D.U2.Z0Z.4F.EC.SS_FXN.CON,D,U2,Z0Z,4F,EC,SS_FXN,CON,2020-06-22,0.05446017701798272,A,F,,,P1D,,V,,,,,,,,,,,,,,,,,4,4F0,,NEW CISS - CISS contribution from foreign exchange market subindex,"Euro area (changing composition), Contribution from foreign exchange market subindex, Contribution",PURE_NUMB,0
CISS.D.U2.Z0Z.4F.EC.SS_FXN.CON,D,U2,Z0Z,4F,EC,SS_FXN,CON,2020-06-23,0.04565768790882775,A,F,,,P1D,,V,,,,,,,,,,,,,,,,,4,4F0,,NEW CISS - CISS contribution from foreign exchange market subindex,"Euro area (changing composition), Contribution from foreign exchange market subindex, Contribution",PURE_NUMB,0
CISS.D.U2.Z0Z.4F.EC.SS_FXN.CON,D,U2,Z0Z,4F,EC,SS_FXN,CON,2020-06-24,0.04292701621547928,A,F,,,P1D,,V,,,,,,,,,,,,,,,,,4,4F0,,NEW CISS - CISS contribution from foreign exchange market subindex,"Euro area (changing composition), Contribution from foreign exchange market subindex, Contribution",PURE_NUMB,0
CISS.D.U2.Z0Z.4F.EC.SS_FXN.CON,D,U2,Z0Z,4F,EC,SS_FXN,CON,2020-06-25,0.036469096941012254,A,F,,,P1D,,V,,,,,,,,,,,,,,,,,4,4F0,,NEW CISS - CISS contribution from foreign exchange market subindex,"Euro area (changing composition), Contribution from foreign exchange market subindex, Contribution",PURE_NUMB,0
CISS.D.U2.Z0Z.4F.EC.SS_FXN.CON,D,U2,Z0Z,4F,EC,SS_FXN,CON,2020-06-26,0.03734404393281159,A,F,,,P1D,,V,,,,,,,,,,,,,,,,,4,4F0,,NEW CISS - CISS contribution from foreign exchange market subindex,"Euro area (changing composition), Contribution from foreign exchange market subindex, Contribution",PURE_NUMB,0
CISS.D.U2.Z0Z.4F.EC.SS_FXN.CON,D,U2,Z0Z,4F,EC,SS_FXN,CON,2020-06-29,0.03771189594248836,A,F,,,P1D,,V,,,,,,,,,,,,,,,,,4,4F0,,NEW CISS - CISS contribution from foreign exchange market subindex,"Euro area (changing composition), Contribution from foreign exchange market subindex, Contribution",PURE_NUMB,0
CISS.D.U2.Z0Z.4F.EC.SS_FXN.CON,D,U2,Z0Z,4F,EC,SS_FXN,CON,2020-06-30,0.04215840209696258,A,F,,,P1D,,V,,,,,,,,,,,,,,,,,4,4F0,,NEW CISS - CISS contribution from foreign exchange market subindex,"Euro area (changing composition), Contribution from foreign exchange market subindex, Contribution",PURE_NUMB,0
CISS.D.U2.Z0Z.4F.EC.SS_FXN.CON,D,U2,Z0Z,4F,EC,SS_FXN,CON,2020-07-01,0.03861983039256406,A,F,,,P1D,,V,,,,,,,,,,,,,,,,,4,4F0,,NEW CISS - CISS contribution from foreign exchange market subindex,"Euro area (changing composition), Contribution from foreign exchange market subindex, Contribution",PURE_NUMB,0
CISS.D.U2.Z0Z.4F.EC.SS_FXN.CON,D,U2,Z0Z,4F,EC,SS_FXN,CON,2020-07-02,0.03187419899589689,A,F,,,P1D,,V,,,,,,,,,,,,,,,,,4,4F0,,NEW CISS - CISS contribution from foreign exchange market subindex,"Euro area (changing composition), Contribution from foreign exchange market subindex, Contribution",PURE_NUMB,0
CISS.D.U2.Z0Z.4F.EC.SS_FXN.CON,D,U2,Z0Z,4F,EC,SS_FXN,CON,2020-07-03,0.025604523794986133,A,F,,,P1D,,V,,,,,,,,,,,,,,,,,4,4F0,,NEW CISS - CISS contribution from foreign exchange market subindex,"Euro area (changing composition), Contribution from foreign exchange market subindex, Contribution",PURE_NUMB,0
CISS.D.U2.Z0Z.4F.EC.SS_FXN.CON,D,U2,Z0Z,4F,EC,SS_FXN,CON,2020-07-06,0.028146013232926696,A,F,,,P1D,,V,,,,,,,,,,,,,,,,,4,4F0,,NEW CISS - CISS contribution from foreign exchange market subindex,"Euro area (changing composition), Contribution from foreign exchange market subindex, Contribution",PURE_NUMB,0
CISS.D.U2.Z0Z.4F.EC.SS_FXN.CON,D,U2,Z0Z,4F,EC,SS_FXN,CON,2020-07-07,0.031471647047600956,A,F,,,P1D,,V,,,,,,,,,,,,,,,,,4,4F0,,NEW CISS - CISS contribution from foreign exchange market subindex,"Euro area (changing composition), Contribution from foreign exchange market subindex, Contribution",PURE_NUMB,0
CISS.D.U2.Z0Z.4F.EC.SS_FXN.CON,D,U2,Z0Z,4F,EC,SS_FXN,CON,2020-07-08,0.02996014357466477,A,F,,,P1D,,V,,,,,,,,,,,,,,,,,4,4F0,,NEW CISS - CISS contribution from foreign exchange market subindex,"Euro area (changing composition), Contribution from foreign exchange market subindex, Contribution",PURE_NUMB,0
CISS.D.U2.Z0Z.4F.EC.SS_FXN.CON,D,U2,Z0Z,4F,EC,SS_FXN,CON,2020-07-09,0.02982109729423622,A,F,,,P1D,,V,,,,,,,,,,,,,,,,,4,4F0,,NEW CISS - CISS contribution from foreign exchange market subindex,"Euro area (changing composition), Contribution from foreign exchange market subindex, Contribution",PURE_NUMB,0
CISS.D.U2.Z0Z.4F.EC.SS_FXN.CON,D,U2,Z0Z,4F,EC,SS_FXN,CON,2020-07-10,0.02340513255576294,A,F,,,P1D,,V,,,,,,,,,,,,,,,,,4,4F0,,NEW CISS - CISS contribution from foreign exchange market subindex,"Euro area (changing composition), Contribution from foreign exchange market subindex, Contribution",PURE_NUMB,0
CISS.D.U2.Z0Z.4F.EC.SS_FXN.CON,D,U2,Z0Z,4F,EC,SS_FXN,CON,2020-07-13,0.03852288132619127,A,F,,,P1D,,V,,,,,,,,,,,,,,,,,4,4F0,,NEW CISS - CISS contribution from foreign exchange market subindex,"Euro area (changing composition), Contribution from foreign exchange market subindex, Contribution",PURE_NUMB,0
CISS.D.U2.Z0Z.4F.EC.SS_FXN.CON,D,U2,Z0Z,4F,EC,SS_FXN,CON,2020-07-14,0.04077115669228015,A,F,,,P1D,,V,,,,,,,,,,,,,,,,,4,4F0,,NEW CISS - CISS contribution from foreign exchange market subindex,"Euro area (changing composition), Contribution from foreign exchange market subindex, Contribution",PURE_NUMB,0
CISS.D.U2.Z0Z.4F.EC.SS_FXN.CON,D,U2,Z0Z,4F,EC,SS_FXN,CON,2020-07-15,0.03340122185127399,A,F,,,P1D,,V,,,,,,,,,,,,,,,,,4,4F0,,NEW CISS - CISS contribution from foreign exchange market subindex,"Euro area (changing composition), Contribution from foreign exchange market subindex, Contribution",PURE_NUMB,0
CISS.D.U2.Z0Z.4F.EC.SS_FXN.CON,D,U2,Z0Z,4F,EC,SS_FXN,CON,2020-07-16,0.027199133365288782,A,F,,,P1D,,V,,,,,,,,,,,,,,,,,4,4F0,,NEW CISS - CISS contribution from foreign exchange market subindex,"Euro area (changing composition), Contribution from foreign exchange market subindex, Contribution",PURE_NUMB,0
CISS.D.U2.Z0Z.4F.EC.SS_FXN.CON,D,U2,Z0Z,4F,EC,SS_FXN,CON,2020-07-17,0.02389294965737569,A,F,,,P1D,,V,,,,,,,,,,,,,,,,,4,4F0,,NEW CISS - CISS contribution from foreign exchange market subindex,"Euro area (changing composition), Contribution from foreign exchange market subindex, Contribution",PURE_NUMB,0
CISS.D.U2.Z0Z.4F.EC.SS_FXN.CON,D,U2,Z0Z,4F,EC,SS_FXN,CON,2020-07-20,0.02532582127228669,A,F,,,P1D,,V,,,,,,,,,,,,,,,,,4,4F0,,NEW CISS - CISS contribution from foreign exchange market subindex,"Euro area (changing composition), Contribution from foreign exchange market subindex, Contribution",PURE_NUMB,0
CISS.D.U2.Z0Z.4F.EC.SS_FXN.CON,D,U2,Z0Z,4F,EC,SS_FXN,CON,2020-07-21,0.026275152465764492,A,F,,,P1D,,V,,,,,,,,,,,,,,,,,4,4F0,,NEW CISS - CISS contribution from foreign exchange market subindex,"Euro area (changing composition), Contribution from foreign exchange market subindex, Contribution",PURE_NUMB,0
CISS.D.U2.Z0Z.4F.EC.SS_FXN.CON,D,U2,Z0Z,4F,EC,SS_FXN,CON,2020-07-22,0.02899841461552879,A,F,,,P1D,,V,,,,,,,,,,,,,,,,,4,4F0,,NEW CISS - CISS contribution from foreign exchange market subindex,"Euro area (changing composition), Contribution from foreign exchange market subindex, Contribution",PURE_NUMB,0
CISS.D.U2.Z0Z.4F.EC.SS_FXN.CON,D,U2,Z0Z,4F,EC,SS_FXN,CON,2020-07-23,0.02294865735442817,A,F,,,P1D,,V,,,,,,,,,,,,,,,,,4,4F0,,NEW CISS - CISS contribution from foreign exchange market subindex,"Euro area (changing composition), Contribution from foreign exchange market subindex, Contribution",PURE_NUMB,0
CISS.D.U2.Z0Z.4F.EC.SS_FXN.CON,D,U2,Z0Z,4F,EC,SS_FXN,CON,2020-07-24,0.021798626291775786,A,F,,,P1D,,V,,,,,,,,,,,,,,,,,4,4F0,,NEW CISS - CISS contribution from foreign exchange market subindex,"Euro area (changing composition), Contribution from foreign exchange market subindex, Contribution",PURE_NUMB,0
CISS.D.U2.Z0Z.4F.EC.SS_FXN.CON,D,U2,Z0Z,4F,EC,SS_FXN,CON,2020-07-27,0.02582020248419569,A,F,,,P1D,,V,,,,,,,,,,,,,,,,,4,4F0,,NEW CISS - CISS contribution from foreign exchange market subindex,"Euro area (changing composition), Contribution from foreign exchange market subindex, Contribution",PURE_NUMB,0
CISS.D.U2.Z0Z.4F.EC.SS_FXN.CON,D,U2,Z0Z,4F,EC,SS_FXN,CON,2020-07-28,0.03237191804778564,A,F,,,P1D,,V,,,,,,,,,,,,,,,,,4,4F0,,NEW CISS - CISS contribution from foreign exchange market subindex,"Euro area (changing composition), Contribution from foreign exchange market subindex, Contribution",PURE_NUMB,0
CISS.D.U2.Z0Z.4F.EC.SS_FXN.CON,D,U2,Z0Z,4F,EC,SS_FXN,CON,2020-07-29,0.033025052482242,A,F,,,P1D,,V,,,,,,,,,,,,,,,,,4,4F0,,NEW CISS - CISS contribution from foreign exchange market subindex,"Euro area (changing composition), Contribution from foreign exchange market subindex, Contribution",PURE_NUMB,0
CISS.D.U2.Z0Z.4F.EC.SS_FXN.CON,D,U2,Z0Z,4F,EC,SS_FXN,CON,2020-07-30,0.033306779796067866,A,F,,,P1D,,V,,,,,,,,,,,,,,,,,4,4F0,,NEW CISS - CISS contribution from foreign exchange market subindex,"Euro area (changing composition), Contribution from foreign exchange market subindex, Contribution",PURE_NUMB,0
CISS.D.U2.Z0Z.4F.EC.SS_FXN.CON,D,U2,Z0Z,4F,EC,SS_FXN,CON,2020-07-31,0.03854361382232691,A,F,,,P1D,,V,,,,,,,,,,,,,,,,,4,4F0,,NEW CISS - CISS contribution from foreign exchange market subindex,"Euro area (changing composition), Contribution from foreign exchange market subindex, Contribution",PURE_NUMB,0
CISS.D.U2.Z0Z.4F.EC.SS_FXN.CON,D,U2,Z0Z,4F,EC,SS_FXN,CON,2020-08-03,0.029338906730438895,A,F,,,P1D,,V,,,,,,,,,,,,,,,,,4,4F0,,NEW CISS - CISS contribution from foreign exchange market subindex,"Euro area (changing composition), Contribution from foreign exchange market subindex, Contribution",PURE_NUMB,0
CISS.D.U2.Z0Z.4F.EC.SS_FXN.CON,D,U2,Z0Z,4F,EC,SS_FXN,CON,2020-08-04,0.02632436307638365,A,F,,,P1D,,V,,,,,,,,,,,,,,,,,4,4F0,,NEW CISS - CISS contribution from foreign exchange market subindex,"Euro area (changing composition), Contribution from foreign exchange market subindex, Contribution",PURE_NUMB,0
CISS.D.U2.Z0Z.4F.EC.SS_FXN.CON,D,U2,Z0Z,4F,EC,SS_FXN,CON,2020-08-05,0.025397803815363523,A,F,,,P1D,,V,,,,,,,,,,,,,,,,,4,4F0,,NEW CISS - CISS contribution from foreign exchange market subindex,"Euro area (changing composition), Contribution from foreign exchange market subindex, Contribution",PURE_NUMB,0
CISS.D.U2.Z0Z.4F.EC.SS_FXN.CON,D,U2,Z0Z,4F,EC,SS_FXN,CON,2020-08-06,0.019728058358476033,A,F,,,P1D,,V,,,,,,,,,,,,,,,,,4,4F0,,NEW CISS - CISS contribution from foreign exchange market subindex,"Euro area (changing composition), Contribution from foreign exchange market subindex, Contribution",PURE_NUMB,0
CISS.D.U2.Z0Z.4F.EC.SS_FXN.CON,D,U2,Z0Z,4F,EC,SS_FXN,CON,2020-08-07,0.023085867023357926,A,F,,,P1D,,V,,,,,,,,,,,,,,,,,4,4F0,,NEW CISS - CISS contribution from foreign exchange market subindex,"Euro area (changing composition), Contribution from foreign exchange market subindex, Contribution",PURE_NUMB,0
CISS.D.U2.Z0Z.4F.EC.SS_FXN.CON,D,U2,Z0Z,4F,EC,SS_FXN,CON,2020-08-10,0.0270663530647118,A,F,,,P1D,,V,,,,,,,,,,,,,,,,,4,4F0,,NEW CISS - CISS contribution from foreign exchange market subindex,"Euro area (changing composition), Contribution from foreign exchange market subindex, Contribution",PURE_NUMB,0
CISS.D.U2.Z0Z.4F.EC.SS_FXN.CON,D,U2,Z0Z,4F,EC,SS_FXN,CON,2020-08-11,0.02419593000788348,A,F,,,P1D,,V,,,,,,,,,,,,,,,,,4,4F0,,NEW CISS - CISS contribution from foreign exchange market subindex,"Euro area (changing composition), Contribution from foreign exchange market subindex, Contribution",PURE_NUMB,0
CISS.D.U2.Z0Z.4F.EC.SS_FXN.CON,D,U2,Z0Z,4F,EC,SS_FXN,CON,2020-08-12,0.030737313203045513,A,F,,,P1D,,V,,,,,,,,,,,,,,,,,4,4F0,,NEW CISS - CISS contribution from foreign exchange market subindex,"Euro area (changing composition), Contribution from foreign exchange market subindex, Contribution",PURE_NUMB,0
CISS.D.U2.Z0Z.4F.EC.SS_FXN.CON,D,U2,Z0Z,4F,EC,SS_FXN,CON,2020-08-13,0.024817870507403653,A,F,,,P1D,,V,,,,,,,,,,,,,,,,,4,4F0,,NEW CISS - CISS contribution from foreign exchange market subindex,"Euro area (changing composition), Contribution from foreign exchange market subindex, Contribution",PURE_NUMB,0
CISS.D.U2.Z0Z.4F.EC.SS_FXN.CON,D,U2,Z0Z,4F,EC,SS_FXN,CON,2020-08-14,0.018978887048794118,A,F,,,P1D,,V,,,,,,,,,,,,,,,,,4,4F0,,NEW CISS - CISS contribution from foreign exchange market subindex,"Euro area (changing composition), Contribution from foreign exchange market subindex, Contribution",PURE_NUMB,0
CISS.D.U2.Z0Z.4F.EC.SS_FXN.CON,D,U2,Z0Z,4F,EC,SS_FXN,CON,2020-08-17,0.0156465518020304,A,F,,,P1D,,V,,,,,,,,,,,,,,,,,4,4F0,,NEW CISS - CISS contribution from foreign exchange market subindex,"Euro area (changing composition), Contribution from foreign exchange market subindex, Contribution",PURE_NUMB,0
CISS.D.U2.Z0Z.4F.EC.SS_FXN.CON,D,U2,Z0Z,4F,EC,SS_FXN,CON,2020-08-18,0.019018886186667826,A,F,,,P1D,,V,,,,,,,,,,,,,,,,,4,4F0,,NEW CISS - CISS contribution from foreign exchange market subindex,"Euro area (changing composition), Contribution from foreign exchange market subindex, Contribution",PURE_NUMB,0
CISS.D.U2.Z0Z.4F.EC.SS_FXN.CON,D,U2,Z0Z,4F,EC,SS_FXN,CON,2020-08-19,0.0228291669797216,A,F,,,P1D,,V,,,,,,,,,,,,,,,,,4,4F0,,NEW CISS - CISS contribution from foreign exchange market subindex,"Euro area (changing composition), Contribution from foreign exchange market subindex, Contribution",PURE_NUMB,0
CISS.D.U2.Z0Z.4F.EC.SS_FXN.CON,D,U2,Z0Z,4F,EC,SS_FXN,CON,2020-08-20,0.026390096905916857,A,F,,,P1D,,V,,,,,,,,,,,,,,,,,4,4F0,,NEW CISS - CISS contribution from foreign exchange market subindex,"Euro area (changing composition), Contribution from foreign exchange market subindex, Contribution",PURE_NUMB,0
CISS.D.U2.Z0Z.4F.EC.SS_FXN.CON,D,U2,Z0Z,4F,EC,SS_FXN,CON,2020-08-21,0.029330464682352148,A,F,,,P1D,,V,,,,,,,,,,,,,,,,,4,4F0,,NEW CISS - CISS contribution from foreign exchange market subindex,"Euro area (changing composition), Contribution from foreign exchange market subindex, Contribution",PURE_NUMB,0
CISS.D.U2.Z0Z.4F.EC.SS_FXN.CON,D,U2,Z0Z,4F,EC,SS_FXN,CON,2020-08-24,0.02270334017738465,A,F,,,P1D,,V,,,,,,,,,,,,,,,,,4,4F0,,NEW CISS - CISS contribution from foreign exchange market subindex,"Euro area (changing composition), Contribution from foreign exchange market subindex, Contribution",PURE_NUMB,0
CISS.D.U2.Z0Z.4F.EC.SS_FXN.CON,D,U2,Z0Z,4F,EC,SS_FXN,CON,2020-08-25,0.027357132569261762,A,F,,,P1D,,V,,,,,,,,,,,,,,,,,4,4F0,,NEW CISS - CISS contribution from foreign exchange market subindex,"Euro area (changing composition), Contribution from foreign exchange market subindex, Contribution",PURE_NUMB,0
CISS.D.U2.Z0Z.4F.EC.SS_FXN.CON,D,U2,Z0Z,4F,EC,SS_FXN,CON,2020-08-26,0.026350515997803057,A,F,,,P1D,,V,,,,,,,,,,,,,,,,,4,4F0,,NEW CISS - CISS contribution from foreign exchange market subindex,"Euro area (changing composition), Contribution from foreign exchange market subindex, Contribution",PURE_NUMB,0
CISS.D.U2.Z0Z.4F.EC.SS_FXN.CON,D,U2,Z0Z,4F,EC,SS_FXN,CON,2020-08-27,0.02209494275744357,A,F,,,P1D,,V,,,,,,,,,,,,,,,,,4,4F0,,NEW CISS - CISS contribution from foreign exchange market subindex,"Euro area (changing composition), Contribution from foreign exchange market subindex, Contribution",PURE_NUMB,0
CISS.D.U2.Z0Z.4F.EC.SS_FXN.CON,D,U2,Z0Z,4F,EC,SS_FXN,CON,2020-08-28,0.027525183860559795,A,F,,,P1D,,V,,,,,,,,,,,,,,,,,4,4F0,,NEW CISS - CISS contribution from foreign exchange market subindex,"Euro area (changing composition), Contribution from foreign exchange market subindex, Contribution",PURE_NUMB,0
CISS.D.U2.Z0Z.4F.EC.SS_FXN.CON,D,U2,Z0Z,4F,EC,SS_FXN,CON,2020-08-31,0.02856574215998326,A,F,,,P1D,,V,,,,,,,,,,,,,,,,,4,4F0,,NEW CISS - CISS contribution from foreign exchange market subindex,"Euro area (changing composition), Contribution from foreign exchange market subindex, Contribution",PURE_NUMB,0
CISS.D.U2.Z0Z.4F.EC.SS_FXN.CON,D,U2,Z0Z,4F,EC,SS_FXN,CON,2020-09-01,0.023182176365238158,A,F,,,P1D,,V,,,,,,,,,,,,,,,,,4,4F0,,NEW CISS - CISS contribution from foreign exchange market subindex,"Euro area (changing composition), Contribution from foreign exchange market subindex, Contribution",PURE_NUMB,0
CISS.D.U2.Z0Z.4F.EC.SS_FXN.CON,D,U2,Z0Z,4F,EC,SS_FXN,CON,2020-09-02,0.022782195922509383,A,F,,,P1D,,V,,,,,,,,,,,,,,,,,4,4F0,,NEW CISS - CISS contribution from foreign exchange market subindex,"Euro area (changing composition), Contribution from foreign exchange market subindex, Contribution",PURE_NUMB,0
CISS.D.U2.Z0Z.4F.EC.SS_FXN.CON,D,U2,Z0Z,4F,EC,SS_FXN,CON,2020-09-03,0.021318755905249342,A,F,,,P1D,,V,,,,,,,,,,,,,,,,,4,4F0,,NEW CISS - CISS contribution from foreign exchange market subindex,"Euro area (changing composition), Contribution from foreign exchange market subindex, Contribution",PURE_NUMB,0
CISS.D.U2.Z0Z.4F.EC.SS_FXN.CON,D,U2,Z0Z,4F,EC,SS_FXN,CON,2020-09-04,0.015994577495285524,A,F,,,P1D,,V,,,,,,,,,,,,,,,,,4,4F0,,NEW CISS - CISS contribution from foreign exchange market subindex,"Euro area (changing composition), Contribution from foreign exchange market subindex, Contribution",PURE_NUMB,0
CISS.D.U2.Z0Z.4F.EC.SS_FXN.CON,D,U2,Z0Z,4F,EC,SS_FXN,CON,2020-09-07,0.02047164692558251,A,F,,,P1D,,V,,,,,,,,,,,,,,,,,4,4F0,,NEW CISS - CISS contribution from foreign exchange market subindex,"Euro area (changing composition), Contribution from foreign exchange market subindex, Contribution",PURE_NUMB,0
CISS.D.U2.Z0Z.4F.EC.SS_FXN.CON,D,U2,Z0Z,4F,EC,SS_FXN,CON,2020-09-08,0.03549411356921011,A,F,,,P1D,,V,,,,,,,,,,,,,,,,,4,4F0,,NEW CISS - CISS contribution from foreign exchange market subindex,"Euro area (changing composition), Contribution from foreign exchange market subindex, Contribution",PURE_NUMB,0
CISS.D.U2.Z0Z.4F.EC.SS_FXN.CON,D,U2,Z0Z,4F,EC,SS_FXN,CON,2020-09-09,0.03193675925638131,A,F,,,P1D,,V,,,,,,,,,,,,,,,,,4,4F0,,NEW CISS - CISS contribution from foreign exchange market subindex,"Euro area (changing composition), Contribution from foreign exchange market subindex, Contribution",PURE_NUMB,0
CISS.D.U2.Z0Z.4F.EC.SS_FXN.CON,D,U2,Z0Z,4F,EC,SS_FXN,CON,2020-09-10,0.040276269466888115,A,F,,,P1D,,V,,,,,,,,,,,,,,,,,4,4F0,,NEW CISS - CISS contribution from foreign exchange market subindex,"Euro area (changing composition), Contribution from foreign exchange market subindex, Contribution",PURE_NUMB,0
CISS.D.U2.Z0Z.4F.EC.SS_FXN.CON,D,U2,Z0Z,4F,EC,SS_FXN,CON,2020-09-11,0.03975498926084753,A,F,,,P1D,,V,,,,,,,,,,,,,,,,,4,4F0,,NEW CISS - CISS contribution from foreign exchange market subindex,"Euro area (changing composition), Contribution from foreign exchange market subindex, Contribution",PURE_NUMB,0
CISS.D.U2.Z0Z.4F.EC.SS_FXN.CON,D,U2,Z0Z,4F,EC,SS_FXN,CON,2020-09-14,0.03606052531487911,A,F,,,P1D,,V,,,,,,,,,,,,,,,,,4,4F0,,NEW CISS - CISS contribution from foreign exchange market subindex,"Euro area (changing composition), Contribution from foreign exchange market subindex, Contribution",PURE_NUMB,0
CISS.D.U2.Z0Z.4F.EC.SS_FXN.CON,D,U2,Z0Z,4F,EC,SS_FXN,CON,2020-09-15,0.03558419381410311,A,F,,,P1D,,V,,,,,,,,,,,,,,,,,4,4F0,,NEW CISS - CISS contribution from foreign exchange market subindex,"Euro area (changing composition), Contribution from foreign exchange market subindex, Contribution",PURE_NUMB,0
CISS.D.U2.Z0Z.4F.EC.SS_FXN.CON,D,U2,Z0Z,4F,EC,SS_FXN,CON,2020-09-16,0.0395529131499632,A,F,,,P1D,,V,,,,,,,,,,,,,,,,,4,4F0,,NEW CISS - CISS contribution from foreign exchange market subindex,"Euro area (changing composition), Contribution from foreign exchange market subindex, Contribution",PURE_NUMB,0
CISS.D.U2.Z0Z.4F.EC.SS_FXN.CON,D,U2,Z0Z,4F,EC,SS_FXN,CON,2020-09-17,0.03634113382268978,A,F,,,P1D,,V,,,,,,,,,,,,,,,,,4,4F0,,NEW CISS - CISS contribution from foreign exchange market subindex,"Euro area (changing composition), Contribution from foreign exchange market subindex, Contribution",PURE_NUMB,0
CISS.D.U2.Z0Z.4F.EC.SS_FXN.CON,D,U2,Z0Z,4F,EC,SS_FXN,CON,2020-09-18,0.033370624326089414,A,F,,,P1D,,V,,,,,,,,,,,,,,,,,4,4F0,,NEW CISS - CISS contribution from foreign exchange market subindex,"Euro area (changing composition), Contribution from foreign exchange market subindex, Contribution",PURE_NUMB,0
CISS.D.U2.Z0Z.4F.EC.SS_FXN.CON,D,U2,Z0Z,4F,EC,SS_FXN,CON,2020-09-21,0.039212409174320784,A,F,,,P1D,,V,,,,,,,,,,,,,,,,,4,4F0,,NEW CISS - CISS contribution from foreign exchange market subindex,"Euro area (changing composition), Contribution from foreign exchange market subindex, Contribution",PURE_NUMB,0
CISS.D.U2.Z0Z.4F.EC.SS_FXN.CON,D,U2,Z0Z,4F,EC,SS_FXN,CON,2020-09-22,0.03726351565727565,A,F,,,P1D,,V,,,,,,,,,,,,,,,,,4,4F0,,NEW CISS - CISS contribution from foreign exchange market subindex,"Euro area (changing composition), Contribution from foreign exchange market subindex, Contribution",PURE_NUMB,0
CISS.D.U2.Z0Z.4F.EC.SS_FXN.CON,D,U2,Z0Z,4F,EC,SS_FXN,CON,2020-09-23,0.03400474918400906,A,F,,,P1D,,V,,,,,,,,,,,,,,,,,4,4F0,,NEW CISS - CISS contribution from foreign exchange market subindex,"Euro area (changing composition), Contribution from foreign exchange market subindex, Contribution",PURE_NUMB,0
CISS.D.U2.Z0Z.4F.EC.SS_FXN.CON,D,U2,Z0Z,4F,EC,SS_FXN,CON,2020-09-24,0.027859659518780548,A,F,,,P1D,,V,,,,,,,,,,,,,,,,,4,4F0,,NEW CISS - CISS contribution from foreign exchange market subindex,"Euro area (changing composition), Contribution from foreign exchange market subindex, Contribution",PURE_NUMB,0
CISS.D.U2.Z0Z.4F.EC.SS_FXN.CON,D,U2,Z0Z,4F,EC,SS_FXN,CON,2020-09-25,0.02592544375243796,A,F,,,P1D,,V,,,,,,,,,,,,,,,,,4,4F0,,NEW CISS - CISS contribution from foreign exchange market subindex,"Euro area (changing composition), Contribution from foreign exchange market subindex, Contribution",PURE_NUMB,0
CISS.D.U2.Z0Z.4F.EC.SS_FXN.CON,D,U2,Z0Z,4F,EC,SS_FXN,CON,2020-09-28,0.02418986514368411,A,F,,,P1D,,V,,,,,,,,,,,,,,,,,4,4F0,,NEW CISS - CISS contribution from foreign exchange market subindex,"Euro area (changing composition), Contribution from foreign exchange market subindex, Contribution",PURE_NUMB,0
CISS.D.U2.Z0Z.4F.EC.SS_FXN.CON,D,U2,Z0Z,4F,EC,SS_FXN,CON,2020-09-29,0.03427309685650306,A,F,,,P1D,,V,,,,,,,,,,,,,,,,,4,4F0,,NEW CISS - CISS contribution from foreign exchange market subindex,"Euro area (changing composition), Contribution from foreign exchange market subindex, Contribution",PURE_NUMB,0
CISS.D.U2.Z0Z.4F.EC.SS_FXN.CON,D,U2,Z0Z,4F,EC,SS_FXN,CON,2020-09-30,0.03573756064144803,A,F,,,P1D,,V,,,,,,,,,,,,,,,,,4,4F0,,NEW CISS - CISS contribution from foreign exchange market subindex,"Euro area (changing composition), Contribution from foreign exchange market subindex, Contribution",PURE_NUMB,0
CISS.D.U2.Z0Z.4F.EC.SS_FXN.CON,D,U2,Z0Z,4F,EC,SS_FXN,CON,2020-10-01,0.03317807424560235,A,F,,,P1D,,V,,,,,,,,,,,,,,,,,4,4F0,,NEW CISS - CISS contribution from foreign exchange market subindex,"Euro area (changing composition), Contribution from foreign exchange market subindex, Contribution",PURE_NUMB,0
CISS.D.U2.Z0Z.4F.EC.SS_FXN.CON,D,U2,Z0Z,4F,EC,SS_FXN,CON,2020-10-02,0.03504152668929868,A,F,,,P1D,,V,,,,,,,,,,,,,,,,,4,4F0,,NEW CISS - CISS contribution from foreign exchange market subindex,"Euro area (changing composition), Contribution from foreign exchange market subindex, Contribution",PURE_NUMB,0
CISS.D.U2.Z0Z.4F.EC.SS_FXN.CON,D,U2,Z0Z,4F,EC,SS_FXN,CON,2020-10-05,0.044721811169263784,A,F,,,P1D,,V,,,,,,,,,,,,,,,,,4,4F0,,NEW CISS - CISS contribution from foreign exchange market subindex,"Euro area (changing composition), Contribution from foreign exchange market subindex, Contribution",PURE_NUMB,0
CISS.D.U2.Z0Z.4F.EC.SS_FXN.CON,D,U2,Z0Z,4F,EC,SS_FXN,CON,2020-10-06,0.04239437868026027,A,F,,,P1D,,V,,,,,,,,,,,,,,,,,4,4F0,,NEW CISS - CISS contribution from foreign exchange market subindex,"Euro area (changing composition), Contribution from foreign exchange market subindex, Contribution",PURE_NUMB,0
CISS.D.U2.Z0Z.4F.EC.SS_FXN.CON,D,U2,Z0Z,4F,EC,SS_FXN,CON,2020-10-07,0.03722806102552759,A,F,,,P1D,,V,,,,,,,,,,,,,,,,,4,4F0,,NEW CISS - CISS contribution from foreign exchange market subindex,"Euro area (changing composition), Contribution from foreign exchange market subindex, Contribution",PURE_NUMB,0
CISS.D.U2.Z0Z.4F.EC.SS_FXN.CON,D,U2,Z0Z,4F,EC,SS_FXN,CON,2020-10-08,0.029777966422235607,A,F,,,P1D,,V,,,,,,,,,,,,,,,,,4,4F0,,NEW CISS - CISS contribution from foreign exchange market subindex,"Euro area (changing composition), Contribution from foreign exchange market subindex, Contribution",PURE_NUMB,0
CISS.D.U2.Z0Z.4F.EC.SS_FXN.CON,D,U2,Z0Z,4F,EC,SS_FXN,CON,2020-10-09,0.028051590760253868,A,F,,,P1D,,V,,,,,,,,,,,,,,,,,4,4F0,,NEW CISS - CISS contribution from foreign exchange market subindex,"Euro area (changing composition), Contribution from foreign exchange market subindex, Contribution",PURE_NUMB,0
CISS.D.U2.Z0Z.4F.EC.SS_FXN.CON,D,U2,Z0Z,4F,EC,SS_FXN,CON,2020-10-12,0.02350887315019611,A,F,,,P1D,,V,,,,,,,,,,,,,,,,,4,4F0,,NEW CISS - CISS contribution from foreign exchange market subindex,"Euro area (changing composition), Contribution from foreign exchange market subindex, Contribution",PURE_NUMB,0
CISS.D.U2.Z0Z.4F.EC.SS_FXN.CON,D,U2,Z0Z,4F,EC,SS_FXN,CON,2020-10-13,0.026532204793637857,A,F,,,P1D,,V,,,,,,,,,,,,,,,,,4,4F0,,NEW CISS - CISS contribution from foreign exchange market subindex,"Euro area (changing composition), Contribution from foreign exchange market subindex, Contribution",PURE_NUMB,0
CISS.D.U2.Z0Z.4F.EC.SS_FXN.CON,D,U2,Z0Z,4F,EC,SS_FXN,CON,2020-10-14,0.026954347933358536,A,F,,,P1D,,V,,,,,,,,,,,,,,,,,4,4F0,,NEW CISS - CISS contribution from foreign exchange market subindex,"Euro area (changing composition), Contribution from foreign exchange market subindex, Contribution",PURE_NUMB,0
CISS.D.U2.Z0Z.4F.EC.SS_FXN.CON,D,U2,Z0Z,4F,EC,SS_FXN,CON,2020-10-15,0.027050446072623992,A,F,,,P1D,,V,,,,,,,,,,,,,,,,,4,4F0,,NEW CISS - CISS contribution from foreign exchange market subindex,"Euro area (changing composition), Contribution from foreign exchange market subindex, Contribution",PURE_NUMB,0
CISS.D.U2.Z0Z.4F.EC.SS_FXN.CON,D,U2,Z0Z,4F,EC,SS_FXN,CON,2020-10-16,0.020656755178982338,A,F,,,P1D,,V,,,,,,,,,,,,,,,,,4,4F0,,NEW CISS - CISS contribution from foreign exchange market subindex,"Euro area (changing composition), Contribution from foreign exchange market subindex, Contribution",PURE_NUMB,0
CISS.D.U2.Z0Z.4F.EC.SS_FXN.CON,D,U2,Z0Z,4F,EC,SS_FXN,CON,2020-10-19,0.018956102143650327,A,F,,,P1D,,V,,,,,,,,,,,,,,,,,4,4F0,,NEW CISS - CISS contribution from foreign exchange market subindex,"Euro area (changing composition), Contribution from foreign exchange market subindex, Contribution",PURE_NUMB,0
CISS.D.U2.Z0Z.4F.EC.SS_FXN.CON,D,U2,Z0Z,4F,EC,SS_FXN,CON,2020-10-20,0.023872776398036595,A,F,,,P1D,,V,,,,,,,,,,,,,,,,,4,4F0,,NEW CISS - CISS contribution from foreign exchange market subindex,"Euro area (changing composition), Contribution from foreign exchange market subindex, Contribution",PURE_NUMB,0
CISS.D.U2.Z0Z.4F.EC.SS_FXN.CON,D,U2,Z0Z,4F,EC,SS_FXN,CON,2020-10-21,0.04277084315735891,A,F,,,P1D,,V,,,,,,,,,,,,,,,,,4,4F0,,NEW CISS - CISS contribution from foreign exchange market subindex,"Euro area (changing composition), Contribution from foreign exchange market subindex, Contribution",PURE_NUMB,0
CISS.D.U2.Z0Z.4F.EC.SS_FXN.CON,D,U2,Z0Z,4F,EC,SS_FXN,CON,2020-10-22,0.03829113789970988,A,F,,,P1D,,V,,,,,,,,,,,,,,,,,4,4F0,,NEW CISS - CISS contribution from foreign exchange market subindex,"Euro area (changing composition), Contribution from foreign exchange market subindex, Contribution",PURE_NUMB,0
CISS.D.U2.Z0Z.4F.EC.SS_FXN.CON,D,U2,Z0Z,4F,EC,SS_FXN,CON,2020-10-23,0.0375794865504679,A,F,,,P1D,,V,,,,,,,,,,,,,,,,,4,4F0,,NEW CISS - CISS contribution from foreign exchange market subindex,"Euro area (changing composition), Contribution from foreign exchange market subindex, Contribution",PURE_NUMB,0
CISS.D.U2.Z0Z.4F.EC.SS_FXN.CON,D,U2,Z0Z,4F,EC,SS_FXN,CON,2020-10-26,0.03715032678876045,A,F,,,P1D,,V,,,,,,,,,,,,,,,,,4,4F0,,NEW CISS - CISS contribution from foreign exchange market subindex,"Euro area (changing composition), Contribution from foreign exchange market subindex, Contribution",PURE_NUMB,0
CISS.D.U2.Z0Z.4F.EC.SS_FXN.CON,D,U2,Z0Z,4F,EC,SS_FXN,CON,2020-10-27,0.035614201613249595,A,F,,,P1D,,V,,,,,,,,,,,,,,,,,4,4F0,,NEW CISS - CISS contribution from foreign exchange market subindex,"Euro area (changing composition), Contribution from foreign exchange market subindex, Contribution",PURE_NUMB,0
CISS.D.U2.Z0Z.4F.EC.SS_FXN.CON,D,U2,Z0Z,4F,EC,SS_FXN,CON,2020-10-28,0.03620060308658047,A,F,,,P1D,,V,,,,,,,,,,,,,,,,,4,4F0,,NEW CISS - CISS contribution from foreign exchange market subindex,"Euro area (changing composition), Contribution from foreign exchange market subindex, Contribution",PURE_NUMB,0
CISS.D.U2.Z0Z.4F.EC.SS_FXN.CON,D,U2,Z0Z,4F,EC,SS_FXN,CON,2020-10-29,0.03503962081812926,A,F,,,P1D,,V,,,,,,,,,,,,,,,,,4,4F0,,NEW CISS - CISS contribution from foreign exchange market subindex,"Euro area (changing composition), Contribution from foreign exchange market subindex, Contribution",PURE_NUMB,0
CISS.D.U2.Z0Z.4F.EC.SS_FXN.CON,D,U2,Z0Z,4F,EC,SS_FXN,CON,2020-10-30,0.03076981475521918,A,F,,,P1D,,V,,,,,,,,,,,,,,,,,4,4F0,,NEW CISS - CISS contribution from foreign exchange market subindex,"Euro area (changing composition), Contribution from foreign exchange market subindex, Contribution",PURE_NUMB,0
CISS.D.U2.Z0Z.4F.EC.SS_FXN.CON,D,U2,Z0Z,4F,EC,SS_FXN,CON,2020-11-02,0.024021475928526412,A,F,,,P1D,,V,,,,,,,,,,,,,,,,,4,4F0,,NEW CISS - CISS contribution from foreign exchange market subindex,"Euro area (changing composition), Contribution from foreign exchange market subindex, Contribution",PURE_NUMB,0
CISS.D.U2.Z0Z.4F.EC.SS_FXN.CON,D,U2,Z0Z,4F,EC,SS_FXN,CON,2020-11-03,0.02873959902996284,A,F,,,P1D,,V,,,,,,,,,,,,,,,,,4,4F0,,NEW CISS - CISS contribution from foreign exchange market subindex,"Euro area (changing composition), Contribution from foreign exchange market subindex, Contribution",PURE_NUMB,0
CISS.D.U2.Z0Z.4F.EC.SS_FXN.CON,D,U2,Z0Z,4F,EC,SS_FXN,CON,2020-11-04,0.02951662601315392,A,F,,,P1D,,V,,,,,,,,,,,,,,,,,4,4F0,,NEW CISS - CISS contribution from foreign exchange market subindex,"Euro area (changing composition), Contribution from foreign exchange market subindex, Contribution",PURE_NUMB,0
CISS.D.U2.Z0Z.4F.EC.SS_FXN.CON,D,U2,Z0Z,4F,EC,SS_FXN,CON,2020-11-05,0.03414654904463495,A,F,,,P1D,,V,,,,,,,,,,,,,,,,,4,4F0,,NEW CISS - CISS contribution from foreign exchange market subindex,"Euro area (changing composition), Contribution from foreign exchange market subindex, Contribution",PURE_NUMB,0
CISS.D.U2.Z0Z.4F.EC.SS_FXN.CON,D,U2,Z0Z,4F,EC,SS_FXN,CON,2020-11-06,0.031063136175886727,A,F,,,P1D,,V,,,,,,,,,,,,,,,,,4,4F0,,NEW CISS - CISS contribution from foreign exchange market subindex,"Euro area (changing composition), Contribution from foreign exchange market subindex, Contribution",PURE_NUMB,0
CISS.D.U2.Z0Z.4F.EC.SS_FXN.CON,D,U2,Z0Z,4F,EC,SS_FXN,CON,2020-11-09,0.057157300972262584,A,F,,,P1D,,V,,,,,,,,,,,,,,,,,4,4F0,,NEW CISS - CISS contribution from foreign exchange market subindex,"Euro area (changing composition), Contribution from foreign exchange market subindex, Contribution",PURE_NUMB,0
CISS.D.U2.Z0Z.4F.EC.SS_FXN.CON,D,U2,Z0Z,4F,EC,SS_FXN,CON,2020-11-10,0.05625058196153482,A,F,,,P1D,,V,,,,,,,,,,,,,,,,,4,4F0,,NEW CISS - CISS contribution from foreign exchange market subindex,"Euro area (changing composition), Contribution from foreign exchange market subindex, Contribution",PURE_NUMB,0
CISS.D.U2.Z0Z.4F.EC.SS_FXN.CON,D,U2,Z0Z,4F,EC,SS_FXN,CON,2020-11-11,0.048124743181079656,A,F,,,P1D,,V,,,,,,,,,,,,,,,,,4,4F0,,NEW CISS - CISS contribution from foreign exchange market subindex,"Euro area (changing composition), Contribution from foreign exchange market subindex, Contribution",PURE_NUMB,0
CISS.D.U2.Z0Z.4F.EC.SS_FXN.CON,D,U2,Z0Z,4F,EC,SS_FXN,CON,2020-11-12,0.05263575610677167,A,F,,,P1D,,V,,,,,,,,,,,,,,,,,4,4F0,,NEW CISS - CISS contribution from foreign exchange market subindex,"Euro area (changing composition), Contribution from foreign exchange market subindex, Contribution",PURE_NUMB,0
CISS.D.U2.Z0Z.4F.EC.SS_FXN.CON,D,U2,Z0Z,4F,EC,SS_FXN,CON,2020-11-13,0.04620747723471914,A,F,,,P1D,,V,,,,,,,,,,,,,,,,,4,4F0,,NEW CISS - CISS contribution from foreign exchange market subindex,"Euro area (changing composition), Contribution from foreign exchange market subindex, Contribution",PURE_NUMB,0
CISS.D.U2.Z0Z.4F.EC.SS_FXN.CON,D,U2,Z0Z,4F,EC,SS_FXN,CON,2020-11-16,0.0377511509164023,A,F,,,P1D,,V,,,,,,,,,,,,,,,,,4,4F0,,NEW CISS - CISS contribution from foreign exchange market subindex,"Euro area (changing composition), Contribution from foreign exchange market subindex, Contribution",PURE_NUMB,0
CISS.D.U2.Z0Z.4F.EC.SS_FXN.CON,D,U2,Z0Z,4F,EC,SS_FXN,CON,2020-11-17,0.032579680286170615,A,F,,,P1D,,V,,,,,,,,,,,,,,,,,4,4F0,,NEW CISS - CISS contribution from foreign exchange market subindex,"Euro area (changing composition), Contribution from foreign exchange market subindex, Contribution",PURE_NUMB,0
CISS.D.U2.Z0Z.4F.EC.SS_FXN.CON,D,U2,Z0Z,4F,EC,SS_FXN,CON,2020-11-18,0.029112964242083317,A,F,,,P1D,,V,,,,,,,,,,,,,,,,,4,4F0,,NEW CISS - CISS contribution from foreign exchange market subindex,"Euro area (changing composition), Contribution from foreign exchange market subindex, Contribution",PURE_NUMB,0
CISS.D.U2.Z0Z.4F.EC.SS_FXN.CON,D,U2,Z0Z,4F,EC,SS_FXN,CON,2020-11-19,0.024473832075557155,A,F,,,P1D,,V,,,,,,,,,,,,,,,,,4,4F0,,NEW CISS - CISS contribution from foreign exchange market subindex,"Euro area (changing composition), Contribution from foreign exchange market subindex, Contribution",PURE_NUMB,0
CISS.D.U2.Z0Z.4F.EC.SS_FXN.CON,D,U2,Z0Z,4F,EC,SS_FXN,CON,2020-11-20,0.020675478423411955,A,F,,,P1D,,V,,,,,,,,,,,,,,,,,4,4F0,,NEW CISS - CISS contribution from foreign exchange market subindex,"Euro area (changing composition), Contribution from foreign exchange market subindex, Contribution",PURE_NUMB,0
CISS.D.U2.Z0Z.4F.EC.SS_FXN.CON,D,U2,Z0Z,4F,EC,SS_FXN,CON,2020-11-23,0.021498627378305782,A,F,,,P1D,,V,,,,,,,,,,,,,,,,,4,4F0,,NEW CISS - CISS contribution from foreign exchange market subindex,"Euro area (changing composition), Contribution from foreign exchange market subindex, Contribution",PURE_NUMB,0
CISS.D.U2.Z0Z.4F.EC.SS_FXN.CON,D,U2,Z0Z,4F,EC,SS_FXN,CON,2020-11-24,0.018947326013882795,A,F,,,P1D,,V,,,,,,,,,,,,,,,,,4,4F0,,NEW CISS - CISS contribution from foreign exchange market subindex,"Euro area (changing composition), Contribution from foreign exchange market subindex, Contribution",PURE_NUMB,0
CISS.D.U2.Z0Z.4F.EC.SS_FXN.CON,D,U2,Z0Z,4F,EC,SS_FXN,CON,2020-11-25,0.014806171634435686,A,F,,,P1D,,V,,,,,,,,,,,,,,,,,4,4F0,,NEW CISS - CISS contribution from foreign exchange market subindex,"Euro area (changing composition), Contribution from foreign exchange market subindex, Contribution",PURE_NUMB,0
CISS.D.U2.Z0Z.4F.EC.SS_FXN.CON,D,U2,Z0Z,4F,EC,SS_FXN,CON,2020-11-26,0.011779065160737222,A,F,,,P1D,,V,,,,,,,,,,,,,,,,,4,4F0,,NEW CISS - CISS contribution from foreign exchange market subindex,"Euro area (changing composition), Contribution from foreign exchange market subindex, Contribution",PURE_NUMB,0
CISS.D.U2.Z0Z.4F.EC.SS_FXN.CON,D,U2,Z0Z,4F,EC,SS_FXN,CON,2020-11-27,0.018181763666286148,A,F,,,P1D,,V,,,,,,,,,,,,,,,,,4,4F0,,NEW CISS - CISS contribution from foreign exchange market subindex,"Euro area (changing composition), Contribution from foreign exchange market subindex, Contribution",PURE_NUMB,0
CISS.D.U2.Z0Z.4F.EC.SS_FXN.CON,D,U2,Z0Z,4F,EC,SS_FXN,CON,2020-11-30,0.016556856807995308,A,F,,,P1D,,V,,,,,,,,,,,,,,,,,4,4F0,,NEW CISS - CISS contribution from foreign exchange market subindex,"Euro area (changing composition), Contribution from foreign exchange market subindex, Contribution",PURE_NUMB,0
CISS.D.U2.Z0Z.4F.EC.SS_FXN.CON,D,U2,Z0Z,4F,EC,SS_FXN,CON,2020-12-01,0.04666425360337892,A,F,,,P1D,,V,,,,,,,,,,,,,,,,,4,4F0,,NEW CISS - CISS contribution from foreign exchange market subindex,"Euro area (changing composition), Contribution from foreign exchange market subindex, Contribution",PURE_NUMB,0
CISS.D.U2.Z0Z.4F.EC.SS_FXN.CON,D,U2,Z0Z,4F,EC,SS_FXN,CON,2020-12-02,0.04872042621086333,A,F,,,P1D,,V,,,,,,,,,,,,,,,,,4,4F0,,NEW CISS - CISS contribution from foreign exchange market subindex,"Euro area (changing composition), Contribution from foreign exchange market subindex, Contribution",PURE_NUMB,0
CISS.D.U2.Z0Z.4F.EC.SS_FXN.CON,D,U2,Z0Z,4F,EC,SS_FXN,CON,2020-12-03,0.04245399993235714,A,F,,,P1D,,V,,,,,,,,,,,,,,,,,4,4F0,,NEW CISS - CISS contribution from foreign exchange market subindex,"Euro area (changing composition), Contribution from foreign exchange market subindex, Contribution",PURE_NUMB,0
CISS.D.U2.Z0Z.4F.EC.SS_FXN.CON,D,U2,Z0Z,4F,EC,SS_FXN,CON,2020-12-04,0.03358629177297906,A,F,,,P1D,,V,,,,,,,,,,,,,,,,,4,4F0,,NEW CISS - CISS contribution from foreign exchange market subindex,"Euro area (changing composition), Contribution from foreign exchange market subindex, Contribution",PURE_NUMB,0
CISS.D.U2.Z0Z.4F.EC.SS_FXN.CON,D,U2,Z0Z,4F,EC,SS_FXN,CON,2020-12-07,0.029202470539163673,A,F,,,P1D,,V,,,,,,,,,,,,,,,,,4,4F0,,NEW CISS - CISS contribution from foreign exchange market subindex,"Euro area (changing composition), Contribution from foreign exchange market subindex, Contribution",PURE_NUMB,0
CISS.D.U2.Z0Z.4F.EC.SS_FXN.CON,D,U2,Z0Z,4F,EC,SS_FXN,CON,2020-12-08,0.022486781272639964,A,F,,,P1D,,V,,,,,,,,,,,,,,,,,4,4F0,,NEW CISS - CISS contribution from foreign exchange market subindex,"Euro area (changing composition), Contribution from foreign exchange market subindex, Contribution",PURE_NUMB,0
CISS.D.U2.Z0Z.4F.EC.SS_FXN.CON,D,U2,Z0Z,4F,EC,SS_FXN,CON,2020-12-09,0.020821303435965617,A,F,,,P1D,,V,,,,,,,,,,,,,,,,,4,4F0,,NEW CISS - CISS contribution from foreign exchange market subindex,"Euro area (changing composition), Contribution from foreign exchange market subindex, Contribution",PURE_NUMB,0
CISS.D.U2.Z0Z.4F.EC.SS_FXN.CON,D,U2,Z0Z,4F,EC,SS_FXN,CON,2020-12-10,0.0343802007146356,A,F,,,P1D,,V,,,,,,,,,,,,,,,,,4,4F0,,NEW CISS - CISS contribution from foreign exchange market subindex,"Euro area (changing composition), Contribution from foreign exchange market subindex, Contribution",PURE_NUMB,0
CISS.D.U2.Z0Z.4F.EC.SS_FXN.CON,D,U2,Z0Z,4F,EC,SS_FXN,CON,2020-12-11,0.03357511563886104,A,F,,,P1D,,V,,,,,,,,,,,,,,,,,4,4F0,,NEW CISS - CISS contribution from foreign exchange market subindex,"Euro area (changing composition), Contribution from foreign exchange market subindex, Contribution",PURE_NUMB,0
CISS.D.U2.Z0Z.4F.EC.SS_FXN.CON,D,U2,Z0Z,4F,EC,SS_FXN,CON,2020-12-14,0.031073935297195637,A,F,,,P1D,,V,,,,,,,,,,,,,,,,,4,4F0,,NEW CISS - CISS contribution from foreign exchange market subindex,"Euro area (changing composition), Contribution from foreign exchange market subindex, Contribution",PURE_NUMB,0
CISS.D.U2.Z0Z.4F.EC.SS_FXN.CON,D,U2,Z0Z,4F,EC,SS_FXN,CON,2020-12-15,0.03174907570616049,A,F,,,P1D,,V,,,,,,,,,,,,,,,,,4,4F0,,NEW CISS - CISS contribution from foreign exchange market subindex,"Euro area (changing composition), Contribution from foreign exchange market subindex, Contribution",PURE_NUMB,0
CISS.D.U2.Z0Z.4F.EC.SS_FXN.CON,D,U2,Z0Z,4F,EC,SS_FXN,CON,2020-12-16,0.029321235822578288,A,F,,,P1D,,V,,,,,,,,,,,,,,,,,4,4F0,,NEW CISS - CISS contribution from foreign exchange market subindex,"Euro area (changing composition), Contribution from foreign exchange market subindex, Contribution",PURE_NUMB,0
CISS.D.U2.Z0Z.4F.EC.SS_FXN.CON,D,U2,Z0Z,4F,EC,SS_FXN,CON,2020-12-17,0.027839953985216857,A,F,,,P1D,,V,,,,,,,,,,,,,,,,,4,4F0,,NEW CISS - CISS contribution from foreign exchange market subindex,"Euro area (changing composition), Contribution from foreign exchange market subindex, Contribution",PURE_NUMB,0
CISS.D.U2.Z0Z.4F.EC.SS_FXN.CON,D,U2,Z0Z,4F,EC,SS_FXN,CON,2020-12-18,0.024031134691246788,A,F,,,P1D,,V,,,,,,,,,,,,,,,,,4,4F0,,NEW CISS - CISS contribution from foreign exchange market subindex,"Euro area (changing composition), Contribution from foreign exchange market subindex, Contribution",PURE_NUMB,0
CISS.D.U2.Z0Z.4F.EC.SS_FXN.CON,D,U2,Z0Z,4F,EC,SS_FXN,CON,2020-12-21,0.023981983906658136,A,F,,,P1D,,V,,,,,,,,,,,,,,,,,4,4F0,,NEW CISS - CISS contribution from foreign exchange market subindex,"Euro area (changing composition), Contribution from foreign exchange market subindex, Contribution",PURE_NUMB,0
CISS.D.U2.Z0Z.4F.EC.SS_FXN.CON,D,U2,Z0Z,4F,EC,SS_FXN,CON,2020-12-22,0.02516096390838046,A,F,,,P1D,,V,,,,,,,,,,,,,,,,,4,4F0,,NEW CISS - CISS contribution from foreign exchange market subindex,"Euro area (changing composition), Contribution from foreign exchange market subindex, Contribution",PURE_NUMB,0
CISS.D.U2.Z0Z.4F.EC.SS_FXN.CON,D,U2,Z0Z,4F,EC,SS_FXN,CON,2020-12-23,0.02816582142477497,A,F,,,P1D,,V,,,,,,,,,,,,,,,,,4,4F0,,NEW CISS - CISS contribution from foreign exchange market subindex,"Euro area (changing composition), Contribution from foreign exchange market subindex, Contribution",PURE_NUMB,0
CISS.D.U2.Z0Z.4F.EC.SS_FXN.CON,D,U2,Z0Z,4F,EC,SS_FXN,CON,2020-12-24,0.02464938222011622,A,F,,,P1D,,V,,,,,,,,,,,,,,,,,4,4F0,,NEW CISS - CISS contribution from foreign exchange market subindex,"Euro area (changing composition), Contribution from foreign exchange market subindex, Contribution",PURE_NUMB,0
CISS.D.U2.Z0Z.4F.EC.SS_FXN.CON,D,U2,Z0Z,4F,EC,SS_FXN,CON,2020-12-25,0.02051950055442331,A,F,,,P1D,,V,,,,,,,,,,,,,,,,,4,4F0,,NEW CISS - CISS contribution from foreign exchange market subindex,"Euro area (changing composition), Contribution from foreign exchange market subindex, Contribution",PURE_NUMB,0
CISS.D.U2.Z0Z.4F.EC.SS_FXN.CON,D,U2,Z0Z,4F,EC,SS_FXN,CON,2020-12-28,0.02374750536647187,A,F,,,P1D,,V,,,,,,,,,,,,,,,,,4,4F0,,NEW CISS - CISS contribution from foreign exchange market subindex,"Euro area (changing composition), Contribution from foreign exchange market subindex, Contribution",PURE_NUMB,0
CISS.D.U2.Z0Z.4F.EC.SS_FXN.CON,D,U2,Z0Z,4F,EC,SS_FXN,CON,2020-12-29,0.020734831293742997,A,F,,,P1D,,V,,,,,,,,,,,,,,,,,4,4F0,,NEW CISS - CISS contribution from foreign exchange market subindex,"Euro area (changing composition), Contribution from foreign exchange market subindex, Contribution",PURE_NUMB,0
CISS.D.U2.Z0Z.4F.EC.SS_FXN.CON,D,U2,Z0Z,4F,EC,SS_FXN,CON,2020-12-30,0.02059657066991537,A,F,,,P1D,,V,,,,,,,,,,,,,,,,,4,4F0,,NEW CISS - CISS contribution from foreign exchange market subindex,"Euro area (changing composition), Contribution from foreign exchange market subindex, Contribution",PURE_NUMB,0
CISS.D.U2.Z0Z.4F.EC.SS_FXN.CON,D,U2,Z0Z,4F,EC,SS_FXN,CON,2020-12-31,0.031113298853242405,A,F,,,P1D,,V,,,,,,,,,,,,,,,,,4,4F0,,NEW CISS - CISS contribution from foreign exchange market subindex,"Euro area (changing composition), Contribution from foreign exchange market subindex, Contribution",PURE_NUMB,0
CISS.D.U2.Z0Z.4F.EC.SS_FXN.CON,D,U2,Z0Z,4F,EC,SS_FXN,CON,2021-01-01,0.032335871789212246,A,F,,,P1D,,V,,,,,,,,,,,,,,,,,4,4F0,,NEW CISS - CISS contribution from foreign exchange market subindex,"Euro area (changing composition), Contribution from foreign exchange market subindex, Contribution",PURE_NUMB,0
CISS.D.U2.Z0Z.4F.EC.SS_FXN.CON,D,U2,Z0Z,4F,EC,SS_FXN,CON,2021-01-04,0.039536394353695097,A,F,,,P1D,,V,,,,,,,,,,,,,,,,,4,4F0,,NEW CISS - CISS contribution from foreign exchange market subindex,"Euro area (changing composition), Contribution from foreign exchange market subindex, Contribution",PURE_NUMB,0
CISS.D.U2.Z0Z.4F.EC.SS_FXN.CON,D,U2,Z0Z,4F,EC,SS_FXN,CON,2021-01-05,0.03729863057308009,A,F,,,P1D,,V,,,,,,,,,,,,,,,,,4,4F0,,NEW CISS - CISS contribution from foreign exchange market subindex,"Euro area (changing composition), Contribution from foreign exchange market subindex, Contribution",PURE_NUMB,0
CISS.D.U2.Z0Z.4F.EC.SS_FXN.CON,D,U2,Z0Z,4F,EC,SS_FXN,CON,2021-01-06,0.0390506483075831,A,F,,,P1D,,V,,,,,,,,,,,,,,,,,4,4F0,,NEW CISS - CISS contribution from foreign exchange market subindex,"Euro area (changing composition), Contribution from foreign exchange market subindex, Contribution",PURE_NUMB,0
CISS.D.U2.Z0Z.4F.EC.SS_FXN.CON,D,U2,Z0Z,4F,EC,SS_FXN,CON,2021-01-07,0.03687564928609759,A,F,,,P1D,,V,,,,,,,,,,,,,,,,,4,4F0,,NEW CISS - CISS contribution from foreign exchange market subindex,"Euro area (changing composition), Contribution from foreign exchange market subindex, Contribution",PURE_NUMB,0
CISS.D.U2.Z0Z.4F.EC.SS_FXN.CON,D,U2,Z0Z,4F,EC,SS_FXN,CON,2021-01-08,0.03546183896688758,A,F,,,P1D,,V,,,,,,,,,,,,,,,,,4,4F0,,NEW CISS - CISS contribution from foreign exchange market subindex,"Euro area (changing composition), Contribution from foreign exchange market subindex, Contribution",PURE_NUMB,0
CISS.D.U2.Z0Z.4F.EC.SS_FXN.CON,D,U2,Z0Z,4F,EC,SS_FXN,CON,2021-01-11,0.035598862860274444,A,F,,,P1D,,V,,,,,,,,,,,,,,,,,4,4F0,,NEW CISS - CISS contribution from foreign exchange market subindex,"Euro area (changing composition), Contribution from foreign exchange market subindex, Contribution",PURE_NUMB,0
CISS.D.U2.Z0Z.4F.EC.SS_FXN.CON,D,U2,Z0Z,4F,EC,SS_FXN,CON,2021-01-12,0.03442599681302535,A,F,,,P1D,,V,,,,,,,,,,,,,,,,,4,4F0,,NEW CISS - CISS contribution from foreign exchange market subindex,"Euro area (changing composition), Contribution from foreign exchange market subindex, Contribution",PURE_NUMB,0
CISS.D.U2.Z0Z.4F.EC.SS_FXN.CON,D,U2,Z0Z,4F,EC,SS_FXN,CON,2021-01-13,0.03344166194181066,A,F,,,P1D,,V,,,,,,,,,,,,,,,,,4,4F0,,NEW CISS - CISS contribution from foreign exchange market subindex,"Euro area (changing composition), Contribution from foreign exchange market subindex, Contribution",PURE_NUMB,0
CISS.D.U2.Z0Z.4F.EC.SS_FXN.CON,D,U2,Z0Z,4F,EC,SS_FXN,CON,2021-01-14,0.028331625538639257,A,F,,,P1D,,V,,,,,,,,,,,,,,,,,4,4F0,,NEW CISS - CISS contribution from foreign exchange market subindex,"Euro area (changing composition), Contribution from foreign exchange market subindex, Contribution",PURE_NUMB,0
CISS.D.U2.Z0Z.4F.EC.SS_FXN.CON,D,U2,Z0Z,4F,EC,SS_FXN,CON,2021-01-15,0.0322469286570656,A,F,,,P1D,,V,,,,,,,,,,,,,,,,,4,4F0,,NEW CISS - CISS contribution from foreign exchange market subindex,"Euro area (changing composition), Contribution from foreign exchange market subindex, Contribution",PURE_NUMB,0
CISS.D.U2.Z0Z.4F.EC.SS_FXN.CON,D,U2,Z0Z,4F,EC,SS_FXN,CON,2021-01-18,0.025625715075823185,A,F,,,P1D,,V,,,,,,,,,,,,,,,,,4,4F0,,NEW CISS - CISS contribution from foreign exchange market subindex,"Euro area (changing composition), Contribution from foreign exchange market subindex, Contribution",PURE_NUMB,0
CISS.D.U2.Z0Z.4F.EC.SS_FXN.CON,D,U2,Z0Z,4F,EC,SS_FXN,CON,2021-01-19,0.024811433709753167,A,F,,,P1D,,V,,,,,,,,,,,,,,,,,4,4F0,,NEW CISS - CISS contribution from foreign exchange market subindex,"Euro area (changing composition), Contribution from foreign exchange market subindex, Contribution",PURE_NUMB,0
CISS.D.U2.Z0Z.4F.EC.SS_FXN.CON,D,U2,Z0Z,4F,EC,SS_FXN,CON,2021-01-20,0.02324131540416971,A,F,,,P1D,,V,,,,,,,,,,,,,,,,,4,4F0,,NEW CISS - CISS contribution from foreign exchange market subindex,"Euro area (changing composition), Contribution from foreign exchange market subindex, Contribution",PURE_NUMB,0
CISS.D.U2.Z0Z.4F.EC.SS_FXN.CON,D,U2,Z0Z,4F,EC,SS_FXN,CON,2021-01-21,0.02130557694025614,A,F,,,P1D,,V,,,,,,,,,,,,,,,,,4,4F0,,NEW CISS - CISS contribution from foreign exchange market subindex,"Euro area (changing composition), Contribution from foreign exchange market subindex, Contribution",PURE_NUMB,0
CISS.D.U2.Z0Z.4F.EC.SS_FXN.CON,D,U2,Z0Z,4F,EC,SS_FXN,CON,2021-01-22,0.019245183555676747,A,F,,,P1D,,V,,,,,,,,,,,,,,,,,4,4F0,,NEW CISS - CISS contribution from foreign exchange market subindex,"Euro area (changing composition), Contribution from foreign exchange market subindex, Contribution",PURE_NUMB,0
CISS.D.U2.Z0Z.4F.EC.SS_FXN.CON,D,U2,Z0Z,4F,EC,SS_FXN,CON,2021-01-25,0.017474252824590197,A,F,,,P1D,,V,,,,,,,,,,,,,,,,,4,4F0,,NEW CISS - CISS contribution from foreign exchange market subindex,"Euro area (changing composition), Contribution from foreign exchange market subindex, Contribution",PURE_NUMB,0
CISS.D.U2.Z0Z.4F.EC.SS_FXN.CON,D,U2,Z0Z,4F,EC,SS_FXN,CON,2021-01-26,0.014304371161898703,A,F,,,P1D,,V,,,,,,,,,,,,,,,,,4,4F0,,NEW CISS - CISS contribution from foreign exchange market subindex,"Euro area (changing composition), Contribution from foreign exchange market subindex, Contribution",PURE_NUMB,0
CISS.D.U2.Z0Z.4F.EC.SS_FXN.CON,D,U2,Z0Z,4F,EC,SS_FXN,CON,2021-01-27,0.012629652545392242,A,F,,,P1D,,V,,,,,,,,,,,,,,,,,4,4F0,,NEW CISS - CISS contribution from foreign exchange market subindex,"Euro area (changing composition), Contribution from foreign exchange market subindex, Contribution",PURE_NUMB,0
CISS.D.U2.Z0Z.4F.EC.SS_FXN.CON,D,U2,Z0Z,4F,EC,SS_FXN,CON,2021-01-28,0.009642841076626765,A,F,,,P1D,,V,,,,,,,,,,,,,,,,,4,4F0,,NEW CISS - CISS contribution from foreign exchange market subindex,"Euro area (changing composition), Contribution from foreign exchange market subindex, Contribution",PURE_NUMB,0
CISS.D.U2.Z0Z.4F.EC.SS_FXN.CON,D,U2,Z0Z,4F,EC,SS_FXN,CON,2021-01-29,0.010723928944420256,A,F,,,P1D,,V,,,,,,,,,,,,,,,,,4,4F0,,NEW CISS - CISS contribution from foreign exchange market subindex,"Euro area (changing composition), Contribution from foreign exchange market subindex, Contribution",PURE_NUMB,0
CISS.D.U2.Z0Z.4F.EC.SS_FXN.CON,D,U2,Z0Z,4F,EC,SS_FXN,CON,2021-02-01,0.014289337017867847,A,F,,,P1D,,V,,,,,,,,,,,,,,,,,4,4F0,,NEW CISS - CISS contribution from foreign exchange market subindex,"Euro area (changing composition), Contribution from foreign exchange market subindex, Contribution",PURE_NUMB,0
CISS.D.U2.Z0Z.4F.EC.SS_FXN.CON,D,U2,Z0Z,4F,EC,SS_FXN,CON,2021-02-02,0.010668033577979309,A,F,,,P1D,,V,,,,,,,,,,,,,,,,,4,4F0,,NEW CISS - CISS contribution from foreign exchange market subindex,"Euro area (changing composition), Contribution from foreign exchange market subindex, Contribution",PURE_NUMB,0
CISS.D.U2.Z0Z.4F.EC.SS_FXN.CON,D,U2,Z0Z,4F,EC,SS_FXN,CON,2021-02-03,0.007304362509233497,A,F,,,P1D,,V,,,,,,,,,,,,,,,,,4,4F0,,NEW CISS - CISS contribution from foreign exchange market subindex,"Euro area (changing composition), Contribution from foreign exchange market subindex, Contribution",PURE_NUMB,0
CISS.D.U2.Z0Z.4F.EC.SS_FXN.CON,D,U2,Z0Z,4F,EC,SS_FXN,CON,2021-02-04,0.017225789640654427,A,F,,,P1D,,V,,,,,,,,,,,,,,,,,4,4F0,,NEW CISS - CISS contribution from foreign exchange market subindex,"Euro area (changing composition), Contribution from foreign exchange market subindex, Contribution",PURE_NUMB,0
CISS.D.U2.Z0Z.4F.EC.SS_FXN.CON,D,U2,Z0Z,4F,EC,SS_FXN,CON,2021-02-05,0.020123464794454756,A,F,,,P1D,,V,,,,,,,,,,,,,,,,,4,4F0,,NEW CISS - CISS contribution from foreign exchange market subindex,"Euro area (changing composition), Contribution from foreign exchange market subindex, Contribution",PURE_NUMB,0
CISS.D.U2.Z0Z.4F.EC.SS_FXN.CON,D,U2,Z0Z,4F,EC,SS_FXN,CON,2021-02-08,0.014840704254113556,A,F,,,P1D,,V,,,,,,,,,,,,,,,,,4,4F0,,NEW CISS - CISS contribution from foreign exchange market subindex,"Euro area (changing composition), Contribution from foreign exchange market subindex, Contribution",PURE_NUMB,0
CISS.D.U2.Z0Z.4F.EC.SS_FXN.CON,D,U2,Z0Z,4F,EC,SS_FXN,CON,2021-02-09,0.014082731131829836,A,F,,,P1D,,V,,,,,,,,,,,,,,,,,4,4F0,,NEW CISS - CISS contribution from foreign exchange market subindex,"Euro area (changing composition), Contribution from foreign exchange market subindex, Contribution",PURE_NUMB,0
CISS.D.U2.Z0Z.4F.EC.SS_FXN.CON,D,U2,Z0Z,4F,EC,SS_FXN,CON,2021-02-10,0.010482361559994834,A,F,,,P1D,,V,,,,,,,,,,,,,,,,,4,4F0,,NEW CISS - CISS contribution from foreign exchange market subindex,"Euro area (changing composition), Contribution from foreign exchange market subindex, Contribution",PURE_NUMB,0
CISS.D.U2.Z0Z.4F.EC.SS_FXN.CON,D,U2,Z0Z,4F,EC,SS_FXN,CON,2021-02-11,0.008204085799358551,A,F,,,P1D,,V,,,,,,,,,,,,,,,,,4,4F0,,NEW CISS - CISS contribution from foreign exchange market subindex,"Euro area (changing composition), Contribution from foreign exchange market subindex, Contribution",PURE_NUMB,0
CISS.D.U2.Z0Z.4F.EC.SS_FXN.CON,D,U2,Z0Z,4F,EC,SS_FXN,CON,2021-02-12,0.00674576733752653,A,F,,,P1D,,V,,,,,,,,,,,,,,,,,4,4F0,,NEW CISS - CISS contribution from foreign exchange market subindex,"Euro area (changing composition), Contribution from foreign exchange market subindex, Contribution",PURE_NUMB,0
CISS.D.U2.Z0Z.4F.EC.SS_FXN.CON,D,U2,Z0Z,4F,EC,SS_FXN,CON,2021-02-15,0.007579088353999811,A,F,,,P1D,,V,,,,,,,,,,,,,,,,,4,4F0,,NEW CISS - CISS contribution from foreign exchange market subindex,"Euro area (changing composition), Contribution from foreign exchange market subindex, Contribution",PURE_NUMB,0
CISS.D.U2.Z0Z.4F.EC.SS_FXN.CON,D,U2,Z0Z,4F,EC,SS_FXN,CON,2021-02-16,0.007018143399048609,A,F,,,P1D,,V,,,,,,,,,,,,,,,,,4,4F0,,NEW CISS - CISS contribution from foreign exchange market subindex,"Euro area (changing composition), Contribution from foreign exchange market subindex, Contribution",PURE_NUMB,0
CISS.D.U2.Z0Z.4F.EC.SS_FXN.CON,D,U2,Z0Z,4F,EC,SS_FXN,CON,2021-02-17,0.011576575135462078,A,F,,,P1D,,V,,,,,,,,,,,,,,,,,4,4F0,,NEW CISS - CISS contribution from foreign exchange market subindex,"Euro area (changing composition), Contribution from foreign exchange market subindex, Contribution",PURE_NUMB,0
CISS.D.U2.Z0Z.4F.EC.SS_FXN.CON,D,U2,Z0Z,4F,EC,SS_FXN,CON,2021-02-18,0.013630681014548039,A,F,,,P1D,,V,,,,,,,,,,,,,,,,,4,4F0,,NEW CISS - CISS contribution from foreign exchange market subindex,"Euro area (changing composition), Contribution from foreign exchange market subindex, Contribution",PURE_NUMB,0
CISS.D.U2.Z0Z.4F.EC.SS_FXN.CON,D,U2,Z0Z,4F,EC,SS_FXN,CON,2021-02-19,0.010074362798596425,A,F,,,P1D,,V,,,,,,,,,,,,,,,,,4,4F0,,NEW CISS - CISS contribution from foreign exchange market subindex,"Euro area (changing composition), Contribution from foreign exchange market subindex, Contribution",PURE_NUMB,0
CISS.D.U2.Z0Z.4F.EC.SS_FXN.CON,D,U2,Z0Z,4F,EC,SS_FXN,CON,2021-02-22,0.007753321493456127,A,F,,,P1D,,V,,,,,,,,,,,,,,,,,4,4F0,,NEW CISS - CISS contribution from foreign exchange market subindex,"Euro area (changing composition), Contribution from foreign exchange market subindex, Contribution",PURE_NUMB,0
CISS.D.U2.Z0Z.4F.EC.SS_FXN.CON,D,U2,Z0Z,4F,EC,SS_FXN,CON,2021-02-23,0.0074311515988796945,A,F,,,P1D,,V,,,,,,,,,,,,,,,,,4,4F0,,NEW CISS - CISS contribution from foreign exchange market subindex,"Euro area (changing composition), Contribution from foreign exchange market subindex, Contribution",PURE_NUMB,0
CISS.D.U2.Z0Z.4F.EC.SS_FXN.CON,D,U2,Z0Z,4F,EC,SS_FXN,CON,2021-02-24,0.008488991833383256,A,F,,,P1D,,V,,,,,,,,,,,,,,,,,4,4F0,,NEW CISS - CISS contribution from foreign exchange market subindex,"Euro area (changing composition), Contribution from foreign exchange market subindex, Contribution",PURE_NUMB,0
CISS.D.U2.Z0Z.4F.EC.SS_FXN.CON,D,U2,Z0Z,4F,EC,SS_FXN,CON,2021-02-25,0.02285772387067572,A,F,,,P1D,,V,,,,,,,,,,,,,,,,,4,4F0,,NEW CISS - CISS contribution from foreign exchange market subindex,"Euro area (changing composition), Contribution from foreign exchange market subindex, Contribution",PURE_NUMB,0
CISS.D.U2.Z0Z.4F.EC.SS_FXN.CON,D,U2,Z0Z,4F,EC,SS_FXN,CON,2021-02-26,0.029317897269259204,A,F,,,P1D,,V,,,,,,,,,,,,,,,,,4,4F0,,NEW CISS - CISS contribution from foreign exchange market subindex,"Euro area (changing composition), Contribution from foreign exchange market subindex, Contribution",PURE_NUMB,0
CISS.D.U2.Z0Z.4F.EC.SS_FXN.CON,D,U2,Z0Z,4F,EC,SS_FXN,CON,2021-03-01,0.024359745235261757,A,F,,,P1D,,V,,,,,,,,,,,,,,,,,4,4F0,,NEW CISS - CISS contribution from foreign exchange market subindex,"Euro area (changing composition), Contribution from foreign exchange market subindex, Contribution",PURE_NUMB,0
CISS.D.U2.Z0Z.4F.EC.SS_FXN.CON,D,U2,Z0Z,4F,EC,SS_FXN,CON,2021-03-02,0.020477916357391258,A,F,,,P1D,,V,,,,,,,,,,,,,,,,,4,4F0,,NEW CISS - CISS contribution from foreign exchange market subindex,"Euro area (changing composition), Contribution from foreign exchange market subindex, Contribution",PURE_NUMB,0
CISS.D.U2.Z0Z.4F.EC.SS_FXN.CON,D,U2,Z0Z,4F,EC,SS_FXN,CON,2021-03-03,0.016586543305881586,A,F,,,P1D,,V,,,,,,,,,,,,,,,,,4,4F0,,NEW CISS - CISS contribution from foreign exchange market subindex,"Euro area (changing composition), Contribution from foreign exchange market subindex, Contribution",PURE_NUMB,0
CISS.D.U2.Z0Z.4F.EC.SS_FXN.CON,D,U2,Z0Z,4F,EC,SS_FXN,CON,2021-03-04,0.02167281154966774,A,F,,,P1D,,V,,,,,,,,,,,,,,,,,4,4F0,,NEW CISS - CISS contribution from foreign exchange market subindex,"Euro area (changing composition), Contribution from foreign exchange market subindex, Contribution",PURE_NUMB,0
CISS.D.U2.Z0Z.4F.EC.SS_FXN.CON,D,U2,Z0Z,4F,EC,SS_FXN,CON,2021-03-05,0.018184568720031703,A,F,,,P1D,,V,,,,,,,,,,,,,,,,,4,4F0,,NEW CISS - CISS contribution from foreign exchange market subindex,"Euro area (changing composition), Contribution from foreign exchange market subindex, Contribution",PURE_NUMB,0
CISS.D.U2.Z0Z.4F.EC.SS_FXN.CON,D,U2,Z0Z,4F,EC,SS_FXN,CON,2021-03-08,0.022207705721766675,A,F,,,P1D,,V,,,,,,,,,,,,,,,,,4,4F0,,NEW CISS - CISS contribution from foreign exchange market subindex,"Euro area (changing composition), Contribution from foreign exchange market subindex, Contribution",PURE_NUMB,0
CISS.D.U2.Z0Z.4F.EC.SS_FXN.CON,D,U2,Z0Z,4F,EC,SS_FXN,CON,2021-03-09,0.018929090096928287,A,F,,,P1D,,V,,,,,,,,,,,,,,,,,4,4F0,,NEW CISS - CISS contribution from foreign exchange market subindex,"Euro area (changing composition), Contribution from foreign exchange market subindex, Contribution",PURE_NUMB,0
CISS.D.U2.Z0Z.4F.EC.SS_FXN.CON,D,U2,Z0Z,4F,EC,SS_FXN,CON,2021-03-10,0.014272907625202415,A,F,,,P1D,,V,,,,,,,,,,,,,,,,,4,4F0,,NEW CISS - CISS contribution from foreign exchange market subindex,"Euro area (changing composition), Contribution from foreign exchange market subindex, Contribution",PURE_NUMB,0
CISS.D.U2.Z0Z.4F.EC.SS_FXN.CON,D,U2,Z0Z,4F,EC,SS_FXN,CON,2021-03-11,0.01471594355388416,A,F,,,P1D,,V,,,,,,,,,,,,,,,,,4,4F0,,NEW CISS - CISS contribution from foreign exchange market subindex,"Euro area (changing composition), Contribution from foreign exchange market subindex, Contribution",PURE_NUMB,0
CISS.D.U2.Z0Z.4F.EC.SS_FXN.CON,D,U2,Z0Z,4F,EC,SS_FXN,CON,2021-03-12,0.012464584083095467,A,F,,,P1D,,V,,,,,,,,,,,,,,,,,4,4F0,,NEW CISS - CISS contribution from foreign exchange market subindex,"Euro area (changing composition), Contribution from foreign exchange market subindex, Contribution",PURE_NUMB,0
CISS.D.U2.Z0Z.4F.EC.SS_FXN.CON,D,U2,Z0Z,4F,EC,SS_FXN,CON,2021-03-15,0.009341619174858628,A,F,,,P1D,,V,,,,,,,,,,,,,,,,,4,4F0,,NEW CISS - CISS contribution from foreign exchange market subindex,"Euro area (changing composition), Contribution from foreign exchange market subindex, Contribution",PURE_NUMB,0
CISS.D.U2.Z0Z.4F.EC.SS_FXN.CON,D,U2,Z0Z,4F,EC,SS_FXN,CON,2021-03-16,0.0078731481893713,A,F,,,P1D,,V,,,,,,,,,,,,,,,,,4,4F0,,NEW CISS - CISS contribution from foreign exchange market subindex,"Euro area (changing composition), Contribution from foreign exchange market subindex, Contribution",PURE_NUMB,0
CISS.D.U2.Z0Z.4F.EC.SS_FXN.CON,D,U2,Z0Z,4F,EC,SS_FXN,CON,2021-03-17,0.0106773098815364,A,F,,,P1D,,V,,,,,,,,,,,,,,,,,4,4F0,,NEW CISS - CISS contribution from foreign exchange market subindex,"Euro area (changing composition), Contribution from foreign exchange market subindex, Contribution",PURE_NUMB,0
CISS.D.U2.Z0Z.4F.EC.SS_FXN.CON,D,U2,Z0Z,4F,EC,SS_FXN,CON,2021-03-18,0.012531255019745571,A,F,,,P1D,,V,,,,,,,,,,,,,,,,,4,4F0,,NEW CISS - CISS contribution from foreign exchange market subindex,"Euro area (changing composition), Contribution from foreign exchange market subindex, Contribution",PURE_NUMB,0
CISS.D.U2.Z0Z.4F.EC.SS_FXN.CON,D,U2,Z0Z,4F,EC,SS_FXN,CON,2021-03-19,0.010243369041194753,A,F,,,P1D,,V,,,,,,,,,,,,,,,,,4,4F0,,NEW CISS - CISS contribution from foreign exchange market subindex,"Euro area (changing composition), Contribution from foreign exchange market subindex, Contribution",PURE_NUMB,0
CISS.D.U2.Z0Z.4F.EC.SS_FXN.CON,D,U2,Z0Z,4F,EC,SS_FXN,CON,2021-03-22,0.009184838612283074,A,F,,,P1D,,V,,,,,,,,,,,,,,,,,4,4F0,,NEW CISS - CISS contribution from foreign exchange market subindex,"Euro area (changing composition), Contribution from foreign exchange market subindex, Contribution",PURE_NUMB,0
CISS.D.U2.Z0Z.4F.EC.SS_FXN.CON,D,U2,Z0Z,4F,EC,SS_FXN,CON,2021-03-23,0.018027084893625242,A,F,,,P1D,,V,,,,,,,,,,,,,,,,,4,4F0,,NEW CISS - CISS contribution from foreign exchange market subindex,"Euro area (changing composition), Contribution from foreign exchange market subindex, Contribution",PURE_NUMB,0
CISS.D.U2.Z0Z.4F.EC.SS_FXN.CON,D,U2,Z0Z,4F,EC,SS_FXN,CON,2021-03-24,0.014705017196223455,A,F,,,P1D,,V,,,,,,,,,,,,,,,,,4,4F0,,NEW CISS - CISS contribution from foreign exchange market subindex,"Euro area (changing composition), Contribution from foreign exchange market subindex, Contribution",PURE_NUMB,0
CISS.D.U2.Z0Z.4F.EC.SS_FXN.CON,D,U2,Z0Z,4F,EC,SS_FXN,CON,2021-03-25,0.02037248433467484,A,F,,,P1D,,V,,,,,,,,,,,,,,,,,4,4F0,,NEW CISS - CISS contribution from foreign exchange market subindex,"Euro area (changing composition), Contribution from foreign exchange market subindex, Contribution",PURE_NUMB,0
CISS.D.U2.Z0Z.4F.EC.SS_FXN.CON,D,U2,Z0Z,4F,EC,SS_FXN,CON,2021-03-26,0.020067421421135243,A,F,,,P1D,,V,,,,,,,,,,,,,,,,,4,4F0,,NEW CISS - CISS contribution from foreign exchange market subindex,"Euro area (changing composition), Contribution from foreign exchange market subindex, Contribution",PURE_NUMB,0
CISS.D.U2.Z0Z.4F.EC.SS_FXN.CON,D,U2,Z0Z,4F,EC,SS_FXN,CON,2021-03-29,0.0154212540145226,A,F,,,P1D,,V,,,,,,,,,,,,,,,,,4,4F0,,NEW CISS - CISS contribution from foreign exchange market subindex,"Euro area (changing composition), Contribution from foreign exchange market subindex, Contribution",PURE_NUMB,0
CISS.D.U2.Z0Z.4F.EC.SS_FXN.CON,D,U2,Z0Z,4F,EC,SS_FXN,CON,2021-03-30,0.0141637112719218,A,F,,,P1D,,V,,,,,,,,,,,,,,,,,4,4F0,,NEW CISS - CISS contribution from foreign exchange market subindex,"Euro area (changing composition), Contribution from foreign exchange market subindex, Contribution",PURE_NUMB,0
CISS.D.U2.Z0Z.4F.EC.SS_FXN.CON,D,U2,Z0Z,4F,EC,SS_FXN,CON,2021-03-31,0.012096113105409867,A,F,,,P1D,,V,,,,,,,,,,,,,,,,,4,4F0,,NEW CISS - CISS contribution from foreign exchange market subindex,"Euro area (changing composition), Contribution from foreign exchange market subindex, Contribution",PURE_NUMB,0
CISS.D.U2.Z0Z.4F.EC.SS_FXN.CON,D,U2,Z0Z,4F,EC,SS_FXN,CON,2021-04-01,0.010519432931008026,A,F,,,P1D,,V,,,,,,,,,,,,,,,,,4,4F0,,NEW CISS - CISS contribution from foreign exchange market subindex,"Euro area (changing composition), Contribution from foreign exchange market subindex, Contribution",PURE_NUMB,0
CISS.D.U2.Z0Z.4F.EC.SS_FXN.CON,D,U2,Z0Z,4F,EC,SS_FXN,CON,2021-04-02,0.007196973884868054,A,F,,,P1D,,V,,,,,,,,,,,,,,,,,4,4F0,,NEW CISS - CISS contribution from foreign exchange market subindex,"Euro area (changing composition), Contribution from foreign exchange market subindex, Contribution",PURE_NUMB,0
CISS.D.U2.Z0Z.4F.EC.SS_FXN.CON,D,U2,Z0Z,4F,EC,SS_FXN,CON,2021-04-05,0.005875293256703037,A,F,,,P1D,,V,,,,,,,,,,,,,,,,,4,4F0,,NEW CISS - CISS contribution from foreign exchange market subindex,"Euro area (changing composition), Contribution from foreign exchange market subindex, Contribution",PURE_NUMB,0
CISS.D.U2.Z0Z.4F.EC.SS_FXN.CON,D,U2,Z0Z,4F,EC,SS_FXN,CON,2021-04-06,0.01931245087502752,A,F,,,P1D,,V,,,,,,,,,,,,,,,,,4,4F0,,NEW CISS - CISS contribution from foreign exchange market subindex,"Euro area (changing composition), Contribution from foreign exchange market subindex, Contribution",PURE_NUMB,0
CISS.D.U2.Z0Z.4F.EC.SS_FXN.CON,D,U2,Z0Z,4F,EC,SS_FXN,CON,2021-04-07,0.01882842011982342,A,F,,,P1D,,V,,,,,,,,,,,,,,,,,4,4F0,,NEW CISS - CISS contribution from foreign exchange market subindex,"Euro area (changing composition), Contribution from foreign exchange market subindex, Contribution",PURE_NUMB,0
CISS.D.U2.Z0Z.4F.EC.SS_FXN.CON,D,U2,Z0Z,4F,EC,SS_FXN,CON,2021-04-08,0.016977989992636833,A,F,,,P1D,,V,,,,,,,,,,,,,,,,,4,4F0,,NEW CISS - CISS contribution from foreign exchange market subindex,"Euro area (changing composition), Contribution from foreign exchange market subindex, Contribution",PURE_NUMB,0
CISS.D.U2.Z0Z.4F.EC.SS_FXN.CON,D,U2,Z0Z,4F,EC,SS_FXN,CON,2021-04-09,0.014267211213491629,A,F,,,P1D,,V,,,,,,,,,,,,,,,,,4,4F0,,NEW CISS - CISS contribution from foreign exchange market subindex,"Euro area (changing composition), Contribution from foreign exchange market subindex, Contribution",PURE_NUMB,0
CISS.D.U2.Z0Z.4F.EC.SS_FXN.CON,D,U2,Z0Z,4F,EC,SS_FXN,CON,2021-04-12,0.011577456860829838,A,F,,,P1D,,V,,,,,,,,,,,,,,,,,4,4F0,,NEW CISS - CISS contribution from foreign exchange market subindex,"Euro area (changing composition), Contribution from foreign exchange market subindex, Contribution",PURE_NUMB,0
CISS.D.U2.Z0Z.4F.EC.SS_FXN.CON,D,U2,Z0Z,4F,EC,SS_FXN,CON,2021-04-13,0.009854848934083175,A,F,,,P1D,,V,,,,,,,,,,,,,,,,,4,4F0,,NEW CISS - CISS contribution from foreign exchange market subindex,"Euro area (changing composition), Contribution from foreign exchange market subindex, Contribution",PURE_NUMB,0
CISS.D.U2.Z0Z.4F.EC.SS_FXN.CON,D,U2,Z0Z,4F,EC,SS_FXN,CON,2021-04-14,0.007801633590524347,A,F,,,P1D,,V,,,,,,,,,,,,,,,,,4,4F0,,NEW CISS - CISS contribution from foreign exchange market subindex,"Euro area (changing composition), Contribution from foreign exchange market subindex, Contribution",PURE_NUMB,0
CISS.D.U2.Z0Z.4F.EC.SS_FXN.CON,D,U2,Z0Z,4F,EC,SS_FXN,CON,2021-04-15,0.00653934249838475,A,F,,,P1D,,V,,,,,,,,,,,,,,,,,4,4F0,,NEW CISS - CISS contribution from foreign exchange market subindex,"Euro area (changing composition), Contribution from foreign exchange market subindex, Contribution",PURE_NUMB,0
CISS.D.U2.Z0Z.4F.EC.SS_FXN.CON,D,U2,Z0Z,4F,EC,SS_FXN,CON,2021-04-16,0.005514782276916623,A,F,,,P1D,,V,,,,,,,,,,,,,,,,,4,4F0,,NEW CISS - CISS contribution from foreign exchange market subindex,"Euro area (changing composition), Contribution from foreign exchange market subindex, Contribution",PURE_NUMB,0
CISS.D.U2.Z0Z.4F.EC.SS_FXN.CON,D,U2,Z0Z,4F,EC,SS_FXN,CON,2021-04-19,0.010560579744898452,A,F,,,P1D,,V,,,,,,,,,,,,,,,,,4,4F0,,NEW CISS - CISS contribution from foreign exchange market subindex,"Euro area (changing composition), Contribution from foreign exchange market subindex, Contribution",PURE_NUMB,0
CISS.D.U2.Z0Z.4F.EC.SS_FXN.CON,D,U2,Z0Z,4F,EC,SS_FXN,CON,2021-04-20,0.011725545462171057,A,F,,,P1D,,V,,,,,,,,,,,,,,,,,4,4F0,,NEW CISS - CISS contribution from foreign exchange market subindex,"Euro area (changing composition), Contribution from foreign exchange market subindex, Contribution",PURE_NUMB,0
CISS.D.U2.Z0Z.4F.EC.SS_FXN.CON,D,U2,Z0Z,4F,EC,SS_FXN,CON,2021-04-21,0.008913680431874776,A,F,,,P1D,,V,,,,,,,,,,,,,,,,,4,4F0,,NEW CISS - CISS contribution from foreign exchange market subindex,"Euro area (changing composition), Contribution from foreign exchange market subindex, Contribution",PURE_NUMB,0
CISS.D.U2.Z0Z.4F.EC.SS_FXN.CON,D,U2,Z0Z,4F,EC,SS_FXN,CON,2021-04-22,0.009979177180527253,A,F,,,P1D,,V,,,,,,,,,,,,,,,,,4,4F0,,NEW CISS - CISS contribution from foreign exchange market subindex,"Euro area (changing composition), Contribution from foreign exchange market subindex, Contribution",PURE_NUMB,0
CISS.D.U2.Z0Z.4F.EC.SS_FXN.CON,D,U2,Z0Z,4F,EC,SS_FXN,CON,2021-04-23,0.01416101999629686,A,F,,,P1D,,V,,,,,,,,,,,,,,,,,4,4F0,,NEW CISS - CISS contribution from foreign exchange market subindex,"Euro area (changing composition), Contribution from foreign exchange market subindex, Contribution",PURE_NUMB,0
CISS.D.U2.Z0Z.4F.EC.SS_FXN.CON,D,U2,Z0Z,4F,EC,SS_FXN,CON,2021-04-26,0.011816756069265652,A,F,,,P1D,,V,,,,,,,,,,,,,,,,,4,4F0,,NEW CISS - CISS contribution from foreign exchange market subindex,"Euro area (changing composition), Contribution from foreign exchange market subindex, Contribution",PURE_NUMB,0
CISS.D.U2.Z0Z.4F.EC.SS_FXN.CON,D,U2,Z0Z,4F,EC,SS_FXN,CON,2021-04-27,0.011173802609023495,A,F,,,P1D,,V,,,,,,,,,,,,,,,,,4,4F0,,NEW CISS - CISS contribution from foreign exchange market subindex,"Euro area (changing composition), Contribution from foreign exchange market subindex, Contribution",PURE_NUMB,0
CISS.D.U2.Z0Z.4F.EC.SS_FXN.CON,D,U2,Z0Z,4F,EC,SS_FXN,CON,2021-04-28,0.008901461434068145,A,F,,,P1D,,V,,,,,,,,,,,,,,,,,4,4F0,,NEW CISS - CISS contribution from foreign exchange market subindex,"Euro area (changing composition), Contribution from foreign exchange market subindex, Contribution",PURE_NUMB,0
CISS.D.U2.Z0Z.4F.EC.SS_FXN.CON,D,U2,Z0Z,4F,EC,SS_FXN,CON,2021-04-29,0.00704046741844488,A,F,,,P1D,,V,,,,,,,,,,,,,,,,,4,4F0,,NEW CISS - CISS contribution from foreign exchange market subindex,"Euro area (changing composition), Contribution from foreign exchange market subindex, Contribution",PURE_NUMB,0
CISS.D.U2.Z0Z.4F.EC.SS_FXN.CON,D,U2,Z0Z,4F,EC,SS_FXN,CON,2021-04-30,0.011111497169856455,A,F,,,P1D,,V,,,,,,,,,,,,,,,,,4,4F0,,NEW CISS - CISS contribution from foreign exchange market subindex,"Euro area (changing composition), Contribution from foreign exchange market subindex, Contribution",PURE_NUMB,0
CISS.D.U2.Z0Z.4F.EC.SS_FXN.CON,D,U2,Z0Z,4F,EC,SS_FXN,CON,2021-05-03,0.01002939580710953,A,F,,,P1D,,V,,,,,,,,,,,,,,,,,4,4F0,,NEW CISS - CISS contribution from foreign exchange market subindex,"Euro area (changing composition), Contribution from foreign exchange market subindex, Contribution",PURE_NUMB,0
CISS.D.U2.Z0Z.4F.EC.SS_FXN.CON,D,U2,Z0Z,4F,EC,SS_FXN,CON,2021-05-04,0.01008830495616225,A,F,,,P1D,,V,,,,,,,,,,,,,,,,,4,4F0,,NEW CISS - CISS contribution from foreign exchange market subindex,"Euro area (changing composition), Contribution from foreign exchange market subindex, Contribution",PURE_NUMB,0
CISS.D.U2.Z0Z.4F.EC.SS_FXN.CON,D,U2,Z0Z,4F,EC,SS_FXN,CON,2021-05-05,0.008028108006431183,A,F,,,P1D,,V,,,,,,,,,,,,,,,,,4,4F0,,NEW CISS - CISS contribution from foreign exchange market subindex,"Euro area (changing composition), Contribution from foreign exchange market subindex, Contribution",PURE_NUMB,0
CISS.D.U2.Z0Z.4F.EC.SS_FXN.CON,D,U2,Z0Z,4F,EC,SS_FXN,CON,2021-05-06,0.013309894534525636,A,F,,,P1D,,V,,,,,,,,,,,,,,,,,4,4F0,,NEW CISS - CISS contribution from foreign exchange market subindex,"Euro area (changing composition), Contribution from foreign exchange market subindex, Contribution",PURE_NUMB,0
CISS.D.U2.Z0Z.4F.EC.SS_FXN.CON,D,U2,Z0Z,4F,EC,SS_FXN,CON,2021-05-07,0.016539890666440092,A,F,,,P1D,,V,,,,,,,,,,,,,,,,,4,4F0,,NEW CISS - CISS contribution from foreign exchange market subindex,"Euro area (changing composition), Contribution from foreign exchange market subindex, Contribution",PURE_NUMB,0
CISS.D.U2.Z0Z.4F.EC.SS_FXN.CON,D,U2,Z0Z,4F,EC,SS_FXN,CON,2021-05-10,0.03040748332187085,A,F,,,P1D,,V,,,,,,,,,,,,,,,,,4,4F0,,NEW CISS - CISS contribution from foreign exchange market subindex,"Euro area (changing composition), Contribution from foreign exchange market subindex, Contribution",PURE_NUMB,0
CISS.D.U2.Z0Z.4F.EC.SS_FXN.CON,D,U2,Z0Z,4F,EC,SS_FXN,CON,2021-05-11,0.028984430663049253,A,F,,,P1D,,V,,,,,,,,,,,,,,,,,4,4F0,,NEW CISS - CISS contribution from foreign exchange market subindex,"Euro area (changing composition), Contribution from foreign exchange market subindex, Contribution",PURE_NUMB,0
CISS.D.U2.Z0Z.4F.EC.SS_FXN.CON,D,U2,Z0Z,4F,EC,SS_FXN,CON,2021-05-12,0.02934050530020426,A,F,,,P1D,,V,,,,,,,,,,,,,,,,,4,4F0,,NEW CISS - CISS contribution from foreign exchange market subindex,"Euro area (changing composition), Contribution from foreign exchange market subindex, Contribution",PURE_NUMB,0
CISS.D.U2.Z0Z.4F.EC.SS_FXN.CON,D,U2,Z0Z,4F,EC,SS_FXN,CON,2021-05-13,0.023300434913117875,A,F,,,P1D,,V,,,,,,,,,,,,,,,,,4,4F0,,NEW CISS - CISS contribution from foreign exchange market subindex,"Euro area (changing composition), Contribution from foreign exchange market subindex, Contribution",PURE_NUMB,0
CISS.D.U2.Z0Z.4F.EC.SS_FXN.CON,D,U2,Z0Z,4F,EC,SS_FXN,CON,2021-05-14,0.02251488043202792,A,F,,,P1D,,V,,,,,,,,,,,,,,,,,4,4F0,,NEW CISS - CISS contribution from foreign exchange market subindex,"Euro area (changing composition), Contribution from foreign exchange market subindex, Contribution",PURE_NUMB,0
CISS.D.U2.Z0Z.4F.EC.SS_FXN.CON,D,U2,Z0Z,4F,EC,SS_FXN,CON,2021-05-17,0.017554628066998552,A,F,,,P1D,,V,,,,,,,,,,,,,,,,,4,4F0,,NEW CISS - CISS contribution from foreign exchange market subindex,"Euro area (changing composition), Contribution from foreign exchange market subindex, Contribution",PURE_NUMB,0
CISS.D.U2.Z0Z.4F.EC.SS_FXN.CON,D,U2,Z0Z,4F,EC,SS_FXN,CON,2021-05-18,0.016977674943074082,A,F,,,P1D,,V,,,,,,,,,,,,,,,,,4,4F0,,NEW CISS - CISS contribution from foreign exchange market subindex,"Euro area (changing composition), Contribution from foreign exchange market subindex, Contribution",PURE_NUMB,0
CISS.D.U2.Z0Z.4F.EC.SS_FXN.CON,D,U2,Z0Z,4F,EC,SS_FXN,CON,2021-05-19,0.015339982578881467,A,F,,,P1D,,V,,,,,,,,,,,,,,,,,4,4F0,,NEW CISS - CISS contribution from foreign exchange market subindex,"Euro area (changing composition), Contribution from foreign exchange market subindex, Contribution",PURE_NUMB,0
CISS.D.U2.Z0Z.4F.EC.SS_FXN.CON,D,U2,Z0Z,4F,EC,SS_FXN,CON,2021-05-20,0.013312282139580849,A,F,,,P1D,,V,,,,,,,,,,,,,,,,,4,4F0,,NEW CISS - CISS contribution from foreign exchange market subindex,"Euro area (changing composition), Contribution from foreign exchange market subindex, Contribution",PURE_NUMB,0
CISS.D.U2.Z0Z.4F.EC.SS_FXN.CON,D,U2,Z0Z,4F,EC,SS_FXN,CON,2021-05-21,0.011147220141154612,A,F,,,P1D,,V,,,,,,,,,,,,,,,,,4,4F0,,NEW CISS - CISS contribution from foreign exchange market subindex,"Euro area (changing composition), Contribution from foreign exchange market subindex, Contribution",PURE_NUMB,0
CISS.D.U2.Z0Z.4F.EC.SS_FXN.CON,D,U2,Z0Z,4F,EC,SS_FXN,CON,2021-05-24,0.009284900034910906,A,F,,,P1D,,V,,,,,,,,,,,,,,,,,4,4F0,,NEW CISS - CISS contribution from foreign exchange market subindex,"Euro area (changing composition), Contribution from foreign exchange market subindex, Contribution",PURE_NUMB,0
CISS.D.U2.Z0Z.4F.EC.SS_FXN.CON,D,U2,Z0Z,4F,EC,SS_FXN,CON,2021-05-25,0.008722498833369936,A,F,,,P1D,,V,,,,,,,,,,,,,,,,,4,4F0,,NEW CISS - CISS contribution from foreign exchange market subindex,"Euro area (changing composition), Contribution from foreign exchange market subindex, Contribution",PURE_NUMB,0
CISS.D.U2.Z0Z.4F.EC.SS_FXN.CON,D,U2,Z0Z,4F,EC,SS_FXN,CON,2021-05-26,0.009263541691980872,A,F,,,P1D,,V,,,,,,,,,,,,,,,,,4,4F0,,NEW CISS - CISS contribution from foreign exchange market subindex,"Euro area (changing composition), Contribution from foreign exchange market subindex, Contribution",PURE_NUMB,0
CISS.D.U2.Z0Z.4F.EC.SS_FXN.CON,D,U2,Z0Z,4F,EC,SS_FXN,CON,2021-05-27,0.012433574156735412,A,F,,,P1D,,V,,,,,,,,,,,,,,,,,4,4F0,,NEW CISS - CISS contribution from foreign exchange market subindex,"Euro area (changing composition), Contribution from foreign exchange market subindex, Contribution",PURE_NUMB,0
CISS.D.U2.Z0Z.4F.EC.SS_FXN.CON,D,U2,Z0Z,4F,EC,SS_FXN,CON,2021-05-28,0.008939210059221651,A,F,,,P1D,,V,,,,,,,,,,,,,,,,,4,4F0,,NEW CISS - CISS contribution from foreign exchange market subindex,"Euro area (changing composition), Contribution from foreign exchange market subindex, Contribution",PURE_NUMB,0
CISS.D.U2.Z0Z.4F.EC.SS_FXN.CON,D,U2,Z0Z,4F,EC,SS_FXN,CON,2021-05-31,0.007062378957346209,A,F,,,P1D,,V,,,,,,,,,,,,,,,,,4,4F0,,NEW CISS - CISS contribution from foreign exchange market subindex,"Euro area (changing composition), Contribution from foreign exchange market subindex, Contribution",PURE_NUMB,0
CISS.D.U2.Z0Z.4F.EC.SS_FXN.CON,D,U2,Z0Z,4F,EC,SS_FXN,CON,2021-06-01,0.006250512471776928,A,F,,,P1D,,V,,,,,,,,,,,,,,,,,4,4F0,,NEW CISS - CISS contribution from foreign exchange market subindex,"Euro area (changing composition), Contribution from foreign exchange market subindex, Contribution",PURE_NUMB,0
CISS.D.U2.Z0Z.4F.EC.SS_FXN.CON,D,U2,Z0Z,4F,EC,SS_FXN,CON,2021-06-02,0.004676237337656728,A,F,,,P1D,,V,,,,,,,,,,,,,,,,,4,4F0,,NEW CISS - CISS contribution from foreign exchange market subindex,"Euro area (changing composition), Contribution from foreign exchange market subindex, Contribution",PURE_NUMB,0
CISS.D.U2.Z0Z.4F.EC.SS_FXN.CON,D,U2,Z0Z,4F,EC,SS_FXN,CON,2021-06-03,0.006774711674398614,A,F,,,P1D,,V,,,,,,,,,,,,,,,,,4,4F0,,NEW CISS - CISS contribution from foreign exchange market subindex,"Euro area (changing composition), Contribution from foreign exchange market subindex, Contribution",PURE_NUMB,0
CISS.D.U2.Z0Z.4F.EC.SS_FXN.CON,D,U2,Z0Z,4F,EC,SS_FXN,CON,2021-06-04,0.005664037108832807,A,F,,,P1D,,V,,,,,,,,,,,,,,,,,4,4F0,,NEW CISS - CISS contribution from foreign exchange market subindex,"Euro area (changing composition), Contribution from foreign exchange market subindex, Contribution",PURE_NUMB,0
CISS.D.U2.Z0Z.4F.EC.SS_FXN.CON,D,U2,Z0Z,4F,EC,SS_FXN,CON,2021-06-07,0.00394369857177582,A,F,,,P1D,,V,,,,,,,,,,,,,,,,,4,4F0,,NEW CISS - CISS contribution from foreign exchange market subindex,"Euro area (changing composition), Contribution from foreign exchange market subindex, Contribution",PURE_NUMB,0
CISS.D.U2.Z0Z.4F.EC.SS_FXN.CON,D,U2,Z0Z,4F,EC,SS_FXN,CON,2021-06-08,0.0027946032172348127,A,F,,,P1D,,V,,,,,,,,,,,,,,,,,4,4F0,,NEW CISS - CISS contribution from foreign exchange market subindex,"Euro area (changing composition), Contribution from foreign exchange market subindex, Contribution",PURE_NUMB,0
CISS.D.U2.Z0Z.4F.EC.SS_FXN.CON,D,U2,Z0Z,4F,EC,SS_FXN,CON,2021-06-09,0.002676883887075368,A,F,,,P1D,,V,,,,,,,,,,,,,,,,,4,4F0,,NEW CISS - CISS contribution from foreign exchange market subindex,"Euro area (changing composition), Contribution from foreign exchange market subindex, Contribution",PURE_NUMB,0
CISS.D.U2.Z0Z.4F.EC.SS_FXN.CON,D,U2,Z0Z,4F,EC,SS_FXN,CON,2021-06-10,0.003978937924781848,A,F,,,P1D,,V,,,,,,,,,,,,,,,,,4,4F0,,NEW CISS - CISS contribution from foreign exchange market subindex,"Euro area (changing composition), Contribution from foreign exchange market subindex, Contribution",PURE_NUMB,0
CISS.D.U2.Z0Z.4F.EC.SS_FXN.CON,D,U2,Z0Z,4F,EC,SS_FXN,CON,2021-06-11,0.004022324478914112,A,F,,,P1D,,V,,,,,,,,,,,,,,,,,4,4F0,,NEW CISS - CISS contribution from foreign exchange market subindex,"Euro area (changing composition), Contribution from foreign exchange market subindex, Contribution",PURE_NUMB,0
CISS.D.U2.Z0Z.4F.EC.SS_FXN.CON,D,U2,Z0Z,4F,EC,SS_FXN,CON,2021-06-14,0.0031333865791614243,A,F,,,P1D,,V,,,,,,,,,,,,,,,,,4,4F0,,NEW CISS - CISS contribution from foreign exchange market subindex,"Euro area (changing composition), Contribution from foreign exchange market subindex, Contribution",PURE_NUMB,0
CISS.D.U2.Z0Z.4F.EC.SS_FXN.CON,D,U2,Z0Z,4F,EC,SS_FXN,CON,2021-06-15,0.0026039667124693714,A,F,,,P1D,,V,,,,,,,,,,,,,,,,,4,4F0,,NEW CISS - CISS contribution from foreign exchange market subindex,"Euro area (changing composition), Contribution from foreign exchange market subindex, Contribution",PURE_NUMB,0
CISS.D.U2.Z0Z.4F.EC.SS_FXN.CON,D,U2,Z0Z,4F,EC,SS_FXN,CON,2021-06-16,0.01185461897864063,A,F,,,P1D,,V,,,,,,,,,,,,,,,,,4,4F0,,NEW CISS - CISS contribution from foreign exchange market subindex,"Euro area (changing composition), Contribution from foreign exchange market subindex, Contribution",PURE_NUMB,0
CISS.D.U2.Z0Z.4F.EC.SS_FXN.CON,D,U2,Z0Z,4F,EC,SS_FXN,CON,2021-06-17,0.02166920484277528,A,F,,,P1D,,V,,,,,,,,,,,,,,,,,4,4F0,,NEW CISS - CISS contribution from foreign exchange market subindex,"Euro area (changing composition), Contribution from foreign exchange market subindex, Contribution",PURE_NUMB,0
CISS.D.U2.Z0Z.4F.EC.SS_FXN.CON,D,U2,Z0Z,4F,EC,SS_FXN,CON,2021-06-18,0.025680814061261412,A,F,,,P1D,,V,,,,,,,,,,,,,,,,,4,4F0,,NEW CISS - CISS contribution from foreign exchange market subindex,"Euro area (changing composition), Contribution from foreign exchange market subindex, Contribution",PURE_NUMB,0
CISS.D.U2.Z0Z.4F.EC.SS_FXN.CON,D,U2,Z0Z,4F,EC,SS_FXN,CON,2021-06-21,0.026781398848050874,A,F,,,P1D,,V,,,,,,,,,,,,,,,,,4,4F0,,NEW CISS - CISS contribution from foreign exchange market subindex,"Euro area (changing composition), Contribution from foreign exchange market subindex, Contribution",PURE_NUMB,0
CISS.D.U2.Z0Z.4F.EC.SS_FXN.CON,D,U2,Z0Z,4F,EC,SS_FXN,CON,2021-06-22,0.022148224137006192,A,F,,,P1D,,V,,,,,,,,,,,,,,,,,4,4F0,,NEW CISS - CISS contribution from foreign exchange market subindex,"Euro area (changing composition), Contribution from foreign exchange market subindex, Contribution",PURE_NUMB,0
CISS.D.U2.Z0Z.4F.EC.SS_FXN.CON,D,U2,Z0Z,4F,EC,SS_FXN,CON,2021-06-23,0.0184036662413944,A,F,,,P1D,,V,,,,,,,,,,,,,,,,,4,4F0,,NEW CISS - CISS contribution from foreign exchange market subindex,"Euro area (changing composition), Contribution from foreign exchange market subindex, Contribution",PURE_NUMB,0
CISS.D.U2.Z0Z.4F.EC.SS_FXN.CON,D,U2,Z0Z,4F,EC,SS_FXN,CON,2021-06-24,0.014934533760000713,A,F,,,P1D,,V,,,,,,,,,,,,,,,,,4,4F0,,NEW CISS - CISS contribution from foreign exchange market subindex,"Euro area (changing composition), Contribution from foreign exchange market subindex, Contribution",PURE_NUMB,0
CISS.D.U2.Z0Z.4F.EC.SS_FXN.CON,D,U2,Z0Z,4F,EC,SS_FXN,CON,2021-06-25,0.012330607307307517,A,F,,,P1D,,V,,,,,,,,,,,,,,,,,4,4F0,,NEW CISS - CISS contribution from foreign exchange market subindex,"Euro area (changing composition), Contribution from foreign exchange market subindex, Contribution",PURE_NUMB,0
CISS.D.U2.Z0Z.4F.EC.SS_FXN.CON,D,U2,Z0Z,4F,EC,SS_FXN,CON,2021-06-28,0.009766305876997243,A,F,,,P1D,,V,,,,,,,,,,,,,,,,,4,4F0,,NEW CISS - CISS contribution from foreign exchange market subindex,"Euro area (changing composition), Contribution from foreign exchange market subindex, Contribution",PURE_NUMB,0
CISS.D.U2.Z0Z.4F.EC.SS_FXN.CON,D,U2,Z0Z,4F,EC,SS_FXN,CON,2021-06-29,0.007734448151597504,A,F,,,P1D,,V,,,,,,,,,,,,,,,,,4,4F0,,NEW CISS - CISS contribution from foreign exchange market subindex,"Euro area (changing composition), Contribution from foreign exchange market subindex, Contribution",PURE_NUMB,0
CISS.D.U2.Z0Z.4F.EC.SS_FXN.CON,D,U2,Z0Z,4F,EC,SS_FXN,CON,2021-06-30,0.0077696813332999715,A,F,,,P1D,,V,,,,,,,,,,,,,,,,,4,4F0,,NEW CISS - CISS contribution from foreign exchange market subindex,"Euro area (changing composition), Contribution from foreign exchange market subindex, Contribution",PURE_NUMB,0
CISS.D.U2.Z0Z.4F.EC.SS_FXN.CON,D,U2,Z0Z,4F,EC,SS_FXN,CON,2021-07-01,0.007766184119609638,A,F,,,P1D,,V,,,,,,,,,,,,,,,,,4,4F0,,NEW CISS - CISS contribution from foreign exchange market subindex,"Euro area (changing composition), Contribution from foreign exchange market subindex, Contribution",PURE_NUMB,0
CISS.D.U2.Z0Z.4F.EC.SS_FXN.CON,D,U2,Z0Z,4F,EC,SS_FXN,CON,2021-07-02,0.00710099922692678,A,F,,,P1D,,V,,,,,,,,,,,,,,,,,4,4F0,,NEW CISS - CISS contribution from foreign exchange market subindex,"Euro area (changing composition), Contribution from foreign exchange market subindex, Contribution",PURE_NUMB,0
CISS.D.U2.Z0Z.4F.EC.SS_FXN.CON,D,U2,Z0Z,4F,EC,SS_FXN,CON,2021-07-05,0.005281284761489235,A,F,,,P1D,,V,,,,,,,,,,,,,,,,,4,4F0,,NEW CISS - CISS contribution from foreign exchange market subindex,"Euro area (changing composition), Contribution from foreign exchange market subindex, Contribution",PURE_NUMB,0
CISS.D.U2.Z0Z.4F.EC.SS_FXN.CON,D,U2,Z0Z,4F,EC,SS_FXN,CON,2021-07-06,0.0072890283473789515,A,F,,,P1D,,V,,,,,,,,,,,,,,,,,4,4F0,,NEW CISS - CISS contribution from foreign exchange market subindex,"Euro area (changing composition), Contribution from foreign exchange market subindex, Contribution",PURE_NUMB,0
CISS.D.U2.Z0Z.4F.EC.SS_FXN.CON,D,U2,Z0Z,4F,EC,SS_FXN,CON,2021-07-07,0.006759327915983255,A,F,,,P1D,,V,,,,,,,,,,,,,,,,,4,4F0,,NEW CISS - CISS contribution from foreign exchange market subindex,"Euro area (changing composition), Contribution from foreign exchange market subindex, Contribution",PURE_NUMB,0
CISS.D.U2.Z0Z.4F.EC.SS_FXN.CON,D,U2,Z0Z,4F,EC,SS_FXN,CON,2021-07-08,0.012137828599649979,A,F,,,P1D,,V,,,,,,,,,,,,,,,,,4,4F0,,NEW CISS - CISS contribution from foreign exchange market subindex,"Euro area (changing composition), Contribution from foreign exchange market subindex, Contribution",PURE_NUMB,0
CISS.D.U2.Z0Z.4F.EC.SS_FXN.CON,D,U2,Z0Z,4F,EC,SS_FXN,CON,2021-07-09,0.01693329315939355,A,F,,,P1D,,V,,,,,,,,,,,,,,,,,4,4F0,,NEW CISS - CISS contribution from foreign exchange market subindex,"Euro area (changing composition), Contribution from foreign exchange market subindex, Contribution",PURE_NUMB,0
CISS.D.U2.Z0Z.4F.EC.SS_FXN.CON,D,U2,Z0Z,4F,EC,SS_FXN,CON,2021-07-12,0.01214826292865322,A,F,,,P1D,,V,,,,,,,,,,,,,,,,,4,4F0,,NEW CISS - CISS contribution from foreign exchange market subindex,"Euro area (changing composition), Contribution from foreign exchange market subindex, Contribution",PURE_NUMB,0
CISS.D.U2.Z0Z.4F.EC.SS_FXN.CON,D,U2,Z0Z,4F,EC,SS_FXN,CON,2021-07-13,0.015396555984372133,A,F,,,P1D,,V,,,,,,,,,,,,,,,,,4,4F0,,NEW CISS - CISS contribution from foreign exchange market subindex,"Euro area (changing composition), Contribution from foreign exchange market subindex, Contribution",PURE_NUMB,0
CISS.D.U2.Z0Z.4F.EC.SS_FXN.CON,D,U2,Z0Z,4F,EC,SS_FXN,CON,2021-07-14,0.013776909378925268,A,F,,,P1D,,V,,,,,,,,,,,,,,,,,4,4F0,,NEW CISS - CISS contribution from foreign exchange market subindex,"Euro area (changing composition), Contribution from foreign exchange market subindex, Contribution",PURE_NUMB,0
CISS.D.U2.Z0Z.4F.EC.SS_FXN.CON,D,U2,Z0Z,4F,EC,SS_FXN,CON,2021-07-15,0.010958943954684329,A,F,,,P1D,,V,,,,,,,,,,,,,,,,,4,4F0,,NEW CISS - CISS contribution from foreign exchange market subindex,"Euro area (changing composition), Contribution from foreign exchange market subindex, Contribution",PURE_NUMB,0
CISS.D.U2.Z0Z.4F.EC.SS_FXN.CON,D,U2,Z0Z,4F,EC,SS_FXN,CON,2021-07-16,0.009824548900747082,A,F,,,P1D,,V,,,,,,,,,,,,,,,,,4,4F0,,NEW CISS - CISS contribution from foreign exchange market subindex,"Euro area (changing composition), Contribution from foreign exchange market subindex, Contribution",PURE_NUMB,0
CISS.D.U2.Z0Z.4F.EC.SS_FXN.CON,D,U2,Z0Z,4F,EC,SS_FXN,CON,2021-07-19,0.017061401607321173,A,F,,,P1D,,V,,,,,,,,,,,,,,,,,4,4F0,,NEW CISS - CISS contribution from foreign exchange market subindex,"Euro area (changing composition), Contribution from foreign exchange market subindex, Contribution",PURE_NUMB,0
CISS.D.U2.Z0Z.4F.EC.SS_FXN.CON,D,U2,Z0Z,4F,EC,SS_FXN,CON,2021-07-20,0.013815555703293082,A,F,,,P1D,,V,,,,,,,,,,,,,,,,,4,4F0,,NEW CISS - CISS contribution from foreign exchange market subindex,"Euro area (changing composition), Contribution from foreign exchange market subindex, Contribution",PURE_NUMB,0
CISS.D.U2.Z0Z.4F.EC.SS_FXN.CON,D,U2,Z0Z,4F,EC,SS_FXN,CON,2021-07-21,0.016050877093129568,A,F,,,P1D,,V,,,,,,,,,,,,,,,,,4,4F0,,NEW CISS - CISS contribution from foreign exchange market subindex,"Euro area (changing composition), Contribution from foreign exchange market subindex, Contribution",PURE_NUMB,0
CISS.D.U2.Z0Z.4F.EC.SS_FXN.CON,D,U2,Z0Z,4F,EC,SS_FXN,CON,2021-07-22,0.01843757371668073,A,F,,,P1D,,V,,,,,,,,,,,,,,,,,4,4F0,,NEW CISS - CISS contribution from foreign exchange market subindex,"Euro area (changing composition), Contribution from foreign exchange market subindex, Contribution",PURE_NUMB,0
CISS.D.U2.Z0Z.4F.EC.SS_FXN.CON,D,U2,Z0Z,4F,EC,SS_FXN,CON,2021-07-23,0.015599962136913103,A,F,,,P1D,,V,,,,,,,,,,,,,,,,,4,4F0,,NEW CISS - CISS contribution from foreign exchange market subindex,"Euro area (changing composition), Contribution from foreign exchange market subindex, Contribution",PURE_NUMB,0
CISS.D.U2.Z0Z.4F.EC.SS_FXN.CON,D,U2,Z0Z,4F,EC,SS_FXN,CON,2021-07-26,0.012871530822114502,A,F,,,P1D,,V,,,,,,,,,,,,,,,,,4,4F0,,NEW CISS - CISS contribution from foreign exchange market subindex,"Euro area (changing composition), Contribution from foreign exchange market subindex, Contribution",PURE_NUMB,0
CISS.D.U2.Z0Z.4F.EC.SS_FXN.CON,D,U2,Z0Z,4F,EC,SS_FXN,CON,2021-07-27,0.012843876668516234,A,F,,,P1D,,V,,,,,,,,,,,,,,,,,4,4F0,,NEW CISS - CISS contribution from foreign exchange market subindex,"Euro area (changing composition), Contribution from foreign exchange market subindex, Contribution",PURE_NUMB,0
CISS.D.U2.Z0Z.4F.EC.SS_FXN.CON,D,U2,Z0Z,4F,EC,SS_FXN,CON,2021-07-28,0.010554778772359389,A,F,,,P1D,,V,,,,,,,,,,,,,,,,,4,4F0,,NEW CISS - CISS contribution from foreign exchange market subindex,"Euro area (changing composition), Contribution from foreign exchange market subindex, Contribution",PURE_NUMB,0
CISS.D.U2.Z0Z.4F.EC.SS_FXN.CON,D,U2,Z0Z,4F,EC,SS_FXN,CON,2021-07-29,0.008173506098661248,A,F,,,P1D,,V,,,,,,,,,,,,,,,,,4,4F0,,NEW CISS - CISS contribution from foreign exchange market subindex,"Euro area (changing composition), Contribution from foreign exchange market subindex, Contribution",PURE_NUMB,0
CISS.D.U2.Z0Z.4F.EC.SS_FXN.CON,D,U2,Z0Z,4F,EC,SS_FXN,CON,2021-07-30,0.007057368270111139,A,F,,,P1D,,V,,,,,,,,,,,,,,,,,4,4F0,,NEW CISS - CISS contribution from foreign exchange market subindex,"Euro area (changing composition), Contribution from foreign exchange market subindex, Contribution",PURE_NUMB,0
CISS.D.U2.Z0Z.4F.EC.SS_FXN.CON,D,U2,Z0Z,4F,EC,SS_FXN,CON,2021-08-02,0.005978865145699626,A,F,,,P1D,,V,,,,,,,,,,,,,,,,,4,4F0,,NEW CISS - CISS contribution from foreign exchange market subindex,"Euro area (changing composition), Contribution from foreign exchange market subindex, Contribution",PURE_NUMB,0
CISS.D.U2.Z0Z.4F.EC.SS_FXN.CON,D,U2,Z0Z,4F,EC,SS_FXN,CON,2021-08-03,0.005565912528045478,A,F,,,P1D,,V,,,,,,,,,,,,,,,,,4,4F0,,NEW CISS - CISS contribution from foreign exchange market subindex,"Euro area (changing composition), Contribution from foreign exchange market subindex, Contribution",PURE_NUMB,0
CISS.D.U2.Z0Z.4F.EC.SS_FXN.CON,D,U2,Z0Z,4F,EC,SS_FXN,CON,2021-08-04,0.0040520122861971535,A,F,,,P1D,,V,,,,,,,,,,,,,,,,,4,4F0,,NEW CISS - CISS contribution from foreign exchange market subindex,"Euro area (changing composition), Contribution from foreign exchange market subindex, Contribution",PURE_NUMB,0
CISS.D.U2.Z0Z.4F.EC.SS_FXN.CON,D,U2,Z0Z,4F,EC,SS_FXN,CON,2021-08-05,0.003963439717990343,A,F,,,P1D,,V,,,,,,,,,,,,,,,,,4,4F0,,NEW CISS - CISS contribution from foreign exchange market subindex,"Euro area (changing composition), Contribution from foreign exchange market subindex, Contribution",PURE_NUMB,0
CISS.D.U2.Z0Z.4F.EC.SS_FXN.CON,D,U2,Z0Z,4F,EC,SS_FXN,CON,2021-08-06,0.004660909361475461,A,F,,,P1D,,V,,,,,,,,,,,,,,,,,4,4F0,,NEW CISS - CISS contribution from foreign exchange market subindex,"Euro area (changing composition), Contribution from foreign exchange market subindex, Contribution",PURE_NUMB,0
CISS.D.U2.Z0Z.4F.EC.SS_FXN.CON,D,U2,Z0Z,4F,EC,SS_FXN,CON,2021-08-09,0.003212851720027694,A,F,,,P1D,,V,,,,,,,,,,,,,,,,,4,4F0,,NEW CISS - CISS contribution from foreign exchange market subindex,"Euro area (changing composition), Contribution from foreign exchange market subindex, Contribution",PURE_NUMB,0
CISS.D.U2.Z0Z.4F.EC.SS_FXN.CON,D,U2,Z0Z,4F,EC,SS_FXN,CON,2021-08-10,0.0024081963137379692,A,F,,,P1D,,V,,,,,,,,,,,,,,,,,4,4F0,,NEW CISS - CISS contribution from foreign exchange market subindex,"Euro area (changing composition), Contribution from foreign exchange market subindex, Contribution",PURE_NUMB,0
CISS.D.U2.Z0Z.4F.EC.SS_FXN.CON,D,U2,Z0Z,4F,EC,SS_FXN,CON,2021-08-11,0.0016017780255299192,A,F,,,P1D,,V,,,,,,,,,,,,,,,,,4,4F0,,NEW CISS - CISS contribution from foreign exchange market subindex,"Euro area (changing composition), Contribution from foreign exchange market subindex, Contribution",PURE_NUMB,0
CISS.D.U2.Z0Z.4F.EC.SS_FXN.CON,D,U2,Z0Z,4F,EC,SS_FXN,CON,2021-08-12,0.002470554691103956,A,F,,,P1D,,V,,,,,,,,,,,,,,,,,4,4F0,,NEW CISS - CISS contribution from foreign exchange market subindex,"Euro area (changing composition), Contribution from foreign exchange market subindex, Contribution",PURE_NUMB,0
CISS.D.U2.Z0Z.4F.EC.SS_FXN.CON,D,U2,Z0Z,4F,EC,SS_FXN,CON,2021-08-13,0.00278782414247679,A,F,,,P1D,,V,,,,,,,,,,,,,,,,,4,4F0,,NEW CISS - CISS contribution from foreign exchange market subindex,"Euro area (changing composition), Contribution from foreign exchange market subindex, Contribution",PURE_NUMB,0
CISS.D.U2.Z0Z.4F.EC.SS_FXN.CON,D,U2,Z0Z,4F,EC,SS_FXN,CON,2021-08-16,0.0023863511828914057,A,F,,,P1D,,V,,,,,,,,,,,,,,,,,4,4F0,,NEW CISS - CISS contribution from foreign exchange market subindex,"Euro area (changing composition), Contribution from foreign exchange market subindex, Contribution",PURE_NUMB,0
CISS.D.U2.Z0Z.4F.EC.SS_FXN.CON,D,U2,Z0Z,4F,EC,SS_FXN,CON,2021-08-17,0.003901368881520492,A,F,,,P1D,,V,,,,,,,,,,,,,,,,,4,4F0,,NEW CISS - CISS contribution from foreign exchange market subindex,"Euro area (changing composition), Contribution from foreign exchange market subindex, Contribution",PURE_NUMB,0
CISS.D.U2.Z0Z.4F.EC.SS_FXN.CON,D,U2,Z0Z,4F,EC,SS_FXN,CON,2021-08-18,0.002807413259704473,A,F,,,P1D,,V,,,,,,,,,,,,,,,,,4,4F0,,NEW CISS - CISS contribution from foreign exchange market subindex,"Euro area (changing composition), Contribution from foreign exchange market subindex, Contribution",PURE_NUMB,0
CISS.D.U2.Z0Z.4F.EC.SS_FXN.CON,D,U2,Z0Z,4F,EC,SS_FXN,CON,2021-08-19,0.006340630956597761,A,F,,,P1D,,V,,,,,,,,,,,,,,,,,4,4F0,,NEW CISS - CISS contribution from foreign exchange market subindex,"Euro area (changing composition), Contribution from foreign exchange market subindex, Contribution",PURE_NUMB,0
CISS.D.U2.Z0Z.4F.EC.SS_FXN.CON,D,U2,Z0Z,4F,EC,SS_FXN,CON,2021-08-20,0.005954866508149975,A,F,,,P1D,,V,,,,,,,,,,,,,,,,,4,4F0,,NEW CISS - CISS contribution from foreign exchange market subindex,"Euro area (changing composition), Contribution from foreign exchange market subindex, Contribution",PURE_NUMB,0
CISS.D.U2.Z0Z.4F.EC.SS_FXN.CON,D,U2,Z0Z,4F,EC,SS_FXN,CON,2021-08-23,0.006436248471199284,A,F,,,P1D,,V,,,,,,,,,,,,,,,,,4,4F0,,NEW CISS - CISS contribution from foreign exchange market subindex,"Euro area (changing composition), Contribution from foreign exchange market subindex, Contribution",PURE_NUMB,0
CISS.D.U2.Z0Z.4F.EC.SS_FXN.CON,D,U2,Z0Z,4F,EC,SS_FXN,CON,2021-08-24,0.004445368753368587,A,F,,,P1D,,V,,,,,,,,,,,,,,,,,4,4F0,,NEW CISS - CISS contribution from foreign exchange market subindex,"Euro area (changing composition), Contribution from foreign exchange market subindex, Contribution",PURE_NUMB,0
CISS.D.U2.Z0Z.4F.EC.SS_FXN.CON,D,U2,Z0Z,4F,EC,SS_FXN,CON,2021-08-25,0.0040256276348653594,A,F,,,P1D,,V,,,,,,,,,,,,,,,,,4,4F0,,NEW CISS - CISS contribution from foreign exchange market subindex,"Euro area (changing composition), Contribution from foreign exchange market subindex, Contribution",PURE_NUMB,0
CISS.D.U2.Z0Z.4F.EC.SS_FXN.CON,D,U2,Z0Z,4F,EC,SS_FXN,CON,2021-08-26,0.003504201479866876,A,F,,,P1D,,V,,,,,,,,,,,,,,,,,4,4F0,,NEW CISS - CISS contribution from foreign exchange market subindex,"Euro area (changing composition), Contribution from foreign exchange market subindex, Contribution",PURE_NUMB,0
CISS.D.U2.Z0Z.4F.EC.SS_FXN.CON,D,U2,Z0Z,4F,EC,SS_FXN,CON,2021-08-27,0.002804883286122927,A,F,,,P1D,,V,,,,,,,,,,,,,,,,,4,4F0,,NEW CISS - CISS contribution from foreign exchange market subindex,"Euro area (changing composition), Contribution from foreign exchange market subindex, Contribution",PURE_NUMB,0
CISS.D.U2.Z0Z.4F.EC.SS_FXN.CON,D,U2,Z0Z,4F,EC,SS_FXN,CON,2021-08-30,0.0018441851310313604,A,F,,,P1D,,V,,,,,,,,,,,,,,,,,4,4F0,,NEW CISS - CISS contribution from foreign exchange market subindex,"Euro area (changing composition), Contribution from foreign exchange market subindex, Contribution",PURE_NUMB,0
CISS.D.U2.Z0Z.4F.EC.SS_FXN.CON,D,U2,Z0Z,4F,EC,SS_FXN,CON,2021-08-31,0.0014334476652456323,A,F,,,P1D,,V,,,,,,,,,,,,,,,,,4,4F0,,NEW CISS - CISS contribution from foreign exchange market subindex,"Euro area (changing composition), Contribution from foreign exchange market subindex, Contribution",PURE_NUMB,0
CISS.D.U2.Z0Z.4F.EC.SS_FXN.CON,D,U2,Z0Z,4F,EC,SS_FXN,CON,2021-09-01,0.0012942870237383326,A,F,,,P1D,,V,,,,,,,,,,,,,,,,,4,4F0,,NEW CISS - CISS contribution from foreign exchange market subindex,"Euro area (changing composition), Contribution from foreign exchange market subindex, Contribution",PURE_NUMB,0
CISS.D.U2.Z0Z.4F.EC.SS_FXN.CON,D,U2,Z0Z,4F,EC,SS_FXN,CON,2021-09-02,0.0012832027790867918,A,F,,,P1D,,V,,,,,,,,,,,,,,,,,4,4F0,,NEW CISS - CISS contribution from foreign exchange market subindex,"Euro area (changing composition), Contribution from foreign exchange market subindex, Contribution",PURE_NUMB,0
CISS.D.U2.Z0Z.4F.EC.SS_FXN.CON,D,U2,Z0Z,4F,EC,SS_FXN,CON,2021-09-03,0.0010564389329865106,A,F,,,P1D,,V,,,,,,,,,,,,,,,,,4,4F0,,NEW CISS - CISS contribution from foreign exchange market subindex,"Euro area (changing composition), Contribution from foreign exchange market subindex, Contribution",PURE_NUMB,0
CISS.D.U2.Z0Z.4F.EC.SS_FXN.CON,D,U2,Z0Z,4F,EC,SS_FXN,CON,2021-09-06,0.0007397019620310211,A,F,,,P1D,,V,,,,,,,,,,,,,,,,,4,4F0,,NEW CISS - CISS contribution from foreign exchange market subindex,"Euro area (changing composition), Contribution from foreign exchange market subindex, Contribution",PURE_NUMB,0
CISS.D.U2.Z0Z.4F.EC.SS_FXN.CON,D,U2,Z0Z,4F,EC,SS_FXN,CON,2021-09-07,0.0007327656446566679,A,F,,,P1D,,V,,,,,,,,,,,,,,,,,4,4F0,,NEW CISS - CISS contribution from foreign exchange market subindex,"Euro area (changing composition), Contribution from foreign exchange market subindex, Contribution",PURE_NUMB,0
CISS.D.U2.Z0Z.4F.EC.SS_FXN.CON,D,U2,Z0Z,4F,EC,SS_FXN,CON,2021-09-08,0.0007426232988162547,A,F,,,P1D,,V,,,,,,,,,,,,,,,,,4,4F0,,NEW CISS - CISS contribution from foreign exchange market subindex,"Euro area (changing composition), Contribution from foreign exchange market subindex, Contribution",PURE_NUMB,0
CISS.D.U2.Z0Z.4F.EC.SS_FXN.CON,D,U2,Z0Z,4F,EC,SS_FXN,CON,2021-09-09,0.0013458043495466249,A,F,,,P1D,,V,,,,,,,,,,,,,,,,,4,4F0,,NEW CISS - CISS contribution from foreign exchange market subindex,"Euro area (changing composition), Contribution from foreign exchange market subindex, Contribution",PURE_NUMB,0
CISS.D.U2.Z0Z.4F.EC.SS_FXN.CON,D,U2,Z0Z,4F,EC,SS_FXN,CON,2021-09-10,0.0009647218326504103,A,F,,,P1D,,V,,,,,,,,,,,,,,,,,4,4F0,,NEW CISS - CISS contribution from foreign exchange market subindex,"Euro area (changing composition), Contribution from foreign exchange market subindex, Contribution",PURE_NUMB,0
CISS.D.U2.Z0Z.4F.EC.SS_FXN.CON,D,U2,Z0Z,4F,EC,SS_FXN,CON,2021-09-13,0.0005989478267659847,A,F,,,P1D,,V,,,,,,,,,,,,,,,,,4,4F0,,NEW CISS - CISS contribution from foreign exchange market subindex,"Euro area (changing composition), Contribution from foreign exchange market subindex, Contribution",PURE_NUMB,0
CISS.D.U2.Z0Z.4F.EC.SS_FXN.CON,D,U2,Z0Z,4F,EC,SS_FXN,CON,2021-09-14,0.0006316540258994237,A,F,,,P1D,,V,,,,,,,,,,,,,,,,,4,4F0,,NEW CISS - CISS contribution from foreign exchange market subindex,"Euro area (changing composition), Contribution from foreign exchange market subindex, Contribution",PURE_NUMB,0
CISS.D.U2.Z0Z.4F.EC.SS_FXN.CON,D,U2,Z0Z,4F,EC,SS_FXN,CON,2021-09-15,0.0005264906858657542,A,F,,,P1D,,V,,,,,,,,,,,,,,,,,4,4F0,,NEW CISS - CISS contribution from foreign exchange market subindex,"Euro area (changing composition), Contribution from foreign exchange market subindex, Contribution",PURE_NUMB,0
CISS.D.U2.Z0Z.4F.EC.SS_FXN.CON,D,U2,Z0Z,4F,EC,SS_FXN,CON,2021-09-16,0.000717224130957674,A,F,,,P1D,,V,,,,,,,,,,,,,,,,,4,4F0,,NEW CISS - CISS contribution from foreign exchange market subindex,"Euro area (changing composition), Contribution from foreign exchange market subindex, Contribution",PURE_NUMB,0
CISS.D.U2.Z0Z.4F.EC.SS_FXN.CON,D,U2,Z0Z,4F,EC,SS_FXN,CON,2021-09-17,0.0007758909129973228,A,F,,,P1D,,V,,,,,,,,,,,,,,,,,4,4F0,,NEW CISS - CISS contribution from foreign exchange market subindex,"Euro area (changing composition), Contribution from foreign exchange market subindex, Contribution",PURE_NUMB,0
CISS.D.U2.Z0Z.4F.EC.SS_FXN.CON,D,U2,Z0Z,4F,EC,SS_FXN,CON,2021-09-20,0.004966356202565265,A,F,,,P1D,,V,,,,,,,,,,,,,,,,,4,4F0,,NEW CISS - CISS contribution from foreign exchange market subindex,"Euro area (changing composition), Contribution from foreign exchange market subindex, Contribution",PURE_NUMB,0
CISS.D.U2.Z0Z.4F.EC.SS_FXN.CON,D,U2,Z0Z,4F,EC,SS_FXN,CON,2021-09-21,0.00337698431762315,A,F,,,P1D,,V,,,,,,,,,,,,,,,,,4,4F0,,NEW CISS - CISS contribution from foreign exchange market subindex,"Euro area (changing composition), Contribution from foreign exchange market subindex, Contribution",PURE_NUMB,0
CISS.D.U2.Z0Z.4F.EC.SS_FXN.CON,D,U2,Z0Z,4F,EC,SS_FXN,CON,2021-09-22,0.002597378997777257,A,F,,,P1D,,V,,,,,,,,,,,,,,,,,4,4F0,,NEW CISS - CISS contribution from foreign exchange market subindex,"Euro area (changing composition), Contribution from foreign exchange market subindex, Contribution",PURE_NUMB,0
CISS.D.U2.Z0Z.4F.EC.SS_FXN.CON,D,U2,Z0Z,4F,EC,SS_FXN,CON,2021-09-23,0.008454911225514432,A,F,,,P1D,,V,,,,,,,,,,,,,,,,,4,4F0,,NEW CISS - CISS contribution from foreign exchange market subindex,"Euro area (changing composition), Contribution from foreign exchange market subindex, Contribution",PURE_NUMB,0
CISS.D.U2.Z0Z.4F.EC.SS_FXN.CON,D,U2,Z0Z,4F,EC,SS_FXN,CON,2021-09-24,0.006618177462429147,A,F,,,P1D,,V,,,,,,,,,,,,,,,,,4,4F0,,NEW CISS - CISS contribution from foreign exchange market subindex,"Euro area (changing composition), Contribution from foreign exchange market subindex, Contribution",PURE_NUMB,0
CISS.D.U2.Z0Z.4F.EC.SS_FXN.CON,D,U2,Z0Z,4F,EC,SS_FXN,CON,2021-09-27,0.006083700425067669,A,F,,,P1D,,V,,,,,,,,,,,,,,,,,4,4F0,,NEW CISS - CISS contribution from foreign exchange market subindex,"Euro area (changing composition), Contribution from foreign exchange market subindex, Contribution",PURE_NUMB,0
CISS.D.U2.Z0Z.4F.EC.SS_FXN.CON,D,U2,Z0Z,4F,EC,SS_FXN,CON,2021-09-28,0.022406412270954808,A,F,,,P1D,,V,,,,,,,,,,,,,,,,,4,4F0,,NEW CISS - CISS contribution from foreign exchange market subindex,"Euro area (changing composition), Contribution from foreign exchange market subindex, Contribution",PURE_NUMB,0
CISS.D.U2.Z0Z.4F.EC.SS_FXN.CON,D,U2,Z0Z,4F,EC,SS_FXN,CON,2021-09-29,0.023098982460663324,A,F,,,P1D,,V,,,,,,,,,,,,,,,,,4,4F0,,NEW CISS - CISS contribution from foreign exchange market subindex,"Euro area (changing composition), Contribution from foreign exchange market subindex, Contribution",PURE_NUMB,0
CISS.D.U2.Z0Z.4F.EC.SS_FXN.CON,D,U2,Z0Z,4F,EC,SS_FXN,CON,2021-09-30,0.026054572468460775,A,F,,,P1D,,V,,,,,,,,,,,,,,,,,4,4F0,,NEW CISS - CISS contribution from foreign exchange market subindex,"Euro area (changing composition), Contribution from foreign exchange market subindex, Contribution",PURE_NUMB,0
CISS.D.U2.Z0Z.4F.EC.SS_FXN.CON,D,U2,Z0Z,4F,EC,SS_FXN,CON,2021-10-01,0.022697331226905364,A,F,,,P1D,,V,,,,,,,,,,,,,,,,,4,4F0,,NEW CISS - CISS contribution from foreign exchange market subindex,"Euro area (changing composition), Contribution from foreign exchange market subindex, Contribution",PURE_NUMB,0
CISS.D.U2.Z0Z.4F.EC.SS_FXN.CON,D,U2,Z0Z,4F,EC,SS_FXN,CON,2021-10-04,0.019844868930202694,A,F,,,P1D,,V,,,,,,,,,,,,,,,,,4,4F0,,NEW CISS - CISS contribution from foreign exchange market subindex,"Euro area (changing composition), Contribution from foreign exchange market subindex, Contribution",PURE_NUMB,0
CISS.D.U2.Z0Z.4F.EC.SS_FXN.CON,D,U2,Z0Z,4F,EC,SS_FXN,CON,2021-10-05,0.017718054506780646,A,F,,,P1D,,V,,,,,,,,,,,,,,,,,4,4F0,,NEW CISS - CISS contribution from foreign exchange market subindex,"Euro area (changing composition), Contribution from foreign exchange market subindex, Contribution",PURE_NUMB,0
CISS.D.U2.Z0Z.4F.EC.SS_FXN.CON,D,U2,Z0Z,4F,EC,SS_FXN,CON,2021-10-06,0.01611866439354652,A,F,,,P1D,,V,,,,,,,,,,,,,,,,,4,4F0,,NEW CISS - CISS contribution from foreign exchange market subindex,"Euro area (changing composition), Contribution from foreign exchange market subindex, Contribution",PURE_NUMB,0
CISS.D.U2.Z0Z.4F.EC.SS_FXN.CON,D,U2,Z0Z,4F,EC,SS_FXN,CON,2021-10-07,0.013438027465007519,A,F,,,P1D,,V,,,,,,,,,,,,,,,,,4,4F0,,NEW CISS - CISS contribution from foreign exchange market subindex,"Euro area (changing composition), Contribution from foreign exchange market subindex, Contribution",PURE_NUMB,0
CISS.D.U2.Z0Z.4F.EC.SS_FXN.CON,D,U2,Z0Z,4F,EC,SS_FXN,CON,2021-10-08,0.015087336379666335,A,F,,,P1D,,V,,,,,,,,,,,,,,,,,4,4F0,,NEW CISS - CISS contribution from foreign exchange market subindex,"Euro area (changing composition), Contribution from foreign exchange market subindex, Contribution",PURE_NUMB,0
CISS.D.U2.Z0Z.4F.EC.SS_FXN.CON,D,U2,Z0Z,4F,EC,SS_FXN,CON,2021-10-11,0.0173706886917816,A,F,,,P1D,,V,,,,,,,,,,,,,,,,,4,4F0,,NEW CISS - CISS contribution from foreign exchange market subindex,"Euro area (changing composition), Contribution from foreign exchange market subindex, Contribution",PURE_NUMB,0
CISS.D.U2.Z0Z.4F.EC.SS_FXN.CON,D,U2,Z0Z,4F,EC,SS_FXN,CON,2021-10-12,0.013501526791414599,A,F,,,P1D,,V,,,,,,,,,,,,,,,,,4,4F0,,NEW CISS - CISS contribution from foreign exchange market subindex,"Euro area (changing composition), Contribution from foreign exchange market subindex, Contribution",PURE_NUMB,0
CISS.D.U2.Z0Z.4F.EC.SS_FXN.CON,D,U2,Z0Z,4F,EC,SS_FXN,CON,2021-10-13,0.012678179806138062,A,F,,,P1D,,V,,,,,,,,,,,,,,,,,4,4F0,,NEW CISS - CISS contribution from foreign exchange market subindex,"Euro area (changing composition), Contribution from foreign exchange market subindex, Contribution",PURE_NUMB,0
CISS.D.U2.Z0Z.4F.EC.SS_FXN.CON,D,U2,Z0Z,4F,EC,SS_FXN,CON,2021-10-14,0.01083108000680207,A,F,,,P1D,,V,,,,,,,,,,,,,,,,,4,4F0,,NEW CISS - CISS contribution from foreign exchange market subindex,"Euro area (changing composition), Contribution from foreign exchange market subindex, Contribution",PURE_NUMB,0
CISS.D.U2.Z0Z.4F.EC.SS_FXN.CON,D,U2,Z0Z,4F,EC,SS_FXN,CON,2021-10-15,0.014144178419731502,A,F,,,P1D,,V,,,,,,,,,,,,,,,,,4,4F0,,NEW CISS - CISS contribution from foreign exchange market subindex,"Euro area (changing composition), Contribution from foreign exchange market subindex, Contribution",PURE_NUMB,0
CISS.D.U2.Z0Z.4F.EC.SS_FXN.CON,D,U2,Z0Z,4F,EC,SS_FXN,CON,2021-10-18,0.011952311244676899,A,F,,,P1D,,V,,,,,,,,,,,,,,,,,4,4F0,,NEW CISS - CISS contribution from foreign exchange market subindex,"Euro area (changing composition), Contribution from foreign exchange market subindex, Contribution",PURE_NUMB,0
CISS.D.U2.Z0Z.4F.EC.SS_FXN.CON,D,U2,Z0Z,4F,EC,SS_FXN,CON,2021-10-19,0.010455411762444454,A,F,,,P1D,,V,,,,,,,,,,,,,,,,,4,4F0,,NEW CISS - CISS contribution from foreign exchange market subindex,"Euro area (changing composition), Contribution from foreign exchange market subindex, Contribution",PURE_NUMB,0
CISS.D.U2.Z0Z.4F.EC.SS_FXN.CON,D,U2,Z0Z,4F,EC,SS_FXN,CON,2021-10-20,0.007463595727886999,A,F,,,P1D,,V,,,,,,,,,,,,,,,,,4,4F0,,NEW CISS - CISS contribution from foreign exchange market subindex,"Euro area (changing composition), Contribution from foreign exchange market subindex, Contribution",PURE_NUMB,0
CISS.D.U2.Z0Z.4F.EC.SS_FXN.CON,D,U2,Z0Z,4F,EC,SS_FXN,CON,2021-10-21,0.007063348933772314,A,F,,,P1D,,V,,,,,,,,,,,,,,,,,4,4F0,,NEW CISS - CISS contribution from foreign exchange market subindex,"Euro area (changing composition), Contribution from foreign exchange market subindex, Contribution",PURE_NUMB,0
CISS.D.U2.Z0Z.4F.EC.SS_FXN.CON,D,U2,Z0Z,4F,EC,SS_FXN,CON,2021-10-22,0.008809520548792504,A,F,,,P1D,,V,,,,,,,,,,,,,,,,,4,4F0,,NEW CISS - CISS contribution from foreign exchange market subindex,"Euro area (changing composition), Contribution from foreign exchange market subindex, Contribution",PURE_NUMB,0
CISS.D.U2.Z0Z.4F.EC.SS_FXN.CON,D,U2,Z0Z,4F,EC,SS_FXN,CON,2021-10-25,0.009638308858824439,A,F,,,P1D,,V,,,,,,,,,,,,,,,,,4,4F0,,NEW CISS - CISS contribution from foreign exchange market subindex,"Euro area (changing composition), Contribution from foreign exchange market subindex, Contribution",PURE_NUMB,0
CISS.D.U2.Z0Z.4F.EC.SS_FXN.CON,D,U2,Z0Z,4F,EC,SS_FXN,CON,2021-10-26,0.007476144485159992,A,F,,,P1D,,V,,,,,,,,,,,,,,,,,4,4F0,,NEW CISS - CISS contribution from foreign exchange market subindex,"Euro area (changing composition), Contribution from foreign exchange market subindex, Contribution",PURE_NUMB,0
CISS.D.U2.Z0Z.4F.EC.SS_FXN.CON,D,U2,Z0Z,4F,EC,SS_FXN,CON,2021-10-27,0.007076388838718516,A,F,,,P1D,,V,,,,,,,,,,,,,,,,,4,4F0,,NEW CISS - CISS contribution from foreign exchange market subindex,"Euro area (changing composition), Contribution from foreign exchange market subindex, Contribution",PURE_NUMB,0
CISS.D.U2.Z0Z.4F.EC.SS_FXN.CON,D,U2,Z0Z,4F,EC,SS_FXN,CON,2021-10-28,0.010032789225866166,A,F,,,P1D,,V,,,,,,,,,,,,,,,,,4,4F0,,NEW CISS - CISS contribution from foreign exchange market subindex,"Euro area (changing composition), Contribution from foreign exchange market subindex, Contribution",PURE_NUMB,0
CISS.D.U2.Z0Z.4F.EC.SS_FXN.CON,D,U2,Z0Z,4F,EC,SS_FXN,CON,2021-10-29,0.02120362923120081,A,F,,,P1D,,V,,,,,,,,,,,,,,,,,4,4F0,,NEW CISS - CISS contribution from foreign exchange market subindex,"Euro area (changing composition), Contribution from foreign exchange market subindex, Contribution",PURE_NUMB,0
CISS.D.U2.Z0Z.4F.EC.SS_FXN.CON,D,U2,Z0Z,4F,EC,SS_FXN,CON,2021-11-01,0.02376556006362514,A,F,,,P1D,,V,,,,,,,,,,,,,,,,,4,4F0,,NEW CISS - CISS contribution from foreign exchange market subindex,"Euro area (changing composition), Contribution from foreign exchange market subindex, Contribution",PURE_NUMB,0
CISS.D.U2.Z0Z.4F.EC.SS_FXN.CON,D,U2,Z0Z,4F,EC,SS_FXN,CON,2021-11-02,0.019731702645442058,A,F,,,P1D,,V,,,,,,,,,,,,,,,,,4,4F0,,NEW CISS - CISS contribution from foreign exchange market subindex,"Euro area (changing composition), Contribution from foreign exchange market subindex, Contribution",PURE_NUMB,0
CISS.D.U2.Z0Z.4F.EC.SS_FXN.CON,D,U2,Z0Z,4F,EC,SS_FXN,CON,2021-11-03,0.01672254578947732,A,F,,,P1D,,V,,,,,,,,,,,,,,,,,4,4F0,,NEW CISS - CISS contribution from foreign exchange market subindex,"Euro area (changing composition), Contribution from foreign exchange market subindex, Contribution",PURE_NUMB,0
CISS.D.U2.Z0Z.4F.EC.SS_FXN.CON,D,U2,Z0Z,4F,EC,SS_FXN,CON,2021-11-04,0.031061846568277696,A,F,,,P1D,,V,,,,,,,,,,,,,,,,,4,4F0,,NEW CISS - CISS contribution from foreign exchange market subindex,"Euro area (changing composition), Contribution from foreign exchange market subindex, Contribution",PURE_NUMB,0
CISS.D.U2.Z0Z.4F.EC.SS_FXN.CON,D,U2,Z0Z,4F,EC,SS_FXN,CON,2021-11-05,0.024676161573675488,A,F,,,P1D,,V,,,,,,,,,,,,,,,,,4,4F0,,NEW CISS - CISS contribution from foreign exchange market subindex,"Euro area (changing composition), Contribution from foreign exchange market subindex, Contribution",PURE_NUMB,0
CISS.D.U2.Z0Z.4F.EC.SS_FXN.CON,D,U2,Z0Z,4F,EC,SS_FXN,CON,2021-11-08,0.019516174302203933,A,F,,,P1D,,V,,,,,,,,,,,,,,,,,4,4F0,,NEW CISS - CISS contribution from foreign exchange market subindex,"Euro area (changing composition), Contribution from foreign exchange market subindex, Contribution",PURE_NUMB,0
CISS.D.U2.Z0Z.4F.EC.SS_FXN.CON,D,U2,Z0Z,4F,EC,SS_FXN,CON,2021-11-09,0.015901914799761354,A,F,,,P1D,,V,,,,,,,,,,,,,,,,,4,4F0,,NEW CISS - CISS contribution from foreign exchange market subindex,"Euro area (changing composition), Contribution from foreign exchange market subindex, Contribution",PURE_NUMB,0
CISS.D.U2.Z0Z.4F.EC.SS_FXN.CON,D,U2,Z0Z,4F,EC,SS_FXN,CON,2021-11-10,0.021399827383644016,A,F,,,P1D,,V,,,,,,,,,,,,,,,,,4,4F0,,NEW CISS - CISS contribution from foreign exchange market subindex,"Euro area (changing composition), Contribution from foreign exchange market subindex, Contribution",PURE_NUMB,0
CISS.D.U2.Z0Z.4F.EC.SS_FXN.CON,D,U2,Z0Z,4F,EC,SS_FXN,CON,2021-11-11,0.01672331691523898,A,F,,,P1D,,V,,,,,,,,,,,,,,,,,4,4F0,,NEW CISS - CISS contribution from foreign exchange market subindex,"Euro area (changing composition), Contribution from foreign exchange market subindex, Contribution",PURE_NUMB,0
CISS.D.U2.Z0Z.4F.EC.SS_FXN.CON,D,U2,Z0Z,4F,EC,SS_FXN,CON,2021-11-12,0.014321587436048477,A,F,,,P1D,,V,,,,,,,,,,,,,,,,,4,4F0,,NEW CISS - CISS contribution from foreign exchange market subindex,"Euro area (changing composition), Contribution from foreign exchange market subindex, Contribution",PURE_NUMB,0
CISS.D.U2.Z0Z.4F.EC.SS_FXN.CON,D,U2,Z0Z,4F,EC,SS_FXN,CON,2021-11-15,0.026148974763110233,A,F,,,P1D,,V,,,,,,,,,,,,,,,,,4,4F0,,NEW CISS - CISS contribution from foreign exchange market subindex,"Euro area (changing composition), Contribution from foreign exchange market subindex, Contribution",PURE_NUMB,0
CISS.D.U2.Z0Z.4F.EC.SS_FXN.CON,D,U2,Z0Z,4F,EC,SS_FXN,CON,2021-11-16,0.026008399276937662,A,F,,,P1D,,V,,,,,,,,,,,,,,,,,4,4F0,,NEW CISS - CISS contribution from foreign exchange market subindex,"Euro area (changing composition), Contribution from foreign exchange market subindex, Contribution",PURE_NUMB,0
CISS.D.U2.Z0Z.4F.EC.SS_FXN.CON,D,U2,Z0Z,4F,EC,SS_FXN,CON,2021-11-17,0.026215313006344488,A,F,,,P1D,,V,,,,,,,,,,,,,,,,,4,4F0,,NEW CISS - CISS contribution from foreign exchange market subindex,"Euro area (changing composition), Contribution from foreign exchange market subindex, Contribution",PURE_NUMB,0
CISS.D.U2.Z0Z.4F.EC.SS_FXN.CON,D,U2,Z0Z,4F,EC,SS_FXN,CON,2021-11-18,0.028278804548445877,A,F,,,P1D,,V,,,,,,,,,,,,,,,,,4,4F0,,NEW CISS - CISS contribution from foreign exchange market subindex,"Euro area (changing composition), Contribution from foreign exchange market subindex, Contribution",PURE_NUMB,0
CISS.D.U2.Z0Z.4F.EC.SS_FXN.CON,D,U2,Z0Z,4F,EC,SS_FXN,CON,2021-11-19,0.0428162074469813,A,F,,,P1D,,V,,,,,,,,,,,,,,,,,4,4F0,,NEW CISS - CISS contribution from foreign exchange market subindex,"Euro area (changing composition), Contribution from foreign exchange market subindex, Contribution",PURE_NUMB,0
CISS.D.U2.Z0Z.4F.EC.SS_FXN.CON,D,U2,Z0Z,4F,EC,SS_FXN,CON,2021-11-22,0.037492119721914914,A,F,,,P1D,,V,,,,,,,,,,,,,,,,,4,4F0,,NEW CISS - CISS contribution from foreign exchange market subindex,"Euro area (changing composition), Contribution from foreign exchange market subindex, Contribution",PURE_NUMB,0
CISS.D.U2.Z0Z.4F.EC.SS_FXN.CON,D,U2,Z0Z,4F,EC,SS_FXN,CON,2021-11-23,0.03426149528200989,A,F,,,P1D,,V,,,,,,,,,,,,,,,,,4,4F0,,NEW CISS - CISS contribution from foreign exchange market subindex,"Euro area (changing composition), Contribution from foreign exchange market subindex, Contribution",PURE_NUMB,0
CISS.D.U2.Z0Z.4F.EC.SS_FXN.CON,D,U2,Z0Z,4F,EC,SS_FXN,CON,2021-11-24,0.02888461195864917,A,F,,,P1D,,V,,,,,,,,,,,,,,,,,4,4F0,,NEW CISS - CISS contribution from foreign exchange market subindex,"Euro area (changing composition), Contribution from foreign exchange market subindex, Contribution",PURE_NUMB,0
CISS.D.U2.Z0Z.4F.EC.SS_FXN.CON,D,U2,Z0Z,4F,EC,SS_FXN,CON,2021-11-25,0.022150092088036026,A,F,,,P1D,,V,,,,,,,,,,,,,,,,,4,4F0,,NEW CISS - CISS contribution from foreign exchange market subindex,"Euro area (changing composition), Contribution from foreign exchange market subindex, Contribution",PURE_NUMB,0
CISS.D.U2.Z0Z.4F.EC.SS_FXN.CON,D,U2,Z0Z,4F,EC,SS_FXN,CON,2021-11-26,0.06194220504059299,A,F,,,P1D,,V,,,,,,,,,,,,,,,,,4,4F0,,NEW CISS - CISS contribution from foreign exchange market subindex,"Euro area (changing composition), Contribution from foreign exchange market subindex, Contribution",PURE_NUMB,0
CISS.D.U2.Z0Z.4F.EC.SS_FXN.CON,D,U2,Z0Z,4F,EC,SS_FXN,CON,2021-11-29,0.04972393380579808,A,F,,,P1D,,V,,,,,,,,,,,,,,,,,4,4F0,,NEW CISS - CISS contribution from foreign exchange market subindex,"Euro area (changing composition), Contribution from foreign exchange market subindex, Contribution",PURE_NUMB,0
CISS.D.U2.Z0Z.4F.EC.SS_FXN.CON,D,U2,Z0Z,4F,EC,SS_FXN,CON,2021-11-30,0.048126430994105365,A,F,,,P1D,,V,,,,,,,,,,,,,,,,,4,4F0,,NEW CISS - CISS contribution from foreign exchange market subindex,"Euro area (changing composition), Contribution from foreign exchange market subindex, Contribution",PURE_NUMB,0
CISS.D.U2.Z0Z.4F.EC.SS_FXN.CON,D,U2,Z0Z,4F,EC,SS_FXN,CON,2021-12-01,0.04009261559171619,A,F,,,P1D,,V,,,,,,,,,,,,,,,,,4,4F0,,NEW CISS - CISS contribution from foreign exchange market subindex,"Euro area (changing composition), Contribution from foreign exchange market subindex, Contribution",PURE_NUMB,0
CISS.D.U2.Z0Z.4F.EC.SS_FXN.CON,D,U2,Z0Z,4F,EC,SS_FXN,CON,2021-12-02,0.03519850851359106,A,F,,,P1D,,V,,,,,,,,,,,,,,,,,4,4F0,,NEW CISS - CISS contribution from foreign exchange market subindex,"Euro area (changing composition), Contribution from foreign exchange market subindex, Contribution",PURE_NUMB,0
CISS.D.U2.Z0Z.4F.EC.SS_FXN.CON,D,U2,Z0Z,4F,EC,SS_FXN,CON,2021-12-03,0.0367529825836706,A,F,,,P1D,,V,,,,,,,,,,,,,,,,,4,4F0,,NEW CISS - CISS contribution from foreign exchange market subindex,"Euro area (changing composition), Contribution from foreign exchange market subindex, Contribution",PURE_NUMB,0
CISS.D.U2.Z0Z.4F.EC.SS_FXN.CON,D,U2,Z0Z,4F,EC,SS_FXN,CON,2021-12-06,0.034540566618231155,A,F,,,P1D,,V,,,,,,,,,,,,,,,,,4,4F0,,NEW CISS - CISS contribution from foreign exchange market subindex,"Euro area (changing composition), Contribution from foreign exchange market subindex, Contribution",PURE_NUMB,0
CISS.D.U2.Z0Z.4F.EC.SS_FXN.CON,D,U2,Z0Z,4F,EC,SS_FXN,CON,2021-12-07,0.026597311580944985,A,F,,,P1D,,V,,,,,,,,,,,,,,,,,4,4F0,,NEW CISS - CISS contribution from foreign exchange market subindex,"Euro area (changing composition), Contribution from foreign exchange market subindex, Contribution",PURE_NUMB,0
CISS.D.U2.Z0Z.4F.EC.SS_FXN.CON,D,U2,Z0Z,4F,EC,SS_FXN,CON,2021-12-08,0.04659988592621441,A,F,,,P1D,,V,,,,,,,,,,,,,,,,,4,4F0,,NEW CISS - CISS contribution from foreign exchange market subindex,"Euro area (changing composition), Contribution from foreign exchange market subindex, Contribution",PURE_NUMB,0
CISS.D.U2.Z0Z.4F.EC.SS_FXN.CON,D,U2,Z0Z,4F,EC,SS_FXN,CON,2021-12-09,0.04920161810218134,A,F,,,P1D,,V,,,,,,,,,,,,,,,,,4,4F0,,NEW CISS - CISS contribution from foreign exchange market subindex,"Euro area (changing composition), Contribution from foreign exchange market subindex, Contribution",PURE_NUMB,0
CISS.D.U2.Z0Z.4F.EC.SS_FXN.CON,D,U2,Z0Z,4F,EC,SS_FXN,CON,2021-12-10,0.04096794443670447,A,F,,,P1D,,V,,,,,,,,,,,,,,,,,4,4F0,,NEW CISS - CISS contribution from foreign exchange market subindex,"Euro area (changing composition), Contribution from foreign exchange market subindex, Contribution",PURE_NUMB,0
CISS.D.U2.Z0Z.4F.EC.SS_FXN.CON,D,U2,Z0Z,4F,EC,SS_FXN,CON,2021-12-13,0.03266927554440849,A,F,,,P1D,,V,,,,,,,,,,,,,,,,,4,4F0,,NEW CISS - CISS contribution from foreign exchange market subindex,"Euro area (changing composition), Contribution from foreign exchange market subindex, Contribution",PURE_NUMB,0
CISS.D.U2.Z0Z.4F.EC.SS_FXN.CON,D,U2,Z0Z,4F,EC,SS_FXN,CON,2021-12-14,0.02847140519726242,A,F,,,P1D,,V,,,,,,,,,,,,,,,,,4,4F0,,NEW CISS - CISS contribution from foreign exchange market subindex,"Euro area (changing composition), Contribution from foreign exchange market subindex, Contribution",PURE_NUMB,0
CISS.D.U2.Z0Z.4F.EC.SS_FXN.CON,D,U2,Z0Z,4F,EC,SS_FXN,CON,2021-12-15,0.025986203863817194,A,F,,,P1D,,V,,,,,,,,,,,,,,,,,4,4F0,,NEW CISS - CISS contribution from foreign exchange market subindex,"Euro area (changing composition), Contribution from foreign exchange market subindex, Contribution",PURE_NUMB,0
CISS.D.U2.Z0Z.4F.EC.SS_FXN.CON,D,U2,Z0Z,4F,EC,SS_FXN,CON,2021-12-16,0.021411784747904828,A,F,,,P1D,,V,,,,,,,,,,,,,,,,,4,4F0,,NEW CISS - CISS contribution from foreign exchange market subindex,"Euro area (changing composition), Contribution from foreign exchange market subindex, Contribution",PURE_NUMB,0
CISS.D.U2.Z0Z.4F.EC.SS_FXN.CON,D,U2,Z0Z,4F,EC,SS_FXN,CON,2021-12-17,0.032734468689108745,A,F,,,P1D,,V,,,,,,,,,,,,,,,,,4,4F0,,NEW CISS - CISS contribution from foreign exchange market subindex,"Euro area (changing composition), Contribution from foreign exchange market subindex, Contribution",PURE_NUMB,0
CISS.D.U2.Z0Z.4F.EC.SS_FXN.CON,D,U2,Z0Z,4F,EC,SS_FXN,CON,2021-12-20,0.03304030314086111,A,F,,,P1D,,V,,,,,,,,,,,,,,,,,4,4F0,,NEW CISS - CISS contribution from foreign exchange market subindex,"Euro area (changing composition), Contribution from foreign exchange market subindex, Contribution",PURE_NUMB,0
CISS.D.U2.Z0Z.4F.EC.SS_FXN.CON,D,U2,Z0Z,4F,EC,SS_FXN,CON,2021-12-21,0.03201614969518064,A,F,,,P1D,,V,,,,,,,,,,,,,,,,,4,4F0,,NEW CISS - CISS contribution from foreign exchange market subindex,"Euro area (changing composition), Contribution from foreign exchange market subindex, Contribution",PURE_NUMB,0
CISS.D.U2.Z0Z.4F.EC.SS_FXN.CON,D,U2,Z0Z,4F,EC,SS_FXN,CON,2021-12-22,0.02820523345438799,A,F,,,P1D,,V,,,,,,,,,,,,,,,,,4,4F0,,NEW CISS - CISS contribution from foreign exchange market subindex,"Euro area (changing composition), Contribution from foreign exchange market subindex, Contribution",PURE_NUMB,0
CISS.D.U2.Z0Z.4F.EC.SS_FXN.CON,D,U2,Z0Z,4F,EC,SS_FXN,CON,2021-12-23,0.02428052810552956,A,F,,,P1D,,V,,,,,,,,,,,,,,,,,4,4F0,,NEW CISS - CISS contribution from foreign exchange market subindex,"Euro area (changing composition), Contribution from foreign exchange market subindex, Contribution",PURE_NUMB,0
CISS.D.U2.Z0Z.4F.EC.SS_FXN.CON,D,U2,Z0Z,4F,EC,SS_FXN,CON,2021-12-24,0.018131365210544353,A,F,,,P1D,,V,,,,,,,,,,,,,,,,,4,4F0,,NEW CISS - CISS contribution from foreign exchange market subindex,"Euro area (changing composition), Contribution from foreign exchange market subindex, Contribution",PURE_NUMB,0
CISS.D.U2.Z0Z.4F.EC.SS_FXN.CON,D,U2,Z0Z,4F,EC,SS_FXN,CON,2021-12-27,0.01674176530440517,A,F,,,P1D,,V,,,,,,,,,,,,,,,,,4,4F0,,NEW CISS - CISS contribution from foreign exchange market subindex,"Euro area (changing composition), Contribution from foreign exchange market subindex, Contribution",PURE_NUMB,0
CISS.D.U2.Z0Z.4F.EC.SS_FXN.CON,D,U2,Z0Z,4F,EC,SS_FXN,CON,2021-12-28,0.012934492272360135,A,F,,,P1D,,V,,,,,,,,,,,,,,,,,4,4F0,,NEW CISS - CISS contribution from foreign exchange market subindex,"Euro area (changing composition), Contribution from foreign exchange market subindex, Contribution",PURE_NUMB,0
CISS.D.U2.Z0Z.4F.EC.SS_FXN.CON,D,U2,Z0Z,4F,EC,SS_FXN,CON,2021-12-29,0.01241840996447035,A,F,,,P1D,,V,,,,,,,,,,,,,,,,,4,4F0,,NEW CISS - CISS contribution from foreign exchange market subindex,"Euro area (changing composition), Contribution from foreign exchange market subindex, Contribution",PURE_NUMB,0
CISS.D.U2.Z0Z.4F.EC.SS_FXN.CON,D,U2,Z0Z,4F,EC,SS_FXN,CON,2021-12-30,0.01046704804452394,A,F,,,P1D,,V,,,,,,,,,,,,,,,,,4,4F0,,NEW CISS - CISS contribution from foreign exchange market subindex,"Euro area (changing composition), Contribution from foreign exchange market subindex, Contribution",PURE_NUMB,0
CISS.D.U2.Z0Z.4F.EC.SS_FXN.CON,D,U2,Z0Z,4F,EC,SS_FXN,CON,2021-12-31,0.010048133440107914,A,F,,,P1D,,V,,,,,,,,,,,,,,,,,4,4F0,,NEW CISS - CISS contribution from foreign exchange market subindex,"Euro area (changing composition), Contribution from foreign exchange market subindex, Contribution",PURE_NUMB,0
CISS.D.U2.Z0Z.4F.EC.SS_FXN.CON,D,U2,Z0Z,4F,EC,SS_FXN,CON,2022-01-03,0.013114481612781665,A,F,,,P1D,,V,,,,,,,,,,,,,,,,,4,4F0,,NEW CISS - CISS contribution from foreign exchange market subindex,"Euro area (changing composition), Contribution from foreign exchange market subindex, Contribution",PURE_NUMB,0
CISS.D.U2.Z0Z.4F.EC.SS_FXN.CON,D,U2,Z0Z,4F,EC,SS_FXN,CON,2022-01-04,0.016279090444084633,A,F,,,P1D,,V,,,,,,,,,,,,,,,,,4,4F0,,NEW CISS - CISS contribution from foreign exchange market subindex,"Euro area (changing composition), Contribution from foreign exchange market subindex, Contribution",PURE_NUMB,0
CISS.D.U2.Z0Z.4F.EC.SS_FXN.CON,D,U2,Z0Z,4F,EC,SS_FXN,CON,2022-01-05,0.01243503344490237,A,F,,,P1D,,V,,,,,,,,,,,,,,,,,4,4F0,,NEW CISS - CISS contribution from foreign exchange market subindex,"Euro area (changing composition), Contribution from foreign exchange market subindex, Contribution",PURE_NUMB,0
CISS.D.U2.Z0Z.4F.EC.SS_FXN.CON,D,U2,Z0Z,4F,EC,SS_FXN,CON,2022-01-06,0.011317883612971922,A,F,,,P1D,,V,,,,,,,,,,,,,,,,,4,4F0,,NEW CISS - CISS contribution from foreign exchange market subindex,"Euro area (changing composition), Contribution from foreign exchange market subindex, Contribution",PURE_NUMB,0
CISS.D.U2.Z0Z.4F.EC.SS_FXN.CON,D,U2,Z0Z,4F,EC,SS_FXN,CON,2022-01-07,0.01266992187226858,A,F,,,P1D,,V,,,,,,,,,,,,,,,,,4,4F0,,NEW CISS - CISS contribution from foreign exchange market subindex,"Euro area (changing composition), Contribution from foreign exchange market subindex, Contribution",PURE_NUMB,0
CISS.D.U2.Z0Z.4F.EC.SS_FXN.CON,D,U2,Z0Z,4F,EC,SS_FXN,CON,2022-01-10,0.014414198543556037,A,F,,,P1D,,V,,,,,,,,,,,,,,,,,4,4F0,,NEW CISS - CISS contribution from foreign exchange market subindex,"Euro area (changing composition), Contribution from foreign exchange market subindex, Contribution",PURE_NUMB,0
CISS.D.U2.Z0Z.4F.EC.SS_FXN.CON,D,U2,Z0Z,4F,EC,SS_FXN,CON,2022-01-11,0.012768302529478102,A,F,,,P1D,,V,,,,,,,,,,,,,,,,,4,4F0,,NEW CISS - CISS contribution from foreign exchange market subindex,"Euro area (changing composition), Contribution from foreign exchange market subindex, Contribution",PURE_NUMB,0
CISS.D.U2.Z0Z.4F.EC.SS_FXN.CON,D,U2,Z0Z,4F,EC,SS_FXN,CON,2022-01-12,0.014189577388467971,A,F,,,P1D,,V,,,,,,,,,,,,,,,,,4,4F0,,NEW CISS - CISS contribution from foreign exchange market subindex,"Euro area (changing composition), Contribution from foreign exchange market subindex, Contribution",PURE_NUMB,0
CISS.D.U2.Z0Z.4F.EC.SS_FXN.CON,D,U2,Z0Z,4F,EC,SS_FXN,CON,2022-01-13,0.011206065247310281,A,F,,,P1D,,V,,,,,,,,,,,,,,,,,4,4F0,,NEW CISS - CISS contribution from foreign exchange market subindex,"Euro area (changing composition), Contribution from foreign exchange market subindex, Contribution",PURE_NUMB,0
CISS.D.U2.Z0Z.4F.EC.SS_FXN.CON,D,U2,Z0Z,4F,EC,SS_FXN,CON,2022-01-14,0.010496657531096814,A,F,,,P1D,,V,,,,,,,,,,,,,,,,,4,4F0,,NEW CISS - CISS contribution from foreign exchange market subindex,"Euro area (changing composition), Contribution from foreign exchange market subindex, Contribution",PURE_NUMB,0
CISS.D.U2.Z0Z.4F.EC.SS_FXN.CON,D,U2,Z0Z,4F,EC,SS_FXN,CON,2022-01-17,0.008124146395185165,A,F,,,P1D,,V,,,,,,,,,,,,,,,,,4,4F0,,NEW CISS - CISS contribution from foreign exchange market subindex,"Euro area (changing composition), Contribution from foreign exchange market subindex, Contribution",PURE_NUMB,0
CISS.D.U2.Z0Z.4F.EC.SS_FXN.CON,D,U2,Z0Z,4F,EC,SS_FXN,CON,2022-01-18,0.01671646135820708,A,F,,,P1D,,V,,,,,,,,,,,,,,,,,4,4F0,,NEW CISS - CISS contribution from foreign exchange market subindex,"Euro area (changing composition), Contribution from foreign exchange market subindex, Contribution",PURE_NUMB,0
CISS.D.U2.Z0Z.4F.EC.SS_FXN.CON,D,U2,Z0Z,4F,EC,SS_FXN,CON,2022-01-19,0.012631570627376545,A,F,,,P1D,,V,,,,,,,,,,,,,,,,,4,4F0,,NEW CISS - CISS contribution from foreign exchange market subindex,"Euro area (changing composition), Contribution from foreign exchange market subindex, Contribution",PURE_NUMB,0
CISS.D.U2.Z0Z.4F.EC.SS_FXN.CON,D,U2,Z0Z,4F,EC,SS_FXN,CON,2022-01-20,0.011785285443203333,A,F,,,P1D,,V,,,,,,,,,,,,,,,,,4,4F0,,NEW CISS - CISS contribution from foreign exchange market subindex,"Euro area (changing composition), Contribution from foreign exchange market subindex, Contribution",PURE_NUMB,0
CISS.D.U2.Z0Z.4F.EC.SS_FXN.CON,D,U2,Z0Z,4F,EC,SS_FXN,CON,2022-01-21,0.015355705115315947,A,F,,,P1D,,V,,,,,,,,,,,,,,,,,4,4F0,,NEW CISS - CISS contribution from foreign exchange market subindex,"Euro area (changing composition), Contribution from foreign exchange market subindex, Contribution",PURE_NUMB,0
CISS.D.U2.Z0Z.4F.EC.SS_FXN.CON,D,U2,Z0Z,4F,EC,SS_FXN,CON,2022-01-24,0.015611576236511864,A,F,,,P1D,,V,,,,,,,,,,,,,,,,,4,4F0,,NEW CISS - CISS contribution from foreign exchange market subindex,"Euro area (changing composition), Contribution from foreign exchange market subindex, Contribution",PURE_NUMB,0
CISS.D.U2.Z0Z.4F.EC.SS_FXN.CON,D,U2,Z0Z,4F,EC,SS_FXN,CON,2022-01-25,0.014322025172914057,A,F,,,P1D,,V,,,,,,,,,,,,,,,,,4,4F0,,NEW CISS - CISS contribution from foreign exchange market subindex,"Euro area (changing composition), Contribution from foreign exchange market subindex, Contribution",PURE_NUMB,0
CISS.D.U2.Z0Z.4F.EC.SS_FXN.CON,D,U2,Z0Z,4F,EC,SS_FXN,CON,2022-01-26,0.014545890636476343,A,F,,,P1D,,V,,,,,,,,,,,,,,,,,4,4F0,,NEW CISS - CISS contribution from foreign exchange market subindex,"Euro area (changing composition), Contribution from foreign exchange market subindex, Contribution",PURE_NUMB,0
CISS.D.U2.Z0Z.4F.EC.SS_FXN.CON,D,U2,Z0Z,4F,EC,SS_FXN,CON,2022-01-27,0.020395591889009204,A,F,,,P1D,,V,,,,,,,,,,,,,,,,,4,4F0,,NEW CISS - CISS contribution from foreign exchange market subindex,"Euro area (changing composition), Contribution from foreign exchange market subindex, Contribution",PURE_NUMB,0
CISS.D.U2.Z0Z.4F.EC.SS_FXN.CON,D,U2,Z0Z,4F,EC,SS_FXN,CON,2022-01-28,0.015764225139315455,A,F,,,P1D,,V,,,,,,,,,,,,,,,,,4,4F0,,NEW CISS - CISS contribution from foreign exchange market subindex,"Euro area (changing composition), Contribution from foreign exchange market subindex, Contribution",PURE_NUMB,0
CISS.D.U2.Z0Z.4F.EC.SS_FXN.CON,D,U2,Z0Z,4F,EC,SS_FXN,CON,2022-01-31,0.029190598663337928,A,F,,,P1D,,V,,,,,,,,,,,,,,,,,4,4F0,,NEW CISS - CISS contribution from foreign exchange market subindex,"Euro area (changing composition), Contribution from foreign exchange market subindex, Contribution",PURE_NUMB,0
CISS.D.U2.Z0Z.4F.EC.SS_FXN.CON,D,U2,Z0Z,4F,EC,SS_FXN,CON,2022-02-01,0.024109319466346774,A,F,,,P1D,,V,,,,,,,,,,,,,,,,,4,4F0,,NEW CISS - CISS contribution from foreign exchange market subindex,"Euro area (changing composition), Contribution from foreign exchange market subindex, Contribution",PURE_NUMB,0
CISS.D.U2.Z0Z.4F.EC.SS_FXN.CON,D,U2,Z0Z,4F,EC,SS_FXN,CON,2022-02-02,0.018838394276910204,A,F,,,P1D,,V,,,,,,,,,,,,,,,,,4,4F0,,NEW CISS - CISS contribution from foreign exchange market subindex,"Euro area (changing composition), Contribution from foreign exchange market subindex, Contribution",PURE_NUMB,0
CISS.D.U2.Z0Z.4F.EC.SS_FXN.CON,D,U2,Z0Z,4F,EC,SS_FXN,CON,2022-02-03,0.08078535148169587,A,F,,,P1D,,V,,,,,,,,,,,,,,,,,4,4F0,,NEW CISS - CISS contribution from foreign exchange market subindex,"Euro area (changing composition), Contribution from foreign exchange market subindex, Contribution",PURE_NUMB,0
CISS.D.U2.Z0Z.4F.EC.SS_FXN.CON,D,U2,Z0Z,4F,EC,SS_FXN,CON,2022-02-04,0.07648739170149253,A,F,,,P1D,,V,,,,,,,,,,,,,,,,,4,4F0,,NEW CISS - CISS contribution from foreign exchange market subindex,"Euro area (changing composition), Contribution from foreign exchange market subindex, Contribution",PURE_NUMB,0
CISS.D.U2.Z0Z.4F.EC.SS_FXN.CON,D,U2,Z0Z,4F,EC,SS_FXN,CON,2022-02-07,0.067767022221432,A,F,,,P1D,,V,,,,,,,,,,,,,,,,,4,4F0,,NEW CISS - CISS contribution from foreign exchange market subindex,"Euro area (changing composition), Contribution from foreign exchange market subindex, Contribution",PURE_NUMB,0
CISS.D.U2.Z0Z.4F.EC.SS_FXN.CON,D,U2,Z0Z,4F,EC,SS_FXN,CON,2022-02-08,0.05758386898812554,A,F,,,P1D,,V,,,,,,,,,,,,,,,,,4,4F0,,NEW CISS - CISS contribution from foreign exchange market subindex,"Euro area (changing composition), Contribution from foreign exchange market subindex, Contribution",PURE_NUMB,0
CISS.D.U2.Z0Z.4F.EC.SS_FXN.CON,D,U2,Z0Z,4F,EC,SS_FXN,CON,2022-02-09,0.04689645752053632,A,F,,,P1D,,V,,,,,,,,,,,,,,,,,4,4F0,,NEW CISS - CISS contribution from foreign exchange market subindex,"Euro area (changing composition), Contribution from foreign exchange market subindex, Contribution",PURE_NUMB,0
CISS.D.U2.Z0Z.4F.EC.SS_FXN.CON,D,U2,Z0Z,4F,EC,SS_FXN,CON,2022-02-10,0.03980830719811777,A,F,,,P1D,,V,,,,,,,,,,,,,,,,,4,4F0,,NEW CISS - CISS contribution from foreign exchange market subindex,"Euro area (changing composition), Contribution from foreign exchange market subindex, Contribution",PURE_NUMB,0
CISS.D.U2.Z0Z.4F.EC.SS_FXN.CON,D,U2,Z0Z,4F,EC,SS_FXN,CON,2022-02-11,0.06285890950304339,A,F,,,P1D,,V,,,,,,,,,,,,,,,,,4,4F0,,NEW CISS - CISS contribution from foreign exchange market subindex,"Euro area (changing composition), Contribution from foreign exchange market subindex, Contribution",PURE_NUMB,0
CISS.D.U2.Z0Z.4F.EC.SS_FXN.CON,D,U2,Z0Z,4F,EC,SS_FXN,CON,2022-02-14,0.058091586387324805,A,F,,,P1D,,V,,,,,,,,,,,,,,,,,4,4F0,,NEW CISS - CISS contribution from foreign exchange market subindex,"Euro area (changing composition), Contribution from foreign exchange market subindex, Contribution",PURE_NUMB,0
CISS.D.U2.Z0Z.4F.EC.SS_FXN.CON,D,U2,Z0Z,4F,EC,SS_FXN,CON,2022-02-15,0.0549690944010383,A,F,,,P1D,,V,,,,,,,,,,,,,,,,,4,4F0,,NEW CISS - CISS contribution from foreign exchange market subindex,"Euro area (changing composition), Contribution from foreign exchange market subindex, Contribution",PURE_NUMB,0
CISS.D.U2.Z0Z.4F.EC.SS_FXN.CON,D,U2,Z0Z,4F,EC,SS_FXN,CON,2022-02-16,0.045743996531984944,A,F,,,P1D,,V,,,,,,,,,,,,,,,,,4,4F0,,NEW CISS - CISS contribution from foreign exchange market subindex,"Euro area (changing composition), Contribution from foreign exchange market subindex, Contribution",PURE_NUMB,0
CISS.D.U2.Z0Z.4F.EC.SS_FXN.CON,D,U2,Z0Z,4F,EC,SS_FXN,CON,2022-02-17,0.04295844330625643,A,F,,,P1D,,V,,,,,,,,,,,,,,,,,4,4F0,,NEW CISS - CISS contribution from foreign exchange market subindex,"Euro area (changing composition), Contribution from foreign exchange market subindex, Contribution",PURE_NUMB,0
CISS.D.U2.Z0Z.4F.EC.SS_FXN.CON,D,U2,Z0Z,4F,EC,SS_FXN,CON,2022-02-18,0.03690741694767303,A,F,,,P1D,,V,,,,,,,,,,,,,,,,,4,4F0,,NEW CISS - CISS contribution from foreign exchange market subindex,"Euro area (changing composition), Contribution from foreign exchange market subindex, Contribution",PURE_NUMB,0
CISS.D.U2.Z0Z.4F.EC.SS_FXN.CON,D,U2,Z0Z,4F,EC,SS_FXN,CON,2022-02-21,0.03194600823562906,A,F,,,P1D,,V,,,,,,,,,,,,,,,,,4,4F0,,NEW CISS - CISS contribution from foreign exchange market subindex,"Euro area (changing composition), Contribution from foreign exchange market subindex, Contribution",PURE_NUMB,0
CISS.D.U2.Z0Z.4F.EC.SS_FXN.CON,D,U2,Z0Z,4F,EC,SS_FXN,CON,2022-02-22,0.02814133007875713,A,F,,,P1D,,V,,,,,,,,,,,,,,,,,4,4F0,,NEW CISS - CISS contribution from foreign exchange market subindex,"Euro area (changing composition), Contribution from foreign exchange market subindex, Contribution",PURE_NUMB,0
CISS.D.U2.Z0Z.4F.EC.SS_FXN.CON,D,U2,Z0Z,4F,EC,SS_FXN,CON,2022-02-23,0.02287118525324455,A,F,,,P1D,,V,,,,,,,,,,,,,,,,,4,4F0,,NEW CISS - CISS contribution from foreign exchange market subindex,"Euro area (changing composition), Contribution from foreign exchange market subindex, Contribution",PURE_NUMB,0
CISS.D.U2.Z0Z.4F.EC.SS_FXN.CON,D,U2,Z0Z,4F,EC,SS_FXN,CON,2022-02-24,0.04024931345711971,A,F,,,P1D,,V,,,,,,,,,,,,,,,,,4,4F0,,NEW CISS - CISS contribution from foreign exchange market subindex,"Euro area (changing composition), Contribution from foreign exchange market subindex, Contribution",PURE_NUMB,0
CISS.D.U2.Z0Z.4F.EC.SS_FXN.CON,D,U2,Z0Z,4F,EC,SS_FXN,CON,2022-02-25,0.04951596424078139,A,F,,,P1D,,V,,,,,,,,,,,,,,,,,4,4F0,,NEW CISS - CISS contribution from foreign exchange market subindex,"Euro area (changing composition), Contribution from foreign exchange market subindex, Contribution",PURE_NUMB,0
CISS.D.U2.Z0Z.4F.EC.SS_FXN.CON,D,U2,Z0Z,4F,EC,SS_FXN,CON,2022-02-28,0.05975638413619247,A,F,,,P1D,,V,,,,,,,,,,,,,,,,,4,4F0,,NEW CISS - CISS contribution from foreign exchange market subindex,"Euro area (changing composition), Contribution from foreign exchange market subindex, Contribution",PURE_NUMB,0
CISS.D.U2.Z0Z.4F.EC.SS_FXN.CON,D,U2,Z0Z,4F,EC,SS_FXN,CON,2022-03-01,0.06989366377323218,A,F,,,P1D,,V,,,,,,,,,,,,,,,,,4,4F0,,NEW CISS - CISS contribution from foreign exchange market subindex,"Euro area (changing composition), Contribution from foreign exchange market subindex, Contribution",PURE_NUMB,0
CISS.D.U2.Z0Z.4F.EC.SS_FXN.CON,D,U2,Z0Z,4F,EC,SS_FXN,CON,2022-03-02,0.07171735390994143,A,F,,,P1D,,V,,,,,,,,,,,,,,,,,4,4F0,,NEW CISS - CISS contribution from foreign exchange market subindex,"Euro area (changing composition), Contribution from foreign exchange market subindex, Contribution",PURE_NUMB,0
CISS.D.U2.Z0Z.4F.EC.SS_FXN.CON,D,U2,Z0Z,4F,EC,SS_FXN,CON,2022-03-03,0.06710349437782656,A,F,,,P1D,,V,,,,,,,,,,,,,,,,,4,4F0,,NEW CISS - CISS contribution from foreign exchange market subindex,"Euro area (changing composition), Contribution from foreign exchange market subindex, Contribution",PURE_NUMB,0
CISS.D.U2.Z0Z.4F.EC.SS_FXN.CON,D,U2,Z0Z,4F,EC,SS_FXN,CON,2022-03-04,0.10120094350890403,A,F,,,P1D,,V,,,,,,,,,,,,,,,,,4,4F0,,NEW CISS - CISS contribution from foreign exchange market subindex,"Euro area (changing composition), Contribution from foreign exchange market subindex, Contribution",PURE_NUMB,0
CISS.D.U2.Z0Z.4F.EC.SS_FXN.CON,D,U2,Z0Z,4F,EC,SS_FXN,CON,2022-03-07,0.10035949687481655,A,F,,,P1D,,V,,,,,,,,,,,,,,,,,4,4F0,,NEW CISS - CISS contribution from foreign exchange market subindex,"Euro area (changing composition), Contribution from foreign exchange market subindex, Contribution",PURE_NUMB,0
CISS.D.U2.Z0Z.4F.EC.SS_FXN.CON,D,U2,Z0Z,4F,EC,SS_FXN,CON,2022-03-08,0.09832733355670853,A,F,,,P1D,,V,,,,,,,,,,,,,,,,,4,4F0,,NEW CISS - CISS contribution from foreign exchange market subindex,"Euro area (changing composition), Contribution from foreign exchange market subindex, Contribution",PURE_NUMB,0
CISS.D.U2.Z0Z.4F.EC.SS_FXN.CON,D,U2,Z0Z,4F,EC,SS_FXN,CON,2022-03-09,0.13560225246305196,A,F,,,P1D,,V,,,,,,,,,,,,,,,,,4,4F0,,NEW CISS - CISS contribution from foreign exchange market subindex,"Euro area (changing composition), Contribution from foreign exchange market subindex, Contribution",PURE_NUMB,0
CISS.D.U2.Z0Z.4F.EC.SS_FXN.CON,D,U2,Z0Z,4F,EC,SS_FXN,CON,2022-03-10,0.1301089987895551,A,F,,,P1D,,V,,,,,,,,,,,,,,,,,4,4F0,,NEW CISS - CISS contribution from foreign exchange market subindex,"Euro area (changing composition), Contribution from foreign exchange market subindex, Contribution",PURE_NUMB,0
CISS.D.U2.Z0Z.4F.EC.SS_FXN.CON,D,U2,Z0Z,4F,EC,SS_FXN,CON,2022-03-11,0.12360889090522202,A,F,,,P1D,,V,,,,,,,,,,,,,,,,,4,4F0,,NEW CISS - CISS contribution from foreign exchange market subindex,"Euro area (changing composition), Contribution from foreign exchange market subindex, Contribution",PURE_NUMB,0
CISS.D.U2.Z0Z.4F.EC.SS_FXN.CON,D,U2,Z0Z,4F,EC,SS_FXN,CON,2022-03-14,0.12175908330891004,A,F,,,P1D,,V,,,,,,,,,,,,,,,,,4,4F0,,NEW CISS - CISS contribution from foreign exchange market subindex,"Euro area (changing composition), Contribution from foreign exchange market subindex, Contribution",PURE_NUMB,0
CISS.D.U2.Z0Z.4F.EC.SS_FXN.CON,D,U2,Z0Z,4F,EC,SS_FXN,CON,2022-03-15,0.11105586847399312,A,F,,,P1D,,V,,,,,,,,,,,,,,,,,4,4F0,,NEW CISS - CISS contribution from foreign exchange market subindex,"Euro area (changing composition), Contribution from foreign exchange market subindex, Contribution",PURE_NUMB,0
CISS.D.U2.Z0Z.4F.EC.SS_FXN.CON,D,U2,Z0Z,4F,EC,SS_FXN,CON,2022-03-16,0.10621075356541071,A,F,,,P1D,,V,,,,,,,,,,,,,,,,,4,4F0,,NEW CISS - CISS contribution from foreign exchange market subindex,"Euro area (changing composition), Contribution from foreign exchange market subindex, Contribution",PURE_NUMB,0
CISS.D.U2.Z0Z.4F.EC.SS_FXN.CON,D,U2,Z0Z,4F,EC,SS_FXN,CON,2022-03-17,0.1052504040367269,A,F,,,P1D,,V,,,,,,,,,,,,,,,,,4,4F0,,NEW CISS - CISS contribution from foreign exchange market subindex,"Euro area (changing composition), Contribution from foreign exchange market subindex, Contribution",PURE_NUMB,0
CISS.D.U2.Z0Z.4F.EC.SS_FXN.CON,D,U2,Z0Z,4F,EC,SS_FXN,CON,2022-03-18,0.1023148969679687,A,F,,,P1D,,V,,,,,,,,,,,,,,,,,4,4F0,,NEW CISS - CISS contribution from foreign exchange market subindex,"Euro area (changing composition), Contribution from foreign exchange market subindex, Contribution",PURE_NUMB,0
CISS.D.U2.Z0Z.4F.EC.SS_FXN.CON,D,U2,Z0Z,4F,EC,SS_FXN,CON,2022-03-21,0.09133982438774821,A,F,,,P1D,,V,,,,,,,,,,,,,,,,,4,4F0,,NEW CISS - CISS contribution from foreign exchange market subindex,"Euro area (changing composition), Contribution from foreign exchange market subindex, Contribution",PURE_NUMB,0
CISS.D.U2.Z0Z.4F.EC.SS_FXN.CON,D,U2,Z0Z,4F,EC,SS_FXN,CON,2022-03-22,0.09492235736955713,A,F,,,P1D,,V,,,,,,,,,,,,,,,,,4,4F0,,NEW CISS - CISS contribution from foreign exchange market subindex,"Euro area (changing composition), Contribution from foreign exchange market subindex, Contribution",PURE_NUMB,0
CISS.D.U2.Z0Z.4F.EC.SS_FXN.CON,D,U2,Z0Z,4F,EC,SS_FXN,CON,2022-03-23,0.08385294334699557,A,F,,,P1D,,V,,,,,,,,,,,,,,,,,4,4F0,,NEW CISS - CISS contribution from foreign exchange market subindex,"Euro area (changing composition), Contribution from foreign exchange market subindex, Contribution",PURE_NUMB,0
CISS.D.U2.Z0Z.4F.EC.SS_FXN.CON,D,U2,Z0Z,4F,EC,SS_FXN,CON,2022-03-24,0.0758722247738353,A,F,,,P1D,,V,,,,,,,,,,,,,,,,,4,4F0,,NEW CISS - CISS contribution from foreign exchange market subindex,"Euro area (changing composition), Contribution from foreign exchange market subindex, Contribution",PURE_NUMB,0
CISS.D.U2.Z0Z.4F.EC.SS_FXN.CON,D,U2,Z0Z,4F,EC,SS_FXN,CON,2022-03-25,0.0635703039418333,A,F,,,P1D,,V,,,,,,,,,,,,,,,,,4,4F0,,NEW CISS - CISS contribution from foreign exchange market subindex,"Euro area (changing composition), Contribution from foreign exchange market subindex, Contribution",PURE_NUMB,0
CISS.D.U2.Z0Z.4F.EC.SS_FXN.CON,D,U2,Z0Z,4F,EC,SS_FXN,CON,2022-03-28,0.07613256325516142,A,F,,,P1D,,V,,,,,,,,,,,,,,,,,4,4F0,,NEW CISS - CISS contribution from foreign exchange market subindex,"Euro area (changing composition), Contribution from foreign exchange market subindex, Contribution",PURE_NUMB,0
CISS.D.U2.Z0Z.4F.EC.SS_FXN.CON,D,U2,Z0Z,4F,EC,SS_FXN,CON,2022-03-29,0.09784363528253628,A,F,,,P1D,,V,,,,,,,,,,,,,,,,,4,4F0,,NEW CISS - CISS contribution from foreign exchange market subindex,"Euro area (changing composition), Contribution from foreign exchange market subindex, Contribution",PURE_NUMB,0
CISS.D.U2.Z0Z.4F.EC.SS_FXN.CON,D,U2,Z0Z,4F,EC,SS_FXN,CON,2022-03-30,0.09440042592692198,A,F,,,P1D,,V,,,,,,,,,,,,,,,,,4,4F0,,NEW CISS - CISS contribution from foreign exchange market subindex,"Euro area (changing composition), Contribution from foreign exchange market subindex, Contribution",PURE_NUMB,0
CISS.D.U2.Z0Z.4F.EC.SS_FXN.CON,D,U2,Z0Z,4F,EC,SS_FXN,CON,2022-03-31,0.10831604938877994,A,F,,,P1D,,V,,,,,,,,,,,,,,,,,4,4F0,,NEW CISS - CISS contribution from foreign exchange market subindex,"Euro area (changing composition), Contribution from foreign exchange market subindex, Contribution",PURE_NUMB,0
CISS.D.U2.Z0Z.4F.EC.SS_FXN.CON,D,U2,Z0Z,4F,EC,SS_FXN,CON,2022-04-01,0.09618706346802926,A,F,,,P1D,,V,,,,,,,,,,,,,,,,,4,4F0,,NEW CISS - CISS contribution from foreign exchange market subindex,"Euro area (changing composition), Contribution from foreign exchange market subindex, Contribution",PURE_NUMB,0
CISS.D.U2.Z0Z.4F.EC.SS_FXN.CON,D,U2,Z0Z,4F,EC,SS_FXN,CON,2022-04-04,0.10148674574028041,A,F,,,P1D,,V,,,,,,,,,,,,,,,,,4,4F0,,NEW CISS - CISS contribution from foreign exchange market subindex,"Euro area (changing composition), Contribution from foreign exchange market subindex, Contribution",PURE_NUMB,0
CISS.D.U2.Z0Z.4F.EC.SS_FXN.CON,D,U2,Z0Z,4F,EC,SS_FXN,CON,2022-04-05,0.0954058563550717,A,F,,,P1D,,V,,,,,,,,,,,,,,,,,4,4F0,,NEW CISS - CISS contribution from foreign exchange market subindex,"Euro area (changing composition), Contribution from foreign exchange market subindex, Contribution",PURE_NUMB,0
CISS.D.U2.Z0Z.4F.EC.SS_FXN.CON,D,U2,Z0Z,4F,EC,SS_FXN,CON,2022-04-06,0.0838398131429874,A,F,,,P1D,,V,,,,,,,,,,,,,,,,,4,4F0,,NEW CISS - CISS contribution from foreign exchange market subindex,"Euro area (changing composition), Contribution from foreign exchange market subindex, Contribution",PURE_NUMB,0
CISS.D.U2.Z0Z.4F.EC.SS_FXN.CON,D,U2,Z0Z,4F,EC,SS_FXN,CON,2022-04-07,0.0716373312204897,A,F,,,P1D,,V,,,,,,,,,,,,,,,,,4,4F0,,NEW CISS - CISS contribution from foreign exchange market subindex,"Euro area (changing composition), Contribution from foreign exchange market subindex, Contribution",PURE_NUMB,0
CISS.D.U2.Z0Z.4F.EC.SS_FXN.CON,D,U2,Z0Z,4F,EC,SS_FXN,CON,2022-04-08,0.06067427615144925,A,F,,,P1D,,V,,,,,,,,,,,,,,,,,4,4F0,,NEW CISS - CISS contribution from foreign exchange market subindex,"Euro area (changing composition), Contribution from foreign exchange market subindex, Contribution",PURE_NUMB,0
CISS.D.U2.Z0Z.4F.EC.SS_FXN.CON,D,U2,Z0Z,4F,EC,SS_FXN,CON,2022-04-11,0.05846713344513497,A,F,,,P1D,,V,,,,,,,,,,,,,,,,,4,4F0,,NEW CISS - CISS contribution from foreign exchange market subindex,"Euro area (changing composition), Contribution from foreign exchange market subindex, Contribution",PURE_NUMB,0
CISS.D.U2.Z0Z.4F.EC.SS_FXN.CON,D,U2,Z0Z,4F,EC,SS_FXN,CON,2022-04-12,0.057074082242469515,A,F,,,P1D,,V,,,,,,,,,,,,,,,,,4,4F0,,NEW CISS - CISS contribution from foreign exchange market subindex,"Euro area (changing composition), Contribution from foreign exchange market subindex, Contribution",PURE_NUMB,0
CISS.D.U2.Z0Z.4F.EC.SS_FXN.CON,D,U2,Z0Z,4F,EC,SS_FXN,CON,2022-04-13,0.05985079257374991,A,F,,,P1D,,V,,,,,,,,,,,,,,,,,4,4F0,,NEW CISS - CISS contribution from foreign exchange market subindex,"Euro area (changing composition), Contribution from foreign exchange market subindex, Contribution",PURE_NUMB,0
CISS.D.U2.Z0Z.4F.EC.SS_FXN.CON,D,U2,Z0Z,4F,EC,SS_FXN,CON,2022-04-14,0.054650075813029025,A,F,,,P1D,,V,,,,,,,,,,,,,,,,,4,4F0,,NEW CISS - CISS contribution from foreign exchange market subindex,"Euro area (changing composition), Contribution from foreign exchange market subindex, Contribution",PURE_NUMB,0
CISS.D.U2.Z0Z.4F.EC.SS_FXN.CON,D,U2,Z0Z,4F,EC,SS_FXN,CON,2022-04-15,0.04470991179647371,A,F,,,P1D,,V,,,,,,,,,,,,,,,,,4,4F0,,NEW CISS - CISS contribution from foreign exchange market subindex,"Euro area (changing composition), Contribution from foreign exchange market subindex, Contribution",PURE_NUMB,0
CISS.D.U2.Z0Z.4F.EC.SS_FXN.CON,D,U2,Z0Z,4F,EC,SS_FXN,CON,2022-04-18,0.03665065130882254,A,F,,,P1D,,V,,,,,,,,,,,,,,,,,4,4F0,,NEW CISS - CISS contribution from foreign exchange market subindex,"Euro area (changing composition), Contribution from foreign exchange market subindex, Contribution",PURE_NUMB,0
CISS.D.U2.Z0Z.4F.EC.SS_FXN.CON,D,U2,Z0Z,4F,EC,SS_FXN,CON,2022-04-19,0.04775962070495493,A,F,,,P1D,,V,,,,,,,,,,,,,,,,,4,4F0,,NEW CISS - CISS contribution from foreign exchange market subindex,"Euro area (changing composition), Contribution from foreign exchange market subindex, Contribution",PURE_NUMB,0
CISS.D.U2.Z0Z.4F.EC.SS_FXN.CON,D,U2,Z0Z,4F,EC,SS_FXN,CON,2022-04-20,0.04617596025677117,A,F,,,P1D,,V,,,,,,,,,,,,,,,,,4,4F0,,NEW CISS - CISS contribution from foreign exchange market subindex,"Euro area (changing composition), Contribution from foreign exchange market subindex, Contribution",PURE_NUMB,0
CISS.D.U2.Z0Z.4F.EC.SS_FXN.CON,D,U2,Z0Z,4F,EC,SS_FXN,CON,2022-04-21,0.03910127498370367,A,F,,,P1D,,V,,,,,,,,,,,,,,,,,4,4F0,,NEW CISS - CISS contribution from foreign exchange market subindex,"Euro area (changing composition), Contribution from foreign exchange market subindex, Contribution",PURE_NUMB,0
CISS.D.U2.Z0Z.4F.EC.SS_FXN.CON,D,U2,Z0Z,4F,EC,SS_FXN,CON,2022-04-22,0.06347964492906973,A,F,,,P1D,,V,,,,,,,,,,,,,,,,,4,4F0,,NEW CISS - CISS contribution from foreign exchange market subindex,"Euro area (changing composition), Contribution from foreign exchange market subindex, Contribution",PURE_NUMB,0
CISS.D.U2.Z0Z.4F.EC.SS_FXN.CON,D,U2,Z0Z,4F,EC,SS_FXN,CON,2022-04-25,0.07622956367906744,A,F,,,P1D,,V,,,,,,,,,,,,,,,,,4,4F0,,NEW CISS - CISS contribution from foreign exchange market subindex,"Euro area (changing composition), Contribution from foreign exchange market subindex, Contribution",PURE_NUMB,0
CISS.D.U2.Z0Z.4F.EC.SS_FXN.CON,D,U2,Z0Z,4F,EC,SS_FXN,CON,2022-04-26,0.0933126796271265,A,F,,,P1D,,V,,,,,,,,,,,,,,,,,4,4F0,,NEW CISS - CISS contribution from foreign exchange market subindex,"Euro area (changing composition), Contribution from foreign exchange market subindex, Contribution",PURE_NUMB,0
CISS.D.U2.Z0Z.4F.EC.SS_FXN.CON,D,U2,Z0Z,4F,EC,SS_FXN,CON,2022-04-27,0.09661774444909278,A,F,,,P1D,,V,,,,,,,,,,,,,,,,,4,4F0,,NEW CISS - CISS contribution from foreign exchange market subindex,"Euro area (changing composition), Contribution from foreign exchange market subindex, Contribution",PURE_NUMB,0
CISS.D.U2.Z0Z.4F.EC.SS_FXN.CON,D,U2,Z0Z,4F,EC,SS_FXN,CON,2022-04-28,0.09724167061286211,A,F,,,P1D,,V,,,,,,,,,,,,,,,,,4,4F0,,NEW CISS - CISS contribution from foreign exchange market subindex,"Euro area (changing composition), Contribution from foreign exchange market subindex, Contribution",PURE_NUMB,0
CISS.D.U2.Z0Z.4F.EC.SS_FXN.CON,D,U2,Z0Z,4F,EC,SS_FXN,CON,2022-04-29,0.09333717954340465,A,F,,,P1D,,V,,,,,,,,,,,,,,,,,4,4F0,,NEW CISS - CISS contribution from foreign exchange market subindex,"Euro area (changing composition), Contribution from foreign exchange market subindex, Contribution",PURE_NUMB,0
CISS.D.U2.Z0Z.4F.EC.SS_FXN.CON,D,U2,Z0Z,4F,EC,SS_FXN,CON,2022-05-02,0.08496086293310619,A,F,,,P1D,,V,,,,,,,,,,,,,,,,,4,4F0,,NEW CISS - CISS contribution from foreign exchange market subindex,"Euro area (changing composition), Contribution from foreign exchange market subindex, Contribution",PURE_NUMB,0
CISS.D.U2.Z0Z.4F.EC.SS_FXN.CON,D,U2,Z0Z,4F,EC,SS_FXN,CON,2022-05-03,0.0719355808128205,A,F,,,P1D,,V,,,,,,,,,,,,,,,,,4,4F0,,NEW CISS - CISS contribution from foreign exchange market subindex,"Euro area (changing composition), Contribution from foreign exchange market subindex, Contribution",PURE_NUMB,0
CISS.D.U2.Z0Z.4F.EC.SS_FXN.CON,D,U2,Z0Z,4F,EC,SS_FXN,CON,2022-05-04,0.07464645965520621,A,F,,,P1D,,V,,,,,,,,,,,,,,,,,4,4F0,,NEW CISS - CISS contribution from foreign exchange market subindex,"Euro area (changing composition), Contribution from foreign exchange market subindex, Contribution",PURE_NUMB,0
CISS.D.U2.Z0Z.4F.EC.SS_FXN.CON,D,U2,Z0Z,4F,EC,SS_FXN,CON,2022-05-05,0.10128248550165012,A,F,,,P1D,,V,,,,,,,,,,,,,,,,,4,4F0,,NEW CISS - CISS contribution from foreign exchange market subindex,"Euro area (changing composition), Contribution from foreign exchange market subindex, Contribution",PURE_NUMB,0
CISS.D.U2.Z0Z.4F.EC.SS_FXN.CON,D,U2,Z0Z,4F,EC,SS_FXN,CON,2022-05-06,0.09342617505447909,A,F,,,P1D,,V,,,,,,,,,,,,,,,,,4,4F0,,NEW CISS - CISS contribution from foreign exchange market subindex,"Euro area (changing composition), Contribution from foreign exchange market subindex, Contribution",PURE_NUMB,0
CISS.D.U2.Z0Z.4F.EC.SS_FXN.CON,D,U2,Z0Z,4F,EC,SS_FXN,CON,2022-05-09,0.08194061126130309,A,F,,,P1D,,V,,,,,,,,,,,,,,,,,4,4F0,,NEW CISS - CISS contribution from foreign exchange market subindex,"Euro area (changing composition), Contribution from foreign exchange market subindex, Contribution",PURE_NUMB,0
CISS.D.U2.Z0Z.4F.EC.SS_FXN.CON,D,U2,Z0Z,4F,EC,SS_FXN,CON,2022-05-10,0.0704105019371131,A,F,,,P1D,,V,,,,,,,,,,,,,,,,,4,4F0,,NEW CISS - CISS contribution from foreign exchange market subindex,"Euro area (changing composition), Contribution from foreign exchange market subindex, Contribution",PURE_NUMB,0
CISS.D.U2.Z0Z.4F.EC.SS_FXN.CON,D,U2,Z0Z,4F,EC,SS_FXN,CON,2022-05-11,0.06467581536802643,A,F,,,P1D,,V,,,,,,,,,,,,,,,,,4,4F0,,NEW CISS - CISS contribution from foreign exchange market subindex,"Euro area (changing composition), Contribution from foreign exchange market subindex, Contribution",PURE_NUMB,0
CISS.D.U2.Z0Z.4F.EC.SS_FXN.CON,D,U2,Z0Z,4F,EC,SS_FXN,CON,2022-05-12,0.1264500705436186,A,F,,,P1D,,V,,,,,,,,,,,,,,,,,4,4F0,,NEW CISS - CISS contribution from foreign exchange market subindex,"Euro area (changing composition), Contribution from foreign exchange market subindex, Contribution",PURE_NUMB,0
CISS.D.U2.Z0Z.4F.EC.SS_FXN.CON,D,U2,Z0Z,4F,EC,SS_FXN,CON,2022-05-13,0.11770999126163632,A,F,,,P1D,,V,,,,,,,,,,,,,,,,,4,4F0,,NEW CISS - CISS contribution from foreign exchange market subindex,"Euro area (changing composition), Contribution from foreign exchange market subindex, Contribution",PURE_NUMB,0
CISS.D.U2.Z0Z.4F.EC.SS_FXN.CON,D,U2,Z0Z,4F,EC,SS_FXN,CON,2022-05-16,0.10684390074639068,A,F,,,P1D,,V,,,,,,,,,,,,,,,,,4,4F0,,NEW CISS - CISS contribution from foreign exchange market subindex,"Euro area (changing composition), Contribution from foreign exchange market subindex, Contribution",PURE_NUMB,0
CISS.D.U2.Z0Z.4F.EC.SS_FXN.CON,D,U2,Z0Z,4F,EC,SS_FXN,CON,2022-05-17,0.11585948635938532,A,F,,,P1D,,V,,,,,,,,,,,,,,,,,4,4F0,,NEW CISS - CISS contribution from foreign exchange market subindex,"Euro area (changing composition), Contribution from foreign exchange market subindex, Contribution",PURE_NUMB,0
CISS.D.U2.Z0Z.4F.EC.SS_FXN.CON,D,U2,Z0Z,4F,EC,SS_FXN,CON,2022-05-18,0.11908177511619797,A,F,,,P1D,,V,,,,,,,,,,,,,,,,,4,4F0,,NEW CISS - CISS contribution from foreign exchange market subindex,"Euro area (changing composition), Contribution from foreign exchange market subindex, Contribution",PURE_NUMB,0
CISS.D.U2.Z0Z.4F.EC.SS_FXN.CON,D,U2,Z0Z,4F,EC,SS_FXN,CON,2022-05-19,0.12080339960916756,A,F,,,P1D,,V,,,,,,,,,,,,,,,,,4,4F0,,NEW CISS - CISS contribution from foreign exchange market subindex,"Euro area (changing composition), Contribution from foreign exchange market subindex, Contribution",PURE_NUMB,0
CISS.D.U2.Z0Z.4F.EC.SS_FXN.CON,D,U2,Z0Z,4F,EC,SS_FXN,CON,2022-05-20,0.11540377703204156,A,F,,,P1D,,V,,,,,,,,,,,,,,,,,4,4F0,,NEW CISS - CISS contribution from foreign exchange market subindex,"Euro area (changing composition), Contribution from foreign exchange market subindex, Contribution",PURE_NUMB,0
CISS.D.U2.Z0Z.4F.EC.SS_FXN.CON,D,U2,Z0Z,4F,EC,SS_FXN,CON,2022-05-23,0.11969776224908411,A,F,,,P1D,,V,,,,,,,,,,,,,,,,,4,4F0,,NEW CISS - CISS contribution from foreign exchange market subindex,"Euro area (changing composition), Contribution from foreign exchange market subindex, Contribution",PURE_NUMB,0
CISS.D.U2.Z0Z.4F.EC.SS_FXN.CON,D,U2,Z0Z,4F,EC,SS_FXN,CON,2022-05-24,0.1282839567138477,A,F,,,P1D,,V,,,,,,,,,,,,,,,,,4,4F0,,NEW CISS - CISS contribution from foreign exchange market subindex,"Euro area (changing composition), Contribution from foreign exchange market subindex, Contribution",PURE_NUMB,0
CISS.D.U2.Z0Z.4F.EC.SS_FXN.CON,D,U2,Z0Z,4F,EC,SS_FXN,CON,2022-05-25,0.12768009992581433,A,F,,,P1D,,V,,,,,,,,,,,,,,,,,4,4F0,,NEW CISS - CISS contribution from foreign exchange market subindex,"Euro area (changing composition), Contribution from foreign exchange market subindex, Contribution",PURE_NUMB,0
CISS.D.U2.Z0Z.4F.EC.SS_FXN.CON,D,U2,Z0Z,4F,EC,SS_FXN,CON,2022-05-26,0.11749171203351605,A,F,,,P1D,,V,,,,,,,,,,,,,,,,,4,4F0,,NEW CISS - CISS contribution from foreign exchange market subindex,"Euro area (changing composition), Contribution from foreign exchange market subindex, Contribution",PURE_NUMB,0
CISS.D.U2.Z0Z.4F.EC.SS_FXN.CON,D,U2,Z0Z,4F,EC,SS_FXN,CON,2022-05-27,0.10445174710839183,A,F,,,P1D,,V,,,,,,,,,,,,,,,,,4,4F0,,NEW CISS - CISS contribution from foreign exchange market subindex,"Euro area (changing composition), Contribution from foreign exchange market subindex, Contribution",PURE_NUMB,0
CISS.D.U2.Z0Z.4F.EC.SS_FXN.CON,D,U2,Z0Z,4F,EC,SS_FXN,CON,2022-05-30,0.09782384784221365,A,F,,,P1D,,V,,,,,,,,,,,,,,,,,4,4F0,,NEW CISS - CISS contribution from foreign exchange market subindex,"Euro area (changing composition), Contribution from foreign exchange market subindex, Contribution",PURE_NUMB,0
CISS.D.U2.Z0Z.4F.EC.SS_FXN.CON,D,U2,Z0Z,4F,EC,SS_FXN,CON,2022-05-31,0.0893834672792042,A,F,,,P1D,,V,,,,,,,,,,,,,,,,,4,4F0,,NEW CISS - CISS contribution from foreign exchange market subindex,"Euro area (changing composition), Contribution from foreign exchange market subindex, Contribution",PURE_NUMB,0
CISS.D.U2.Z0Z.4F.EC.SS_FXN.CON,D,U2,Z0Z,4F,EC,SS_FXN,CON,2022-06-01,0.08513594396934758,A,F,,,P1D,,V,,,,,,,,,,,,,,,,,4,4F0,,NEW CISS - CISS contribution from foreign exchange market subindex,"Euro area (changing composition), Contribution from foreign exchange market subindex, Contribution",PURE_NUMB,0
CISS.D.U2.Z0Z.4F.EC.SS_FXN.CON,D,U2,Z0Z,4F,EC,SS_FXN,CON,2022-06-02,0.08519269566735675,A,F,,,P1D,,V,,,,,,,,,,,,,,,,,4,4F0,,NEW CISS - CISS contribution from foreign exchange market subindex,"Euro area (changing composition), Contribution from foreign exchange market subindex, Contribution",PURE_NUMB,0
CISS.D.U2.Z0Z.4F.EC.SS_FXN.CON,D,U2,Z0Z,4F,EC,SS_FXN,CON,2022-06-03,0.08129003623289609,A,F,,,P1D,,V,,,,,,,,,,,,,,,,,4,4F0,,NEW CISS - CISS contribution from foreign exchange market subindex,"Euro area (changing composition), Contribution from foreign exchange market subindex, Contribution",PURE_NUMB,0
CISS.D.U2.Z0Z.4F.EC.SS_FXN.CON,D,U2,Z0Z,4F,EC,SS_FXN,CON,2022-06-06,0.08135670777777194,A,F,,,P1D,,V,,,,,,,,,,,,,,,,,4,4F0,,NEW CISS - CISS contribution from foreign exchange market subindex,"Euro area (changing composition), Contribution from foreign exchange market subindex, Contribution",PURE_NUMB,0
CISS.D.U2.Z0Z.4F.EC.SS_FXN.CON,D,U2,Z0Z,4F,EC,SS_FXN,CON,2022-06-07,0.07541501469887386,A,F,,,P1D,,V,,,,,,,,,,,,,,,,,4,4F0,,NEW CISS - CISS contribution from foreign exchange market subindex,"Euro area (changing composition), Contribution from foreign exchange market subindex, Contribution",PURE_NUMB,0
CISS.D.U2.Z0Z.4F.EC.SS_FXN.CON,D,U2,Z0Z,4F,EC,SS_FXN,CON,2022-06-08,0.08280849492183671,A,F,,,P1D,,V,,,,,,,,,,,,,,,,,4,4F0,,NEW CISS - CISS contribution from foreign exchange market subindex,"Euro area (changing composition), Contribution from foreign exchange market subindex, Contribution",PURE_NUMB,0
CISS.D.U2.Z0Z.4F.EC.SS_FXN.CON,D,U2,Z0Z,4F,EC,SS_FXN,CON,2022-06-09,0.09866917991942953,A,F,,,P1D,,V,,,,,,,,,,,,,,,,,4,4F0,,NEW CISS - CISS contribution from foreign exchange market subindex,"Euro area (changing composition), Contribution from foreign exchange market subindex, Contribution",PURE_NUMB,0
CISS.D.U2.Z0Z.4F.EC.SS_FXN.CON,D,U2,Z0Z,4F,EC,SS_FXN,CON,2022-06-10,0.11128836771624108,A,F,,,P1D,,V,,,,,,,,,,,,,,,,,4,4F0,,NEW CISS - CISS contribution from foreign exchange market subindex,"Euro area (changing composition), Contribution from foreign exchange market subindex, Contribution",PURE_NUMB,0
CISS.D.U2.Z0Z.4F.EC.SS_FXN.CON,D,U2,Z0Z,4F,EC,SS_FXN,CON,2022-06-13,0.11857422604128891,A,F,,,P1D,,V,,,,,,,,,,,,,,,,,4,4F0,,NEW CISS - CISS contribution from foreign exchange market subindex,"Euro area (changing composition), Contribution from foreign exchange market subindex, Contribution",PURE_NUMB,0
CISS.D.U2.Z0Z.4F.EC.SS_FXN.CON,D,U2,Z0Z,4F,EC,SS_FXN,CON,2022-06-14,0.13190789998907848,A,F,,,P1D,,V,,,,,,,,,,,,,,,,,4,4F0,,NEW CISS - CISS contribution from foreign exchange market subindex,"Euro area (changing composition), Contribution from foreign exchange market subindex, Contribution",PURE_NUMB,0
CISS.D.U2.Z0Z.4F.EC.SS_FXN.CON,D,U2,Z0Z,4F,EC,SS_FXN,CON,2022-06-15,0.13575702000203219,A,F,,,P1D,,V,,,,,,,,,,,,,,,,,4,4F0,,NEW CISS - CISS contribution from foreign exchange market subindex,"Euro area (changing composition), Contribution from foreign exchange market subindex, Contribution",PURE_NUMB,0
CISS.D.U2.Z0Z.4F.EC.SS_FXN.CON,D,U2,Z0Z,4F,EC,SS_FXN,CON,2022-06-16,0.13928926987088716,A,F,,,P1D,,V,,,,,,,,,,,,,,,,,4,4F0,,NEW CISS - CISS contribution from foreign exchange market subindex,"Euro area (changing composition), Contribution from foreign exchange market subindex, Contribution",PURE_NUMB,0
CISS.D.U2.Z0Z.4F.EC.SS_FXN.CON,D,U2,Z0Z,4F,EC,SS_FXN,CON,2022-06-17,0.1423849495131429,A,F,,,P1D,,V,,,,,,,,,,,,,,,,,4,4F0,,NEW CISS - CISS contribution from foreign exchange market subindex,"Euro area (changing composition), Contribution from foreign exchange market subindex, Contribution",PURE_NUMB,0
CISS.D.U2.Z0Z.4F.EC.SS_FXN.CON,D,U2,Z0Z,4F,EC,SS_FXN,CON,2022-06-20,0.13193993995608133,A,F,,,P1D,,V,,,,,,,,,,,,,,,,,4,4F0,,NEW CISS - CISS contribution from foreign exchange market subindex,"Euro area (changing composition), Contribution from foreign exchange market subindex, Contribution",PURE_NUMB,0
CISS.D.U2.Z0Z.4F.EC.SS_FXN.CON,D,U2,Z0Z,4F,EC,SS_FXN,CON,2022-06-21,0.12406344691803027,A,F,,,P1D,,V,,,,,,,,,,,,,,,,,4,4F0,,NEW CISS - CISS contribution from foreign exchange market subindex,"Euro area (changing composition), Contribution from foreign exchange market subindex, Contribution",PURE_NUMB,0
CISS.D.U2.Z0Z.4F.EC.SS_FXN.CON,D,U2,Z0Z,4F,EC,SS_FXN,CON,2022-06-22,0.11673475105477034,A,F,,,P1D,,V,,,,,,,,,,,,,,,,,4,4F0,,NEW CISS - CISS contribution from foreign exchange market subindex,"Euro area (changing composition), Contribution from foreign exchange market subindex, Contribution",PURE_NUMB,0
CISS.D.U2.Z0Z.4F.EC.SS_FXN.CON,D,U2,Z0Z,4F,EC,SS_FXN,CON,2022-06-23,0.11499209298765853,A,F,,,P1D,,V,,,,,,,,,,,,,,,,,4,4F0,,NEW CISS - CISS contribution from foreign exchange market subindex,"Euro area (changing composition), Contribution from foreign exchange market subindex, Contribution",PURE_NUMB,0
CISS.D.U2.Z0Z.4F.EC.SS_FXN.CON,D,U2,Z0Z,4F,EC,SS_FXN,CON,2022-06-24,0.10504899648106472,A,F,,,P1D,,V,,,,,,,,,,,,,,,,,4,4F0,,NEW CISS - CISS contribution from foreign exchange market subindex,"Euro area (changing composition), Contribution from foreign exchange market subindex, Contribution",PURE_NUMB,0
CISS.D.U2.Z0Z.4F.EC.SS_FXN.CON,D,U2,Z0Z,4F,EC,SS_FXN,CON,2022-06-27,0.09458329158024871,A,F,,,P1D,,V,,,,,,,,,,,,,,,,,4,4F0,,NEW CISS - CISS contribution from foreign exchange market subindex,"Euro area (changing composition), Contribution from foreign exchange market subindex, Contribution",PURE_NUMB,0
CISS.D.U2.Z0Z.4F.EC.SS_FXN.CON,D,U2,Z0Z,4F,EC,SS_FXN,CON,2022-06-28,0.08922341456497196,A,F,,,P1D,,V,,,,,,,,,,,,,,,,,4,4F0,,NEW CISS - CISS contribution from foreign exchange market subindex,"Euro area (changing composition), Contribution from foreign exchange market subindex, Contribution",PURE_NUMB,0
CISS.D.U2.Z0Z.4F.EC.SS_FXN.CON,D,U2,Z0Z,4F,EC,SS_FXN,CON,2022-06-29,0.09021696619386449,A,F,,,P1D,,V,,,,,,,,,,,,,,,,,4,4F0,,NEW CISS - CISS contribution from foreign exchange market subindex,"Euro area (changing composition), Contribution from foreign exchange market subindex, Contribution",PURE_NUMB,0
CISS.D.U2.Z0Z.4F.EC.SS_FXN.CON,D,U2,Z0Z,4F,EC,SS_FXN,CON,2022-06-30,0.07994356864454633,A,F,,,P1D,,V,,,,,,,,,,,,,,,,,4,4F0,,NEW CISS - CISS contribution from foreign exchange market subindex,"Euro area (changing composition), Contribution from foreign exchange market subindex, Contribution",PURE_NUMB,0
CISS.D.U2.Z0Z.4F.EC.SS_FXN.CON,D,U2,Z0Z,4F,EC,SS_FXN,CON,2022-07-01,0.07803264848031376,A,F,,,P1D,,V,,,,,,,,,,,,,,,,,4,4F0,,NEW CISS - CISS contribution from foreign exchange market subindex,"Euro area (changing composition), Contribution from foreign exchange market subindex, Contribution",PURE_NUMB,0
CISS.D.U2.Z0Z.4F.EC.SS_FXN.CON,D,U2,Z0Z,4F,EC,SS_FXN,CON,2022-07-04,0.063418855851131,A,F,,,P1D,,V,,,,,,,,,,,,,,,,,4,4F0,,NEW CISS - CISS contribution from foreign exchange market subindex,"Euro area (changing composition), Contribution from foreign exchange market subindex, Contribution",PURE_NUMB,0
CISS.D.U2.Z0Z.4F.EC.SS_FXN.CON,D,U2,Z0Z,4F,EC,SS_FXN,CON,2022-07-05,0.09806964739462733,A,F,,,P1D,,V,,,,,,,,,,,,,,,,,4,4F0,,NEW CISS - CISS contribution from foreign exchange market subindex,"Euro area (changing composition), Contribution from foreign exchange market subindex, Contribution",PURE_NUMB,0
CISS.D.U2.Z0Z.4F.EC.SS_FXN.CON,D,U2,Z0Z,4F,EC,SS_FXN,CON,2022-07-06,0.10495655487646789,A,F,,,P1D,,V,,,,,,,,,,,,,,,,,4,4F0,,NEW CISS - CISS contribution from foreign exchange market subindex,"Euro area (changing composition), Contribution from foreign exchange market subindex, Contribution",PURE_NUMB,0
CISS.D.U2.Z0Z.4F.EC.SS_FXN.CON,D,U2,Z0Z,4F,EC,SS_FXN,CON,2022-07-07,0.1180827339942889,A,F,,,P1D,,V,,,,,,,,,,,,,,,,,4,4F0,,NEW CISS - CISS contribution from foreign exchange market subindex,"Euro area (changing composition), Contribution from foreign exchange market subindex, Contribution",PURE_NUMB,0
CISS.D.U2.Z0Z.4F.EC.SS_FXN.CON,D,U2,Z0Z,4F,EC,SS_FXN,CON,2022-07-08,0.10708228235905122,A,F,,,P1D,,V,,,,,,,,,,,,,,,,,4,4F0,,NEW CISS - CISS contribution from foreign exchange market subindex,"Euro area (changing composition), Contribution from foreign exchange market subindex, Contribution",PURE_NUMB,0
CISS.D.U2.Z0Z.4F.EC.SS_FXN.CON,D,U2,Z0Z,4F,EC,SS_FXN,CON,2022-07-11,0.11203466797321583,A,F,,,P1D,,V,,,,,,,,,,,,,,,,,4,4F0,,NEW CISS - CISS contribution from foreign exchange market subindex,"Euro area (changing composition), Contribution from foreign exchange market subindex, Contribution",PURE_NUMB,0
CISS.D.U2.Z0Z.4F.EC.SS_FXN.CON,D,U2,Z0Z,4F,EC,SS_FXN,CON,2022-07-12,0.10123877399588127,A,F,,,P1D,,V,,,,,,,,,,,,,,,,,4,4F0,,NEW CISS - CISS contribution from foreign exchange market subindex,"Euro area (changing composition), Contribution from foreign exchange market subindex, Contribution",PURE_NUMB,0
CISS.D.U2.Z0Z.4F.EC.SS_FXN.CON,D,U2,Z0Z,4F,EC,SS_FXN,CON,2022-07-13,0.09334603518164689,A,F,,,P1D,,V,,,,,,,,,,,,,,,,,4,4F0,,NEW CISS - CISS contribution from foreign exchange market subindex,"Euro area (changing composition), Contribution from foreign exchange market subindex, Contribution",PURE_NUMB,0
CISS.D.U2.Z0Z.4F.EC.SS_FXN.CON,D,U2,Z0Z,4F,EC,SS_FXN,CON,2022-07-14,0.08741694322809224,A,F,,,P1D,,V,,,,,,,,,,,,,,,,,4,4F0,,NEW CISS - CISS contribution from foreign exchange market subindex,"Euro area (changing composition), Contribution from foreign exchange market subindex, Contribution",PURE_NUMB,0
CISS.D.U2.Z0Z.4F.EC.SS_FXN.CON,D,U2,Z0Z,4F,EC,SS_FXN,CON,2022-07-15,0.08943333678639238,A,F,,,P1D,,V,,,,,,,,,,,,,,,,,4,4F0,,NEW CISS - CISS contribution from foreign exchange market subindex,"Euro area (changing composition), Contribution from foreign exchange market subindex, Contribution",PURE_NUMB,0
CISS.D.U2.Z0Z.4F.EC.SS_FXN.CON,D,U2,Z0Z,4F,EC,SS_FXN,CON,2022-07-18,0.08192204758552199,A,F,,,P1D,,V,,,,,,,,,,,,,,,,,4,4F0,,NEW CISS - CISS contribution from foreign exchange market subindex,"Euro area (changing composition), Contribution from foreign exchange market subindex, Contribution",PURE_NUMB,0
CISS.D.U2.Z0Z.4F.EC.SS_FXN.CON,D,U2,Z0Z,4F,EC,SS_FXN,CON,2022-07-19,0.08891878678814145,A,F,,,P1D,,V,,,,,,,,,,,,,,,,,4,4F0,,NEW CISS - CISS contribution from foreign exchange market subindex,"Euro area (changing composition), Contribution from foreign exchange market subindex, Contribution",PURE_NUMB,0
CISS.D.U2.Z0Z.4F.EC.SS_FXN.CON,D,U2,Z0Z,4F,EC,SS_FXN,CON,2022-07-20,0.08370142068633211,A,F,,,P1D,,V,,,,,,,,,,,,,,,,,4,4F0,,NEW CISS - CISS contribution from foreign exchange market subindex,"Euro area (changing composition), Contribution from foreign exchange market subindex, Contribution",PURE_NUMB,0
CISS.D.U2.Z0Z.4F.EC.SS_FXN.CON,D,U2,Z0Z,4F,EC,SS_FXN,CON,2022-07-21,0.07419598082388727,A,F,,,P1D,,V,,,,,,,,,,,,,,,,,4,4F0,,NEW CISS - CISS contribution from foreign exchange market subindex,"Euro area (changing composition), Contribution from foreign exchange market subindex, Contribution",PURE_NUMB,0
CISS.D.U2.Z0Z.4F.EC.SS_FXN.CON,D,U2,Z0Z,4F,EC,SS_FXN,CON,2022-07-22,0.07843758004464188,A,F,,,P1D,,V,,,,,,,,,,,,,,,,,4,4F0,,NEW CISS - CISS contribution from foreign exchange market subindex,"Euro area (changing composition), Contribution from foreign exchange market subindex, Contribution",PURE_NUMB,0
CISS.D.U2.Z0Z.4F.EC.SS_FXN.CON,D,U2,Z0Z,4F,EC,SS_FXN,CON,2022-07-25,0.0700076902863917,A,F,,,P1D,,V,,,,,,,,,,,,,,,,,4,4F0,,NEW CISS - CISS contribution from foreign exchange market subindex,"Euro area (changing composition), Contribution from foreign exchange market subindex, Contribution",PURE_NUMB,0
CISS.D.U2.Z0Z.4F.EC.SS_FXN.CON,D,U2,Z0Z,4F,EC,SS_FXN,CON,2022-07-26,0.10174959015141015,A,F,,,P1D,,V,,,,,,,,,,,,,,,,,4,4F0,,NEW CISS - CISS contribution from foreign exchange market subindex,"Euro area (changing composition), Contribution from foreign exchange market subindex, Contribution",PURE_NUMB,0
CISS.D.U2.Z0Z.4F.EC.SS_FXN.CON,D,U2,Z0Z,4F,EC,SS_FXN,CON,2022-07-27,0.09926024616978374,A,F,,,P1D,,V,,,,,,,,,,,,,,,,,4,4F0,,NEW CISS - CISS contribution from foreign exchange market subindex,"Euro area (changing composition), Contribution from foreign exchange market subindex, Contribution",PURE_NUMB,0
CISS.D.U2.Z0Z.4F.EC.SS_FXN.CON,D,U2,Z0Z,4F,EC,SS_FXN,CON,2022-07-28,0.10531068768747091,A,F,,,P1D,,V,,,,,,,,,,,,,,,,,4,4F0,,NEW CISS - CISS contribution from foreign exchange market subindex,"Euro area (changing composition), Contribution from foreign exchange market subindex, Contribution",PURE_NUMB,0
CISS.D.U2.Z0Z.4F.EC.SS_FXN.CON,D,U2,Z0Z,4F,EC,SS_FXN,CON,2022-07-29,0.09708710556609643,A,F,,,P1D,,V,,,,,,,,,,,,,,,,,4,4F0,,NEW CISS - CISS contribution from foreign exchange market subindex,"Euro area (changing composition), Contribution from foreign exchange market subindex, Contribution",PURE_NUMB,0
CISS.D.U2.Z0Z.4F.EC.SS_FXN.CON,D,U2,Z0Z,4F,EC,SS_FXN,CON,2022-08-01,0.09034008039249224,A,F,,,P1D,,V,,,,,,,,,,,,,,,,,4,4F0,,NEW CISS - CISS contribution from foreign exchange market subindex,"Euro area (changing composition), Contribution from foreign exchange market subindex, Contribution",PURE_NUMB,0
CISS.D.U2.Z0Z.4F.EC.SS_FXN.CON,D,U2,Z0Z,4F,EC,SS_FXN,CON,2022-08-02,0.09305367811478006,A,F,,,P1D,,V,,,,,,,,,,,,,,,,,4,4F0,,NEW CISS - CISS contribution from foreign exchange market subindex,"Euro area (changing composition), Contribution from foreign exchange market subindex, Contribution",PURE_NUMB,0
CISS.D.U2.Z0Z.4F.EC.SS_FXN.CON,D,U2,Z0Z,4F,EC,SS_FXN,CON,2022-08-03,0.08267975822960537,A,F,,,P1D,,V,,,,,,,,,,,,,,,,,4,4F0,,NEW CISS - CISS contribution from foreign exchange market subindex,"Euro area (changing composition), Contribution from foreign exchange market subindex, Contribution",PURE_NUMB,0
CISS.D.U2.Z0Z.4F.EC.SS_FXN.CON,D,U2,Z0Z,4F,EC,SS_FXN,CON,2022-08-04,0.08961186895253014,A,F,,,P1D,,V,,,,,,,,,,,,,,,,,4,4F0,,NEW CISS - CISS contribution from foreign exchange market subindex,"Euro area (changing composition), Contribution from foreign exchange market subindex, Contribution",PURE_NUMB,0
CISS.D.U2.Z0Z.4F.EC.SS_FXN.CON,D,U2,Z0Z,4F,EC,SS_FXN,CON,2022-08-05,0.08755957970769712,A,F,,,P1D,,V,,,,,,,,,,,,,,,,,4,4F0,,NEW CISS - CISS contribution from foreign exchange market subindex,"Euro area (changing composition), Contribution from foreign exchange market subindex, Contribution",PURE_NUMB,0
CISS.D.U2.Z0Z.4F.EC.SS_FXN.CON,D,U2,Z0Z,4F,EC,SS_FXN,CON,2022-08-08,0.07464034837375014,A,F,,,P1D,,V,,,,,,,,,,,,,,,,,4,4F0,,NEW CISS - CISS contribution from foreign exchange market subindex,"Euro area (changing composition), Contribution from foreign exchange market subindex, Contribution",PURE_NUMB,0
CISS.D.U2.Z0Z.4F.EC.SS_FXN.CON,D,U2,Z0Z,4F,EC,SS_FXN,CON,2022-08-09,0.06437001973318553,A,F,,,P1D,,V,,,,,,,,,,,,,,,,,4,4F0,,NEW CISS - CISS contribution from foreign exchange market subindex,"Euro area (changing composition), Contribution from foreign exchange market subindex, Contribution",PURE_NUMB,0
CISS.D.U2.Z0Z.4F.EC.SS_FXN.CON,D,U2,Z0Z,4F,EC,SS_FXN,CON,2022-08-10,0.07247609851568901,A,F,,,P1D,,V,,,,,,,,,,,,,,,,,4,4F0,,NEW CISS - CISS contribution from foreign exchange market subindex,"Euro area (changing composition), Contribution from foreign exchange market subindex, Contribution",PURE_NUMB,0
CISS.D.U2.Z0Z.4F.EC.SS_FXN.CON,D,U2,Z0Z,4F,EC,SS_FXN,CON,2022-08-11,0.06370656493852882,A,F,,,P1D,,V,,,,,,,,,,,,,,,,,4,4F0,,NEW CISS - CISS contribution from foreign exchange market subindex,"Euro area (changing composition), Contribution from foreign exchange market subindex, Contribution",PURE_NUMB,0
CISS.D.U2.Z0Z.4F.EC.SS_FXN.CON,D,U2,Z0Z,4F,EC,SS_FXN,CON,2022-08-12,0.057348972680961896,A,F,,,P1D,,V,,,,,,,,,,,,,,,,,4,4F0,,NEW CISS - CISS contribution from foreign exchange market subindex,"Euro area (changing composition), Contribution from foreign exchange market subindex, Contribution",PURE_NUMB,0
CISS.D.U2.Z0Z.4F.EC.SS_FXN.CON,D,U2,Z0Z,4F,EC,SS_FXN,CON,2022-08-15,0.07059449041469712,A,F,,,P1D,,V,,,,,,,,,,,,,,,,,4,4F0,,NEW CISS - CISS contribution from foreign exchange market subindex,"Euro area (changing composition), Contribution from foreign exchange market subindex, Contribution",PURE_NUMB,0
CISS.D.U2.Z0Z.4F.EC.SS_FXN.CON,D,U2,Z0Z,4F,EC,SS_FXN,CON,2022-08-16,0.06475726781048353,A,F,,,P1D,,V,,,,,,,,,,,,,,,,,4,4F0,,NEW CISS - CISS contribution from foreign exchange market subindex,"Euro area (changing composition), Contribution from foreign exchange market subindex, Contribution",PURE_NUMB,0
CISS.D.U2.Z0Z.4F.EC.SS_FXN.CON,D,U2,Z0Z,4F,EC,SS_FXN,CON,2022-08-17,0.06468524272072064,A,F,,,P1D,,V,,,,,,,,,,,,,,,,,4,4F0,,NEW CISS - CISS contribution from foreign exchange market subindex,"Euro area (changing composition), Contribution from foreign exchange market subindex, Contribution",PURE_NUMB,0
CISS.D.U2.Z0Z.4F.EC.SS_FXN.CON,D,U2,Z0Z,4F,EC,SS_FXN,CON,2022-08-18,0.06659289238013362,A,F,,,P1D,,V,,,,,,,,,,,,,,,,,4,4F0,,NEW CISS - CISS contribution from foreign exchange market subindex,"Euro area (changing composition), Contribution from foreign exchange market subindex, Contribution",PURE_NUMB,0
CISS.D.U2.Z0Z.4F.EC.SS_FXN.CON,D,U2,Z0Z,4F,EC,SS_FXN,CON,2022-08-19,0.06554244974010456,A,F,,,P1D,,V,,,,,,,,,,,,,,,,,4,4F0,,NEW CISS - CISS contribution from foreign exchange market subindex,"Euro area (changing composition), Contribution from foreign exchange market subindex, Contribution",PURE_NUMB,0
CISS.D.U2.Z0Z.4F.EC.SS_FXN.CON,D,U2,Z0Z,4F,EC,SS_FXN,CON,2022-08-22,0.07546540559491408,A,F,,,P1D,,V,,,,,,,,,,,,,,,,,4,4F0,,NEW CISS - CISS contribution from foreign exchange market subindex,"Euro area (changing composition), Contribution from foreign exchange market subindex, Contribution",PURE_NUMB,0
CISS.D.U2.Z0Z.4F.EC.SS_FXN.CON,D,U2,Z0Z,4F,EC,SS_FXN,CON,2022-08-23,0.06770070041508497,A,F,,,P1D,,V,,,,,,,,,,,,,,,,,4,4F0,,NEW CISS - CISS contribution from foreign exchange market subindex,"Euro area (changing composition), Contribution from foreign exchange market subindex, Contribution",PURE_NUMB,0
CISS.D.U2.Z0Z.4F.EC.SS_FXN.CON,D,U2,Z0Z,4F,EC,SS_FXN,CON,2022-08-24,0.0575882598100813,A,F,,,P1D,,V,,,,,,,,,,,,,,,,,4,4F0,,NEW CISS - CISS contribution from foreign exchange market subindex,"Euro area (changing composition), Contribution from foreign exchange market subindex, Contribution",PURE_NUMB,0
CISS.D.U2.Z0Z.4F.EC.SS_FXN.CON,D,U2,Z0Z,4F,EC,SS_FXN,CON,2022-08-25,0.04858170340995406,A,F,,,P1D,,V,,,,,,,,,,,,,,,,,4,4F0,,NEW CISS - CISS contribution from foreign exchange market subindex,"Euro area (changing composition), Contribution from foreign exchange market subindex, Contribution",PURE_NUMB,0
CISS.D.U2.Z0Z.4F.EC.SS_FXN.CON,D,U2,Z0Z,4F,EC,SS_FXN,CON,2022-08-26,0.05502154763769022,A,F,,,P1D,,V,,,,,,,,,,,,,,,,,4,4F0,,NEW CISS - CISS contribution from foreign exchange market subindex,"Euro area (changing composition), Contribution from foreign exchange market subindex, Contribution",PURE_NUMB,0
CISS.D.U2.Z0Z.4F.EC.SS_FXN.CON,D,U2,Z0Z,4F,EC,SS_FXN,CON,2022-08-29,0.07372979038407998,A,F,,,P1D,,V,,,,,,,,,,,,,,,,,4,4F0,,NEW CISS - CISS contribution from foreign exchange market subindex,"Euro area (changing composition), Contribution from foreign exchange market subindex, Contribution",PURE_NUMB,0
CISS.D.U2.Z0Z.4F.EC.SS_FXN.CON,D,U2,Z0Z,4F,EC,SS_FXN,CON,2022-08-30,0.07135094236084036,A,F,,,P1D,,V,,,,,,,,,,,,,,,,,4,4F0,,NEW CISS - CISS contribution from foreign exchange market subindex,"Euro area (changing composition), Contribution from foreign exchange market subindex, Contribution",PURE_NUMB,0
CISS.D.U2.Z0Z.4F.EC.SS_FXN.CON,D,U2,Z0Z,4F,EC,SS_FXN,CON,2022-08-31,0.07645370564061132,A,F,,,P1D,,V,,,,,,,,,,,,,,,,,4,4F0,,NEW CISS - CISS contribution from foreign exchange market subindex,"Euro area (changing composition), Contribution from foreign exchange market subindex, Contribution",PURE_NUMB,0
CISS.D.U2.Z0Z.4F.EC.SS_FXN.CON,D,U2,Z0Z,4F,EC,SS_FXN,CON,2022-09-01,0.09419567696408317,A,F,,,P1D,,V,,,,,,,,,,,,,,,,,4,4F0,,NEW CISS - CISS contribution from foreign exchange market subindex,"Euro area (changing composition), Contribution from foreign exchange market subindex, Contribution",PURE_NUMB,0
CISS.D.U2.Z0Z.4F.EC.SS_FXN.CON,D,U2,Z0Z,4F,EC,SS_FXN,CON,2022-09-02,0.08370049603046383,A,F,,,P1D,,V,,,,,,,,,,,,,,,,,4,4F0,,NEW CISS - CISS contribution from foreign exchange market subindex,"Euro area (changing composition), Contribution from foreign exchange market subindex, Contribution",PURE_NUMB,0
CISS.D.U2.Z0Z.4F.EC.SS_FXN.CON,D,U2,Z0Z,4F,EC,SS_FXN,CON,2022-09-05,0.0727095087068564,A,F,,,P1D,,V,,,,,,,,,,,,,,,,,4,4F0,,NEW CISS - CISS contribution from foreign exchange market subindex,"Euro area (changing composition), Contribution from foreign exchange market subindex, Contribution",PURE_NUMB,0
CISS.D.U2.Z0Z.4F.EC.SS_FXN.CON,D,U2,Z0Z,4F,EC,SS_FXN,CON,2022-09-06,0.08093316053715557,A,F,,,P1D,,V,,,,,,,,,,,,,,,,,4,4F0,,NEW CISS - CISS contribution from foreign exchange market subindex,"Euro area (changing composition), Contribution from foreign exchange market subindex, Contribution",PURE_NUMB,0
CISS.D.U2.Z0Z.4F.EC.SS_FXN.CON,D,U2,Z0Z,4F,EC,SS_FXN,CON,2022-09-07,0.11652561958153147,A,F,,,P1D,,V,,,,,,,,,,,,,,,,,4,4F0,,NEW CISS - CISS contribution from foreign exchange market subindex,"Euro area (changing composition), Contribution from foreign exchange market subindex, Contribution",PURE_NUMB,0
CISS.D.U2.Z0Z.4F.EC.SS_FXN.CON,D,U2,Z0Z,4F,EC,SS_FXN,CON,2022-09-08,0.10293079203333058,A,F,,,P1D,,V,,,,,,,,,,,,,,,,,4,4F0,,NEW CISS - CISS contribution from foreign exchange market subindex,"Euro area (changing composition), Contribution from foreign exchange market subindex, Contribution",PURE_NUMB,0
CISS.D.U2.Z0Z.4F.EC.SS_FXN.CON,D,U2,Z0Z,4F,EC,SS_FXN,CON,2022-09-09,0.09761316616533976,A,F,,,P1D,,V,,,,,,,,,,,,,,,,,4,4F0,,NEW CISS - CISS contribution from foreign exchange market subindex,"Euro area (changing composition), Contribution from foreign exchange market subindex, Contribution",PURE_NUMB,0
CISS.D.U2.Z0Z.4F.EC.SS_FXN.CON,D,U2,Z0Z,4F,EC,SS_FXN,CON,2022-09-12,0.09961634489371302,A,F,,,P1D,,V,,,,,,,,,,,,,,,,,4,4F0,,NEW CISS - CISS contribution from foreign exchange market subindex,"Euro area (changing composition), Contribution from foreign exchange market subindex, Contribution",PURE_NUMB,0
CISS.D.U2.Z0Z.4F.EC.SS_FXN.CON,D,U2,Z0Z,4F,EC,SS_FXN,CON,2022-09-13,0.10875574743519549,A,F,,,P1D,,V,,,,,,,,,,,,,,,,,4,4F0,,NEW CISS - CISS contribution from foreign exchange market subindex,"Euro area (changing composition), Contribution from foreign exchange market subindex, Contribution",PURE_NUMB,0
CISS.D.U2.Z0Z.4F.EC.SS_FXN.CON,D,U2,Z0Z,4F,EC,SS_FXN,CON,2022-09-14,0.10367951341813032,A,F,,,P1D,,V,,,,,,,,,,,,,,,,,4,4F0,,NEW CISS - CISS contribution from foreign exchange market subindex,"Euro area (changing composition), Contribution from foreign exchange market subindex, Contribution",PURE_NUMB,0
CISS.D.U2.Z0Z.4F.EC.SS_FXN.CON,D,U2,Z0Z,4F,EC,SS_FXN,CON,2022-09-15,0.11068046513218657,A,F,,,P1D,,V,,,,,,,,,,,,,,,,,4,4F0,,NEW CISS - CISS contribution from foreign exchange market subindex,"Euro area (changing composition), Contribution from foreign exchange market subindex, Contribution",PURE_NUMB,0
CISS.D.U2.Z0Z.4F.EC.SS_FXN.CON,D,U2,Z0Z,4F,EC,SS_FXN,CON,2022-09-16,0.10578834300372017,A,F,,,P1D,,V,,,,,,,,,,,,,,,,,4,4F0,,NEW CISS - CISS contribution from foreign exchange market subindex,"Euro area (changing composition), Contribution from foreign exchange market subindex, Contribution",PURE_NUMB,0
CISS.D.U2.Z0Z.4F.EC.SS_FXN.CON,D,U2,Z0Z,4F,EC,SS_FXN,CON,2022-09-19,0.09057752726836284,A,F,,,P1D,,V,,,,,,,,,,,,,,,,,4,4F0,,NEW CISS - CISS contribution from foreign exchange market subindex,"Euro area (changing composition), Contribution from foreign exchange market subindex, Contribution",PURE_NUMB,0
CISS.D.U2.Z0Z.4F.EC.SS_FXN.CON,D,U2,Z0Z,4F,EC,SS_FXN,CON,2022-09-20,0.08221592425811818,A,F,,,P1D,,V,,,,,,,,,,,,,,,,,4,4F0,,NEW CISS - CISS contribution from foreign exchange market subindex,"Euro area (changing composition), Contribution from foreign exchange market subindex, Contribution",PURE_NUMB,0
CISS.D.U2.Z0Z.4F.EC.SS_FXN.CON,D,U2,Z0Z,4F,EC,SS_FXN,CON,2022-09-21,0.10435877872815061,A,F,,,P1D,,V,,,,,,,,,,,,,,,,,4,4F0,,NEW CISS - CISS contribution from foreign exchange market subindex,"Euro area (changing composition), Contribution from foreign exchange market subindex, Contribution",PURE_NUMB,0
CISS.D.U2.Z0Z.4F.EC.SS_FXN.CON,D,U2,Z0Z,4F,EC,SS_FXN,CON,2022-09-22,0.10190801148629693,A,F,,,P1D,,V,,,,,,,,,,,,,,,,,4,4F0,,NEW CISS - CISS contribution from foreign exchange market subindex,"Euro area (changing composition), Contribution from foreign exchange market subindex, Contribution",PURE_NUMB,0
CISS.D.U2.Z0Z.4F.EC.SS_FXN.CON,D,U2,Z0Z,4F,EC,SS_FXN,CON,2022-09-23,0.15304380503499856,A,F,,,P1D,,V,,,,,,,,,,,,,,,,,4,4F0,,NEW CISS - CISS contribution from foreign exchange market subindex,"Euro area (changing composition), Contribution from foreign exchange market subindex, Contribution",PURE_NUMB,0
CISS.D.U2.Z0Z.4F.EC.SS_FXN.CON,D,U2,Z0Z,4F,EC,SS_FXN,CON,2022-09-26,0.14787378297004847,A,F,,,P1D,,V,,,,,,,,,,,,,,,,,4,4F0,,NEW CISS - CISS contribution from foreign exchange market subindex,"Euro area (changing composition), Contribution from foreign exchange market subindex, Contribution",PURE_NUMB,0
CISS.D.U2.Z0Z.4F.EC.SS_FXN.CON,D,U2,Z0Z,4F,EC,SS_FXN,CON,2022-09-27,0.14132576362194235,A,F,,,P1D,,V,,,,,,,,,,,,,,,,,4,4F0,,NEW CISS - CISS contribution from foreign exchange market subindex,"Euro area (changing composition), Contribution from foreign exchange market subindex, Contribution",PURE_NUMB,0
CISS.D.U2.Z0Z.4F.EC.SS_FXN.CON,D,U2,Z0Z,4F,EC,SS_FXN,CON,2022-09-28,0.1496183462959137,A,F,,,P1D,,V,,,,,,,,,,,,,,,,,4,4F0,,NEW CISS - CISS contribution from foreign exchange market subindex,"Euro area (changing composition), Contribution from foreign exchange market subindex, Contribution",PURE_NUMB,0
CISS.D.U2.Z0Z.4F.EC.SS_FXN.CON,D,U2,Z0Z,4F,EC,SS_FXN,CON,2022-09-29,0.15483367982179416,A,F,,,P1D,,V,,,,,,,,,,,,,,,,,4,4F0,,NEW CISS - CISS contribution from foreign exchange market subindex,"Euro area (changing composition), Contribution from foreign exchange market subindex, Contribution",PURE_NUMB,0
CISS.D.U2.Z0Z.4F.EC.SS_FXN.CON,D,U2,Z0Z,4F,EC,SS_FXN,CON,2022-09-30,0.14745180935788993,A,F,,,P1D,,V,,,,,,,,,,,,,,,,,4,4F0,,NEW CISS - CISS contribution from foreign exchange market subindex,"Euro area (changing composition), Contribution from foreign exchange market subindex, Contribution",PURE_NUMB,0
CISS.D.U2.Z0Z.4F.EC.SS_FXN.CON,D,U2,Z0Z,4F,EC,SS_FXN,CON,2022-10-03,0.14109371237968832,A,F,,,P1D,,V,,,,,,,,,,,,,,,,,4,4F0,,NEW CISS - CISS contribution from foreign exchange market subindex,"Euro area (changing composition), Contribution from foreign exchange market subindex, Contribution",PURE_NUMB,0
CISS.D.U2.Z0Z.4F.EC.SS_FXN.CON,D,U2,Z0Z,4F,EC,SS_FXN,CON,2022-10-04,0.1559901654453252,A,F,,,P1D,,V,,,,,,,,,,,,,,,,,4,4F0,,NEW CISS - CISS contribution from foreign exchange market subindex,"Euro area (changing composition), Contribution from foreign exchange market subindex, Contribution",PURE_NUMB,0
CISS.D.U2.Z0Z.4F.EC.SS_FXN.CON,D,U2,Z0Z,4F,EC,SS_FXN,CON,2022-10-05,0.15392980139377574,A,F,,,P1D,,V,,,,,,,,,,,,,,,,,4,4F0,,NEW CISS - CISS contribution from foreign exchange market subindex,"Euro area (changing composition), Contribution from foreign exchange market subindex, Contribution",PURE_NUMB,0
CISS.D.U2.Z0Z.4F.EC.SS_FXN.CON,D,U2,Z0Z,4F,EC,SS_FXN,CON,2022-10-06,0.15146695318365982,A,F,,,P1D,,V,,,,,,,,,,,,,,,,,4,4F0,,NEW CISS - CISS contribution from foreign exchange market subindex,"Euro area (changing composition), Contribution from foreign exchange market subindex, Contribution",PURE_NUMB,0
CISS.D.U2.Z0Z.4F.EC.SS_FXN.CON,D,U2,Z0Z,4F,EC,SS_FXN,CON,2022-10-07,0.14491299197962473,A,F,,,P1D,,V,,,,,,,,,,,,,,,,,4,4F0,,NEW CISS - CISS contribution from foreign exchange market subindex,"Euro area (changing composition), Contribution from foreign exchange market subindex, Contribution",PURE_NUMB,0
CISS.D.U2.Z0Z.4F.EC.SS_FXN.CON,D,U2,Z0Z,4F,EC,SS_FXN,CON,2022-10-10,0.13535686937374317,A,F,,,P1D,,V,,,,,,,,,,,,,,,,,4,4F0,,NEW CISS - CISS contribution from foreign exchange market subindex,"Euro area (changing composition), Contribution from foreign exchange market subindex, Contribution",PURE_NUMB,0
CISS.D.U2.Z0Z.4F.EC.SS_FXN.CON,D,U2,Z0Z,4F,EC,SS_FXN,CON,2022-10-11,0.13017711221964584,A,F,,,P1D,,V,,,,,,,,,,,,,,,,,4,4F0,,NEW CISS - CISS contribution from foreign exchange market subindex,"Euro area (changing composition), Contribution from foreign exchange market subindex, Contribution",PURE_NUMB,0
CISS.D.U2.Z0Z.4F.EC.SS_FXN.CON,D,U2,Z0Z,4F,EC,SS_FXN,CON,2022-10-12,0.13206452833291935,A,F,,,P1D,,V,,,,,,,,,,,,,,,,,4,4F0,,NEW CISS - CISS contribution from foreign exchange market subindex,"Euro area (changing composition), Contribution from foreign exchange market subindex, Contribution",PURE_NUMB,0
CISS.D.U2.Z0Z.4F.EC.SS_FXN.CON,D,U2,Z0Z,4F,EC,SS_FXN,CON,2022-10-13,0.13791887967933844,A,F,,,P1D,,V,,,,,,,,,,,,,,,,,4,4F0,,NEW CISS - CISS contribution from foreign exchange market subindex,"Euro area (changing composition), Contribution from foreign exchange market subindex, Contribution",PURE_NUMB,0
CISS.D.U2.Z0Z.4F.EC.SS_FXN.CON,D,U2,Z0Z,4F,EC,SS_FXN,CON,2022-10-14,0.13331041685083309,A,F,,,P1D,,V,,,,,,,,,,,,,,,,,4,4F0,,NEW CISS - CISS contribution from foreign exchange market subindex,"Euro area (changing composition), Contribution from foreign exchange market subindex, Contribution",PURE_NUMB,0
CISS.D.U2.Z0Z.4F.EC.SS_FXN.CON,D,U2,Z0Z,4F,EC,SS_FXN,CON,2022-10-17,0.15197086977977245,A,F,,,P1D,,V,,,,,,,,,,,,,,,,,4,4F0,,NEW CISS - CISS contribution from foreign exchange market subindex,"Euro area (changing composition), Contribution from foreign exchange market subindex, Contribution",PURE_NUMB,0
CISS.D.U2.Z0Z.4F.EC.SS_FXN.CON,D,U2,Z0Z,4F,EC,SS_FXN,CON,2022-10-18,0.14305355635024827,A,F,,,P1D,,V,,,,,,,,,,,,,,,,,4,4F0,,NEW CISS - CISS contribution from foreign exchange market subindex,"Euro area (changing composition), Contribution from foreign exchange market subindex, Contribution",PURE_NUMB,0
CISS.D.U2.Z0Z.4F.EC.SS_FXN.CON,D,U2,Z0Z,4F,EC,SS_FXN,CON,2022-10-19,0.13834373065406022,A,F,,,P1D,,V,,,,,,,,,,,,,,,,,4,4F0,,NEW CISS - CISS contribution from foreign exchange market subindex,"Euro area (changing composition), Contribution from foreign exchange market subindex, Contribution",PURE_NUMB,0
CISS.D.U2.Z0Z.4F.EC.SS_FXN.CON,D,U2,Z0Z,4F,EC,SS_FXN,CON,2022-10-20,0.12693264262759926,A,F,,,P1D,,V,,,,,,,,,,,,,,,,,4,4F0,,NEW CISS - CISS contribution from foreign exchange market subindex,"Euro area (changing composition), Contribution from foreign exchange market subindex, Contribution",PURE_NUMB,0
CISS.D.U2.Z0Z.4F.EC.SS_FXN.CON,D,U2,Z0Z,4F,EC,SS_FXN,CON,2022-10-21,0.12768546228651143,A,F,,,P1D,,V,,,,,,,,,,,,,,,,,4,4F0,,NEW CISS - CISS contribution from foreign exchange market subindex,"Euro area (changing composition), Contribution from foreign exchange market subindex, Contribution",PURE_NUMB,0
CISS.D.U2.Z0Z.4F.EC.SS_FXN.CON,D,U2,Z0Z,4F,EC,SS_FXN,CON,2022-10-24,0.1251129979938503,A,F,,,P1D,,V,,,,,,,,,,,,,,,,,4,4F0,,NEW CISS - CISS contribution from foreign exchange market subindex,"Euro area (changing composition), Contribution from foreign exchange market subindex, Contribution",PURE_NUMB,0
CISS.D.U2.Z0Z.4F.EC.SS_FXN.CON,D,U2,Z0Z,4F,EC,SS_FXN,CON,2022-10-25,0.12744095803413805,A,F,,,P1D,,V,,,,,,,,,,,,,,,,,4,4F0,,NEW CISS - CISS contribution from foreign exchange market subindex,"Euro area (changing composition), Contribution from foreign exchange market subindex, Contribution",PURE_NUMB,0
CISS.D.U2.Z0Z.4F.EC.SS_FXN.CON,D,U2,Z0Z,4F,EC,SS_FXN,CON,2022-10-26,0.12326766467947335,A,F,,,P1D,,V,,,,,,,,,,,,,,,,,4,4F0,,NEW CISS - CISS contribution from foreign exchange market subindex,"Euro area (changing composition), Contribution from foreign exchange market subindex, Contribution",PURE_NUMB,0
CISS.D.U2.Z0Z.4F.EC.SS_FXN.CON,D,U2,Z0Z,4F,EC,SS_FXN,CON,2022-10-27,0.1341433023341781,A,F,,,P1D,,V,,,,,,,,,,,,,,,,,4,4F0,,NEW CISS - CISS contribution from foreign exchange market subindex,"Euro area (changing composition), Contribution from foreign exchange market subindex, Contribution",PURE_NUMB,0
CISS.D.U2.Z0Z.4F.EC.SS_FXN.CON,D,U2,Z0Z,4F,EC,SS_FXN,CON,2022-10-28,0.12863546298195017,A,F,,,P1D,,V,,,,,,,,,,,,,,,,,4,4F0,,NEW CISS - CISS contribution from foreign exchange market subindex,"Euro area (changing composition), Contribution from foreign exchange market subindex, Contribution",PURE_NUMB,0
CISS.D.U2.Z0Z.4F.EC.SS_FXN.CON,D,U2,Z0Z,4F,EC,SS_FXN,CON,2022-10-31,0.12199284542593089,A,F,,,P1D,,V,,,,,,,,,,,,,,,,,4,4F0,,NEW CISS - CISS contribution from foreign exchange market subindex,"Euro area (changing composition), Contribution from foreign exchange market subindex, Contribution",PURE_NUMB,0
CISS.D.U2.Z0Z.4F.EC.SS_FXN.CON,D,U2,Z0Z,4F,EC,SS_FXN,CON,2022-11-01,0.11111450788135242,A,F,,,P1D,,V,,,,,,,,,,,,,,,,,4,4F0,,NEW CISS - CISS contribution from foreign exchange market subindex,"Euro area (changing composition), Contribution from foreign exchange market subindex, Contribution",PURE_NUMB,0
CISS.D.U2.Z0Z.4F.EC.SS_FXN.CON,D,U2,Z0Z,4F,EC,SS_FXN,CON,2022-11-02,0.10769904867425635,A,F,,,P1D,,V,,,,,,,,,,,,,,,,,4,4F0,,NEW CISS - CISS contribution from foreign exchange market subindex,"Euro area (changing composition), Contribution from foreign exchange market subindex, Contribution",PURE_NUMB,0
CISS.D.U2.Z0Z.4F.EC.SS_FXN.CON,D,U2,Z0Z,4F,EC,SS_FXN,CON,2022-11-03,0.12158822355790115,A,F,,,P1D,,V,,,,,,,,,,,,,,,,,4,4F0,,NEW CISS - CISS contribution from foreign exchange market subindex,"Euro area (changing composition), Contribution from foreign exchange market subindex, Contribution",PURE_NUMB,0
CISS.D.U2.Z0Z.4F.EC.SS_FXN.CON,D,U2,Z0Z,4F,EC,SS_FXN,CON,2022-11-04,0.13763292984207634,A,F,,,P1D,,V,,,,,,,,,,,,,,,,,4,4F0,,NEW CISS - CISS contribution from foreign exchange market subindex,"Euro area (changing composition), Contribution from foreign exchange market subindex, Contribution",PURE_NUMB,0
CISS.D.U2.Z0Z.4F.EC.SS_FXN.CON,D,U2,Z0Z,4F,EC,SS_FXN,CON,2022-11-07,0.13461856877453038,A,F,,,P1D,,V,,,,,,,,,,,,,,,,,4,4F0,,NEW CISS - CISS contribution from foreign exchange market subindex,"Euro area (changing composition), Contribution from foreign exchange market subindex, Contribution",PURE_NUMB,0
CISS.D.U2.Z0Z.4F.EC.SS_FXN.CON,D,U2,Z0Z,4F,EC,SS_FXN,CON,2022-11-08,0.1256135260505335,A,F,,,P1D,,V,,,,,,,,,,,,,,,,,4,4F0,,NEW CISS - CISS contribution from foreign exchange market subindex,"Euro area (changing composition), Contribution from foreign exchange market subindex, Contribution",PURE_NUMB,0
CISS.D.U2.Z0Z.4F.EC.SS_FXN.CON,D,U2,Z0Z,4F,EC,SS_FXN,CON,2022-11-09,0.12416025520207845,A,F,,,P1D,,V,,,,,,,,,,,,,,,,,4,4F0,,NEW CISS - CISS contribution from foreign exchange market subindex,"Euro area (changing composition), Contribution from foreign exchange market subindex, Contribution",PURE_NUMB,0
CISS.D.U2.Z0Z.4F.EC.SS_FXN.CON,D,U2,Z0Z,4F,EC,SS_FXN,CON,2022-11-10,0.15380326401841457,A,F,,,P1D,,V,,,,,,,,,,,,,,,,,4,4F0,,NEW CISS - CISS contribution from foreign exchange market subindex,"Euro area (changing composition), Contribution from foreign exchange market subindex, Contribution",PURE_NUMB,0
CISS.D.U2.Z0Z.4F.EC.SS_FXN.CON,D,U2,Z0Z,4F,EC,SS_FXN,CON,2022-11-11,0.1481595315717239,A,F,,,P1D,,V,,,,,,,,,,,,,,,,,4,4F0,,NEW CISS - CISS contribution from foreign exchange market subindex,"Euro area (changing composition), Contribution from foreign exchange market subindex, Contribution",PURE_NUMB,0
CISS.D.U2.Z0Z.4F.EC.SS_FXN.CON,D,U2,Z0Z,4F,EC,SS_FXN,CON,2022-11-14,0.14010013477475927,A,F,,,P1D,,V,,,,,,,,,,,,,,,,,4,4F0,,NEW CISS - CISS contribution from foreign exchange market subindex,"Euro area (changing composition), Contribution from foreign exchange market subindex, Contribution",PURE_NUMB,0
CISS.D.U2.Z0Z.4F.EC.SS_FXN.CON,D,U2,Z0Z,4F,EC,SS_FXN,CON,2022-11-15,0.1335568362951965,A,F,,,P1D,,V,,,,,,,,,,,,,,,,,4,4F0,,NEW CISS - CISS contribution from foreign exchange market subindex,"Euro area (changing composition), Contribution from foreign exchange market subindex, Contribution",PURE_NUMB,0
CISS.D.U2.Z0Z.4F.EC.SS_FXN.CON,D,U2,Z0Z,4F,EC,SS_FXN,CON,2022-11-16,0.12812051366066665,A,F,,,P1D,,V,,,,,,,,,,,,,,,,,4,4F0,,NEW CISS - CISS contribution from foreign exchange market subindex,"Euro area (changing composition), Contribution from foreign exchange market subindex, Contribution",PURE_NUMB,0
CISS.D.U2.Z0Z.4F.EC.SS_FXN.CON,D,U2,Z0Z,4F,EC,SS_FXN,CON,2022-11-17,0.11737424119393178,A,F,,,P1D,,V,,,,,,,,,,,,,,,,,4,4F0,,NEW CISS - CISS contribution from foreign exchange market subindex,"Euro area (changing composition), Contribution from foreign exchange market subindex, Contribution",PURE_NUMB,0
CISS.D.U2.Z0Z.4F.EC.SS_FXN.CON,D,U2,Z0Z,4F,EC,SS_FXN,CON,2022-11-18,0.11287987866892446,A,F,,,P1D,,V,,,,,,,,,,,,,,,,,4,4F0,,NEW CISS - CISS contribution from foreign exchange market subindex,"Euro area (changing composition), Contribution from foreign exchange market subindex, Contribution",PURE_NUMB,0
CISS.D.U2.Z0Z.4F.EC.SS_FXN.CON,D,U2,Z0Z,4F,EC,SS_FXN,CON,2022-11-21,0.10727278074183663,A,F,,,P1D,,V,,,,,,,,,,,,,,,,,4,4F0,,NEW CISS - CISS contribution from foreign exchange market subindex,"Euro area (changing composition), Contribution from foreign exchange market subindex, Contribution",PURE_NUMB,0
CISS.D.U2.Z0Z.4F.EC.SS_FXN.CON,D,U2,Z0Z,4F,EC,SS_FXN,CON,2022-11-22,0.09689932749808866,A,F,,,P1D,,V,,,,,,,,,,,,,,,,,4,4F0,,NEW CISS - CISS contribution from foreign exchange market subindex,"Euro area (changing composition), Contribution from foreign exchange market subindex, Contribution",PURE_NUMB,0
CISS.D.U2.Z0Z.4F.EC.SS_FXN.CON,D,U2,Z0Z,4F,EC,SS_FXN,CON,2022-11-23,0.09418993874695886,A,F,,,P1D,,V,,,,,,,,,,,,,,,,,4,4F0,,NEW CISS - CISS contribution from foreign exchange market subindex,"Euro area (changing composition), Contribution from foreign exchange market subindex, Contribution",PURE_NUMB,0
CISS.D.U2.Z0Z.4F.EC.SS_FXN.CON,D,U2,Z0Z,4F,EC,SS_FXN,CON,2022-11-24,0.08928603383722312,A,F,,,P1D,,V,,,,,,,,,,,,,,,,,4,4F0,,NEW CISS - CISS contribution from foreign exchange market subindex,"Euro area (changing composition), Contribution from foreign exchange market subindex, Contribution",PURE_NUMB,0
CISS.D.U2.Z0Z.4F.EC.SS_FXN.CON,D,U2,Z0Z,4F,EC,SS_FXN,CON,2022-11-25,0.07739008499180049,A,F,,,P1D,,V,,,,,,,,,,,,,,,,,4,4F0,,NEW CISS - CISS contribution from foreign exchange market subindex,"Euro area (changing composition), Contribution from foreign exchange market subindex, Contribution",PURE_NUMB,0
CISS.D.U2.Z0Z.4F.EC.SS_FXN.CON,D,U2,Z0Z,4F,EC,SS_FXN,CON,2022-11-28,0.0836112451479939,A,F,,,P1D,,V,,,,,,,,,,,,,,,,,4,4F0,,NEW CISS - CISS contribution from foreign exchange market subindex,"Euro area (changing composition), Contribution from foreign exchange market subindex, Contribution",PURE_NUMB,0
CISS.D.U2.Z0Z.4F.EC.SS_FXN.CON,D,U2,Z0Z,4F,EC,SS_FXN,CON,2022-11-29,0.07220328392159117,A,F,,,P1D,,V,,,,,,,,,,,,,,,,,4,4F0,,NEW CISS - CISS contribution from foreign exchange market subindex,"Euro area (changing composition), Contribution from foreign exchange market subindex, Contribution",PURE_NUMB,0
CISS.D.U2.Z0Z.4F.EC.SS_FXN.CON,D,U2,Z0Z,4F,EC,SS_FXN,CON,2022-11-30,0.06684028800498197,A,F,,,P1D,,V,,,,,,,,,,,,,,,,,4,4F0,,NEW CISS - CISS contribution from foreign exchange market subindex,"Euro area (changing composition), Contribution from foreign exchange market subindex, Contribution",PURE_NUMB,0
CISS.D.U2.Z0Z.4F.EC.SS_FXN.CON,D,U2,Z0Z,4F,EC,SS_FXN,CON,2022-12-01,0.08002019615047677,A,F,,,P1D,,V,,,,,,,,,,,,,,,,,4,4F0,,NEW CISS - CISS contribution from foreign exchange market subindex,"Euro area (changing composition), Contribution from foreign exchange market subindex, Contribution",PURE_NUMB,0
CISS.D.U2.Z0Z.4F.EC.SS_FXN.CON,D,U2,Z0Z,4F,EC,SS_FXN,CON,2022-12-02,0.07324548189495693,A,F,,,P1D,,V,,,,,,,,,,,,,,,,,4,4F0,,NEW CISS - CISS contribution from foreign exchange market subindex,"Euro area (changing composition), Contribution from foreign exchange market subindex, Contribution",PURE_NUMB,0
CISS.D.U2.Z0Z.4F.EC.SS_FXN.CON,D,U2,Z0Z,4F,EC,SS_FXN,CON,2022-12-05,0.08182209607265976,A,F,,,P1D,,V,,,,,,,,,,,,,,,,,4,4F0,,NEW CISS - CISS contribution from foreign exchange market subindex,"Euro area (changing composition), Contribution from foreign exchange market subindex, Contribution",PURE_NUMB,0
CISS.D.U2.Z0Z.4F.EC.SS_FXN.CON,D,U2,Z0Z,4F,EC,SS_FXN,CON,2022-12-06,0.07169907163157099,A,F,,,P1D,,V,,,,,,,,,,,,,,,,,4,4F0,,NEW CISS - CISS contribution from foreign exchange market subindex,"Euro area (changing composition), Contribution from foreign exchange market subindex, Contribution",PURE_NUMB,0
CISS.D.U2.Z0Z.4F.EC.SS_FXN.CON,D,U2,Z0Z,4F,EC,SS_FXN,CON,2022-12-07,0.062319228918438885,A,F,,,P1D,,V,,,,,,,,,,,,,,,,,4,4F0,,NEW CISS - CISS contribution from foreign exchange market subindex,"Euro area (changing composition), Contribution from foreign exchange market subindex, Contribution",PURE_NUMB,0
CISS.D.U2.Z0Z.4F.EC.SS_FXN.CON,D,U2,Z0Z,4F,EC,SS_FXN,CON,2022-12-08,0.05749267614433131,A,F,,,P1D,,V,,,,,,,,,,,,,,,,,4,4F0,,NEW CISS - CISS contribution from foreign exchange market subindex,"Euro area (changing composition), Contribution from foreign exchange market subindex, Contribution",PURE_NUMB,0
CISS.D.U2.Z0Z.4F.EC.SS_FXN.CON,D,U2,Z0Z,4F,EC,SS_FXN,CON,2022-12-09,0.05242814567936091,A,F,,,P1D,,V,,,,,,,,,,,,,,,,,4,4F0,,NEW CISS - CISS contribution from foreign exchange market subindex,"Euro area (changing composition), Contribution from foreign exchange market subindex, Contribution",PURE_NUMB,0
CISS.D.U2.Z0Z.4F.EC.SS_FXN.CON,D,U2,Z0Z,4F,EC,SS_FXN,CON,2022-12-12,0.0493749300404208,A,F,,,P1D,,V,,,,,,,,,,,,,,,,,4,4F0,,NEW CISS - CISS contribution from foreign exchange market subindex,"Euro area (changing composition), Contribution from foreign exchange market subindex, Contribution",PURE_NUMB,0
CISS.D.U2.Z0Z.4F.EC.SS_FXN.CON,D,U2,Z0Z,4F,EC,SS_FXN,CON,2022-12-13,0.05803551299936633,A,F,,,P1D,,V,,,,,,,,,,,,,,,,,4,4F0,,NEW CISS - CISS contribution from foreign exchange market subindex,"Euro area (changing composition), Contribution from foreign exchange market subindex, Contribution",PURE_NUMB,0
CISS.D.U2.Z0Z.4F.EC.SS_FXN.CON,D,U2,Z0Z,4F,EC,SS_FXN,CON,2022-12-14,0.051982697329196616,A,F,,,P1D,,V,,,,,,,,,,,,,,,,,4,4F0,,NEW CISS - CISS contribution from foreign exchange market subindex,"Euro area (changing composition), Contribution from foreign exchange market subindex, Contribution",PURE_NUMB,0
CISS.D.U2.Z0Z.4F.EC.SS_FXN.CON,D,U2,Z0Z,4F,EC,SS_FXN,CON,2022-12-15,0.1054297213444075,A,F,,,P1D,,V,,,,,,,,,,,,,,,,,4,4F0,,NEW CISS - CISS contribution from foreign exchange market subindex,"Euro area (changing composition), Contribution from foreign exchange market subindex, Contribution",PURE_NUMB,0
CISS.D.U2.Z0Z.4F.EC.SS_FXN.CON,D,U2,Z0Z,4F,EC,SS_FXN,CON,2022-12-16,0.10585683304716027,A,F,,,P1D,,V,,,,,,,,,,,,,,,,,4,4F0,,NEW CISS - CISS contribution from foreign exchange market subindex,"Euro area (changing composition), Contribution from foreign exchange market subindex, Contribution",PURE_NUMB,0
CISS.D.U2.Z0Z.4F.EC.SS_FXN.CON,D,U2,Z0Z,4F,EC,SS_FXN,CON,2022-12-19,0.09333894773328015,A,F,,,P1D,,V,,,,,,,,,,,,,,,,,4,4F0,,NEW CISS - CISS contribution from foreign exchange market subindex,"Euro area (changing composition), Contribution from foreign exchange market subindex, Contribution",PURE_NUMB,0
CISS.D.U2.Z0Z.4F.EC.SS_FXN.CON,D,U2,Z0Z,4F,EC,SS_FXN,CON,2022-12-20,0.09941402815470375,A,F,,,P1D,,V,,,,,,,,,,,,,,,,,4,4F0,,NEW CISS - CISS contribution from foreign exchange market subindex,"Euro area (changing composition), Contribution from foreign exchange market subindex, Contribution",PURE_NUMB,0
CISS.D.U2.Z0Z.4F.EC.SS_FXN.CON,D,U2,Z0Z,4F,EC,SS_FXN,CON,2022-12-21,0.0984597563740268,A,F,,,P1D,,V,,,,,,,,,,,,,,,,,4,4F0,,NEW CISS - CISS contribution from foreign exchange market subindex,"Euro area (changing composition), Contribution from foreign exchange market subindex, Contribution",PURE_NUMB,0
CISS.D.U2.Z0Z.4F.EC.SS_FXN.CON,D,U2,Z0Z,4F,EC,SS_FXN,CON,2022-12-22,0.09132144527972483,A,F,,,P1D,,V,,,,,,,,,,,,,,,,,4,4F0,,NEW CISS - CISS contribution from foreign exchange market subindex,"Euro area (changing composition), Contribution from foreign exchange market subindex, Contribution",PURE_NUMB,0
CISS.D.U2.Z0Z.4F.EC.SS_FXN.CON,D,U2,Z0Z,4F,EC,SS_FXN,CON,2022-12-23,0.08210872339496181,A,F,,,P1D,,V,,,,,,,,,,,,,,,,,4,4F0,,NEW CISS - CISS contribution from foreign exchange market subindex,"Euro area (changing composition), Contribution from foreign exchange market subindex, Contribution",PURE_NUMB,0
CISS.D.U2.Z0Z.4F.EC.SS_FXN.CON,D,U2,Z0Z,4F,EC,SS_FXN,CON,2022-12-26,0.07424390532964778,A,F,,,P1D,,V,,,,,,,,,,,,,,,,,4,4F0,,NEW CISS - CISS contribution from foreign exchange market subindex,"Euro area (changing composition), Contribution from foreign exchange market subindex, Contribution",PURE_NUMB,0
CISS.D.U2.Z0Z.4F.EC.SS_FXN.CON,D,U2,Z0Z,4F,EC,SS_FXN,CON,2022-12-27,0.07015337649918041,A,F,,,P1D,,V,,,,,,,,,,,,,,,,,4,4F0,,NEW CISS - CISS contribution from foreign exchange market subindex,"Euro area (changing composition), Contribution from foreign exchange market subindex, Contribution",PURE_NUMB,0
CISS.D.U2.Z0Z.4F.EC.SS_FXN.CON,D,U2,Z0Z,4F,EC,SS_FXN,CON,2022-12-28,0.06573799523877286,A,F,,,P1D,,V,,,,,,,,,,,,,,,,,4,4F0,,NEW CISS - CISS contribution from foreign exchange market subindex,"Euro area (changing composition), Contribution from foreign exchange market subindex, Contribution",PURE_NUMB,0
CISS.D.U2.Z0Z.4F.EC.SS_FXN.CON,D,U2,Z0Z,4F,EC,SS_FXN,CON,2022-12-29,0.06273355909352801,A,F,,,P1D,,V,,,,,,,,,,,,,,,,,4,4F0,,NEW CISS - CISS contribution from foreign exchange market subindex,"Euro area (changing composition), Contribution from foreign exchange market subindex, Contribution",PURE_NUMB,0
CISS.D.U2.Z0Z.4F.EC.SS_FXN.CON,D,U2,Z0Z,4F,EC,SS_FXN,CON,2022-12-30,0.06025053783002999,A,F,,,P1D,,V,,,,,,,,,,,,,,,,,4,4F0,,NEW CISS - CISS contribution from foreign exchange market subindex,"Euro area (changing composition), Contribution from foreign exchange market subindex, Contribution",PURE_NUMB,0
CISS.D.U2.Z0Z.4F.EC.SS_FXN.CON,D,U2,Z0Z,4F,EC,SS_FXN,CON,2023-01-02,0.057818321922736476,A,F,,,P1D,,V,,,,,,,,,,,,,,,,,4,4F0,,NEW CISS - CISS contribution from foreign exchange market subindex,"Euro area (changing composition), Contribution from foreign exchange market subindex, Contribution",PURE_NUMB,0
CISS.D.U2.Z0Z.4F.EC.SS_FXN.CON,D,U2,Z0Z,4F,EC,SS_FXN,CON,2023-01-03,0.07536092316342079,A,F,,,P1D,,V,,,,,,,,,,,,,,,,,4,4F0,,NEW CISS - CISS contribution from foreign exchange market subindex,"Euro area (changing composition), Contribution from foreign exchange market subindex, Contribution",PURE_NUMB,0
CISS.D.U2.Z0Z.4F.EC.SS_FXN.CON,D,U2,Z0Z,4F,EC,SS_FXN,CON,2023-01-04,0.07830838204900423,A,F,,,P1D,,V,,,,,,,,,,,,,,,,,4,4F0,,NEW CISS - CISS contribution from foreign exchange market subindex,"Euro area (changing composition), Contribution from foreign exchange market subindex, Contribution",PURE_NUMB,0
CISS.D.U2.Z0Z.4F.EC.SS_FXN.CON,D,U2,Z0Z,4F,EC,SS_FXN,CON,2023-01-05,0.08382418022571479,A,F,,,P1D,,V,,,,,,,,,,,,,,,,,4,4F0,,NEW CISS - CISS contribution from foreign exchange market subindex,"Euro area (changing composition), Contribution from foreign exchange market subindex, Contribution",PURE_NUMB,0
CISS.D.U2.Z0Z.4F.EC.SS_FXN.CON,D,U2,Z0Z,4F,EC,SS_FXN,CON,2023-01-06,0.09488030410905286,A,F,,,P1D,,V,,,,,,,,,,,,,,,,,4,4F0,,NEW CISS - CISS contribution from foreign exchange market subindex,"Euro area (changing composition), Contribution from foreign exchange market subindex, Contribution",PURE_NUMB,0
CISS.D.U2.Z0Z.4F.EC.SS_FXN.CON,D,U2,Z0Z,4F,EC,SS_FXN,CON,2023-01-09,0.08814803496102672,A,F,,,P1D,,V,,,,,,,,,,,,,,,,,4,4F0,,NEW CISS - CISS contribution from foreign exchange market subindex,"Euro area (changing composition), Contribution from foreign exchange market subindex, Contribution",PURE_NUMB,0
CISS.D.U2.Z0Z.4F.EC.SS_FXN.CON,D,U2,Z0Z,4F,EC,SS_FXN,CON,2023-01-10,0.08095607270462662,A,F,,,P1D,,V,,,,,,,,,,,,,,,,,4,4F0,,NEW CISS - CISS contribution from foreign exchange market subindex,"Euro area (changing composition), Contribution from foreign exchange market subindex, Contribution",PURE_NUMB,0
CISS.D.U2.Z0Z.4F.EC.SS_FXN.CON,D,U2,Z0Z,4F,EC,SS_FXN,CON,2023-01-11,0.07395973816040423,A,F,,,P1D,,V,,,,,,,,,,,,,,,,,4,4F0,,NEW CISS - CISS contribution from foreign exchange market subindex,"Euro area (changing composition), Contribution from foreign exchange market subindex, Contribution",PURE_NUMB,0
CISS.D.U2.Z0Z.4F.EC.SS_FXN.CON,D,U2,Z0Z,4F,EC,SS_FXN,CON,2023-01-12,0.08293394899332918,A,F,,,P1D,,V,,,,,,,,,,,,,,,,,4,4F0,,NEW CISS - CISS contribution from foreign exchange market subindex,"Euro area (changing composition), Contribution from foreign exchange market subindex, Contribution",PURE_NUMB,0
CISS.D.U2.Z0Z.4F.EC.SS_FXN.CON,D,U2,Z0Z,4F,EC,SS_FXN,CON,2023-01-13,0.08061385808880271,A,F,,,P1D,,V,,,,,,,,,,,,,,,,,4,4F0,,NEW CISS - CISS contribution from foreign exchange market subindex,"Euro area (changing composition), Contribution from foreign exchange market subindex, Contribution",PURE_NUMB,0
CISS.D.U2.Z0Z.4F.EC.SS_FXN.CON,D,U2,Z0Z,4F,EC,SS_FXN,CON,2023-01-16,0.07172603358593915,A,F,,,P1D,,V,,,,,,,,,,,,,,,,,4,4F0,,NEW CISS - CISS contribution from foreign exchange market subindex,"Euro area (changing composition), Contribution from foreign exchange market subindex, Contribution",PURE_NUMB,0
CISS.D.U2.Z0Z.4F.EC.SS_FXN.CON,D,U2,Z0Z,4F,EC,SS_FXN,CON,2023-01-17,0.08931489629673818,A,F,,,P1D,,V,,,,,,,,,,,,,,,,,4,4F0,,NEW CISS - CISS contribution from foreign exchange market subindex,"Euro area (changing composition), Contribution from foreign exchange market subindex, Contribution",PURE_NUMB,0
CISS.D.U2.Z0Z.4F.EC.SS_FXN.CON,D,U2,Z0Z,4F,EC,SS_FXN,CON,2023-01-18,0.08151429037753523,A,F,,,P1D,,V,,,,,,,,,,,,,,,,,4,4F0,,NEW CISS - CISS contribution from foreign exchange market subindex,"Euro area (changing composition), Contribution from foreign exchange market subindex, Contribution",PURE_NUMB,0
CISS.D.U2.Z0Z.4F.EC.SS_FXN.CON,D,U2,Z0Z,4F,EC,SS_FXN,CON,2023-01-19,0.07580311401422446,A,F,,,P1D,,V,,,,,,,,,,,,,,,,,4,4F0,,NEW CISS - CISS contribution from foreign exchange market subindex,"Euro area (changing composition), Contribution from foreign exchange market subindex, Contribution",PURE_NUMB,0
CISS.D.U2.Z0Z.4F.EC.SS_FXN.CON,D,U2,Z0Z,4F,EC,SS_FXN,CON,2023-01-20,0.0712245147931907,A,F,,,P1D,,V,,,,,,,,,,,,,,,,,4,4F0,,NEW CISS - CISS contribution from foreign exchange market subindex,"Euro area (changing composition), Contribution from foreign exchange market subindex, Contribution",PURE_NUMB,0
CISS.D.U2.Z0Z.4F.EC.SS_FXN.CON,D,U2,Z0Z,4F,EC,SS_FXN,CON,2023-01-23,0.06648986476432314,A,F,,,P1D,,V,,,,,,,,,,,,,,,,,4,4F0,,NEW CISS - CISS contribution from foreign exchange market subindex,"Euro area (changing composition), Contribution from foreign exchange market subindex, Contribution",PURE_NUMB,0
CISS.D.U2.Z0Z.4F.EC.SS_FXN.CON,D,U2,Z0Z,4F,EC,SS_FXN,CON,2023-01-24,0.06259939723566225,A,F,,,P1D,,V,,,,,,,,,,,,,,,,,4,4F0,,NEW CISS - CISS contribution from foreign exchange market subindex,"Euro area (changing composition), Contribution from foreign exchange market subindex, Contribution",PURE_NUMB,0
CISS.D.U2.Z0Z.4F.EC.SS_FXN.CON,D,U2,Z0Z,4F,EC,SS_FXN,CON,2023-01-25,0.054328963303719176,A,F,,,P1D,,V,,,,,,,,,,,,,,,,,4,4F0,,NEW CISS - CISS contribution from foreign exchange market subindex,"Euro area (changing composition), Contribution from foreign exchange market subindex, Contribution",PURE_NUMB,0
CISS.D.U2.Z0Z.4F.EC.SS_FXN.CON,D,U2,Z0Z,4F,EC,SS_FXN,CON,2023-01-26,0.04791779400801159,A,F,,,P1D,,V,,,,,,,,,,,,,,,,,4,4F0,,NEW CISS - CISS contribution from foreign exchange market subindex,"Euro area (changing composition), Contribution from foreign exchange market subindex, Contribution",PURE_NUMB,0
CISS.D.U2.Z0Z.4F.EC.SS_FXN.CON,D,U2,Z0Z,4F,EC,SS_FXN,CON,2023-01-27,0.04131616307023502,A,F,,,P1D,,V,,,,,,,,,,,,,,,,,4,4F0,,NEW CISS - CISS contribution from foreign exchange market subindex,"Euro area (changing composition), Contribution from foreign exchange market subindex, Contribution",PURE_NUMB,0
CISS.D.U2.Z0Z.4F.EC.SS_FXN.CON,D,U2,Z0Z,4F,EC,SS_FXN,CON,2023-01-30,0.035457638346872405,A,F,,,P1D,,V,,,,,,,,,,,,,,,,,4,4F0,,NEW CISS - CISS contribution from foreign exchange market subindex,"Euro area (changing composition), Contribution from foreign exchange market subindex, Contribution",PURE_NUMB,0
CISS.D.U2.Z0Z.4F.EC.SS_FXN.CON,D,U2,Z0Z,4F,EC,SS_FXN,CON,2023-01-31,0.032761532429732704,A,F,,,P1D,,V,,,,,,,,,,,,,,,,,4,4F0,,NEW CISS - CISS contribution from foreign exchange market subindex,"Euro area (changing composition), Contribution from foreign exchange market subindex, Contribution",PURE_NUMB,0
CISS.D.U2.Z0Z.4F.EC.SS_FXN.CON,D,U2,Z0Z,4F,EC,SS_FXN,CON,2023-02-01,0.057091118042755205,A,F,,,P1D,,V,,,,,,,,,,,,,,,,,4,4F0,,NEW CISS - CISS contribution from foreign exchange market subindex,"Euro area (changing composition), Contribution from foreign exchange market subindex, Contribution",PURE_NUMB,0
CISS.D.U2.Z0Z.4F.EC.SS_FXN.CON,D,U2,Z0Z,4F,EC,SS_FXN,CON,2023-02-02,0.07104841306753902,A,F,,,P1D,,V,,,,,,,,,,,,,,,,,4,4F0,,NEW CISS - CISS contribution from foreign exchange market subindex,"Euro area (changing composition), Contribution from foreign exchange market subindex, Contribution",PURE_NUMB,0
CISS.D.U2.Z0Z.4F.EC.SS_FXN.CON,D,U2,Z0Z,4F,EC,SS_FXN,CON,2023-02-03,0.0796666938557751,A,F,,,P1D,,V,,,,,,,,,,,,,,,,,4,4F0,,NEW CISS - CISS contribution from foreign exchange market subindex,"Euro area (changing composition), Contribution from foreign exchange market subindex, Contribution",PURE_NUMB,0
CISS.D.U2.Z0Z.4F.EC.SS_FXN.CON,D,U2,Z0Z,4F,EC,SS_FXN,CON,2023-02-06,0.0732384603804081,A,F,,,P1D,,V,,,,,,,,,,,,,,,,,4,4F0,,NEW CISS - CISS contribution from foreign exchange market subindex,"Euro area (changing composition), Contribution from foreign exchange market subindex, Contribution",PURE_NUMB,0
CISS.D.U2.Z0Z.4F.EC.SS_FXN.CON,D,U2,Z0Z,4F,EC,SS_FXN,CON,2023-02-07,0.07442620040429952,A,F,,,P1D,,V,,,,,,,,,,,,,,,,,4,4F0,,NEW CISS - CISS contribution from foreign exchange market subindex,"Euro area (changing composition), Contribution from foreign exchange market subindex, Contribution",PURE_NUMB,0
CISS.D.U2.Z0Z.4F.EC.SS_FXN.CON,D,U2,Z0Z,4F,EC,SS_FXN,CON,2023-02-08,0.06490976060238887,A,F,,,P1D,,V,,,,,,,,,,,,,,,,,4,4F0,,NEW CISS - CISS contribution from foreign exchange market subindex,"Euro area (changing composition), Contribution from foreign exchange market subindex, Contribution",PURE_NUMB,0
CISS.D.U2.Z0Z.4F.EC.SS_FXN.CON,D,U2,Z0Z,4F,EC,SS_FXN,CON,2023-02-09,0.05545810070112303,A,F,,,P1D,,V,,,,,,,,,,,,,,,,,4,4F0,,NEW CISS - CISS contribution from foreign exchange market subindex,"Euro area (changing composition), Contribution from foreign exchange market subindex, Contribution",PURE_NUMB,0
CISS.D.U2.Z0Z.4F.EC.SS_FXN.CON,D,U2,Z0Z,4F,EC,SS_FXN,CON,2023-02-10,0.054601604984993266,A,F,,,P1D,,V,,,,,,,,,,,,,,,,,4,4F0,,NEW CISS - CISS contribution from foreign exchange market subindex,"Euro area (changing composition), Contribution from foreign exchange market subindex, Contribution",PURE_NUMB,0
CISS.D.U2.Z0Z.4F.EC.SS_FXN.CON,D,U2,Z0Z,4F,EC,SS_FXN,CON,2023-02-13,0.05715660385330479,A,F,,,P1D,,V,,,,,,,,,,,,,,,,,4,4F0,,NEW CISS - CISS contribution from foreign exchange market subindex,"Euro area (changing composition), Contribution from foreign exchange market subindex, Contribution",PURE_NUMB,0
CISS.D.U2.Z0Z.4F.EC.SS_FXN.CON,D,U2,Z0Z,4F,EC,SS_FXN,CON,2023-02-14,0.04962695339733388,A,F,,,P1D,,V,,,,,,,,,,,,,,,,,4,4F0,,NEW CISS - CISS contribution from foreign exchange market subindex,"Euro area (changing composition), Contribution from foreign exchange market subindex, Contribution",PURE_NUMB,0
CISS.D.U2.Z0Z.4F.EC.SS_FXN.CON,D,U2,Z0Z,4F,EC,SS_FXN,CON,2023-02-15,0.056544940583545256,A,F,,,P1D,,V,,,,,,,,,,,,,,,,,4,4F0,,NEW CISS - CISS contribution from foreign exchange market subindex,"Euro area (changing composition), Contribution from foreign exchange market subindex, Contribution",PURE_NUMB,0
CISS.D.U2.Z0Z.4F.EC.SS_FXN.CON,D,U2,Z0Z,4F,EC,SS_FXN,CON,2023-02-16,0.04775691637125797,A,F,,,P1D,,V,,,,,,,,,,,,,,,,,4,4F0,,NEW CISS - CISS contribution from foreign exchange market subindex,"Euro area (changing composition), Contribution from foreign exchange market subindex, Contribution",PURE_NUMB,0
CISS.D.U2.Z0Z.4F.EC.SS_FXN.CON,D,U2,Z0Z,4F,EC,SS_FXN,CON,2023-02-17,0.04054672187400693,A,F,,,P1D,,V,,,,,,,,,,,,,,,,,4,4F0,,NEW CISS - CISS contribution from foreign exchange market subindex,"Euro area (changing composition), Contribution from foreign exchange market subindex, Contribution",PURE_NUMB,0
CISS.D.U2.Z0Z.4F.EC.SS_FXN.CON,D,U2,Z0Z,4F,EC,SS_FXN,CON,2023-02-20,0.032355320671015576,A,F,,,P1D,,V,,,,,,,,,,,,,,,,,4,4F0,,NEW CISS - CISS contribution from foreign exchange market subindex,"Euro area (changing composition), Contribution from foreign exchange market subindex, Contribution",PURE_NUMB,0
CISS.D.U2.Z0Z.4F.EC.SS_FXN.CON,D,U2,Z0Z,4F,EC,SS_FXN,CON,2023-02-21,0.04453104370345915,A,F,,,P1D,,V,,,,,,,,,,,,,,,,,4,4F0,,NEW CISS - CISS contribution from foreign exchange market subindex,"Euro area (changing composition), Contribution from foreign exchange market subindex, Contribution",PURE_NUMB,0
CISS.D.U2.Z0Z.4F.EC.SS_FXN.CON,D,U2,Z0Z,4F,EC,SS_FXN,CON,2023-02-22,0.04244842458770282,A,F,,,P1D,,V,,,,,,,,,,,,,,,,,4,4F0,,NEW CISS - CISS contribution from foreign exchange market subindex,"Euro area (changing composition), Contribution from foreign exchange market subindex, Contribution",PURE_NUMB,0
CISS.D.U2.Z0Z.4F.EC.SS_FXN.CON,D,U2,Z0Z,4F,EC,SS_FXN,CON,2023-02-23,0.03448912516300225,A,F,,,P1D,,V,,,,,,,,,,,,,,,,,4,4F0,,NEW CISS - CISS contribution from foreign exchange market subindex,"Euro area (changing composition), Contribution from foreign exchange market subindex, Contribution",PURE_NUMB,0
CISS.D.U2.Z0Z.4F.EC.SS_FXN.CON,D,U2,Z0Z,4F,EC,SS_FXN,CON,2023-02-24,0.03849610946059006,A,F,,,P1D,,V,,,,,,,,,,,,,,,,,4,4F0,,NEW CISS - CISS contribution from foreign exchange market subindex,"Euro area (changing composition), Contribution from foreign exchange market subindex, Contribution",PURE_NUMB,0
CISS.D.U2.Z0Z.4F.EC.SS_FXN.CON,D,U2,Z0Z,4F,EC,SS_FXN,CON,2023-02-27,0.0410373685336175,A,F,,,P1D,,V,,,,,,,,,,,,,,,,,4,4F0,,NEW CISS - CISS contribution from foreign exchange market subindex,"Euro area (changing composition), Contribution from foreign exchange market subindex, Contribution",PURE_NUMB,0
CISS.D.U2.Z0Z.4F.EC.SS_FXN.CON,D,U2,Z0Z,4F,EC,SS_FXN,CON,2023-02-28,0.034485028521315644,A,F,,,P1D,,V,,,,,,,,,,,,,,,,,4,4F0,,NEW CISS - CISS contribution from foreign exchange market subindex,"Euro area (changing composition), Contribution from foreign exchange market subindex, Contribution",PURE_NUMB,0
CISS.D.U2.Z0Z.4F.EC.SS_FXN.CON,D,U2,Z0Z,4F,EC,SS_FXN,CON,2023-03-01,0.058408607645308,A,F,,,P1D,,V,,,,,,,,,,,,,,,,,4,4F0,,NEW CISS - CISS contribution from foreign exchange market subindex,"Euro area (changing composition), Contribution from foreign exchange market subindex, Contribution",PURE_NUMB,0
CISS.D.U2.Z0Z.4F.EC.SS_FXN.CON,D,U2,Z0Z,4F,EC,SS_FXN,CON,2023-03-02,0.053970378578402436,A,F,,,P1D,,V,,,,,,,,,,,,,,,,,4,4F0,,NEW CISS - CISS contribution from foreign exchange market subindex,"Euro area (changing composition), Contribution from foreign exchange market subindex, Contribution",PURE_NUMB,0
CISS.D.U2.Z0Z.4F.EC.SS_FXN.CON,D,U2,Z0Z,4F,EC,SS_FXN,CON,2023-03-03,0.051634600836721015,A,F,,,P1D,,V,,,,,,,,,,,,,,,,,4,4F0,,NEW CISS - CISS contribution from foreign exchange market subindex,"Euro area (changing composition), Contribution from foreign exchange market subindex, Contribution",PURE_NUMB,0
CISS.D.U2.Z0Z.4F.EC.SS_FXN.CON,D,U2,Z0Z,4F,EC,SS_FXN,CON,2023-03-06,0.051883210354276975,A,F,,,P1D,,V,,,,,,,,,,,,,,,,,4,4F0,,NEW CISS - CISS contribution from foreign exchange market subindex,"Euro area (changing composition), Contribution from foreign exchange market subindex, Contribution",PURE_NUMB,0
CISS.D.U2.Z0Z.4F.EC.SS_FXN.CON,D,U2,Z0Z,4F,EC,SS_FXN,CON,2023-03-07,0.06564253402558588,A,F,,,P1D,,V,,,,,,,,,,,,,,,,,4,4F0,,NEW CISS - CISS contribution from foreign exchange market subindex,"Euro area (changing composition), Contribution from foreign exchange market subindex, Contribution",PURE_NUMB,0
CISS.D.U2.Z0Z.4F.EC.SS_FXN.CON,D,U2,Z0Z,4F,EC,SS_FXN,CON,2023-03-08,0.055047292641866356,A,F,,,P1D,,V,,,,,,,,,,,,,,,,,4,4F0,,NEW CISS - CISS contribution from foreign exchange market subindex,"Euro area (changing composition), Contribution from foreign exchange market subindex, Contribution",PURE_NUMB,0
CISS.D.U2.Z0Z.4F.EC.SS_FXN.CON,D,U2,Z0Z,4F,EC,SS_FXN,CON,2023-03-09,0.052173287085802496,A,F,,,P1D,,V,,,,,,,,,,,,,,,,,4,4F0,,NEW CISS - CISS contribution from foreign exchange market subindex,"Euro area (changing composition), Contribution from foreign exchange market subindex, Contribution",PURE_NUMB,0
CISS.D.U2.Z0Z.4F.EC.SS_FXN.CON,D,U2,Z0Z,4F,EC,SS_FXN,CON,2023-03-10,0.05315834306621612,A,F,,,P1D,,V,,,,,,,,,,,,,,,,,4,4F0,,NEW CISS - CISS contribution from foreign exchange market subindex,"Euro area (changing composition), Contribution from foreign exchange market subindex, Contribution",PURE_NUMB,0
CISS.D.U2.Z0Z.4F.EC.SS_FXN.CON,D,U2,Z0Z,4F,EC,SS_FXN,CON,2023-03-13,0.06381580063438588,A,F,,,P1D,,V,,,,,,,,,,,,,,,,,4,4F0,,NEW CISS - CISS contribution from foreign exchange market subindex,"Euro area (changing composition), Contribution from foreign exchange market subindex, Contribution",PURE_NUMB,0
CISS.D.U2.Z0Z.4F.EC.SS_FXN.CON,D,U2,Z0Z,4F,EC,SS_FXN,CON,2023-03-14,0.0592310511494588,A,F,,,P1D,,V,,,,,,,,,,,,,,,,,4,4F0,,NEW CISS - CISS contribution from foreign exchange market subindex,"Euro area (changing composition), Contribution from foreign exchange market subindex, Contribution",PURE_NUMB,0
CISS.D.U2.Z0Z.4F.EC.SS_FXN.CON,D,U2,Z0Z,4F,EC,SS_FXN,CON,2023-03-15,0.12059737308545863,A,F,,,P1D,,V,,,,,,,,,,,,,,,,,4,4F0,,NEW CISS - CISS contribution from foreign exchange market subindex,"Euro area (changing composition), Contribution from foreign exchange market subindex, Contribution",PURE_NUMB,0
CISS.D.U2.Z0Z.4F.EC.SS_FXN.CON,D,U2,Z0Z,4F,EC,SS_FXN,CON,2023-03-16,0.10318491557641335,A,F,,,P1D,,V,,,,,,,,,,,,,,,,,4,4F0,,NEW CISS - CISS contribution from foreign exchange market subindex,"Euro area (changing composition), Contribution from foreign exchange market subindex, Contribution",PURE_NUMB,0
CISS.D.U2.Z0Z.4F.EC.SS_FXN.CON,D,U2,Z0Z,4F,EC,SS_FXN,CON,2023-03-17,0.1009432375348494,A,F,,,P1D,,V,,,,,,,,,,,,,,,,,4,4F0,,NEW CISS - CISS contribution from foreign exchange market subindex,"Euro area (changing composition), Contribution from foreign exchange market subindex, Contribution",PURE_NUMB,0
CISS.D.U2.Z0Z.4F.EC.SS_FXN.CON,D,U2,Z0Z,4F,EC,SS_FXN,CON,2023-03-20,0.09721469838425414,A,F,,,P1D,,V,,,,,,,,,,,,,,,,,4,4F0,,NEW CISS - CISS contribution from foreign exchange market subindex,"Euro area (changing composition), Contribution from foreign exchange market subindex, Contribution",PURE_NUMB,0
CISS.D.U2.Z0Z.4F.EC.SS_FXN.CON,D,U2,Z0Z,4F,EC,SS_FXN,CON,2023-03-21,0.11646558673288415,A,F,,,P1D,,V,,,,,,,,,,,,,,,,,4,4F0,,NEW CISS - CISS contribution from foreign exchange market subindex,"Euro area (changing composition), Contribution from foreign exchange market subindex, Contribution",PURE_NUMB,0
CISS.D.U2.Z0Z.4F.EC.SS_FXN.CON,D,U2,Z0Z,4F,EC,SS_FXN,CON,2023-03-22,0.11404936322998595,A,F,,,P1D,,V,,,,,,,,,,,,,,,,,4,4F0,,NEW CISS - CISS contribution from foreign exchange market subindex,"Euro area (changing composition), Contribution from foreign exchange market subindex, Contribution",PURE_NUMB,0
CISS.D.U2.Z0Z.4F.EC.SS_FXN.CON,D,U2,Z0Z,4F,EC,SS_FXN,CON,2023-03-23,0.10746237604456624,A,F,,,P1D,,V,,,,,,,,,,,,,,,,,4,4F0,,NEW CISS - CISS contribution from foreign exchange market subindex,"Euro area (changing composition), Contribution from foreign exchange market subindex, Contribution",PURE_NUMB,0
CISS.D.U2.Z0Z.4F.EC.SS_FXN.CON,D,U2,Z0Z,4F,EC,SS_FXN,CON,2023-03-24,0.10531538497184324,A,F,,,P1D,,V,,,,,,,,,,,,,,,,,4,4F0,,NEW CISS - CISS contribution from foreign exchange market subindex,"Euro area (changing composition), Contribution from foreign exchange market subindex, Contribution",PURE_NUMB,0
CISS.D.U2.Z0Z.4F.EC.SS_FXN.CON,D,U2,Z0Z,4F,EC,SS_FXN,CON,2023-03-27,0.09658480239164252,A,F,,,P1D,,V,,,,,,,,,,,,,,,,,4,4F0,,NEW CISS - CISS contribution from foreign exchange market subindex,"Euro area (changing composition), Contribution from foreign exchange market subindex, Contribution",PURE_NUMB,0
CISS.D.U2.Z0Z.4F.EC.SS_FXN.CON,D,U2,Z0Z,4F,EC,SS_FXN,CON,2023-03-28,0.08497166852769981,A,F,,,P1D,,V,,,,,,,,,,,,,,,,,4,4F0,,NEW CISS - CISS contribution from foreign exchange market subindex,"Euro area (changing composition), Contribution from foreign exchange market subindex, Contribution",PURE_NUMB,0
CISS.D.U2.Z0Z.4F.EC.SS_FXN.CON,D,U2,Z0Z,4F,EC,SS_FXN,CON,2023-03-29,0.08303505219285609,A,F,,,P1D,,V,,,,,,,,,,,,,,,,,4,4F0,,NEW CISS - CISS contribution from foreign exchange market subindex,"Euro area (changing composition), Contribution from foreign exchange market subindex, Contribution",PURE_NUMB,0
CISS.D.U2.Z0Z.4F.EC.SS_FXN.CON,D,U2,Z0Z,4F,EC,SS_FXN,CON,2023-03-30,0.07623258083733403,A,F,,,P1D,,V,,,,,,,,,,,,,,,,,4,4F0,,NEW CISS - CISS contribution from foreign exchange market subindex,"Euro area (changing composition), Contribution from foreign exchange market subindex, Contribution",PURE_NUMB,0
CISS.D.U2.Z0Z.4F.EC.SS_FXN.CON,D,U2,Z0Z,4F,EC,SS_FXN,CON,2023-03-31,0.07138355241185736,A,F,,,P1D,,V,,,,,,,,,,,,,,,,,4,4F0,,NEW CISS - CISS contribution from foreign exchange market subindex,"Euro area (changing composition), Contribution from foreign exchange market subindex, Contribution",PURE_NUMB,0
CISS.D.U2.Z0Z.4F.EC.SS_FXN.CON,D,U2,Z0Z,4F,EC,SS_FXN,CON,2023-04-03,0.06492969582108195,A,F,,,P1D,,V,,,,,,,,,,,,,,,,,4,4F0,,NEW CISS - CISS contribution from foreign exchange market subindex,"Euro area (changing composition), Contribution from foreign exchange market subindex, Contribution",PURE_NUMB,0
CISS.D.U2.Z0Z.4F.EC.SS_FXN.CON,D,U2,Z0Z,4F,EC,SS_FXN,CON,2023-04-04,0.058303495532121115,A,F,,,P1D,,V,,,,,,,,,,,,,,,,,4,4F0,,NEW CISS - CISS contribution from foreign exchange market subindex,"Euro area (changing composition), Contribution from foreign exchange market subindex, Contribution",PURE_NUMB,0
CISS.D.U2.Z0Z.4F.EC.SS_FXN.CON,D,U2,Z0Z,4F,EC,SS_FXN,CON,2023-04-05,0.05509521963394377,A,F,,,P1D,,V,,,,,,,,,,,,,,,,,4,4F0,,NEW CISS - CISS contribution from foreign exchange market subindex,"Euro area (changing composition), Contribution from foreign exchange market subindex, Contribution",PURE_NUMB,0
CISS.D.U2.Z0Z.4F.EC.SS_FXN.CON,D,U2,Z0Z,4F,EC,SS_FXN,CON,2023-04-06,0.04974684085272612,A,F,,,P1D,,V,,,,,,,,,,,,,,,,,4,4F0,,NEW CISS - CISS contribution from foreign exchange market subindex,"Euro area (changing composition), Contribution from foreign exchange market subindex, Contribution",PURE_NUMB,0
CISS.D.U2.Z0Z.4F.EC.SS_FXN.CON,D,U2,Z0Z,4F,EC,SS_FXN,CON,2023-04-07,0.04088485411550735,A,F,,,P1D,,V,,,,,,,,,,,,,,,,,4,4F0,,NEW CISS - CISS contribution from foreign exchange market subindex,"Euro area (changing composition), Contribution from foreign exchange market subindex, Contribution",PURE_NUMB,0
CISS.D.U2.Z0Z.4F.EC.SS_FXN.CON,D,U2,Z0Z,4F,EC,SS_FXN,CON,2023-04-10,0.039208351494148294,A,F,,,P1D,,V,,,,,,,,,,,,,,,,,4,4F0,,NEW CISS - CISS contribution from foreign exchange market subindex,"Euro area (changing composition), Contribution from foreign exchange market subindex, Contribution",PURE_NUMB,0
CISS.D.U2.Z0Z.4F.EC.SS_FXN.CON,D,U2,Z0Z,4F,EC,SS_FXN,CON,2023-04-11,0.037767141778551346,A,F,,,P1D,,V,,,,,,,,,,,,,,,,,4,4F0,,NEW CISS - CISS contribution from foreign exchange market subindex,"Euro area (changing composition), Contribution from foreign exchange market subindex, Contribution",PURE_NUMB,0
CISS.D.U2.Z0Z.4F.EC.SS_FXN.CON,D,U2,Z0Z,4F,EC,SS_FXN,CON,2023-04-12,0.04049476223332258,A,F,,,P1D,,V,,,,,,,,,,,,,,,,,4,4F0,,NEW CISS - CISS contribution from foreign exchange market subindex,"Euro area (changing composition), Contribution from foreign exchange market subindex, Contribution",PURE_NUMB,0
CISS.D.U2.Z0Z.4F.EC.SS_FXN.CON,D,U2,Z0Z,4F,EC,SS_FXN,CON,2023-04-13,0.03679616093133446,A,F,,,P1D,,V,,,,,,,,,,,,,,,,,4,4F0,,NEW CISS - CISS contribution from foreign exchange market subindex,"Euro area (changing composition), Contribution from foreign exchange market subindex, Contribution",PURE_NUMB,0
CISS.D.U2.Z0Z.4F.EC.SS_FXN.CON,D,U2,Z0Z,4F,EC,SS_FXN,CON,2023-04-14,0.039061359826174764,A,F,,,P1D,,V,,,,,,,,,,,,,,,,,4,4F0,,NEW CISS - CISS contribution from foreign exchange market subindex,"Euro area (changing composition), Contribution from foreign exchange market subindex, Contribution",PURE_NUMB,0
CISS.D.U2.Z0Z.4F.EC.SS_FXN.CON,D,U2,Z0Z,4F,EC,SS_FXN,CON,2023-04-17,0.04097025371315915,A,F,,,P1D,,V,,,,,,,,,,,,,,,,,4,4F0,,NEW CISS - CISS contribution from foreign exchange market subindex,"Euro area (changing composition), Contribution from foreign exchange market subindex, Contribution",PURE_NUMB,0
CISS.D.U2.Z0Z.4F.EC.SS_FXN.CON,D,U2,Z0Z,4F,EC,SS_FXN,CON,2023-04-18,0.03399880663151979,A,F,,,P1D,,V,,,,,,,,,,,,,,,,,4,4F0,,NEW CISS - CISS contribution from foreign exchange market subindex,"Euro area (changing composition), Contribution from foreign exchange market subindex, Contribution",PURE_NUMB,0
CISS.D.U2.Z0Z.4F.EC.SS_FXN.CON,D,U2,Z0Z,4F,EC,SS_FXN,CON,2023-04-19,0.028429209579630507,A,F,,,P1D,,V,,,,,,,,,,,,,,,,,4,4F0,,NEW CISS - CISS contribution from foreign exchange market subindex,"Euro area (changing composition), Contribution from foreign exchange market subindex, Contribution",PURE_NUMB,0
CISS.D.U2.Z0Z.4F.EC.SS_FXN.CON,D,U2,Z0Z,4F,EC,SS_FXN,CON,2023-04-20,0.02235748459631741,A,F,,,P1D,,V,,,,,,,,,,,,,,,,,4,4F0,,NEW CISS - CISS contribution from foreign exchange market subindex,"Euro area (changing composition), Contribution from foreign exchange market subindex, Contribution",PURE_NUMB,0
CISS.D.U2.Z0Z.4F.EC.SS_FXN.CON,D,U2,Z0Z,4F,EC,SS_FXN,CON,2023-04-21,0.018344545955456495,A,F,,,P1D,,V,,,,,,,,,,,,,,,,,4,4F0,,NEW CISS - CISS contribution from foreign exchange market subindex,"Euro area (changing composition), Contribution from foreign exchange market subindex, Contribution",PURE_NUMB,0
CISS.D.U2.Z0Z.4F.EC.SS_FXN.CON,D,U2,Z0Z,4F,EC,SS_FXN,CON,2023-04-24,0.01965297626533338,A,F,,,P1D,,V,,,,,,,,,,,,,,,,,4,4F0,,NEW CISS - CISS contribution from foreign exchange market subindex,"Euro area (changing composition), Contribution from foreign exchange market subindex, Contribution",PURE_NUMB,0
CISS.D.U2.Z0Z.4F.EC.SS_FXN.CON,D,U2,Z0Z,4F,EC,SS_FXN,CON,2023-04-25,0.032771677100231274,A,F,,,P1D,,V,,,,,,,,,,,,,,,,,4,4F0,,NEW CISS - CISS contribution from foreign exchange market subindex,"Euro area (changing composition), Contribution from foreign exchange market subindex, Contribution",PURE_NUMB,0
CISS.D.U2.Z0Z.4F.EC.SS_FXN.CON,D,U2,Z0Z,4F,EC,SS_FXN,CON,2023-04-26,0.035954221466815976,A,F,,,P1D,,V,,,,,,,,,,,,,,,,,4,4F0,,NEW CISS - CISS contribution from foreign exchange market subindex,"Euro area (changing composition), Contribution from foreign exchange market subindex, Contribution",PURE_NUMB,0
CISS.D.U2.Z0Z.4F.EC.SS_FXN.CON,D,U2,Z0Z,4F,EC,SS_FXN,CON,2023-04-27,0.030291314422191722,A,F,,,P1D,,V,,,,,,,,,,,,,,,,,4,4F0,,NEW CISS - CISS contribution from foreign exchange market subindex,"Euro area (changing composition), Contribution from foreign exchange market subindex, Contribution",PURE_NUMB,0
CISS.D.U2.Z0Z.4F.EC.SS_FXN.CON,D,U2,Z0Z,4F,EC,SS_FXN,CON,2023-04-28,0.05121112991777448,A,F,,,P1D,,V,,,,,,,,,,,,,,,,,4,4F0,,NEW CISS - CISS contribution from foreign exchange market subindex,"Euro area (changing composition), Contribution from foreign exchange market subindex, Contribution",PURE_NUMB,0
CISS.D.U2.Z0Z.4F.EC.SS_FXN.CON,D,U2,Z0Z,4F,EC,SS_FXN,CON,2023-05-01,0.046366002153393975,A,F,,,P1D,,V,,,,,,,,,,,,,,,,,4,4F0,,NEW CISS - CISS contribution from foreign exchange market subindex,"Euro area (changing composition), Contribution from foreign exchange market subindex, Contribution",PURE_NUMB,0
CISS.D.U2.Z0Z.4F.EC.SS_FXN.CON,D,U2,Z0Z,4F,EC,SS_FXN,CON,2023-05-02,0.048286614240129005,A,F,,,P1D,,V,,,,,,,,,,,,,,,,,4,4F0,,NEW CISS - CISS contribution from foreign exchange market subindex,"Euro area (changing composition), Contribution from foreign exchange market subindex, Contribution",PURE_NUMB,0
CISS.D.U2.Z0Z.4F.EC.SS_FXN.CON,D,U2,Z0Z,4F,EC,SS_FXN,CON,2023-05-03,0.0499515595028288,A,F,,,P1D,,V,,,,,,,,,,,,,,,,,4,4F0,,NEW CISS - CISS contribution from foreign exchange market subindex,"Euro area (changing composition), Contribution from foreign exchange market subindex, Contribution",PURE_NUMB,0
CISS.D.U2.Z0Z.4F.EC.SS_FXN.CON,D,U2,Z0Z,4F,EC,SS_FXN,CON,2023-05-04,0.05417168721415703,A,F,,,P1D,,V,,,,,,,,,,,,,,,,,4,4F0,,NEW CISS - CISS contribution from foreign exchange market subindex,"Euro area (changing composition), Contribution from foreign exchange market subindex, Contribution",PURE_NUMB,0
CISS.D.U2.Z0Z.4F.EC.SS_FXN.CON,D,U2,Z0Z,4F,EC,SS_FXN,CON,2023-05-05,0.05122980680993433,A,F,,,P1D,,V,,,,,,,,,,,,,,,,,4,4F0,,NEW CISS - CISS contribution from foreign exchange market subindex,"Euro area (changing composition), Contribution from foreign exchange market subindex, Contribution",PURE_NUMB,0
CISS.D.U2.Z0Z.4F.EC.SS_FXN.CON,D,U2,Z0Z,4F,EC,SS_FXN,CON,2023-05-08,0.04185448587943015,A,F,,,P1D,,V,,,,,,,,,,,,,,,,,4,4F0,,NEW CISS - CISS contribution from foreign exchange market subindex,"Euro area (changing composition), Contribution from foreign exchange market subindex, Contribution",PURE_NUMB,0
CISS.D.U2.Z0Z.4F.EC.SS_FXN.CON,D,U2,Z0Z,4F,EC,SS_FXN,CON,2023-05-09,0.04120153205404837,A,F,,,P1D,,V,,,,,,,,,,,,,,,,,4,4F0,,NEW CISS - CISS contribution from foreign exchange market subindex,"Euro area (changing composition), Contribution from foreign exchange market subindex, Contribution",PURE_NUMB,0
CISS.D.U2.Z0Z.4F.EC.SS_FXN.CON,D,U2,Z0Z,4F,EC,SS_FXN,CON,2023-05-10,0.03550997614533482,A,F,,,P1D,,V,,,,,,,,,,,,,,,,,4,4F0,,NEW CISS - CISS contribution from foreign exchange market subindex,"Euro area (changing composition), Contribution from foreign exchange market subindex, Contribution",PURE_NUMB,0
CISS.D.U2.Z0Z.4F.EC.SS_FXN.CON,D,U2,Z0Z,4F,EC,SS_FXN,CON,2023-05-11,0.03801277003477843,A,F,,,P1D,,V,,,,,,,,,,,,,,,,,4,4F0,,NEW CISS - CISS contribution from foreign exchange market subindex,"Euro area (changing composition), Contribution from foreign exchange market subindex, Contribution",PURE_NUMB,0
CISS.D.U2.Z0Z.4F.EC.SS_FXN.CON,D,U2,Z0Z,4F,EC,SS_FXN,CON,2023-05-12,0.036684918876417345,A,F,,,P1D,,V,,,,,,,,,,,,,,,,,4,4F0,,NEW CISS - CISS contribution from foreign exchange market subindex,"Euro area (changing composition), Contribution from foreign exchange market subindex, Contribution",PURE_NUMB,0
CISS.D.U2.Z0Z.4F.EC.SS_FXN.CON,D,U2,Z0Z,4F,EC,SS_FXN,CON,2023-05-15,0.034062888340127835,A,F,,,P1D,,V,,,,,,,,,,,,,,,,,4,4F0,,NEW CISS - CISS contribution from foreign exchange market subindex,"Euro area (changing composition), Contribution from foreign exchange market subindex, Contribution",PURE_NUMB,0
CISS.D.U2.Z0Z.4F.EC.SS_FXN.CON,D,U2,Z0Z,4F,EC,SS_FXN,CON,2023-05-16,0.027376287049117053,A,F,,,P1D,,V,,,,,,,,,,,,,,,,,4,4F0,,NEW CISS - CISS contribution from foreign exchange market subindex,"Euro area (changing composition), Contribution from foreign exchange market subindex, Contribution",PURE_NUMB,0
CISS.D.U2.Z0Z.4F.EC.SS_FXN.CON,D,U2,Z0Z,4F,EC,SS_FXN,CON,2023-05-17,0.027525663146140737,A,F,,,P1D,,V,,,,,,,,,,,,,,,,,4,4F0,,NEW CISS - CISS contribution from foreign exchange market subindex,"Euro area (changing composition), Contribution from foreign exchange market subindex, Contribution",PURE_NUMB,0
CISS.D.U2.Z0Z.4F.EC.SS_FXN.CON,D,U2,Z0Z,4F,EC,SS_FXN,CON,2023-05-18,0.02707202096607862,A,F,,,P1D,,V,,,,,,,,,,,,,,,,,4,4F0,,NEW CISS - CISS contribution from foreign exchange market subindex,"Euro area (changing composition), Contribution from foreign exchange market subindex, Contribution",PURE_NUMB,0
CISS.D.U2.Z0Z.4F.EC.SS_FXN.CON,D,U2,Z0Z,4F,EC,SS_FXN,CON,2023-05-19,0.02203890961014712,A,F,,,P1D,,V,,,,,,,,,,,,,,,,,4,4F0,,NEW CISS - CISS contribution from foreign exchange market subindex,"Euro area (changing composition), Contribution from foreign exchange market subindex, Contribution",PURE_NUMB,0
CISS.D.U2.Z0Z.4F.EC.SS_FXN.CON,D,U2,Z0Z,4F,EC,SS_FXN,CON,2023-05-22,0.019856942517333803,A,F,,,P1D,,V,,,,,,,,,,,,,,,,,4,4F0,,NEW CISS - CISS contribution from foreign exchange market subindex,"Euro area (changing composition), Contribution from foreign exchange market subindex, Contribution",PURE_NUMB,0
CISS.D.U2.Z0Z.4F.EC.SS_FXN.CON,D,U2,Z0Z,4F,EC,SS_FXN,CON,2023-05-23,0.01970046999709417,A,F,,,P1D,,V,,,,,,,,,,,,,,,,,4,4F0,,NEW CISS - CISS contribution from foreign exchange market subindex,"Euro area (changing composition), Contribution from foreign exchange market subindex, Contribution",PURE_NUMB,0
CISS.D.U2.Z0Z.4F.EC.SS_FXN.CON,D,U2,Z0Z,4F,EC,SS_FXN,CON,2023-05-24,0.019096098960054417,A,F,,,P1D,,V,,,,,,,,,,,,,,,,,4,4F0,,NEW CISS - CISS contribution from foreign exchange market subindex,"Euro area (changing composition), Contribution from foreign exchange market subindex, Contribution",PURE_NUMB,0
CISS.D.U2.Z0Z.4F.EC.SS_FXN.CON,D,U2,Z0Z,4F,EC,SS_FXN,CON,2023-05-25,0.01542418740860392,A,F,,,P1D,,V,,,,,,,,,,,,,,,,,4,4F0,,NEW CISS - CISS contribution from foreign exchange market subindex,"Euro area (changing composition), Contribution from foreign exchange market subindex, Contribution",PURE_NUMB,0
CISS.D.U2.Z0Z.4F.EC.SS_FXN.CON,D,U2,Z0Z,4F,EC,SS_FXN,CON,2023-05-26,0.014203377446460975,A,F,,,P1D,,V,,,,,,,,,,,,,,,,,4,4F0,,NEW CISS - CISS contribution from foreign exchange market subindex,"Euro area (changing composition), Contribution from foreign exchange market subindex, Contribution",PURE_NUMB,0
CISS.D.U2.Z0Z.4F.EC.SS_FXN.CON,D,U2,Z0Z,4F,EC,SS_FXN,CON,2023-05-29,0.012469499414408195,A,F,,,P1D,,V,,,,,,,,,,,,,,,,,4,4F0,,NEW CISS - CISS contribution from foreign exchange market subindex,"Euro area (changing composition), Contribution from foreign exchange market subindex, Contribution",PURE_NUMB,0
CISS.D.U2.Z0Z.4F.EC.SS_FXN.CON,D,U2,Z0Z,4F,EC,SS_FXN,CON,2023-05-30,0.010813417814568314,A,F,,,P1D,,V,,,,,,,,,,,,,,,,,4,4F0,,NEW CISS - CISS contribution from foreign exchange market subindex,"Euro area (changing composition), Contribution from foreign exchange market subindex, Contribution",PURE_NUMB,0
CISS.D.U2.Z0Z.4F.EC.SS_FXN.CON,D,U2,Z0Z,4F,EC,SS_FXN,CON,2023-05-31,0.025305018017737716,A,F,,,P1D,,V,,,,,,,,,,,,,,,,,4,4F0,,NEW CISS - CISS contribution from foreign exchange market subindex,"Euro area (changing composition), Contribution from foreign exchange market subindex, Contribution",PURE_NUMB,0
CISS.D.U2.Z0Z.4F.EC.SS_FXN.CON,D,U2,Z0Z,4F,EC,SS_FXN,CON,2023-06-01,0.02595679399573207,A,F,,,P1D,,V,,,,,,,,,,,,,,,,,4,4F0,,NEW CISS - CISS contribution from foreign exchange market subindex,"Euro area (changing composition), Contribution from foreign exchange market subindex, Contribution",PURE_NUMB,0
CISS.D.U2.Z0Z.4F.EC.SS_FXN.CON,D,U2,Z0Z,4F,EC,SS_FXN,CON,2023-06-02,0.02498799055270344,A,F,,,P1D,,V,,,,,,,,,,,,,,,,,4,4F0,,NEW CISS - CISS contribution from foreign exchange market subindex,"Euro area (changing composition), Contribution from foreign exchange market subindex, Contribution",PURE_NUMB,0
CISS.D.U2.Z0Z.4F.EC.SS_FXN.CON,D,U2,Z0Z,4F,EC,SS_FXN,CON,2023-06-05,0.019296199293006768,A,F,,,P1D,,V,,,,,,,,,,,,,,,,,4,4F0,,NEW CISS - CISS contribution from foreign exchange market subindex,"Euro area (changing composition), Contribution from foreign exchange market subindex, Contribution",PURE_NUMB,0
CISS.D.U2.Z0Z.4F.EC.SS_FXN.CON,D,U2,Z0Z,4F,EC,SS_FXN,CON,2023-06-06,0.014213034354879993,A,F,,,P1D,,V,,,,,,,,,,,,,,,,,4,4F0,,NEW CISS - CISS contribution from foreign exchange market subindex,"Euro area (changing composition), Contribution from foreign exchange market subindex, Contribution",PURE_NUMB,0
CISS.D.U2.Z0Z.4F.EC.SS_FXN.CON,D,U2,Z0Z,4F,EC,SS_FXN,CON,2023-06-07,0.011657609089572323,A,F,,,P1D,,V,,,,,,,,,,,,,,,,,4,4F0,,NEW CISS - CISS contribution from foreign exchange market subindex,"Euro area (changing composition), Contribution from foreign exchange market subindex, Contribution",PURE_NUMB,0
CISS.D.U2.Z0Z.4F.EC.SS_FXN.CON,D,U2,Z0Z,4F,EC,SS_FXN,CON,2023-06-08,0.016346525645657826,A,F,,,P1D,,V,,,,,,,,,,,,,,,,,4,4F0,,NEW CISS - CISS contribution from foreign exchange market subindex,"Euro area (changing composition), Contribution from foreign exchange market subindex, Contribution",PURE_NUMB,0
CISS.D.U2.Z0Z.4F.EC.SS_FXN.CON,D,U2,Z0Z,4F,EC,SS_FXN,CON,2023-06-09,0.01636128054443645,A,F,,,P1D,,V,,,,,,,,,,,,,,,,,4,4F0,,NEW CISS - CISS contribution from foreign exchange market subindex,"Euro area (changing composition), Contribution from foreign exchange market subindex, Contribution",PURE_NUMB,0
CISS.D.U2.Z0Z.4F.EC.SS_FXN.CON,D,U2,Z0Z,4F,EC,SS_FXN,CON,2023-06-12,0.018434019444504058,A,F,,,P1D,,V,,,,,,,,,,,,,,,,,4,4F0,,NEW CISS - CISS contribution from foreign exchange market subindex,"Euro area (changing composition), Contribution from foreign exchange market subindex, Contribution",PURE_NUMB,0
CISS.D.U2.Z0Z.4F.EC.SS_FXN.CON,D,U2,Z0Z,4F,EC,SS_FXN,CON,2023-06-13,0.026156525369952707,A,F,,,P1D,,V,,,,,,,,,,,,,,,,,4,4F0,,NEW CISS - CISS contribution from foreign exchange market subindex,"Euro area (changing composition), Contribution from foreign exchange market subindex, Contribution",PURE_NUMB,0
CISS.D.U2.Z0Z.4F.EC.SS_FXN.CON,D,U2,Z0Z,4F,EC,SS_FXN,CON,2023-06-14,0.02185490563529549,A,F,,,P1D,,V,,,,,,,,,,,,,,,,,4,4F0,,NEW CISS - CISS contribution from foreign exchange market subindex,"Euro area (changing composition), Contribution from foreign exchange market subindex, Contribution",PURE_NUMB,0
CISS.D.U2.Z0Z.4F.EC.SS_FXN.CON,D,U2,Z0Z,4F,EC,SS_FXN,CON,2023-06-15,0.04688178840366057,A,F,,,P1D,,V,,,,,,,,,,,,,,,,,4,4F0,,NEW CISS - CISS contribution from foreign exchange market subindex,"Euro area (changing composition), Contribution from foreign exchange market subindex, Contribution",PURE_NUMB,0
CISS.D.U2.Z0Z.4F.EC.SS_FXN.CON,D,U2,Z0Z,4F,EC,SS_FXN,CON,2023-06-16,0.04828410845880689,A,F,,,P1D,,V,,,,,,,,,,,,,,,,,4,4F0,,NEW CISS - CISS contribution from foreign exchange market subindex,"Euro area (changing composition), Contribution from foreign exchange market subindex, Contribution",PURE_NUMB,0
CISS.D.U2.Z0Z.4F.EC.SS_FXN.CON,D,U2,Z0Z,4F,EC,SS_FXN,CON,2023-06-19,0.039938747563228474,A,F,,,P1D,,V,,,,,,,,,,,,,,,,,4,4F0,,NEW CISS - CISS contribution from foreign exchange market subindex,"Euro area (changing composition), Contribution from foreign exchange market subindex, Contribution",PURE_NUMB,0
CISS.D.U2.Z0Z.4F.EC.SS_FXN.CON,D,U2,Z0Z,4F,EC,SS_FXN,CON,2023-06-20,0.034821677758694866,A,F,,,P1D,,V,,,,,,,,,,,,,,,,,4,4F0,,NEW CISS - CISS contribution from foreign exchange market subindex,"Euro area (changing composition), Contribution from foreign exchange market subindex, Contribution",PURE_NUMB,0
CISS.D.U2.Z0Z.4F.EC.SS_FXN.CON,D,U2,Z0Z,4F,EC,SS_FXN,CON,2023-06-21,0.04818890976767298,A,F,,,P1D,,V,,,,,,,,,,,,,,,,,4,4F0,,NEW CISS - CISS contribution from foreign exchange market subindex,"Euro area (changing composition), Contribution from foreign exchange market subindex, Contribution",PURE_NUMB,0
CISS.D.U2.Z0Z.4F.EC.SS_FXN.CON,D,U2,Z0Z,4F,EC,SS_FXN,CON,2023-06-22,0.04381592358178347,A,F,,,P1D,,V,,,,,,,,,,,,,,,,,4,4F0,,NEW CISS - CISS contribution from foreign exchange market subindex,"Euro area (changing composition), Contribution from foreign exchange market subindex, Contribution",PURE_NUMB,0
CISS.D.U2.Z0Z.4F.EC.SS_FXN.CON,D,U2,Z0Z,4F,EC,SS_FXN,CON,2023-06-23,0.0452590738046463,A,F,,,P1D,,V,,,,,,,,,,,,,,,,,4,4F0,,NEW CISS - CISS contribution from foreign exchange market subindex,"Euro area (changing composition), Contribution from foreign exchange market subindex, Contribution",PURE_NUMB,0
CISS.D.U2.Z0Z.4F.EC.SS_FXN.CON,D,U2,Z0Z,4F,EC,SS_FXN,CON,2023-06-26,0.035680530255858316,A,F,,,P1D,,V,,,,,,,,,,,,,,,,,4,4F0,,NEW CISS - CISS contribution from foreign exchange market subindex,"Euro area (changing composition), Contribution from foreign exchange market subindex, Contribution",PURE_NUMB,0
CISS.D.U2.Z0Z.4F.EC.SS_FXN.CON,D,U2,Z0Z,4F,EC,SS_FXN,CON,2023-06-27,0.039410897057742894,A,F,,,P1D,,V,,,,,,,,,,,,,,,,,4,4F0,,NEW CISS - CISS contribution from foreign exchange market subindex,"Euro area (changing composition), Contribution from foreign exchange market subindex, Contribution",PURE_NUMB,0
CISS.D.U2.Z0Z.4F.EC.SS_FXN.CON,D,U2,Z0Z,4F,EC,SS_FXN,CON,2023-06-28,0.03968531282361802,A,F,,,P1D,,V,,,,,,,,,,,,,,,,,4,4F0,,NEW CISS - CISS contribution from foreign exchange market subindex,"Euro area (changing composition), Contribution from foreign exchange market subindex, Contribution",PURE_NUMB,0
CISS.D.U2.Z0Z.4F.EC.SS_FXN.CON,D,U2,Z0Z,4F,EC,SS_FXN,CON,2023-06-29,0.03584208737174346,A,F,,,P1D,,V,,,,,,,,,,,,,,,,,4,4F0,,NEW CISS - CISS contribution from foreign exchange market subindex,"Euro area (changing composition), Contribution from foreign exchange market subindex, Contribution",PURE_NUMB,0
CISS.D.U2.Z0Z.4F.EC.SS_FXN.CON,D,U2,Z0Z,4F,EC,SS_FXN,CON,2023-06-30,0.03265665828485364,A,F,,,P1D,,V,,,,,,,,,,,,,,,,,4,4F0,,NEW CISS - CISS contribution from foreign exchange market subindex,"Euro area (changing composition), Contribution from foreign exchange market subindex, Contribution",PURE_NUMB,0
CISS.D.U2.Z0Z.4F.EC.SS_FXN.CON,D,U2,Z0Z,4F,EC,SS_FXN,CON,2023-07-03,0.02543688743102484,A,F,,,P1D,,V,,,,,,,,,,,,,,,,,4,4F0,,NEW CISS - CISS contribution from foreign exchange market subindex,"Euro area (changing composition), Contribution from foreign exchange market subindex, Contribution",PURE_NUMB,0
CISS.D.U2.Z0Z.4F.EC.SS_FXN.CON,D,U2,Z0Z,4F,EC,SS_FXN,CON,2023-07-04,0.02745490448047546,A,F,,,P1D,,V,,,,,,,,,,,,,,,,,4,4F0,,NEW CISS - CISS contribution from foreign exchange market subindex,"Euro area (changing composition), Contribution from foreign exchange market subindex, Contribution",PURE_NUMB,0
CISS.D.U2.Z0Z.4F.EC.SS_FXN.CON,D,U2,Z0Z,4F,EC,SS_FXN,CON,2023-07-05,0.022028607662567725,A,F,,,P1D,,V,,,,,,,,,,,,,,,,,4,4F0,,NEW CISS - CISS contribution from foreign exchange market subindex,"Euro area (changing composition), Contribution from foreign exchange market subindex, Contribution",PURE_NUMB,0
CISS.D.U2.Z0Z.4F.EC.SS_FXN.CON,D,U2,Z0Z,4F,EC,SS_FXN,CON,2023-07-06,0.019458537791791564,A,F,,,P1D,,V,,,,,,,,,,,,,,,,,4,4F0,,NEW CISS - CISS contribution from foreign exchange market subindex,"Euro area (changing composition), Contribution from foreign exchange market subindex, Contribution",PURE_NUMB,0
CISS.D.U2.Z0Z.4F.EC.SS_FXN.CON,D,U2,Z0Z,4F,EC,SS_FXN,CON,2023-07-07,0.027531171041266667,A,F,,,P1D,,V,,,,,,,,,,,,,,,,,4,4F0,,NEW CISS - CISS contribution from foreign exchange market subindex,"Euro area (changing composition), Contribution from foreign exchange market subindex, Contribution",PURE_NUMB,0
CISS.D.U2.Z0Z.4F.EC.SS_FXN.CON,D,U2,Z0Z,4F,EC,SS_FXN,CON,2023-07-10,0.022036258468700397,A,F,,,P1D,,V,,,,,,,,,,,,,,,,,4,4F0,,NEW CISS - CISS contribution from foreign exchange market subindex,"Euro area (changing composition), Contribution from foreign exchange market subindex, Contribution",PURE_NUMB,0
CISS.D.U2.Z0Z.4F.EC.SS_FXN.CON,D,U2,Z0Z,4F,EC,SS_FXN,CON,2023-07-11,0.02584370253933612,A,F,,,P1D,,V,,,,,,,,,,,,,,,,,4,4F0,,NEW CISS - CISS contribution from foreign exchange market subindex,"Euro area (changing composition), Contribution from foreign exchange market subindex, Contribution",PURE_NUMB,0
CISS.D.U2.Z0Z.4F.EC.SS_FXN.CON,D,U2,Z0Z,4F,EC,SS_FXN,CON,2023-07-12,0.048645313941908346,A,F,,,P1D,,V,,,,,,,,,,,,,,,,,4,4F0,,NEW CISS - CISS contribution from foreign exchange market subindex,"Euro area (changing composition), Contribution from foreign exchange market subindex, Contribution",PURE_NUMB,0
CISS.D.U2.Z0Z.4F.EC.SS_FXN.CON,D,U2,Z0Z,4F,EC,SS_FXN,CON,2023-07-13,0.0520526169618428,A,F,,,P1D,,V,,,,,,,,,,,,,,,,,4,4F0,,NEW CISS - CISS contribution from foreign exchange market subindex,"Euro area (changing composition), Contribution from foreign exchange market subindex, Contribution",PURE_NUMB,0
CISS.D.U2.Z0Z.4F.EC.SS_FXN.CON,D,U2,Z0Z,4F,EC,SS_FXN,CON,2023-07-14,0.04824669918417808,A,F,,,P1D,,V,,,,,,,,,,,,,,,,,4,4F0,,NEW CISS - CISS contribution from foreign exchange market subindex,"Euro area (changing composition), Contribution from foreign exchange market subindex, Contribution",PURE_NUMB,0
CISS.D.U2.Z0Z.4F.EC.SS_FXN.CON,D,U2,Z0Z,4F,EC,SS_FXN,CON,2023-07-17,0.039959655473292145,A,F,,,P1D,,V,,,,,,,,,,,,,,,,,4,4F0,,NEW CISS - CISS contribution from foreign exchange market subindex,"Euro area (changing composition), Contribution from foreign exchange market subindex, Contribution",PURE_NUMB,0
CISS.D.U2.Z0Z.4F.EC.SS_FXN.CON,D,U2,Z0Z,4F,EC,SS_FXN,CON,2023-07-18,0.0318765409171516,A,F,,,P1D,,V,,,,,,,,,,,,,,,,,4,4F0,,NEW CISS - CISS contribution from foreign exchange market subindex,"Euro area (changing composition), Contribution from foreign exchange market subindex, Contribution",PURE_NUMB,0
CISS.D.U2.Z0Z.4F.EC.SS_FXN.CON,D,U2,Z0Z,4F,EC,SS_FXN,CON,2023-07-19,0.031705036949348384,A,F,,,P1D,,V,,,,,,,,,,,,,,,,,4,4F0,,NEW CISS - CISS contribution from foreign exchange market subindex,"Euro area (changing composition), Contribution from foreign exchange market subindex, Contribution",PURE_NUMB,0
CISS.D.U2.Z0Z.4F.EC.SS_FXN.CON,D,U2,Z0Z,4F,EC,SS_FXN,CON,2023-07-20,0.03203426942534223,A,F,,,P1D,,V,,,,,,,,,,,,,,,,,4,4F0,,NEW CISS - CISS contribution from foreign exchange market subindex,"Euro area (changing composition), Contribution from foreign exchange market subindex, Contribution",PURE_NUMB,0
CISS.D.U2.Z0Z.4F.EC.SS_FXN.CON,D,U2,Z0Z,4F,EC,SS_FXN,CON,2023-07-21,0.03828182993099188,A,F,,,P1D,,V,,,,,,,,,,,,,,,,,4,4F0,,NEW CISS - CISS contribution from foreign exchange market subindex,"Euro area (changing composition), Contribution from foreign exchange market subindex, Contribution",PURE_NUMB,0
CISS.D.U2.Z0Z.4F.EC.SS_FXN.CON,D,U2,Z0Z,4F,EC,SS_FXN,CON,2023-07-24,0.042724040532592565,A,F,,,P1D,,V,,,,,,,,,,,,,,,,,4,4F0,,NEW CISS - CISS contribution from foreign exchange market subindex,"Euro area (changing composition), Contribution from foreign exchange market subindex, Contribution",PURE_NUMB,0
CISS.D.U2.Z0Z.4F.EC.SS_FXN.CON,D,U2,Z0Z,4F,EC,SS_FXN,CON,2023-07-25,0.04390451639585106,A,F,,,P1D,,V,,,,,,,,,,,,,,,,,4,4F0,,NEW CISS - CISS contribution from foreign exchange market subindex,"Euro area (changing composition), Contribution from foreign exchange market subindex, Contribution",PURE_NUMB,0
CISS.D.U2.Z0Z.4F.EC.SS_FXN.CON,D,U2,Z0Z,4F,EC,SS_FXN,CON,2023-07-26,0.03675452601989313,A,F,,,P1D,,V,,,,,,,,,,,,,,,,,4,4F0,,NEW CISS - CISS contribution from foreign exchange market subindex,"Euro area (changing composition), Contribution from foreign exchange market subindex, Contribution",PURE_NUMB,0
CISS.D.U2.Z0Z.4F.EC.SS_FXN.CON,D,U2,Z0Z,4F,EC,SS_FXN,CON,2023-07-27,0.060616391900613735,A,F,,,P1D,,V,,,,,,,,,,,,,,,,,4,4F0,,NEW CISS - CISS contribution from foreign exchange market subindex,"Euro area (changing composition), Contribution from foreign exchange market subindex, Contribution",PURE_NUMB,0
CISS.D.U2.Z0Z.4F.EC.SS_FXN.CON,D,U2,Z0Z,4F,EC,SS_FXN,CON,2023-07-28,0.05970874036276906,A,F,,,P1D,,V,,,,,,,,,,,,,,,,,4,4F0,,NEW CISS - CISS contribution from foreign exchange market subindex,"Euro area (changing composition), Contribution from foreign exchange market subindex, Contribution",PURE_NUMB,0
CISS.D.U2.Z0Z.4F.EC.SS_FXN.CON,D,U2,Z0Z,4F,EC,SS_FXN,CON,2023-07-31,0.05209676485703303,A,F,,,P1D,,V,,,,,,,,,,,,,,,,,4,4F0,,NEW CISS - CISS contribution from foreign exchange market subindex,"Euro area (changing composition), Contribution from foreign exchange market subindex, Contribution",PURE_NUMB,0
CISS.D.U2.Z0Z.4F.EC.SS_FXN.CON,D,U2,Z0Z,4F,EC,SS_FXN,CON,2023-08-01,0.04986946515510675,A,F,,,P1D,,V,,,,,,,,,,,,,,,,,4,4F0,,NEW CISS - CISS contribution from foreign exchange market subindex,"Euro area (changing composition), Contribution from foreign exchange market subindex, Contribution",PURE_NUMB,0
CISS.D.U2.Z0Z.4F.EC.SS_FXN.CON,D,U2,Z0Z,4F,EC,SS_FXN,CON,2023-08-02,0.04839898264879174,A,F,,,P1D,,V,,,,,,,,,,,,,,,,,4,4F0,,NEW CISS - CISS contribution from foreign exchange market subindex,"Euro area (changing composition), Contribution from foreign exchange market subindex, Contribution",PURE_NUMB,0
CISS.D.U2.Z0Z.4F.EC.SS_FXN.CON,D,U2,Z0Z,4F,EC,SS_FXN,CON,2023-08-03,0.04132280192153033,A,F,,,P1D,,V,,,,,,,,,,,,,,,,,4,4F0,,NEW CISS - CISS contribution from foreign exchange market subindex,"Euro area (changing composition), Contribution from foreign exchange market subindex, Contribution",PURE_NUMB,0
CISS.D.U2.Z0Z.4F.EC.SS_FXN.CON,D,U2,Z0Z,4F,EC,SS_FXN,CON,2023-08-04,0.04154162014290874,A,F,,,P1D,,V,,,,,,,,,,,,,,,,,4,4F0,,NEW CISS - CISS contribution from foreign exchange market subindex,"Euro area (changing composition), Contribution from foreign exchange market subindex, Contribution",PURE_NUMB,0
CISS.D.U2.Z0Z.4F.EC.SS_FXN.CON,D,U2,Z0Z,4F,EC,SS_FXN,CON,2023-08-07,0.03719880180187731,A,F,,,P1D,,V,,,,,,,,,,,,,,,,,4,4F0,,NEW CISS - CISS contribution from foreign exchange market subindex,"Euro area (changing composition), Contribution from foreign exchange market subindex, Contribution",PURE_NUMB,0
CISS.D.U2.Z0Z.4F.EC.SS_FXN.CON,D,U2,Z0Z,4F,EC,SS_FXN,CON,2023-08-08,0.03651940093779312,A,F,,,P1D,,V,,,,,,,,,,,,,,,,,4,4F0,,NEW CISS - CISS contribution from foreign exchange market subindex,"Euro area (changing composition), Contribution from foreign exchange market subindex, Contribution",PURE_NUMB,0
CISS.D.U2.Z0Z.4F.EC.SS_FXN.CON,D,U2,Z0Z,4F,EC,SS_FXN,CON,2023-08-09,0.0343327702524967,A,F,,,P1D,,V,,,,,,,,,,,,,,,,,4,4F0,,NEW CISS - CISS contribution from foreign exchange market subindex,"Euro area (changing composition), Contribution from foreign exchange market subindex, Contribution",PURE_NUMB,0
CISS.D.U2.Z0Z.4F.EC.SS_FXN.CON,D,U2,Z0Z,4F,EC,SS_FXN,CON,2023-08-10,0.03566437173553087,A,F,,,P1D,,V,,,,,,,,,,,,,,,,,4,4F0,,NEW CISS - CISS contribution from foreign exchange market subindex,"Euro area (changing composition), Contribution from foreign exchange market subindex, Contribution",PURE_NUMB,0
CISS.D.U2.Z0Z.4F.EC.SS_FXN.CON,D,U2,Z0Z,4F,EC,SS_FXN,CON,2023-08-11,0.036458670964334895,A,F,,,P1D,,V,,,,,,,,,,,,,,,,,4,4F0,,NEW CISS - CISS contribution from foreign exchange market subindex,"Euro area (changing composition), Contribution from foreign exchange market subindex, Contribution",PURE_NUMB,0
CISS.D.U2.Z0Z.4F.EC.SS_FXN.CON,D,U2,Z0Z,4F,EC,SS_FXN,CON,2023-08-14,0.03175881472282121,A,F,,,P1D,,V,,,,,,,,,,,,,,,,,4,4F0,,NEW CISS - CISS contribution from foreign exchange market subindex,"Euro area (changing composition), Contribution from foreign exchange market subindex, Contribution",PURE_NUMB,0
CISS.D.U2.Z0Z.4F.EC.SS_FXN.CON,D,U2,Z0Z,4F,EC,SS_FXN,CON,2023-08-15,0.025073501849195295,A,F,,,P1D,,V,,,,,,,,,,,,,,,,,4,4F0,,NEW CISS - CISS contribution from foreign exchange market subindex,"Euro area (changing composition), Contribution from foreign exchange market subindex, Contribution",PURE_NUMB,0
CISS.D.U2.Z0Z.4F.EC.SS_FXN.CON,D,U2,Z0Z,4F,EC,SS_FXN,CON,2023-08-16,0.024851849785552726,A,F,,,P1D,,V,,,,,,,,,,,,,,,,,4,4F0,,NEW CISS - CISS contribution from foreign exchange market subindex,"Euro area (changing composition), Contribution from foreign exchange market subindex, Contribution",PURE_NUMB,0
CISS.D.U2.Z0Z.4F.EC.SS_FXN.CON,D,U2,Z0Z,4F,EC,SS_FXN,CON,2023-08-17,0.021492037528563192,A,F,,,P1D,,V,,,,,,,,,,,,,,,,,4,4F0,,NEW CISS - CISS contribution from foreign exchange market subindex,"Euro area (changing composition), Contribution from foreign exchange market subindex, Contribution",PURE_NUMB,0
CISS.D.U2.Z0Z.4F.EC.SS_FXN.CON,D,U2,Z0Z,4F,EC,SS_FXN,CON,2023-08-18,0.017617643253272555,A,F,,,P1D,,V,,,,,,,,,,,,,,,,,4,4F0,,NEW CISS - CISS contribution from foreign exchange market subindex,"Euro area (changing composition), Contribution from foreign exchange market subindex, Contribution",PURE_NUMB,0
CISS.D.U2.Z0Z.4F.EC.SS_FXN.CON,D,U2,Z0Z,4F,EC,SS_FXN,CON,2023-08-21,0.01964454191216231,A,F,,,P1D,,V,,,,,,,,,,,,,,,,,4,4F0,,NEW CISS - CISS contribution from foreign exchange market subindex,"Euro area (changing composition), Contribution from foreign exchange market subindex, Contribution",PURE_NUMB,0
CISS.D.U2.Z0Z.4F.EC.SS_FXN.CON,D,U2,Z0Z,4F,EC,SS_FXN,CON,2023-08-22,0.021463424204594277,A,F,,,P1D,,V,,,,,,,,,,,,,,,,,4,4F0,,NEW CISS - CISS contribution from foreign exchange market subindex,"Euro area (changing composition), Contribution from foreign exchange market subindex, Contribution",PURE_NUMB,0
CISS.D.U2.Z0Z.4F.EC.SS_FXN.CON,D,U2,Z0Z,4F,EC,SS_FXN,CON,2023-08-23,0.02070264115880659,A,F,,,P1D,,V,,,,,,,,,,,,,,,,,4,4F0,,NEW CISS - CISS contribution from foreign exchange market subindex,"Euro area (changing composition), Contribution from foreign exchange market subindex, Contribution",PURE_NUMB,0
CISS.D.U2.Z0Z.4F.EC.SS_FXN.CON,D,U2,Z0Z,4F,EC,SS_FXN,CON,2023-08-24,0.024697616116139708,A,F,,,P1D,,V,,,,,,,,,,,,,,,,,4,4F0,,NEW CISS - CISS contribution from foreign exchange market subindex,"Euro area (changing composition), Contribution from foreign exchange market subindex, Contribution",PURE_NUMB,0
CISS.D.U2.Z0Z.4F.EC.SS_FXN.CON,D,U2,Z0Z,4F,EC,SS_FXN,CON,2023-08-25,0.019668307031002447,A,F,,,P1D,,V,,,,,,,,,,,,,,,,,4,4F0,,NEW CISS - CISS contribution from foreign exchange market subindex,"Euro area (changing composition), Contribution from foreign exchange market subindex, Contribution",PURE_NUMB,0
CISS.D.U2.Z0Z.4F.EC.SS_FXN.CON,D,U2,Z0Z,4F,EC,SS_FXN,CON,2023-08-28,0.0156666959069832,A,F,,,P1D,,V,,,,,,,,,,,,,,,,,4,4F0,,NEW CISS - CISS contribution from foreign exchange market subindex,"Euro area (changing composition), Contribution from foreign exchange market subindex, Contribution",PURE_NUMB,0
CISS.D.U2.Z0Z.4F.EC.SS_FXN.CON,D,U2,Z0Z,4F,EC,SS_FXN,CON,2023-08-29,0.015640912467016415,A,F,,,P1D,,V,,,,,,,,,,,,,,,,,4,4F0,,NEW CISS - CISS contribution from foreign exchange market subindex,"Euro area (changing composition), Contribution from foreign exchange market subindex, Contribution",PURE_NUMB,0
CISS.D.U2.Z0Z.4F.EC.SS_FXN.CON,D,U2,Z0Z,4F,EC,SS_FXN,CON,2023-08-30,0.01854100947856059,A,F,,,P1D,,V,,,,,,,,,,,,,,,,,4,4F0,,NEW CISS - CISS contribution from foreign exchange market subindex,"Euro area (changing composition), Contribution from foreign exchange market subindex, Contribution",PURE_NUMB,0
CISS.D.U2.Z0Z.4F.EC.SS_FXN.CON,D,U2,Z0Z,4F,EC,SS_FXN,CON,2023-08-31,0.03950984727580004,A,F,,,P1D,,V,,,,,,,,,,,,,,,,,4,4F0,,NEW CISS - CISS contribution from foreign exchange market subindex,"Euro area (changing composition), Contribution from foreign exchange market subindex, Contribution",PURE_NUMB,0
CISS.D.U2.Z0Z.4F.EC.SS_FXN.CON,D,U2,Z0Z,4F,EC,SS_FXN,CON,2023-09-01,0.03751657331453372,A,F,,,P1D,,V,,,,,,,,,,,,,,,,,4,4F0,,NEW CISS - CISS contribution from foreign exchange market subindex,"Euro area (changing composition), Contribution from foreign exchange market subindex, Contribution",PURE_NUMB,0
CISS.D.U2.Z0Z.4F.EC.SS_FXN.CON,D,U2,Z0Z,4F,EC,SS_FXN,CON,2023-09-04,0.03080301749453607,A,F,,,P1D,,V,,,,,,,,,,,,,,,,,4,4F0,,NEW CISS - CISS contribution from foreign exchange market subindex,"Euro area (changing composition), Contribution from foreign exchange market subindex, Contribution",PURE_NUMB,0
CISS.D.U2.Z0Z.4F.EC.SS_FXN.CON,D,U2,Z0Z,4F,EC,SS_FXN,CON,2023-09-05,0.031596820399285734,A,F,,,P1D,,V,,,,,,,,,,,,,,,,,4,4F0,,NEW CISS - CISS contribution from foreign exchange market subindex,"Euro area (changing composition), Contribution from foreign exchange market subindex, Contribution",PURE_NUMB,0
CISS.D.U2.Z0Z.4F.EC.SS_FXN.CON,D,U2,Z0Z,4F,EC,SS_FXN,CON,2023-09-06,0.028991454318804396,A,F,,,P1D,,V,,,,,,,,,,,,,,,,,4,4F0,,NEW CISS - CISS contribution from foreign exchange market subindex,"Euro area (changing composition), Contribution from foreign exchange market subindex, Contribution",PURE_NUMB,0
CISS.D.U2.Z0Z.4F.EC.SS_FXN.CON,D,U2,Z0Z,4F,EC,SS_FXN,CON,2023-09-07,0.025238261658889264,A,F,,,P1D,,V,,,,,,,,,,,,,,,,,4,4F0,,NEW CISS - CISS contribution from foreign exchange market subindex,"Euro area (changing composition), Contribution from foreign exchange market subindex, Contribution",PURE_NUMB,0
CISS.D.U2.Z0Z.4F.EC.SS_FXN.CON,D,U2,Z0Z,4F,EC,SS_FXN,CON,2023-09-08,0.01971549640675089,A,F,,,P1D,,V,,,,,,,,,,,,,,,,,4,4F0,,NEW CISS - CISS contribution from foreign exchange market subindex,"Euro area (changing composition), Contribution from foreign exchange market subindex, Contribution",PURE_NUMB,0
CISS.D.U2.Z0Z.4F.EC.SS_FXN.CON,D,U2,Z0Z,4F,EC,SS_FXN,CON,2023-09-11,0.0192366275426041,A,F,,,P1D,,V,,,,,,,,,,,,,,,,,4,4F0,,NEW CISS - CISS contribution from foreign exchange market subindex,"Euro area (changing composition), Contribution from foreign exchange market subindex, Contribution",PURE_NUMB,0
CISS.D.U2.Z0Z.4F.EC.SS_FXN.CON,D,U2,Z0Z,4F,EC,SS_FXN,CON,2023-09-12,0.01598912051395409,A,F,,,P1D,,V,,,,,,,,,,,,,,,,,4,4F0,,NEW CISS - CISS contribution from foreign exchange market subindex,"Euro area (changing composition), Contribution from foreign exchange market subindex, Contribution",PURE_NUMB,0
CISS.D.U2.Z0Z.4F.EC.SS_FXN.CON,D,U2,Z0Z,4F,EC,SS_FXN,CON,2023-09-13,0.012722611013826329,A,F,,,P1D,,V,,,,,,,,,,,,,,,,,4,4F0,,NEW CISS - CISS contribution from foreign exchange market subindex,"Euro area (changing composition), Contribution from foreign exchange market subindex, Contribution",PURE_NUMB,0
CISS.D.U2.Z0Z.4F.EC.SS_FXN.CON,D,U2,Z0Z,4F,EC,SS_FXN,CON,2023-09-14,0.02471263157037403,A,F,,,P1D,,V,,,,,,,,,,,,,,,,,4,4F0,,NEW CISS - CISS contribution from foreign exchange market subindex,"Euro area (changing composition), Contribution from foreign exchange market subindex, Contribution",PURE_NUMB,0
CISS.D.U2.Z0Z.4F.EC.SS_FXN.CON,D,U2,Z0Z,4F,EC,SS_FXN,CON,2023-09-15,0.022273087142477294,A,F,,,P1D,,V,,,,,,,,,,,,,,,,,4,4F0,,NEW CISS - CISS contribution from foreign exchange market subindex,"Euro area (changing composition), Contribution from foreign exchange market subindex, Contribution",PURE_NUMB,0
CISS.D.U2.Z0Z.4F.EC.SS_FXN.CON,D,U2,Z0Z,4F,EC,SS_FXN,CON,2023-09-18,0.021023750870727734,A,F,,,P1D,,V,,,,,,,,,,,,,,,,,4,4F0,,NEW CISS - CISS contribution from foreign exchange market subindex,"Euro area (changing composition), Contribution from foreign exchange market subindex, Contribution",PURE_NUMB,0
CISS.D.U2.Z0Z.4F.EC.SS_FXN.CON,D,U2,Z0Z,4F,EC,SS_FXN,CON,2023-09-19,0.016187601723992893,A,F,,,P1D,,V,,,,,,,,,,,,,,,,,4,4F0,,NEW CISS - CISS contribution from foreign exchange market subindex,"Euro area (changing composition), Contribution from foreign exchange market subindex, Contribution",PURE_NUMB,0
CISS.D.U2.Z0Z.4F.EC.SS_FXN.CON,D,U2,Z0Z,4F,EC,SS_FXN,CON,2023-09-20,0.012726453153304586,A,F,,,P1D,,V,,,,,,,,,,,,,,,,,4,4F0,,NEW CISS - CISS contribution from foreign exchange market subindex,"Euro area (changing composition), Contribution from foreign exchange market subindex, Contribution",PURE_NUMB,0
CISS.D.U2.Z0Z.4F.EC.SS_FXN.CON,D,U2,Z0Z,4F,EC,SS_FXN,CON,2023-09-21,0.014865598496293587,A,F,,,P1D,,V,,,,,,,,,,,,,,,,,4,4F0,,NEW CISS - CISS contribution from foreign exchange market subindex,"Euro area (changing composition), Contribution from foreign exchange market subindex, Contribution",PURE_NUMB,0
CISS.D.U2.Z0Z.4F.EC.SS_FXN.CON,D,U2,Z0Z,4F,EC,SS_FXN,CON,2023-09-22,0.01633833024138455,A,F,,,P1D,,V,,,,,,,,,,,,,,,,,4,4F0,,NEW CISS - CISS contribution from foreign exchange market subindex,"Euro area (changing composition), Contribution from foreign exchange market subindex, Contribution",PURE_NUMB,0
CISS.D.U2.Z0Z.4F.EC.SS_FXN.CON,D,U2,Z0Z,4F,EC,SS_FXN,CON,2023-09-25,0.01921727696610896,A,F,,,P1D,,V,,,,,,,,,,,,,,,,,4,4F0,,NEW CISS - CISS contribution from foreign exchange market subindex,"Euro area (changing composition), Contribution from foreign exchange market subindex, Contribution",PURE_NUMB,0
CISS.D.U2.Z0Z.4F.EC.SS_FXN.CON,D,U2,Z0Z,4F,EC,SS_FXN,CON,2023-09-26,0.015280663210427021,A,F,,,P1D,,V,,,,,,,,,,,,,,,,,4,4F0,,NEW CISS - CISS contribution from foreign exchange market subindex,"Euro area (changing composition), Contribution from foreign exchange market subindex, Contribution",PURE_NUMB,0
CISS.D.U2.Z0Z.4F.EC.SS_FXN.CON,D,U2,Z0Z,4F,EC,SS_FXN,CON,2023-09-27,0.02244166558553096,A,F,,,P1D,,V,,,,,,,,,,,,,,,,,4,4F0,,NEW CISS - CISS contribution from foreign exchange market subindex,"Euro area (changing composition), Contribution from foreign exchange market subindex, Contribution",PURE_NUMB,0
CISS.D.U2.Z0Z.4F.EC.SS_FXN.CON,D,U2,Z0Z,4F,EC,SS_FXN,CON,2023-09-28,0.02254356888870689,A,F,,,P1D,,V,,,,,,,,,,,,,,,,,4,4F0,,NEW CISS - CISS contribution from foreign exchange market subindex,"Euro area (changing composition), Contribution from foreign exchange market subindex, Contribution",PURE_NUMB,0
CISS.D.U2.Z0Z.4F.EC.SS_FXN.CON,D,U2,Z0Z,4F,EC,SS_FXN,CON,2023-09-29,0.017012085664215314,A,F,,,P1D,,V,,,,,,,,,,,,,,,,,4,4F0,,NEW CISS - CISS contribution from foreign exchange market subindex,"Euro area (changing composition), Contribution from foreign exchange market subindex, Contribution",PURE_NUMB,0
CISS.D.U2.Z0Z.4F.EC.SS_FXN.CON,D,U2,Z0Z,4F,EC,SS_FXN,CON,2023-10-02,0.027863584965956156,A,F,,,P1D,,V,,,,,,,,,,,,,,,,,4,4F0,,NEW CISS - CISS contribution from foreign exchange market subindex,"Euro area (changing composition), Contribution from foreign exchange market subindex, Contribution",PURE_NUMB,0
CISS.D.U2.Z0Z.4F.EC.SS_FXN.CON,D,U2,Z0Z,4F,EC,SS_FXN,CON,2023-10-03,0.026963780053457516,A,F,,,P1D,,V,,,,,,,,,,,,,,,,,4,4F0,,NEW CISS - CISS contribution from foreign exchange market subindex,"Euro area (changing composition), Contribution from foreign exchange market subindex, Contribution",PURE_NUMB,0
CISS.D.U2.Z0Z.4F.EC.SS_FXN.CON,D,U2,Z0Z,4F,EC,SS_FXN,CON,2023-10-04,0.02423680766296179,A,F,,,P1D,,V,,,,,,,,,,,,,,,,,4,4F0,,NEW CISS - CISS contribution from foreign exchange market subindex,"Euro area (changing composition), Contribution from foreign exchange market subindex, Contribution",PURE_NUMB,0
CISS.D.U2.Z0Z.4F.EC.SS_FXN.CON,D,U2,Z0Z,4F,EC,SS_FXN,CON,2023-10-05,0.020475917827164757,A,F,,,P1D,,V,,,,,,,,,,,,,,,,,4,4F0,,NEW CISS - CISS contribution from foreign exchange market subindex,"Euro area (changing composition), Contribution from foreign exchange market subindex, Contribution",PURE_NUMB,0
CISS.D.U2.Z0Z.4F.EC.SS_FXN.CON,D,U2,Z0Z,4F,EC,SS_FXN,CON,2023-10-06,0.027284839920402783,A,F,,,P1D,,V,,,,,,,,,,,,,,,,,4,4F0,,NEW CISS - CISS contribution from foreign exchange market subindex,"Euro area (changing composition), Contribution from foreign exchange market subindex, Contribution",PURE_NUMB,0
CISS.D.U2.Z0Z.4F.EC.SS_FXN.CON,D,U2,Z0Z,4F,EC,SS_FXN,CON,2023-10-09,0.02881935533757733,A,F,,,P1D,,V,,,,,,,,,,,,,,,,,4,4F0,,NEW CISS - CISS contribution from foreign exchange market subindex,"Euro area (changing composition), Contribution from foreign exchange market subindex, Contribution",PURE_NUMB,0
CISS.D.U2.Z0Z.4F.EC.SS_FXN.CON,D,U2,Z0Z,4F,EC,SS_FXN,CON,2023-10-10,0.02801687803585715,A,F,,,P1D,,V,,,,,,,,,,,,,,,,,4,4F0,,NEW CISS - CISS contribution from foreign exchange market subindex,"Euro area (changing composition), Contribution from foreign exchange market subindex, Contribution",PURE_NUMB,0
CISS.D.U2.Z0Z.4F.EC.SS_FXN.CON,D,U2,Z0Z,4F,EC,SS_FXN,CON,2023-10-11,0.024122921337527924,A,F,,,P1D,,V,,,,,,,,,,,,,,,,,4,4F0,,NEW CISS - CISS contribution from foreign exchange market subindex,"Euro area (changing composition), Contribution from foreign exchange market subindex, Contribution",PURE_NUMB,0
CISS.D.U2.Z0Z.4F.EC.SS_FXN.CON,D,U2,Z0Z,4F,EC,SS_FXN,CON,2023-10-12,0.032727034489861834,A,F,,,P1D,,V,,,,,,,,,,,,,,,,,4,4F0,,NEW CISS - CISS contribution from foreign exchange market subindex,"Euro area (changing composition), Contribution from foreign exchange market subindex, Contribution",PURE_NUMB,0
CISS.D.U2.Z0Z.4F.EC.SS_FXN.CON,D,U2,Z0Z,4F,EC,SS_FXN,CON,2023-10-13,0.028300766070372317,A,F,,,P1D,,V,,,,,,,,,,,,,,,,,4,4F0,,NEW CISS - CISS contribution from foreign exchange market subindex,"Euro area (changing composition), Contribution from foreign exchange market subindex, Contribution",PURE_NUMB,0
CISS.D.U2.Z0Z.4F.EC.SS_FXN.CON,D,U2,Z0Z,4F,EC,SS_FXN,CON,2023-10-16,0.027298652081071243,A,F,,,P1D,,V,,,,,,,,,,,,,,,,,4,4F0,,NEW CISS - CISS contribution from foreign exchange market subindex,"Euro area (changing composition), Contribution from foreign exchange market subindex, Contribution",PURE_NUMB,0
CISS.D.U2.Z0Z.4F.EC.SS_FXN.CON,D,U2,Z0Z,4F,EC,SS_FXN,CON,2023-10-17,0.02552310946121074,A,F,,,P1D,,V,,,,,,,,,,,,,,,,,4,4F0,,NEW CISS - CISS contribution from foreign exchange market subindex,"Euro area (changing composition), Contribution from foreign exchange market subindex, Contribution",PURE_NUMB,0
CISS.D.U2.Z0Z.4F.EC.SS_FXN.CON,D,U2,Z0Z,4F,EC,SS_FXN,CON,2023-10-18,0.022542407910702687,A,F,,,P1D,,V,,,,,,,,,,,,,,,,,4,4F0,,NEW CISS - CISS contribution from foreign exchange market subindex,"Euro area (changing composition), Contribution from foreign exchange market subindex, Contribution",PURE_NUMB,0
CISS.D.U2.Z0Z.4F.EC.SS_FXN.CON,D,U2,Z0Z,4F,EC,SS_FXN,CON,2023-10-19,0.02430183653027486,A,F,,,P1D,,V,,,,,,,,,,,,,,,,,4,4F0,,NEW CISS - CISS contribution from foreign exchange market subindex,"Euro area (changing composition), Contribution from foreign exchange market subindex, Contribution",PURE_NUMB,0
CISS.D.U2.Z0Z.4F.EC.SS_FXN.CON,D,U2,Z0Z,4F,EC,SS_FXN,CON,2023-10-20,0.01873962147868458,A,F,,,P1D,,V,,,,,,,,,,,,,,,,,4,4F0,,NEW CISS - CISS contribution from foreign exchange market subindex,"Euro area (changing composition), Contribution from foreign exchange market subindex, Contribution",PURE_NUMB,0
CISS.D.U2.Z0Z.4F.EC.SS_FXN.CON,D,U2,Z0Z,4F,EC,SS_FXN,CON,2023-10-23,0.025651956373295114,A,F,,,P1D,,V,,,,,,,,,,,,,,,,,4,4F0,,NEW CISS - CISS contribution from foreign exchange market subindex,"Euro area (changing composition), Contribution from foreign exchange market subindex, Contribution",PURE_NUMB,0
CISS.D.U2.Z0Z.4F.EC.SS_FXN.CON,D,U2,Z0Z,4F,EC,SS_FXN,CON,2023-10-24,0.03236406936060934,A,F,,,P1D,,V,,,,,,,,,,,,,,,,,4,4F0,,NEW CISS - CISS contribution from foreign exchange market subindex,"Euro area (changing composition), Contribution from foreign exchange market subindex, Contribution",PURE_NUMB,0
CISS.D.U2.Z0Z.4F.EC.SS_FXN.CON,D,U2,Z0Z,4F,EC,SS_FXN,CON,2023-10-25,0.026028055174682832,A,F,,,P1D,,V,,,,,,,,,,,,,,,,,4,4F0,,NEW CISS - CISS contribution from foreign exchange market subindex,"Euro area (changing composition), Contribution from foreign exchange market subindex, Contribution",PURE_NUMB,0
CISS.D.U2.Z0Z.4F.EC.SS_FXN.CON,D,U2,Z0Z,4F,EC,SS_FXN,CON,2023-10-26,0.019931117530779963,A,F,,,P1D,,V,,,,,,,,,,,,,,,,,4,4F0,,NEW CISS - CISS contribution from foreign exchange market subindex,"Euro area (changing composition), Contribution from foreign exchange market subindex, Contribution",PURE_NUMB,0
CISS.D.U2.Z0Z.4F.EC.SS_FXN.CON,D,U2,Z0Z,4F,EC,SS_FXN,CON,2023-10-27,0.017606336706058726,A,F,,,P1D,,V,,,,,,,,,,,,,,,,,4,4F0,,NEW CISS - CISS contribution from foreign exchange market subindex,"Euro area (changing composition), Contribution from foreign exchange market subindex, Contribution",PURE_NUMB,0
CISS.D.U2.Z0Z.4F.EC.SS_FXN.CON,D,U2,Z0Z,4F,EC,SS_FXN,CON,2023-10-30,0.016147160819258075,A,F,,,P1D,,V,,,,,,,,,,,,,,,,,4,4F0,,NEW CISS - CISS contribution from foreign exchange market subindex,"Euro area (changing composition), Contribution from foreign exchange market subindex, Contribution",PURE_NUMB,0
CISS.D.U2.Z0Z.4F.EC.SS_FXN.CON,D,U2,Z0Z,4F,EC,SS_FXN,CON,2023-10-31,0.03228907422016149,A,F,,,P1D,,V,,,,,,,,,,,,,,,,,4,4F0,,NEW CISS - CISS contribution from foreign exchange market subindex,"Euro area (changing composition), Contribution from foreign exchange market subindex, Contribution",PURE_NUMB,0
CISS.D.U2.Z0Z.4F.EC.SS_FXN.CON,D,U2,Z0Z,4F,EC,SS_FXN,CON,2023-11-01,0.028931632187442356,A,F,,,P1D,,V,,,,,,,,,,,,,,,,,4,4F0,,NEW CISS - CISS contribution from foreign exchange market subindex,"Euro area (changing composition), Contribution from foreign exchange market subindex, Contribution",PURE_NUMB,0
CISS.D.U2.Z0Z.4F.EC.SS_FXN.CON,D,U2,Z0Z,4F,EC,SS_FXN,CON,2023-11-02,0.02805076201072667,A,F,,,P1D,,V,,,,,,,,,,,,,,,,,4,4F0,,NEW CISS - CISS contribution from foreign exchange market subindex,"Euro area (changing composition), Contribution from foreign exchange market subindex, Contribution",PURE_NUMB,0
CISS.D.U2.Z0Z.4F.EC.SS_FXN.CON,D,U2,Z0Z,4F,EC,SS_FXN,CON,2023-11-03,0.04074742100772165,A,F,,,P1D,,V,,,,,,,,,,,,,,,,,4,4F0,,NEW CISS - CISS contribution from foreign exchange market subindex,"Euro area (changing composition), Contribution from foreign exchange market subindex, Contribution",PURE_NUMB,0
CISS.D.U2.Z0Z.4F.EC.SS_FXN.CON,D,U2,Z0Z,4F,EC,SS_FXN,CON,2023-11-06,0.033586740001044654,A,F,,,P1D,,V,,,,,,,,,,,,,,,,,4,4F0,,NEW CISS - CISS contribution from foreign exchange market subindex,"Euro area (changing composition), Contribution from foreign exchange market subindex, Contribution",PURE_NUMB,0
CISS.D.U2.Z0Z.4F.EC.SS_FXN.CON,D,U2,Z0Z,4F,EC,SS_FXN,CON,2023-11-07,0.02714485664095166,A,F,,,P1D,,V,,,,,,,,,,,,,,,,,4,4F0,,NEW CISS - CISS contribution from foreign exchange market subindex,"Euro area (changing composition), Contribution from foreign exchange market subindex, Contribution",PURE_NUMB,0
CISS.D.U2.Z0Z.4F.EC.SS_FXN.CON,D,U2,Z0Z,4F,EC,SS_FXN,CON,2023-11-08,0.02359395209083862,A,F,,,P1D,,V,,,,,,,,,,,,,,,,,4,4F0,,NEW CISS - CISS contribution from foreign exchange market subindex,"Euro area (changing composition), Contribution from foreign exchange market subindex, Contribution",PURE_NUMB,0
CISS.D.U2.Z0Z.4F.EC.SS_FXN.CON,D,U2,Z0Z,4F,EC,SS_FXN,CON,2023-11-09,0.019988184164030802,A,F,,,P1D,,V,,,,,,,,,,,,,,,,,4,4F0,,NEW CISS - CISS contribution from foreign exchange market subindex,"Euro area (changing composition), Contribution from foreign exchange market subindex, Contribution",PURE_NUMB,0
CISS.D.U2.Z0Z.4F.EC.SS_FXN.CON,D,U2,Z0Z,4F,EC,SS_FXN,CON,2023-11-10,0.01605588654401018,A,F,,,P1D,,V,,,,,,,,,,,,,,,,,4,4F0,,NEW CISS - CISS contribution from foreign exchange market subindex,"Euro area (changing composition), Contribution from foreign exchange market subindex, Contribution",PURE_NUMB,0
CISS.D.U2.Z0Z.4F.EC.SS_FXN.CON,D,U2,Z0Z,4F,EC,SS_FXN,CON,2023-11-13,0.013686282018449849,A,F,,,P1D,,V,,,,,,,,,,,,,,,,,4,4F0,,NEW CISS - CISS contribution from foreign exchange market subindex,"Euro area (changing composition), Contribution from foreign exchange market subindex, Contribution",PURE_NUMB,0
CISS.D.U2.Z0Z.4F.EC.SS_FXN.CON,D,U2,Z0Z,4F,EC,SS_FXN,CON,2023-11-14,0.04742810867224533,A,F,,,P1D,,V,,,,,,,,,,,,,,,,,4,4F0,,NEW CISS - CISS contribution from foreign exchange market subindex,"Euro area (changing composition), Contribution from foreign exchange market subindex, Contribution",PURE_NUMB,0
CISS.D.U2.Z0Z.4F.EC.SS_FXN.CON,D,U2,Z0Z,4F,EC,SS_FXN,CON,2023-11-15,0.04435226805726183,A,F,,,P1D,,V,,,,,,,,,,,,,,,,,4,4F0,,NEW CISS - CISS contribution from foreign exchange market subindex,"Euro area (changing composition), Contribution from foreign exchange market subindex, Contribution",PURE_NUMB,0
CISS.D.U2.Z0Z.4F.EC.SS_FXN.CON,D,U2,Z0Z,4F,EC,SS_FXN,CON,2023-11-16,0.039649697294990606,A,F,,,P1D,,V,,,,,,,,,,,,,,,,,4,4F0,,NEW CISS - CISS contribution from foreign exchange market subindex,"Euro area (changing composition), Contribution from foreign exchange market subindex, Contribution",PURE_NUMB,0
CISS.D.U2.Z0Z.4F.EC.SS_FXN.CON,D,U2,Z0Z,4F,EC,SS_FXN,CON,2023-11-17,0.03584653101654321,A,F,,,P1D,,V,,,,,,,,,,,,,,,,,4,4F0,,NEW CISS - CISS contribution from foreign exchange market subindex,"Euro area (changing composition), Contribution from foreign exchange market subindex, Contribution",PURE_NUMB,0
CISS.D.U2.Z0Z.4F.EC.SS_FXN.CON,D,U2,Z0Z,4F,EC,SS_FXN,CON,2023-11-20,0.033463576965829536,A,F,,,P1D,,V,,,,,,,,,,,,,,,,,4,4F0,,NEW CISS - CISS contribution from foreign exchange market subindex,"Euro area (changing composition), Contribution from foreign exchange market subindex, Contribution",PURE_NUMB,0
CISS.D.U2.Z0Z.4F.EC.SS_FXN.CON,D,U2,Z0Z,4F,EC,SS_FXN,CON,2023-11-21,0.03418766515576504,A,F,,,P1D,,V,,,,,,,,,,,,,,,,,4,4F0,,NEW CISS - CISS contribution from foreign exchange market subindex,"Euro area (changing composition), Contribution from foreign exchange market subindex, Contribution",PURE_NUMB,0
CISS.D.U2.Z0Z.4F.EC.SS_FXN.CON,D,U2,Z0Z,4F,EC,SS_FXN,CON,2023-11-22,0.030325797535370295,A,F,,,P1D,,V,,,,,,,,,,,,,,,,,4,4F0,,NEW CISS - CISS contribution from foreign exchange market subindex,"Euro area (changing composition), Contribution from foreign exchange market subindex, Contribution",PURE_NUMB,0
CISS.D.U2.Z0Z.4F.EC.SS_FXN.CON,D,U2,Z0Z,4F,EC,SS_FXN,CON,2023-11-23,0.023778973815758924,A,F,,,P1D,,V,,,,,,,,,,,,,,,,,4,4F0,,NEW CISS - CISS contribution from foreign exchange market subindex,"Euro area (changing composition), Contribution from foreign exchange market subindex, Contribution",PURE_NUMB,0
CISS.D.U2.Z0Z.4F.EC.SS_FXN.CON,D,U2,Z0Z,4F,EC,SS_FXN,CON,2023-11-24,0.02002960103511868,A,F,,,P1D,,V,,,,,,,,,,,,,,,,,4,4F0,,NEW CISS - CISS contribution from foreign exchange market subindex,"Euro area (changing composition), Contribution from foreign exchange market subindex, Contribution",PURE_NUMB,0
CISS.D.U2.Z0Z.4F.EC.SS_FXN.CON,D,U2,Z0Z,4F,EC,SS_FXN,CON,2023-11-27,0.016816255052813204,A,F,,,P1D,,V,,,,,,,,,,,,,,,,,4,4F0,,NEW CISS - CISS contribution from foreign exchange market subindex,"Euro area (changing composition), Contribution from foreign exchange market subindex, Contribution",PURE_NUMB,0
CISS.D.U2.Z0Z.4F.EC.SS_FXN.CON,D,U2,Z0Z,4F,EC,SS_FXN,CON,2023-11-28,0.01645318837393247,A,F,,,P1D,,V,,,,,,,,,,,,,,,,,4,4F0,,NEW CISS - CISS contribution from foreign exchange market subindex,"Euro area (changing composition), Contribution from foreign exchange market subindex, Contribution",PURE_NUMB,0
CISS.D.U2.Z0Z.4F.EC.SS_FXN.CON,D,U2,Z0Z,4F,EC,SS_FXN,CON,2023-11-29,0.014269434030365175,A,F,,,P1D,,V,,,,,,,,,,,,,,,,,4,4F0,,NEW CISS - CISS contribution from foreign exchange market subindex,"Euro area (changing composition), Contribution from foreign exchange market subindex, Contribution",PURE_NUMB,0
CISS.D.U2.Z0Z.4F.EC.SS_FXN.CON,D,U2,Z0Z,4F,EC,SS_FXN,CON,2023-11-30,0.017804526677886852,A,F,,,P1D,,V,,,,,,,,,,,,,,,,,4,4F0,,NEW CISS - CISS contribution from foreign exchange market subindex,"Euro area (changing composition), Contribution from foreign exchange market subindex, Contribution",PURE_NUMB,0
CISS.D.U2.Z0Z.4F.EC.SS_FXN.CON,D,U2,Z0Z,4F,EC,SS_FXN,CON,2023-12-01,0.032881508728658186,A,F,,,P1D,,V,,,,,,,,,,,,,,,,,4,4F0,,NEW CISS - CISS contribution from foreign exchange market subindex,"Euro area (changing composition), Contribution from foreign exchange market subindex, Contribution",PURE_NUMB,0
CISS.D.U2.Z0Z.4F.EC.SS_FXN.CON,D,U2,Z0Z,4F,EC,SS_FXN,CON,2023-12-04,0.02837871991477957,A,F,,,P1D,,V,,,,,,,,,,,,,,,,,4,4F0,,NEW CISS - CISS contribution from foreign exchange market subindex,"Euro area (changing composition), Contribution from foreign exchange market subindex, Contribution",PURE_NUMB,0
CISS.D.U2.Z0Z.4F.EC.SS_FXN.CON,D,U2,Z0Z,4F,EC,SS_FXN,CON,2023-12-05,0.025483475646252293,A,F,,,P1D,,V,,,,,,,,,,,,,,,,,4,4F0,,NEW CISS - CISS contribution from foreign exchange market subindex,"Euro area (changing composition), Contribution from foreign exchange market subindex, Contribution",PURE_NUMB,0
CISS.D.U2.Z0Z.4F.EC.SS_FXN.CON,D,U2,Z0Z,4F,EC,SS_FXN,CON,2023-12-06,0.02040090762707666,A,F,,,P1D,,V,,,,,,,,,,,,,,,,,4,4F0,,NEW CISS - CISS contribution from foreign exchange market subindex,"Euro area (changing composition), Contribution from foreign exchange market subindex, Contribution",PURE_NUMB,0
CISS.D.U2.Z0Z.4F.EC.SS_FXN.CON,D,U2,Z0Z,4F,EC,SS_FXN,CON,2023-12-07,0.03852679875492155,A,F,,,P1D,,V,,,,,,,,,,,,,,,,,4,4F0,,NEW CISS - CISS contribution from foreign exchange market subindex,"Euro area (changing composition), Contribution from foreign exchange market subindex, Contribution",PURE_NUMB,0
CISS.D.U2.Z0Z.4F.EC.SS_FXN.CON,D,U2,Z0Z,4F,EC,SS_FXN,CON,2023-12-08,0.03542585031922408,A,F,,,P1D,,V,,,,,,,,,,,,,,,,,4,4F0,,NEW CISS - CISS contribution from foreign exchange market subindex,"Euro area (changing composition), Contribution from foreign exchange market subindex, Contribution",PURE_NUMB,0
CISS.D.U2.Z0Z.4F.EC.SS_FXN.CON,D,U2,Z0Z,4F,EC,SS_FXN,CON,2023-12-11,0.03176069794753551,A,F,,,P1D,,V,,,,,,,,,,,,,,,,,4,4F0,,NEW CISS - CISS contribution from foreign exchange market subindex,"Euro area (changing composition), Contribution from foreign exchange market subindex, Contribution",PURE_NUMB,0
CISS.D.U2.Z0Z.4F.EC.SS_FXN.CON,D,U2,Z0Z,4F,EC,SS_FXN,CON,2023-12-12,0.028883940611580734,A,F,,,P1D,,V,,,,,,,,,,,,,,,,,4,4F0,,NEW CISS - CISS contribution from foreign exchange market subindex,"Euro area (changing composition), Contribution from foreign exchange market subindex, Contribution",PURE_NUMB,0
CISS.D.U2.Z0Z.4F.EC.SS_FXN.CON,D,U2,Z0Z,4F,EC,SS_FXN,CON,2023-12-13,0.03727971035913308,A,F,,,P1D,,V,,,,,,,,,,,,,,,,,4,4F0,,NEW CISS - CISS contribution from foreign exchange market subindex,"Euro area (changing composition), Contribution from foreign exchange market subindex, Contribution",PURE_NUMB,0
CISS.D.U2.Z0Z.4F.EC.SS_FXN.CON,D,U2,Z0Z,4F,EC,SS_FXN,CON,2023-12-14,0.04843188381796877,A,F,,,P1D,,V,,,,,,,,,,,,,,,,,4,4F0,,NEW CISS - CISS contribution from foreign exchange market subindex,"Euro area (changing composition), Contribution from foreign exchange market subindex, Contribution",PURE_NUMB,0
CISS.D.U2.Z0Z.4F.EC.SS_FXN.CON,D,U2,Z0Z,4F,EC,SS_FXN,CON,2023-12-15,0.05244895025594674,A,F,,,P1D,,V,,,,,,,,,,,,,,,,,4,4F0,,NEW CISS - CISS contribution from foreign exchange market subindex,"Euro area (changing composition), Contribution from foreign exchange market subindex, Contribution",PURE_NUMB,0
CISS.D.U2.Z0Z.4F.EC.SS_FXN.CON,D,U2,Z0Z,4F,EC,SS_FXN,CON,2023-12-18,0.05415137703437711,A,F,,,P1D,,V,,,,,,,,,,,,,,,,,4,4F0,,NEW CISS - CISS contribution from foreign exchange market subindex,"Euro area (changing composition), Contribution from foreign exchange market subindex, Contribution",PURE_NUMB,0
CISS.D.U2.Z0Z.4F.EC.SS_FXN.CON,D,U2,Z0Z,4F,EC,SS_FXN,CON,2023-12-19,0.05659755416122717,A,F,,,P1D,,V,,,,,,,,,,,,,,,,,4,4F0,,NEW CISS - CISS contribution from foreign exchange market subindex,"Euro area (changing composition), Contribution from foreign exchange market subindex, Contribution",PURE_NUMB,0
CISS.D.U2.Z0Z.4F.EC.SS_FXN.CON,D,U2,Z0Z,4F,EC,SS_FXN,CON,2023-12-20,0.05374770398777386,A,F,,,P1D,,V,,,,,,,,,,,,,,,,,4,4F0,,NEW CISS - CISS contribution from foreign exchange market subindex,"Euro area (changing composition), Contribution from foreign exchange market subindex, Contribution",PURE_NUMB,0
CISS.D.U2.Z0Z.4F.EC.SS_FXN.CON,D,U2,Z0Z,4F,EC,SS_FXN,CON,2023-12-21,0.05190096300936228,A,F,,,P1D,,V,,,,,,,,,,,,,,,,,4,4F0,,NEW CISS - CISS contribution from foreign exchange market subindex,"Euro area (changing composition), Contribution from foreign exchange market subindex, Contribution",PURE_NUMB,0
CISS.D.U2.Z0Z.4F.EC.SS_FXN.CON,D,U2,Z0Z,4F,EC,SS_FXN,CON,2023-12-22,0.043411510048322444,A,F,,,P1D,,V,,,,,,,,,,,,,,,,,4,4F0,,NEW CISS - CISS contribution from foreign exchange market subindex,"Euro area (changing composition), Contribution from foreign exchange market subindex, Contribution",PURE_NUMB,0
CISS.D.U2.Z0Z.4F.EC.SS_FXN.CON,D,U2,Z0Z,4F,EC,SS_FXN,CON,2023-12-25,0.03527767270692187,A,F,,,P1D,,V,,,,,,,,,,,,,,,,,4,4F0,,NEW CISS - CISS contribution from foreign exchange market subindex,"Euro area (changing composition), Contribution from foreign exchange market subindex, Contribution",PURE_NUMB,0
CISS.D.U2.Z0Z.4F.EC.SS_FXN.CON,D,U2,Z0Z,4F,EC,SS_FXN,CON,2023-12-26,0.030322417289982983,A,F,,,P1D,,V,,,,,,,,,,,,,,,,,4,4F0,,NEW CISS - CISS contribution from foreign exchange market subindex,"Euro area (changing composition), Contribution from foreign exchange market subindex, Contribution",PURE_NUMB,0
CISS.D.U2.Z0Z.4F.EC.SS_FXN.CON,D,U2,Z0Z,4F,EC,SS_FXN,CON,2023-12-27,0.02850602398189201,A,F,,,P1D,,V,,,,,,,,,,,,,,,,,4,4F0,,NEW CISS - CISS contribution from foreign exchange market subindex,"Euro area (changing composition), Contribution from foreign exchange market subindex, Contribution",PURE_NUMB,0
CISS.D.U2.Z0Z.4F.EC.SS_FXN.CON,D,U2,Z0Z,4F,EC,SS_FXN,CON,2023-12-28,0.028652697785804225,A,F,,,P1D,,V,,,,,,,,,,,,,,,,,4,4F0,,NEW CISS - CISS contribution from foreign exchange market subindex,"Euro area (changing composition), Contribution from foreign exchange market subindex, Contribution",PURE_NUMB,0
CISS.D.U2.Z0Z.4F.EC.SS_FXN.CON,D,U2,Z0Z,4F,EC,SS_FXN,CON,2023-12-29,0.025577190755626898,A,F,,,P1D,,V,,,,,,,,,,,,,,,,,4,4F0,,NEW CISS - CISS contribution from foreign exchange market subindex,"Euro area (changing composition), Contribution from foreign exchange market subindex, Contribution",PURE_NUMB,0
CISS.D.U2.Z0Z.4F.EC.SS_FXN.CON,D,U2,Z0Z,4F,EC,SS_FXN,CON,2024-01-01,0.020537958524722365,A,F,,,P1D,,V,,,,,,,,,,,,,,,,,4,4F0,,NEW CISS - CISS contribution from foreign exchange market subindex,"Euro area (changing composition), Contribution from foreign exchange market subindex, Contribution",PURE_NUMB,0
CISS.D.U2.Z0Z.4F.EC.SS_FXN.CON,D,U2,Z0Z,4F,EC,SS_FXN,CON,2024-01-02,0.0254444862622724,A,F,,,P1D,,V,,,,,,,,,,,,,,,,,4,4F0,,NEW CISS - CISS contribution from foreign exchange market subindex,"Euro area (changing composition), Contribution from foreign exchange market subindex, Contribution",PURE_NUMB,0
CISS.D.U2.Z0Z.4F.EC.SS_FXN.CON,D,U2,Z0Z,4F,EC,SS_FXN,CON,2024-01-03,0.03280133094514896,A,F,,,P1D,,V,,,,,,,,,,,,,,,,,4,4F0,,NEW CISS - CISS contribution from foreign exchange market subindex,"Euro area (changing composition), Contribution from foreign exchange market subindex, Contribution",PURE_NUMB,0
CISS.D.U2.Z0Z.4F.EC.SS_FXN.CON,D,U2,Z0Z,4F,EC,SS_FXN,CON,2024-01-04,0.036800089739054055,A,F,,,P1D,,V,,,,,,,,,,,,,,,,,4,4F0,,NEW CISS - CISS contribution from foreign exchange market subindex,"Euro area (changing composition), Contribution from foreign exchange market subindex, Contribution",PURE_NUMB,0
CISS.D.U2.Z0Z.4F.EC.SS_FXN.CON,D,U2,Z0Z,4F,EC,SS_FXN,CON,2024-01-05,0.03164144945791007,A,F,,,P1D,,V,,,,,,,,,,,,,,,,,4,4F0,,NEW CISS - CISS contribution from foreign exchange market subindex,"Euro area (changing composition), Contribution from foreign exchange market subindex, Contribution",PURE_NUMB,0
CISS.D.U2.Z0Z.4F.EC.SS_FXN.CON,D,U2,Z0Z,4F,EC,SS_FXN,CON,2024-01-08,0.025355488764704504,A,F,,,P1D,,V,,,,,,,,,,,,,,,,,4,4F0,,NEW CISS - CISS contribution from foreign exchange market subindex,"Euro area (changing composition), Contribution from foreign exchange market subindex, Contribution",PURE_NUMB,0
CISS.D.U2.Z0Z.4F.EC.SS_FXN.CON,D,U2,Z0Z,4F,EC,SS_FXN,CON,2024-01-09,0.02041064656816896,A,F,,,P1D,,V,,,,,,,,,,,,,,,,,4,4F0,,NEW CISS - CISS contribution from foreign exchange market subindex,"Euro area (changing composition), Contribution from foreign exchange market subindex, Contribution",PURE_NUMB,0
CISS.D.U2.Z0Z.4F.EC.SS_FXN.CON,D,U2,Z0Z,4F,EC,SS_FXN,CON,2024-01-10,0.02829627971929721,A,F,,,P1D,,V,,,,,,,,,,,,,,,,,4,4F0,,NEW CISS - CISS contribution from foreign exchange market subindex,"Euro area (changing composition), Contribution from foreign exchange market subindex, Contribution",PURE_NUMB,0
CISS.D.U2.Z0Z.4F.EC.SS_FXN.CON,D,U2,Z0Z,4F,EC,SS_FXN,CON,2024-01-11,0.02422210133192164,A,F,,,P1D,,V,,,,,,,,,,,,,,,,,4,4F0,,NEW CISS - CISS contribution from foreign exchange market subindex,"Euro area (changing composition), Contribution from foreign exchange market subindex, Contribution",PURE_NUMB,0
CISS.D.U2.Z0Z.4F.EC.SS_FXN.CON,D,U2,Z0Z,4F,EC,SS_FXN,CON,2024-01-12,0.021708463264642822,A,F,,,P1D,,V,,,,,,,,,,,,,,,,,4,4F0,,NEW CISS - CISS contribution from foreign exchange market subindex,"Euro area (changing composition), Contribution from foreign exchange market subindex, Contribution",PURE_NUMB,0
CISS.D.U2.Z0Z.4F.EC.SS_FXN.CON,D,U2,Z0Z,4F,EC,SS_FXN,CON,2024-01-15,0.020132196654300306,A,F,,,P1D,,V,,,,,,,,,,,,,,,,,4,4F0,,NEW CISS - CISS contribution from foreign exchange market subindex,"Euro area (changing composition), Contribution from foreign exchange market subindex, Contribution",PURE_NUMB,0
CISS.D.U2.Z0Z.4F.EC.SS_FXN.CON,D,U2,Z0Z,4F,EC,SS_FXN,CON,2024-01-16,0.021903361720162315,A,F,,,P1D,,V,,,,,,,,,,,,,,,,,4,4F0,,NEW CISS - CISS contribution from foreign exchange market subindex,"Euro area (changing composition), Contribution from foreign exchange market subindex, Contribution",PURE_NUMB,0
CISS.D.U2.Z0Z.4F.EC.SS_FXN.CON,D,U2,Z0Z,4F,EC,SS_FXN,CON,2024-01-17,0.02212291149072767,A,F,,,P1D,,V,,,,,,,,,,,,,,,,,4,4F0,,NEW CISS - CISS contribution from foreign exchange market subindex,"Euro area (changing composition), Contribution from foreign exchange market subindex, Contribution",PURE_NUMB,0
CISS.D.U2.Z0Z.4F.EC.SS_FXN.CON,D,U2,Z0Z,4F,EC,SS_FXN,CON,2024-01-18,0.019902297614799697,A,F,,,P1D,,V,,,,,,,,,,,,,,,,,4,4F0,,NEW CISS - CISS contribution from foreign exchange market subindex,"Euro area (changing composition), Contribution from foreign exchange market subindex, Contribution",PURE_NUMB,0
CISS.D.U2.Z0Z.4F.EC.SS_FXN.CON,D,U2,Z0Z,4F,EC,SS_FXN,CON,2024-01-19,0.016251157975370065,A,F,,,P1D,,V,,,,,,,,,,,,,,,,,4,4F0,,NEW CISS - CISS contribution from foreign exchange market subindex,"Euro area (changing composition), Contribution from foreign exchange market subindex, Contribution",PURE_NUMB,0
CISS.D.U2.Z0Z.4F.EC.SS_FXN.CON,D,U2,Z0Z,4F,EC,SS_FXN,CON,2024-01-22,0.013389219119171247,A,F,,,P1D,,V,,,,,,,,,,,,,,,,,4,4F0,,NEW CISS - CISS contribution from foreign exchange market subindex,"Euro area (changing composition), Contribution from foreign exchange market subindex, Contribution",PURE_NUMB,0
CISS.D.U2.Z0Z.4F.EC.SS_FXN.CON,D,U2,Z0Z,4F,EC,SS_FXN,CON,2024-01-23,0.010673597457394397,A,F,,,P1D,,V,,,,,,,,,,,,,,,,,4,4F0,,NEW CISS - CISS contribution from foreign exchange market subindex,"Euro area (changing composition), Contribution from foreign exchange market subindex, Contribution",PURE_NUMB,0
CISS.D.U2.Z0Z.4F.EC.SS_FXN.CON,D,U2,Z0Z,4F,EC,SS_FXN,CON,2024-01-24,0.009139174491214479,A,F,,,P1D,,V,,,,,,,,,,,,,,,,,4,4F0,,NEW CISS - CISS contribution from foreign exchange market subindex,"Euro area (changing composition), Contribution from foreign exchange market subindex, Contribution",PURE_NUMB,0
CISS.D.U2.Z0Z.4F.EC.SS_FXN.CON,D,U2,Z0Z,4F,EC,SS_FXN,CON,2024-01-25,0.008501131519032614,A,F,,,P1D,,V,,,,,,,,,,,,,,,,,4,4F0,,NEW CISS - CISS contribution from foreign exchange market subindex,"Euro area (changing composition), Contribution from foreign exchange market subindex, Contribution",PURE_NUMB,0
CISS.D.U2.Z0Z.4F.EC.SS_FXN.CON,D,U2,Z0Z,4F,EC,SS_FXN,CON,2024-01-26,0.007622282725338106,A,F,,,P1D,,V,,,,,,,,,,,,,,,,,4,4F0,,NEW CISS - CISS contribution from foreign exchange market subindex,"Euro area (changing composition), Contribution from foreign exchange market subindex, Contribution",PURE_NUMB,0
CISS.D.U2.Z0Z.4F.EC.SS_FXN.CON,D,U2,Z0Z,4F,EC,SS_FXN,CON,2024-01-29,0.00975697348427318,A,F,,,P1D,,V,,,,,,,,,,,,,,,,,4,4F0,,NEW CISS - CISS contribution from foreign exchange market subindex,"Euro area (changing composition), Contribution from foreign exchange market subindex, Contribution",PURE_NUMB,0
CISS.D.U2.Z0Z.4F.EC.SS_FXN.CON,D,U2,Z0Z,4F,EC,SS_FXN,CON,2024-01-30,0.007579091011300441,A,F,,,P1D,,V,,,,,,,,,,,,,,,,,4,4F0,,NEW CISS - CISS contribution from foreign exchange market subindex,"Euro area (changing composition), Contribution from foreign exchange market subindex, Contribution",PURE_NUMB,0
CISS.D.U2.Z0Z.4F.EC.SS_FXN.CON,D,U2,Z0Z,4F,EC,SS_FXN,CON,2024-01-31,0.011355847313968105,A,F,,,P1D,,V,,,,,,,,,,,,,,,,,4,4F0,,NEW CISS - CISS contribution from foreign exchange market subindex,"Euro area (changing composition), Contribution from foreign exchange market subindex, Contribution",PURE_NUMB,0
CISS.D.U2.Z0Z.4F.EC.SS_FXN.CON,D,U2,Z0Z,4F,EC,SS_FXN,CON,2024-02-01,0.011044540529193054,A,F,,,P1D,,V,,,,,,,,,,,,,,,,,4,4F0,,NEW CISS - CISS contribution from foreign exchange market subindex,"Euro area (changing composition), Contribution from foreign exchange market subindex, Contribution",PURE_NUMB,0
CISS.D.U2.Z0Z.4F.EC.SS_FXN.CON,D,U2,Z0Z,4F,EC,SS_FXN,CON,2024-02-02,0.017882589814494965,A,F,,,P1D,,V,,,,,,,,,,,,,,,,,4,4F0,,NEW CISS - CISS contribution from foreign exchange market subindex,"Euro area (changing composition), Contribution from foreign exchange market subindex, Contribution",PURE_NUMB,0
CISS.D.U2.Z0Z.4F.EC.SS_FXN.CON,D,U2,Z0Z,4F,EC,SS_FXN,CON,2024-02-05,0.016542613159971166,A,F,,,P1D,,V,,,,,,,,,,,,,,,,,4,4F0,,NEW CISS - CISS contribution from foreign exchange market subindex,"Euro area (changing composition), Contribution from foreign exchange market subindex, Contribution",PURE_NUMB,0
CISS.D.U2.Z0Z.4F.EC.SS_FXN.CON,D,U2,Z0Z,4F,EC,SS_FXN,CON,2024-02-06,0.015529274429708527,A,F,,,P1D,,V,,,,,,,,,,,,,,,,,4,4F0,,NEW CISS - CISS contribution from foreign exchange market subindex,"Euro area (changing composition), Contribution from foreign exchange market subindex, Contribution",PURE_NUMB,0
CISS.D.U2.Z0Z.4F.EC.SS_FXN.CON,D,U2,Z0Z,4F,EC,SS_FXN,CON,2024-02-07,0.012374192976207912,A,F,,,P1D,,V,,,,,,,,,,,,,,,,,4,4F0,,NEW CISS - CISS contribution from foreign exchange market subindex,"Euro area (changing composition), Contribution from foreign exchange market subindex, Contribution",PURE_NUMB,0
CISS.D.U2.Z0Z.4F.EC.SS_FXN.CON,D,U2,Z0Z,4F,EC,SS_FXN,CON,2024-02-08,0.015070647063971605,A,F,,,P1D,,V,,,,,,,,,,,,,,,,,4,4F0,,NEW CISS - CISS contribution from foreign exchange market subindex,"Euro area (changing composition), Contribution from foreign exchange market subindex, Contribution",PURE_NUMB,0
CISS.D.U2.Z0Z.4F.EC.SS_FXN.CON,D,U2,Z0Z,4F,EC,SS_FXN,CON,2024-02-09,0.01085495232879563,A,F,,,P1D,,V,,,,,,,,,,,,,,,,,4,4F0,,NEW CISS - CISS contribution from foreign exchange market subindex,"Euro area (changing composition), Contribution from foreign exchange market subindex, Contribution",PURE_NUMB,0
CISS.D.U2.Z0Z.4F.EC.SS_FXN.CON,D,U2,Z0Z,4F,EC,SS_FXN,CON,2024-02-12,0.008383477368077102,A,F,,,P1D,,V,,,,,,,,,,,,,,,,,4,4F0,,NEW CISS - CISS contribution from foreign exchange market subindex,"Euro area (changing composition), Contribution from foreign exchange market subindex, Contribution",PURE_NUMB,0
CISS.D.U2.Z0Z.4F.EC.SS_FXN.CON,D,U2,Z0Z,4F,EC,SS_FXN,CON,2024-02-13,0.011122175596055876,A,F,,,P1D,,V,,,,,,,,,,,,,,,,,4,4F0,,NEW CISS - CISS contribution from foreign exchange market subindex,"Euro area (changing composition), Contribution from foreign exchange market subindex, Contribution",PURE_NUMB,0
CISS.D.U2.Z0Z.4F.EC.SS_FXN.CON,D,U2,Z0Z,4F,EC,SS_FXN,CON,2024-02-14,0.00993299064189149,A,F,,,P1D,,V,,,,,,,,,,,,,,,,,4,4F0,,NEW CISS - CISS contribution from foreign exchange market subindex,"Euro area (changing composition), Contribution from foreign exchange market subindex, Contribution",PURE_NUMB,0
CISS.D.U2.Z0Z.4F.EC.SS_FXN.CON,D,U2,Z0Z,4F,EC,SS_FXN,CON,2024-02-15,0.008399481452495784,A,F,,,P1D,,V,,,,,,,,,,,,,,,,,4,4F0,,NEW CISS - CISS contribution from foreign exchange market subindex,"Euro area (changing composition), Contribution from foreign exchange market subindex, Contribution",PURE_NUMB,0
CISS.D.U2.Z0Z.4F.EC.SS_FXN.CON,D,U2,Z0Z,4F,EC,SS_FXN,CON,2024-02-16,0.006045824698965566,A,F,,,P1D,,V,,,,,,,,,,,,,,,,,4,4F0,,NEW CISS - CISS contribution from foreign exchange market subindex,"Euro area (changing composition), Contribution from foreign exchange market subindex, Contribution",PURE_NUMB,0
CISS.D.U2.Z0Z.4F.EC.SS_FXN.CON,D,U2,Z0Z,4F,EC,SS_FXN,CON,2024-02-19,0.004072774253592448,A,F,,,P1D,,V,,,,,,,,,,,,,,,,,4,4F0,,NEW CISS - CISS contribution from foreign exchange market subindex,"Euro area (changing composition), Contribution from foreign exchange market subindex, Contribution",PURE_NUMB,0
CISS.D.U2.Z0Z.4F.EC.SS_FXN.CON,D,U2,Z0Z,4F,EC,SS_FXN,CON,2024-02-20,0.00318940017220707,A,F,,,P1D,,V,,,,,,,,,,,,,,,,,4,4F0,,NEW CISS - CISS contribution from foreign exchange market subindex,"Euro area (changing composition), Contribution from foreign exchange market subindex, Contribution",PURE_NUMB,0
CISS.D.U2.Z0Z.4F.EC.SS_FXN.CON,D,U2,Z0Z,4F,EC,SS_FXN,CON,2024-02-21,0.002687101031737251,A,F,,,P1D,,V,,,,,,,,,,,,,,,,,4,4F0,,NEW CISS - CISS contribution from foreign exchange market subindex,"Euro area (changing composition), Contribution from foreign exchange market subindex, Contribution",PURE_NUMB,0
CISS.D.U2.Z0Z.4F.EC.SS_FXN.CON,D,U2,Z0Z,4F,EC,SS_FXN,CON,2024-02-22,0.002105736122131833,A,F,,,P1D,,V,,,,,,,,,,,,,,,,,4,4F0,,NEW CISS - CISS contribution from foreign exchange market subindex,"Euro area (changing composition), Contribution from foreign exchange market subindex, Contribution",PURE_NUMB,0
CISS.D.U2.Z0Z.4F.EC.SS_FXN.CON,D,U2,Z0Z,4F,EC,SS_FXN,CON,2024-02-23,0.0014662646052213905,A,F,,,P1D,,V,,,,,,,,,,,,,,,,,4,4F0,,NEW CISS - CISS contribution from foreign exchange market subindex,"Euro area (changing composition), Contribution from foreign exchange market subindex, Contribution",PURE_NUMB,0
CISS.D.U2.Z0Z.4F.EC.SS_FXN.CON,D,U2,Z0Z,4F,EC,SS_FXN,CON,2024-02-26,0.0020425656954716695,A,F,,,P1D,,V,,,,,,,,,,,,,,,,,4,4F0,,NEW CISS - CISS contribution from foreign exchange market subindex,"Euro area (changing composition), Contribution from foreign exchange market subindex, Contribution",PURE_NUMB,0
CISS.D.U2.Z0Z.4F.EC.SS_FXN.CON,D,U2,Z0Z,4F,EC,SS_FXN,CON,2024-02-27,0.0014115442486151016,A,F,,,P1D,,V,,,,,,,,,,,,,,,,,4,4F0,,NEW CISS - CISS contribution from foreign exchange market subindex,"Euro area (changing composition), Contribution from foreign exchange market subindex, Contribution",PURE_NUMB,0
CISS.D.U2.Z0Z.4F.EC.SS_FXN.CON,D,U2,Z0Z,4F,EC,SS_FXN,CON,2024-02-28,0.0009361394327630099,A,F,,,P1D,,V,,,,,,,,,,,,,,,,,4,4F0,,NEW CISS - CISS contribution from foreign exchange market subindex,"Euro area (changing composition), Contribution from foreign exchange market subindex, Contribution",PURE_NUMB,0
CISS.D.U2.Z0Z.4F.EC.SS_FXN.CON,D,U2,Z0Z,4F,EC,SS_FXN,CON,2024-02-29,0.0043784744062192495,A,F,,,P1D,,V,,,,,,,,,,,,,,,,,4,4F0,,NEW CISS - CISS contribution from foreign exchange market subindex,"Euro area (changing composition), Contribution from foreign exchange market subindex, Contribution",PURE_NUMB,0
CISS.D.U2.Z0Z.4F.EC.SS_FXN.CON,D,U2,Z0Z,4F,EC,SS_FXN,CON,2024-03-01,0.004482067687183361,A,F,,,P1D,,V,,,,,,,,,,,,,,,,,4,4F0,,NEW CISS - CISS contribution from foreign exchange market subindex,"Euro area (changing composition), Contribution from foreign exchange market subindex, Contribution",PURE_NUMB,0
CISS.D.U2.Z0Z.4F.EC.SS_FXN.CON,D,U2,Z0Z,4F,EC,SS_FXN,CON,2024-03-04,0.004571112920786923,A,F,,,P1D,,V,,,,,,,,,,,,,,,,,4,4F0,,NEW CISS - CISS contribution from foreign exchange market subindex,"Euro area (changing composition), Contribution from foreign exchange market subindex, Contribution",PURE_NUMB,0
CISS.D.U2.Z0Z.4F.EC.SS_FXN.CON,D,U2,Z0Z,4F,EC,SS_FXN,CON,2024-03-05,0.004071558958055548,A,F,,,P1D,,V,,,,,,,,,,,,,,,,,4,4F0,,NEW CISS - CISS contribution from foreign exchange market subindex,"Euro area (changing composition), Contribution from foreign exchange market subindex, Contribution",PURE_NUMB,0
CISS.D.U2.Z0Z.4F.EC.SS_FXN.CON,D,U2,Z0Z,4F,EC,SS_FXN,CON,2024-03-06,0.003384188335658583,A,F,,,P1D,,V,,,,,,,,,,,,,,,,,4,4F0,,NEW CISS - CISS contribution from foreign exchange market subindex,"Euro area (changing composition), Contribution from foreign exchange market subindex, Contribution",PURE_NUMB,0
CISS.D.U2.Z0Z.4F.EC.SS_FXN.CON,D,U2,Z0Z,4F,EC,SS_FXN,CON,2024-03-07,0.004816703425194434,A,F,,,P1D,,V,,,,,,,,,,,,,,,,,4,4F0,,NEW CISS - CISS contribution from foreign exchange market subindex,"Euro area (changing composition), Contribution from foreign exchange market subindex, Contribution",PURE_NUMB,0
CISS.D.U2.Z0Z.4F.EC.SS_FXN.CON,D,U2,Z0Z,4F,EC,SS_FXN,CON,2024-03-08,0.008982107834108757,A,F,,,P1D,,V,,,,,,,,,,,,,,,,,4,4F0,,NEW CISS - CISS contribution from foreign exchange market subindex,"Euro area (changing composition), Contribution from foreign exchange market subindex, Contribution",PURE_NUMB,0
CISS.D.U2.Z0Z.4F.EC.SS_FXN.CON,D,U2,Z0Z,4F,EC,SS_FXN,CON,2024-03-11,0.007540157530296399,A,F,,,P1D,,V,,,,,,,,,,,,,,,,,4,4F0,,NEW CISS - CISS contribution from foreign exchange market subindex,"Euro area (changing composition), Contribution from foreign exchange market subindex, Contribution",PURE_NUMB,0
CISS.D.U2.Z0Z.4F.EC.SS_FXN.CON,D,U2,Z0Z,4F,EC,SS_FXN,CON,2024-03-12,0.007628670192582427,A,F,,,P1D,,V,,,,,,,,,,,,,,,,,4,4F0,,NEW CISS - CISS contribution from foreign exchange market subindex,"Euro area (changing composition), Contribution from foreign exchange market subindex, Contribution",PURE_NUMB,0
CISS.D.U2.Z0Z.4F.EC.SS_FXN.CON,D,U2,Z0Z,4F,EC,SS_FXN,CON,2024-03-13,0.006139763970354512,A,F,,,P1D,,V,,,,,,,,,,,,,,,,,4,4F0,,NEW CISS - CISS contribution from foreign exchange market subindex,"Euro area (changing composition), Contribution from foreign exchange market subindex, Contribution",PURE_NUMB,0
CISS.D.U2.Z0Z.4F.EC.SS_FXN.CON,D,U2,Z0Z,4F,EC,SS_FXN,CON,2024-03-14,0.007135638154178786,A,F,,,P1D,,V,,,,,,,,,,,,,,,,,4,4F0,,NEW CISS - CISS contribution from foreign exchange market subindex,"Euro area (changing composition), Contribution from foreign exchange market subindex, Contribution",PURE_NUMB,0
CISS.D.U2.Z0Z.4F.EC.SS_FXN.CON,D,U2,Z0Z,4F,EC,SS_FXN,CON,2024-03-15,0.007299530874814577,A,F,,,P1D,,V,,,,,,,,,,,,,,,,,4,4F0,,NEW CISS - CISS contribution from foreign exchange market subindex,"Euro area (changing composition), Contribution from foreign exchange market subindex, Contribution",PURE_NUMB,0
CISS.D.U2.Z0Z.4F.EC.SS_FXN.CON,D,U2,Z0Z,4F,EC,SS_FXN,CON,2024-03-18,0.005225251518826613,A,F,,,P1D,,V,,,,,,,,,,,,,,,,,4,4F0,,NEW CISS - CISS contribution from foreign exchange market subindex,"Euro area (changing composition), Contribution from foreign exchange market subindex, Contribution",PURE_NUMB,0
CISS.D.U2.Z0Z.4F.EC.SS_FXN.CON,D,U2,Z0Z,4F,EC,SS_FXN,CON,2024-03-19,0.012286977197590289,A,F,,,P1D,,V,,,,,,,,,,,,,,,,,4,4F0,,NEW CISS - CISS contribution from foreign exchange market subindex,"Euro area (changing composition), Contribution from foreign exchange market subindex, Contribution",PURE_NUMB,0
CISS.D.U2.Z0Z.4F.EC.SS_FXN.CON,D,U2,Z0Z,4F,EC,SS_FXN,CON,2024-03-20,0.01476225257699249,A,F,,,P1D,,V,,,,,,,,,,,,,,,,,4,4F0,,NEW CISS - CISS contribution from foreign exchange market subindex,"Euro area (changing composition), Contribution from foreign exchange market subindex, Contribution",PURE_NUMB,0
CISS.D.U2.Z0Z.4F.EC.SS_FXN.CON,D,U2,Z0Z,4F,EC,SS_FXN,CON,2024-03-21,0.016955536342969063,A,F,,,P1D,,V,,,,,,,,,,,,,,,,,4,4F0,,NEW CISS - CISS contribution from foreign exchange market subindex,"Euro area (changing composition), Contribution from foreign exchange market subindex, Contribution",PURE_NUMB,0
CISS.D.U2.Z0Z.4F.EC.SS_FXN.CON,D,U2,Z0Z,4F,EC,SS_FXN,CON,2024-03-22,0.019163230512231816,A,F,,,P1D,,V,,,,,,,,,,,,,,,,,4,4F0,,NEW CISS - CISS contribution from foreign exchange market subindex,"Euro area (changing composition), Contribution from foreign exchange market subindex, Contribution",PURE_NUMB,0
CISS.D.U2.Z0Z.4F.EC.SS_FXN.CON,D,U2,Z0Z,4F,EC,SS_FXN,CON,2024-03-25,0.015541370367323656,A,F,,,P1D,,V,,,,,,,,,,,,,,,,,4,4F0,,NEW CISS - CISS contribution from foreign exchange market subindex,"Euro area (changing composition), Contribution from foreign exchange market subindex, Contribution",PURE_NUMB,0
CISS.D.U2.Z0Z.4F.EC.SS_FXN.CON,D,U2,Z0Z,4F,EC,SS_FXN,CON,2024-03-26,0.012146346911304206,A,F,,,P1D,,V,,,,,,,,,,,,,,,,,4,4F0,,NEW CISS - CISS contribution from foreign exchange market subindex,"Euro area (changing composition), Contribution from foreign exchange market subindex, Contribution",PURE_NUMB,0
CISS.D.U2.Z0Z.4F.EC.SS_FXN.CON,D,U2,Z0Z,4F,EC,SS_FXN,CON,2024-03-27,0.009596898283363606,A,F,,,P1D,,V,,,,,,,,,,,,,,,,,4,4F0,,NEW CISS - CISS contribution from foreign exchange market subindex,"Euro area (changing composition), Contribution from foreign exchange market subindex, Contribution",PURE_NUMB,0
CISS.D.U2.Z0Z.4F.EC.SS_FXN.CON,D,U2,Z0Z,4F,EC,SS_FXN,CON,2024-03-28,0.009023880799181627,A,F,,,P1D,,V,,,,,,,,,,,,,,,,,4,4F0,,NEW CISS - CISS contribution from foreign exchange market subindex,"Euro area (changing composition), Contribution from foreign exchange market subindex, Contribution",PURE_NUMB,0
CISS.D.U2.Z0Z.4F.EC.SS_FXN.CON,D,U2,Z0Z,4F,EC,SS_FXN,CON,2024-03-29,0.006421082315060232,A,F,,,P1D,,V,,,,,,,,,,,,,,,,,4,4F0,,NEW CISS - CISS contribution from foreign exchange market subindex,"Euro area (changing composition), Contribution from foreign exchange market subindex, Contribution",PURE_NUMB,0
CISS.D.U2.Z0Z.4F.EC.SS_FXN.CON,D,U2,Z0Z,4F,EC,SS_FXN,CON,2024-04-01,0.006434860685721489,A,F,,,P1D,,V,,,,,,,,,,,,,,,,,4,4F0,,NEW CISS - CISS contribution from foreign exchange market subindex,"Euro area (changing composition), Contribution from foreign exchange market subindex, Contribution",PURE_NUMB,0
CISS.D.U2.Z0Z.4F.EC.SS_FXN.CON,D,U2,Z0Z,4F,EC,SS_FXN,CON,2024-04-02,0.005518007573789783,A,F,,,P1D,,V,,,,,,,,,,,,,,,,,4,4F0,,NEW CISS - CISS contribution from foreign exchange market subindex,"Euro area (changing composition), Contribution from foreign exchange market subindex, Contribution",PURE_NUMB,0
CISS.D.U2.Z0Z.4F.EC.SS_FXN.CON,D,U2,Z0Z,4F,EC,SS_FXN,CON,2024-04-03,0.010900248899664693,A,F,,,P1D,,V,,,,,,,,,,,,,,,,,4,4F0,,NEW CISS - CISS contribution from foreign exchange market subindex,"Euro area (changing composition), Contribution from foreign exchange market subindex, Contribution",PURE_NUMB,0
CISS.D.U2.Z0Z.4F.EC.SS_FXN.CON,D,U2,Z0Z,4F,EC,SS_FXN,CON,2024-04-04,0.008266130478996953,A,F,,,P1D,,V,,,,,,,,,,,,,,,,,4,4F0,,NEW CISS - CISS contribution from foreign exchange market subindex,"Euro area (changing composition), Contribution from foreign exchange market subindex, Contribution",PURE_NUMB,0
CISS.D.U2.Z0Z.4F.EC.SS_FXN.CON,D,U2,Z0Z,4F,EC,SS_FXN,CON,2024-04-05,0.006596204693730521,A,F,,,P1D,,V,,,,,,,,,,,,,,,,,4,4F0,,NEW CISS - CISS contribution from foreign exchange market subindex,"Euro area (changing composition), Contribution from foreign exchange market subindex, Contribution",PURE_NUMB,0
CISS.D.U2.Z0Z.4F.EC.SS_FXN.CON,D,U2,Z0Z,4F,EC,SS_FXN,CON,2024-04-08,0.005619963735174286,A,F,,,P1D,,V,,,,,,,,,,,,,,,,,4,4F0,,NEW CISS - CISS contribution from foreign exchange market subindex,"Euro area (changing composition), Contribution from foreign exchange market subindex, Contribution",PURE_NUMB,0
CISS.D.U2.Z0Z.4F.EC.SS_FXN.CON,D,U2,Z0Z,4F,EC,SS_FXN,CON,2024-04-09,0.004314051835753083,A,F,,,P1D,,V,,,,,,,,,,,,,,,,,4,4F0,,NEW CISS - CISS contribution from foreign exchange market subindex,"Euro area (changing composition), Contribution from foreign exchange market subindex, Contribution",PURE_NUMB,0
CISS.D.U2.Z0Z.4F.EC.SS_FXN.CON,D,U2,Z0Z,4F,EC,SS_FXN,CON,2024-04-10,0.013497910190472525,A,F,,,P1D,,V,,,,,,,,,,,,,,,,,4,4F0,,NEW CISS - CISS contribution from foreign exchange market subindex,"Euro area (changing composition), Contribution from foreign exchange market subindex, Contribution",PURE_NUMB,0
CISS.D.U2.Z0Z.4F.EC.SS_FXN.CON,D,U2,Z0Z,4F,EC,SS_FXN,CON,2024-04-11,0.010675442348002518,A,F,,,P1D,,V,,,,,,,,,,,,,,,,,4,4F0,,NEW CISS - CISS contribution from foreign exchange market subindex,"Euro area (changing composition), Contribution from foreign exchange market subindex, Contribution",PURE_NUMB,0
CISS.D.U2.Z0Z.4F.EC.SS_FXN.CON,D,U2,Z0Z,4F,EC,SS_FXN,CON,2024-04-12,0.01952904807605402,A,F,,,P1D,,V,,,,,,,,,,,,,,,,,4,4F0,,NEW CISS - CISS contribution from foreign exchange market subindex,"Euro area (changing composition), Contribution from foreign exchange market subindex, Contribution",PURE_NUMB,0
CISS.D.U2.Z0Z.4F.EC.SS_FXN.CON,D,U2,Z0Z,4F,EC,SS_FXN,CON,2024-04-15,0.017959087658360656,A,F,,,P1D,,V,,,,,,,,,,,,,,,,,4,4F0,,NEW CISS - CISS contribution from foreign exchange market subindex,"Euro area (changing composition), Contribution from foreign exchange market subindex, Contribution",PURE_NUMB,0
CISS.D.U2.Z0Z.4F.EC.SS_FXN.CON,D,U2,Z0Z,4F,EC,SS_FXN,CON,2024-04-16,0.015953874451617316,A,F,,,P1D,,V,,,,,,,,,,,,,,,,,4,4F0,,NEW CISS - CISS contribution from foreign exchange market subindex,"Euro area (changing composition), Contribution from foreign exchange market subindex, Contribution",PURE_NUMB,0
CISS.D.U2.Z0Z.4F.EC.SS_FXN.CON,D,U2,Z0Z,4F,EC,SS_FXN,CON,2024-04-17,0.015976913199855863,A,F,,,P1D,,V,,,,,,,,,,,,,,,,,4,4F0,,NEW CISS - CISS contribution from foreign exchange market subindex,"Euro area (changing composition), Contribution from foreign exchange market subindex, Contribution",PURE_NUMB,0
CISS.D.U2.Z0Z.4F.EC.SS_FXN.CON,D,U2,Z0Z,4F,EC,SS_FXN,CON,2024-04-18,0.012681411837855722,A,F,,,P1D,,V,,,,,,,,,,,,,,,,,4,4F0,,NEW CISS - CISS contribution from foreign exchange market subindex,"Euro area (changing composition), Contribution from foreign exchange market subindex, Contribution",PURE_NUMB,0
CISS.D.U2.Z0Z.4F.EC.SS_FXN.CON,D,U2,Z0Z,4F,EC,SS_FXN,CON,2024-04-19,0.014363857366112363,A,F,,,P1D,,V,,,,,,,,,,,,,,,,,4,4F0,,NEW CISS - CISS contribution from foreign exchange market subindex,"Euro area (changing composition), Contribution from foreign exchange market subindex, Contribution",PURE_NUMB,0
CISS.D.U2.Z0Z.4F.EC.SS_FXN.CON,D,U2,Z0Z,4F,EC,SS_FXN,CON,2024-04-22,0.010644155782080196,A,F,,,P1D,,V,,,,,,,,,,,,,,,,,4,4F0,,NEW CISS - CISS contribution from foreign exchange market subindex,"Euro area (changing composition), Contribution from foreign exchange market subindex, Contribution",PURE_NUMB,0
CISS.D.U2.Z0Z.4F.EC.SS_FXN.CON,D,U2,Z0Z,4F,EC,SS_FXN,CON,2024-04-23,0.013215824593176304,A,F,,,P1D,,V,,,,,,,,,,,,,,,,,4,4F0,,NEW CISS - CISS contribution from foreign exchange market subindex,"Euro area (changing composition), Contribution from foreign exchange market subindex, Contribution",PURE_NUMB,0
CISS.D.U2.Z0Z.4F.EC.SS_FXN.CON,D,U2,Z0Z,4F,EC,SS_FXN,CON,2024-04-24,0.010323480374732404,A,F,,,P1D,,V,,,,,,,,,,,,,,,,,4,4F0,,NEW CISS - CISS contribution from foreign exchange market subindex,"Euro area (changing composition), Contribution from foreign exchange market subindex, Contribution",PURE_NUMB,0
CISS.D.U2.Z0Z.4F.EC.SS_FXN.CON,D,U2,Z0Z,4F,EC,SS_FXN,CON,2024-04-25,0.01027908689689865,A,F,,,P1D,,V,,,,,,,,,,,,,,,,,4,4F0,,NEW CISS - CISS contribution from foreign exchange market subindex,"Euro area (changing composition), Contribution from foreign exchange market subindex, Contribution",PURE_NUMB,0
CISS.D.U2.Z0Z.4F.EC.SS_FXN.CON,D,U2,Z0Z,4F,EC,SS_FXN,CON,2024-04-26,0.02492182555067642,A,F,,,P1D,,V,,,,,,,,,,,,,,,,,4,4F0,,NEW CISS - CISS contribution from foreign exchange market subindex,"Euro area (changing composition), Contribution from foreign exchange market subindex, Contribution",PURE_NUMB,0
CISS.D.U2.Z0Z.4F.EC.SS_FXN.CON,D,U2,Z0Z,4F,EC,SS_FXN,CON,2024-04-29,0.027742276839011846,A,F,,,P1D,,V,,,,,,,,,,,,,,,,,4,4F0,,NEW CISS - CISS contribution from foreign exchange market subindex,"Euro area (changing composition), Contribution from foreign exchange market subindex, Contribution",PURE_NUMB,0
CISS.D.U2.Z0Z.4F.EC.SS_FXN.CON,D,U2,Z0Z,4F,EC,SS_FXN,CON,2024-04-30,0.027893030237798436,A,F,,,P1D,,V,,,,,,,,,,,,,,,,,4,4F0,,NEW CISS - CISS contribution from foreign exchange market subindex,"Euro area (changing composition), Contribution from foreign exchange market subindex, Contribution",PURE_NUMB,0
CISS.D.U2.Z0Z.4F.EC.SS_FXN.CON,D,U2,Z0Z,4F,EC,SS_FXN,CON,2024-05-01,0.035913838749942084,A,F,,,P1D,,V,,,,,,,,,,,,,,,,,4,4F0,,NEW CISS - CISS contribution from foreign exchange market subindex,"Euro area (changing composition), Contribution from foreign exchange market subindex, Contribution",PURE_NUMB,0
CISS.D.U2.Z0Z.4F.EC.SS_FXN.CON,D,U2,Z0Z,4F,EC,SS_FXN,CON,2024-05-02,0.03216516330867555,A,F,,,P1D,,V,,,,,,,,,,,,,,,,,4,4F0,,NEW CISS - CISS contribution from foreign exchange market subindex,"Euro area (changing composition), Contribution from foreign exchange market subindex, Contribution",PURE_NUMB,0
CISS.D.U2.Z0Z.4F.EC.SS_FXN.CON,D,U2,Z0Z,4F,EC,SS_FXN,CON,2024-05-03,0.029328446769629722,A,F,,,P1D,,V,,,,,,,,,,,,,,,,,4,4F0,,NEW CISS - CISS contribution from foreign exchange market subindex,"Euro area (changing composition), Contribution from foreign exchange market subindex, Contribution",PURE_NUMB,0
CISS.D.U2.Z0Z.4F.EC.SS_FXN.CON,D,U2,Z0Z,4F,EC,SS_FXN,CON,2024-05-06,0.0265388655617962,A,F,,,P1D,,V,,,,,,,,,,,,,,,,,4,4F0,,NEW CISS - CISS contribution from foreign exchange market subindex,"Euro area (changing composition), Contribution from foreign exchange market subindex, Contribution",PURE_NUMB,0
CISS.D.U2.Z0Z.4F.EC.SS_FXN.CON,D,U2,Z0Z,4F,EC,SS_FXN,CON,2024-05-07,0.02474363932590917,A,F,,,P1D,,V,,,,,,,,,,,,,,,,,4,4F0,,NEW CISS - CISS contribution from foreign exchange market subindex,"Euro area (changing composition), Contribution from foreign exchange market subindex, Contribution",PURE_NUMB,0
CISS.D.U2.Z0Z.4F.EC.SS_FXN.CON,D,U2,Z0Z,4F,EC,SS_FXN,CON,2024-05-08,0.021620821017140815,A,F,,,P1D,,V,,,,,,,,,,,,,,,,,4,4F0,,NEW CISS - CISS contribution from foreign exchange market subindex,"Euro area (changing composition), Contribution from foreign exchange market subindex, Contribution",PURE_NUMB,0
CISS.D.U2.Z0Z.4F.EC.SS_FXN.CON,D,U2,Z0Z,4F,EC,SS_FXN,CON,2024-05-09,0.01949631986204765,A,F,,,P1D,,V,,,,,,,,,,,,,,,,,4,4F0,,NEW CISS - CISS contribution from foreign exchange market subindex,"Euro area (changing composition), Contribution from foreign exchange market subindex, Contribution",PURE_NUMB,0
CISS.D.U2.Z0Z.4F.EC.SS_FXN.CON,D,U2,Z0Z,4F,EC,SS_FXN,CON,2024-05-10,0.015830821821004832,A,F,,,P1D,,V,,,,,,,,,,,,,,,,,4,4F0,,NEW CISS - CISS contribution from foreign exchange market subindex,"Euro area (changing composition), Contribution from foreign exchange market subindex, Contribution",PURE_NUMB,0
CISS.D.U2.Z0Z.4F.EC.SS_FXN.CON,D,U2,Z0Z,4F,EC,SS_FXN,CON,2024-05-13,0.014641130036329072,A,F,,,P1D,,V,,,,,,,,,,,,,,,,,4,4F0,,NEW CISS - CISS contribution from foreign exchange market subindex,"Euro area (changing composition), Contribution from foreign exchange market subindex, Contribution",PURE_NUMB,0
CISS.D.U2.Z0Z.4F.EC.SS_FXN.CON,D,U2,Z0Z,4F,EC,SS_FXN,CON,2024-05-14,0.013168421219619248,A,F,,,P1D,,V,,,,,,,,,,,,,,,,,4,4F0,,NEW CISS - CISS contribution from foreign exchange market subindex,"Euro area (changing composition), Contribution from foreign exchange market subindex, Contribution",PURE_NUMB,0
CISS.D.U2.Z0Z.4F.EC.SS_FXN.CON,D,U2,Z0Z,4F,EC,SS_FXN,CON,2024-05-15,0.014826146074938476,A,F,,,P1D,,V,,,,,,,,,,,,,,,,,4,4F0,,NEW CISS - CISS contribution from foreign exchange market subindex,"Euro area (changing composition), Contribution from foreign exchange market subindex, Contribution",PURE_NUMB,0
CISS.D.U2.Z0Z.4F.EC.SS_FXN.CON,D,U2,Z0Z,4F,EC,SS_FXN,CON,2024-05-16,0.012251502977188623,A,F,,,P1D,,V,,,,,,,,,,,,,,,,,4,4F0,,NEW CISS - CISS contribution from foreign exchange market subindex,"Euro area (changing composition), Contribution from foreign exchange market subindex, Contribution",PURE_NUMB,0
CISS.D.U2.Z0Z.4F.EC.SS_FXN.CON,D,U2,Z0Z,4F,EC,SS_FXN,CON,2024-05-17,0.009941916063758854,A,F,,,P1D,,V,,,,,,,,,,,,,,,,,4,4F0,,NEW CISS - CISS contribution from foreign exchange market subindex,"Euro area (changing composition), Contribution from foreign exchange market subindex, Contribution",PURE_NUMB,0
CISS.D.U2.Z0Z.4F.EC.SS_FXN.CON,D,U2,Z0Z,4F,EC,SS_FXN,CON,2024-05-20,0.008060062335087666,A,F,,,P1D,,V,,,,,,,,,,,,,,,,,4,4F0,,NEW CISS - CISS contribution from foreign exchange market subindex,"Euro area (changing composition), Contribution from foreign exchange market subindex, Contribution",PURE_NUMB,0
CISS.D.U2.Z0Z.4F.EC.SS_FXN.CON,D,U2,Z0Z,4F,EC,SS_FXN,CON,2024-05-21,0.006110288508823424,A,F,,,P1D,,V,,,,,,,,,,,,,,,,,4,4F0,,NEW CISS - CISS contribution from foreign exchange market subindex,"Euro area (changing composition), Contribution from foreign exchange market subindex, Contribution",PURE_NUMB,0
CISS.D.U2.Z0Z.4F.EC.SS_FXN.CON,D,U2,Z0Z,4F,EC,SS_FXN,CON,2024-05-22,0.005373252059126774,A,F,,,P1D,,V,,,,,,,,,,,,,,,,,4,4F0,,NEW CISS - CISS contribution from foreign exchange market subindex,"Euro area (changing composition), Contribution from foreign exchange market subindex, Contribution",PURE_NUMB,0
CISS.D.U2.Z0Z.4F.EC.SS_FXN.CON,D,U2,Z0Z,4F,EC,SS_FXN,CON,2024-05-23,0.003702969913452665,A,F,,,P1D,,V,,,,,,,,,,,,,,,,,4,4F0,,NEW CISS - CISS contribution from foreign exchange market subindex,"Euro area (changing composition), Contribution from foreign exchange market subindex, Contribution",PURE_NUMB,0
CISS.D.U2.Z0Z.4F.EC.SS_FXN.CON,D,U2,Z0Z,4F,EC,SS_FXN,CON,2024-05-24,0.0035988847270195753,A,F,,,P1D,,V,,,,,,,,,,,,,,,,,4,4F0,,NEW CISS - CISS contribution from foreign exchange market subindex,"Euro area (changing composition), Contribution from foreign exchange market subindex, Contribution",PURE_NUMB,0
CISS.D.U2.Z0Z.4F.EC.SS_FXN.CON,D,U2,Z0Z,4F,EC,SS_FXN,CON,2024-05-27,0.0024859396195554065,A,F,,,P1D,,V,,,,,,,,,,,,,,,,,4,4F0,,NEW CISS - CISS contribution from foreign exchange market subindex,"Euro area (changing composition), Contribution from foreign exchange market subindex, Contribution",PURE_NUMB,0
CISS.D.U2.Z0Z.4F.EC.SS_FXN.CON,D,U2,Z0Z,4F,EC,SS_FXN,CON,2024-05-28,0.0017871210697242936,A,F,,,P1D,,V,,,,,,,,,,,,,,,,,4,4F0,,NEW CISS - CISS contribution from foreign exchange market subindex,"Euro area (changing composition), Contribution from foreign exchange market subindex, Contribution",PURE_NUMB,0
CISS.D.U2.Z0Z.4F.EC.SS_FXN.CON,D,U2,Z0Z,4F,EC,SS_FXN,CON,2024-05-29,0.002760005358146836,A,F,,,P1D,,V,,,,,,,,,,,,,,,,,4,4F0,,NEW CISS - CISS contribution from foreign exchange market subindex,"Euro area (changing composition), Contribution from foreign exchange market subindex, Contribution",PURE_NUMB,0
CISS.D.U2.Z0Z.4F.EC.SS_FXN.CON,D,U2,Z0Z,4F,EC,SS_FXN,CON,2024-05-30,0.0025567566208816016,A,F,,,P1D,,V,,,,,,,,,,,,,,,,,4,4F0,,NEW CISS - CISS contribution from foreign exchange market subindex,"Euro area (changing composition), Contribution from foreign exchange market subindex, Contribution",PURE_NUMB,0
CISS.D.U2.Z0Z.4F.EC.SS_FXN.CON,D,U2,Z0Z,4F,EC,SS_FXN,CON,2024-05-31,0.002456631411984276,A,F,,,P1D,,V,,,,,,,,,,,,,,,,,4,4F0,,NEW CISS - CISS contribution from foreign exchange market subindex,"Euro area (changing composition), Contribution from foreign exchange market subindex, Contribution",PURE_NUMB,0
CISS.D.U2.Z0Z.4F.EC.SS_FXN.CON,D,U2,Z0Z,4F,EC,SS_FXN,CON,2024-06-03,0.0037182657618931242,A,F,,,P1D,,V,,,,,,,,,,,,,,,,,4,4F0,,NEW CISS - CISS contribution from foreign exchange market subindex,"Euro area (changing composition), Contribution from foreign exchange market subindex, Contribution",PURE_NUMB,0
CISS.D.U2.Z0Z.4F.EC.SS_FXN.CON,D,U2,Z0Z,4F,EC,SS_FXN,CON,2024-06-04,0.011637997186368751,A,F,,,P1D,,V,,,,,,,,,,,,,,,,,4,4F0,,NEW CISS - CISS contribution from foreign exchange market subindex,"Euro area (changing composition), Contribution from foreign exchange market subindex, Contribution",PURE_NUMB,0
CISS.D.U2.Z0Z.4F.EC.SS_FXN.CON,D,U2,Z0Z,4F,EC,SS_FXN,CON,2024-06-05,0.013631541849009669,A,F,,,P1D,,V,,,,,,,,,,,,,,,,,4,4F0,,NEW CISS - CISS contribution from foreign exchange market subindex,"Euro area (changing composition), Contribution from foreign exchange market subindex, Contribution",PURE_NUMB,0
CISS.D.U2.Z0Z.4F.EC.SS_FXN.CON,D,U2,Z0Z,4F,EC,SS_FXN,CON,2024-06-06,0.010887186201912603,A,F,,,P1D,,V,,,,,,,,,,,,,,,,,4,4F0,,NEW CISS - CISS contribution from foreign exchange market subindex,"Euro area (changing composition), Contribution from foreign exchange market subindex, Contribution",PURE_NUMB,0
CISS.D.U2.Z0Z.4F.EC.SS_FXN.CON,D,U2,Z0Z,4F,EC,SS_FXN,CON,2024-06-07,0.015056248387107656,A,F,,,P1D,,V,,,,,,,,,,,,,,,,,4,4F0,,NEW CISS - CISS contribution from foreign exchange market subindex,"Euro area (changing composition), Contribution from foreign exchange market subindex, Contribution",PURE_NUMB,0
CISS.D.U2.Z0Z.4F.EC.SS_FXN.CON,D,U2,Z0Z,4F,EC,SS_FXN,CON,2024-06-10,0.014581232541922217,A,F,,,P1D,,V,,,,,,,,,,,,,,,,,4,4F0,,NEW CISS - CISS contribution from foreign exchange market subindex,"Euro area (changing composition), Contribution from foreign exchange market subindex, Contribution",PURE_NUMB,0
CISS.D.U2.Z0Z.4F.EC.SS_FXN.CON,D,U2,Z0Z,4F,EC,SS_FXN,CON,2024-06-11,0.013437069219164186,A,F,,,P1D,,V,,,,,,,,,,,,,,,,,4,4F0,,NEW CISS - CISS contribution from foreign exchange market subindex,"Euro area (changing composition), Contribution from foreign exchange market subindex, Contribution",PURE_NUMB,0
CISS.D.U2.Z0Z.4F.EC.SS_FXN.CON,D,U2,Z0Z,4F,EC,SS_FXN,CON,2024-06-12,0.01682561712140723,A,F,,,P1D,,V,,,,,,,,,,,,,,,,,4,4F0,,NEW CISS - CISS contribution from foreign exchange market subindex,"Euro area (changing composition), Contribution from foreign exchange market subindex, Contribution",PURE_NUMB,0
CISS.D.U2.Z0Z.4F.EC.SS_FXN.CON,D,U2,Z0Z,4F,EC,SS_FXN,CON,2024-06-13,0.02393687717481213,A,F,,,P1D,,V,,,,,,,,,,,,,,,,,4,4F0,,NEW CISS - CISS contribution from foreign exchange market subindex,"Euro area (changing composition), Contribution from foreign exchange market subindex, Contribution",PURE_NUMB,0
CISS.D.U2.Z0Z.4F.EC.SS_FXN.CON,D,U2,Z0Z,4F,EC,SS_FXN,CON,2024-06-14,0.022486043476885483,A,F,,,P1D,,V,,,,,,,,,,,,,,,,,4,4F0,,NEW CISS - CISS contribution from foreign exchange market subindex,"Euro area (changing composition), Contribution from foreign exchange market subindex, Contribution",PURE_NUMB,0
CISS.D.U2.Z0Z.4F.EC.SS_FXN.CON,D,U2,Z0Z,4F,EC,SS_FXN,CON,2024-06-17,0.021578118627946234,A,F,,,P1D,,V,,,,,,,,,,,,,,,,,4,4F0,,NEW CISS - CISS contribution from foreign exchange market subindex,"Euro area (changing composition), Contribution from foreign exchange market subindex, Contribution",PURE_NUMB,0
CISS.D.U2.Z0Z.4F.EC.SS_FXN.CON,D,U2,Z0Z,4F,EC,SS_FXN,CON,2024-06-18,0.01574613183560742,A,F,,,P1D,,V,,,,,,,,,,,,,,,,,4,4F0,,NEW CISS - CISS contribution from foreign exchange market subindex,"Euro area (changing composition), Contribution from foreign exchange market subindex, Contribution",PURE_NUMB,0
CISS.D.U2.Z0Z.4F.EC.SS_FXN.CON,D,U2,Z0Z,4F,EC,SS_FXN,CON,2024-06-19,0.011566970341362068,A,F,,,P1D,,V,,,,,,,,,,,,,,,,,4,4F0,,NEW CISS - CISS contribution from foreign exchange market subindex,"Euro area (changing composition), Contribution from foreign exchange market subindex, Contribution",PURE_NUMB,0
CISS.D.U2.Z0Z.4F.EC.SS_FXN.CON,D,U2,Z0Z,4F,EC,SS_FXN,CON,2024-06-20,0.010204907525722466,A,F,,,P1D,,V,,,,,,,,,,,,,,,,,4,4F0,,NEW CISS - CISS contribution from foreign exchange market subindex,"Euro area (changing composition), Contribution from foreign exchange market subindex, Contribution",PURE_NUMB,0
CISS.D.U2.Z0Z.4F.EC.SS_FXN.CON,D,U2,Z0Z,4F,EC,SS_FXN,CON,2024-06-21,0.009210513914481095,A,F,,,P1D,,V,,,,,,,,,,,,,,,,,4,4F0,,NEW CISS - CISS contribution from foreign exchange market subindex,"Euro area (changing composition), Contribution from foreign exchange market subindex, Contribution",PURE_NUMB,0
CISS.D.U2.Z0Z.4F.EC.SS_FXN.CON,D,U2,Z0Z,4F,EC,SS_FXN,CON,2024-06-24,0.00853996804044439,A,F,,,P1D,,V,,,,,,,,,,,,,,,,,4,4F0,,NEW CISS - CISS contribution from foreign exchange market subindex,"Euro area (changing composition), Contribution from foreign exchange market subindex, Contribution",PURE_NUMB,0
CISS.D.U2.Z0Z.4F.EC.SS_FXN.CON,D,U2,Z0Z,4F,EC,SS_FXN,CON,2024-06-25,0.006464466074699427,A,F,,,P1D,,V,,,,,,,,,,,,,,,,,4,4F0,,NEW CISS - CISS contribution from foreign exchange market subindex,"Euro area (changing composition), Contribution from foreign exchange market subindex, Contribution",PURE_NUMB,0
CISS.D.U2.Z0Z.4F.EC.SS_FXN.CON,D,U2,Z0Z,4F,EC,SS_FXN,CON,2024-06-26,0.0067986632846216075,A,F,,,P1D,,V,,,,,,,,,,,,,,,,,4,4F0,,NEW CISS - CISS contribution from foreign exchange market subindex,"Euro area (changing composition), Contribution from foreign exchange market subindex, Contribution",PURE_NUMB,0
CISS.D.U2.Z0Z.4F.EC.SS_FXN.CON,D,U2,Z0Z,4F,EC,SS_FXN,CON,2024-06-27,0.005279956025576655,A,F,,,P1D,,V,,,,,,,,,,,,,,,,,4,4F0,,NEW CISS - CISS contribution from foreign exchange market subindex,"Euro area (changing composition), Contribution from foreign exchange market subindex, Contribution",PURE_NUMB,0
CISS.D.U2.Z0Z.4F.EC.SS_FXN.CON,D,U2,Z0Z,4F,EC,SS_FXN,CON,2024-06-28,0.003895860304315089,A,F,,,P1D,,V,,,,,,,,,,,,,,,,,4,4F0,,NEW CISS - CISS contribution from foreign exchange market subindex,"Euro area (changing composition), Contribution from foreign exchange market subindex, Contribution",PURE_NUMB,0
CISS.D.U2.Z0Z.4F.EC.SS_FXN.CON,D,U2,Z0Z,4F,EC,SS_FXN,CON,2024-07-01,0.006271824849849187,A,F,,,P1D,,V,,,,,,,,,,,,,,,,,4,4F0,,NEW CISS - CISS contribution from foreign exchange market subindex,"Euro area (changing composition), Contribution from foreign exchange market subindex, Contribution",PURE_NUMB,0
CISS.D.U2.Z0Z.4F.EC.SS_FXN.CON,D,U2,Z0Z,4F,EC,SS_FXN,CON,2024-07-02,0.0044958901760410175,A,F,,,P1D,,V,,,,,,,,,,,,,,,,,4,4F0,,NEW CISS - CISS contribution from foreign exchange market subindex,"Euro area (changing composition), Contribution from foreign exchange market subindex, Contribution",PURE_NUMB,0
CISS.D.U2.Z0Z.4F.EC.SS_FXN.CON,D,U2,Z0Z,4F,EC,SS_FXN,CON,2024-07-03,0.006628727800924506,A,F,,,P1D,,V,,,,,,,,,,,,,,,,,4,4F0,,NEW CISS - CISS contribution from foreign exchange market subindex,"Euro area (changing composition), Contribution from foreign exchange market subindex, Contribution",PURE_NUMB,0
CISS.D.U2.Z0Z.4F.EC.SS_FXN.CON,D,U2,Z0Z,4F,EC,SS_FXN,CON,2024-07-04,0.0048542161622906164,A,F,,,P1D,,V,,,,,,,,,,,,,,,,,4,4F0,,NEW CISS - CISS contribution from foreign exchange market subindex,"Euro area (changing composition), Contribution from foreign exchange market subindex, Contribution",PURE_NUMB,0
CISS.D.U2.Z0Z.4F.EC.SS_FXN.CON,D,U2,Z0Z,4F,EC,SS_FXN,CON,2024-07-05,0.003845346565986627,A,F,,,P1D,,V,,,,,,,,,,,,,,,,,4,4F0,,NEW CISS - CISS contribution from foreign exchange market subindex,"Euro area (changing composition), Contribution from foreign exchange market subindex, Contribution",PURE_NUMB,0
CISS.D.U2.Z0Z.4F.EC.SS_FXN.CON,D,U2,Z0Z,4F,EC,SS_FXN,CON,2024-07-08,0.002569298315303454,A,F,,,P1D,,V,,,,,,,,,,,,,,,,,4,4F0,,NEW CISS - CISS contribution from foreign exchange market subindex,"Euro area (changing composition), Contribution from foreign exchange market subindex, Contribution",PURE_NUMB,0
CISS.D.U2.Z0Z.4F.EC.SS_FXN.CON,D,U2,Z0Z,4F,EC,SS_FXN,CON,2024-07-09,0.002003904734690599,A,F,,,P1D,,V,,,,,,,,,,,,,,,,,4,4F0,,NEW CISS - CISS contribution from foreign exchange market subindex,"Euro area (changing composition), Contribution from foreign exchange market subindex, Contribution",PURE_NUMB,0
CISS.D.U2.Z0Z.4F.EC.SS_FXN.CON,D,U2,Z0Z,4F,EC,SS_FXN,CON,2024-07-10,0.0027478783557668735,A,F,,,P1D,,V,,,,,,,,,,,,,,,,,4,4F0,,NEW CISS - CISS contribution from foreign exchange market subindex,"Euro area (changing composition), Contribution from foreign exchange market subindex, Contribution",PURE_NUMB,0
CISS.D.U2.Z0Z.4F.EC.SS_FXN.CON,D,U2,Z0Z,4F,EC,SS_FXN,CON,2024-07-11,0.020465477983455372,A,F,,,P1D,,V,,,,,,,,,,,,,,,,,4,4F0,,NEW CISS - CISS contribution from foreign exchange market subindex,"Euro area (changing composition), Contribution from foreign exchange market subindex, Contribution",PURE_NUMB,0
CISS.D.U2.Z0Z.4F.EC.SS_FXN.CON,D,U2,Z0Z,4F,EC,SS_FXN,CON,2024-07-12,0.01873747306700909,A,F,,,P1D,,V,,,,,,,,,,,,,,,,,4,4F0,,NEW CISS - CISS contribution from foreign exchange market subindex,"Euro area (changing composition), Contribution from foreign exchange market subindex, Contribution",PURE_NUMB,0
CISS.D.U2.Z0Z.4F.EC.SS_FXN.CON,D,U2,Z0Z,4F,EC,SS_FXN,CON,2024-07-15,0.015540249204448856,A,F,,,P1D,,V,,,,,,,,,,,,,,,,,4,4F0,,NEW CISS - CISS contribution from foreign exchange market subindex,"Euro area (changing composition), Contribution from foreign exchange market subindex, Contribution",PURE_NUMB,0
CISS.D.U2.Z0Z.4F.EC.SS_FXN.CON,D,U2,Z0Z,4F,EC,SS_FXN,CON,2024-07-16,0.013027666895938886,A,F,,,P1D,,V,,,,,,,,,,,,,,,,,4,4F0,,NEW CISS - CISS contribution from foreign exchange market subindex,"Euro area (changing composition), Contribution from foreign exchange market subindex, Contribution",PURE_NUMB,0
CISS.D.U2.Z0Z.4F.EC.SS_FXN.CON,D,U2,Z0Z,4F,EC,SS_FXN,CON,2024-07-17,0.018955957296577522,A,F,,,P1D,,V,,,,,,,,,,,,,,,,,4,4F0,,NEW CISS - CISS contribution from foreign exchange market subindex,"Euro area (changing composition), Contribution from foreign exchange market subindex, Contribution",PURE_NUMB,0
CISS.D.U2.Z0Z.4F.EC.SS_FXN.CON,D,U2,Z0Z,4F,EC,SS_FXN,CON,2024-07-18,0.01757666549619634,A,F,,,P1D,,V,,,,,,,,,,,,,,,,,4,4F0,,NEW CISS - CISS contribution from foreign exchange market subindex,"Euro area (changing composition), Contribution from foreign exchange market subindex, Contribution",PURE_NUMB,0
CISS.D.U2.Z0Z.4F.EC.SS_FXN.CON,D,U2,Z0Z,4F,EC,SS_FXN,CON,2024-07-19,0.01496426862563639,A,F,,,P1D,,V,,,,,,,,,,,,,,,,,4,4F0,,NEW CISS - CISS contribution from foreign exchange market subindex,"Euro area (changing composition), Contribution from foreign exchange market subindex, Contribution",PURE_NUMB,0
CISS.D.U2.Z0Z.4F.EC.SS_FXN.CON,D,U2,Z0Z,4F,EC,SS_FXN,CON,2024-07-22,0.01244731343821107,A,F,,,P1D,,V,,,,,,,,,,,,,,,,,4,4F0,,NEW CISS - CISS contribution from foreign exchange market subindex,"Euro area (changing composition), Contribution from foreign exchange market subindex, Contribution",PURE_NUMB,0
CISS.D.U2.Z0Z.4F.EC.SS_FXN.CON,D,U2,Z0Z,4F,EC,SS_FXN,CON,2024-07-23,0.021520010584135114,A,F,,,P1D,,V,,,,,,,,,,,,,,,,,4,4F0,,NEW CISS - CISS contribution from foreign exchange market subindex,"Euro area (changing composition), Contribution from foreign exchange market subindex, Contribution",PURE_NUMB,0
CISS.D.U2.Z0Z.4F.EC.SS_FXN.CON,D,U2,Z0Z,4F,EC,SS_FXN,CON,2024-07-24,0.025948893089444557,A,F,,,P1D,,V,,,,,,,,,,,,,,,,,4,4F0,,NEW CISS - CISS contribution from foreign exchange market subindex,"Euro area (changing composition), Contribution from foreign exchange market subindex, Contribution",PURE_NUMB,0
CISS.D.U2.Z0Z.4F.EC.SS_FXN.CON,D,U2,Z0Z,4F,EC,SS_FXN,CON,2024-07-25,0.02635329020263539,A,F,,,P1D,,V,,,,,,,,,,,,,,,,,4,4F0,,NEW CISS - CISS contribution from foreign exchange market subindex,"Euro area (changing composition), Contribution from foreign exchange market subindex, Contribution",PURE_NUMB,0
CISS.D.U2.Z0Z.4F.EC.SS_FXN.CON,D,U2,Z0Z,4F,EC,SS_FXN,CON,2024-07-26,0.02176909385989497,A,F,,,P1D,,V,,,,,,,,,,,,,,,,,4,4F0,,NEW CISS - CISS contribution from foreign exchange market subindex,"Euro area (changing composition), Contribution from foreign exchange market subindex, Contribution",PURE_NUMB,0
CISS.D.U2.Z0Z.4F.EC.SS_FXN.CON,D,U2,Z0Z,4F,EC,SS_FXN,CON,2024-07-29,0.02097262236467805,A,F,,,P1D,,V,,,,,,,,,,,,,,,,,4,4F0,,NEW CISS - CISS contribution from foreign exchange market subindex,"Euro area (changing composition), Contribution from foreign exchange market subindex, Contribution",PURE_NUMB,0
CISS.D.U2.Z0Z.4F.EC.SS_FXN.CON,D,U2,Z0Z,4F,EC,SS_FXN,CON,2024-07-30,0.022086945214865015,A,F,,,P1D,,V,,,,,,,,,,,,,,,,,4,4F0,,NEW CISS - CISS contribution from foreign exchange market subindex,"Euro area (changing composition), Contribution from foreign exchange market subindex, Contribution",PURE_NUMB,0
CISS.D.U2.Z0Z.4F.EC.SS_FXN.CON,D,U2,Z0Z,4F,EC,SS_FXN,CON,2024-07-31,0.030344050184606675,A,F,,,P1D,,V,,,,,,,,,,,,,,,,,4,4F0,,NEW CISS - CISS contribution from foreign exchange market subindex,"Euro area (changing composition), Contribution from foreign exchange market subindex, Contribution",PURE_NUMB,0
CISS.D.U2.Z0Z.4F.EC.SS_FXN.CON,D,U2,Z0Z,4F,EC,SS_FXN,CON,2024-08-01,0.04051238206282416,A,F,,,P1D,,V,,,,,,,,,,,,,,,,,4,4F0,,NEW CISS - CISS contribution from foreign exchange market subindex,"Euro area (changing composition), Contribution from foreign exchange market subindex, Contribution",PURE_NUMB,0
CISS.D.U2.Z0Z.4F.EC.SS_FXN.CON,D,U2,Z0Z,4F,EC,SS_FXN,CON,2024-08-02,0.06876378197817531,A,F,,,P1D,,V,,,,,,,,,,,,,,,,,4,4F0,,NEW CISS - CISS contribution from foreign exchange market subindex,"Euro area (changing composition), Contribution from foreign exchange market subindex, Contribution",PURE_NUMB,0
CISS.D.U2.Z0Z.4F.EC.SS_FXN.CON,D,U2,Z0Z,4F,EC,SS_FXN,CON,2024-08-05,0.07721287953673997,A,F,,,P1D,,V,,,,,,,,,,,,,,,,,4,4F0,,NEW CISS - CISS contribution from foreign exchange market subindex,"Euro area (changing composition), Contribution from foreign exchange market subindex, Contribution",PURE_NUMB,0
CISS.D.U2.Z0Z.4F.EC.SS_FXN.CON,D,U2,Z0Z,4F,EC,SS_FXN,CON,2024-08-06,0.07173543901447957,A,F,,,P1D,,V,,,,,,,,,,,,,,,,,4,4F0,,NEW CISS - CISS contribution from foreign exchange market subindex,"Euro area (changing composition), Contribution from foreign exchange market subindex, Contribution",PURE_NUMB,0
CISS.D.U2.Z0Z.4F.EC.SS_FXN.CON,D,U2,Z0Z,4F,EC,SS_FXN,CON,2024-08-07,0.06807489811339348,A,F,,,P1D,,V,,,,,,,,,,,,,,,,,4,4F0,,NEW CISS - CISS contribution from foreign exchange market subindex,"Euro area (changing composition), Contribution from foreign exchange market subindex, Contribution",PURE_NUMB,0
CISS.D.U2.Z0Z.4F.EC.SS_FXN.CON,D,U2,Z0Z,4F,EC,SS_FXN,CON,2024-08-08,0.06562986001959221,A,F,,,P1D,,V,,,,,,,,,,,,,,,,,4,4F0,,NEW CISS - CISS contribution from foreign exchange market subindex,"Euro area (changing composition), Contribution from foreign exchange market subindex, Contribution",PURE_NUMB,0
CISS.D.U2.Z0Z.4F.EC.SS_FXN.CON,D,U2,Z0Z,4F,EC,SS_FXN,CON,2024-08-09,0.05680674280221714,A,F,,,P1D,,V,,,,,,,,,,,,,,,,,4,4F0,,NEW CISS - CISS contribution from foreign exchange market subindex,"Euro area (changing composition), Contribution from foreign exchange market subindex, Contribution",PURE_NUMB,0
CISS.D.U2.Z0Z.4F.EC.SS_FXN.CON,D,U2,Z0Z,4F,EC,SS_FXN,CON,2024-08-12,0.04934712228036791,A,F,,,P1D,,V,,,,,,,,,,,,,,,,,4,4F0,,NEW CISS - CISS contribution from foreign exchange market subindex,"Euro area (changing composition), Contribution from foreign exchange market subindex, Contribution",PURE_NUMB,0
CISS.D.U2.Z0Z.4F.EC.SS_FXN.CON,D,U2,Z0Z,4F,EC,SS_FXN,CON,2024-08-13,0.04765779252037814,A,F,,,P1D,,V,,,,,,,,,,,,,,,,,4,4F0,,NEW CISS - CISS contribution from foreign exchange market subindex,"Euro area (changing composition), Contribution from foreign exchange market subindex, Contribution",PURE_NUMB,0
CISS.D.U2.Z0Z.4F.EC.SS_FXN.CON,D,U2,Z0Z,4F,EC,SS_FXN,CON,2024-08-14,0.0451651006980545,A,F,,,P1D,,V,,,,,,,,,,,,,,,,,4,4F0,,NEW CISS - CISS contribution from foreign exchange market subindex,"Euro area (changing composition), Contribution from foreign exchange market subindex, Contribution",PURE_NUMB,0
CISS.D.U2.Z0Z.4F.EC.SS_FXN.CON,D,U2,Z0Z,4F,EC,SS_FXN,CON,2024-08-15,0.052590902833929434,A,F,,,P1D,,V,,,,,,,,,,,,,,,,,4,4F0,,NEW CISS - CISS contribution from foreign exchange market subindex,"Euro area (changing composition), Contribution from foreign exchange market subindex, Contribution",PURE_NUMB,0
CISS.D.U2.Z0Z.4F.EC.SS_FXN.CON,D,U2,Z0Z,4F,EC,SS_FXN,CON,2024-08-16,0.049668539049992536,A,F,,,P1D,,V,,,,,,,,,,,,,,,,,4,4F0,,NEW CISS - CISS contribution from foreign exchange market subindex,"Euro area (changing composition), Contribution from foreign exchange market subindex, Contribution",PURE_NUMB,0
CISS.D.U2.Z0Z.4F.EC.SS_FXN.CON,D,U2,Z0Z,4F,EC,SS_FXN,CON,2024-08-19,0.04598582192889106,A,F,,,P1D,,V,,,,,,,,,,,,,,,,,4,4F0,,NEW CISS - CISS contribution from foreign exchange market subindex,"Euro area (changing composition), Contribution from foreign exchange market subindex, Contribution",PURE_NUMB,0
CISS.D.U2.Z0Z.4F.EC.SS_FXN.CON,D,U2,Z0Z,4F,EC,SS_FXN,CON,2024-08-20,0.041849085857430766,A,F,,,P1D,,V,,,,,,,,,,,,,,,,,4,4F0,,NEW CISS - CISS contribution from foreign exchange market subindex,"Euro area (changing composition), Contribution from foreign exchange market subindex, Contribution",PURE_NUMB,0
CISS.D.U2.Z0Z.4F.EC.SS_FXN.CON,D,U2,Z0Z,4F,EC,SS_FXN,CON,2024-08-21,0.036147823647576814,A,F,,,P1D,,V,,,,,,,,,,,,,,,,,4,4F0,,NEW CISS - CISS contribution from foreign exchange market subindex,"Euro area (changing composition), Contribution from foreign exchange market subindex, Contribution",PURE_NUMB,0
CISS.D.U2.Z0Z.4F.EC.SS_FXN.CON,D,U2,Z0Z,4F,EC,SS_FXN,CON,2024-08-22,0.03291766235961045,A,F,,,P1D,,V,,,,,,,,,,,,,,,,,4,4F0,,NEW CISS - CISS contribution from foreign exchange market subindex,"Euro area (changing composition), Contribution from foreign exchange market subindex, Contribution",PURE_NUMB,0
CISS.D.U2.Z0Z.4F.EC.SS_FXN.CON,D,U2,Z0Z,4F,EC,SS_FXN,CON,2024-08-23,0.03660265854846928,A,F,,,P1D,,V,,,,,,,,,,,,,,,,,4,4F0,,NEW CISS - CISS contribution from foreign exchange market subindex,"Euro area (changing composition), Contribution from foreign exchange market subindex, Contribution",PURE_NUMB,0
CISS.D.U2.Z0Z.4F.EC.SS_FXN.CON,D,U2,Z0Z,4F,EC,SS_FXN,CON,2024-08-26,0.02978199767667024,A,F,,,P1D,,V,,,,,,,,,,,,,,,,,4,4F0,,NEW CISS - CISS contribution from foreign exchange market subindex,"Euro area (changing composition), Contribution from foreign exchange market subindex, Contribution",PURE_NUMB,0
CISS.D.U2.Z0Z.4F.EC.SS_FXN.CON,D,U2,Z0Z,4F,EC,SS_FXN,CON,2024-08-27,0.02595377875505226,A,F,,,P1D,,V,,,,,,,,,,,,,,,,,4,4F0,,NEW CISS - CISS contribution from foreign exchange market subindex,"Euro area (changing composition), Contribution from foreign exchange market subindex, Contribution",PURE_NUMB,0
CISS.D.U2.Z0Z.4F.EC.SS_FXN.CON,D,U2,Z0Z,4F,EC,SS_FXN,CON,2024-08-28,0.023256164062946765,A,F,,,P1D,,V,,,,,,,,,,,,,,,,,4,4F0,,NEW CISS - CISS contribution from foreign exchange market subindex,"Euro area (changing composition), Contribution from foreign exchange market subindex, Contribution",PURE_NUMB,0
CISS.D.U2.Z0Z.4F.EC.SS_FXN.CON,D,U2,Z0Z,4F,EC,SS_FXN,CON,2024-08-29,0.020223259850386283,A,F,,,P1D,,V,,,,,,,,,,,,,,,,,4,4F0,,NEW CISS - CISS contribution from foreign exchange market subindex,"Euro area (changing composition), Contribution from foreign exchange market subindex, Contribution",PURE_NUMB,0
CISS.D.U2.Z0Z.4F.EC.SS_FXN.CON,D,U2,Z0Z,4F,EC,SS_FXN,CON,2024-08-30,0.017971961142913113,A,F,,,P1D,,V,,,,,,,,,,,,,,,,,4,4F0,,NEW CISS - CISS contribution from foreign exchange market subindex,"Euro area (changing composition), Contribution from foreign exchange market subindex, Contribution",PURE_NUMB,0
CISS.D.U2.Z0Z.4F.EC.SS_FXN.CON,D,U2,Z0Z,4F,EC,SS_FXN,CON,2024-09-02,0.018946122740896458,A,F,,,P1D,,V,,,,,,,,,,,,,,,,,4,4F0,,NEW CISS - CISS contribution from foreign exchange market subindex,"Euro area (changing composition), Contribution from foreign exchange market subindex, Contribution",PURE_NUMB,0
CISS.D.U2.Z0Z.4F.EC.SS_FXN.CON,D,U2,Z0Z,4F,EC,SS_FXN,CON,2024-09-03,0.027660164985540074,A,F,,,P1D,,V,,,,,,,,,,,,,,,,,4,4F0,,NEW CISS - CISS contribution from foreign exchange market subindex,"Euro area (changing composition), Contribution from foreign exchange market subindex, Contribution",PURE_NUMB,0
CISS.D.U2.Z0Z.4F.EC.SS_FXN.CON,D,U2,Z0Z,4F,EC,SS_FXN,CON,2024-09-04,0.02937082036612077,A,F,,,P1D,,V,,,,,,,,,,,,,,,,,4,4F0,,NEW CISS - CISS contribution from foreign exchange market subindex,"Euro area (changing composition), Contribution from foreign exchange market subindex, Contribution",PURE_NUMB,0
CISS.D.U2.Z0Z.4F.EC.SS_FXN.CON,D,U2,Z0Z,4F,EC,SS_FXN,CON,2024-09-05,0.02546675412328534,A,F,,,P1D,,V,,,,,,,,,,,,,,,,,4,4F0,,NEW CISS - CISS contribution from foreign exchange market subindex,"Euro area (changing composition), Contribution from foreign exchange market subindex, Contribution",PURE_NUMB,0
CISS.D.U2.Z0Z.4F.EC.SS_FXN.CON,D,U2,Z0Z,4F,EC,SS_FXN,CON,2024-09-06,0.029497200243581954,A,F,,,P1D,,V,,,,,,,,,,,,,,,,,4,4F0,,NEW CISS - CISS contribution from foreign exchange market subindex,"Euro area (changing composition), Contribution from foreign exchange market subindex, Contribution",PURE_NUMB,0
CISS.D.U2.Z0Z.4F.EC.SS_FXN.CON,D,U2,Z0Z,4F,EC,SS_FXN,CON,2024-09-09,0.026387264859296846,A,F,,,P1D,,V,,,,,,,,,,,,,,,,,4,4F0,,NEW CISS - CISS contribution from foreign exchange market subindex,"Euro area (changing composition), Contribution from foreign exchange market subindex, Contribution",PURE_NUMB,0
CISS.D.U2.Z0Z.4F.EC.SS_FXN.CON,D,U2,Z0Z,4F,EC,SS_FXN,CON,2024-09-10,0.024991096578911003,A,F,,,P1D,,V,,,,,,,,,,,,,,,,,4,4F0,,NEW CISS - CISS contribution from foreign exchange market subindex,"Euro area (changing composition), Contribution from foreign exchange market subindex, Contribution",PURE_NUMB,0
CISS.D.U2.Z0Z.4F.EC.SS_FXN.CON,D,U2,Z0Z,4F,EC,SS_FXN,CON,2024-09-11,0.02179182377297466,A,F,,,P1D,,V,,,,,,,,,,,,,,,,,4,4F0,,NEW CISS - CISS contribution from foreign exchange market subindex,"Euro area (changing composition), Contribution from foreign exchange market subindex, Contribution",PURE_NUMB,0
CISS.D.U2.Z0Z.4F.EC.SS_FXN.CON,D,U2,Z0Z,4F,EC,SS_FXN,CON,2024-09-12,0.021707861831511924,A,F,,,P1D,,V,,,,,,,,,,,,,,,,,4,4F0,,NEW CISS - CISS contribution from foreign exchange market subindex,"Euro area (changing composition), Contribution from foreign exchange market subindex, Contribution",PURE_NUMB,0
CISS.D.U2.Z0Z.4F.EC.SS_FXN.CON,D,U2,Z0Z,4F,EC,SS_FXN,CON,2024-09-13,0.020422697898582347,A,F,,,P1D,,V,,,,,,,,,,,,,,,,,4,4F0,,NEW CISS - CISS contribution from foreign exchange market subindex,"Euro area (changing composition), Contribution from foreign exchange market subindex, Contribution",PURE_NUMB,0
CISS.D.U2.Z0Z.4F.EC.SS_FXN.CON,D,U2,Z0Z,4F,EC,SS_FXN,CON,2024-09-16,0.020599609036385868,A,F,,,P1D,,V,,,,,,,,,,,,,,,,,4,4F0,,NEW CISS - CISS contribution from foreign exchange market subindex,"Euro area (changing composition), Contribution from foreign exchange market subindex, Contribution",PURE_NUMB,0
CISS.D.U2.Z0Z.4F.EC.SS_FXN.CON,D,U2,Z0Z,4F,EC,SS_FXN,CON,2024-09-17,0.024769323604964623,A,F,,,P1D,,V,,,,,,,,,,,,,,,,,4,4F0,,NEW CISS - CISS contribution from foreign exchange market subindex,"Euro area (changing composition), Contribution from foreign exchange market subindex, Contribution",PURE_NUMB,0
CISS.D.U2.Z0Z.4F.EC.SS_FXN.CON,D,U2,Z0Z,4F,EC,SS_FXN,CON,2024-09-18,0.02213427301412796,A,F,,,P1D,,V,,,,,,,,,,,,,,,,,4,4F0,,NEW CISS - CISS contribution from foreign exchange market subindex,"Euro area (changing composition), Contribution from foreign exchange market subindex, Contribution",PURE_NUMB,0
CISS.D.U2.Z0Z.4F.EC.SS_FXN.CON,D,U2,Z0Z,4F,EC,SS_FXN,CON,2024-09-19,0.022779907341206253,A,F,,,P1D,,V,,,,,,,,,,,,,,,,,4,4F0,,NEW CISS - CISS contribution from foreign exchange market subindex,"Euro area (changing composition), Contribution from foreign exchange market subindex, Contribution",PURE_NUMB,0
CISS.D.U2.Z0Z.4F.EC.SS_FXN.CON,D,U2,Z0Z,4F,EC,SS_FXN,CON,2024-09-20,0.02484987275103738,A,F,,,P1D,,V,,,,,,,,,,,,,,,,,4,4F0,,NEW CISS - CISS contribution from foreign exchange market subindex,"Euro area (changing composition), Contribution from foreign exchange market subindex, Contribution",PURE_NUMB,0
CISS.D.U2.Z0Z.4F.EC.SS_FXN.CON,D,U2,Z0Z,4F,EC,SS_FXN,CON,2024-09-23,0.033245248843829026,A,F,,,P1D,,V,,,,,,,,,,,,,,,,,4,4F0,,NEW CISS - CISS contribution from foreign exchange market subindex,"Euro area (changing composition), Contribution from foreign exchange market subindex, Contribution",PURE_NUMB,0
CISS.D.U2.Z0Z.4F.EC.SS_FXN.CON,D,U2,Z0Z,4F,EC,SS_FXN,CON,2024-09-24,0.03379576190837882,A,F,,,P1D,,V,,,,,,,,,,,,,,,,,4,4F0,,NEW CISS - CISS contribution from foreign exchange market subindex,"Euro area (changing composition), Contribution from foreign exchange market subindex, Contribution",PURE_NUMB,0
CISS.D.U2.Z0Z.4F.EC.SS_FXN.CON,D,U2,Z0Z,4F,EC,SS_FXN,CON,2024-09-25,0.03325432426489652,A,F,,,P1D,,V,,,,,,,,,,,,,,,,,4,4F0,,NEW CISS - CISS contribution from foreign exchange market subindex,"Euro area (changing composition), Contribution from foreign exchange market subindex, Contribution",PURE_NUMB,0
CISS.D.U2.Z0Z.4F.EC.SS_FXN.CON,D,U2,Z0Z,4F,EC,SS_FXN,CON,2024-09-26,0.03259491867519853,A,F,,,P1D,,V,,,,,,,,,,,,,,,,,4,4F0,,NEW CISS - CISS contribution from foreign exchange market subindex,"Euro area (changing composition), Contribution from foreign exchange market subindex, Contribution",PURE_NUMB,0
CISS.D.U2.Z0Z.4F.EC.SS_FXN.CON,D,U2,Z0Z,4F,EC,SS_FXN,CON,2024-09-27,0.04208355806708627,A,F,,,P1D,,V,,,,,,,,,,,,,,,,,4,4F0,,NEW CISS - CISS contribution from foreign exchange market subindex,"Euro area (changing composition), Contribution from foreign exchange market subindex, Contribution",PURE_NUMB,0
CISS.D.U2.Z0Z.4F.EC.SS_FXN.CON,D,U2,Z0Z,4F,EC,SS_FXN,CON,2024-09-30,0.04020802510717422,A,F,,,P1D,,V,,,,,,,,,,,,,,,,,4,4F0,,NEW CISS - CISS contribution from foreign exchange market subindex,"Euro area (changing composition), Contribution from foreign exchange market subindex, Contribution",PURE_NUMB,0
CISS.D.U2.Z0Z.4F.EC.SS_FXN.CON,D,U2,Z0Z,4F,EC,SS_FXN,CON,2024-10-01,0.043592277540185784,A,F,,,P1D,,V,,,,,,,,,,,,,,,,,4,4F0,,NEW CISS - CISS contribution from foreign exchange market subindex,"Euro area (changing composition), Contribution from foreign exchange market subindex, Contribution",PURE_NUMB,0
CISS.D.U2.Z0Z.4F.EC.SS_FXN.CON,D,U2,Z0Z,4F,EC,SS_FXN,CON,2024-10-02,0.04347369494895871,A,F,,,P1D,,V,,,,,,,,,,,,,,,,,4,4F0,,NEW CISS - CISS contribution from foreign exchange market subindex,"Euro area (changing composition), Contribution from foreign exchange market subindex, Contribution",PURE_NUMB,0
CISS.D.U2.Z0Z.4F.EC.SS_FXN.CON,D,U2,Z0Z,4F,EC,SS_FXN,CON,2024-10-03,0.059495640307087996,A,F,,,P1D,,V,,,,,,,,,,,,,,,,,4,4F0,,NEW CISS - CISS contribution from foreign exchange market subindex,"Euro area (changing composition), Contribution from foreign exchange market subindex, Contribution",PURE_NUMB,0
CISS.D.U2.Z0Z.4F.EC.SS_FXN.CON,D,U2,Z0Z,4F,EC,SS_FXN,CON,2024-10-04,0.06007049282693101,A,F,,,P1D,,V,,,,,,,,,,,,,,,,,4,4F0,,NEW CISS - CISS contribution from foreign exchange market subindex,"Euro area (changing composition), Contribution from foreign exchange market subindex, Contribution",PURE_NUMB,0
CISS.D.U2.Z0Z.4F.EC.SS_FXN.CON,D,U2,Z0Z,4F,EC,SS_FXN,CON,2024-10-07,0.05289743362197003,A,F,,,P1D,,V,,,,,,,,,,,,,,,,,4,4F0,,NEW CISS - CISS contribution from foreign exchange market subindex,"Euro area (changing composition), Contribution from foreign exchange market subindex, Contribution",PURE_NUMB,0
CISS.D.U2.Z0Z.4F.EC.SS_FXN.CON,D,U2,Z0Z,4F,EC,SS_FXN,CON,2024-10-08,0.04518991332101413,A,F,,,P1D,,V,,,,,,,,,,,,,,,,,4,4F0,,NEW CISS - CISS contribution from foreign exchange market subindex,"Euro area (changing composition), Contribution from foreign exchange market subindex, Contribution",PURE_NUMB,0
CISS.D.U2.Z0Z.4F.EC.SS_FXN.CON,D,U2,Z0Z,4F,EC,SS_FXN,CON,2024-10-09,0.04010654704399505,A,F,,,P1D,,V,,,,,,,,,,,,,,,,,4,4F0,,NEW CISS - CISS contribution from foreign exchange market subindex,"Euro area (changing composition), Contribution from foreign exchange market subindex, Contribution",PURE_NUMB,0
CISS.D.U2.Z0Z.4F.EC.SS_FXN.CON,D,U2,Z0Z,4F,EC,SS_FXN,CON,2024-10-10,0.03396707954372294,A,F,,,P1D,,V,,,,,,,,,,,,,,,,,4,4F0,,NEW CISS - CISS contribution from foreign exchange market subindex,"Euro area (changing composition), Contribution from foreign exchange market subindex, Contribution",PURE_NUMB,0
CISS.D.U2.Z0Z.4F.EC.SS_FXN.CON,D,U2,Z0Z,4F,EC,SS_FXN,CON,2024-10-11,0.028178341052617076,A,F,,,P1D,,V,,,,,,,,,,,,,,,,,4,4F0,,NEW CISS - CISS contribution from foreign exchange market subindex,"Euro area (changing composition), Contribution from foreign exchange market subindex, Contribution",PURE_NUMB,0
CISS.D.U2.Z0Z.4F.EC.SS_FXN.CON,D,U2,Z0Z,4F,EC,SS_FXN,CON,2024-10-14,0.024510581962350737,A,F,,,P1D,,V,,,,,,,,,,,,,,,,,4,4F0,,NEW CISS - CISS contribution from foreign exchange market subindex,"Euro area (changing composition), Contribution from foreign exchange market subindex, Contribution",PURE_NUMB,0
CISS.D.U2.Z0Z.4F.EC.SS_FXN.CON,D,U2,Z0Z,4F,EC,SS_FXN,CON,2024-10-15,0.024107488515490477,A,F,,,P1D,,V,,,,,,,,,,,,,,,,,4,4F0,,NEW CISS - CISS contribution from foreign exchange market subindex,"Euro area (changing composition), Contribution from foreign exchange market subindex, Contribution",PURE_NUMB,0
CISS.D.U2.Z0Z.4F.EC.SS_FXN.CON,D,U2,Z0Z,4F,EC,SS_FXN,CON,2024-10-16,0.02287233058222607,A,F,,,P1D,,V,,,,,,,,,,,,,,,,,4,4F0,,NEW CISS - CISS contribution from foreign exchange market subindex,"Euro area (changing composition), Contribution from foreign exchange market subindex, Contribution",PURE_NUMB,0
CISS.D.U2.Z0Z.4F.EC.SS_FXN.CON,D,U2,Z0Z,4F,EC,SS_FXN,CON,2024-10-17,0.021859622619528927,A,F,,,P1D,,V,,,,,,,,,,,,,,,,,4,4F0,,NEW CISS - CISS contribution from foreign exchange market subindex,"Euro area (changing composition), Contribution from foreign exchange market subindex, Contribution",PURE_NUMB,0
CISS.D.U2.Z0Z.4F.EC.SS_FXN.CON,D,U2,Z0Z,4F,EC,SS_FXN,CON,2024-10-18,0.017797885281497124,A,F,,,P1D,,V,,,,,,,,,,,,,,,,,4,4F0,,NEW CISS - CISS contribution from foreign exchange market subindex,"Euro area (changing composition), Contribution from foreign exchange market subindex, Contribution",PURE_NUMB,0
CISS.D.U2.Z0Z.4F.EC.SS_FXN.CON,D,U2,Z0Z,4F,EC,SS_FXN,CON,2024-10-21,0.017637093909486645,A,F,,,P1D,,V,,,,,,,,,,,,,,,,,4,4F0,,NEW CISS - CISS contribution from foreign exchange market subindex,"Euro area (changing composition), Contribution from foreign exchange market subindex, Contribution",PURE_NUMB,0
CISS.D.U2.Z0Z.4F.EC.SS_FXN.CON,D,U2,Z0Z,4F,EC,SS_FXN,CON,2024-10-22,0.013565539573093817,A,F,,,P1D,,V,,,,,,,,,,,,,,,,,4,4F0,,NEW CISS - CISS contribution from foreign exchange market subindex,"Euro area (changing composition), Contribution from foreign exchange market subindex, Contribution",PURE_NUMB,0
CISS.D.U2.Z0Z.4F.EC.SS_FXN.CON,D,U2,Z0Z,4F,EC,SS_FXN,CON,2024-10-23,0.019943895348601613,A,F,,,P1D,,V,,,,,,,,,,,,,,,,,4,4F0,,NEW CISS - CISS contribution from foreign exchange market subindex,"Euro area (changing composition), Contribution from foreign exchange market subindex, Contribution",PURE_NUMB,0
CISS.D.U2.Z0Z.4F.EC.SS_FXN.CON,D,U2,Z0Z,4F,EC,SS_FXN,CON,2024-10-24,0.017073961215578144,A,F,,,P1D,,V,,,,,,,,,,,,,,,,,4,4F0,,NEW CISS - CISS contribution from foreign exchange market subindex,"Euro area (changing composition), Contribution from foreign exchange market subindex, Contribution",PURE_NUMB,0
CISS.D.U2.Z0Z.4F.EC.SS_FXN.CON,D,U2,Z0Z,4F,EC,SS_FXN,CON,2024-10-25,0.013768346956435487,A,F,,,P1D,,V,,,,,,,,,,,,,,,,,4,4F0,,NEW CISS - CISS contribution from foreign exchange market subindex,"Euro area (changing composition), Contribution from foreign exchange market subindex, Contribution",PURE_NUMB,0
CISS.D.U2.Z0Z.4F.EC.SS_FXN.CON,D,U2,Z0Z,4F,EC,SS_FXN,CON,2024-10-28,0.015565105940440065,A,F,,,P1D,,V,,,,,,,,,,,,,,,,,4,4F0,,NEW CISS - CISS contribution from foreign exchange market subindex,"Euro area (changing composition), Contribution from foreign exchange market subindex, Contribution",PURE_NUMB,0
CISS.D.U2.Z0Z.4F.EC.SS_FXN.CON,D,U2,Z0Z,4F,EC,SS_FXN,CON,2024-10-29,0.013424831238183416,A,F,,,P1D,,V,,,,,,,,,,,,,,,,,4,4F0,,NEW CISS - CISS contribution from foreign exchange market subindex,"Euro area (changing composition), Contribution from foreign exchange market subindex, Contribution",PURE_NUMB,0
CISS.D.U2.Z0Z.4F.EC.SS_FXN.CON,D,U2,Z0Z,4F,EC,SS_FXN,CON,2024-10-30,0.023436412256482898,A,F,,,P1D,,V,,,,,,,,,,,,,,,,,4,4F0,,NEW CISS - CISS contribution from foreign exchange market subindex,"Euro area (changing composition), Contribution from foreign exchange market subindex, Contribution",PURE_NUMB,0
CISS.D.U2.Z0Z.4F.EC.SS_FXN.CON,D,U2,Z0Z,4F,EC,SS_FXN,CON,2024-10-31,0.032079673309101345,A,F,,,P1D,,V,,,,,,,,,,,,,,,,,4,4F0,,NEW CISS - CISS contribution from foreign exchange market subindex,"Euro area (changing composition), Contribution from foreign exchange market subindex, Contribution",PURE_NUMB,0
CISS.D.U2.Z0Z.4F.EC.SS_FXN.CON,D,U2,Z0Z,4F,EC,SS_FXN,CON,2024-11-01,0.033065636000017655,A,F,,,P1D,,V,,,,,,,,,,,,,,,,,4,4F0,,NEW CISS - CISS contribution from foreign exchange market subindex,"Euro area (changing composition), Contribution from foreign exchange market subindex, Contribution",PURE_NUMB,0
CISS.D.U2.Z0Z.4F.EC.SS_FXN.CON,D,U2,Z0Z,4F,EC,SS_FXN,CON,2024-11-04,0.02948906383673883,A,F,,,P1D,,V,,,,,,,,,,,,,,,,,4,4F0,,NEW CISS - CISS contribution from foreign exchange market subindex,"Euro area (changing composition), Contribution from foreign exchange market subindex, Contribution",PURE_NUMB,0
CISS.D.U2.Z0Z.4F.EC.SS_FXN.CON,D,U2,Z0Z,4F,EC,SS_FXN,CON,2024-11-05,0.0260640187867407,A,F,,,P1D,,V,,,,,,,,,,,,,,,,,4,4F0,,NEW CISS - CISS contribution from foreign exchange market subindex,"Euro area (changing composition), Contribution from foreign exchange market subindex, Contribution",PURE_NUMB,0
CISS.D.U2.Z0Z.4F.EC.SS_FXN.CON,D,U2,Z0Z,4F,EC,SS_FXN,CON,2024-11-06,0.0548156510205538,A,F,,,P1D,,V,,,,,,,,,,,,,,,,,4,4F0,,NEW CISS - CISS contribution from foreign exchange market subindex,"Euro area (changing composition), Contribution from foreign exchange market subindex, Contribution",PURE_NUMB,0
CISS.D.U2.Z0Z.4F.EC.SS_FXN.CON,D,U2,Z0Z,4F,EC,SS_FXN,CON,2024-11-07,0.05081285877741073,A,F,,,P1D,,V,,,,,,,,,,,,,,,,,4,4F0,,NEW CISS - CISS contribution from foreign exchange market subindex,"Euro area (changing composition), Contribution from foreign exchange market subindex, Contribution",PURE_NUMB,0
CISS.D.U2.Z0Z.4F.EC.SS_FXN.CON,D,U2,Z0Z,4F,EC,SS_FXN,CON,2024-11-08,0.060569811465400816,A,F,,,P1D,,V,,,,,,,,,,,,,,,,,4,4F0,,NEW CISS - CISS contribution from foreign exchange market subindex,"Euro area (changing composition), Contribution from foreign exchange market subindex, Contribution",PURE_NUMB,0
CISS.D.U2.Z0Z.4F.EC.SS_FXN.CON,D,U2,Z0Z,4F,EC,SS_FXN,CON,2024-11-11,0.053491011752262584,A,F,,,P1D,,V,,,,,,,,,,,,,,,,,4,4F0,,NEW CISS - CISS contribution from foreign exchange market subindex,"Euro area (changing composition), Contribution from foreign exchange market subindex, Contribution",PURE_NUMB,0
CISS.D.U2.Z0Z.4F.EC.SS_FXN.CON,D,U2,Z0Z,4F,EC,SS_FXN,CON,2024-11-12,0.05860957949467175,A,F,,,P1D,,V,,,,,,,,,,,,,,,,,4,4F0,,NEW CISS - CISS contribution from foreign exchange market subindex,"Euro area (changing composition), Contribution from foreign exchange market subindex, Contribution",PURE_NUMB,0
CISS.D.U2.Z0Z.4F.EC.SS_FXN.CON,D,U2,Z0Z,4F,EC,SS_FXN,CON,2024-11-13,0.051581976813681873,A,F,,,P1D,,V,,,,,,,,,,,,,,,,,4,4F0,,NEW CISS - CISS contribution from foreign exchange market subindex,"Euro area (changing composition), Contribution from foreign exchange market subindex, Contribution",PURE_NUMB,0
CISS.D.U2.Z0Z.4F.EC.SS_FXN.CON,D,U2,Z0Z,4F,EC,SS_FXN,CON,2024-11-14,0.043843293518641774,A,F,,,P1D,,V,,,,,,,,,,,,,,,,,4,4F0,,NEW CISS - CISS contribution from foreign exchange market subindex,"Euro area (changing composition), Contribution from foreign exchange market subindex, Contribution",PURE_NUMB,0
CISS.D.U2.Z0Z.4F.EC.SS_FXN.CON,D,U2,Z0Z,4F,EC,SS_FXN,CON,2024-11-15,0.05374971103641559,A,F,,,P1D,,V,,,,,,,,,,,,,,,,,4,4F0,,NEW CISS - CISS contribution from foreign exchange market subindex,"Euro area (changing composition), Contribution from foreign exchange market subindex, Contribution",PURE_NUMB,0
CISS.D.U2.Z0Z.4F.EC.SS_FXN.CON,D,U2,Z0Z,4F,EC,SS_FXN,CON,2024-11-18,0.05201609354298232,A,F,,,P1D,,V,,,,,,,,,,,,,,,,,4,4F0,,NEW CISS - CISS contribution from foreign exchange market subindex,"Euro area (changing composition), Contribution from foreign exchange market subindex, Contribution",PURE_NUMB,0
CISS.D.U2.Z0Z.4F.EC.SS_FXN.CON,D,U2,Z0Z,4F,EC,SS_FXN,CON,2024-11-19,0.04652960136130845,A,F,,,P1D,,V,,,,,,,,,,,,,,,,,4,4F0,,NEW CISS - CISS contribution from foreign exchange market subindex,"Euro area (changing composition), Contribution from foreign exchange market subindex, Contribution",PURE_NUMB,0
CISS.D.U2.Z0Z.4F.EC.SS_FXN.CON,D,U2,Z0Z,4F,EC,SS_FXN,CON,2024-11-20,0.04062687380909376,A,F,,,P1D,,V,,,,,,,,,,,,,,,,,4,4F0,,NEW CISS - CISS contribution from foreign exchange market subindex,"Euro area (changing composition), Contribution from foreign exchange market subindex, Contribution",PURE_NUMB,0
CISS.D.U2.Z0Z.4F.EC.SS_FXN.CON,D,U2,Z0Z,4F,EC,SS_FXN,CON,2024-11-21,0.04950393463851293,A,F,,,P1D,,V,,,,,,,,,,,,,,,,,4,4F0,,NEW CISS - CISS contribution from foreign exchange market subindex,"Euro area (changing composition), Contribution from foreign exchange market subindex, Contribution",PURE_NUMB,0
CISS.D.U2.Z0Z.4F.EC.SS_FXN.CON,D,U2,Z0Z,4F,EC,SS_FXN,CON,2024-11-22,0.04776334997560328,A,F,,,P1D,,V,,,,,,,,,,,,,,,,,4,4F0,,NEW CISS - CISS contribution from foreign exchange market subindex,"Euro area (changing composition), Contribution from foreign exchange market subindex, Contribution",PURE_NUMB,0
CISS.D.U2.Z0Z.4F.EC.SS_FXN.CON,D,U2,Z0Z,4F,EC,SS_FXN,CON,2024-11-25,0.04889958876097143,A,F,,,P1D,,V,,,,,,,,,,,,,,,,,4,4F0,,NEW CISS - CISS contribution from foreign exchange market subindex,"Euro area (changing composition), Contribution from foreign exchange market subindex, Contribution",PURE_NUMB,0
CISS.D.U2.Z0Z.4F.EC.SS_FXN.CON,D,U2,Z0Z,4F,EC,SS_FXN,CON,2024-11-26,0.0454706192294594,A,F,,,P1D,,V,,,,,,,,,,,,,,,,,4,4F0,,NEW CISS - CISS contribution from foreign exchange market subindex,"Euro area (changing composition), Contribution from foreign exchange market subindex, Contribution",PURE_NUMB,0
CISS.D.U2.Z0Z.4F.EC.SS_FXN.CON,D,U2,Z0Z,4F,EC,SS_FXN,CON,2024-11-27,0.04500474443492097,A,F,,,P1D,,V,,,,,,,,,,,,,,,,,4,4F0,,NEW CISS - CISS contribution from foreign exchange market subindex,"Euro area (changing composition), Contribution from foreign exchange market subindex, Contribution",PURE_NUMB,0
CISS.D.U2.Z0Z.4F.EC.SS_FXN.CON,D,U2,Z0Z,4F,EC,SS_FXN,CON,2024-11-28,0.037254638173869536,A,F,,,P1D,,V,,,,,,,,,,,,,,,,,4,4F0,,NEW CISS - CISS contribution from foreign exchange market subindex,"Euro area (changing composition), Contribution from foreign exchange market subindex, Contribution",PURE_NUMB,0
CISS.D.U2.Z0Z.4F.EC.SS_FXN.CON,D,U2,Z0Z,4F,EC,SS_FXN,CON,2024-11-29,0.03774550470932802,A,F,,,P1D,,V,,,,,,,,,,,,,,,,,4,4F0,,NEW CISS - CISS contribution from foreign exchange market subindex,"Euro area (changing composition), Contribution from foreign exchange market subindex, Contribution",PURE_NUMB,0
CISS.D.U2.Z0Z.4F.EC.SS_FXN.CON,D,U2,Z0Z,4F,EC,SS_FXN,CON,2024-12-02,0.04125789455435164,A,F,,,P1D,,V,,,,,,,,,,,,,,,,,4,4F0,,NEW CISS - CISS contribution from foreign exchange market subindex,"Euro area (changing composition), Contribution from foreign exchange market subindex, Contribution",PURE_NUMB,0
CISS.D.U2.Z0Z.4F.EC.SS_FXN.CON,D,U2,Z0Z,4F,EC,SS_FXN,CON,2024-12-03,0.033700503180384096,A,F,,,P1D,,V,,,,,,,,,,,,,,,,,4,4F0,,NEW CISS - CISS contribution from foreign exchange market subindex,"Euro area (changing composition), Contribution from foreign exchange market subindex, Contribution",PURE_NUMB,0
CISS.D.U2.Z0Z.4F.EC.SS_FXN.CON,D,U2,Z0Z,4F,EC,SS_FXN,CON,2024-12-04,0.030603358695919448,A,F,,,P1D,,V,,,,,,,,,,,,,,,,,4,4F0,,NEW CISS - CISS contribution from foreign exchange market subindex,"Euro area (changing composition), Contribution from foreign exchange market subindex, Contribution",PURE_NUMB,0
CISS.D.U2.Z0Z.4F.EC.SS_FXN.CON,D,U2,Z0Z,4F,EC,SS_FXN,CON,2024-12-05,0.03390305197499659,A,F,,,P1D,,V,,,,,,,,,,,,,,,,,4,4F0,,NEW CISS - CISS contribution from foreign exchange market subindex,"Euro area (changing composition), Contribution from foreign exchange market subindex, Contribution",PURE_NUMB,0
CISS.D.U2.Z0Z.4F.EC.SS_FXN.CON,D,U2,Z0Z,4F,EC,SS_FXN,CON,2024-12-06,0.026748475641393526,A,F,,,P1D,,V,,,,,,,,,,,,,,,,,4,4F0,,NEW CISS - CISS contribution from foreign exchange market subindex,"Euro area (changing composition), Contribution from foreign exchange market subindex, Contribution",PURE_NUMB,0
CISS.D.U2.Z0Z.4F.EC.SS_FXN.CON,D,U2,Z0Z,4F,EC,SS_FXN,CON,2024-12-09,0.02419314118318167,A,F,,,P1D,,V,,,,,,,,,,,,,,,,,4,4F0,,NEW CISS - CISS contribution from foreign exchange market subindex,"Euro area (changing composition), Contribution from foreign exchange market subindex, Contribution",PURE_NUMB,0
CISS.D.U2.Z0Z.4F.EC.SS_FXN.CON,D,U2,Z0Z,4F,EC,SS_FXN,CON,2024-12-10,0.022246048184748155,A,F,,,P1D,,V,,,,,,,,,,,,,,,,,4,4F0,,NEW CISS - CISS contribution from foreign exchange market subindex,"Euro area (changing composition), Contribution from foreign exchange market subindex, Contribution",PURE_NUMB,0
CISS.D.U2.Z0Z.4F.EC.SS_FXN.CON,D,U2,Z0Z,4F,EC,SS_FXN,CON,2024-12-11,0.019055886710805173,A,F,,,P1D,,V,,,,,,,,,,,,,,,,,4,4F0,,NEW CISS - CISS contribution from foreign exchange market subindex,"Euro area (changing composition), Contribution from foreign exchange market subindex, Contribution",PURE_NUMB,0
CISS.D.U2.Z0Z.4F.EC.SS_FXN.CON,D,U2,Z0Z,4F,EC,SS_FXN,CON,2024-12-12,0.01717148186675979,A,F,,,P1D,,V,,,,,,,,,,,,,,,,,4,4F0,,NEW CISS - CISS contribution from foreign exchange market subindex,"Euro area (changing composition), Contribution from foreign exchange market subindex, Contribution",PURE_NUMB,0
CISS.D.U2.Z0Z.4F.EC.SS_FXN.CON,D,U2,Z0Z,4F,EC,SS_FXN,CON,2024-12-13,0.033183074889422695,A,F,,,P1D,,V,,,,,,,,,,,,,,,,,4,4F0,,NEW CISS - CISS contribution from foreign exchange market subindex,"Euro area (changing composition), Contribution from foreign exchange market subindex, Contribution",PURE_NUMB,0
CISS.D.U2.Z0Z.4F.EC.SS_FXN.CON,D,U2,Z0Z,4F,EC,SS_FXN,CON,2024-12-16,0.03004136963084061,A,F,,,P1D,,V,,,,,,,,,,,,,,,,,4,4F0,,NEW CISS - CISS contribution from foreign exchange market subindex,"Euro area (changing composition), Contribution from foreign exchange market subindex, Contribution",PURE_NUMB,0
CISS.D.U2.Z0Z.4F.EC.SS_FXN.CON,D,U2,Z0Z,4F,EC,SS_FXN,CON,2024-12-17,0.03064950808115019,A,F,,,P1D,,V,,,,,,,,,,,,,,,,,4,4F0,,NEW CISS - CISS contribution from foreign exchange market subindex,"Euro area (changing composition), Contribution from foreign exchange market subindex, Contribution",PURE_NUMB,0
CISS.D.U2.Z0Z.4F.EC.SS_FXN.CON,D,U2,Z0Z,4F,EC,SS_FXN,CON,2024-12-18,0.04643908512328848,A,F,,,P1D,,V,,,,,,,,,,,,,,,,,4,4F0,,NEW CISS - CISS contribution from foreign exchange market subindex,"Euro area (changing composition), Contribution from foreign exchange market subindex, Contribution",PURE_NUMB,0
CISS.D.U2.Z0Z.4F.EC.SS_FXN.CON,D,U2,Z0Z,4F,EC,SS_FXN,CON,2024-12-19,0.06585806245763857,A,F,,,P1D,,V,,,,,,,,,,,,,,,,,4,4F0,,NEW CISS - CISS contribution from foreign exchange market subindex,"Euro area (changing composition), Contribution from foreign exchange market subindex, Contribution",PURE_NUMB,0
CISS.D.U2.Z0Z.4F.EC.SS_FXN.CON,D,U2,Z0Z,4F,EC,SS_FXN,CON,2024-12-20,0.059802804449736506,A,F,,,P1D,,V,,,,,,,,,,,,,,,,,4,4F0,,NEW CISS - CISS contribution from foreign exchange market subindex,"Euro area (changing composition), Contribution from foreign exchange market subindex, Contribution",PURE_NUMB,0
CISS.D.U2.Z0Z.4F.EC.SS_FXN.CON,D,U2,Z0Z,4F,EC,SS_FXN,CON,2024-12-23,0.04921509253438597,A,F,,,P1D,,V,,,,,,,,,,,,,,,,,4,4F0,,NEW CISS - CISS contribution from foreign exchange market subindex,"Euro area (changing composition), Contribution from foreign exchange market subindex, Contribution",PURE_NUMB,0
CISS.D.U2.Z0Z.4F.EC.SS_FXN.CON,D,U2,Z0Z,4F,EC,SS_FXN,CON,2024-12-24,0.039594497475857034,A,F,,,P1D,,V,,,,,,,,,,,,,,,,,4,4F0,,NEW CISS - CISS contribution from foreign exchange market subindex,"Euro area (changing composition), Contribution from foreign exchange market subindex, Contribution",PURE_NUMB,0
CISS.D.U2.Z0Z.4F.EC.SS_FXN.CON,D,U2,Z0Z,4F,EC,SS_FXN,CON,2024-12-25,0.03132546326474926,A,F,,,P1D,,V,,,,,,,,,,,,,,,,,4,4F0,,NEW CISS - CISS contribution from foreign exchange market subindex,"Euro area (changing composition), Contribution from foreign exchange market subindex, Contribution",PURE_NUMB,0
CISS.D.U2.Z0Z.4F.EC.SS_FXN.CON,D,U2,Z0Z,4F,EC,SS_FXN,CON,2024-12-26,0.029107627212121644,A,F,,,P1D,,V,,,,,,,,,,,,,,,,,4,4F0,,NEW CISS - CISS contribution from foreign exchange market subindex,"Euro area (changing composition), Contribution from foreign exchange market subindex, Contribution",PURE_NUMB,0
CISS.D.U2.Z0Z.4F.EC.SS_FXN.CON,D,U2,Z0Z,4F,EC,SS_FXN,CON,2024-12-27,0.0275695032300324,A,F,,,P1D,,V,,,,,,,,,,,,,,,,,4,4F0,,NEW CISS - CISS contribution from foreign exchange market subindex,"Euro area (changing composition), Contribution from foreign exchange market subindex, Contribution",PURE_NUMB,0
CISS.D.U2.Z0Z.4F.EC.SS_FXN.CON,D,U2,Z0Z,4F,EC,SS_FXN,CON,2024-12-30,0.026864491608215895,A,F,,,P1D,,V,,,,,,,,,,,,,,,,,4,4F0,,NEW CISS - CISS contribution from foreign exchange market subindex,"Euro area (changing composition), Contribution from foreign exchange market subindex, Contribution",PURE_NUMB,0
CISS.D.U2.Z0Z.4F.EC.SS_FXN.CON,D,U2,Z0Z,4F,EC,SS_FXN,CON,2024-12-31,0.02468627144207421,A,F,,,P1D,,V,,,,,,,,,,,,,,,,,4,4F0,,NEW CISS - CISS contribution from foreign exchange market subindex,"Euro area (changing composition), Contribution from foreign exchange market subindex, Contribution",PURE_NUMB,0
CISS.D.U2.Z0Z.4F.EC.SS_FXN.CON,D,U2,Z0Z,4F,EC,SS_FXN,CON,2025-01-01,0.01884569669661944,A,F,,,P1D,,V,,,,,,,,,,,,,,,,,4,4F0,,NEW CISS - CISS contribution from foreign exchange market subindex,"Euro area (changing composition), Contribution from foreign exchange market subindex, Contribution",PURE_NUMB,0
CISS.D.U2.Z0Z.4F.EC.SS_FXN.CON,D,U2,Z0Z,4F,EC,SS_FXN,CON,2025-01-02,0.02387304715238325,A,F,,,P1D,,V,,,,,,,,,,,,,,,,,4,4F0,,NEW CISS - CISS contribution from foreign exchange market subindex,"Euro area (changing composition), Contribution from foreign exchange market subindex, Contribution",PURE_NUMB,0
CISS.D.U2.Z0Z.4F.EC.SS_FXN.CON,D,U2,Z0Z,4F,EC,SS_FXN,CON,2025-01-03,0.021834534244110394,A,F,,,P1D,,V,,,,,,,,,,,,,,,,,4,4F0,,NEW CISS - CISS contribution from foreign exchange market subindex,"Euro area (changing composition), Contribution from foreign exchange market subindex, Contribution",PURE_NUMB,0
CISS.D.U2.Z0Z.4F.EC.SS_FXN.CON,D,U2,Z0Z,4F,EC,SS_FXN,CON,2025-01-06,0.03268006825899109,A,F,,,P1D,,V,,,,,,,,,,,,,,,,,4,4F0,,NEW CISS - CISS contribution from foreign exchange market subindex,"Euro area (changing composition), Contribution from foreign exchange market subindex, Contribution",PURE_NUMB,0
CISS.D.U2.Z0Z.4F.EC.SS_FXN.CON,D,U2,Z0Z,4F,EC,SS_FXN,CON,2025-01-07,0.02763186307521465,A,F,,,P1D,,V,,,,,,,,,,,,,,,,,4,4F0,,NEW CISS - CISS contribution from foreign exchange market subindex,"Euro area (changing composition), Contribution from foreign exchange market subindex, Contribution",PURE_NUMB,0
CISS.D.U2.Z0Z.4F.EC.SS_FXN.CON,D,U2,Z0Z,4F,EC,SS_FXN,CON,2025-01-08,0.030799626978543652,A,F,,,P1D,,V,,,,,,,,,,,,,,,,,4,4F0,,NEW CISS - CISS contribution from foreign exchange market subindex,"Euro area (changing composition), Contribution from foreign exchange market subindex, Contribution",PURE_NUMB,0
CISS.D.U2.Z0Z.4F.EC.SS_FXN.CON,D,U2,Z0Z,4F,EC,SS_FXN,CON,2025-01-09,0.025543875506762324,A,F,,,P1D,,V,,,,,,,,,,,,,,,,,4,4F0,,NEW CISS - CISS contribution from foreign exchange market subindex,"Euro area (changing composition), Contribution from foreign exchange market subindex, Contribution",PURE_NUMB,0
CISS.D.U2.Z0Z.4F.EC.SS_FXN.CON,D,U2,Z0Z,4F,EC,SS_FXN,CON,2025-01-10,0.02952938412625776,A,F,,,P1D,,V,,,,,,,,,,,,,,,,,4,4F0,,NEW CISS - CISS contribution from foreign exchange market subindex,"Euro area (changing composition), Contribution from foreign exchange market subindex, Contribution",PURE_NUMB,0
CISS.D.U2.Z0Z.4F.EC.SS_FXN.CON,D,U2,Z0Z,4F,EC,SS_FXN,CON,2025-01-13,0.02291009392471891,A,F,,,P1D,,V,,,,,,,,,,,,,,,,,4,4F0,,NEW CISS - CISS contribution from foreign exchange market subindex,"Euro area (changing composition), Contribution from foreign exchange market subindex, Contribution",PURE_NUMB,0
CISS.D.U2.Z0Z.4F.EC.SS_FXN.CON,D,U2,Z0Z,4F,EC,SS_FXN,CON,2025-01-14,0.03174395458239909,A,F,,,P1D,,V,,,,,,,,,,,,,,,,,4,4F0,,NEW CISS - CISS contribution from foreign exchange market subindex,"Euro area (changing composition), Contribution from foreign exchange market subindex, Contribution",PURE_NUMB,0
CISS.D.U2.Z0Z.4F.EC.SS_FXN.CON,D,U2,Z0Z,4F,EC,SS_FXN,CON,2025-01-15,0.03816834151291699,A,F,,,P1D,,V,,,,,,,,,,,,,,,,,4,4F0,,NEW CISS - CISS contribution from foreign exchange market subindex,"Euro area (changing composition), Contribution from foreign exchange market subindex, Contribution",PURE_NUMB,0
CISS.D.U2.Z0Z.4F.EC.SS_FXN.CON,D,U2,Z0Z,4F,EC,SS_FXN,CON,2025-01-16,0.03388632303252082,A,F,,,P1D,,V,,,,,,,,,,,,,,,,,4,4F0,,NEW CISS - CISS contribution from foreign exchange market subindex,"Euro area (changing composition), Contribution from foreign exchange market subindex, Contribution",PURE_NUMB,0
CISS.D.U2.Z0Z.4F.EC.SS_FXN.CON,D,U2,Z0Z,4F,EC,SS_FXN,CON,2025-01-17,0.0307162458645729,A,F,,,P1D,,V,,,,,,,,,,,,,,,,,4,4F0,,NEW CISS - CISS contribution from foreign exchange market subindex,"Euro area (changing composition), Contribution from foreign exchange market subindex, Contribution",PURE_NUMB,0
CISS.D.U2.Z0Z.4F.EC.SS_FXN.CON,D,U2,Z0Z,4F,EC,SS_FXN,CON,2025-01-20,0.04738456128158394,A,F,,,P1D,,V,,,,,,,,,,,,,,,,,4,4F0,,NEW CISS - CISS contribution from foreign exchange market subindex,"Euro area (changing composition), Contribution from foreign exchange market subindex, Contribution",PURE_NUMB,0
CISS.D.U2.Z0Z.4F.EC.SS_FXN.CON,D,U2,Z0Z,4F,EC,SS_FXN,CON,2025-01-21,0.03947635628376418,A,F,,,P1D,,V,,,,,,,,,,,,,,,,,4,4F0,,NEW CISS - CISS contribution from foreign exchange market subindex,"Euro area (changing composition), Contribution from foreign exchange market subindex, Contribution",PURE_NUMB,0
CISS.D.U2.Z0Z.4F.EC.SS_FXN.CON,D,U2,Z0Z,4F,EC,SS_FXN,CON,2025-01-22,0.033207919076797855,A,F,,,P1D,,V,,,,,,,,,,,,,,,,,4,4F0,,NEW CISS - CISS contribution from foreign exchange market subindex,"Euro area (changing composition), Contribution from foreign exchange market subindex, Contribution",PURE_NUMB,0
CISS.D.U2.Z0Z.4F.EC.SS_FXN.CON,D,U2,Z0Z,4F,EC,SS_FXN,CON,2025-01-23,0.027862189477876328,A,F,,,P1D,,V,,,,,,,,,,,,,,,,,4,4F0,,NEW CISS - CISS contribution from foreign exchange market subindex,"Euro area (changing composition), Contribution from foreign exchange market subindex, Contribution",PURE_NUMB,0
CISS.D.U2.Z0Z.4F.EC.SS_FXN.CON,D,U2,Z0Z,4F,EC,SS_FXN,CON,2025-01-24,0.03075361040983726,A,F,,,P1D,,V,,,,,,,,,,,,,,,,,4,4F0,,NEW CISS - CISS contribution from foreign exchange market subindex,"Euro area (changing composition), Contribution from foreign exchange market subindex, Contribution",PURE_NUMB,0
CISS.D.U2.Z0Z.4F.EC.SS_FXN.CON,D,U2,Z0Z,4F,EC,SS_FXN,CON,2025-01-27,0.029880152796001782,A,F,,,P1D,,V,,,,,,,,,,,,,,,,,4,4F0,,NEW CISS - CISS contribution from foreign exchange market subindex,"Euro area (changing composition), Contribution from foreign exchange market subindex, Contribution",PURE_NUMB,0
CISS.D.U2.Z0Z.4F.EC.SS_FXN.CON,D,U2,Z0Z,4F,EC,SS_FXN,CON,2025-01-28,0.027154409440865,A,F,,,P1D,,V,,,,,,,,,,,,,,,,,4,4F0,,NEW CISS - CISS contribution from foreign exchange market subindex,"Euro area (changing composition), Contribution from foreign exchange market subindex, Contribution",PURE_NUMB,0
CISS.D.U2.Z0Z.4F.EC.SS_FXN.CON,D,U2,Z0Z,4F,EC,SS_FXN,CON,2025-01-29,0.021751809829682653,A,F,,,P1D,,V,,,,,,,,,,,,,,,,,4,4F0,,NEW CISS - CISS contribution from foreign exchange market subindex,"Euro area (changing composition), Contribution from foreign exchange market subindex, Contribution",PURE_NUMB,0
CISS.D.U2.Z0Z.4F.EC.SS_FXN.CON,D,U2,Z0Z,4F,EC,SS_FXN,CON,2025-01-30,0.022932527546630384,A,F,,,P1D,,V,,,,,,,,,,,,,,,,,4,4F0,,NEW CISS - CISS contribution from foreign exchange market subindex,"Euro area (changing composition), Contribution from foreign exchange market subindex, Contribution",PURE_NUMB,0
CISS.D.U2.Z0Z.4F.EC.SS_FXN.CON,D,U2,Z0Z,4F,EC,SS_FXN,CON,2025-01-31,0.019926823227424194,A,F,,,P1D,,V,,,,,,,,,,,,,,,,,4,4F0,,NEW CISS - CISS contribution from foreign exchange market subindex,"Euro area (changing composition), Contribution from foreign exchange market subindex, Contribution",PURE_NUMB,0
CISS.D.U2.Z0Z.4F.EC.SS_FXN.CON,D,U2,Z0Z,4F,EC,SS_FXN,CON,2025-02-03,0.0266093165579847,A,F,,,P1D,,V,,,,,,,,,,,,,,,,,4,4F0,,NEW CISS - CISS contribution from foreign exchange market subindex,"Euro area (changing composition), Contribution from foreign exchange market subindex, Contribution",PURE_NUMB,0
CISS.D.U2.Z0Z.4F.EC.SS_FXN.CON,D,U2,Z0Z,4F,EC,SS_FXN,CON,2025-02-04,0.021241368646628848,A,F,,,P1D,,V,,,,,,,,,,,,,,,,,4,4F0,,NEW CISS - CISS contribution from foreign exchange market subindex,"Euro area (changing composition), Contribution from foreign exchange market subindex, Contribution",PURE_NUMB,0
CISS.D.U2.Z0Z.4F.EC.SS_FXN.CON,D,U2,Z0Z,4F,EC,SS_FXN,CON,2025-02-05,0.021306748783681384,A,F,,,P1D,,V,,,,,,,,,,,,,,,,,4,4F0,,NEW CISS - CISS contribution from foreign exchange market subindex,"Euro area (changing composition), Contribution from foreign exchange market subindex, Contribution",PURE_NUMB,0
CISS.D.U2.Z0Z.4F.EC.SS_FXN.CON,D,U2,Z0Z,4F,EC,SS_FXN,CON,2025-02-06,0.02409964901139693,A,F,,,P1D,,V,,,,,,,,,,,,,,,,,4,4F0,,NEW CISS - CISS contribution from foreign exchange market subindex,"Euro area (changing composition), Contribution from foreign exchange market subindex, Contribution",PURE_NUMB,0
CISS.D.U2.Z0Z.4F.EC.SS_FXN.CON,D,U2,Z0Z,4F,EC,SS_FXN,CON,2025-02-07,0.02539746422245113,A,F,,,P1D,,V,,,,,,,,,,,,,,,,,4,4F0,,NEW CISS - CISS contribution from foreign exchange market subindex,"Euro area (changing composition), Contribution from foreign exchange market subindex, Contribution",PURE_NUMB,0
CISS.D.U2.Z0Z.4F.EC.SS_FXN.CON,D,U2,Z0Z,4F,EC,SS_FXN,CON,2025-02-10,0.02054563591537366,A,F,,,P1D,,V,,,,,,,,,,,,,,,,,4,4F0,,NEW CISS - CISS contribution from foreign exchange market subindex,"Euro area (changing composition), Contribution from foreign exchange market subindex, Contribution",PURE_NUMB,0
CISS.D.U2.Z0Z.4F.EC.SS_FXN.CON,D,U2,Z0Z,4F,EC,SS_FXN,CON,2025-02-11,0.022580063707683656,A,F,,,P1D,,V,,,,,,,,,,,,,,,,,4,4F0,,NEW CISS - CISS contribution from foreign exchange market subindex,"Euro area (changing composition), Contribution from foreign exchange market subindex, Contribution",PURE_NUMB,0
CISS.D.U2.Z0Z.4F.EC.SS_FXN.CON,D,U2,Z0Z,4F,EC,SS_FXN,CON,2025-02-12,0.02585969407361287,A,F,,,P1D,,V,,,,,,,,,,,,,,,,,4,4F0,,NEW CISS - CISS contribution from foreign exchange market subindex,"Euro area (changing composition), Contribution from foreign exchange market subindex, Contribution",PURE_NUMB,0
CISS.D.U2.Z0Z.4F.EC.SS_FXN.CON,D,U2,Z0Z,4F,EC,SS_FXN,CON,2025-02-13,0.030286067641064496,A,F,,,P1D,,V,,,,,,,,,,,,,,,,,4,4F0,,NEW CISS - CISS contribution from foreign exchange market subindex,"Euro area (changing composition), Contribution from foreign exchange market subindex, Contribution",PURE_NUMB,0
CISS.D.U2.Z0Z.4F.EC.SS_FXN.CON,D,U2,Z0Z,4F,EC,SS_FXN,CON,2025-02-14,0.025397096876124507,A,F,,,P1D,,V,,,,,,,,,,,,,,,,,4,4F0,,NEW CISS - CISS contribution from foreign exchange market subindex,"Euro area (changing composition), Contribution from foreign exchange market subindex, Contribution",PURE_NUMB,0
CISS.D.U2.Z0Z.4F.EC.SS_FXN.CON,D,U2,Z0Z,4F,EC,SS_FXN,CON,2025-02-17,0.024710541968470823,A,F,,,P1D,,V,,,,,,,,,,,,,,,,,4,4F0,,NEW CISS - CISS contribution from foreign exchange market subindex,"Euro area (changing composition), Contribution from foreign exchange market subindex, Contribution",PURE_NUMB,0
CISS.D.U2.Z0Z.4F.EC.SS_FXN.CON,D,U2,Z0Z,4F,EC,SS_FXN,CON,2025-02-18,0.021699156821375826,A,F,,,P1D,,V,,,,,,,,,,,,,,,,,4,4F0,,NEW CISS - CISS contribution from foreign exchange market subindex,"Euro area (changing composition), Contribution from foreign exchange market subindex, Contribution",PURE_NUMB,0
CISS.D.U2.Z0Z.4F.EC.SS_FXN.CON,D,U2,Z0Z,4F,EC,SS_FXN,CON,2025-02-19,0.02270306130719624,A,F,,,P1D,,V,,,,,,,,,,,,,,,,,4,4F0,,NEW CISS - CISS contribution from foreign exchange market subindex,"Euro area (changing composition), Contribution from foreign exchange market subindex, Contribution",PURE_NUMB,0
CISS.D.U2.Z0Z.4F.EC.SS_FXN.CON,D,U2,Z0Z,4F,EC,SS_FXN,CON,2025-02-20,0.025651857283302708,A,F,,,P1D,,V,,,,,,,,,,,,,,,,,4,4F0,,NEW CISS - CISS contribution from foreign exchange market subindex,"Euro area (changing composition), Contribution from foreign exchange market subindex, Contribution",PURE_NUMB,0
CISS.D.U2.Z0Z.4F.EC.SS_FXN.CON,D,U2,Z0Z,4F,EC,SS_FXN,CON,2025-02-21,0.02389235585581825,A,F,,,P1D,,V,,,,,,,,,,,,,,,,,4,4F0,,NEW CISS - CISS contribution from foreign exchange market subindex,"Euro area (changing composition), Contribution from foreign exchange market subindex, Contribution",PURE_NUMB,0
CISS.D.U2.Z0Z.4F.EC.SS_FXN.CON,D,U2,Z0Z,4F,EC,SS_FXN,CON,2025-02-24,0.019859583548085466,A,F,,,P1D,,V,,,,,,,,,,,,,,,,,4,4F0,,NEW CISS - CISS contribution from foreign exchange market subindex,"Euro area (changing composition), Contribution from foreign exchange market subindex, Contribution",PURE_NUMB,0
CISS.D.U2.Z0Z.4F.EC.SS_FXN.CON,D,U2,Z0Z,4F,EC,SS_FXN,CON,2025-02-25,0.016614113138364545,A,F,,,P1D,,V,,,,,,,,,,,,,,,,,4,4F0,,NEW CISS - CISS contribution from foreign exchange market subindex,"Euro area (changing composition), Contribution from foreign exchange market subindex, Contribution",PURE_NUMB,0
CISS.D.U2.Z0Z.4F.EC.SS_FXN.CON,D,U2,Z0Z,4F,EC,SS_FXN,CON,2025-02-26,0.015044550478656571,A,F,,,P1D,,V,,,,,,,,,,,,,,,,,4,4F0,,NEW CISS - CISS contribution from foreign exchange market subindex,"Euro area (changing composition), Contribution from foreign exchange market subindex, Contribution",PURE_NUMB,0
CISS.D.U2.Z0Z.4F.EC.SS_FXN.CON,D,U2,Z0Z,4F,EC,SS_FXN,CON,2025-02-27,0.019566884823053292,A,F,,,P1D,,V,,,,,,,,,,,,,,,,,4,4F0,,NEW CISS - CISS contribution from foreign exchange market subindex,"Euro area (changing composition), Contribution from foreign exchange market subindex, Contribution",PURE_NUMB,0
CISS.D.U2.Z0Z.4F.EC.SS_FXN.CON,D,U2,Z0Z,4F,EC,SS_FXN,CON,2025-02-28,0.01572375547958449,A,F,,,P1D,,V,,,,,,,,,,,,,,,,,4,4F0,,NEW CISS - CISS contribution from foreign exchange market subindex,"Euro area (changing composition), Contribution from foreign exchange market subindex, Contribution",PURE_NUMB,0
CISS.D.U2.Z0Z.4F.EC.SS_FXN.CON,D,U2,Z0Z,4F,EC,SS_FXN,CON,2025-03-03,0.02390177598063741,A,F,,,P1D,,V,,,,,,,,,,,,,,,,,4,4F0,,NEW CISS - CISS contribution from foreign exchange market subindex,"Euro area (changing composition), Contribution from foreign exchange market subindex, Contribution",PURE_NUMB,0
CISS.D.U2.Z0Z.4F.EC.SS_FXN.CON,D,U2,Z0Z,4F,EC,SS_FXN,CON,2025-03-04,0.054802968258647264,A,F,,,P1D,,V,,,,,,,,,,,,,,,,,4,4F0,,NEW CISS - CISS contribution from foreign exchange market subindex,"Euro area (changing composition), Contribution from foreign exchange market subindex, Contribution",PURE_NUMB,0
CISS.D.U2.Z0Z.4F.EC.SS_FXN.CON,D,U2,Z0Z,4F,EC,SS_FXN,CON,2025-03-05,0.06936259275399802,A,F,,,P1D,,V,,,,,,,,,,,,,,,,,4,4F0,,NEW CISS - CISS contribution from foreign exchange market subindex,"Euro area (changing composition), Contribution from foreign exchange market subindex, Contribution",PURE_NUMB,0
CISS.D.U2.Z0Z.4F.EC.SS_FXN.CON,D,U2,Z0Z,4F,EC,SS_FXN,CON,2025-03-06,0.06341835429651894,A,F,,,P1D,,V,,,,,,,,,,,,,,,,,4,4F0,,NEW CISS - CISS contribution from foreign exchange market subindex,"Euro area (changing composition), Contribution from foreign exchange market subindex, Contribution",PURE_NUMB,0
CISS.D.U2.Z0Z.4F.EC.SS_FXN.CON,D,U2,Z0Z,4F,EC,SS_FXN,CON,2025-03-07,0.0595461744877711,A,F,,,P1D,,V,,,,,,,,,,,,,,,,,4,4F0,,NEW CISS - CISS contribution from foreign exchange market subindex,"Euro area (changing composition), Contribution from foreign exchange market subindex, Contribution",PURE_NUMB,0
CISS.D.U2.Z0Z.4F.EC.SS_FXN.CON,D,U2,Z0Z,4F,EC,SS_FXN,CON,2025-03-10,0.0581532906921874,A,F,,,P1D,,V,,,,,,,,,,,,,,,,,4,4F0,,NEW CISS - CISS contribution from foreign exchange market subindex,"Euro area (changing composition), Contribution from foreign exchange market subindex, Contribution",PURE_NUMB,0
CISS.D.U2.Z0Z.4F.EC.SS_FXN.CON,D,U2,Z0Z,4F,EC,SS_FXN,CON,2025-03-11,0.06196091659279319,A,F,,,P1D,,V,,,,,,,,,,,,,,,,,4,4F0,,NEW CISS - CISS contribution from foreign exchange market subindex,"Euro area (changing composition), Contribution from foreign exchange market subindex, Contribution",PURE_NUMB,0
CISS.D.U2.Z0Z.4F.EC.SS_FXN.CON,D,U2,Z0Z,4F,EC,SS_FXN,CON,2025-03-12,0.05631667485006878,A,F,,,P1D,,V,,,,,,,,,,,,,,,,,4,4F0,,NEW CISS - CISS contribution from foreign exchange market subindex,"Euro area (changing composition), Contribution from foreign exchange market subindex, Contribution",PURE_NUMB,0
CISS.D.U2.Z0Z.4F.EC.SS_FXN.CON,D,U2,Z0Z,4F,EC,SS_FXN,CON,2025-03-13,0.053772601170196464,A,F,,,P1D,,V,,,,,,,,,,,,,,,,,4,4F0,,NEW CISS - CISS contribution from foreign exchange market subindex,"Euro area (changing composition), Contribution from foreign exchange market subindex, Contribution",PURE_NUMB,0
CISS.D.U2.Z0Z.4F.EC.SS_FXN.CON,D,U2,Z0Z,4F,EC,SS_FXN,CON,2025-03-14,0.05140112123375824,A,F,,,P1D,,V,,,,,,,,,,,,,,,,,4,4F0,,NEW CISS - CISS contribution from foreign exchange market subindex,"Euro area (changing composition), Contribution from foreign exchange market subindex, Contribution",PURE_NUMB,0
CISS.D.U2.Z0Z.4F.EC.SS_FXN.CON,D,U2,Z0Z,4F,EC,SS_FXN,CON,2025-03-17,0.04703016366125943,A,F,,,P1D,,V,,,,,,,,,,,,,,,,,4,4F0,,NEW CISS - CISS contribution from foreign exchange market subindex,"Euro area (changing composition), Contribution from foreign exchange market subindex, Contribution",PURE_NUMB,0
CISS.D.U2.Z0Z.4F.EC.SS_FXN.CON,D,U2,Z0Z,4F,EC,SS_FXN,CON,2025-03-18,0.03946174474914381,A,F,,,P1D,,V,,,,,,,,,,,,,,,,,4,4F0,,NEW CISS - CISS contribution from foreign exchange market subindex,"Euro area (changing composition), Contribution from foreign exchange market subindex, Contribution",PURE_NUMB,0
CISS.D.U2.Z0Z.4F.EC.SS_FXN.CON,D,U2,Z0Z,4F,EC,SS_FXN,CON,2025-03-19,0.03977185489354061,A,F,,,P1D,,V,,,,,,,,,,,,,,,,,4,4F0,,NEW CISS - CISS contribution from foreign exchange market subindex,"Euro area (changing composition), Contribution from foreign exchange market subindex, Contribution",PURE_NUMB,0
CISS.D.U2.Z0Z.4F.EC.SS_FXN.CON,D,U2,Z0Z,4F,EC,SS_FXN,CON,2025-03-20,0.037534766737739846,A,F,,,P1D,,V,,,,,,,,,,,,,,,,,4,4F0,,NEW CISS - CISS contribution from foreign exchange market subindex,"Euro area (changing composition), Contribution from foreign exchange market subindex, Contribution",PURE_NUMB,0
CISS.D.U2.Z0Z.4F.EC.SS_FXN.CON,D,U2,Z0Z,4F,EC,SS_FXN,CON,2025-03-21,0.03149349351110677,A,F,,,P1D,,V,,,,,,,,,,,,,,,,,4,4F0,,NEW CISS - CISS contribution from foreign exchange market subindex,"Euro area (changing composition), Contribution from foreign exchange market subindex, Contribution",PURE_NUMB,0
CISS.D.U2.Z0Z.4F.EC.SS_FXN.CON,D,U2,Z0Z,4F,EC,SS_FXN,CON,2025-03-24,0.027894752575711418,A,F,,,P1D,,V,,,,,,,,,,,,,,,,,4,4F0,,NEW CISS - CISS contribution from foreign exchange market subindex,"Euro area (changing composition), Contribution from foreign exchange market subindex, Contribution",PURE_NUMB,0
CISS.D.U2.Z0Z.4F.EC.SS_FXN.CON,D,U2,Z0Z,4F,EC,SS_FXN,CON,2025-03-25,0.024990271605863167,A,F,,,P1D,,V,,,,,,,,,,,,,,,,,4,4F0,,NEW CISS - CISS contribution from foreign exchange market subindex,"Euro area (changing composition), Contribution from foreign exchange market subindex, Contribution",PURE_NUMB,0
CISS.D.U2.Z0Z.4F.EC.SS_FXN.CON,D,U2,Z0Z,4F,EC,SS_FXN,CON,2025-03-26,0.02177444835675254,A,F,,,P1D,,V,,,,,,,,,,,,,,,,,4,4F0,,NEW CISS - CISS contribution from foreign exchange market subindex,"Euro area (changing composition), Contribution from foreign exchange market subindex, Contribution",PURE_NUMB,0
CISS.D.U2.Z0Z.4F.EC.SS_FXN.CON,D,U2,Z0Z,4F,EC,SS_FXN,CON,2025-03-27,0.022304360854992315,A,F,,,P1D,,V,,,,,,,,,,,,,,,,,4,4F0,,NEW CISS - CISS contribution from foreign exchange market subindex,"Euro area (changing composition), Contribution from foreign exchange market subindex, Contribution",PURE_NUMB,0
CISS.D.U2.Z0Z.4F.EC.SS_FXN.CON,D,U2,Z0Z,4F,EC,SS_FXN,CON,2025-03-28,0.02217543052644607,A,F,,,P1D,,V,,,,,,,,,,,,,,,,,4,4F0,,NEW CISS - CISS contribution from foreign exchange market subindex,"Euro area (changing composition), Contribution from foreign exchange market subindex, Contribution",PURE_NUMB,0
CISS.D.U2.Z0Z.4F.EC.SS_FXN.CON,D,U2,Z0Z,4F,EC,SS_FXN,CON,2025-03-31,0.019354976812745464,A,F,,,P1D,,V,,,,,,,,,,,,,,,,,4,4F0,,NEW CISS - CISS contribution from foreign exchange market subindex,"Euro area (changing composition), Contribution from foreign exchange market subindex, Contribution",PURE_NUMB,0
CISS.D.U2.Z0Z.4F.EC.SS_FXN.CON,D,U2,Z0Z,4F,EC,SS_FXN,CON,2025-04-01,0.017312791792538855,A,F,,,P1D,,V,,,,,,,,,,,,,,,,,4,4F0,,NEW CISS - CISS contribution from foreign exchange market subindex,"Euro area (changing composition), Contribution from foreign exchange market subindex, Contribution",PURE_NUMB,0
CISS.D.U2.Z0Z.4F.EC.SS_FXN.CON,D,U2,Z0Z,4F,EC,SS_FXN,CON,2025-04-02,0.017279102595104213,A,F,,,P1D,,V,,,,,,,,,,,,,,,,,4,4F0,,NEW CISS - CISS contribution from foreign exchange market subindex,"Euro area (changing composition), Contribution from foreign exchange market subindex, Contribution",PURE_NUMB,0
CISS.D.U2.Z0Z.4F.EC.SS_FXN.CON,D,U2,Z0Z,4F,EC,SS_FXN,CON,2025-04-03,0.06639511810135003,A,F,,,P1D,,V,,,,,,,,,,,,,,,,,4,4F0,,NEW CISS - CISS contribution from foreign exchange market subindex,"Euro area (changing composition), Contribution from foreign exchange market subindex, Contribution",PURE_NUMB,0
CISS.D.U2.Z0Z.4F.EC.SS_FXN.CON,D,U2,Z0Z,4F,EC,SS_FXN,CON,2025-04-04,0.07813850545565205,A,F,,,P1D,,V,,,,,,,,,,,,,,,,,4,4F0,,NEW CISS - CISS contribution from foreign exchange market subindex,"Euro area (changing composition), Contribution from foreign exchange market subindex, Contribution",PURE_NUMB,0
CISS.D.U2.Z0Z.4F.EC.SS_FXN.CON,D,U2,Z0Z,4F,EC,SS_FXN,CON,2025-04-07,0.08124121191316923,A,F,,,P1D,,V,,,,,,,,,,,,,,,,,4,4F0,,NEW CISS - CISS contribution from foreign exchange market subindex,"Euro area (changing composition), Contribution from foreign exchange market subindex, Contribution",PURE_NUMB,0
CISS.D.U2.Z0Z.4F.EC.SS_FXN.CON,D,U2,Z0Z,4F,EC,SS_FXN,CON,2025-04-08,0.0759628479427566,A,F,,,P1D,,V,,,,,,,,,,,,,,,,,4,4F0,,NEW CISS - CISS contribution from foreign exchange market subindex,"Euro area (changing composition), Contribution from foreign exchange market subindex, Contribution",PURE_NUMB,0
CISS.D.U2.Z0Z.4F.EC.SS_FXN.CON,D,U2,Z0Z,4F,EC,SS_FXN,CON,2025-04-09,0.08255396822313092,A,F,,,P1D,,V,,,,,,,,,,,,,,,,,4,4F0,,NEW CISS - CISS contribution from foreign exchange market subindex,"Euro area (changing composition), Contribution from foreign exchange market subindex, Contribution",PURE_NUMB,0
CISS.D.U2.Z0Z.4F.EC.SS_FXN.CON,D,U2,Z0Z,4F,EC,SS_FXN,CON,2025-04-10,0.09251089146065841,A,F,,,P1D,,V,,,,,,,,,,,,,,,,,4,4F0,,NEW CISS - CISS contribution from foreign exchange market subindex,"Euro area (changing composition), Contribution from foreign exchange market subindex, Contribution",PURE_NUMB,0
CISS.D.U2.Z0Z.4F.EC.SS_FXN.CON,D,U2,Z0Z,4F,EC,SS_FXN,CON,2025-04-11,0.09779705473668122,A,F,,,P1D,,V,,,,,,,,,,,,,,,,,4,4F0,,NEW CISS - CISS contribution from foreign exchange market subindex,"Euro area (changing composition), Contribution from foreign exchange market subindex, Contribution",PURE_NUMB,0
CISS.D.U2.Z0Z.4F.EC.SS_FXN.CON,D,U2,Z0Z,4F,EC,SS_FXN,CON,2025-04-14,0.0980762640145182,A,F,,,P1D,,V,,,,,,,,,,,,,,,,,4,4F0,,NEW CISS - CISS contribution from foreign exchange market subindex,"Euro area (changing composition), Contribution from foreign exchange market subindex, Contribution",PURE_NUMB,0
CISS.D.U2.Z0Z.4F.EC.SS_FXN.CON,D,U2,Z0Z,4F,EC,SS_FXN,CON,2025-04-15,0.09486814886438494,A,F,,,P1D,,V,,,,,,,,,,,,,,,,,4,4F0,,NEW CISS - CISS contribution from foreign exchange market subindex,"Euro area (changing composition), Contribution from foreign exchange market subindex, Contribution",PURE_NUMB,0
CISS.D.U2.Z0Z.4F.EC.SS_FXN.CON,D,U2,Z0Z,4F,EC,SS_FXN,CON,2025-04-16,0.09248469508958557,A,F,,,P1D,,V,,,,,,,,,,,,,,,,,4,4F0,,NEW CISS - CISS contribution from foreign exchange market subindex,"Euro area (changing composition), Contribution from foreign exchange market subindex, Contribution",PURE_NUMB,0
CISS.D.U2.Z0Z.4F.EC.SS_FXN.CON,D,U2,Z0Z,4F,EC,SS_FXN,CON,2025-04-17,0.08621882312867493,A,F,,,P1D,,V,,,,,,,,,,,,,,,,,4,4F0,,NEW CISS - CISS contribution from foreign exchange market subindex,"Euro area (changing composition), Contribution from foreign exchange market subindex, Contribution",PURE_NUMB,0
CISS.D.U2.Z0Z.4F.EC.SS_FXN.CON,D,U2,Z0Z,4F,EC,SS_FXN,CON,2025-04-18,0.07907389858899318,A,F,,,P1D,,V,,,,,,,,,,,,,,,,,4,4F0,,NEW CISS - CISS contribution from foreign exchange market subindex,"Euro area (changing composition), Contribution from foreign exchange market subindex, Contribution",PURE_NUMB,0
CISS.D.U2.Z0Z.4F.EC.SS_FXN.CON,D,U2,Z0Z,4F,EC,SS_FXN,CON,2025-04-21,0.07482005785042439,A,F,,,P1D,,V,,,,,,,,,,,,,,,,,4,4F0,,NEW CISS - CISS contribution from foreign exchange market subindex,"Euro area (changing composition), Contribution from foreign exchange market subindex, Contribution",PURE_NUMB,0
CISS.D.U2.Z0Z.4F.EC.SS_FXN.CON,D,U2,Z0Z,4F,EC,SS_FXN,CON,2025-04-22,0.07217288739509853,A,F,,,P1D,,V,,,,,,,,,,,,,,,,,4,4F0,,NEW CISS - CISS contribution from foreign exchange market subindex,"Euro area (changing composition), Contribution from foreign exchange market subindex, Contribution",PURE_NUMB,0
CISS.D.U2.Z0Z.4F.EC.SS_FXN.CON,D,U2,Z0Z,4F,EC,SS_FXN,CON,2025-04-23,0.06877846523093879,A,F,,,P1D,,V,,,,,,,,,,,,,,,,,4,4F0,,NEW CISS - CISS contribution from foreign exchange market subindex,"Euro area (changing composition), Contribution from foreign exchange market subindex, Contribution",PURE_NUMB,0
CISS.D.U2.Z0Z.4F.EC.SS_FXN.CON,D,U2,Z0Z,4F,EC,SS_FXN,CON,2025-04-24,0.06369300130586188,A,F,,,P1D,,V,,,,,,,,,,,,,,,,,4,4F0,,NEW CISS - CISS contribution from foreign exchange market subindex,"Euro area (changing composition), Contribution from foreign exchange market subindex, Contribution",PURE_NUMB,0
CISS.D.U2.Z0Z.4F.EC.SS_FXN.CON,D,U2,Z0Z,4F,EC,SS_FXN,CON,2025-04-25,0.059820443464902305,A,F,,,P1D,,V,,,,,,,,,,,,,,,,,4,4F0,,NEW CISS - CISS contribution from foreign exchange market subindex,"Euro area (changing composition), Contribution from foreign exchange market subindex, Contribution",PURE_NUMB,0
CISS.D.U2.Z0Z.4F.EC.SS_FXN.CON,D,U2,Z0Z,4F,EC,SS_FXN,CON,2025-04-28,0.06022320301316017,A,F,,,P1D,,V,,,,,,,,,,,,,,,,,4,4F0,,NEW CISS - CISS contribution from foreign exchange market subindex,"Euro area (changing composition), Contribution from foreign exchange market subindex, Contribution",PURE_NUMB,0
CISS.D.U2.Z0Z.4F.EC.SS_FXN.CON,D,U2,Z0Z,4F,EC,SS_FXN,CON,2025-04-29,0.051257655322104724,A,F,,,P1D,,V,,,,,,,,,,,,,,,,,4,4F0,,NEW CISS - CISS contribution from foreign exchange market subindex,"Euro area (changing composition), Contribution from foreign exchange market subindex, Contribution",PURE_NUMB,0
CISS.D.U2.Z0Z.4F.EC.SS_FXN.CON,D,U2,Z0Z,4F,EC,SS_FXN,CON,2025-04-30,0.04572808142157137,A,F,,,P1D,,V,,,,,,,,,,,,,,,,,4,4F0,,NEW CISS - CISS contribution from foreign exchange market subindex,"Euro area (changing composition), Contribution from foreign exchange market subindex, Contribution",PURE_NUMB,0
CISS.D.U2.Z0Z.4F.EC.SS_FXN.CON,D,U2,Z0Z,4F,EC,SS_FXN,CON,2025-05-01,0.05525542605392103,A,F,,,P1D,,V,,,,,,,,,,,,,,,,,4,4F0,,NEW CISS - CISS contribution from foreign exchange market subindex,"Euro area (changing composition), Contribution from foreign exchange market subindex, Contribution",PURE_NUMB,0
CISS.D.U2.Z0Z.4F.EC.SS_FXN.CON,D,U2,Z0Z,4F,EC,SS_FXN,CON,2025-05-02,0.04747001575929426,A,F,,,P1D,,V,,,,,,,,,,,,,,,,,4,4F0,,NEW CISS - CISS contribution from foreign exchange market subindex,"Euro area (changing composition), Contribution from foreign exchange market subindex, Contribution",PURE_NUMB,0
CISS.D.U2.Z0Z.4F.EC.SS_FXN.CON,D,U2,Z0Z,4F,EC,SS_FXN,CON,2025-05-05,0.042982781514929035,A,F,,,P1D,,V,,,,,,,,,,,,,,,,,4,4F0,,NEW CISS - CISS contribution from foreign exchange market subindex,"Euro area (changing composition), Contribution from foreign exchange market subindex, Contribution",PURE_NUMB,0
CISS.D.U2.Z0Z.4F.EC.SS_FXN.CON,D,U2,Z0Z,4F,EC,SS_FXN,CON,2025-05-06,0.037805444364524335,A,F,,,P1D,,V,,,,,,,,,,,,,,,,,4,4F0,,NEW CISS - CISS contribution from foreign exchange market subindex,"Euro area (changing composition), Contribution from foreign exchange market subindex, Contribution",PURE_NUMB,0
CISS.D.U2.Z0Z.4F.EC.SS_FXN.CON,D,U2,Z0Z,4F,EC,SS_FXN,CON,2025-05-07,0.03574034078594521,A,F,,,P1D,,V,,,,,,,,,,,,,,,,,4,4F0,,NEW CISS - CISS contribution from foreign exchange market subindex,"Euro area (changing composition), Contribution from foreign exchange market subindex, Contribution",PURE_NUMB,0
CISS.D.U2.Z0Z.4F.EC.SS_FXN.CON,D,U2,Z0Z,4F,EC,SS_FXN,CON,2025-05-08,0.03791675155952419,A,F,,,P1D,,V,,,,,,,,,,,,,,,,,4,4F0,,NEW CISS - CISS contribution from foreign exchange market subindex,"Euro area (changing composition), Contribution from foreign exchange market subindex, Contribution",PURE_NUMB,0
CISS.D.U2.Z0Z.4F.EC.SS_FXN.CON,D,U2,Z0Z,4F,EC,SS_FXN,CON,2025-05-09,0.03156390469299381,A,F,,,P1D,,V,,,,,,,,,,,,,,,,,4,4F0,,NEW CISS - CISS contribution from foreign exchange market subindex,"Euro area (changing composition), Contribution from foreign exchange market subindex, Contribution",PURE_NUMB,0
CISS.D.U2.Z0Z.4F.EC.SS_FXN.CON,D,U2,Z0Z,4F,EC,SS_FXN,CON,2025-05-12,0.04730267577990797,A,F,,,P1D,,V,,,,,,,,,,,,,,,,,4,4F0,,NEW CISS - CISS contribution from foreign exchange market subindex,"Euro area (changing composition), Contribution from foreign exchange market subindex, Contribution",PURE_NUMB,0
CISS.D.U2.Z0Z.4F.EC.SS_FXN.CON,D,U2,Z0Z,4F,EC,SS_FXN,CON,2025-05-13,0.04452657600062157,A,F,,,P1D,,V,,,,,,,,,,,,,,,,,4,4F0,,NEW CISS - CISS contribution from foreign exchange market subindex,"Euro area (changing composition), Contribution from foreign exchange market subindex, Contribution",PURE_NUMB,0
CISS.D.U2.Z0Z.4F.EC.SS_FXN.CON,D,U2,Z0Z,4F,EC,SS_FXN,CON,2025-05-14,0.04192426281153572,A,F,,,P1D,,V,,,,,,,,,,,,,,,,,4,4F0,,NEW CISS - CISS contribution from foreign exchange market subindex,"Euro area (changing composition), Contribution from foreign exchange market subindex, Contribution",PURE_NUMB,0
CISS.D.U2.Z0Z.4F.EC.SS_FXN.CON,D,U2,Z0Z,4F,EC,SS_FXN,CON,2025-05-15,0.03929272243377117,A,F,,,P1D,,V,,,,,,,,,,,,,,,,,4,4F0,,NEW CISS - CISS contribution from foreign exchange market subindex,"Euro area (changing composition), Contribution from foreign exchange market subindex, Contribution",PURE_NUMB,0
CISS.D.U2.Z0Z.4F.EC.SS_FXN.CON,D,U2,Z0Z,4F,EC,SS_FXN,CON,2025-05-16,0.032204884265227524,A,F,,,P1D,,V,,,,,,,,,,,,,,,,,4,4F0,,NEW CISS - CISS contribution from foreign exchange market subindex,"Euro area (changing composition), Contribution from foreign exchange market subindex, Contribution",PURE_NUMB,0
CISS.D.U2.Z0Z.4F.EC.SS_FXN.CON,D,U2,Z0Z,4F,EC,SS_FXN,CON,2025-05-19,0.028043312750765104,A,F,,,P1D,,V,,,,,,,,,,,,,,,,,4,4F0,,NEW CISS - CISS contribution from foreign exchange market subindex,"Euro area (changing composition), Contribution from foreign exchange market subindex, Contribution",PURE_NUMB,0
CISS.D.U2.Z0Z.4F.EC.SS_FXN.CON,D,U2,Z0Z,4F,EC,SS_FXN,CON,2025-05-20,0.0223069779635272,A,F,,,P1D,,V,,,,,,,,,,,,,,,,,4,4F0,,NEW CISS - CISS contribution from foreign exchange market subindex,"Euro area (changing composition), Contribution from foreign exchange market subindex, Contribution",PURE_NUMB,0
CISS.D.U2.Z0Z.4F.EC.SS_FXN.CON,D,U2,Z0Z,4F,EC,SS_FXN,CON,2025-05-21,0.019288940209732076,A,F,,,P1D,,V,,,,,,,,,,,,,,,,,4,4F0,,NEW CISS - CISS contribution from foreign exchange market subindex,"Euro area (changing composition), Contribution from foreign exchange market subindex, Contribution",PURE_NUMB,0
CISS.D.U2.Z0Z.4F.EC.SS_FXN.CON,D,U2,Z0Z,4F,EC,SS_FXN,CON,2025-05-22,0.01945426625566041,A,F,,,P1D,,V,,,,,,,,,,,,,,,,,4,4F0,,NEW CISS - CISS contribution from foreign exchange market subindex,"Euro area (changing composition), Contribution from foreign exchange market subindex, Contribution",PURE_NUMB,0
CISS.D.U2.Z0Z.4F.EC.SS_FXN.CON,D,U2,Z0Z,4F,EC,SS_FXN,CON,2025-05-23,0.022972080196809082,A,F,,,P1D,,V,,,,,,,,,,,,,,,,,4,4F0,,NEW CISS - CISS contribution from foreign exchange market subindex,"Euro area (changing composition), Contribution from foreign exchange market subindex, Contribution",PURE_NUMB,0
CISS.D.U2.Z0Z.4F.EC.SS_FXN.CON,D,U2,Z0Z,4F,EC,SS_FXN,CON,2025-05-26,0.019262839477936104,A,F,,,P1D,,V,,,,,,,,,,,,,,,,,4,4F0,,NEW CISS - CISS contribution from foreign exchange market subindex,"Euro area (changing composition), Contribution from foreign exchange market subindex, Contribution",PURE_NUMB,0
CISS.D.U2.Z0Z.4F.EC.SS_FXN.CON,D,U2,Z0Z,4F,EC,SS_FXN,CON,2025-05-27,0.018687691968427098,A,F,,,P1D,,V,,,,,,,,,,,,,,,,,4,4F0,,NEW CISS - CISS contribution from foreign exchange market subindex,"Euro area (changing composition), Contribution from foreign exchange market subindex, Contribution",PURE_NUMB,0
CISS.D.U2.Z0Z.4F.EC.SS_FXN.CON,D,U2,Z0Z,4F,EC,SS_FXN,CON,2025-05-28,0.014919036324878983,A,F,,,P1D,,V,,,,,,,,,,,,,,,,,4,4F0,,NEW CISS - CISS contribution from foreign exchange market subindex,"Euro area (changing composition), Contribution from foreign exchange market subindex, Contribution",PURE_NUMB,0
CISS.D.U2.Z0Z.4F.EC.SS_FXN.CON,D,U2,Z0Z,4F,EC,SS_FXN,CON,2025-05-29,0.019172171993283724,A,F,,,P1D,,V,,,,,,,,,,,,,,,,,4,4F0,,NEW CISS - CISS contribution from foreign exchange market subindex,"Euro area (changing composition), Contribution from foreign exchange market subindex, Contribution",PURE_NUMB,0
CISS.D.U2.Z0Z.4F.EC.SS_FXN.CON,D,U2,Z0Z,4F,EC,SS_FXN,CON,2025-05-30,0.014868709371865943,A,F,,,P1D,,V,,,,,,,,,,,,,,,,,4,4F0,,NEW CISS - CISS contribution from foreign exchange market subindex,"Euro area (changing composition), Contribution from foreign exchange market subindex, Contribution",PURE_NUMB,0
CISS.D.U2.Z0Z.4F.EC.SS_FXN.CON,D,U2,Z0Z,4F,EC,SS_FXN,CON,2025-06-02,0.01695600209860655,A,F,,,P1D,,V,,,,,,,,,,,,,,,,,4,4F0,,NEW CISS - CISS contribution from foreign exchange market subindex,"Euro area (changing composition), Contribution from foreign exchange market subindex, Contribution",PURE_NUMB,0
CISS.D.U2.Z0Z.4F.EC.SS_FXN.CON,D,U2,Z0Z,4F,EC,SS_FXN,CON,2025-06-03,0.018129098212415495,A,F,,,P1D,,V,,,,,,,,,,,,,,,,,4,4F0,,NEW CISS - CISS contribution from foreign exchange market subindex,"Euro area (changing composition), Contribution from foreign exchange market subindex, Contribution",PURE_NUMB,0
CISS.D.U2.Z0Z.4F.EC.SS_FXN.CON,D,U2,Z0Z,4F,EC,SS_FXN,CON,2025-06-04,0.016142764069693227,A,F,,,P1D,,V,,,,,,,,,,,,,,,,,4,4F0,,NEW CISS - CISS contribution from foreign exchange market subindex,"Euro area (changing composition), Contribution from foreign exchange market subindex, Contribution",PURE_NUMB,0
CISS.D.U2.Z0Z.4F.EC.SS_FXN.CON,D,U2,Z0Z,4F,EC,SS_FXN,CON,2025-06-05,0.018094199947717247,A,F,,,P1D,,V,,,,,,,,,,,,,,,,,4,4F0,,NEW CISS - CISS contribution from foreign exchange market subindex,"Euro area (changing composition), Contribution from foreign exchange market subindex, Contribution",PURE_NUMB,0
CISS.D.U2.Z0Z.4F.EC.SS_FXN.CON,D,U2,Z0Z,4F,EC,SS_FXN,CON,2025-06-06,0.016216554829760508,A,F,,,P1D,,V,,,,,,,,,,,,,,,,,4,4F0,,NEW CISS - CISS contribution from foreign exchange market subindex,"Euro area (changing composition), Contribution from foreign exchange market subindex, Contribution",PURE_NUMB,0
CISS.D.U2.Z0Z.4F.EC.SS_FXN.CON,D,U2,Z0Z,4F,EC,SS_FXN,CON,2025-06-09,0.011835079912241562,A,F,,,P1D,,V,,,,,,,,,,,,,,,,,4,4F0,,NEW CISS - CISS contribution from foreign exchange market subindex,"Euro area (changing composition), Contribution from foreign exchange market subindex, Contribution",PURE_NUMB,0
CISS.D.U2.Z0Z.4F.EC.SS_FXN.CON,D,U2,Z0Z,4F,EC,SS_FXN,CON,2025-06-10,0.011869027802224317,A,F,,,P1D,,V,,,,,,,,,,,,,,,,,4,4F0,,NEW CISS - CISS contribution from foreign exchange market subindex,"Euro area (changing composition), Contribution from foreign exchange market subindex, Contribution",PURE_NUMB,0
CISS.D.U2.Z0Z.4F.EC.SS_FXN.CON,D,U2,Z0Z,4F,EC,SS_FXN,CON,2025-06-11,0.011724756259367261,A,F,,,P1D,,V,,,,,,,,,,,,,,,,,4,4F0,,NEW CISS - CISS contribution from foreign exchange market subindex,"Euro area (changing composition), Contribution from foreign exchange market subindex, Contribution",PURE_NUMB,0
CISS.D.U2.Z0Z.4F.EC.SS_FXN.CON,D,U2,Z0Z,4F,EC,SS_FXN,CON,2025-06-12,0.01663549881335059,A,F,,,P1D,,V,,,,,,,,,,,,,,,,,4,4F0,,NEW CISS - CISS contribution from foreign exchange market subindex,"Euro area (changing composition), Contribution from foreign exchange market subindex, Contribution",PURE_NUMB,0
CISS.D.U2.Z0Z.4F.EC.SS_FXN.CON,D,U2,Z0Z,4F,EC,SS_FXN,CON,2025-06-13,0.015147718210172596,A,F,,,P1D,,V,,,,,,,,,,,,,,,,,4,4F0,,NEW CISS - CISS contribution from foreign exchange market subindex,"Euro area (changing composition), Contribution from foreign exchange market subindex, Contribution",PURE_NUMB,0
CISS.D.U2.Z0Z.4F.EC.SS_FXN.CON,D,U2,Z0Z,4F,EC,SS_FXN,CON,2025-06-16,0.014066280650999238,A,F,,,P1D,,V,,,,,,,,,,,,,,,,,4,4F0,,NEW CISS - CISS contribution from foreign exchange market subindex,"Euro area (changing composition), Contribution from foreign exchange market subindex, Contribution",PURE_NUMB,0
CISS.D.U2.Z0Z.4F.EC.SS_FXN.CON,D,U2,Z0Z,4F,EC,SS_FXN,CON,2025-06-17,0.01850992769965586,A,F,,,P1D,,V,,,,,,,,,,,,,,,,,4,4F0,,NEW CISS - CISS contribution from foreign exchange market subindex,"Euro area (changing composition), Contribution from foreign exchange market subindex, Contribution",PURE_NUMB,0
CISS.D.U2.Z0Z.4F.EC.SS_FXN.CON,D,U2,Z0Z,4F,EC,SS_FXN,CON,2025-06-18,0.013434476166009346,A,F,,,P1D,,V,,,,,,,,,,,,,,,,,4,4F0,,NEW CISS - CISS contribution from foreign exchange market subindex,"Euro area (changing composition), Contribution from foreign exchange market subindex, Contribution",PURE_NUMB,0
CISS.D.U2.Z0Z.4F.EC.SS_FXN.CON,D,U2,Z0Z,4F,EC,SS_FXN,CON,2025-06-19,0.012010485049606038,A,F,,,P1D,,V,,,,,,,,,,,,,,,,,4,4F0,,NEW CISS - CISS contribution from foreign exchange market subindex,"Euro area (changing composition), Contribution from foreign exchange market subindex, Contribution",PURE_NUMB,0
CISS.D.U2.Z0Z.4F.EC.SS_FXN.CON,D,U2,Z0Z,4F,EC,SS_FXN,CON,2025-06-20,0.01415531106719976,A,F,,,P1D,,V,,,,,,,,,,,,,,,,,4,4F0,,NEW CISS - CISS contribution from foreign exchange market subindex,"Euro area (changing composition), Contribution from foreign exchange market subindex, Contribution",PURE_NUMB,0
CISS.D.U2.Z0Z.4F.EC.SS_FXN.CON,D,U2,Z0Z,4F,EC,SS_FXN,CON,2025-06-23,0.01366553267755962,A,F,,,P1D,,V,,,,,,,,,,,,,,,,,4,4F0,,NEW CISS - CISS contribution from foreign exchange market subindex,"Euro area (changing composition), Contribution from foreign exchange market subindex, Contribution",PURE_NUMB,0
CISS.D.U2.Z0Z.4F.EC.SS_FXN.CON,D,U2,Z0Z,4F,EC,SS_FXN,CON,2025-06-24,0.015835809667595513,A,F,,,P1D,,V,,,,,,,,,,,,,,,,,4,4F0,,NEW CISS - CISS contribution from foreign exchange market subindex,"Euro area (changing composition), Contribution from foreign exchange market subindex, Contribution",PURE_NUMB,0
CISS.D.U2.Z0Z.4F.EC.SS_FXN.CON,D,U2,Z0Z,4F,EC,SS_FXN,CON,2025-06-25,0.01630366647121365,A,F,,,P1D,,V,,,,,,,,,,,,,,,,,4,4F0,,NEW CISS - CISS contribution from foreign exchange market subindex,"Euro area (changing composition), Contribution from foreign exchange market subindex, Contribution",PURE_NUMB,0
CISS.D.U2.Z0Z.4F.EC.SS_FXN.CON,D,U2,Z0Z,4F,EC,SS_FXN,CON,2025-06-26,0.013053385963257882,A,F,,,P1D,,V,,,,,,,,,,,,,,,,,4,4F0,,NEW CISS - CISS contribution from foreign exchange market subindex,"Euro area (changing composition), Contribution from foreign exchange market subindex, Contribution",PURE_NUMB,0
CISS.D.U2.Z0Z.4F.EC.SS_FXN.CON,D,U2,Z0Z,4F,EC,SS_FXN,CON,2025-06-27,0.013254638151898241,A,F,,,P1D,,V,,,,,,,,,,,,,,,,,4,4F0,,NEW CISS - CISS contribution from foreign exchange market subindex,"Euro area (changing composition), Contribution from foreign exchange market subindex, Contribution",PURE_NUMB,0
CISS.D.U2.Z0Z.4F.EC.SS_FXN.CON,D,U2,Z0Z,4F,EC,SS_FXN,CON,2025-06-30,0.013080431514190364,A,F,,,P1D,,V,,,,,,,,,,,,,,,,,4,4F0,,NEW CISS - CISS contribution from foreign exchange market subindex,"Euro area (changing composition), Contribution from foreign exchange market subindex, Contribution",PURE_NUMB,0
CISS.D.U2.Z0Z.4F.EC.SS_FXN.CON,D,U2,Z0Z,4F,EC,SS_FXN,CON,2025-07-01,0.010042675378159584,A,F,,,P1D,,V,,,,,,,,,,,,,,,,,4,4F0,,NEW CISS - CISS contribution from foreign exchange market subindex,"Euro area (changing composition), Contribution from foreign exchange market subindex, Contribution",PURE_NUMB,0
CISS.D.U2.Z0Z.4F.EC.SS_FXN.CON,D,U2,Z0Z,4F,EC,SS_FXN,CON,2025-07-02,0.013528148889221017,A,F,,,P1D,,V,,,,,,,,,,,,,,,,,4,4F0,,NEW CISS - CISS contribution from foreign exchange market subindex,"Euro area (changing composition), Contribution from foreign exchange market subindex, Contribution",PURE_NUMB,0
CISS.D.U2.Z0Z.4F.EC.SS_FXN.CON,D,U2,Z0Z,4F,EC,SS_FXN,CON,2025-07-03,0.015241595133598632,A,F,,,P1D,,V,,,,,,,,,,,,,,,,,4,4F0,,NEW CISS - CISS contribution from foreign exchange market subindex,"Euro area (changing composition), Contribution from foreign exchange market subindex, Contribution",PURE_NUMB,0
CISS.D.U2.Z0Z.4F.EC.SS_FXN.CON,D,U2,Z0Z,4F,EC,SS_FXN,CON,2025-07-04,0.012225668265050204,A,F,,,P1D,,V,,,,,,,,,,,,,,,,,4,4F0,,NEW CISS - CISS contribution from foreign exchange market subindex,"Euro area (changing composition), Contribution from foreign exchange market subindex, Contribution",PURE_NUMB,0
CISS.D.U2.Z0Z.4F.EC.SS_FXN.CON,D,U2,Z0Z,4F,EC,SS_FXN,CON,2025-07-07,0.013487485530919975,A,F,,,P1D,,V,,,,,,,,,,,,,,,,,4,4F0,,NEW CISS - CISS contribution from foreign exchange market subindex,"Euro area (changing composition), Contribution from foreign exchange market subindex, Contribution",PURE_NUMB,0
CISS.D.U2.Z0Z.4F.EC.SS_FXN.CON,D,U2,Z0Z,4F,EC,SS_FXN,CON,2025-07-08,0.011846619592230082,A,F,,,P1D,,V,,,,,,,,,,,,,,,,,4,4F0,,NEW CISS - CISS contribution from foreign exchange market subindex,"Euro area (changing composition), Contribution from foreign exchange market subindex, Contribution",PURE_NUMB,0
CISS.D.U2.Z0Z.4F.EC.SS_FXN.CON,D,U2,Z0Z,4F,EC,SS_FXN,CON,2025-07-09,0.008686223020254452,A,F,,,P1D,,V,,,,,,,,,,,,,,,,,4,4F0,,NEW CISS - CISS contribution from foreign exchange market subindex,"Euro area (changing composition), Contribution from foreign exchange market subindex, Contribution",PURE_NUMB,0
CISS.D.U2.Z0Z.4F.EC.SS_FXN.CON,D,U2,Z0Z,4F,EC,SS_FXN,CON,2025-07-10,0.006751786307814031,A,F,,,P1D,,V,,,,,,,,,,,,,,,,,4,4F0,,NEW CISS - CISS contribution from foreign exchange market subindex,"Euro area (changing composition), Contribution from foreign exchange market subindex, Contribution",PURE_NUMB,0
CISS.D.U2.Z0Z.4F.EC.SS_FXN.CON,D,U2,Z0Z,4F,EC,SS_FXN,CON,2025-07-11,0.01061956633445362,A,F,,,P1D,,V,,,,,,,,,,,,,,,,,4,4F0,,NEW CISS - CISS contribution from foreign exchange market subindex,"Euro area (changing composition), Contribution from foreign exchange market subindex, Contribution",PURE_NUMB,0
CISS.D.U2.Z0Z.4F.EC.SS_FXN.CON,D,U2,Z0Z,4F,EC,SS_FXN,CON,2025-07-14,0.008883736156534643,A,F,,,P1D,,V,,,,,,,,,,,,,,,,,4,4F0,,NEW CISS - CISS contribution from foreign exchange market subindex,"Euro area (changing composition), Contribution from foreign exchange market subindex, Contribution",PURE_NUMB,0
CISS.D.U2.Z0Z.4F.EC.SS_FXN.CON,D,U2,Z0Z,4F,EC,SS_FXN,CON,2025-07-15,0.009102772715344098,A,F,,,P1D,,V,,,,,,,,,,,,,,,,,4,4F0,,NEW CISS - CISS contribution from foreign exchange market subindex,"Euro area (changing composition), Contribution from foreign exchange market subindex, Contribution",PURE_NUMB,0
CISS.D.U2.Z0Z.4F.EC.SS_FXN.CON,D,U2,Z0Z,4F,EC,SS_FXN,CON,2025-07-16,0.007957794597223539,A,F,,,P1D,,V,,,,,,,,,,,,,,,,,4,4F0,,NEW CISS - CISS contribution from foreign exchange market subindex,"Euro area (changing composition), Contribution from foreign exchange market subindex, Contribution",PURE_NUMB,0
CISS.D.U2.Z0Z.4F.EC.SS_FXN.CON,D,U2,Z0Z,4F,EC,SS_FXN,CON,2025-07-17,0.007175989941328568,A,F,,,P1D,,V,,,,,,,,,,,,,,,,,4,4F0,,NEW CISS - CISS contribution from foreign exchange market subindex,"Euro area (changing composition), Contribution from foreign exchange market subindex, Contribution",PURE_NUMB,0
CISS.D.U2.Z0Z.4F.EC.SS_FXN.CON,D,U2,Z0Z,4F,EC,SS_FXN,CON,2025-07-18,0.006949509001674023,A,F,,,P1D,,V,,,,,,,,,,,,,,,,,4,4F0,,NEW CISS - CISS contribution from foreign exchange market subindex,"Euro area (changing composition), Contribution from foreign exchange market subindex, Contribution",PURE_NUMB,0
CISS.D.U2.Z0Z.4F.EC.SS_FXN.CON,D,U2,Z0Z,4F,EC,SS_FXN,CON,2025-07-21,0.008625749003925596,A,F,,,P1D,,V,,,,,,,,,,,,,,,,,4,4F0,,NEW CISS - CISS contribution from foreign exchange market subindex,"Euro area (changing composition), Contribution from foreign exchange market subindex, Contribution",PURE_NUMB,0
CISS.D.U2.Z0Z.4F.EC.SS_FXN.CON,D,U2,Z0Z,4F,EC,SS_FXN,CON,2025-07-22,0.008349562712773336,A,F,,,P1D,,V,,,,,,,,,,,,,,,,,4,4F0,,NEW CISS - CISS contribution from foreign exchange market subindex,"Euro area (changing composition), Contribution from foreign exchange market subindex, Contribution",PURE_NUMB,0
CISS.D.U2.Z0Z.4F.EC.SS_FXN.CON,D,U2,Z0Z,4F,EC,SS_FXN,CON,2025-07-23,0.006543988051184847,A,F,,,P1D,,V,,,,,,,,,,,,,,,,,4,4F0,,NEW CISS - CISS contribution from foreign exchange market subindex,"Euro area (changing composition), Contribution from foreign exchange market subindex, Contribution",PURE_NUMB,0
CISS.D.U2.Z0Z.4F.EC.SS_FXN.CON,D,U2,Z0Z,4F,EC,SS_FXN,CON,2025-07-24,0.006070292085666405,A,F,,,P1D,,V,,,,,,,,,,,,,,,,,4,4F0,,NEW CISS - CISS contribution from foreign exchange market subindex,"Euro area (changing composition), Contribution from foreign exchange market subindex, Contribution",PURE_NUMB,0
CISS.D.U2.Z0Z.4F.EC.SS_FXN.CON,D,U2,Z0Z,4F,EC,SS_FXN,CON,2025-07-25,0.0075148465325055695,A,F,,,P1D,,V,,,,,,,,,,,,,,,,,4,4F0,,NEW CISS - CISS contribution from foreign exchange market subindex,"Euro area (changing composition), Contribution from foreign exchange market subindex, Contribution",PURE_NUMB,0
CISS.D.U2.Z0Z.4F.EC.SS_FXN.CON,D,U2,Z0Z,4F,EC,SS_FXN,CON,2025-07-28,0.02885589640779584,A,F,,,P1D,,V,,,,,,,,,,,,,,,,,4,4F0,,NEW CISS - CISS contribution from foreign exchange market subindex,"Euro area (changing composition), Contribution from foreign exchange market subindex, Contribution",PURE_NUMB,0
CISS.D.U2.Z0Z.4F.EC.SS_FXN.CON,D,U2,Z0Z,4F,EC,SS_FXN,CON,2025-07-29,0.025849178865411857,A,F,,,P1D,,V,,,,,,,,,,,,,,,,,4,4F0,,NEW CISS - CISS contribution from foreign exchange market subindex,"Euro area (changing composition), Contribution from foreign exchange market subindex, Contribution",PURE_NUMB,0
CISS.D.U2.Z0Z.4F.EC.SS_FXN.CON,D,U2,Z0Z,4F,EC,SS_FXN,CON,2025-07-30,0.0317617402710988,A,F,,,P1D,,V,,,,,,,,,,,,,,,,,4,4F0,,NEW CISS - CISS contribution from foreign exchange market subindex,"Euro area (changing composition), Contribution from foreign exchange market subindex, Contribution",PURE_NUMB,0
CISS.D.U2.Z0Z.4F.EC.SS_FXN.CON,D,U2,Z0Z,4F,EC,SS_FXN,CON,2025-07-31,0.03610485205102726,A,F,,,P1D,,V,,,,,,,,,,,,,,,,,4,4F0,,NEW CISS - CISS contribution from foreign exchange market subindex,"Euro area (changing composition), Contribution from foreign exchange market subindex, Contribution",PURE_NUMB,0
CISS.D.U2.Z0Z.4F.EC.SS_FXN.CON,D,U2,Z0Z,4F,EC,SS_FXN,CON,2025-08-01,0.06322012409161851,A,F,,,P1D,,V,,,,,,,,,,,,,,,,,4,4F0,,NEW CISS - CISS contribution from foreign exchange market subindex,"Euro area (changing composition), Contribution from foreign exchange market subindex, Contribution",PURE_NUMB,0
CISS.D.U2.Z0Z.4F.EC.SS_FXN.CON,D,U2,Z0Z,4F,EC,SS_FXN,CON,2025-08-04,0.056178843222685695,A,F,,,P1D,,V,,,,,,,,,,,,,,,,,4,4F0,,NEW CISS - CISS contribution from foreign exchange market subindex,"Euro area (changing composition), Contribution from foreign exchange market subindex, Contribution",PURE_NUMB,0
CISS.D.U2.Z0Z.4F.EC.SS_FXN.CON,D,U2,Z0Z,4F,EC,SS_FXN,CON,2025-08-05,0.04839254061415655,A,F,,,P1D,,V,,,,,,,,,,,,,,,,,4,4F0,,NEW CISS - CISS contribution from foreign exchange market subindex,"Euro area (changing composition), Contribution from foreign exchange market subindex, Contribution",PURE_NUMB,0
CISS.D.U2.Z0Z.4F.EC.SS_FXN.CON,D,U2,Z0Z,4F,EC,SS_FXN,CON,2025-08-06,0.045363410903018646,A,F,,,P1D,,V,,,,,,,,,,,,,,,,,4,4F0,,NEW CISS - CISS contribution from foreign exchange market subindex,"Euro area (changing composition), Contribution from foreign exchange market subindex, Contribution",PURE_NUMB,0
CISS.D.U2.Z0Z.4F.EC.SS_FXN.CON,D,U2,Z0Z,4F,EC,SS_FXN,CON,2025-08-07,0.04263362592305835,A,F,,,P1D,,V,,,,,,,,,,,,,,,,,4,4F0,,NEW CISS - CISS contribution from foreign exchange market subindex,"Euro area (changing composition), Contribution from foreign exchange market subindex, Contribution",PURE_NUMB,0
CISS.D.U2.Z0Z.4F.EC.SS_FXN.CON,D,U2,Z0Z,4F,EC,SS_FXN,CON,2025-08-08,0.03696306768569549,A,F,,,P1D,,V,,,,,,,,,,,,,,,,,4,4F0,,NEW CISS - CISS contribution from foreign exchange market subindex,"Euro area (changing composition), Contribution from foreign exchange market subindex, Contribution",PURE_NUMB,0
CISS.D.U2.Z0Z.4F.EC.SS_FXN.CON,D,U2,Z0Z,4F,EC,SS_FXN,CON,2025-08-11,0.030203507410929392,A,F,,,P1D,,V,,,,,,,,,,,,,,,,,4,4F0,,NEW CISS - CISS contribution from foreign exchange market subindex,"Euro area (changing composition), Contribution from foreign exchange market subindex, Contribution",PURE_NUMB,0
CISS.D.U2.Z0Z.4F.EC.SS_FXN.CON,D,U2,Z0Z,4F,EC,SS_FXN,CON,2025-08-12,0.026080649086571688,A,F,,,P1D,,V,,,,,,,,,,,,,,,,,4,4F0,,NEW CISS - CISS contribution from foreign exchange market subindex,"Euro area (changing composition), Contribution from foreign exchange market subindex, Contribution",PURE_NUMB,0
CISS.D.U2.Z0Z.4F.EC.SS_FXN.CON,D,U2,Z0Z,4F,EC,SS_FXN,CON,2025-08-13,0.021845877088630325,A,F,,,P1D,,V,,,,,,,,,,,,,,,,,4,4F0,,NEW CISS - CISS contribution from foreign exchange market subindex,"Euro area (changing composition), Contribution from foreign exchange market subindex, Contribution",PURE_NUMB,0
CISS.D.U2.Z0Z.4F.EC.SS_FXN.CON,D,U2,Z0Z,4F,EC,SS_FXN,CON,2025-08-14,0.019492490618180862,A,F,,,P1D,,V,,,,,,,,,,,,,,,,,4,4F0,,NEW CISS - CISS contribution from foreign exchange market subindex,"Euro area (changing composition), Contribution from foreign exchange market subindex, Contribution",PURE_NUMB,0
CISS.D.U2.Z0Z.4F.EC.SS_FXN.CON,D,U2,Z0Z,4F,EC,SS_FXN,CON,2025-08-15,0.01755275389051495,A,F,,,P1D,,V,,,,,,,,,,,,,,,,,4,4F0,,NEW CISS - CISS contribution from foreign exchange market subindex,"Euro area (changing composition), Contribution from foreign exchange market subindex, Contribution",PURE_NUMB,0
CISS.D.U2.Z0Z.4F.EC.SS_FXN.CON,D,U2,Z0Z,4F,EC,SS_FXN,CON,2025-08-18,0.015310159017190492,A,F,,,P1D,,V,,,,,,,,,,,,,,,,,4,4F0,,NEW CISS - CISS contribution from foreign exchange market subindex,"Euro area (changing composition), Contribution from foreign exchange market subindex, Contribution",PURE_NUMB,0
CISS.D.U2.Z0Z.4F.EC.SS_FXN.CON,D,U2,Z0Z,4F,EC,SS_FXN,CON,2025-08-19,0.01204438152928978,A,F,,,P1D,,V,,,,,,,,,,,,,,,,,4,4F0,,NEW CISS - CISS contribution from foreign exchange market subindex,"Euro area (changing composition), Contribution from foreign exchange market subindex, Contribution",PURE_NUMB,0
CISS.D.U2.Z0Z.4F.EC.SS_FXN.CON,D,U2,Z0Z,4F,EC,SS_FXN,CON,2025-08-20,0.00969033078738704,A,F,,,P1D,,V,,,,,,,,,,,,,,,,,4,4F0,,NEW CISS - CISS contribution from foreign exchange market subindex,"Euro area (changing composition), Contribution from foreign exchange market subindex, Contribution",PURE_NUMB,0
CISS.D.U2.Z0Z.4F.EC.SS_FXN.CON,D,U2,Z0Z,4F,EC,SS_FXN,CON,2025-08-21,0.008404124265040409,A,F,,,P1D,,V,,,,,,,,,,,,,,,,,4,4F0,,NEW CISS - CISS contribution from foreign exchange market subindex,"Euro area (changing composition), Contribution from foreign exchange market subindex, Contribution",PURE_NUMB,0
CISS.D.U2.Z0Z.4F.EC.SS_FXN.CON,D,U2,Z0Z,4F,EC,SS_FXN,CON,2025-08-22,0.012782311664888895,A,F,,,P1D,,V,,,,,,,,,,,,,,,,,4,4F0,,NEW CISS - CISS contribution from foreign exchange market subindex,"Euro area (changing composition), Contribution from foreign exchange market subindex, Contribution",PURE_NUMB,0
CISS.D.U2.Z0Z.4F.EC.SS_FXN.CON,D,U2,Z0Z,4F,EC,SS_FXN,CON,2025-08-25,0.014818687528586545,A,F,,,P1D,,V,,,,,,,,,,,,,,,,,4,4F0,,NEW CISS - CISS contribution from foreign exchange market subindex,"Euro area (changing composition), Contribution from foreign exchange market subindex, Contribution",PURE_NUMB,0
CISS.D.U2.Z0Z.4F.EC.SS_FXN.CON,D,U2,Z0Z,4F,EC,SS_FXN,CON,2025-08-26,0.013479144304806111,A,F,,,P1D,,V,,,,,,,,,,,,,,,,,4,4F0,,NEW CISS - CISS contribution from foreign exchange market subindex,"Euro area (changing composition), Contribution from foreign exchange market subindex, Contribution",PURE_NUMB,0
CISS.D.U2.Z0Z.4F.EC.SS_FXN.CON,D,U2,Z0Z,4F,EC,SS_FXN,CON,2025-08-27,0.01102511604432313,A,F,,,P1D,,V,,,,,,,,,,,,,,,,,4,4F0,,NEW CISS - CISS contribution from foreign exchange market subindex,"Euro area (changing composition), Contribution from foreign exchange market subindex, Contribution",PURE_NUMB,0
CISS.D.U2.Z0Z.4F.EC.SS_FXN.CON,D,U2,Z0Z,4F,EC,SS_FXN,CON,2025-08-28,0.009556144710491737,A,F,,,P1D,,V,,,,,,,,,,,,,,,,,4,4F0,,NEW CISS - CISS contribution from foreign exchange market subindex,"Euro area (changing composition), Contribution from foreign exchange market subindex, Contribution",PURE_NUMB,0
CISS.D.U2.Z0Z.4F.EC.SS_FXN.CON,D,U2,Z0Z,4F,EC,SS_FXN,CON,2025-08-29,0.007478988278312756,A,F,,,P1D,,V,,,,,,,,,,,,,,,,,4,4F0,,NEW CISS - CISS contribution from foreign exchange market subindex,"Euro area (changing composition), Contribution from foreign exchange market subindex, Contribution",PURE_NUMB,0
CISS.D.U2.Z0Z.4F.EC.SS_FXN.CON,D,U2,Z0Z,4F,EC,SS_FXN,CON,2025-09-01,0.005756922285709855,A,F,,,P1D,,V,,,,,,,,,,,,,,,,,4,4F0,,NEW CISS - CISS contribution from foreign exchange market subindex,"Euro area (changing composition), Contribution from foreign exchange market subindex, Contribution",PURE_NUMB,0
CISS.D.U2.Z0Z.4F.EC.SS_FXN.CON,D,U2,Z0Z,4F,EC,SS_FXN,CON,2025-09-02,0.011105443697930744,A,F,,,P1D,,V,,,,,,,,,,,,,,,,,4,4F0,,NEW CISS - CISS contribution from foreign exchange market subindex,"Euro area (changing composition), Contribution from foreign exchange market subindex, Contribution",PURE_NUMB,0
CISS.D.U2.Z0Z.4F.EC.SS_FXN.CON,D,U2,Z0Z,4F,EC,SS_FXN,CON,2025-09-03,0.008788837557454734,A,F,,,P1D,,V,,,,,,,,,,,,,,,,,4,4F0,,NEW CISS - CISS contribution from foreign exchange market subindex,"Euro area (changing composition), Contribution from foreign exchange market subindex, Contribution",PURE_NUMB,0
CISS.D.U2.Z0Z.4F.EC.SS_FXN.CON,D,U2,Z0Z,4F,EC,SS_FXN,CON,2025-09-04,0.006233146901931405,A,F,,,P1D,,V,,,,,,,,,,,,,,,,,4,4F0,,NEW CISS - CISS contribution from foreign exchange market subindex,"Euro area (changing composition), Contribution from foreign exchange market subindex, Contribution",PURE_NUMB,0
CISS.D.U2.Z0Z.4F.EC.SS_FXN.CON,D,U2,Z0Z,4F,EC,SS_FXN,CON,2025-09-05,0.0072880196212772716,A,F,,,P1D,,V,,,,,,,,,,,,,,,,,4,4F0,,NEW CISS - CISS contribution from foreign exchange market subindex,"Euro area (changing composition), Contribution from foreign exchange market subindex, Contribution",PURE_NUMB,0
CISS.D.U2.Z0Z.4F.EC.SS_FXN.CON,D,U2,Z0Z,4F,EC,SS_FXN,CON,2025-09-08,0.006700217079462036,A,F,,,P1D,,V,,,,,,,,,,,,,,,,,4,4F0,,NEW CISS - CISS contribution from foreign exchange market subindex,"Euro area (changing composition), Contribution from foreign exchange market subindex, Contribution",PURE_NUMB,0
CISS.D.U2.Z0Z.4F.EC.SS_FXN.CON,D,U2,Z0Z,4F,EC,SS_FXN,CON,2025-09-09,0.008466565397639632,A,F,,,P1D,,V,,,,,,,,,,,,,,,,,4,4F0,,NEW CISS - CISS contribution from foreign exchange market subindex,"Euro area (changing composition), Contribution from foreign exchange market subindex, Contribution",PURE_NUMB,0
CISS.D.U2.Z0Z.4F.EC.SS_FXN.CON,D,U2,Z0Z,4F,EC,SS_FXN,CON,2025-09-10,0.006119537214095183,A,F,,,P1D,,V,,,,,,,,,,,,,,,,,4,4F0,,NEW CISS - CISS contribution from foreign exchange market subindex,"Euro area (changing composition), Contribution from foreign exchange market subindex, Contribution",PURE_NUMB,0
CISS.D.U2.Z0Z.4F.EC.SS_FXN.CON,D,U2,Z0Z,4F,EC,SS_FXN,CON,2025-09-11,0.005190347600408098,A,F,,,P1D,,V,,,,,,,,,,,,,,,,,4,4F0,,NEW CISS - CISS contribution from foreign exchange market subindex,"Euro area (changing composition), Contribution from foreign exchange market subindex, Contribution",PURE_NUMB,0
CISS.D.U2.Z0Z.4F.EC.SS_FXN.CON,D,U2,Z0Z,4F,EC,SS_FXN,CON,2025-09-12,0.004136307129213622,A,F,,,P1D,,V,,,,,,,,,,,,,,,,,4,4F0,,NEW CISS - CISS contribution from foreign exchange market subindex,"Euro area (changing composition), Contribution from foreign exchange market subindex, Contribution",PURE_NUMB,0
CISS.D.U2.Z0Z.4F.EC.SS_FXN.CON,D,U2,Z0Z,4F,EC,SS_FXN,CON,2025-09-15,0.0034337355416925123,A,F,,,P1D,,V,,,,,,,,,,,,,,,,,4,4F0,,NEW CISS - CISS contribution from foreign exchange market subindex,"Euro area (changing composition), Contribution from foreign exchange market subindex, Contribution",PURE_NUMB,0
CISS.D.U2.Z0Z.4F.EC.SS_FXN.CON,D,U2,Z0Z,4F,EC,SS_FXN,CON,2025-09-16,0.01267734793780845,A,F,,,P1D,,V,,,,,,,,,,,,,,,,,4,4F0,,NEW CISS - CISS contribution from foreign exchange market subindex,"Euro area (changing composition), Contribution from foreign exchange market subindex, Contribution",PURE_NUMB,0
CISS.D.U2.Z0Z.4F.EC.SS_FXN.CON,D,U2,Z0Z,4F,EC,SS_FXN,CON,2025-09-17,0.012769961031837657,A,F,,,P1D,,V,,,,,,,,,,,,,,,,,4,4F0,,NEW CISS - CISS contribution from foreign exchange market subindex,"Euro area (changing composition), Contribution from foreign exchange market subindex, Contribution",PURE_NUMB,0
CISS.D.U2.Z0Z.4F.EC.SS_FXN.CON,D,U2,Z0Z,4F,EC,SS_FXN,CON,2025-09-18,0.010577637552952482,A,F,,,P1D,,V,,,,,,,,,,,,,,,,,4,4F0,,NEW CISS - CISS contribution from foreign exchange market subindex,"Euro area (changing composition), Contribution from foreign exchange market subindex, Contribution",PURE_NUMB,0
CISS.D.U2.Z0Z.4F.EC.SS_FXN.CON,D,U2,Z0Z,4F,EC,SS_FXN,CON,2025-09-19,0.010029751383072336,A,F,,,P1D,,V,,,,,,,,,,,,,,,,,4,4F0,,NEW CISS - CISS contribution from foreign exchange market subindex,"Euro area (changing composition), Contribution from foreign exchange market subindex, Contribution",PURE_NUMB,0
CISS.D.U2.Z0Z.4F.EC.SS_FXN.CON,D,U2,Z0Z,4F,EC,SS_FXN,CON,2025-09-22,0.008951410069830926,A,F,,,P1D,,V,,,,,,,,,,,,,,,,,4,4F0,,NEW CISS - CISS contribution from foreign exchange market subindex,"Euro area (changing composition), Contribution from foreign exchange market subindex, Contribution",PURE_NUMB,0
CISS.D.U2.Z0Z.4F.EC.SS_FXN.CON,D,U2,Z0Z,4F,EC,SS_FXN,CON,2025-09-23,0.00625255007886431,A,F,,,P1D,,V,,,,,,,,,,,,,,,,,4,4F0,,NEW CISS - CISS contribution from foreign exchange market subindex,"Euro area (changing composition), Contribution from foreign exchange market subindex, Contribution",PURE_NUMB,0
CISS.D.U2.Z0Z.4F.EC.SS_FXN.CON,D,U2,Z0Z,4F,EC,SS_FXN,CON,2025-09-24,0.0072567488073871644,A,F,,,P1D,,V,,,,,,,,,,,,,,,,,4,4F0,,NEW CISS - CISS contribution from foreign exchange market subindex,"Euro area (changing composition), Contribution from foreign exchange market subindex, Contribution",PURE_NUMB,0
CISS.D.U2.Z0Z.4F.EC.SS_FXN.CON,D,U2,Z0Z,4F,EC,SS_FXN,CON,2025-09-25,0.008012752897036814,A,F,,,P1D,,V,,,,,,,,,,,,,,,,,4,4F0,,NEW CISS - CISS contribution from foreign exchange market subindex,"Euro area (changing composition), Contribution from foreign exchange market subindex, Contribution",PURE_NUMB,0
CISS.D.U2.Z0Z.4F.EC.SS_FXN.CON,D,U2,Z0Z,4F,EC,SS_FXN,CON,2025-09-26,0.0069977226845552645,A,F,,,P1D,,V,,,,,,,,,,,,,,,,,4,4F0,,NEW CISS - CISS contribution from foreign exchange market subindex,"Euro area (changing composition), Contribution from foreign exchange market subindex, Contribution",PURE_NUMB,0
CISS.D.U2.Z0Z.4F.EC.SS_FXN.CON,D,U2,Z0Z,4F,EC,SS_FXN,CON,2025-09-29,0.005999665410288598,A,F,,,P1D,,V,,,,,,,,,,,,,,,,,4,4F0,,NEW CISS - CISS contribution from foreign exchange market subindex,"Euro area (changing composition), Contribution from foreign exchange market subindex, Contribution",PURE_NUMB,0
CISS.D.U2.Z0Z.4F.EC.SS_FXN.CON,D,U2,Z0Z,4F,EC,SS_FXN,CON,2025-09-30,0.004682865849313284,A,F,,,P1D,,V,,,,,,,,,,,,,,,,,4,4F0,,NEW CISS - CISS contribution from foreign exchange market subindex,"Euro area (changing composition), Contribution from foreign exchange market subindex, Contribution",PURE_NUMB,0
CISS.D.U2.Z0Z.4F.EC.SS_FXN.CON,D,U2,Z0Z,4F,EC,SS_FXN,CON,2025-10-01,0.0049190318472228075,A,F,,,P1D,,V,,,,,,,,,,,,,,,,,4,4F0,,NEW CISS - CISS contribution from foreign exchange market subindex,"Euro area (changing composition), Contribution from foreign exchange market subindex, Contribution",PURE_NUMB,0
CISS.D.U2.Z0Z.4F.EC.SS_FXN.CON,D,U2,Z0Z,4F,EC,SS_FXN,CON,2025-10-02,0.0036151937640332256,A,F,,,P1D,,V,,,,,,,,,,,,,,,,,4,4F0,,NEW CISS - CISS contribution from foreign exchange market subindex,"Euro area (changing composition), Contribution from foreign exchange market subindex, Contribution",PURE_NUMB,0
CISS.D.U2.Z0Z.4F.EC.SS_FXN.CON,D,U2,Z0Z,4F,EC,SS_FXN,CON,2025-10-03,0.003188383012430143,A,F,,,P1D,,V,,,,,,,,,,,,,,,,,4,4F0,,NEW CISS - CISS contribution from foreign exchange market subindex,"Euro area (changing composition), Contribution from foreign exchange market subindex, Contribution",PURE_NUMB,0
CISS.D.U2.Z0Z.4F.EC.SS_FXN.CON,D,U2,Z0Z,4F,EC,SS_FXN,CON,2025-10-06,0.014734820412647955,A,F,,,P1D,,V,,,,,,,,,,,,,,,,,4,4F0,,NEW CISS - CISS contribution from foreign exchange market subindex,"Euro area (changing composition), Contribution from foreign exchange market subindex, Contribution",PURE_NUMB,0
CISS.D.U2.Z0Z.4F.EC.SS_FXN.CON,D,U2,Z0Z,4F,EC,SS_FXN,CON,2025-10-07,0.014445563993274476,A,F,,,P1D,,V,,,,,,,,,,,,,,,,,4,4F0,,NEW CISS - CISS contribution from foreign exchange market subindex,"Euro area (changing composition), Contribution from foreign exchange market subindex, Contribution",PURE_NUMB,0
CISS.D.U2.Z0Z.4F.EC.SS_FXN.CON,D,U2,Z0Z,4F,EC,SS_FXN,CON,2025-10-08,0.012753224210624945,A,F,,,P1D,,V,,,,,,,,,,,,,,,,,4,4F0,,NEW CISS - CISS contribution from foreign exchange market subindex,"Euro area (changing composition), Contribution from foreign exchange market subindex, Contribution",PURE_NUMB,0
CISS.D.U2.Z0Z.4F.EC.SS_FXN.CON,D,U2,Z0Z,4F,EC,SS_FXN,CON,2025-10-09,0.012742419055983674,A,F,,,P1D,,V,,,,,,,,,,,,,,,,,4,4F0,,NEW CISS - CISS contribution from foreign exchange market subindex,"Euro area (changing composition), Contribution from foreign exchange market subindex, Contribution",PURE_NUMB,0
CISS.D.U2.Z0Z.4F.EC.SS_FXN.CON,D,U2,Z0Z,4F,EC,SS_FXN,CON,2025-10-10,0.01798697521757531,A,F,,,P1D,,V,,,,,,,,,,,,,,,,,4,4F0,,NEW CISS - CISS contribution from foreign exchange market subindex,"Euro area (changing composition), Contribution from foreign exchange market subindex, Contribution",PURE_NUMB,0
CISS.D.U2.Z0Z.4F.EC.SS_FXN.CON,D,U2,Z0Z,4F,EC,SS_FXN,CON,2025-10-13,0.01676809041193212,A,F,,,P1D,,V,,,,,,,,,,,,,,,,,4,4F0,,NEW CISS - CISS contribution from foreign exchange market subindex,"Euro area (changing composition), Contribution from foreign exchange market subindex, Contribution",PURE_NUMB,0
CISS.D.U2.Z0Z.4F.EC.SS_FXN.CON,D,U2,Z0Z,4F,EC,SS_FXN,CON,2025-10-14,0.015511416425451913,A,F,,,P1D,,V,,,,,,,,,,,,,,,,,4,4F0,,NEW CISS - CISS contribution from foreign exchange market subindex,"Euro area (changing composition), Contribution from foreign exchange market subindex, Contribution",PURE_NUMB,0
CISS.D.U2.Z0Z.4F.EC.SS_FXN.CON,D,U2,Z0Z,4F,EC,SS_FXN,CON,2025-10-15,0.013831298997543965,A,F,,,P1D,,V,,,,,,,,,,,,,,,,,4,4F0,,NEW CISS - CISS contribution from foreign exchange market subindex,"Euro area (changing composition), Contribution from foreign exchange market subindex, Contribution",PURE_NUMB,0
CISS.D.U2.Z0Z.4F.EC.SS_FXN.CON,D,U2,Z0Z,4F,EC,SS_FXN,CON,2025-10-16,0.010315230797494327,A,F,,,P1D,,V,,,,,,,,,,,,,,,,,4,4F0,,NEW CISS - CISS contribution from foreign exchange market subindex,"Euro area (changing composition), Contribution from foreign exchange market subindex, Contribution",PURE_NUMB,0
CISS.D.U2.Z0Z.4F.EC.SS_FXN.CON,D,U2,Z0Z,4F,EC,SS_FXN,CON,2025-10-17,0.010097566867760954,A,F,,,P1D,,V,,,,,,,,,,,,,,,,,4,4F0,,NEW CISS - CISS contribution from foreign exchange market subindex,"Euro area (changing composition), Contribution from foreign exchange market subindex, Contribution",PURE_NUMB,0
CISS.D.U2.Z0Z.4F.EC.SS_FXN.CON,D,U2,Z0Z,4F,EC,SS_FXN,CON,2025-10-20,0.006910763867759795,A,F,,,P1D,,V,,,,,,,,,,,,,,,,,4,4F0,,NEW CISS - CISS contribution from foreign exchange market subindex,"Euro area (changing composition), Contribution from foreign exchange market subindex, Contribution",PURE_NUMB,0
CISS.D.U2.Z0Z.4F.EC.SS_FXN.CON,D,U2,Z0Z,4F,EC,SS_FXN,CON,2025-10-21,0.006738028988591047,A,F,,,P1D,,V,,,,,,,,,,,,,,,,,4,4F0,,NEW CISS - CISS contribution from foreign exchange market subindex,"Euro area (changing composition), Contribution from foreign exchange market subindex, Contribution",PURE_NUMB,0
CISS.D.U2.Z0Z.4F.EC.SS_FXN.CON,D,U2,Z0Z,4F,EC,SS_FXN,CON,2025-10-22,0.005089721316872486,A,F,,,P1D,,V,,,,,,,,,,,,,,,,,4,4F0,,NEW CISS - CISS contribution from foreign exchange market subindex,"Euro area (changing composition), Contribution from foreign exchange market subindex, Contribution",PURE_NUMB,0
CISS.D.U2.Z0Z.4F.EC.SS_FXN.CON,D,U2,Z0Z,4F,EC,SS_FXN,CON,2025-10-23,0.005033397623483842,A,F,,,P1D,,V,,,,,,,,,,,,,,,,,4,4F0,,NEW CISS - CISS contribution from foreign exchange market subindex,"Euro area (changing composition), Contribution from foreign exchange market subindex, Contribution",PURE_NUMB,0
CISS.D.U2.Z0Z.4F.EC.SS_FXN.CON,D,U2,Z0Z,4F,EC,SS_FXN,CON,2025-10-24,0.003906381094209977,A,F,,,P1D,,V,,,,,,,,,,,,,,,,,4,4F0,,NEW CISS - CISS contribution from foreign exchange market subindex,"Euro area (changing composition), Contribution from foreign exchange market subindex, Contribution",PURE_NUMB,0
CISS.D.U2.Z0Z.4F.EC.SS_FXN.CON,D,U2,Z0Z,4F,EC,SS_FXN,CON,2025-10-27,0.002775933349290425,A,F,,,P1D,,V,,,,,,,,,,,,,,,,,4,4F0,,NEW CISS - CISS contribution from foreign exchange market subindex,"Euro area (changing composition), Contribution from foreign exchange market subindex, Contribution",PURE_NUMB,0
CISS.D.U2.Z0Z.4F.EC.SS_FXN.CON,D,U2,Z0Z,4F,EC,SS_FXN,CON,2025-10-28,0.005040535403579058,A,F,,,P1D,,V,,,,,,,,,,,,,,,,,4,4F0,,NEW CISS - CISS contribution from foreign exchange market subindex,"Euro area (changing composition), Contribution from foreign exchange market subindex, Contribution",PURE_NUMB,0
CISS.D.U2.Z0Z.4F.EC.SS_FXN.CON,D,U2,Z0Z,4F,EC,SS_FXN,CON,2025-10-29,0.004165825912859503,A,F,,,P1D,,V,,,,,,,,,,,,,,,,,4,4F0,,NEW CISS - CISS contribution from foreign exchange market subindex,"Euro area (changing composition), Contribution from foreign exchange market subindex, Contribution",PURE_NUMB,0
CISS.D.U2.Z0Z.4F.EC.SS_FXN.CON,D,U2,Z0Z,4F,EC,SS_FXN,CON,2025-10-30,0.0047170061542554514,A,F,,,P1D,,V,,,,,,,,,,,,,,,,,4,4F0,,NEW CISS - CISS contribution from foreign exchange market subindex,"Euro area (changing composition), Contribution from foreign exchange market subindex, Contribution",PURE_NUMB,0
CISS.D.U2.Z0Z.4F.EC.SS_FXN.CON,D,U2,Z0Z,4F,EC,SS_FXN,CON,2025-10-31,0.0045308263017273575,A,F,,,P1D,,V,,,,,,,,,,,,,,,,,4,4F0,,NEW CISS - CISS contribution from foreign exchange market subindex,"Euro area (changing composition), Contribution from foreign exchange market subindex, Contribution",PURE_NUMB,0
CISS.D.U2.Z0Z.4F.EC.SS_FXN.CON,D,U2,Z0Z,4F,EC,SS_FXN,CON,2025-11-03,0.002793948254933937,A,F,,,P1D,,V,,,,,,,,,,,,,,,,,4,4F0,,NEW CISS - CISS contribution from foreign exchange market subindex,"Euro area (changing composition), Contribution from foreign exchange market subindex, Contribution",PURE_NUMB,0
CISS.D.U2.Z0Z.4F.EC.SS_FXN.CON,D,U2,Z0Z,4F,EC,SS_FXN,CON,2025-11-04,0.006963934506889122,A,F,,,P1D,,V,,,,,,,,,,,,,,,,,4,4F0,,NEW CISS - CISS contribution from foreign exchange market subindex,"Euro area (changing composition), Contribution from foreign exchange market subindex, Contribution",PURE_NUMB,0
CISS.D.U2.Z0Z.4F.EC.SS_FXN.CON,D,U2,Z0Z,4F,EC,SS_FXN,CON,2025-11-05,0.00555586269853084,A,F,,,P1D,,V,,,,,,,,,,,,,,,,,4,4F0,,NEW CISS - CISS contribution from foreign exchange market subindex,"Euro area (changing composition), Contribution from foreign exchange market subindex, Contribution",PURE_NUMB,0
CISS.D.U2.Z0Z.4F.EC.SS_FXN.CON,D,U2,Z0Z,4F,EC,SS_FXN,CON,2025-11-06,0.005621161295688672,A,F,,,P1D,,V,,,,,,,,,,,,,,,,,4,4F0,,NEW CISS - CISS contribution from foreign exchange market subindex,"Euro area (changing composition), Contribution from foreign exchange market subindex, Contribution",PURE_NUMB,0
CISS.D.U2.Z0Z.4F.EC.SS_FXN.CON,D,U2,Z0Z,4F,EC,SS_FXN,CON,2025-11-07,0.00479727709198518,A,F,,,P1D,,V,,,,,,,,,,,,,,,,,4,4F0,,NEW CISS - CISS contribution from foreign exchange market subindex,"Euro area (changing composition), Contribution from foreign exchange market subindex, Contribution",PURE_NUMB,0
CISS.D.U2.Z0Z.4F.EC.SS_FXN.CON,D,U2,Z0Z,4F,EC,SS_FXN,CON,2025-11-10,0.0047981927869692334,A,F,,,P1D,,V,,,,,,,,,,,,,,,,,4,4F0,,NEW CISS - CISS contribution from foreign exchange market subindex,"Euro area (changing composition), Contribution from foreign exchange market subindex, Contribution",PURE_NUMB,0
CISS.D.U2.Z0Z.4F.EC.SS_FXN.CON,D,U2,Z0Z,4F,EC,SS_FXN,CON,2025-11-11,0.004830053167886797,A,F,,,P1D,,V,,,,,,,,,,,,,,,,,4,4F0,,NEW CISS - CISS contribution from foreign exchange market subindex,"Euro area (changing composition), Contribution from foreign exchange market subindex, Contribution",PURE_NUMB,0
CISS.D.U2.Z0Z.4F.EC.SS_FXN.CON,D,U2,Z0Z,4F,EC,SS_FXN,CON,2025-11-12,0.004971414993870256,A,F,,,P1D,,V,,,,,,,,,,,,,,,,,4,4F0,,NEW CISS - CISS contribution from foreign exchange market subindex,"Euro area (changing composition), Contribution from foreign exchange market subindex, Contribution",PURE_NUMB,0
CISS.D.U2.Z0Z.4F.EC.SS_FXN.CON,D,U2,Z0Z,4F,EC,SS_FXN,CON,2025-11-13,0.004098264662033826,A,F,,,P1D,,V,,,,,,,,,,,,,,,,,4,4F0,,NEW CISS - CISS contribution from foreign exchange market subindex,"Euro area (changing composition), Contribution from foreign exchange market subindex, Contribution",PURE_NUMB,0
CISS.D.U2.Z0Z.4F.EC.SS_FXN.CON,D,U2,Z0Z,4F,EC,SS_FXN,CON,2025-11-14,0.0031951987164423146,A,F,,,P1D,,V,,,,,,,,,,,,,,,,,4,4F0,,NEW CISS - CISS contribution from foreign exchange market subindex,"Euro area (changing composition), Contribution from foreign exchange market subindex, Contribution",PURE_NUMB,0
CISS.D.U2.Z0Z.4F.EC.SS_FXN.CON,D,U2,Z0Z,4F,EC,SS_FXN,CON,2025-11-17,0.0026355729253570485,A,F,,,P1D,,V,,,,,,,,,,,,,,,,,4,4F0,,NEW CISS - CISS contribution from foreign exchange market subindex,"Euro area (changing composition), Contribution from foreign exchange market subindex, Contribution",PURE_NUMB,0
CISS.D.U2.Z0Z.4F.EC.SS_FXN.CON,D,U2,Z0Z,4F,EC,SS_FXN,CON,2025-11-18,0.001993412676455938,A,F,,,P1D,,V,,,,,,,,,,,,,,,,,4,4F0,,NEW CISS - CISS contribution from foreign exchange market subindex,"Euro area (changing composition), Contribution from foreign exchange market subindex, Contribution",PURE_NUMB,0
CISS.D.U2.Z0Z.4F.EC.SS_FXN.CON,D,U2,Z0Z,4F,EC,SS_FXN,CON,2025-11-19,0.004623488070063428,A,F,,,P1D,,V,,,,,,,,,,,,,,,,,4,4F0,,NEW CISS - CISS contribution from foreign exchange market subindex,"Euro area (changing composition), Contribution from foreign exchange market subindex, Contribution",PURE_NUMB,0
CISS.D.U2.Z0Z.4F.EC.SS_FXN.CON,D,U2,Z0Z,4F,EC,SS_FXN,CON,2025-11-20,0.0033858709211069572,A,F,,,P1D,,V,,,,,,,,,,,,,,,,,4,4F0,,NEW CISS - CISS contribution from foreign exchange market subindex,"Euro area (changing composition), Contribution from foreign exchange market subindex, Contribution",PURE_NUMB,0
CISS.D.U2.Z0Z.4F.EC.SS_FXN.CON,D,U2,Z0Z,4F,EC,SS_FXN,CON,2025-11-21,0.00720712603076969,A,F,,,P1D,,V,,,,,,,,,,,,,,,,,4,4F0,,NEW CISS - CISS contribution from foreign exchange market subindex,"Euro area (changing composition), Contribution from foreign exchange market subindex, Contribution",PURE_NUMB,0
CISS.D.U2.Z0Z.4F.EC.SS_FXN.CON,D,U2,Z0Z,4F,EC,SS_FXN,CON,2025-11-24,0.005925420684860317,A,F,,,P1D,,V,,,,,,,,,,,,,,,,,4,4F0,,NEW CISS - CISS contribution from foreign exchange market subindex,"Euro area (changing composition), Contribution from foreign exchange market subindex, Contribution",PURE_NUMB,0
CISS.D.U2.Z0Z.4F.EC.SS_FXN.CON,D,U2,Z0Z,4F,EC,SS_FXN,CON,2025-11-25,0.00488989411111337,A,F,,,P1D,,V,,,,,,,,,,,,,,,,,4,4F0,,NEW CISS - CISS contribution from foreign exchange market subindex,"Euro area (changing composition), Contribution from foreign exchange market subindex, Contribution",PURE_NUMB,0
CISS.D.U2.Z0Z.4F.EC.SS_FXN.CON,D,U2,Z0Z,4F,EC,SS_FXN,CON,2025-11-26,0.0056780465112938345,A,F,,,P1D,,V,,,,,,,,,,,,,,,,,4,4F0,,NEW CISS - CISS contribution from foreign exchange market subindex,"Euro area (changing composition), Contribution from foreign exchange market subindex, Contribution",PURE_NUMB,0
CISS.D.U2.Z0Z.4F.EC.SS_FXN.CON,D,U2,Z0Z,4F,EC,SS_FXN,CON,2025-11-27,0.0039457524655264675,A,F,,,P1D,,V,,,,,,,,,,,,,,,,,4,4F0,,NEW CISS - CISS contribution from foreign exchange market subindex,"Euro area (changing composition), Contribution from foreign exchange market subindex, Contribution",PURE_NUMB,0
CISS.D.U2.Z0Z.4F.EC.SS_FXN.CON,D,U2,Z0Z,4F,EC,SS_FXN,CON,2025-11-28,0.002621838858378457,A,F,,,P1D,,V,,,,,,,,,,,,,,,,,4,4F0,,NEW CISS - CISS contribution from foreign exchange market subindex,"Euro area (changing composition), Contribution from foreign exchange market subindex, Contribution",PURE_NUMB,0
CISS.D.U2.Z0Z.4F.EC.SS_FXN.CON,D,U2,Z0Z,4F,EC,SS_FXN,CON,2025-12-01,0.0028528712450132474,A,F,,,P1D,,V,,,,,,,,,,,,,,,,,4,4F0,,NEW CISS - CISS contribution from foreign exchange market subindex,"Euro area (changing composition), Contribution from foreign exchange market subindex, Contribution",PURE_NUMB,0
CISS.D.U2.Z0Z.4F.EC.SS_FXN.CON,D,U2,Z0Z,4F,EC,SS_FXN,CON,2025-12-02,0.002439094988412488,A,F,,,P1D,,V,,,,,,,,,,,,,,,,,4,4F0,,NEW CISS - CISS contribution from foreign exchange market subindex,"Euro area (changing composition), Contribution from foreign exchange market subindex, Contribution",PURE_NUMB,0
CISS.D.U2.Z0Z.4F.EC.SS_FXN.CON,D,U2,Z0Z,4F,EC,SS_FXN,CON,2025-12-03,0.005151694720075836,A,F,,,P1D,,V,,,,,,,,,,,,,,,,,4,4F0,,NEW CISS - CISS contribution from foreign exchange market subindex,"Euro area (changing composition), Contribution from foreign exchange market subindex, Contribution",PURE_NUMB,0
CISS.D.U2.Z0Z.4F.EC.SS_FXN.CON,D,U2,Z0Z,4F,EC,SS_FXN,CON,2025-12-04,0.004125173991684919,A,F,,,P1D,,V,,,,,,,,,,,,,,,,,4,4F0,,NEW CISS - CISS contribution from foreign exchange market subindex,"Euro area (changing composition), Contribution from foreign exchange market subindex, Contribution",PURE_NUMB,0
CISS.D.U2.Z0Z.4F.EC.SS_FXN.CON,D,U2,Z0Z,4F,EC,SS_FXN,CON,2025-12-05,0.002894613492221859,A,F,,,P1D,,V,,,,,,,,,,,,,,,,,4,4F0,,NEW CISS - CISS contribution from foreign exchange market subindex,"Euro area (changing composition), Contribution from foreign exchange market subindex, Contribution",PURE_NUMB,0
CISS.D.U2.Z0Z.4F.EC.SS_FXN.CON,D,U2,Z0Z,4F,EC,SS_FXN,CON,2025-12-08,0.0024582133685758798,A,F,,,P1D,,V,,,,,,,,,,,,,,,,,4,4F0,,NEW CISS - CISS contribution from foreign exchange market subindex,"Euro area (changing composition), Contribution from foreign exchange market subindex, Contribution",PURE_NUMB,0
CISS.D.U2.Z0Z.4F.EC.SS_FXN.CON,D,U2,Z0Z,4F,EC,SS_FXN,CON,2025-12-09,0.0026062340544284763,A,F,,,P1D,,V,,,,,,,,,,,,,,,,,4,4F0,,NEW CISS - CISS contribution from foreign exchange market subindex,"Euro area (changing composition), Contribution from foreign exchange market subindex, Contribution",PURE_NUMB,0
CISS.D.U2.Z0Z.4F.EC.SS_FXN.CON,D,U2,Z0Z,4F,EC,SS_FXN,CON,2025-12-10,0.0025056220886365854,A,F,,,P1D,,V,,,,,,,,,,,,,,,,,4,4F0,,NEW CISS - CISS contribution from foreign exchange market subindex,"Euro area (changing composition), Contribution from foreign exchange market subindex, Contribution",PURE_NUMB,0
CISS.D.U2.Z0Z.4F.EC.SS_FXN.CON,D,U2,Z0Z,4F,EC,SS_FXN,CON,2025-12-11,0.0027055053821326506,A,F,,,P1D,,V,,,,,,,,,,,,,,,,,4,4F0,,NEW CISS - CISS contribution from foreign exchange market subindex,"Euro area (changing composition), Contribution from foreign exchange market subindex, Contribution",PURE_NUMB,0
CISS.D.U2.Z0Z.4F.EC.SS_FXN.CON,D,U2,Z0Z,4F,EC,SS_FXN,CON,2025-12-12,0.0020544650614739567,A,F,,,P1D,,V,,,,,,,,,,,,,,,,,4,4F0,,NEW CISS - CISS contribution from foreign exchange market subindex,"Euro area (changing composition), Contribution from foreign exchange market subindex, Contribution",PURE_NUMB,0
CISS.D.U2.Z0Z.4F.EC.SS_FXN.CON,D,U2,Z0Z,4F,EC,SS_FXN,CON,2025-12-15,0.0014617450764646673,A,F,,,P1D,,V,,,,,,,,,,,,,,,,,4,4F0,,NEW CISS - CISS contribution from foreign exchange market subindex,"Euro area (changing composition), Contribution from foreign exchange market subindex, Contribution",PURE_NUMB,0
CISS.D.U2.Z0Z.4F.EC.SS_FXN.CON,D,U2,Z0Z,4F,EC,SS_FXN,CON,2025-12-16,0.0023189477549518307,A,F,,,P1D,,V,,,,,,,,,,,,,,,,,4,4F0,,NEW CISS - CISS contribution from foreign exchange market subindex,"Euro area (changing composition), Contribution from foreign exchange market subindex, Contribution",PURE_NUMB,0
CISS.D.U2.Z0Z.4F.EC.SS_FXN.CON,D,U2,Z0Z,4F,EC,SS_FXN,CON,2025-12-17,0.003239067485382755,A,F,,,P1D,,V,,,,,,,,,,,,,,,,,4,4F0,,NEW CISS - CISS contribution from foreign exchange market subindex,"Euro area (changing composition), Contribution from foreign exchange market subindex, Contribution",PURE_NUMB,0
CISS.D.U2.Z0Z.4F.EC.SS_FXN.CON,D,U2,Z0Z,4F,EC,SS_FXN,CON,2025-12-18,0.0027483319269360003,A,F,,,P1D,,V,,,,,,,,,,,,,,,,,4,4F0,,NEW CISS - CISS contribution from foreign exchange market subindex,"Euro area (changing composition), Contribution from foreign exchange market subindex, Contribution",PURE_NUMB,0
CISS.D.U2.Z0Z.4F.EC.SS_FXN.CON,D,U2,Z0Z,4F,EC,SS_FXN,CON,2025-12-19,0.008619611534901272,A,F,,,P1D,,V,,,,,,,,,,,,,,,,,4,4F0,,NEW CISS - CISS contribution from foreign exchange market subindex,"Euro area (changing composition), Contribution from foreign exchange market subindex, Contribution",PURE_NUMB,0
CISS.D.U2.Z0Z.4F.EC.SS_FXN.CON,D,U2,Z0Z,4F,EC,SS_FXN,CON,2025-12-22,0.007418698625603185,A,F,,,P1D,,V,,,,,,,,,,,,,,,,,4,4F0,,NEW CISS - CISS contribution from foreign exchange market subindex,"Euro area (changing composition), Contribution from foreign exchange market subindex, Contribution",PURE_NUMB,0
CISS.D.U2.Z0Z.4F.EC.SS_FXN.CON,D,U2,Z0Z,4F,EC,SS_FXN,CON,2025-12-23,0.006281365713137559,A,F,,,P1D,,V,,,,,,,,,,,,,,,,,4,4F0,,NEW CISS - CISS contribution from foreign exchange market subindex,"Euro area (changing composition), Contribution from foreign exchange market subindex, Contribution",PURE_NUMB,0
CISS.D.U2.Z0Z.4F.EC.SS_FXN.CON,D,U2,Z0Z,4F,EC,SS_FXN,CON,2025-12-24,0.005052634960126011,A,F,,,P1D,,V,,,,,,,,,,,,,,,,,4,4F0,,NEW CISS - CISS contribution from foreign exchange market subindex,"Euro area (changing composition), Contribution from foreign exchange market subindex, Contribution",PURE_NUMB,0
CISS.D.U2.Z0Z.4F.EC.SS_FXN.CON,D,U2,Z0Z,4F,EC,SS_FXN,CON,2025-12-25,0.00395380158995049,A,F,,,P1D,,V,,,,,,,,,,,,,,,,,4,4F0,,NEW CISS - CISS contribution from foreign exchange market subindex,"Euro area (changing composition), Contribution from foreign exchange market subindex, Contribution",PURE_NUMB,0
CISS.D.U2.Z0Z.4F.EC.SS_FXN.CON,D,U2,Z0Z,4F,EC,SS_FXN,CON,2025-12-26,0.0035432917163968364,A,F,,,P1D,,V,,,,,,,,,,,,,,,,,4,4F0,,NEW CISS - CISS contribution from foreign exchange market subindex,"Euro area (changing composition), Contribution from foreign exchange market subindex, Contribution",PURE_NUMB,0
CISS.D.U2.Z0Z.4F.EC.SS_FXN.CON,D,U2,Z0Z,4F,EC,SS_FXN,CON,2025-12-29,0.003201780837238415,A,F,,,P1D,,V,,,,,,,,,,,,,,,,,4,4F0,,NEW CISS - CISS contribution from foreign exchange market subindex,"Euro area (changing composition), Contribution from foreign exchange market subindex, Contribution",PURE_NUMB,0
CISS.D.U2.Z0Z.4F.EC.SS_FXN.CON,D,U2,Z0Z,4F,EC,SS_FXN,CON,2025-12-30,0.002347271672966515,A,F,,,P1D,,V,,,,,,,,,,,,,,,,,4,4F0,,NEW CISS - CISS contribution from foreign exchange market subindex,"Euro area (changing composition), Contribution from foreign exchange market subindex, Contribution",PURE_NUMB,0
CISS.D.U2.Z0Z.4F.EC.SS_FXN.CON,D,U2,Z0Z,4F,EC,SS_FXN,CON,2025-12-31,0.0016433538396702853,A,F,,,P1D,,V,,,,,,,,,,,,,,,,,4,4F0,,NEW CISS - CISS contribution from foreign exchange market subindex,"Euro area (changing composition), Contribution from foreign exchange market subindex, Contribution",PURE_NUMB,0
CISS.D.U2.Z0Z.4F.EC.SS_FXN.CON,D,U2,Z0Z,4F,EC,SS_FXN,CON,2026-01-01,0.0010509543449983543,A,F,,,P1D,,V,,,,,,,,,,,,,,,,,4,4F0,,NEW CISS - CISS contribution from foreign exchange market subindex,"Euro area (changing composition), Contribution from foreign exchange market subindex, Contribution",PURE_NUMB,0
CISS.D.U2.Z0Z.4F.EC.SS_FXN.CON,D,U2,Z0Z,4F,EC,SS_FXN,CON,2026-01-02,0.000777500716163226,A,F,,,P1D,,V,,,,,,,,,,,,,,,,,4,4F0,,NEW CISS - CISS contribution from foreign exchange market subindex,"Euro area (changing composition), Contribution from foreign exchange market subindex, Contribution",PURE_NUMB,0
CISS.D.U2.Z0Z.4F.EC.SS_FXN.CON,D,U2,Z0Z,4F,EC,SS_FXN,CON,2026-01-05,0.002240394585912008,A,F,,,P1D,,V,,,,,,,,,,,,,,,,,4,4F0,,NEW CISS - CISS contribution from foreign exchange market subindex,"Euro area (changing composition), Contribution from foreign exchange market subindex, Contribution",PURE_NUMB,0
CISS.D.U2.Z0Z.4F.EC.SS_FXN.CON,D,U2,Z0Z,4F,EC,SS_FXN,CON,2026-01-06,0.0016850272678185087,A,F,,,P1D,,V,,,,,,,,,,,,,,,,,4,4F0,,NEW CISS - CISS contribution from foreign exchange market subindex,"Euro area (changing composition), Contribution from foreign exchange market subindex, Contribution",PURE_NUMB,0
CISS.D.U2.Z0Z.4F.EC.SS_FXN.CON,D,U2,Z0Z,4F,EC,SS_FXN,CON,2026-01-07,0.0015188270438234513,A,F,,,P1D,,V,,,,,,,,,,,,,,,,,4,4F0,,NEW CISS - CISS contribution from foreign exchange market subindex,"Euro area (changing composition), Contribution from foreign exchange market subindex, Contribution",PURE_NUMB,0
CISS.D.U2.Z0Z.4F.EC.SS_FXN.CON,D,U2,Z0Z,4F,EC,SS_FXN,CON,2026-01-08,0.0010394812518097671,A,F,,,P1D,,V,,,,,,,,,,,,,,,,,4,4F0,,NEW CISS - CISS contribution from foreign exchange market subindex,"Euro area (changing composition), Contribution from foreign exchange market subindex, Contribution",PURE_NUMB,0
CISS.D.U2.Z0Z.4F.EC.SS_FXN.CON,D,U2,Z0Z,4F,EC,SS_FXN,CON,2026-01-09,0.001093561938547693,A,F,,,P1D,,V,,,,,,,,,,,,,,,,,4,4F0,,NEW CISS - CISS contribution from foreign exchange market subindex,"Euro area (changing composition), Contribution from foreign exchange market subindex, Contribution",PURE_NUMB,0
CISS.D.U2.Z0Z.4F.EC.SS_FXN.CON,D,U2,Z0Z,4F,EC,SS_FXN,CON,2026-01-12,0.0013207829808253074,A,F,,,P1D,,V,,,,,,,,,,,,,,,,,4,4F0,,NEW CISS - CISS contribution from foreign exchange market subindex,"Euro area (changing composition), Contribution from foreign exchange market subindex, Contribution",PURE_NUMB,0
CISS.D.U2.Z0Z.4F.EC.SS_FXN.CON,D,U2,Z0Z,4F,EC,SS_FXN,CON,2026-01-13,0.0013915125700976769,A,F,,,P1D,,V,,,,,,,,,,,,,,,,,4,4F0,,NEW CISS - CISS contribution from foreign exchange market subindex,"Euro area (changing composition), Contribution from foreign exchange market subindex, Contribution",PURE_NUMB,0
CISS.D.U2.Z0Z.4F.EC.SS_FXN.CON,D,U2,Z0Z,4F,EC,SS_FXN,CON,2026-01-14,0.0015697748229419825,A,F,,,P1D,,V,,,,,,,,,,,,,,,,,4,4F0,,NEW CISS - CISS contribution from foreign exchange market subindex,"Euro area (changing composition), Contribution from foreign exchange market subindex, Contribution",PURE_NUMB,0
CISS.D.U2.Z0Z.4F.EC.SS_FXN.CON,D,U2,Z0Z,4F,EC,SS_FXN,CON,2026-01-15,0.0011615175235244455,A,F,,,P1D,,V,,,,,,,,,,,,,,,,,4,4F0,,NEW CISS - CISS contribution from foreign exchange market subindex,"Euro area (changing composition), Contribution from foreign exchange market subindex, Contribution",PURE_NUMB,0
CISS.D.U2.Z0Z.4F.EC.SS_FXN.CON,D,U2,Z0Z,4F,EC,SS_FXN,CON,2026-01-16,0.0012127323519381084,A,F,,,P1D,,V,,,,,,,,,,,,,,,,,4,4F0,,NEW CISS - CISS contribution from foreign exchange market subindex,"Euro area (changing composition), Contribution from foreign exchange market subindex, Contribution",PURE_NUMB,0
CISS.D.U2.Z0Z.4F.EC.SS_FXN.CON,D,U2,Z0Z,4F,EC,SS_FXN,CON,2026-01-19,0.0019789830400358125,A,F,,,P1D,,V,,,,,,,,,,,,,,,,,4,4F0,,NEW CISS - CISS contribution from foreign exchange market subindex,"Euro area (changing composition), Contribution from foreign exchange market subindex, Contribution",PURE_NUMB,0
CISS.D.U2.Z0Z.4F.EC.SS_FXN.CON,D,U2,Z0Z,4F,EC,SS_FXN,CON,2026-01-20,0.008502984508002078,A,F,,,P1D,,V,,,,,,,,,,,,,,,,,4,4F0,,NEW CISS - CISS contribution from foreign exchange market subindex,"Euro area (changing composition), Contribution from foreign exchange market subindex, Contribution",PURE_NUMB,0
CISS.D.U2.Z0Z.4F.EC.SS_FXN.CON,D,U2,Z0Z,4F,EC,SS_FXN,CON,2026-01-21,0.007672713651748674,A,F,,,P1D,,V,,,,,,,,,,,,,,,,,4,4F0,,NEW CISS - CISS contribution from foreign exchange market subindex,"Euro area (changing composition), Contribution from foreign exchange market subindex, Contribution",PURE_NUMB,0
CISS.D.U2.Z0Z.4F.EC.SS_FXN.CON,D,U2,Z0Z,4F,EC,SS_FXN,CON,2026-01-22,0.010335854183777101,A,F,,,P1D,,V,,,,,,,,,,,,,,,,,4,4F0,,NEW CISS - CISS contribution from foreign exchange market subindex,"Euro area (changing composition), Contribution from foreign exchange market subindex, Contribution",PURE_NUMB,0
CISS.D.U2.Z0Z.4F.EC.SS_FXN.CON,D,U2,Z0Z,4F,EC,SS_FXN,CON,2026-01-23,0.019000111748170147,A,F,,,P1D,,V,,,,,,,,,,,,,,,,,4,4F0,,NEW CISS - CISS contribution from foreign exchange market subindex,"Euro area (changing composition), Contribution from foreign exchange market subindex, Contribution",PURE_NUMB,0
CISS.D.U2.Z0Z.4F.EC.SS_FXN.CON,D,U2,Z0Z,4F,EC,SS_FXN,CON,2026-01-26,0.01772583188506111,A,F,,,P1D,,V,,,,,,,,,,,,,,,,,4,4F0,,NEW CISS - CISS contribution from foreign exchange market subindex,"Euro area (changing composition), Contribution from foreign exchange market subindex, Contribution",PURE_NUMB,0
CISS.D.U2.Z0Z.4F.EC.SS_FXN.CON,D,U2,Z0Z,4F,EC,SS_FXN,CON,2026-01-27,0.02365747801735431,A,F,,,P1D,,V,,,,,,,,,,,,,,,,,4,4F0,,NEW CISS - CISS contribution from foreign exchange market subindex,"Euro area (changing composition), Contribution from foreign exchange market subindex, Contribution",PURE_NUMB,0
CISS.D.U2.Z0Z.4F.EC.SS_FXN.CON,D,U2,Z0Z,4F,EC,SS_FXN,CON,2026-01-28,0.024916442974758656,A,F,,,P1D,,V,,,,,,,,,,,,,,,,,4,4F0,,NEW CISS - CISS contribution from foreign exchange market subindex,"Euro area (changing composition), Contribution from foreign exchange market subindex, Contribution",PURE_NUMB,0
CISS.D.U2.Z0Z.4F.EC.SS_FXN.CON,D,U2,Z0Z,4F,EC,SS_FXN,CON,2026-01-29,0.02048916661347614,A,F,,,P1D,,V,,,,,,,,,,,,,,,,,4,4F0,,NEW CISS - CISS contribution from foreign exchange market subindex,"Euro area (changing composition), Contribution from foreign exchange market subindex, Contribution",PURE_NUMB,0
CISS.D.U2.Z0Z.4F.EC.SS_FXN.CON,D,U2,Z0Z,4F,EC,SS_FXN,CON,2026-01-30,0.019207030460715625,A,F,,,P1D,,V,,,,,,,,,,,,,,,,,4,4F0,,NEW CISS - CISS contribution from foreign exchange market subindex,"Euro area (changing composition), Contribution from foreign exchange market subindex, Contribution",PURE_NUMB,0
CISS.D.U2.Z0Z.4F.EC.SS_FXN.CON,D,U2,Z0Z,4F,EC,SS_FXN,CON,2026-02-02,0.018310587617738603,A,F,,,P1D,,V,,,,,,,,,,,,,,,,,4,4F0,,NEW CISS - CISS contribution from foreign exchange market subindex,"Euro area (changing composition), Contribution from foreign exchange market subindex, Contribution",PURE_NUMB,0
CISS.D.U2.Z0Z.4F.EC.SS_FXN.CON,D,U2,Z0Z,4F,EC,SS_FXN,CON,2026-02-03,0.015296481274953238,A,F,,,P1D,,V,,,,,,,,,,,,,,,,,4,4F0,,NEW CISS - CISS contribution from foreign exchange market subindex,"Euro area (changing composition), Contribution from foreign exchange market subindex, Contribution",PURE_NUMB,0
CISS.D.U2.Z0Z.4F.EC.SS_FXN.CON,D,U2,Z0Z,4F,EC,SS_FXN,CON,2026-02-04,0.01500838281511049,A,F,,,P1D,,V,,,,,,,,,,,,,,,,,4,4F0,,NEW CISS - CISS contribution from foreign exchange market subindex,"Euro area (changing composition), Contribution from foreign exchange market subindex, Contribution",PURE_NUMB,0
CISS.D.U2.Z0Z.4F.EC.SS_FXN.CON,D,U2,Z0Z,4F,EC,SS_FXN,CON,2026-02-05,0.018516946043555145,A,F,,,P1D,,V,,,,,,,,,,,,,,,,,4,4F0,,NEW CISS - CISS contribution from foreign exchange market subindex,"Euro area (changing composition), Contribution from foreign exchange market subindex, Contribution",PURE_NUMB,0
CISS.D.U2.Z0Z.4F.EC.SS_FXN.CON,D,U2,Z0Z,4F,EC,SS_FXN,CON,2026-02-06,0.016543151047532158,A,F,,,P1D,,V,,,,,,,,,,,,,,,,,4,4F0,,NEW CISS - CISS contribution from foreign exchange market subindex,"Euro area (changing composition), Contribution from foreign exchange market subindex, Contribution",PURE_NUMB,0
CISS.D.U2.Z0Z.4F.EC.SS_FXN.CON,D,U2,Z0Z,4F,EC,SS_FXN,CON,2026-02-09,0.016223946641159694,A,F,,,P1D,,V,,,,,,,,,,,,,,,,,4,4F0,,NEW CISS - CISS contribution from foreign exchange market subindex,"Euro area (changing composition), Contribution from foreign exchange market subindex, Contribution",PURE_NUMB,0
CISS.D.U2.Z0Z.4F.EC.SS_FXN.CON,D,U2,Z0Z,4F,EC,SS_FXN,CON,2026-02-10,0.02106905118745208,A,F,,,P1D,,V,,,,,,,,,,,,,,,,,4,4F0,,NEW CISS - CISS contribution from foreign exchange market subindex,"Euro area (changing composition), Contribution from foreign exchange market subindex, Contribution",PURE_NUMB,0
CISS.D.U2.Z0Z.4F.EC.SS_FXN.CON,D,U2,Z0Z,4F,EC,SS_FXN,CON,2026-02-11,0.020719788934296865,A,F,,,P1D,,V,,,,,,,,,,,,,,,,,4,4F0,,NEW CISS - CISS contribution from foreign exchange market subindex,"Euro area (changing composition), Contribution from foreign exchange market subindex, Contribution",PURE_NUMB,0
CISS.D.U2.Z0Z.4F.EC.SS_FXN.CON,D,U2,Z0Z,4F,EC,SS_FXN,CON,2026-02-12,0.016966486520424807,A,F,,,P1D,,V,,,,,,,,,,,,,,,,,4,4F0,,NEW CISS - CISS contribution from foreign exchange market subindex,"Euro area (changing composition), Contribution from foreign exchange market subindex, Contribution",PURE_NUMB,0
CISS.D.U2.Z0Z.4F.EC.SS_FXN.CON,D,U2,Z0Z,4F,EC,SS_FXN,CON,2026-02-13,0.014498330274175257,A,F,,,P1D,,V,,,,,,,,,,,,,,,,,4,4F0,,NEW CISS - CISS contribution from foreign exchange market subindex,"Euro area (changing composition), Contribution from foreign exchange market subindex, Contribution",PURE_NUMB,0
CISS.D.U2.Z0Z.4F.EC.SS_FXN.CON,D,U2,Z0Z,4F,EC,SS_FXN,CON,2026-02-16,0.011415804814928971,A,F,,,P1D,,V,,,,,,,,,,,,,,,,,4,4F0,,NEW CISS - CISS contribution from foreign exchange market subindex,"Euro area (changing composition), Contribution from foreign exchange market subindex, Contribution",PURE_NUMB,0
CISS.D.U2.Z0Z.4F.EC.SS_FXN.CON,D,U2,Z0Z,4F,EC,SS_FXN,CON,2026-02-17,0.010748671865547217,A,F,,,P1D,,V,,,,,,,,,,,,,,,,,4,4F0,,NEW CISS - CISS contribution from foreign exchange market subindex,"Euro area (changing composition), Contribution from foreign exchange market subindex, Contribution",PURE_NUMB,0
CISS.D.U2.Z0Z.4F.EC.SS_FXN.CON,D,U2,Z0Z,4F,EC,SS_FXN,CON,2026-02-18,0.011101720337500976,A,F,,,P1D,,V,,,,,,,,,,,,,,,,,4,4F0,,NEW CISS - CISS contribution from foreign exchange market subindex,"Euro area (changing composition), Contribution from foreign exchange market subindex, Contribution",PURE_NUMB,0
CISS.D.U2.Z0Z.4F.EC.SS_FXN.CON,D,U2,Z0Z,4F,EC,SS_FXN,CON,2026-02-19,0.008549740931008453,A,F,,,P1D,,V,,,,,,,,,,,,,,,,,4,4F0,,NEW CISS - CISS contribution from foreign exchange market subindex,"Euro area (changing composition), Contribution from foreign exchange market subindex, Contribution",PURE_NUMB,0
CISS.D.U2.Z0Z.4F.EC.SS_FXN.CON,D,U2,Z0Z,4F,EC,SS_FXN,CON,2026-02-20,0.005957735267128228,A,F,,,P1D,,V,,,,,,,,,,,,,,,,,4,4F0,,NEW CISS - CISS contribution from foreign exchange market subindex,"Euro area (changing composition), Contribution from foreign exchange market subindex, Contribution",PURE_NUMB,0
CISS.D.U2.Z0Z.4F.EC.SS_FXN.CON,D,U2,Z0Z,4F,EC,SS_FXN,CON,2026-02-23,0.004432473938057494,A,F,,,P1D,,V,,,,,,,,,,,,,,,,,4,4F0,,NEW CISS - CISS contribution from foreign exchange market subindex,"Euro area (changing composition), Contribution from foreign exchange market subindex, Contribution",PURE_NUMB,0
CISS.D.U2.Z0Z.4F.EC.SS_FXN.CON,D,U2,Z0Z,4F,EC,SS_FXN,CON,2026-02-24,0.005233815289055457,A,F,,,P1D,,V,,,,,,,,,,,,,,,,,4,4F0,,NEW CISS - CISS contribution from foreign exchange market subindex,"Euro area (changing composition), Contribution from foreign exchange market subindex, Contribution",PURE_NUMB,0
CISS.D.U2.Z0Z.4F.EC.SS_FXN.CON,D,U2,Z0Z,4F,EC,SS_FXN,CON,2026-02-25,0.005954226296930668,A,F,,,P1D,,V,,,,,,,,,,,,,,,,,4,4F0,,NEW CISS - CISS contribution from foreign exchange market subindex,"Euro area (changing composition), Contribution from foreign exchange market subindex, Contribution",PURE_NUMB,0
CISS.D.U2.Z0Z.4F.EC.SS_FXN.CON,D,U2,Z0Z,4F,EC,SS_FXN,CON,2026-02-26,0.0063234510356394895,A,F,,,P1D,,V,,,,,,,,,,,,,,,,,4,4F0,,NEW CISS - CISS contribution from foreign exchange market subindex,"Euro area (changing composition), Contribution from foreign exchange market subindex, Contribution",PURE_NUMB,0
CISS.D.U2.Z0Z.4F.EC.SS_FXN.CON,D,U2,Z0Z,4F,EC,SS_FXN,CON,2026-02-27,0.005069659544542826,A,F,,,P1D,,V,,,,,,,,,,,,,,,,,4,4F0,,NEW CISS - CISS contribution from foreign exchange market subindex,"Euro area (changing composition), Contribution from foreign exchange market subindex, Contribution",PURE_NUMB,0
CISS.D.U2.Z0Z.4F.EC.SS_FXN.CON,D,U2,Z0Z,4F,EC,SS_FXN,CON,2026-03-02,0.017157086903596186,A,F,,,P1D,,V,,,,,,,,,,,,,,,,,4,4F0,,NEW CISS - CISS contribution from foreign exchange market subindex,"Euro area (changing composition), Contribution from foreign exchange market subindex, Contribution",PURE_NUMB,0
CISS.D.U2.Z0Z.4F.EC.SS_FXN.CON,D,U2,Z0Z,4F,EC,SS_FXN,CON,2026-03-03,0.02271482338896795,A,F,,,P1D,,V,,,,,,,,,,,,,,,,,4,4F0,,NEW CISS - CISS contribution from foreign exchange market subindex,"Euro area (changing composition), Contribution from foreign exchange market subindex, Contribution",PURE_NUMB,0
CISS.D.U2.Z0Z.4F.EC.SS_FXN.CON,D,U2,Z0Z,4F,EC,SS_FXN,CON,2026-03-04,0.017327950955952843,A,F,,,P1D,,V,,,,,,,,,,,,,,,,,4,4F0,,NEW CISS - CISS contribution from foreign exchange market subindex,"Euro area (changing composition), Contribution from foreign exchange market subindex, Contribution",PURE_NUMB,0
CISS.D.U2.Z0Z.4F.EC.SS_FXN.CON,D,U2,Z0Z,4F,EC,SS_FXN,CON,2026-03-05,0.014670769324388079,A,F,,,P1D,,V,,,,,,,,,,,,,,,,,4,4F0,,NEW CISS - CISS contribution from foreign exchange market subindex,"Euro area (changing composition), Contribution from foreign exchange market subindex, Contribution",PURE_NUMB,0
CISS.D.U2.Z0Z.4F.EC.SS_FXN.CON,D,U2,Z0Z,4F,EC,SS_FXN,CON,2026-03-06,0.012979465866982526,A,F,,,P1D,,V,,,,,,,,,,,,,,,,,4,4F0,,NEW CISS - CISS contribution from foreign exchange market subindex,"Euro area (changing composition), Contribution from foreign exchange market subindex, Contribution",PURE_NUMB,0
CISS.D.U2.Z0Z.4F.EC.SS_FXN.CON,D,U2,Z0Z,4F,EC,SS_FXN,CON,2026-03-09,0.009553698571898618,A,F,,,P1D,,V,,,,,,,,,,,,,,,,,4,4F0,,NEW CISS - CISS contribution from foreign exchange market subindex,"Euro area (changing composition), Contribution from foreign exchange market subindex, Contribution",PURE_NUMB,0
CISS.D.U2.Z0Z.4F.EC.SS_FXN.CON,D,U2,Z0Z,4F,EC,SS_FXN,CON,2026-03-10,0.006940677327693976,A,F,,,P1D,,V,,,,,,,,,,,,,,,,,4,4F0,,NEW CISS - CISS contribution from foreign exchange market subindex,"Euro area (changing composition), Contribution from foreign exchange market subindex, Contribution",PURE_NUMB,0
CISS.D.U2.Z0Z.4F.EC.SS_FXN.CON,D,U2,Z0Z,4F,EC,SS_FXN,CON,2026-03-11,0.008108661736251433,A,F,,,P1D,,V,,,,,,,,,,,,,,,,,4,4F0,,NEW CISS - CISS contribution from foreign exchange market subindex,"Euro area (changing composition), Contribution from foreign exchange market subindex, Contribution",PURE_NUMB,0
CISS.D.U2.Z0Z.4F.EC.SS_FXN.CON,D,U2,Z0Z,4F,EC,SS_FXN,CON,2026-03-12,0.008245259050301629,A,F,,,P1D,,V,,,,,,,,,,,,,,,,,4,4F0,,NEW CISS - CISS contribution from foreign exchange market subindex,"Euro area (changing composition), Contribution from foreign exchange market subindex, Contribution",PURE_NUMB,0
CISS.D.U2.Z0Z.4F.EC.SS_FXN.CON,D,U2,Z0Z,4F,EC,SS_FXN,CON,2026-03-13,0.015178886680375153,A,F,,,P1D,,V,,,,,,,,,,,,,,,,,4,4F0,,NEW CISS - CISS contribution from foreign exchange market subindex,"Euro area (changing composition), Contribution from foreign exchange market subindex, Contribution",PURE_NUMB,0
CISS.D.U2.Z0Z.4F.EC.SS_FXN.CON,D,U2,Z0Z,4F,EC,SS_FXN,CON,2026-03-16,0.01803016761614174,A,F,,,P1D,,V,,,,,,,,,,,,,,,,,4,4F0,,NEW CISS - CISS contribution from foreign exchange market subindex,"Euro area (changing composition), Contribution from foreign exchange market subindex, Contribution",PURE_NUMB,0
CISS.D.U2.Z0Z.4F.EC.SS_FXN.CON,D,U2,Z0Z,4F,EC,SS_FXN,CON,2026-03-17,0.015182302330083544,A,F,,,P1D,,V,,,,,,,,,,,,,,,,,4,4F0,,NEW CISS - CISS contribution from foreign exchange market subindex,"Euro area (changing composition), Contribution from foreign exchange market subindex, Contribution",PURE_NUMB,0
CISS.D.U2.Z0Z.4F.EC.SS_FXN.CON,D,U2,Z0Z,4F,EC,SS_FXN,CON,2026-03-18,0.017447250608308797,A,F,,,P1D,,V,,,,,,,,,,,,,,,,,4,4F0,,NEW CISS - CISS contribution from foreign exchange market subindex,"Euro area (changing composition), Contribution from foreign exchange market subindex, Contribution",PURE_NUMB,0
CISS.D.U2.Z0Z.4F.EC.SS_FXN.CON,D,U2,Z0Z,4F,EC,SS_FXN,CON,2026-03-19,0.02506809155144055,A,F,,,P1D,,V,,,,,,,,,,,,,,,,,4,4F0,,NEW CISS - CISS contribution from foreign exchange market subindex,"Euro area (changing composition), Contribution from foreign exchange market subindex, Contribution",PURE_NUMB,0
CISS.D.U2.Z0Z.4F.EC.SS_FXN.CON,D,U2,Z0Z,4F,EC,SS_FXN,CON,2026-03-20,0.033662469911110715,A,F,,,P1D,,V,,,,,,,,,,,,,,,,,4,4F0,,NEW CISS - CISS contribution from foreign exchange market subindex,"Euro area (changing composition), Contribution from foreign exchange market subindex, Contribution",PURE_NUMB,0
CISS.D.U2.Z0Z.4F.EC.SS_FXN.CON,D,U2,Z0Z,4F,EC,SS_FXN,CON,2026-03-23,0.030128405684750264,A,F,,,P1D,,V,,,,,,,,,,,,,,,,,4,4F0,,NEW CISS - CISS contribution from foreign exchange market subindex,"Euro area (changing composition), Contribution from foreign exchange market subindex, Contribution",PURE_NUMB,0
CISS.D.U2.Z0Z.4F.EC.SS_FXN.CON,D,U2,Z0Z,4F,EC,SS_FXN,CON,2026-03-24,0.02416548176298069,A,F,,,P1D,,V,,,,,,,,,,,,,,,,,4,4F0,,NEW CISS - CISS contribution from foreign exchange market subindex,"Euro area (changing composition), Contribution from foreign exchange market subindex, Contribution",PURE_NUMB,0
CISS.D.U2.Z0Z.4F.EC.SS_FXN.CON,D,U2,Z0Z,4F,EC,SS_FXN,CON,2026-03-25,0.02078779655752929,A,F,,,P1D,,V,,,,,,,,,,,,,,,,,4,4F0,,NEW CISS - CISS contribution from foreign exchange market subindex,"Euro area (changing composition), Contribution from foreign exchange market subindex, Contribution",PURE_NUMB,0
CISS.D.U2.Z0Z.4F.EC.SS_FXN.CON,D,U2,Z0Z,4F,EC,SS_FXN,CON,2026-03-26,0.017441112128793075,A,F,,,P1D,,V,,,,,,,,,,,,,,,,,4,4F0,,NEW CISS - CISS contribution from foreign exchange market subindex,"Euro area (changing composition), Contribution from foreign exchange market subindex, Contribution",PURE_NUMB,0
CISS.D.U2.Z0Z.4F.EC.SS_FXN.CON,D,U2,Z0Z,4F,EC,SS_FXN,CON,2026-03-27,0.016431732507460484,A,F,,,P1D,,V,,,,,,,,,,,,,,,,,4,4F0,,NEW CISS - CISS contribution from foreign exchange market subindex,"Euro area (changing composition), Contribution from foreign exchange market subindex, Contribution",PURE_NUMB,0
CISS.D.U2.Z0Z.4F.EC.SS_FXN.CON,D,U2,Z0Z,4F,EC,SS_FXN,CON,2026-03-30,0.019510700415990415,A,F,,,P1D,,V,,,,,,,,,,,,,,,,,4,4F0,,NEW CISS - CISS contribution from foreign exchange market subindex,"Euro area (changing composition), Contribution from foreign exchange market subindex, Contribution",PURE_NUMB,0
CISS.D.U2.Z0Z.4F.EC.SS_FXN.CON,D,U2,Z0Z,4F,EC,SS_FXN,CON,2026-03-31,0.02540836150530217,A,F,,,P1D,,V,,,,,,,,,,,,,,,,,4,4F0,,NEW CISS - CISS contribution from foreign exchange market subindex,"Euro area (changing composition), Contribution from foreign exchange market subindex, Contribution",PURE_NUMB,0
CISS.D.U2.Z0Z.4F.EC.SS_FXN.CON,D,U2,Z0Z,4F,EC,SS_FXN,CON,2026-04-01,0.022974368702472686,A,F,,,P1D,,V,,,,,,,,,,,,,,,,,4,4F0,,NEW CISS - CISS contribution from foreign exchange market subindex,"Euro area (changing composition), Contribution from foreign exchange market subindex, Contribution",PURE_NUMB,0
CISS.D.U2.Z0Z.4F.EC.SS_FXN.CON,D,U2,Z0Z,4F,EC,SS_FXN,CON,2026-04-02,0.019841138475913574,A,F,,,P1D,,V,,,,,,,,,,,,,,,,,4,4F0,,NEW CISS - CISS contribution from foreign exchange market subindex,"Euro area (changing composition), Contribution from foreign exchange market subindex, Contribution",PURE_NUMB,0
CISS.D.U2.Z0Z.4F.EC.SS_FXN.CON,D,U2,Z0Z,4F,EC,SS_FXN,CON,2026-04-03,0.015201107468676265,A,F,,,P1D,,V,,,,,,,,,,,,,,,,,4,4F0,,NEW CISS - CISS contribution from foreign exchange market subindex,"Euro area (changing composition), Contribution from foreign exchange market subindex, Contribution",PURE_NUMB,0
CISS.D.U2.Z0Z.4F.EC.SS_FXN.CON,D,U2,Z0Z,4F,EC,SS_FXN,CON,2026-04-06,0.012008372035061084,A,F,,,P1D,,V,,,,,,,,,,,,,,,,,4,4F0,,NEW CISS - CISS contribution from foreign exchange market subindex,"Euro area (changing composition), Contribution from foreign exchange market subindex, Contribution",PURE_NUMB,0
CISS.D.U2.Z0Z.4F.EC.SS_FXN.CON,D,U2,Z0Z,4F,EC,SS_FXN,CON,2026-04-07,0.012353769742766028,A,F,,,P1D,,V,,,,,,,,,,,,,,,,,4,4F0,,NEW CISS - CISS contribution from foreign exchange market subindex,"Euro area (changing composition), Contribution from foreign exchange market subindex, Contribution",PURE_NUMB,0
CISS.D.U2.Z0Z.4F.EC.SS_FXN.CON,D,U2,Z0Z,4F,EC,SS_FXN,CON,2026-04-08,0.013230315176073624,A,F,,,P1D,,V,,,,,,,,,,,,,,,,,4,4F0,,NEW CISS - CISS contribution from foreign exchange market subindex,"Euro area (changing composition), Contribution from foreign exchange market subindex, Contribution",PURE_NUMB,0
CISS.D.U2.Z0Z.4F.EC.SS_FXN.CON,D,U2,Z0Z,4F,EC,SS_FXN,CON,2026-04-09,0.013166491820288208,A,F,,,P1D,,V,,,,,,,,,,,,,,,,,4,4F0,,NEW CISS - CISS contribution from foreign exchange market subindex,"Euro area (changing composition), Contribution from foreign exchange market subindex, Contribution",PURE_NUMB,0
CISS.D.U2.Z0Z.4F.EC.SS_FXN.CON,D,U2,Z0Z,4F,EC,SS_FXN,CON,2026-04-10,0.011064089636754993,A,F,,,P1D,,V,,,,,,,,,,,,,,,,,4,4F0,,NEW CISS - CISS contribution from foreign exchange market subindex,"Euro area (changing composition), Contribution from foreign exchange market subindex, Contribution",PURE_NUMB,0
CISS.D.U2.Z0Z.4F.EC.SS_FXN.CON,D,U2,Z0Z,4F,EC,SS_FXN,CON,2026-04-13,0.010550574752476305,A,F,,,P1D,,V,,,,,,,,,,,,,,,,,4,4F0,,NEW CISS - CISS contribution from foreign exchange market subindex,"Euro area (changing composition), Contribution from foreign exchange market subindex, Contribution",PURE_NUMB,0
CISS.D.U2.Z0Z.4F.EC.SS_FXN.CON,D,U2,Z0Z,4F,EC,SS_FXN,CON,2026-04-14,0.008435281023592167,A,F,,,P1D,,V,,,,,,,,,,,,,,,,,4,4F0,,NEW CISS - CISS contribution from foreign exchange market subindex,"Euro area (changing composition), Contribution from foreign exchange market subindex, Contribution",PURE_NUMB,0
CISS.D.U2.Z0Z.4F.EC.SS_FXN.CON,D,U2,Z0Z,4F,EC,SS_FXN,CON,2026-04-15,0.006010105546625167,A,F,,,P1D,,V,,,,,,,,,,,,,,,,,4,4F0,,NEW CISS - CISS contribution from foreign exchange market subindex,"Euro area (changing composition), Contribution from foreign exchange market subindex, Contribution",PURE_NUMB,0
CISS.D.U2.Z0Z.4F.EC.SS_FXN.CON,D,U2,Z0Z,4F,EC,SS_FXN,CON,2026-04-16,0.004369153837488992,A,F,,,P1D,,V,,,,,,,,,,,,,,,,,4,4F0,,NEW CISS - CISS contribution from foreign exchange market subindex,"Euro area (changing composition), Contribution from foreign exchange market subindex, Contribution",PURE_NUMB,0
CISS.D.U2.Z0Z.4F.EC.SS_FXN.CON,D,U2,Z0Z,4F,EC,SS_FXN,CON,2026-04-17,0.004490501091241927,A,F,,,P1D,,V,,,,,,,,,,,,,,,,,4,4F0,,NEW CISS - CISS contribution from foreign exchange market subindex,"Euro area (changing composition), Contribution from foreign exchange market subindex, Contribution",PURE_NUMB,0
CISS.D.U2.Z0Z.4F.EC.SS_FXN.CON,D,U2,Z0Z,4F,EC,SS_FXN,CON,2026-04-20,0.004149055576123527,A,F,,,P1D,,V,,,,,,,,,,,,,,,,,4,4F0,,NEW CISS - CISS contribution from foreign exchange market subindex,"Euro area (changing composition), Contribution from foreign exchange market subindex, Contribution",PURE_NUMB,0
CISS.D.U2.Z0Z.4F.EC.SS_FXN.CON,D,U2,Z0Z,4F,EC,SS_FXN,CON,2026-04-21,0.0039572404811385985,A,F,,,P1D,,V,,,,,,,,,,,,,,,,,4,4F0,,NEW CISS - CISS contribution from foreign exchange market subindex,"Euro area (changing composition), Contribution from foreign exchange market subindex, Contribution",PURE_NUMB,0
CISS.D.U2.Z0Z.4F.EC.SS_FXN.CON,D,U2,Z0Z,4F,EC,SS_FXN,CON,2026-04-22,0.004186461874377334,A,F,,,P1D,,V,,,,,,,,,,,,,,,,,4,4F0,,NEW CISS - CISS contribution from foreign exchange market subindex,"Euro area (changing composition), Contribution from foreign exchange market subindex, Contribution",PURE_NUMB,0
CISS.D.U2.Z0Z.4F.EC.SS_FXN.CON,D,U2,Z0Z,4F,EC,SS_FXN,CON,2026-04-23,0.003072800470097638,A,F,,,P1D,,V,,,,,,,,,,,,,,,,,4,4F0,,NEW CISS - CISS contribution from foreign exchange market subindex,"Euro area (changing composition), Contribution from foreign exchange market subindex, Contribution",PURE_NUMB,0
CISS.D.U2.Z0Z.4F.EC.SS_FXN.CON,D,U2,Z0Z,4F,EC,SS_FXN,CON,2026-04-24,0.00284672782457708,A,F,,,P1D,,V,,,,,,,,,,,,,,,,,4,4F0,,NEW CISS - CISS contribution from foreign exchange market subindex,"Euro area (changing composition), Contribution from foreign exchange market subindex, Contribution",PURE_NUMB,0
CISS.D.U2.Z0Z.4F.EC.SS_FXN.CON,D,U2,Z0Z,4F,EC,SS_FXN,CON,2026-04-27,0.0019753927598940785,A,F,,,P1D,,V,,,,,,,,,,,,,,,,,4,4F0,,NEW CISS - CISS contribution from foreign exchange market subindex,"Euro area (changing composition), Contribution from foreign exchange market subindex, Contribution",PURE_NUMB,0
CISS.D.U2.Z0Z.4F.EC.SS_FXN.CON,D,U2,Z0Z,4F,EC,SS_FXN,CON,2026-04-28,0.0013523848832938403,A,F,,,P1D,,V,,,,,,,,,,,,,,,,,4,4F0,,NEW CISS - CISS contribution from foreign exchange market subindex,"Euro area (changing composition), Contribution from foreign exchange market subindex, Contribution",PURE_NUMB,0
CISS.D.U2.Z0Z.4F.EC.SS_FXN.CON,D,U2,Z0Z,4F,EC,SS_FXN,CON,2026-04-29,0.0013531221388892543,A,F,,,P1D,,V,,,,,,,,,,,,,,,,,4,4F0,,NEW CISS - CISS contribution from foreign exchange market subindex,"Euro area (changing composition), Contribution from foreign exchange market subindex, Contribution",PURE_NUMB,0
CISS.D.U2.Z0Z.4F.EC.SS_FXN.CON,D,U2,Z0Z,4F,EC,SS_FXN,CON,2026-04-30,0.02452415491435346,A,F,,,P1D,,V,,,,,,,,,,,,,,,,,4,4F0,,NEW CISS - CISS contribution from foreign exchange market subindex,"Euro area (changing composition), Contribution from foreign exchange market subindex, Contribution",PURE_NUMB,0
CISS.D.U2.Z0Z.4F.EC.SS_FXN.CON,D,U2,Z0Z,4F,EC,SS_FXN,CON,2026-05-01,0.020937824661660408,A,F,,,P1D,,V,,,,,,,,,,,,,,,,,4,4F0,,NEW CISS - CISS contribution from foreign exchange market subindex,"Euro area (changing composition), Contribution from foreign exchange market subindex, Contribution",PURE_NUMB,0
CISS.D.U2.Z0Z.4F.EC.SS_FXN.CON,D,U2,Z0Z,4F,EC,SS_FXN,CON,2026-05-04,0.018772504787249917,A,F,,,P1D,,V,,,,,,,,,,,,,,,,,4,4F0,,NEW CISS - CISS contribution from foreign exchange market subindex,"Euro area (changing composition), Contribution from foreign exchange market subindex, Contribution",PURE_NUMB,0
CISS.D.U2.Z0Z.4F.EC.SS_FXN.CON,D,U2,Z0Z,4F,EC,SS_FXN,CON,2026-05-05,0.01652201868242648,A,F,,,P1D,,V,,,,,,,,,,,,,,,,,4,4F0,,NEW CISS - CISS contribution from foreign exchange market subindex,"Euro area (changing composition), Contribution from foreign exchange market subindex, Contribution",PURE_NUMB,0
CISS.D.U2.Z0Z.4F.EC.SS_FXN.CON,D,U2,Z0Z,4F,EC,SS_FXN,CON,2026-05-06,0.016805394232257565,A,F,,,P1D,,V,,,,,,,,,,,,,,,,,4,4F0,,NEW CISS - CISS contribution from foreign exchange market subindex,"Euro area (changing composition), Contribution from foreign exchange market subindex, Contribution",PURE_NUMB,0
CISS.D.U2.Z0Z.4F.EC.SS_FXN.CON,D,U2,Z0Z,4F,EC,SS_FXN,CON,2026-05-07,0.014367632932291475,A,F,,,P1D,,V,,,,,,,,,,,,,,,,,4,4F0,,NEW CISS - CISS contribution from foreign exchange market subindex,"Euro area (changing composition), Contribution from foreign exchange market subindex, Contribution",PURE_NUMB,0
CISS.D.U2.Z0Z.4F.EC.SS_FXN.CON,D,U2,Z0Z,4F,EC,SS_FXN,CON,2026-05-08,0.014332383525572196,A,F,,,P1D,,V,,,,,,,,,,,,,,,,,4,4F0,,NEW CISS - CISS contribution from foreign exchange market subindex,"Euro area (changing composition), Contribution from foreign exchange market subindex, Contribution",PURE_NUMB,0
CISS.D.U2.Z0Z.4F.EC.SS_FXN.CON,D,U2,Z0Z,4F,EC,SS_FXN,CON,2026-05-11,0.011995305732861778,A,F,,,P1D,,V,,,,,,,,,,,,,,,,,4,4F0,,NEW CISS - CISS contribution from foreign exchange market subindex,"Euro area (changing composition), Contribution from foreign exchange market subindex, Contribution",PURE_NUMB,0
CISS.D.U2.Z0Z.4F.EC.SS_FXN.CON,D,U2,Z0Z,4F,EC,SS_FXN,CON,2026-05-12,0.01091644937837744,A,F,,,P1D,,V,,,,,,,,,,,,,,,,,4,4F0,,NEW CISS - CISS contribution from foreign exchange market subindex,"Euro area (changing composition), Contribution from foreign exchange market subindex, Contribution",PURE_NUMB,0
CISS.D.U2.Z0Z.4F.EC.SS_FXN.CON,D,U2,Z0Z,4F,EC,SS_FXN,CON,2026-05-13,0.008406554886226256,A,F,,,P1D,,V,,,,,,,,,,,,,,,,,4,4F0,,NEW CISS - CISS contribution from foreign exchange market subindex,"Euro area (changing composition), Contribution from foreign exchange market subindex, Contribution",PURE_NUMB,0
CISS.D.U2.Z0Z.4F.EC.SS_FXN.CON,D,U2,Z0Z,4F,EC,SS_FXN,CON,2026-05-14,0.0099903250791483,A,F,,,P1D,,V,,,,,,,,,,,,,,,,,4,4F0,,NEW CISS - CISS contribution from foreign exchange market subindex,"Euro area (changing composition), Contribution from foreign exchange market subindex, Contribution",PURE_NUMB,0
CISS.D.U2.Z0Z.4F.EC.SS_FXN.CON,D,U2,Z0Z,4F,EC,SS_FXN,CON,2026-05-15,0.009399271504648084,A,F,,,P1D,,V,,,,,,,,,,,,,,,,,4,4F0,,NEW CISS - CISS contribution from foreign exchange market subindex,"Euro area (changing composition), Contribution from foreign exchange market subindex, Contribution",PURE_NUMB,0
CISS.D.U2.Z0Z.4F.EC.SS_FXN.CON,D,U2,Z0Z,4F,EC,SS_FXN,CON,2026-05-18,0.012098284448136714,A,F,,,P1D,,V,,,,,,,,,,,,,,,,,4,4F0,,NEW CISS - CISS contribution from foreign exchange market subindex,"Euro area (changing composition), Contribution from foreign exchange market subindex, Contribution",PURE_NUMB,0
CISS.D.U2.Z0Z.4F.EC.SS_FXN.CON,D,U2,Z0Z,4F,EC,SS_FXN,CON,2026-05-19,0.011191376888947857,A,F,,,P1D,,V,,,,,,,,,,,,,,,,,4,4F0,,NEW CISS - CISS contribution from foreign exchange market subindex,"Euro area (changing composition), Contribution from foreign exchange market subindex, Contribution",PURE_NUMB,0
CISS.D.U2.Z0Z.4F.EC.SS_FXN.CON,D,U2,Z0Z,4F,EC,SS_FXN,CON,2026-05-20,0.008721566774780814,A,F,,,P1D,,V,,,,,,,,,,,,,,,,,4,4F0,,NEW CISS - CISS contribution from foreign exchange market subindex,"Euro area (changing composition), Contribution from foreign exchange market subindex, Contribution",PURE_NUMB,0
CISS.D.U2.Z0Z.4F.EC.SS_FXN.CON,D,U2,Z0Z,4F,EC,SS_FXN,CON,2026-05-21,0.0059854992778426985,A,F,,,P1D,,V,,,,,,,,,,,,,,,,,4,4F0,,NEW CISS - CISS contribution from foreign exchange market subindex,"Euro area (changing composition), Contribution from foreign exchange market subindex, Contribution",PURE_NUMB,0
CISS.D.U2.Z0Z.4F.EC.SS_FXN.CON,D,U2,Z0Z,4F,EC,SS_FXN,CON,2026-05-22,0.004285442866355253,A,F,,,P1D,,V,,,,,,,,,,,,,,,,,4,4F0,,NEW CISS - CISS contribution from foreign exchange market subindex,"Euro area (changing composition), Contribution from foreign exchange market subindex, Contribution",PURE_NUMB,0
CISS.D.U2.Z0Z.4F.EC.SS_FXN.CON,D,U2,Z0Z,4F,EC,SS_FXN,CON,2026-05-25,0.00415093639415989,A,F,,,P1D,,V,,,,,,,,,,,,,,,,,4,4F0,,NEW CISS - CISS contribution from foreign exchange market subindex,"Euro area (changing composition), Contribution from foreign exchange market subindex, Contribution",PURE_NUMB,0
CISS.D.U2.Z0Z.4F.EC.SS_FXN.CON,D,U2,Z0Z,4F,EC,SS_FXN,CON,2026-05-26,0.004316962711742728,A,F,,,P1D,,V,,,,,,,,,,,,,,,,,4,4F0,,NEW CISS - CISS contribution from foreign exchange market subindex,"Euro area (changing composition), Contribution from foreign exchange market subindex, Contribution",PURE_NUMB,0
CISS.D.U2.Z0Z.4F.EC.SS_FXN.CON,D,U2,Z0Z,4F,EC,SS_FXN,CON,2026-05-27,0.002975643908911175,A,F,,,P1D,,V,,,,,,,,,,,,,,,,,4,4F0,,NEW CISS - CISS contribution from foreign exchange market subindex,"Euro area (changing composition), Contribution from foreign exchange market subindex, Contribution",PURE_NUMB,0
CISS.D.U2.Z0Z.4F.EC.SS_FXN.CON,D,U2,Z0Z,4F,EC,SS_FXN,CON,2026-05-28,0.0022394652900315204,A,F,,,P1D,,V,,,,,,,,,,,,,,,,,4,4F0,,NEW CISS - CISS contribution from foreign exchange market subindex,"Euro area (changing composition), Contribution from foreign exchange market subindex, Contribution",PURE_NUMB,0
CISS.D.U2.Z0Z.4F.EC.SS_FXN.CON,D,U2,Z0Z,4F,EC,SS_FXN,CON,2026-05-29,0.00147121201792654,A,F,,,P1D,,V,,,,,,,,,,,,,,,,,4,4F0,,NEW CISS - CISS contribution from foreign exchange market subindex,"Euro area (changing composition), Contribution from foreign exchange market subindex, Contribution",PURE_NUMB,0
CISS.D.U2.Z0Z.4F.EC.SS_FXN.CON,D,U2,Z0Z,4F,EC,SS_FXN,CON,2026-06-01,0.0014350081740326438,A,F,,,P1D,,V,,,,,,,,,,,,,,,,,4,4F0,,NEW CISS - CISS contribution from foreign exchange market subindex,"Euro area (changing composition), Contribution from foreign exchange market subindex, Contribution",PURE_NUMB,0
CISS.D.U2.Z0Z.4F.EC.SS_FXN.CON,D,U2,Z0Z,4F,EC,SS_FXN,CON,2026-06-02,0.0009875392361441409,A,F,,,P1D,,V,,,,,,,,,,,,,,,,,4,4F0,,NEW CISS - CISS contribution from foreign exchange market subindex,"Euro area (changing composition), Contribution from foreign exchange market subindex, Contribution",PURE_NUMB,0
CISS.D.U2.Z0Z.4F.EC.SS_FXN.CON,D,U2,Z0Z,4F,EC,SS_FXN,CON,2026-06-03,0.0010212090603921146,A,F,,,P1D,,V,,,,,,,,,,,,,,,,,4,4F0,,NEW CISS - CISS contribution from foreign exchange market subindex,"Euro area (changing composition), Contribution from foreign exchange market subindex, Contribution",PURE_NUMB,0
CISS.D.U2.Z0Z.4F.EC.SS_FXN.CON,D,U2,Z0Z,4F,EC,SS_FXN,CON,2026-06-04,0.000684634236852564,A,F,,,P1D,,V,,,,,,,,,,,,,,,,,4,4F0,,NEW CISS - CISS contribution from foreign exchange market subindex,"Euro area (changing composition), Contribution from foreign exchange market subindex, Contribution",PURE_NUMB,0
CISS.D.U2.Z0Z.4F.EC.SS_FXN.CON,D,U2,Z0Z,4F,EC,SS_FXN,CON,2026-06-05,0.004324410508917703,A,F,,,P1D,,V,,,,,,,,,,,,,,,,,4,4F0,,NEW CISS - CISS contribution from foreign exchange market subindex,"Euro area (changing composition), Contribution from foreign exchange market subindex, Contribution",PURE_NUMB,0
CISS.D.U2.Z0Z.4F.EC.SS_FXN.CON,D,U2,Z0Z,4F,EC,SS_FXN,CON,2026-06-08,0.003079314932796196,A,F,,,P1D,,V,,,,,,,,,,,,,,,,,4,4F0,,NEW CISS - CISS contribution from foreign exchange market subindex,"Euro area (changing composition), Contribution from foreign exchange market subindex, Contribution",PURE_NUMB,0
CISS.D.U2.Z0Z.4F.EC.SS_FXN.CON,D,U2,Z0Z,4F,EC,SS_FXN,CON,2026-06-09,0.0023825912219411303,A,F,,,P1D,,V,,,,,,,,,,,,,,,,,4,4F0,,NEW CISS - CISS contribution from foreign exchange market subindex,"Euro area (changing composition), Contribution from foreign exchange market subindex, Contribution",PURE_NUMB,0
CISS.D.U2.Z0Z.4F.EC.SS_FXN.CON,D,U2,Z0Z,4F,EC,SS_FXN,CON,2026-06-10,0.0016640631411507366,A,F,,,P1D,,V,,,,,,,,,,,,,,,,,4,4F0,,NEW CISS - CISS contribution from foreign exchange market subindex,"Euro area (changing composition), Contribution from foreign exchange market subindex, Contribution",PURE_NUMB,0
CISS.D.U2.Z0Z.4F.EC.SS_FXN.CON,D,U2,Z0Z,4F,EC,SS_FXN,CON,2026-06-11,0.001754712855327308,A,F,,,P1D,,V,,,,,,,,,,,,,,,,,4,4F0,,NEW CISS - CISS contribution from foreign exchange market subindex,"Euro area (changing composition), Contribution from foreign exchange market subindex, Contribution",PURE_NUMB,0
CISS.D.U2.Z0Z.4F.EC.SS_FXN.CON,D,U2,Z0Z,4F,EC,SS_FXN,CON,2026-06-12,0.0012540295337349048,A,F,,,P1D,,V,,,,,,,,,,,,,,,,,4,4F0,,NEW CISS - CISS contribution from foreign exchange market subindex,"Euro area (changing composition), Contribution from foreign exchange market subindex, Contribution",PURE_NUMB,0
CISS.D.U2.Z0Z.4F.EC.SS_FXN.CON,D,U2,Z0Z,4F,EC,SS_FXN,CON,2026-06-15,0.0010800538129045309,A,F,,,P1D,,V,,,,,,,,,,,,,,,,,4,4F0,,NEW CISS - CISS contribution from foreign exchange market subindex,"Euro area (changing composition), Contribution from foreign exchange market subindex, Contribution",PURE_NUMB,0
CISS.D.U2.Z0Z.4F.EC.SS_FXN.CON,D,U2,Z0Z,4F,EC,SS_FXN,CON,2026-06-16,0.0008187966406131312,A,F,,,P1D,,V,,,,,,,,,,,,,,,,,4,4F0,,NEW CISS - CISS contribution from foreign exchange market subindex,"Euro area (changing composition), Contribution from foreign exchange market subindex, Contribution",PURE_NUMB,0
CISS.D.U2.Z0Z.4F.EC.SS_FXN.CON,D,U2,Z0Z,4F,EC,SS_FXN,CON,2026-06-17,0.007996514503552734,A,F,,,P1D,,V,,,,,,,,,,,,,,,,,4,4F0,,NEW CISS - CISS contribution from foreign exchange market subindex,"Euro area (changing composition), Contribution from foreign exchange market subindex, Contribution",PURE_NUMB,0
CISS.D.U2.Z0Z.4F.EC.SS_FXN.CON,D,U2,Z0Z,4F,EC,SS_FXN,CON,2026-06-18,0.006987448811241418,A,F,,,P1D,,V,,,,,,,,,,,,,,,,,4,4F0,,NEW CISS - CISS contribution from foreign exchange market subindex,"Euro area (changing composition), Contribution from foreign exchange market subindex, Contribution",PURE_NUMB,0
CISS.D.U2.Z0Z.4F.EC.SS_FXN.CON,D,U2,Z0Z,4F,EC,SS_FXN,CON,2026-06-19,0.005328262729970108,A,F,,,P1D,,V,,,,,,,,,,,,,,,,,4,4F0,,NEW CISS - CISS contribution from foreign exchange market subindex,"Euro area (changing composition), Contribution from foreign exchange market subindex, Contribution",PURE_NUMB,0
CISS.D.U2.Z0Z.4F.EC.SS_FXN.CON,D,U2,Z0Z,4F,EC,SS_FXN,CON,2026-06-22,0.006197909903966919,A,F,,,P1D,,V,,,,,,,,,,,,,,,,,4,4F0,,NEW CISS - CISS contribution from foreign exchange market subindex,"Euro area (changing composition), Contribution from foreign exchange market subindex, Contribution",PURE_NUMB,0
CISS.D.U2.Z0Z.4F.EC.SS_FXN.CON,D,U2,Z0Z,4F,EC,SS_FXN,CON,2026-06-23,0.006677304312067907,A,F,,,P1D,,V,,,,,,,,,,,,,,,,,4,4F0,,NEW CISS - CISS contribution from foreign exchange market subindex,"Euro area (changing composition), Contribution from foreign exchange market subindex, Contribution",PURE_NUMB,0
CISS.D.U2.Z0Z.4F.EC.SS_FXN.CON,D,U2,Z0Z,4F,EC,SS_FXN,CON,2026-06-24,0.005057167759145708,A,F,,,P1D,,V,,,,,,,,,,,,,,,,,4,4F0,,NEW CISS - CISS contribution from foreign exchange market subindex,"Euro area (changing composition), Contribution from foreign exchange market subindex, Contribution",PURE_NUMB,0
CISS.D.U2.Z0Z.4F.EC.SS_FXN.CON,D,U2,Z0Z,4F,EC,SS_FXN,CON,2026-06-25,0.0034938286045366283,A,F,,,P1D,,V,,,,,,,,,,,,,,,,,4,4F0,,NEW CISS - CISS contribution from foreign exchange market subindex,"Euro area (changing composition), Contribution from foreign exchange market subindex, Contribution",PURE_NUMB,0
CISS.D.U2.Z0Z.4F.EC.SS_FXN.CON,D,U2,Z0Z,4F,EC,SS_FXN,CON,2026-06-26,0.0025982071155947212,A,F,,,P1D,,V,,,,,,,,,,,,,,,,,4,4F0,,NEW CISS - CISS contribution from foreign exchange market subindex,"Euro area (changing composition), Contribution from foreign exchange market subindex, Contribution",PURE_NUMB,0
CISS.D.U2.Z0Z.4F.EC.SS_FXN.CON,D,U2,Z0Z,4F,EC,SS_FXN,CON,2026-06-29,0.002836851720831617,A,F,,,P1D,,V,,,,,,,,,,,,,,,,,4,4F0,,NEW CISS - CISS contribution from foreign exchange market subindex,"Euro area (changing composition), Contribution from foreign exchange market subindex, Contribution",PURE_NUMB,0
CISS.D.U2.Z0Z.4F.EC.SS_FXN.CON,D,U2,Z0Z,4F,EC,SS_FXN,CON,2026-06-30,0.002357628793075131,A,F,,,P1D,,V,,,,,,,,,,,,,,,,,4,4F0,,NEW CISS - CISS contribution from foreign exchange market subindex,"Euro area (changing composition), Contribution from foreign exchange market subindex, Contribution",PURE_NUMB,0
CISS.D.U2.Z0Z.4F.EC.SS_FXN.CON,D,U2,Z0Z,4F,EC,SS_FXN,CON,2026-07-01,0.004235071234882199,A,F,,,P1D,,V,,,,,,,,,,,,,,,,,4,4F0,,NEW CISS - CISS contribution from foreign exchange market subindex,"Euro area (changing composition), Contribution from foreign exchange market subindex, Contribution",PURE_NUMB,0
CISS.D.U2.Z0Z.4F.EC.SS_FXN.CON,D,U2,Z0Z,4F,EC,SS_FXN,CON,2026-07-02,0.004847493280876921,A,F,,,P1D,,V,,,,,,,,,,,,,,,,,4,4F0,,NEW CISS - CISS contribution from foreign exchange market subindex,"Euro area (changing composition), Contribution from foreign exchange market subindex, Contribution",PURE_NUMB,0
CISS.D.U2.Z0Z.4F.EC.SS_FXN.CON,D,U2,Z0Z,4F,EC,SS_FXN,CON,2026-07-03,0.003378182850219074,A,F,,,P1D,,V,,,,,,,,,,,,,,,,,4,4F0,,NEW CISS - CISS contribution from foreign exchange market subindex,"Euro area (changing composition), Contribution from foreign exchange market subindex, Contribution",PURE_NUMB,0
CISS.D.U2.Z0Z.4F.EC.SS_FXN.CON,D,U2,Z0Z,4F,EC,SS_FXN,CON,2026-07-06,0.003634624696717558,A,F,,,P1D,,V,,,,,,,,,,,,,,,,,4,4F0,,NEW CISS - CISS contribution from foreign exchange market subindex,"Euro area (changing composition), Contribution from foreign exchange market subindex, Contribution",PURE_NUMB,0
CISS.D.U2.Z0Z.4F.EC.SS_FXN.CON,D,U2,Z0Z,4F,EC,SS_FXN,CON,2026-07-07,0.00334650585071822,A,F,,,P1D,,V,,,,,,,,,,,,,,,,,4,4F0,,NEW CISS - CISS contribution from foreign exchange market subindex,"Euro area (changing composition), Contribution from foreign exchange market subindex, Contribution",PURE_NUMB,0
CISS.D.U2.Z0Z.4F.EC.SS_FXN.CON,D,U2,Z0Z,4F,EC,SS_FXN,CON,2026-07-08,0.004119911358976459,A,F,,,P1D,,V,,,,,,,,,,,,,,,,,4,4F0,,NEW CISS - CISS contribution from foreign exchange market subindex,"Euro area (changing composition), Contribution from foreign exchange market subindex, Contribution",PURE_NUMB,0
CISS.D.U2.Z0Z.4F.EC.SS_FXN.CON,D,U2,Z0Z,4F,EC,SS_FXN,CON,2026-07-09,0.002749806546656312,A,F,,,P1D,,V,,,,,,,,,,,,,,,,,4,4F0,,NEW CISS - CISS contribution from foreign exchange market subindex,"Euro area (changing composition), Contribution from foreign exchange market subindex, Contribution",PURE_NUMB,0
CISS.D.U2.Z0Z.4F.EC.SS_FXN.CON,D,U2,Z0Z,4F,EC,SS_FXN,CON,2026-07-10,0.003838977048095168,A,F,,,P1D,,V,,,,,,,,,,,,,,,,,4,4F0,,NEW CISS - CISS contribution from foreign exchange market subindex,"Euro area (changing composition), Contribution from foreign exchange market subindex, Contribution",PURE_NUMB,0
CISS.D.U2.Z0Z.4F.EC.SS_FXN.CON,D,U2,Z0Z,4F,EC,SS_FXN,CON,2026-07-13,0.0033143900510246797,A,F,,,P1D,,V,,,,,,,,,,,,,,,,,4,4F0,,NEW CISS - CISS contribution from foreign exchange market subindex,"Euro area (changing composition), Contribution from foreign exchange market subindex, Contribution",PURE_NUMB,0
CISS.D.U2.Z0Z.4F.EC.SS_FXN.CON,D,U2,Z0Z,4F,EC,SS_FXN,CON,2026-07-14,0.0027270581219096795,A,F,,,P1D,,V,,,,,,,,,,,,,,,,,4,4F0,,NEW CISS - CISS contribution from foreign exchange market subindex,"Euro area (changing composition), Contribution from foreign exchange market subindex, Contribution",PURE_NUMB,0
CISS.D.U2.Z0Z.4F.EC.SS_FXN.CON,D,U2,Z0Z,4F,EC,SS_FXN,CON,2026-07-15,0.008636169098360185,A,F,,,P1D,,V,,,,,,,,,,,,,,,,,4,4F0,,NEW CISS - CISS contribution from foreign exchange market subindex,"Euro area (changing composition), Contribution from foreign exchange market subindex, Contribution",PURE_NUMB,0
CISS.D.U2.Z0Z.4F.EC.SS_FXN.CON,D,U2,Z0Z,4F,EC,SS_FXN,CON,2026-07-16,0.00719767828351427,A,F,,,P1D,,V,,,,,,,,,,,,,,,,,4,4F0,,NEW CISS - CISS contribution from foreign exchange market subindex,"Euro area (changing composition), Contribution from foreign exchange market subindex, Contribution",PURE_NUMB,0
CISS.D.U2.Z0Z.4F.EC.SS_FXN.CON,D,U2,Z0Z,4F,EC,SS_FXN,CON,2026-07-17,0.005656838488614523,A,F,,,P1D,,V,,,,,,,,,,,,,,,,,4,4F0,,NEW CISS - CISS contribution from foreign exchange market subindex,"Euro area (changing composition), Contribution from foreign exchange market subindex, Contribution",PURE_NUMB,0
CISS.D.U2.Z0Z.4F.EC.SS_FXN.CON,D,U2,Z0Z,4F,EC,SS_FXN,CON,2026-07-20,0.004197644746720944,A,F,,,P1D,,V,,,,,,,,,,,,,,,,,4,4F0,,NEW CISS - CISS contribution from foreign exchange market subindex,"Euro area (changing composition), Contribution from foreign exchange market subindex, Contribution",PURE_NUMB,0
CISS.D.U2.Z0Z.4F.EC.SS_FXN.CON,D,U2,Z0Z,4F,EC,SS_FXN,CON,2026-07-21,0.0038958973587465023,A,F,,,P1D,,V,,,,,,,,,,,,,,,,,4,4F0,,NEW CISS - CISS contribution from foreign exchange market subindex,"Euro area (changing composition), Contribution from foreign exchange market subindex, Contribution",PURE_NUMB,0
CISS.D.U2.Z0Z.4F.EC.SS_FXN.CON,D,U2,Z0Z,4F,EC,SS_FXN,CON,2026-07-22,0.002831459381715229,A,F,,,P1D,,V,,,,,,,,,,,,,,,,,4,4F0,,NEW CISS - CISS contribution from foreign exchange market subindex,"Euro area (changing composition), Contribution from foreign exchange market subindex, Contribution",PURE_NUMB,0
CISS.D.U2.Z0Z.4F.EC.SS_FXN.CON,D,U2,Z0Z,4F,EC,SS_FXN,CON,2026-07-23,0.002884474415840471,A,F,,,P1D,,V,,,,,,,,,,,,,,,,,4,4F0,,NEW CISS - CISS contribution from foreign exchange market subindex,"Euro area (changing composition), Contribution from foreign exchange market subindex, Contribution",PURE_NUMB,0
CISS.D.U2.Z0Z.4F.EC.SS_FXN.CON,D,U2,Z0Z,4F,EC,SS_FXN,CON,2026-07-24,0.0021142153015485878,A,F,,,P1D,,V,,,,,,,,,,,,,,,,,4,4F0,,NEW CISS - CISS contribution from foreign exchange market subindex,"Euro area (changing composition), Contribution from foreign exchange market subindex, Contribution",PURE_NUMB,0
CISS.D.U2.Z0Z.4F.EC.SS_FXN.CON,D,U2,Z0Z,4F,EC,SS_FXN,CON,2026-07-27,0.0020185459280603634,A,F,,,P1D,,V,,,,,,,,,,,,,,,,,4,4F0,,NEW CISS - CISS contribution from foreign exchange market subindex,"Euro area (changing composition), Contribution from foreign exchange market subindex, Contribution",PURE_NUMB,0
CISS.D.U2.Z0Z.4F.EC.SS_FXN.CON,D,U2,Z0Z,4F,EC,SS_FXN,CON,2026-07-28,0.0016676118084821745,A,F,,,P1D,,V,,,,,,,,,,,,,,,,,4,4F0,,NEW CISS - CISS contribution from foreign exchange market subindex,"Euro area (changing composition), Contribution from foreign exchange market subindex, Contribution",PURE_NUMB,0
CISS.D.U2.Z0Z.4F.EC.SS_FXN.CON,D,U2,Z0Z,4F,EC,SS_FXN,CON,2026-07-29,0.003764094678007466,A,F,,,P1D,,V,,,,,,,,,,,,,,,,,4,4F0,,NEW CISS - CISS contribution from foreign exchange market subindex,"Euro area (changing composition), Contribution from foreign exchange market subindex, Contribution",PURE_NUMB,0
CISS.D.U2.Z0Z.4F.EC.SS_FXN.CON,D,U2,Z0Z,4F,EC,SS_FXN,CON,2026-07-30,0.020734862618317487,A,F,,,P1D,,V,,,,,,,,,,,,,,,,,4,4F0,,NEW CISS - CISS contribution from foreign exchange market subindex,"Euro area (changing composition), Contribution from foreign exchange market subindex, Contribution",PURE_NUMB,0
CISS.D.U2.Z0Z.4F.EC.SS_FXN.CON,D,U2,Z0Z,4F,EC,SS_FXN,CON,2026-07-31,0.020552839680540835,A,F,,,P1D,,V,,,,,,,,,,,,,,,,,4,4F0,,NEW CISS - CISS contribution from foreign exchange market subindex,"Euro area (changing composition), Contribution from foreign exchange market subindex, Contribution",PURE_NUMB,0
CISS.D.U2.Z0Z.4F.EC.SS_FXN.CON,D,U2,Z0Z,4F,EC,SS_FXN,CON,2026-08-03,0.01931492530083286,A,F,,,P1D,,V,,,,,,,,,,,,,,,,,4,4F0,,NEW CISS - CISS contribution from foreign exchange market subindex,"Euro area (changing composition), Contribution from foreign exchange market subindex, Contribution",PURE_NUMB,0
CISS.D.U2.Z0Z.4F.EC.SS_FXN.CON,D,U2,Z0Z,4F,EC,SS_FXN,CON,2026-08-04,0.017318474530259313,A,F,,,P1D,,V,,,,,,,,,,,,,,,,,4,4F0,,NEW CISS - CISS contribution from foreign exchange market subindex,"Euro area (changing composition), Contribution from foreign exchange market subindex, Contribution",PURE_NUMB,0
CISS.D.U2.Z0Z.4F.EC.SS_FXN.CON,D,U2,Z0Z,4F,EC,SS_FXN,CON,2026-08-05,0.014943545679922907,A,F,,,P1D,,V,,,,,,,,,,,,,,,,,4,4F0,,NEW CISS - CISS contribution from foreign exchange market subindex,"Euro area (changing composition), Contribution from foreign exchange market subindex, Contribution",PURE_NUMB,0
CISS.D.U2.Z0Z.4F.EC.SS_FXN.CON,D,U2,Z0Z,4F,EC,SS_FXN,CON,2026-08-06,0.012763711093495682,A,F,,,P1D,,V,,,,,,,,,,,,,,,,,4,4F0,,NEW CISS - CISS contribution from foreign exchange market subindex,"Euro area (changing composition), Contribution from foreign exchange market subindex, Contribution",PURE_NUMB,0
CISS.D.U2.Z0Z.4F.EC.SS_FXN.CON,D,U2,Z0Z,4F,EC,SS_FXN,CON,2026-08-07,0.01058274108956662,A,F,,,P1D,,V,,,,,,,,,,,,,,,,,4,4F0,,NEW CISS - CISS contribution from foreign exchange market subindex,"Euro area (changing composition), Contribution from foreign exchange market subindex, Contribution",PURE_NUMB,0
CISS.D.U2.Z0Z.4F.EC.SS_FXN.CON,D,U2,Z0Z,4F,EC,SS_FXN,CON,2026-08-10,0.011353886293415341,A,F,,,P1D,,V,,,,,,,,,,,,,,,,,4,4F0,,NEW CISS - CISS contribution from foreign exchange market subindex,"Euro area (changing composition), Contribution from foreign exchange market subindex, Contribution",PURE_NUMB,0
CISS.D.U2.Z0Z.4F.EC.SS_FXN.CON,D,U2,Z0Z,4F,EC,SS_FXN,CON,2026-08-11,0.009016173958176417,A,F,,,P1D,,V,,,,,,,,,,,,,,,,,4,4F0,,NEW CISS - CISS contribution from foreign exchange market subindex,"Euro area (changing composition), Contribution from foreign exchange market subindex, Contribution",PURE_NUMB,0
CISS.D.U2.Z0Z.4F.EC.SS_FXN.CON,D,U2,Z0Z,4F,EC,SS_FXN,CON,2026-08-12,0.00713386189646703,A,F,,,P1D,,V,,,,,,,,,,,,,,,,,4,4F0,,NEW CISS - CISS contribution from foreign exchange market subindex,"Euro area (changing composition), Contribution from foreign exchange market subindex, Contribution",PURE_NUMB,0
CISS.D.U2.Z0Z.4F.EC.SS_FXN.CON,D,U2,Z0Z,4F,EC,SS_FXN,CON,2026-08-13,0.0053870652963510565,A,F,,,P1D,,V,,,,,,,,,,,,,,,,,4,4F0,,NEW CISS - CISS contribution from foreign exchange market subindex,"Euro area (changing composition), Contribution from foreign exchange market subindex, Contribution",PURE_NUMB,0
CISS.D.U2.Z0Z.4F.EC.SS_FXN.CON,D,U2,Z0Z,4F,EC,SS_FXN,CON,2026-08-14,0.005153690034794754,A,F,,,P1D,,V,,,,,,,,,,,,,,,,,4,4F0,,NEW CISS - CISS contribution from foreign exchange market subindex,"Euro area (changing composition), Contribution from foreign exchange market subindex, Contribution",PURE_NUMB,0
CISS.D.U2.Z0Z.4F.EC.SS_FXN.CON,D,U2,Z0Z,4F,EC,SS_FXN,CON,2026-08-17,0.0040303286591945285,A,F,,,P1D,,V,,,,,,,,,,,,,,,,,4,4F0,,NEW CISS - CISS contribution from foreign exchange market subindex,"Euro area (changing composition), Contribution from foreign exchange market subindex, Contribution",PURE_NUMB,0
CISS.D.U2.Z0Z.4F.EC.SS_FXN.CON,D,U2,Z0Z,4F,EC,SS_FXN,CON,2026-08-18,0.0033856202634584315,A,F,,,P1D,,V,,,,,,,,,,,,,,,,,4,4F0,,NEW CISS - CISS contribution from foreign exchange market subindex,"Euro area (changing composition), Contribution from foreign exchange market subindex, Contribution",PURE_NUMB,0
CISS.D.U2.Z0Z.4F.EC.SS_FXN.CON,D,U2,Z0Z,4F,EC,SS_FXN,CON,2026-08-19,0.006887218508866787,A,F,,,P1D,,V,,,,,,,,,,,,,,,,,4,4F0,,NEW CISS - CISS contribution from foreign exchange market subindex,"Euro area (changing composition), Contribution from foreign exchange market subindex, Contribution",PURE_NUMB,0
CISS.D.U2.Z0Z.4F.EC.SS_FXN.CON,D,U2,Z0Z,4F,EC,SS_FXN,CON,2026-08-20,0.006588186193857051,A,F,,,P1D,,V,,,,,,,,,,,,,,,,,4,4F0,,NEW CISS - CISS contribution from foreign exchange market subindex,"Euro area (changing composition), Contribution from foreign exchange market subindex, Contribution",PURE_NUMB,0
CISS.D.U2.Z0Z.4F.EC.SS_FXN.CON,D,U2,Z0Z,4F,EC,SS_FXN,CON,2026-08-21,0.0045258845732165,A,F,,,P1D,,V,,,,,,,,,,,,,,,,,4,4F0,,NEW CISS - CISS contribution from foreign exchange market subindex,"Euro area (changing composition), Contribution from foreign exchange market subindex, Contribution",PURE_NUMB,0
CISS.D.U2.Z0Z.4F.EC.SS_FXN.CON,D,U2,Z0Z,4F,EC,SS_FXN,CON,2026-08-24,0.003125200696021642,A,F,,,P1D,,V,,,,,,,,,,,,,,,,,4,4F0,,NEW CISS - CISS contribution from foreign exchange market subindex,"Euro area (changing composition), Contribution from foreign exchange market subindex, Contribution",PURE_NUMB,0
CISS.D.U2.Z0Z.4F.EC.SS_FXN.CON,D,U2,Z0Z,4F,EC,SS_FXN,CON,2026-08-25,0.002262367113154362,A,F,,,P1D,,V,,,,,,,,,,,,,,,,,4,4F0,,NEW CISS - CISS contribution from foreign exchange market subindex,"Euro area (changing composition), Contribution from foreign exchange market subindex, Contribution",PURE_NUMB,0
CISS.D.U2.Z0Z.4F.EC.SS_FXN.CON,D,U2,Z0Z,4F,EC,SS_FXN,CON,2026-08-26,0.001746397037647616,A,F,,,P1D,,V,,,,,,,,,,,,,,,,,4,4F0,,NEW CISS - CISS contribution from foreign exchange market subindex,"Euro area (changing composition), Contribution from foreign exchange market subindex, Contribution",PURE_NUMB,0
CISS.D.U2.Z0Z.4F.EC.SS_FXN.CON,D,U2,Z0Z,4F,EC,SS_FXN,CON,2026-08-27,0.0012590299023283518,A,F,,,P1D,,V,,,,,,,,,,,,,,,,,4,4F0,,NEW CISS - CISS contribution from foreign exchange market subindex,"Euro area (changing composition), Contribution from foreign exchange market subindex, Contribution",PURE_NUMB,0
CISS.D.U2.Z0Z.4F.EC.SS_FXN.CON,D,U2,Z0Z,4F,EC,SS_FXN,CON,2026-08-28,0.0022660009953832275,A,F,,,P1D,,V,,,,,,,,,,,,,,,,,4,4F0,,NEW CISS - CISS contribution from foreign exchange market subindex,"Euro area (changing composition), Contribution from foreign exchange market subindex, Contribution",PURE_NUMB,0
CISS.D.U2.Z0Z.4F.EC.SS_FXN.CON,D,U2,Z0Z,4F,EC,SS_FXN,CON,2026-08-31,0.002275343341450001,A,F,,,P1D,,V,,,,,,,,,,,,,,,,,4,4F0,,NEW CISS - CISS contribution from foreign exchange market subindex,"Euro area (changing composition), Contribution from foreign exchange market subindex, Contribution",PURE_NUMB,0
CISS.D.U2.Z0Z.4F.EC.SS_FXN.CON,D,U2,Z0Z,4F,EC,SS_FXN,CON,2026-09-01,0.0018939047146230871,A,F,,,P1D,,V,,,,,,,,,,,,,,,,,4,4F0,,NEW CISS - CISS contribution from foreign exchange market subindex,"Euro area (changing composition), Contribution from foreign exchange market subindex, Contribution",PURE_NUMB,0
CISS.D.U2.Z0Z.4F.EC.SS_FXN.CON,D,U2,Z0Z,4F,EC,SS_FXN,CON,2026-09-02,0.0055143533076045725,A,F,,,P1D,,V,,,,,,,,,,,,,,,,,4,4F0,,NEW CISS - CISS contribution from foreign exchange market subindex,"Euro area (changing composition), Contribution from foreign exchange market subindex, Contribution",PURE_NUMB,0
