config_id,horizon_cbr_rows_pub_proxy,fold_test_year,corridor,rows,probability_kind,mean_probability,event_rate,quantile_ece,calibration_intercept,calibration_slope
hgb_all_contract_market,1,2023,__ALL__,1230,probability,0.5171415805286894,0.5642276422764227,0.10454989239320908,0.18913951642044657,1.722480783296147
hgb_all_contract_market,1,2023,AMD,246,probability,0.516765425814111,0.5691056910569106,0.11073431788498997,0.22388540301136295,1.578945598960871
hgb_all_contract_market,1,2023,KGS,246,probability,0.5169518549172676,0.5650406504065041,0.13101830891420796,0.18234996448468652,2.0479471067245485
hgb_all_contract_market,1,2023,KZT,246,probability,0.5163238063886636,0.556910569105691,0.0658135680553376,0.17290273143519405,1.3190623330699813
hgb_all_contract_market,1,2023,TJS,246,probability,0.5174322418139183,0.5691056910569106,0.11589945450148385,0.20502754793209854,2.0055755170852563
hgb_all_contract_market,1,2023,UZS,246,probability,0.5182345737094873,0.5609756097560976,0.12283890012584345,0.1580366554832698,1.7941720361553184
hgb_all_contract_market,1,2024,__ALL__,1235,probability,0.4731260973909078,0.5425101214574899,0.07093095484760556,0.36772423228338935,0.9769459960588013
hgb_all_contract_market,1,2024,AMD,247,probability,0.49269686751026476,0.5587044534412956,0.07590105105259896,0.351118090862853,0.9760360044939329
hgb_all_contract_market,1,2024,KGS,247,probability,0.4568605387029791,0.562753036437247,0.12869045966712794,0.6006931539860766,1.0845692582653281
hgb_all_contract_market,1,2024,KZT,247,probability,0.45222610589253315,0.5060728744939271,0.08020230092975326,0.254747765696527,0.8662084117966525
hgb_all_contract_market,1,2024,TJS,247,probability,0.4927283112632811,0.5465587044534413,0.08314225512571934,0.29977987122681704,1.0784058104887515
hgb_all_contract_market,1,2024,UZS,247,probability,0.4711186635854804,0.5384615384615384,0.07479355499057445,0.3447633651077635,0.9259719446801021
hgb_all_contract_market,1,2025,__ALL__,1230,probability,0.4885837527155994,0.4634146341463415,0.044466036065066945,-0.13115468161127178,0.7906101302249221
hgb_all_contract_market,1,2025,AMD,246,probability,0.48064945637557466,0.45934959349593496,0.06977904658996252,-0.11863595942802443,0.819764482528494
hgb_all_contract_market,1,2025,KGS,246,probability,0.4922772567631145,0.4268292682926829,0.11269558672254154,-0.32519567598641913,0.8275874596770589
hgb_all_contract_market,1,2025,KZT,246,probability,0.49635230736452574,0.46747967479674796,0.06896121264597208,-0.14136127833869852,0.6517370198295397
hgb_all_contract_market,1,2025,TJS,246,probability,0.5066847396353192,0.5040650406504065,0.04819881332299728,-0.00974194534907266,0.7047139288498473
hgb_all_contract_market,1,2025,UZS,246,probability,0.466955003439463,0.45934959349593496,0.06328274369899482,-0.04064195966971021,0.9836686763559326
hgb_all_contract_market,3,2023,__ALL__,1220,probability,0.340127320152915,0.44508196721311477,0.14514852709665624,1.0060725671230482,1.8000269653842906
hgb_all_contract_market,3,2023,AMD,244,probability,0.34033300872974626,0.45901639344262296,0.1534086921191388,0.967507888579565,1.643621745210101
hgb_all_contract_market,3,2023,KGS,244,probability,0.3412026679431761,0.45491803278688525,0.16522909760600718,1.175344251987881,1.9966570404456638
hgb_all_contract_market,3,2023,KZT,244,probability,0.3373779704757461,0.4098360655737705,0.10863622960864473,0.6909459677116208,1.5455172332596812
hgb_all_contract_market,3,2023,TJS,244,probability,0.3407677950232231,0.45081967213114754,0.16944531347615144,1.133013369910329,1.9588550177408843
hgb_all_contract_market,3,2023,UZS,244,probability,0.34095515859268366,0.45081967213114754,0.16923861560065134,1.0807200629280855,1.8799429859722936
hgb_all_contract_market,3,2024,__ALL__,1225,probability,0.4443981693564374,0.38612244897959186,0.12109679715334305,-0.33835394301912264,0.532912679477584
hgb_all_contract_market,3,2024,AMD,245,probability,0.4496040749424641,0.4,0.11190459107996625,-0.28889072502900615,0.5454031326729989
hgb_all_contract_market,3,2024,KGS,245,probability,0.438320854496131,0.4122448979591837,0.11163288577190099,-0.19773422910514166,0.5424174210800952
hgb_all_contract_market,3,2024,KZT,245,probability,0.42688836272209196,0.3346938775510204,0.13276862084383984,-0.544389376274566,0.4745516319360398
hgb_all_contract_market,3,2024,TJS,245,probability,0.46213768852479714,0.4,0.1256167233918891,-0.3239164542112544,0.5426322999290252
hgb_all_contract_market,3,2024,UZS,245,probability,0.44503986609670215,0.3836734693877551,0.13262607711207977,-0.3487871369500933,0.5500501085047372
hgb_all_contract_market,3,2025,__ALL__,1220,probability,0.34327247224956897,0.28114754098360656,0.06212493126596243,-0.37755055859813436,0.9153481748866984
hgb_all_contract_market,3,2025,AMD,244,probability,0.3404069027111878,0.2786885245901639,0.08066757385010558,-0.3363442221437465,0.9993274298120398
hgb_all_contract_market,3,2025,KGS,244,probability,0.35534952448309104,0.2540983606557377,0.10125116382735332,-0.5871953722977373,0.9276827409050902
hgb_all_contract_market,3,2025,KZT,244,probability,0.3409776793523222,0.26229508196721313,0.1060886713511731,-0.5094111167549987,0.8471120864050382
hgb_all_contract_market,3,2025,TJS,244,probability,0.34912050488657587,0.3360655737704918,0.06613227521788255,-0.20842977528005863,0.7455963021351496
hgb_all_contract_market,3,2025,UZS,244,probability,0.33050774981466813,0.27459016393442626,0.0843369620151392,-0.22928225225632443,1.1330016545267858
hgb_all_contract_market,5,2023,__ALL__,1210,probability,0.3006849267966269,0.3859504132231405,0.09516507864045098,0.5654346312712889,1.1703323881906789
hgb_all_contract_market,5,2023,AMD,242,probability,0.3026082683286204,0.3925619834710744,0.09556324629943895,0.45155391926722666,1.0069463557276448
hgb_all_contract_market,5,2023,KGS,242,probability,0.30528027923134143,0.3884297520661157,0.10251788972030364,0.6895861367579594,1.3463295917433387
hgb_all_contract_market,5,2023,KZT,242,probability,0.28436877930063353,0.3677685950413223,0.08766384822557906,0.6196344716131491,1.2200808883021375
hgb_all_contract_market,5,2023,TJS,242,probability,0.3038662439187947,0.3884297520661157,0.09484002620268371,0.5975388073086678,1.2180799070678165
hgb_all_contract_market,5,2023,UZS,242,probability,0.3073010632037442,0.3925619834710744,0.09688527033568199,0.4955132072740931,1.0934965604307183
hgb_all_contract_market,5,2024,__ALL__,1215,probability,0.4793519753245408,0.3333333333333333,0.1693821648286636,-0.6820450476069778,0.36295632275648704
hgb_all_contract_market,5,2024,AMD,243,probability,0.4831419595798274,0.3497942386831276,0.1666841795657112,-0.6163258630836251,0.4100396892969609
hgb_all_contract_market,5,2024,KGS,243,probability,0.4767700450020502,0.37037037037037035,0.1726369910766961,-0.5094930491830488,0.29212745945513785
hgb_all_contract_market,5,2024,KZT,243,probability,0.475042036089392,0.2674897119341564,0.2274084283876607,-0.9935936669783391,0.2128461353421102
hgb_all_contract_market,5,2024,TJS,243,probability,0.47901235770493633,0.3497942386831276,0.1682660811149961,-0.605406742953108,0.38637906807896505
hgb_all_contract_market,5,2024,UZS,243,probability,0.48279347824649793,0.3292181069958848,0.17400550914776433,-0.7221943150079098,0.5100090278037451
hgb_all_contract_market,5,2025,__ALL__,1210,probability,0.27992679977569473,0.22148760330578512,0.06692206634865716,-0.5257002980332345,0.7776015127162393
hgb_all_contract_market,5,2025,AMD,242,probability,0.27950171144696645,0.2190082644628099,0.06103962821958138,-0.44833255229373253,0.8877595609418502
hgb_all_contract_market,5,2025,KGS,242,probability,0.2953558725976156,0.2024793388429752,0.09287653375464029,-0.6595835055349011,0.8496866719642983
hgb_all_contract_market,5,2025,KZT,242,probability,0.2770871011742111,0.19834710743801653,0.08614191401920114,-0.6694169383675247,0.768631588062141
hgb_all_contract_market,5,2025,TJS,242,probability,0.2753283069972907,0.2892561983471074,0.07409365236528775,-0.34404181319767757,0.5470217628494611
hgb_all_contract_market,5,2025,UZS,242,probability,0.27236100666238994,0.19834710743801653,0.07549480772427919,-0.4686868889282303,0.979252063935257
hgb_all_contract_market,10,2023,__ALL__,1185,probability,0.2333466798215233,0.30886075949367087,0.09108632496938979,0.28727958312600604,0.8945674007748995
hgb_all_contract_market,10,2023,AMD,237,probability,0.23890986961091007,0.3333333333333333,0.11989661484700904,0.28413566686845815,0.8142189515543705
hgb_all_contract_market,10,2023,KGS,237,probability,0.2352001774089055,0.31223628691983124,0.09125861737250292,0.44736683760264373,1.0282050508683234
hgb_all_contract_market,10,2023,KZT,237,probability,0.21500145214316888,0.2911392405063291,0.10257335304390476,0.5507709052020363,1.0944533248786834
hgb_all_contract_market,10,2023,TJS,237,probability,0.23869768930407567,0.2911392405063291,0.08662809912485882,0.005222817964743817,0.7496619667371694
hgb_all_contract_market,10,2023,UZS,237,probability,0.23892421064055633,0.31645569620253167,0.09540038258832591,0.20235149612769784,0.8132193328851006
hgb_all_contract_market,10,2024,__ALL__,1190,probability,0.39742859369294464,0.27647058823529413,0.14744884418348764,-0.8560231242870933,0.24257390064182946
hgb_all_contract_market,10,2024,AMD,238,probability,0.3945945360540263,0.29831932773109243,0.14472339550739127,-0.7144991358686774,0.3154977131764227
hgb_all_contract_market,10,2024,KGS,238,probability,0.39323750865290663,0.3025210084033613,0.1379401853647123,-0.7809834896182959,0.1149386873769502
hgb_all_contract_market,10,2024,KZT,238,probability,0.399823885809828,0.21008403361344538,0.209853634621503,-1.308845922893764,0.03537636921420149
hgb_all_contract_market,10,2024,TJS,238,probability,0.39629921895052045,0.3025210084033613,0.11463164636702572,-0.7008583956218962,0.3053134129872727
hgb_all_contract_market,10,2024,UZS,238,probability,0.40318781899744205,0.2689075630252101,0.157599255318259,-0.8331550699950949,0.42826669971181586
hgb_all_contract_market,10,2025,__ALL__,1185,probability,0.28478273734468446,0.15274261603375527,0.13204012131092918,-0.7714928489961693,1.0951272441209805
hgb_all_contract_market,10,2025,AMD,237,probability,0.29256866162862505,0.1518987341772152,0.14066992745140985,-0.720067125009761,1.2530566610936813
hgb_all_contract_market,10,2025,KGS,237,probability,0.3033563858275877,0.13924050632911392,0.16411587949847384,-0.8859329813881555,1.2893847071390614
hgb_all_contract_market,10,2025,KZT,237,probability,0.2820610773832887,0.1308016877637131,0.1512593896195757,-1.0648235180235737,0.9397826314562643
hgb_all_contract_market,10,2025,TJS,237,probability,0.2650766537861559,0.21518987341772153,0.10572297360478691,-0.2965198629371761,0.9926054829558664
hgb_all_contract_market,10,2025,UZS,237,probability,0.2808509080977648,0.12658227848101267,0.15426862961675217,-0.7004052711331012,1.471440193849875
hgb_all_contract_market,20,2023,__ALL__,1135,probability,0.12673423152566868,0.2669603524229075,0.15849320686164411,-0.3393627539968978,0.33921450550966603
hgb_all_contract_market,20,2023,AMD,227,probability,0.12821382552600563,0.31718061674008813,0.20852924899309552,0.1251419671791038,0.45416171101643166
hgb_all_contract_market,20,2023,KGS,227,probability,0.12700817910003448,0.28193832599118945,0.1714482880225167,0.18037648452940772,0.5672682662070873
hgb_all_contract_market,20,2023,KZT,227,probability,0.12021010182153155,0.2422907488986784,0.1385061690935745,-0.6015932878906418,0.2639541844669506
hgb_all_contract_market,20,2023,TJS,227,probability,0.1290560610307999,0.2511013215859031,0.13188733851747633,-0.6920607113553665,0.2045268291954653
hgb_all_contract_market,20,2023,UZS,227,probability,0.1291829901499717,0.2422907488986784,0.1508328690396569,-0.84719290546909,0.14935467023935137
hgb_all_contract_market,20,2024,__ALL__,1140,probability,0.34359214579291414,0.20350877192982456,0.15280580638898508,-1.313504327216416,0.07430931886750848
hgb_all_contract_market,20,2024,AMD,228,probability,0.3398195881466272,0.22807017543859648,0.15535691030298113,-1.3203921240823553,-0.13920293056360597
hgb_all_contract_market,20,2024,KGS,228,probability,0.3414239891776503,0.22807017543859648,0.17064046124852192,-1.2134170603923689,0.008224253980274166
hgb_all_contract_market,20,2024,KZT,228,probability,0.3429647152764218,0.16228070175438597,0.18099945258226718,-1.7189417426564702,-0.10951098704740617
hgb_all_contract_market,20,2024,TJS,228,probability,0.3438526239956013,0.20175438596491227,0.14969283140069098,-1.2689978252653151,0.15678285873084224
hgb_all_contract_market,20,2024,UZS,228,probability,0.34989981236827006,0.19736842105263158,0.15866683048712465,-1.0876875530029693,0.5102880887696434
hgb_all_contract_market,20,2025,__ALL__,1135,probability,0.20023230640438833,0.0960352422907489,0.10419706411363942,8.892412077302842,8.085244204773407
hgb_all_contract_market,20,2025,AMD,227,probability,0.20059486739494323,0.0881057268722467,0.11262785943757654,9.127861307172417,8.345090282013658
hgb_all_contract_market,20,2025,KGS,227,probability,0.20112886820838405,0.0881057268722467,0.11302314133613736,7.211312210647071,6.961440295275218
hgb_all_contract_market,20,2025,KZT,227,probability,0.20064259912926535,0.07048458149779736,0.130158017631468,-4.916561556257867,-1.6874516149831522
hgb_all_contract_market,20,2025,TJS,227,probability,0.19939405131751556,0.14977973568281938,0.10769150371453015,16.252116685781882,13.023503941427364
hgb_all_contract_market,20,2025,UZS,227,probability,0.1994011459718334,0.08370044052863436,0.11640273080309546,19.64607111994052,16.01727479146361
hgb_all_public_fast,1,2023,__ALL__,1230,probability,0.5303798924532384,0.5642276422764227,0.19558691793129784,0.29608528550052815,-0.2865892841166915
hgb_all_public_fast,1,2023,AMD,246,probability,0.5314473767916096,0.5691056910569106,0.21791490337213795,0.33292253242685604,-0.38617720029673147
hgb_all_public_fast,1,2023,KGS,246,probability,0.5308884325298536,0.5650406504065041,0.1790252914024825,0.2925363340146598,-0.2366547721294065
hgb_all_public_fast,1,2023,KZT,246,probability,0.5266964306668861,0.556910569105691,0.20637742960684646,0.2729429740930466,-0.37905159464379984
hgb_all_public_fast,1,2023,TJS,246,probability,0.5315329486012066,0.5691056910569106,0.1749041571176666,0.29836390746232144,-0.15445505208723756
hgb_all_public_fast,1,2023,UZS,246,probability,0.5313342736766357,0.5609756097560976,0.19152674169497078,0.28140392397310904,-0.2711588792135194
hgb_all_public_fast,1,2024,__ALL__,1235,probability,0.5430823377510018,0.5425101214574899,0.0780054286576089,0.16516146477196028,0.030257226600600706
hgb_all_public_fast,1,2024,AMD,247,probability,0.5439780643868823,0.5587044534412956,0.10538995696306212,0.17458488499209468,0.3464061876536925
hgb_all_public_fast,1,2024,KGS,247,probability,0.5443180532772119,0.562753036437247,0.07769802820565343,0.19397601139891757,0.32683721790865555
hgb_all_public_fast,1,2024,KZT,247,probability,0.5399041674846072,0.5060728744939271,0.09063358001700869,0.13068353105762787,-0.6572530479824801
hgb_all_public_fast,1,2024,TJS,247,probability,0.544495526860975,0.5465587044534413,0.08741899000724981,0.11347966959567266,0.4084200816410624
hgb_all_public_fast,1,2024,UZS,247,probability,0.5427158767453326,0.5384615384615384,0.08015540837049524,0.19937341616389062,-0.26037525677659046
hgb_all_public_fast,1,2025,__ALL__,1230,probability,0.4879953860769519,0.4634146341463415,0.0806649921186932,-0.12145403678268747,0.5340310268340682
hgb_all_public_fast,1,2025,AMD,246,probability,0.4950441993514807,0.45934959349593496,0.08656692541752051,-0.1518879355254541,0.6900811205014701
hgb_all_public_fast,1,2025,KGS,246,probability,0.494902038624663,0.4268292682926829,0.10313541720539869,-0.2865716803515006,0.6543482329770264
hgb_all_public_fast,1,2025,KZT,246,probability,0.48693002249095063,0.46747967479674796,0.12252953201850103,-0.12202757306354568,0.1523629979904817
hgb_all_public_fast,1,2025,TJS,246,probability,0.4849478775252831,0.5040650406504065,0.09256511056803399,0.042713861690752634,0.4164273451103791
hgb_all_public_fast,1,2025,UZS,246,probability,0.47815279239238173,0.45934959349593496,0.09846740226364054,-0.0923308327787805,0.8239659783280203
hgb_all_public_fast,3,2023,__ALL__,1220,probability,0.3420202086056673,0.44508196721311477,0.10462251719871486,-0.4586670618668264,-0.3635192592154635
hgb_all_public_fast,3,2023,AMD,244,probability,0.34242414890425277,0.45901639344262296,0.12264741758930243,-1.770065093638324,-2.4566655001787496
hgb_all_public_fast,3,2023,KGS,244,probability,0.3426271453019961,0.45491803278688525,0.1122908874848891,0.2394377592455292,0.6445023173324299
hgb_all_public_fast,3,2023,KZT,244,probability,0.33962871382416143,0.4098360655737705,0.08091159700595532,-2.374960192001936,-3.014954782039921
hgb_all_public_fast,3,2023,TJS,244,probability,0.34272795918720206,0.45081967213114754,0.11415129218898895,0.9537513807191377,1.7669458933249924
hgb_all_public_fast,3,2023,UZS,244,probability,0.34269307581072395,0.45081967213114754,0.11867879951325812,0.3936218034923608,0.9066992163786975
hgb_all_public_fast,3,2024,__ALL__,1225,probability,0.4005899946252369,0.38612244897959186,0.11333272488478291,-0.5548095981268865,-0.2175008168990898
hgb_all_public_fast,3,2024,AMD,245,probability,0.40055237277781147,0.4,0.09391299245199843,-0.4572508879298558,-0.12402410327381001
hgb_all_public_fast,3,2024,KGS,245,probability,0.401100133697015,0.4122448979591837,0.10039320420801087,-0.3244844820626527,0.07391719235993215
hgb_all_public_fast,3,2024,KZT,245,probability,0.3961977047033482,0.3346938775510204,0.13173960764466552,-0.902409947627974,-0.4817802533064587
hgb_all_public_fast,3,2024,TJS,245,probability,0.40264627201391,0.4,0.11323916490047954,-0.4537932483905122,-0.1182343893085323
hgb_all_public_fast,3,2024,UZS,245,probability,0.40245348993410013,0.3836734693877551,0.13582928315084136,-0.6773111517011469,-0.49048818115238446
hgb_all_public_fast,3,2025,__ALL__,1220,probability,0.43372211717623427,0.28114754098360656,0.1525745761926277,-0.7472694572987194,0.7958181786607239
hgb_all_public_fast,3,2025,AMD,244,probability,0.44110861149145214,0.2786885245901639,0.1624200869012882,-0.7622465906219642,0.957838171828296
hgb_all_public_fast,3,2025,KGS,244,probability,0.44473088027754004,0.2540983606557377,0.19063251962180236,-0.9301204414743639,0.8059239527007597
hgb_all_public_fast,3,2025,KZT,244,probability,0.4306742282951391,0.26229508196721313,0.17482510299660592,-0.9157893969999253,0.4376102189994454
hgb_all_public_fast,3,2025,TJS,244,probability,0.4237375107292539,0.3360655737704918,0.09240331148056015,-0.42168732412327375,0.8804566991881886
hgb_all_public_fast,3,2025,UZS,244,probability,0.4283593550877859,0.27459016393442626,0.15376919115335974,-0.7134839250619136,1.0167003949237452
hgb_all_public_fast,5,2023,__ALL__,1210,probability,0.30583521820189496,0.3859504132231405,0.10544368533503239,-0.20062853628466437,0.30281172418649366
hgb_all_public_fast,5,2023,AMD,242,probability,0.3111380707028335,0.3925619834710744,0.11548796671329926,-0.39584529735384183,0.04742613795825996
hgb_all_public_fast,5,2023,KGS,242,probability,0.311483675919899,0.3884297520661157,0.1270452038096894,-0.013027182901131945,0.52902305503732
hgb_all_public_fast,5,2023,KZT,242,probability,0.2782977970394652,0.3677685950413223,0.1293285491929,-0.3795106564206293,0.1601649341921732
hgb_all_public_fast,5,2023,TJS,242,probability,0.31521279887067233,0.3884297520661157,0.10414882416724612,-0.05313367117791669,0.49109570405494307
hgb_all_public_fast,5,2023,UZS,242,probability,0.31304374847660466,0.3925619834710744,0.11889919896668018,-0.1797101474787108,0.3078091210030512
hgb_all_public_fast,5,2024,__ALL__,1215,probability,0.35834685065983846,0.3333333333333333,0.08463110356241446,-0.6369892349913597,0.09133015708838718
hgb_all_public_fast,5,2024,AMD,243,probability,0.3647320185753188,0.3497942386831276,0.10111462166158308,-0.6434733899323437,-0.04038805196749433
hgb_all_public_fast,5,2024,KGS,243,probability,0.3576961066273229,0.37037037037037035,0.06991238094684453,-0.4205245647497333,0.1796926741623019
hgb_all_public_fast,5,2024,KZT,243,probability,0.3440435038697324,0.2674897119341564,0.1171057461300225,-0.8043006213717728,0.3041032561329719
hgb_all_public_fast,5,2024,TJS,243,probability,0.36353713364326457,0.3497942386831276,0.09127078496926636,-0.5691398237350503,0.08585437739811529
hgb_all_public_fast,5,2024,UZS,243,probability,0.3617254905835535,0.3292181069958848,0.11294826957887548,-0.7947844872454456,-0.13691669485338445
hgb_all_public_fast,5,2025,__ALL__,1210,probability,0.43142533973089575,0.22148760330578512,0.20993773642511065,-1.0888776447072084,0.6712521874520483
hgb_all_public_fast,5,2025,AMD,242,probability,0.43730243370878114,0.2190082644628099,0.21829416924597128,-1.077181419407064,0.9183630942334475
hgb_all_public_fast,5,2025,KGS,242,probability,0.4411024671713653,0.2024793388429752,0.2386231283283901,-1.2262669207561707,0.7148778662760922
hgb_all_public_fast,5,2025,KZT,242,probability,0.4280455833370071,0.19834710743801653,0.22969847589899064,-1.3040868799389167,0.32620573962803495
hgb_all_public_fast,5,2025,TJS,242,probability,0.4196926224472623,0.2892561983471074,0.1353364087341194,-0.7002542074767559,0.6327468376940906
hgb_all_public_fast,5,2025,UZS,242,probability,0.4309835919900627,0.19834710743801653,0.23263648455204616,-1.1761895792847843,0.945598643481905
hgb_all_public_fast,10,2023,__ALL__,1185,probability,0.22286486419068402,0.30886075949367087,0.0859958953029869,1.3249014202020584,1.7058093525621447
hgb_all_public_fast,10,2023,AMD,237,probability,0.22525834443068163,0.3333333333333333,0.11372836123321853,-2.2033230636183916,-1.2210168525756433
hgb_all_public_fast,10,2023,KGS,237,probability,0.22301537976635896,0.31223628691983124,0.10880462812037234,3.4945286325033336,3.4357787855275856
hgb_all_public_fast,10,2023,KZT,237,probability,0.21919048074905287,0.2911392405063291,0.08761189051966725,2.1304928682842985,2.3790638146104457
hgb_all_public_fast,10,2023,TJS,237,probability,0.22355074632146046,0.2911392405063291,0.08549368563343969,3.171765045080297,3.265827147622416
hgb_all_public_fast,10,2023,UZS,237,probability,0.22330936968586604,0.31645569620253167,0.11433492657505388,-0.9127526118348719,-0.11434305861617873
hgb_all_public_fast,10,2024,__ALL__,1190,probability,0.27470671316104905,0.27647058823529413,0.11023898017823054,-1.7354928165779444,-0.7551906688283845
hgb_all_public_fast,10,2024,AMD,238,probability,0.27476668434395796,0.29831932773109243,0.11238152672010036,-1.7088821398040344,-0.8348883902043848
hgb_all_public_fast,10,2024,KGS,238,probability,0.27095241560271055,0.3025210084033613,0.10270773040986231,-1.2305279040404689,-0.3845425265709245
hgb_all_public_fast,10,2024,KZT,238,probability,0.27661571909545546,0.21008403361344538,0.13441216027857666,-2.024886347787161,-0.6837085104839846
hgb_all_public_fast,10,2024,TJS,238,probability,0.2740751543116883,0.3025210084033613,0.10855813444378591,-1.7335851038161272,-0.875757340308758
hgb_all_public_fast,10,2024,UZS,238,probability,0.27712359245143325,0.2689075630252101,0.11085164024505637,-2.016429331093617,-0.9957242410419317
hgb_all_public_fast,10,2025,__ALL__,1185,probability,0.37202503391449154,0.15274261603375527,0.21928241788073627,-1.379076175757826,0.6748757635222541
hgb_all_public_fast,10,2025,AMD,237,probability,0.3811424776139094,0.1518987341772152,0.22924374343669424,-1.3859176853945046,0.7507030325533346
hgb_all_public_fast,10,2025,KGS,237,probability,0.38525716548914996,0.13924050632911392,0.2460166591600361,-1.459925868599877,0.8913545533691043
hgb_all_public_fast,10,2025,KZT,237,probability,0.36902004981374137,0.1308016877637131,0.24030520376149223,-1.7579863326460494,0.24864988409206057
hgb_all_public_fast,10,2025,TJS,237,probability,0.35747431437676036,0.21518987341772153,0.15185776761769834,-0.9357165994791186,0.6189020407070622
hgb_all_public_fast,10,2025,UZS,237,probability,0.3672311622788964,0.12658227848101267,0.2406488837978837,-1.420751753706907,1.074021401368961
hgb_all_public_fast,20,2023,__ALL__,1135,probability,0.14395278371630332,0.2669603524229075,0.1370016637842683,-4.3064330381306295,-1.8413890432452558
hgb_all_public_fast,20,2023,AMD,227,probability,0.1442743358125917,0.31718061674008813,0.19025080430459554,-6.439027530586132,-3.1701490413373468
hgb_all_public_fast,20,2023,KGS,227,probability,0.14425551617361512,0.28193832599118945,0.1550265068385722,-3.40088777757869,-1.3805335003601658
hgb_all_public_fast,20,2023,KZT,227,probability,0.14131019156494537,0.2422907488986784,0.13243689975715447,-4.588543225345912,-1.9019695697318213
hgb_all_public_fast,20,2023,TJS,227,probability,0.14518247949155608,0.2511013215859031,0.12456065505115871,-2.5400824000926807,-0.8141815482797297
hgb_all_public_fast,20,2023,UZS,227,probability,0.14474139553880833,0.2422907488986784,0.12241845806573011,-4.830738312339424,-2.068095878724447
hgb_all_public_fast,20,2024,__ALL__,1140,probability,0.27131532708851575,0.20350877192982456,0.07235944364369291,-2.2479049701539324,-0.8812383897139359
hgb_all_public_fast,20,2024,AMD,228,probability,0.2707860588490519,0.22807017543859648,0.06536124127400947,-2.060347924692041,-0.8376940833302199
hgb_all_public_fast,20,2024,KGS,228,probability,0.27053830637659126,0.22807017543859648,0.08369945456926325,-1.7545827642480647,-0.5335379233010565
hgb_all_public_fast,20,2024,KZT,228,probability,0.2718486482568001,0.16228070175438597,0.16376312824091288,-1.6752141817923187,-0.03414982698618421
hgb_all_public_fast,20,2024,TJS,228,probability,0.27109509806157467,0.20175438596491227,0.08711882887221784,-2.1370683503407326,-0.7598541779958594
hgb_all_public_fast,20,2024,UZS,228,probability,0.2723085238985607,0.19736842105263158,0.11841454143756074,-3.759754512200182,-2.332862430995763
hgb_all_public_fast,20,2025,__ALL__,1135,probability,0.23234209309931772,0.0960352422907489,0.13630685080856883,-1.3957086171262527,0.7169418697714386
hgb_all_public_fast,20,2025,AMD,227,probability,0.2507334926400649,0.0881057268722467,0.16262776576781818,-1.3421733562808105,0.976189370194407
hgb_all_public_fast,20,2025,KGS,227,probability,0.2569545092335469,0.0881057268722467,0.17167915411547038,-1.4674660578042593,0.8690689108696366
hgb_all_public_fast,20,2025,KZT,227,probability,0.22590571099012774,0.07048458149779736,0.15542112949233036,-1.9918887713290334,0.46633605979897197
hgb_all_public_fast,20,2025,TJS,227,probability,0.2179159524955609,0.14977973568281938,0.08275275286492419,-0.7517421434571233,0.769802236379771
hgb_all_public_fast,20,2025,UZS,227,probability,0.21020080013728806,0.08370044052863436,0.1265003596086537,-1.4947614657387522,0.6802798111578281
hgb_base,1,2023,__ALL__,1230,probability,0.46082482944968556,0.5642276422764227,0.10340281282673716,0.3180862751814062,0.362425000330288
hgb_base,1,2023,AMD,246,probability,0.4657557626125733,0.5691056910569106,0.12856963190974294,0.2894876230458711,0.07739745583471885
hgb_base,1,2023,KGS,246,probability,0.4695041181201635,0.5650406504065041,0.09991699758485538,0.3053490239412629,0.336779893410212
hgb_base,1,2023,KZT,246,probability,0.43401001864545974,0.556910569105691,0.12860545756794206,0.3846185430426054,0.5618589501757998
hgb_base,1,2023,TJS,246,probability,0.46364655336555216,0.5691056910569106,0.1282066269547109,0.3775290166174971,0.6427418106582263
hgb_base,1,2023,UZS,246,probability,0.47120769450467936,0.5609756097560976,0.09491290611145986,0.2737643574169568,0.23587912803660513
hgb_base,1,2024,__ALL__,1235,probability,0.5880203020616199,0.5425101214574899,0.06699221903337448,-0.08715925695062471,0.7107600733930407
hgb_base,1,2024,AMD,247,probability,0.5945214100610956,0.5587044534412956,0.10091743320943371,-0.16753190031156873,1.0469697839780496
hgb_base,1,2024,KGS,247,probability,0.5855488957528735,0.562753036437247,0.0991388828128179,-0.05625432139740988,0.8840830573465854
hgb_base,1,2024,KZT,247,probability,0.581952531498571,0.5060728744939271,0.11015386532845552,0.002121541773684228,0.06498500137220393
hgb_base,1,2024,TJS,247,probability,0.5903932237346577,0.5465587044534413,0.11689527688291679,-0.11668260806616684,0.8168052167670801
hgb_base,1,2024,UZS,247,probability,0.5876854492609016,0.5384615384615384,0.0705357278487185,-0.1454429329061227,0.8306758970277388
hgb_base,1,2025,__ALL__,1230,probability,0.48280662495212173,0.4634146341463415,0.06923621882080334,-0.10151883933254989,0.6643827704322864
hgb_base,1,2025,AMD,246,probability,0.48489699733644537,0.45934959349593496,0.07736857132718673,-0.11715826246879846,0.7821436575854831
hgb_base,1,2025,KGS,246,probability,0.4848127024798075,0.4268292682926829,0.0780364035912519,-0.25215531352128745,0.7646453308494539
hgb_base,1,2025,KZT,246,probability,0.48485927881850965,0.46747967479674796,0.10860964505274175,-0.12397921676735149,0.10699037062790512
hgb_base,1,2025,TJS,246,probability,0.4863635304993882,0.5040650406504065,0.10925011449042159,0.05836614722463315,0.7481815828998168
hgb_base,1,2025,UZS,246,probability,0.4731006156264579,0.45934959349593496,0.09457119579357744,-0.06317838458154905,0.9356338663155456
hgb_base,3,2023,__ALL__,1220,probability,0.34092737256694233,0.44508196721311477,0.10415459464617242,0.7123101569263433,1.4122643097273653
hgb_base,3,2023,AMD,244,probability,0.34301454363413264,0.45901639344262296,0.11940310406470364,0.5370410933899419,1.0757405245373548
hgb_base,3,2023,KGS,244,probability,0.345346887875034,0.45491803278688525,0.1291144372141528,0.9603436748238321,1.782146741756565
hgb_base,3,2023,KZT,244,probability,0.3290181361380421,0.4098360655737705,0.09011963334085935,0.6038167959920979,1.3573481460765138
hgb_base,3,2023,TJS,244,probability,0.34288753031937846,0.45081967213114754,0.11149153269755051,0.9727953762984415,1.7963681410877153
hgb_base,3,2023,UZS,244,probability,0.34436976486812454,0.45081967213114754,0.10973637569193087,0.36420931470547635,0.8695099441257977
hgb_base,3,2024,__ALL__,1225,probability,0.48421944940911016,0.38612244897959186,0.10486760764827363,-0.389341115298726,1.2763601855203457
hgb_base,3,2024,AMD,245,probability,0.4893345445550107,0.4,0.1303422052221741,-0.3206750540562435,2.370647814271069
hgb_base,3,2024,KGS,245,probability,0.4824127461748319,0.4122448979591837,0.1265714274488953,-0.25312661076645687,1.5293497894587502
hgb_base,3,2024,KZT,245,probability,0.4798131466346778,0.3346938775510204,0.15580155757208156,-0.7091528530222946,-0.27053686169141994
hgb_base,3,2024,TJS,245,probability,0.4850899693966798,0.4,0.12845625641298933,-0.3177912874436775,1.6190182702115714
hgb_base,3,2024,UZS,245,probability,0.4844468402843507,0.3836734693877551,0.100924761994829,-0.4065690043582221,1.1665850255496004
hgb_base,3,2025,__ALL__,1220,probability,0.3414573381981409,0.28114754098360656,0.08550551014330068,0.024276559125300655,1.4829822145116474
hgb_base,3,2025,AMD,244,probability,0.34159657610008015,0.2786885245901639,0.10159304885645992,0.2852911496501538,1.920667588718276
hgb_base,3,2025,KGS,244,probability,0.3407404267402565,0.2540983606557377,0.13205588499210802,0.04327216104323458,1.7322276549661337
hgb_base,3,2025,KZT,244,probability,0.341028629816671,0.26229508196721313,0.09811644243688851,-1.016271176668311,0.026580295478689217
hgb_base,3,2025,TJS,244,probability,0.344500329412133,0.3360655737704918,0.0946911943962518,0.3358251769723398,1.590959370568538
hgb_base,3,2025,UZS,244,probability,0.3394207289215639,0.27459016393442626,0.07109018475092746,0.20708487787834245,1.7973850141271337
hgb_base,5,2023,__ALL__,1210,probability,0.2794643361443587,0.3859504132231405,0.12802725573772533,22.3088634261332,24.05848461800603
hgb_base,5,2023,AMD,242,probability,0.27981212044294834,0.3925619834710744,0.11274986302812604,13.120262390210788,14.34447475555771
hgb_base,5,2023,KGS,242,probability,0.279720460769272,0.3884297520661157,0.13755813147143633,33.05032225749462,35.45290358103187
hgb_base,5,2023,KZT,242,probability,0.27841177733924294,0.3677685950413223,0.10130232434775868,26.92544092184481,28.86249311386679
hgb_base,5,2023,TJS,242,probability,0.2796038673110745,0.3884297520661157,0.12973297587103927,27.0662032783713,29.096584664461915
hgb_base,5,2023,UZS,242,probability,0.2797734548592557,0.3925619834710744,0.11278852861181864,14.501131353011802,15.802265628713144
hgb_base,5,2024,__ALL__,1215,probability,0.45917274651006534,0.3333333333333333,0.12583941317673195,-0.5623076050901021,0.899928046224995
hgb_base,5,2024,AMD,243,probability,0.4689514473096065,0.3497942386831276,0.16730878351993606,-0.47653770159969655,1.4932810009971942
hgb_base,5,2024,KGS,243,probability,0.45301161281803193,0.37037037037037035,0.10068186643741205,-0.3883874580587554,0.7972998018526687
hgb_base,5,2024,KZT,243,probability,0.45675029868220113,0.2674897119341564,0.18926058674804472,-0.9415667835760373,0.4035646979720241
hgb_base,5,2024,TJS,243,probability,0.459763860901371,0.3497942386831276,0.13089477587818063,-0.4839905256731107,0.9319089751578867
hgb_base,5,2024,UZS,243,probability,0.457386512839116,0.3292181069958848,0.13135260009254532,-0.5708554077609506,0.9350100769473523
hgb_base,5,2025,__ALL__,1210,probability,0.2905239462256675,0.22148760330578512,0.07075819321327577,-0.615833564297547,0.7179681973066934
hgb_base,5,2025,AMD,242,probability,0.29024938696333663,0.2190082644628099,0.0950696941218441,-0.41652067119209807,0.9595895207297671
hgb_base,5,2025,KGS,242,probability,0.2910801939514505,0.2024793388429752,0.10065440563511248,-0.6879649586576934,0.7683427730328166
hgb_base,5,2025,KZT,242,probability,0.29153446247924486,0.19834710743801653,0.12817023409258163,-2.266855381823038,-0.9590226360056412
hgb_base,5,2025,TJS,242,probability,0.28967750460755787,0.2892561983471074,0.06443708681101257,0.3747168607655136,1.426005557121713
hgb_base,5,2025,UZS,242,probability,0.29007818312674766,0.19834710743801653,0.11294244012334548,-0.5573886812472251,0.9416552623267574
hgb_base,10,2023,__ALL__,1185,probability,0.10805212268692053,0.30886075949367087,0.20080863680675035,-0.028263842596924577,0.3432342155803666
hgb_base,10,2023,AMD,237,probability,0.11557869057565266,0.3333333333333333,0.22229697988143496,-0.3496521577414186,0.1574801625240119
hgb_base,10,2023,KGS,237,probability,0.11169521060750004,0.31223628691983124,0.20054107631233117,0.6496297741647358,0.6577059548023453
hgb_base,10,2023,KZT,237,probability,0.08766217847806464,0.2911392405063291,0.20347706202826443,0.20134328747233057,0.43057401360534175
hgb_base,10,2023,TJS,237,probability,0.1123125729538326,0.2911392405063291,0.17882666755249654,-0.32676859235154393,0.25595013566989827
hgb_base,10,2023,UZS,237,probability,0.1130119608195527,0.31645569620253167,0.20344373538297894,-0.32325111927993655,0.2013314691615644
hgb_base,10,2024,__ALL__,1190,probability,0.33594192213922425,0.27647058823529413,0.06638686637497498,-0.029989372303947374,1.3798484201104122
hgb_base,10,2024,AMD,238,probability,0.33575958454231397,0.29831932773109243,0.0871008574854896,0.31709479272361235,1.7385870355019715
hgb_base,10,2024,KGS,238,probability,0.333688275932339,0.3025210084033613,0.06404079237804164,0.30793846128276114,1.668154533023949
hgb_base,10,2024,KZT,238,probability,0.33864923695513194,0.21008403361344538,0.12856520334168656,-0.9488836484519242,0.5613628862853405
hgb_base,10,2024,TJS,238,probability,0.3347713670083999,0.3025210084033613,0.09006678268015458,0.26464654026277584,1.614893098739954
hgb_base,10,2024,UZS,238,probability,0.33684114625793626,0.2689075630252101,0.0920109717987275,-0.01576797242018963,1.4687111107443607
hgb_base,10,2025,__ALL__,1185,probability,0.2632365872747039,0.15274261603375527,0.11230960603862995,1.9224123416462762,3.5531009054989426
hgb_base,10,2025,AMD,237,probability,0.2654829846719676,0.1518987341772152,0.12970951174455872,3.642046077501792,5.331051608174957
hgb_base,10,2025,KGS,237,probability,0.26586941475472414,0.13924050632911392,0.12683734750862102,3.3980917538582434,5.202806317131601
hgb_base,10,2025,KZT,237,probability,0.26252733493832875,0.1308016877637131,0.13914950722361885,-3.0144071536559682,-1.0814713156220088
hgb_base,10,2025,TJS,237,probability,0.2608538723761545,0.21518987341772153,0.11601821063609877,3.704535269504283,4.82164998560264
hgb_base,10,2025,UZS,237,probability,0.2614493296323445,0.12658227848101267,0.13486705115133188,1.4079793830141505,3.2299607605788343
hgb_base,20,2023,__ALL__,1135,probability,0.04349722834548319,0.2669603524229075,0.2234631240774243,-0.8037888929261613,0.06329912493790243
hgb_base,20,2023,AMD,227,probability,0.043543413097697874,0.31718061674008813,0.27363720364239025,-0.8590340227815468,-0.0283052376798568
hgb_base,20,2023,KGS,227,probability,0.04382255423055926,0.28193832599118945,0.23811577176063015,-0.3366114071307901,0.185137580437782
hgb_base,20,2023,KZT,227,probability,0.03499420793452246,0.2422907488986784,0.20729654096415592,-0.2515980709902031,0.2567647255046529
hgb_base,20,2023,TJS,227,probability,0.04909649016524814,0.2511013215859031,0.2097494509878327,-1.016229818281032,0.024465548973057347
hgb_base,20,2023,UZS,227,probability,0.04602947629938819,0.2422907488986784,0.19755904036666866,-1.48866794974692,-0.1081936028463766
hgb_base,20,2024,__ALL__,1140,probability,0.27386188031128844,0.20350877192982456,0.07103625017400673,3.0090655277122584,4.504463093869609
hgb_base,20,2024,AMD,228,probability,0.27260658725142645,0.22807017543859648,0.08012039502773091,4.158423187056646,5.507946397104465
hgb_base,20,2024,KGS,228,probability,0.2732911223765092,0.22807017543859648,0.08579794378737156,4.584736627033814,5.964831537089245
hgb_base,20,2024,KZT,228,probability,0.27466311263892185,0.16228070175438597,0.13380942891696326,2.736709025506114,4.533056125542075
hgb_base,20,2024,TJS,228,probability,0.27375396834749066,0.20175438596491227,0.10666292325520658,4.182721521387667,5.727562296249806
hgb_base,20,2024,UZS,228,probability,0.2749946109420941,0.19736842105263158,0.09195018031492905,-0.16021196498563395,1.2827125869708933
hgb_base,20,2025,__ALL__,1135,probability,0.31274099539101274,0.0960352422907489,0.21670575310026388,-1.9473707856684057,0.37645343013323773
hgb_base,20,2025,AMD,227,probability,0.32956411319400736,0.0881057268722467,0.25731638133890844,-2.0206616458773445,0.47115115798214513
hgb_base,20,2025,KGS,227,probability,0.33662786768207154,0.0881057268722467,0.28260107647528254,-2.183258014605368,0.21680293037906231
hgb_base,20,2025,KZT,227,probability,0.3221065211455355,0.07048458149779736,0.25162193964773805,-2.429508191605263,0.19455608849407052
hgb_base,20,2025,TJS,227,probability,0.29129000969854046,0.14977973568281938,0.14669631909565525,-0.9087546299258655,0.9775389481883449
hgb_base,20,2025,UZS,227,probability,0.2841164652349089,0.08370044052863436,0.20041602470627454,-2.1052765457281954,0.308178900537615
hgb_cnyrub_basis_stump,5,2023,__ALL__,1210,probability,0.2835252147254698,0.3859504132231405,0.1364837219290386,1.5610652510735328,2.2070235141644163
hgb_cnyrub_basis_stump,5,2023,AMD,242,probability,0.28512835169410045,0.3925619834710744,0.15226141136223276,1.3362939770175009,1.9280445284203986
hgb_cnyrub_basis_stump,5,2023,KGS,242,probability,0.2877627930449309,0.3884297520661157,0.12810225868166114,1.6832903879079828,2.3960477570427123
hgb_cnyrub_basis_stump,5,2023,KZT,242,probability,0.270169020472805,0.3677685950413223,0.15215925842420833,1.654779183381607,2.2431463130330918
hgb_cnyrub_basis_stump,5,2023,TJS,242,probability,0.2868291559935026,0.3884297520661157,0.13764016957025976,1.6752023947182089,2.3712732624522714
hgb_cnyrub_basis_stump,5,2023,UZS,242,probability,0.28773675242201013,0.3925619834710744,0.13889213212356857,1.5036991016405585,2.156470849132807
hgb_cnyrub_basis_stump,5,2024,__ALL__,1215,probability,0.3610074648524467,0.3333333333333333,0.060610526819185495,-0.17974903790608845,0.926786416840204
hgb_cnyrub_basis_stump,5,2024,AMD,243,probability,0.36205241661742255,0.3497942386831276,0.09067216861189183,-0.09558772359255141,0.9349474471035105
hgb_cnyrub_basis_stump,5,2024,KGS,243,probability,0.36326729059679325,0.37037037037037035,0.07021009877062492,-0.00904592933643758,0.9110435430367849
hgb_cnyrub_basis_stump,5,2024,KZT,243,probability,0.35688466449454453,0.2674897119341564,0.11411945060484092,-0.596493567589779,0.7458501874126402
hgb_cnyrub_basis_stump,5,2024,TJS,243,probability,0.3619373568370945,0.3497942386831276,0.056424250139838185,-0.08477554731036323,0.9559826220000728
hgb_cnyrub_basis_stump,5,2024,UZS,243,probability,0.3608955957163785,0.3292181069958848,0.07050150003532858,-0.12050811817404992,1.1067164051158505
hgb_cnyrub_basis_stump,5,2025,__ALL__,1210,probability,0.25765795865046726,0.22148760330578512,0.0639123922974182,-0.42650960310520236,0.7757588634622594
hgb_cnyrub_basis_stump,5,2025,AMD,242,probability,0.26196579620374044,0.2190082644628099,0.09200023087966167,-0.41720010511354466,0.8270024277443175
hgb_cnyrub_basis_stump,5,2025,KGS,242,probability,0.2602054019166145,0.2024793388429752,0.0862092425517671,-0.4550115885416634,0.9005523678475023
hgb_cnyrub_basis_stump,5,2025,KZT,242,probability,0.25210940447174235,0.19834710743801653,0.09111007010310089,-0.680006856169813,0.6408660382187783
hgb_cnyrub_basis_stump,5,2025,TJS,242,probability,0.25871144495461573,0.2892561983471074,0.08718035185479378,-0.15607673419374535,0.6608374972197406
hgb_cnyrub_basis_stump,5,2025,UZS,242,probability,0.25529774570562314,0.19834710743801653,0.08064075708721961,-0.43481828093682146,0.9249183551096921
hgb_cnyrub_spot_stump,5,2023,__ALL__,1210,probability,0.3355624240685322,0.3859504132231405,0.11158105372762472,0.9421207298139912,2.1327853692587047
hgb_cnyrub_spot_stump,5,2023,AMD,242,probability,0.33824536710167424,0.3925619834710744,0.09856874017617606,0.8859452424426703,2.025563137234847
hgb_cnyrub_spot_stump,5,2023,KGS,242,probability,0.3420524761734672,0.3884297520661157,0.13058358543881668,1.0941929466156717,2.4994995805663196
hgb_cnyrub_spot_stump,5,2023,KZT,242,probability,0.31351811823306863,0.3677685950413223,0.11982519020549044,0.9887491930723898,2.0052635811972186
hgb_cnyrub_spot_stump,5,2023,TJS,242,probability,0.3430324629790226,0.3884297520661157,0.12157227175637202,0.9124422920657039,2.1944683510106646
hgb_cnyrub_spot_stump,5,2023,UZS,242,probability,0.3409636958554282,0.3925619834710744,0.10280014705378755,0.8759871992450153,2.0536474604789885
hgb_cnyrub_spot_stump,5,2024,__ALL__,1215,probability,0.4090526874301931,0.3333333333333333,0.09607835177503815,-0.4815935989861212,0.6081820242476823
hgb_cnyrub_spot_stump,5,2024,AMD,243,probability,0.4097099079422658,0.3497942386831276,0.11009868448688996,-0.4021431541910091,0.6217070469682834
hgb_cnyrub_spot_stump,5,2024,KGS,243,probability,0.40873591745386023,0.37037037037037035,0.08814896384365023,-0.2825950010971339,0.6844503701376811
hgb_cnyrub_spot_stump,5,2024,KZT,243,probability,0.4072230605084525,0.2674897119341564,0.17299524375720562,-0.8628604795759959,0.40310606672227794
hgb_cnyrub_spot_stump,5,2024,TJS,243,probability,0.40874934085741726,0.3497942386831276,0.08724111063975602,-0.40588226846180264,0.5949141397451984
hgb_cnyrub_spot_stump,5,2024,UZS,243,probability,0.41084521038896965,0.3292181069958848,0.09968475401473424,-0.4738820026810387,0.740475550548057
hgb_cnyrub_spot_stump,5,2025,__ALL__,1210,probability,0.28579320033551303,0.22148760330578512,0.0657575105593476,-0.5660230180932033,0.7552728369044651
hgb_cnyrub_spot_stump,5,2025,AMD,242,probability,0.2901753883248605,0.2190082644628099,0.08014149153213043,-0.5053772027455543,0.8738918379734943
hgb_cnyrub_spot_stump,5,2025,KGS,242,probability,0.2917348962796193,0.2024793388429752,0.09376719350658526,-0.5443983704104083,0.9739967869836788
hgb_cnyrub_spot_stump,5,2025,KZT,242,probability,0.28441696989928944,0.19834710743801653,0.10856582958522548,-0.9016616257213755,0.5238165066461082
hgb_cnyrub_spot_stump,5,2025,TJS,242,probability,0.2800700300886383,0.2892561983471074,0.05380241131563177,-0.31744745414743875,0.5920098045047469
hgb_cnyrub_spot_stump,5,2025,UZS,242,probability,0.2825687170851575,0.19834710743801653,0.10075640837702007,-0.551208220599654,0.9385462032146417
hgb_contract_market_leaf100,5,2023,__ALL__,1210,probability,0.3168934107767831,0.3859504132231405,0.07886980348307461,0.4308603430235574,1.1234513576522305
hgb_contract_market_leaf100,5,2023,AMD,242,probability,0.31935577200913023,0.3925619834710744,0.10145385853755201,0.35986070982089663,1.0030061668510297
hgb_contract_market_leaf100,5,2023,KGS,242,probability,0.32200775630333694,0.3884297520661157,0.08198529603065267,0.5183809093989212,1.2688588948808264
hgb_contract_market_leaf100,5,2023,KZT,242,probability,0.29921925568710106,0.3677685950413223,0.07480621791264756,0.4836033623190991,1.1723261543087882
hgb_contract_market_leaf100,5,2023,TJS,242,probability,0.32064883201130406,0.3884297520661157,0.09405403905305554,0.4539890586391356,1.1674606374116334
hgb_contract_market_leaf100,5,2023,UZS,242,probability,0.32323543787304326,0.3925619834710744,0.10208235754858878,0.35870837116883914,1.030961662353967
hgb_contract_market_leaf100,5,2024,__ALL__,1215,probability,0.4830202199974518,0.3333333333333333,0.1871059929654853,-0.6905525634066727,0.4038487141262567
hgb_contract_market_leaf100,5,2024,AMD,243,probability,0.4813386679964181,0.3497942386831276,0.163263863445309,-0.612554694524245,0.42740318435551633
hgb_contract_market_leaf100,5,2024,KGS,243,probability,0.4821379787840925,0.37037037037037035,0.17708177626723076,-0.5179002898814756,0.35764473477325204
hgb_contract_market_leaf100,5,2024,KZT,243,probability,0.48322899722216067,0.2674897119341564,0.2358693024764095,-1.0035440049879973,0.26745236777829784
hgb_contract_market_leaf100,5,2024,TJS,243,probability,0.48237870666051463,0.3497942386831276,0.16161164649684837,-0.6134311113937149,0.413726169323737
hgb_contract_market_leaf100,5,2024,UZS,243,probability,0.4860167493240729,0.3292181069958848,0.1947772310143004,-0.7342599191262236,0.555424119027045
hgb_contract_market_leaf100,5,2025,__ALL__,1210,probability,0.2831437486425492,0.22148760330578512,0.06631436826004057,-0.48698258534730404,0.8377929264799666
hgb_contract_market_leaf100,5,2025,AMD,242,probability,0.2814108976768782,0.2190082644628099,0.08196641234482305,-0.4023053960560215,0.9507504061698059
hgb_contract_market_leaf100,5,2025,KGS,242,probability,0.2962705113517231,0.2024793388429752,0.10214799152009635,-0.5845152125854052,0.950805702143848
hgb_contract_market_leaf100,5,2025,KZT,242,probability,0.2811559206523133,0.19834710743801653,0.08280881321429688,-0.625541597264258,0.8383926174281511
hgb_contract_market_leaf100,5,2025,TJS,242,probability,0.2799847310899247,0.2892561983471074,0.08710458886865091,-0.3676012894074986,0.5401516474020396
hgb_contract_market_leaf100,5,2025,UZS,242,probability,0.2768966824419064,0.19834710743801653,0.0882559261678784,-0.40377296798039725,1.0808710615215367
hgb_full_research,1,2023,__ALL__,1230,probability,0.5156493506875602,0.5642276422764227,0.08386744707541835,0.21392742167983467,1.5308715616039583
hgb_full_research,1,2023,AMD,246,probability,0.514757980509089,0.5691056910569106,0.08090342111729379,0.24880835949228242,1.4159329595068326
hgb_full_research,1,2023,KGS,246,probability,0.5149606525924073,0.5650406504065041,0.11885390352256026,0.215966929072166,1.8563345155664304
hgb_full_research,1,2023,KZT,246,probability,0.5166466614308136,0.556910569105691,0.061635954768232366,0.1829073234780749,1.1205146729725146
hgb_full_research,1,2023,TJS,246,probability,0.5153539179183895,0.5691056910569106,0.11099212402719624,0.2397734276486385,1.7912769371991326
hgb_full_research,1,2023,UZS,246,probability,0.5165275409871013,0.5609756097560976,0.09408159058228957,0.1867703228891214,1.6026277867256666
hgb_full_research,1,2024,__ALL__,1235,probability,0.46998842309087013,0.5425101214574899,0.07252169836661969,0.3916091936046185,0.9684752808496262
hgb_full_research,1,2024,AMD,247,probability,0.48642302227223927,0.5587044534412956,0.07939572773990547,0.3913084005689913,0.9655966865604207
hgb_full_research,1,2024,KGS,247,probability,0.4580468524920943,0.562753036437247,0.10470618394515256,0.5900103793662579,1.0402792324516956
hgb_full_research,1,2024,KZT,247,probability,0.4453128128044726,0.5060728744939271,0.08429848995092026,0.29159498245012494,0.8461939199580368
hgb_full_research,1,2024,TJS,247,probability,0.49225656412579205,0.5465587044534413,0.08748825427069727,0.30937197608561795,1.089722519289565
hgb_full_research,1,2024,UZS,247,probability,0.4679028637597525,0.5384615384615384,0.07463318042889973,0.37377405604480485,0.9388204232866292
hgb_full_research,1,2025,__ALL__,1230,probability,0.47373366761165114,0.4634146341463415,0.045464594041916,-0.07439433190906436,0.7439333061332911
hgb_full_research,1,2025,AMD,246,probability,0.46734675613832194,0.45934959349593496,0.06544373738581023,-0.06713857154427225,0.7709180468608249
hgb_full_research,1,2025,KGS,246,probability,0.47797383015964656,0.4268292682926829,0.10670416953209108,-0.26618838579129384,0.7756734401229575
hgb_full_research,1,2025,KZT,246,probability,0.4793961835263771,0.46747967479674796,0.09477029616173818,-0.08580922566170038,0.6206155831337601
hgb_full_research,1,2025,TJS,246,probability,0.49169277677804407,0.5040650406504065,0.10011857317733594,0.04312846890052083,0.6487650193643776
hgb_full_research,1,2025,UZS,246,probability,0.45225879145586617,0.45934959349593496,0.09275364983348083,0.02574770222554306,0.9346218941976522
hgb_full_research,3,2023,__ALL__,1220,probability,0.33924045356701843,0.44508196721311477,0.1329605268834191,1.0325143267059904,1.8349490008472336
hgb_full_research,3,2023,AMD,244,probability,0.3396609733183812,0.45901639344262296,0.14930315318979556,1.0152538426184397,1.714163700361549
hgb_full_research,3,2023,KGS,244,probability,0.3399943553260817,0.45491803278688525,0.14731444448645964,1.1934236529122935,2.015206048117129
hgb_full_research,3,2023,KZT,244,probability,0.33688490874524185,0.4098360655737705,0.09116989131766465,0.6932043776608176,1.546143620785972
hgb_full_research,3,2023,TJS,244,probability,0.3400282993958223,0.45081967213114754,0.14905849448085706,1.1636437460260347,2.0020961924548306
hgb_full_research,3,2023,UZS,244,probability,0.33963373104956507,0.45081967213114754,0.15732083983962172,1.1118033727412087,1.9170184026914854
hgb_full_research,3,2024,__ALL__,1225,probability,0.3797016407732117,0.38612244897959186,0.08089419614025792,-0.09195909698568862,0.6902955457464784
hgb_full_research,3,2024,AMD,245,probability,0.38435181046106376,0.4,0.10468397073767464,-0.03733693696786874,0.7051483569039066
hgb_full_research,3,2024,KGS,245,probability,0.37683642398775213,0.4122448979591837,0.0957756141871807,0.031675483228923676,0.6738184333208292
hgb_full_research,3,2024,KZT,245,probability,0.37071937271643496,0.3346938775510204,0.07372794211714985,-0.33945583606504465,0.6172965844316799
hgb_full_research,3,2024,TJS,245,probability,0.3873557481531576,0.4,0.08763999321679608,-0.03840524715802476,0.7289134147617843
hgb_full_research,3,2024,UZS,245,probability,0.3792448485476504,0.3836734693877551,0.08398052222495413,-0.08689341485446514,0.7243803012272374
hgb_full_research,3,2025,__ALL__,1220,probability,0.3383369224195651,0.28114754098360656,0.05824659630917275,-0.3181091542350087,0.971664074328791
hgb_full_research,3,2025,AMD,244,probability,0.3344747032063547,0.2786885245901639,0.07408016351172392,-0.26582200470944006,1.0596642056236698
hgb_full_research,3,2025,KGS,244,probability,0.3460983223464664,0.2540983606557377,0.09199996169072872,-0.5000788682327357,0.9991251803942707
hgb_full_research,3,2025,KZT,244,probability,0.3362823384923437,0.26229508196721313,0.08450427216546957,-0.4464718769651404,0.9142706941935315
hgb_full_research,3,2025,TJS,244,probability,0.34602136965364594,0.3360655737704918,0.06760871993932728,-0.18481152061672518,0.7673279464902903
hgb_full_research,3,2025,UZS,244,probability,0.32880787839901493,0.27459016393442626,0.07476407435496404,-0.1801509516882351,1.1873744109025468
hgb_full_research,5,2023,__ALL__,1210,probability,0.3347351460340911,0.3859504132231405,0.09696275949422709,0.4289125224061251,1.280565798623711
hgb_full_research,5,2023,AMD,242,probability,0.3365218817732138,0.3925619834710744,0.10275240213796467,0.2923419255650943,1.0370148738406975
hgb_full_research,5,2023,KGS,242,probability,0.339566483662742,0.3884297520661157,0.09140507211559729,0.5302000103766453,1.4756016953929094
hgb_full_research,5,2023,KZT,242,probability,0.31691634243711053,0.3677685950413223,0.10667747533865987,0.43567923129961006,1.2585002283614888
hgb_full_research,5,2023,TJS,242,probability,0.34086482656603195,0.3884297520661157,0.07938227753033078,0.49430282464865827,1.4310465462873194
hgb_full_research,5,2023,UZS,242,probability,0.3398061957313572,0.3925619834710744,0.09446397736564976,0.40511598324204995,1.2417012886851175
hgb_full_research,5,2024,__ALL__,1215,probability,0.39704043908723347,0.3333333333333333,0.12111087922566666,-0.5239055674807999,0.37559351012565056
hgb_full_research,5,2024,AMD,243,probability,0.3989247870671309,0.3497942386831276,0.11096456071291637,-0.44674875955518856,0.3890090347210238
hgb_full_research,5,2024,KGS,243,probability,0.39710732080236166,0.37037037037037035,0.11699570241929572,-0.366700153581485,0.3521904251916191
hgb_full_research,5,2024,KZT,243,probability,0.39299397795187296,0.2674897119341564,0.15262270253259402,-0.8732243140035694,0.2868453552887414
hgb_full_research,5,2024,TJS,243,probability,0.398148335075406,0.3497942386831276,0.12999248912130015,-0.46373006370400716,0.34321051983152917
hgb_full_research,5,2024,UZS,243,probability,0.3980277745393957,0.3292181069958848,0.10936815261187811,-0.4976638205308922,0.504360269612927
hgb_full_research,5,2025,__ALL__,1210,probability,0.2845297036507565,0.22148760330578512,0.0630421003449714,-0.5358263330351617,0.7895475793075429
hgb_full_research,5,2025,AMD,242,probability,0.27876529516352966,0.2190082644628099,0.062414466059429775,-0.49450443474171357,0.8277960735574798
hgb_full_research,5,2025,KGS,242,probability,0.29143084188176904,0.2024793388429752,0.09969095506136512,-0.636395974563044,0.8559778103317188
hgb_full_research,5,2025,KZT,242,probability,0.2817278626511303,0.19834710743801653,0.08545894819531691,-0.6052570361099626,0.8744174339140709
hgb_full_research,5,2025,TJS,242,probability,0.29012519489124305,0.2892561983471074,0.057087591532749934,-0.4192207182149904,0.5111607557460078
hgb_full_research,5,2025,UZS,242,probability,0.2805993236661107,0.19834710743801653,0.0822522162280941,-0.5140738278068662,0.9781413954899985
hgb_full_research,10,2023,__ALL__,1185,probability,0.2270532294509452,0.30886075949367087,0.12149716107497305,-0.08197065990611101,0.5795289908878825
hgb_full_research,10,2023,AMD,237,probability,0.2297966202953995,0.3333333333333333,0.15477601722542939,-0.1282128137545201,0.4566568012962747
hgb_full_research,10,2023,KGS,237,probability,0.22933339339527345,0.31223628691983124,0.13319642170788296,0.15576196604557646,0.7688400837419592
hgb_full_research,10,2023,KZT,237,probability,0.21489834559561105,0.2911392405063291,0.11058037332106403,-0.13162591298668364,0.5740719535535838
hgb_full_research,10,2023,TJS,237,probability,0.2306412407629106,0.2911392405063291,0.10279797175421047,-0.05453980502423887,0.683316558997023
hgb_full_research,10,2023,UZS,237,probability,0.23059654720553127,0.31645569620253167,0.1471486387363249,-0.2552504339829204,0.41764221951078434
hgb_full_research,10,2024,__ALL__,1190,probability,0.3870744183521013,0.27647058823529413,0.1376782125971249,-0.8880107831849265,0.1512395734982909
hgb_full_research,10,2024,AMD,238,probability,0.38632135392593886,0.29831932773109243,0.12002926782745033,-0.7271840487678173,0.2643319717205616
hgb_full_research,10,2024,KGS,238,probability,0.38630242352320887,0.3025210084033613,0.13765398027350714,-0.8111670959556182,0.04806422605932968
hgb_full_research,10,2024,KZT,238,probability,0.38669166066275595,0.21008403361344538,0.17660762704931054,-1.2806542584455305,0.0892695652166759
hgb_full_research,10,2024,TJS,238,probability,0.38709380185323206,0.3025210084033613,0.12970452796586282,-0.7807025821348722,0.11052161593122643
hgb_full_research,10,2024,UZS,238,probability,0.3889628517953708,0.2689075630252101,0.14454404493550302,-0.8883689734689902,0.23715477626562123
hgb_full_research,10,2025,__ALL__,1185,probability,0.2567594589499925,0.15274261603375527,0.10401684291623729,-0.666003948691261,1.034358079040595
hgb_full_research,10,2025,AMD,237,probability,0.2593718678391411,0.1518987341772152,0.1074731336619259,-0.5951514711347284,1.145413294344573
hgb_full_research,10,2025,KGS,237,probability,0.26830657496129834,0.13924050632911392,0.12906606863218445,-0.7311679386569802,1.188104707715823
hgb_full_research,10,2025,KZT,237,probability,0.2557500070022936,0.1308016877637131,0.12494831923858055,-0.8517431299612525,1.03739933499912
hgb_full_research,10,2025,TJS,237,probability,0.24479779662498571,0.21518987341772153,0.09522624739683248,-0.39774688621222454,0.7887070569179272
hgb_full_research,10,2025,UZS,237,probability,0.2555710483222439,0.12658227848101267,0.12898876984123128,-0.6242046330352334,1.3528664668018424
hgb_full_research,20,2023,__ALL__,1135,probability,0.13655958210189875,0.2669603524229075,0.1465518482119556,-0.37005068442767836,0.34239166326427295
hgb_full_research,20,2023,AMD,227,probability,0.13764170977391674,0.31718061674008813,0.21507080887163757,-0.534864996530093,0.12428881443425356
hgb_full_research,20,2023,KGS,227,probability,0.1371470436330733,0.28193832599118945,0.152803968490765,-0.16991457903109086,0.4106391217986525
hgb_full_research,20,2023,KZT,227,probability,0.13116819327917006,0.2422907488986784,0.1263291902522734,-0.15184282184952308,0.5169213813477352
hgb_full_research,20,2023,TJS,227,probability,0.1386060814514818,0.2511013215859031,0.13782160515441363,-0.5995900638850123,0.26640451164572604
hgb_full_research,20,2023,UZS,227,probability,0.1382348823718519,0.2422907488986784,0.13468428738324784,-0.4113987121667857,0.393241908817676
hgb_full_research,20,2024,__ALL__,1140,probability,0.35223666625018274,0.20350877192982456,0.17628630468329148,-1.4029613665152283,-0.05657126087255808
hgb_full_research,20,2024,AMD,228,probability,0.3504250330010015,0.22807017543859648,0.17308710396279758,-1.3521068269035954,-0.1908468139275455
hgb_full_research,20,2024,KGS,228,probability,0.35051862956531565,0.22807017543859648,0.16727489850493416,-1.2990776345594852,-0.11618224686590738
hgb_full_research,20,2024,KZT,228,probability,0.35217100727466166,0.16228070175438597,0.22175389555771355,-1.7571217411253672,-0.1687047315078999
hgb_full_research,20,2024,TJS,228,probability,0.3521554126920898,0.20175438596491227,0.19128375026372532,-1.3789287239199561,-0.005355487904281152
hgb_full_research,20,2024,UZS,228,probability,0.3559132487178452,0.19736842105263158,0.17814442171784692,-1.2628013613204774,0.2260788920136015
hgb_full_research,20,2025,__ALL__,1135,probability,0.2030050902526191,0.0960352422907489,0.10706681594244334,34.40637183566669,26.853750253420994
hgb_full_research,20,2025,AMD,227,probability,0.20313143997287478,0.0881057268722467,0.11502571310062812,38.75134266749607,30.13687259049693
hgb_full_research,20,2025,KGS,227,probability,0.20333846210504983,0.0881057268722467,0.11523273523280314,31.61601220393937,24.919779425387265
hgb_full_research,20,2025,KZT,227,probability,0.20306559412582242,0.07048458149779736,0.13258101262802507,-0.8976444978702666,1.2306963310253687
hgb_full_research,20,2025,TJS,227,probability,0.20281167162171468,0.14977973568281938,0.10189368042298322,45.68783661248866,34.712791101623296
hgb_full_research,20,2025,UZS,227,probability,0.20267828343763364,0.08370044052863436,0.13253238326584235,55.31043628288839,42.26068595974789
hgb_plus_cnyrub_basis,1,2023,__ALL__,1230,probability,0.5014175286561386,0.5642276422764227,0.13652440035475624,0.2978210372313205,2.0509903641347638
hgb_plus_cnyrub_basis,1,2023,AMD,246,probability,0.5014486493709207,0.5691056910569106,0.12806553340909227,0.31908201482552045,1.8814019543537557
hgb_plus_cnyrub_basis,1,2023,KGS,246,probability,0.503464397888906,0.5650406504065041,0.1469398608217048,0.28760155960673445,2.4308056114368193
hgb_plus_cnyrub_basis,1,2023,KZT,246,probability,0.49878925125705526,0.556910569105691,0.10618857790699585,0.26983023328683764,1.5861372910321054
hgb_plus_cnyrub_basis,1,2023,TJS,246,probability,0.5006393324619625,0.5691056910569106,0.1519779681321198,0.33938835137957524,2.325974146178268
hgb_plus_cnyrub_basis,1,2023,UZS,246,probability,0.5027460123018489,0.5609756097560976,0.1507622550460632,0.2690962839370168,2.1620683947920867
hgb_plus_cnyrub_basis,1,2024,__ALL__,1235,probability,0.5326507446055557,0.5425101214574899,0.049223284511098475,0.05416749064480683,0.9597826269692356
hgb_plus_cnyrub_basis,1,2024,AMD,247,probability,0.5337577098767248,0.5587044534412956,0.07363741627866033,0.13469331817547217,0.8865962005479504
hgb_plus_cnyrub_basis,1,2024,KGS,247,probability,0.534901461365307,0.562753036437247,0.08346661937735163,0.14755187880119905,1.041759278891844
hgb_plus_cnyrub_basis,1,2024,KZT,247,probability,0.5231205393469067,0.5060728744939271,0.09975387819460385,-0.06957834521474146,0.7814280155286145
hgb_plus_cnyrub_basis,1,2024,TJS,247,probability,0.5345647936195188,0.5465587044534413,0.08072611398651287,0.05796995675282286,1.1203917214782535
hgb_plus_cnyrub_basis,1,2024,UZS,247,probability,0.5369092188193214,0.5384615384615384,0.04187435880509412,0.007782550616213545,1.011357509636414
hgb_plus_cnyrub_basis,1,2025,__ALL__,1230,probability,0.45445850749359434,0.4634146341463415,0.06646072385023456,0.016396847263154744,0.8256094652474819
hgb_plus_cnyrub_basis,1,2025,AMD,246,probability,0.4523552220628265,0.45934959349593496,0.05732354286773789,0.014717304641571007,0.8739038641382112
hgb_plus_cnyrub_basis,1,2025,KGS,246,probability,0.4494961097361631,0.4268292682926829,0.07175907354605833,-0.13530489480664068,0.8943300649458372
hgb_plus_cnyrub_basis,1,2025,KZT,246,probability,0.4589067610119605,0.46747967479674796,0.11295310954840643,-0.015788086210330062,0.6485798013737232
hgb_plus_cnyrub_basis,1,2025,TJS,246,probability,0.4597309954698731,0.5040650406504065,0.09411478939532533,0.1876376175921977,0.7913811776621046
hgb_plus_cnyrub_basis,1,2025,UZS,246,probability,0.4518034491871484,0.45934959349593496,0.04743066939640142,0.030353265195176813,0.9476909261820421
hgb_plus_cnyrub_basis,3,2023,__ALL__,1220,probability,0.33575098056126157,0.44508196721311477,0.13261704188803736,1.1375614902795201,1.9223702941704548
hgb_plus_cnyrub_basis,3,2023,AMD,244,probability,0.3355092607530849,0.45901639344262296,0.14569808331675843,1.018665698114864,1.6497530391889892
hgb_plus_cnyrub_basis,3,2023,KGS,244,probability,0.34311863532883186,0.45491803278688525,0.14442882047706385,1.2471054118601663,2.1163249695128368
hgb_plus_cnyrub_basis,3,2023,KZT,244,probability,0.32138857942561805,0.4098360655737705,0.10704380873142436,1.007841557334456,1.8068861627877173
hgb_plus_cnyrub_basis,3,2023,TJS,244,probability,0.33576256718799546,0.45081967213114754,0.15209071129615598,1.256991966452909,2.0520165305854996
hgb_plus_cnyrub_basis,3,2023,UZS,244,probability,0.34297586011077735,0.45081967213114754,0.1451994610918145,1.1566704620404442,2.0121378943437422
hgb_plus_cnyrub_basis,3,2024,__ALL__,1225,probability,0.4533621945988122,0.38612244897959186,0.07433656550524848,-0.35505052827942635,0.8310760929971752
hgb_plus_cnyrub_basis,3,2024,AMD,245,probability,0.4510475308200688,0.4,0.07064388831138005,-0.27940716756517187,0.828258254642714
hgb_plus_cnyrub_basis,3,2024,KGS,245,probability,0.4569713456066384,0.4122448979591837,0.06444265709194912,-0.2396804316728254,0.8747880708275296
hgb_plus_cnyrub_basis,3,2024,KZT,245,probability,0.44800354804081327,0.3346938775510204,0.12049780743840026,-0.5865152798070535,0.7482601620976692
hgb_plus_cnyrub_basis,3,2024,TJS,245,probability,0.45841286815110244,0.4,0.06165794630187504,-0.3083471498985297,0.833772306457785
hgb_plus_cnyrub_basis,3,2024,UZS,245,probability,0.45237568037543835,0.3836734693877551,0.09450296247890447,-0.3609202837938739,0.8615509802776972
hgb_plus_cnyrub_basis,3,2025,__ALL__,1220,probability,0.2959630339234033,0.28114754098360656,0.07396954824776979,-0.1548440977245023,0.9034296205399502
hgb_plus_cnyrub_basis,3,2025,AMD,244,probability,0.29117507399848264,0.2786885245901639,0.09415941008621488,-0.10450012250250786,0.9564612520437099
hgb_plus_cnyrub_basis,3,2025,KGS,244,probability,0.2900415188274144,0.2540983606557377,0.08536586099177321,-0.23970498935479764,0.9615073770899684
hgb_plus_cnyrub_basis,3,2025,KZT,244,probability,0.29729520123433645,0.26229508196721313,0.07940958856361449,-0.406820779441294,0.7172680451038939
hgb_plus_cnyrub_basis,3,2025,TJS,244,probability,0.3057678214057885,0.3360655737704918,0.0907270166858592,0.05920737249229545,0.8618822041522175
hgb_plus_cnyrub_basis,3,2025,UZS,244,probability,0.2955355541509943,0.27459016393442626,0.052305923460840315,-0.08523645040015249,1.0462869625203128
hgb_plus_cnyrub_basis,5,2023,__ALL__,1210,probability,0.2758528863833184,0.3859504132231405,0.1277777703628387,1.4745958872516642,1.976787598245473
hgb_plus_cnyrub_basis,5,2023,AMD,242,probability,0.2781781746360327,0.3925619834710744,0.15262448221946878,1.1922997065329803,1.667538900977627
hgb_plus_cnyrub_basis,5,2023,KGS,242,probability,0.2822190031339568,0.3884297520661157,0.14341624147921245,1.6829559798382085,2.2676223458593308
hgb_plus_cnyrub_basis,5,2023,KZT,242,probability,0.25815620451563626,0.3677685950413223,0.13983929330625153,1.799222506143567,2.192974910098283
hgb_plus_cnyrub_basis,5,2023,TJS,242,probability,0.27932221658777234,0.3884297520661157,0.14576595143113943,1.5108765876038797,2.0437373893050146
hgb_plus_cnyrub_basis,5,2023,UZS,242,probability,0.2813888330431938,0.3925619834710744,0.133454517057509,1.3249999202024527,1.8449652973476474
hgb_plus_cnyrub_basis,5,2024,__ALL__,1215,probability,0.3984343655812067,0.3333333333333333,0.0651010322478734,-0.3686359376475762,0.8921727174407512
hgb_plus_cnyrub_basis,5,2024,AMD,243,probability,0.4001707777161117,0.3497942386831276,0.06818876084747781,-0.2890480669203918,0.9055338249006875
hgb_plus_cnyrub_basis,5,2024,KGS,243,probability,0.40142446475911453,0.37037037037037035,0.054496371617756285,-0.19155448516304532,0.8993936794174112
hgb_plus_cnyrub_basis,5,2024,KZT,243,probability,0.3946012247338554,0.2674897119341564,0.13376583586542373,-0.7327468966843803,0.7483860335908199
hgb_plus_cnyrub_basis,5,2024,TJS,243,probability,0.4014985863195904,0.3497942386831276,0.08318352677007691,-0.29949406619941277,0.885835987536606
hgb_plus_cnyrub_basis,5,2024,UZS,243,probability,0.3944767743773616,0.3292181069958848,0.08869857368639045,-0.3431405687462296,1.005889315281033
hgb_plus_cnyrub_basis,5,2025,__ALL__,1210,probability,0.2418388361241191,0.22148760330578512,0.044676150080107224,-0.3745644275620522,0.7526847606477025
hgb_plus_cnyrub_basis,5,2025,AMD,242,probability,0.24000268647589101,0.2190082644628099,0.09536126914816313,-0.3112123692872905,0.8216585616599124
hgb_plus_cnyrub_basis,5,2025,KGS,242,probability,0.23991177415296303,0.2024793388429752,0.07985615900712908,-0.42082886601228475,0.820747588041358
hgb_plus_cnyrub_basis,5,2025,KZT,242,probability,0.2413799964527297,0.19834710743801653,0.08132342484228704,-0.6335744879136769,0.6468240635166924
hgb_plus_cnyrub_basis,5,2025,TJS,242,probability,0.24272050718932256,0.2892561983471074,0.07071861016079736,-0.10763299394217397,0.6436613588300932
hgb_plus_cnyrub_basis,5,2025,UZS,242,probability,0.24517921634968912,0.19834710743801653,0.06748411355029879,-0.3962089115944146,0.9046188354182807
hgb_plus_cnyrub_basis,10,2023,__ALL__,1185,probability,0.22067257488435427,0.30886075949367087,0.10957425875601547,1.4071217765439945,1.7592567238304166
hgb_plus_cnyrub_basis,10,2023,AMD,237,probability,0.22559461440805784,0.3333333333333333,0.13089199962810028,1.3510671112964776,1.6508940078744259
hgb_plus_cnyrub_basis,10,2023,KGS,237,probability,0.22408754355415902,0.31223628691983124,0.13422199169766239,1.8826304659388324,2.1771119425625014
hgb_plus_cnyrub_basis,10,2023,KZT,237,probability,0.20335147424064728,0.2911392405063291,0.1133431431780114,1.7523981484875637,1.9473815069675098
hgb_plus_cnyrub_basis,10,2023,TJS,237,probability,0.22615482820902716,0.2911392405063291,0.11468586357200244,1.0742840217463099,1.6052769539917608
hgb_plus_cnyrub_basis,10,2023,UZS,237,probability,0.22417441400988009,0.31645569620253167,0.10845838038557877,1.1575422582483157,1.549824767249682
hgb_plus_cnyrub_basis,10,2024,__ALL__,1190,probability,0.315035569609036,0.27647058823529413,0.04347553559072759,-0.32762105187634477,0.8213474601494247
hgb_plus_cnyrub_basis,10,2024,AMD,238,probability,0.3132131476719619,0.29831932773109243,0.05222247535654335,-0.16082070406303717,0.8812826765321934
hgb_plus_cnyrub_basis,10,2024,KGS,238,probability,0.3106653044077585,0.3025210084033613,0.08213976578088,-0.18714194550640623,0.797250168819599
hgb_plus_cnyrub_basis,10,2024,KZT,238,probability,0.32085977241544966,0.21008403361344538,0.11857903580476892,-0.7872117364115292,0.7473173877303018
hgb_plus_cnyrub_basis,10,2024,TJS,238,probability,0.3147117998765686,0.3025210084033613,0.05479431785551886,-0.16734620271290615,0.8500496919915119
hgb_plus_cnyrub_basis,10,2024,UZS,238,probability,0.3157278236734415,0.2689075630252101,0.05588610643288072,-0.3449376669976564,0.8630988760185392
hgb_plus_cnyrub_basis,10,2025,__ALL__,1185,probability,0.21182162452009531,0.15274261603375527,0.06518035858636922,-0.4861740608999873,0.9460549615281973
hgb_plus_cnyrub_basis,10,2025,AMD,237,probability,0.2208272783604563,0.1518987341772152,0.09052661766361898,-0.42474485231859455,1.0578724710161997
hgb_plus_cnyrub_basis,10,2025,KGS,237,probability,0.22198458012814368,0.13924050632911392,0.09238094001430726,-0.680882903702869,0.9280166575477977
hgb_plus_cnyrub_basis,10,2025,KZT,237,probability,0.20983728760007386,0.1308016877637131,0.08535068049374736,-0.6604200682279656,0.9469388694773443
hgb_plus_cnyrub_basis,10,2025,TJS,237,probability,0.20170538452391992,0.21518987341772153,0.07318744624079017,0.058719605969942426,0.9785171107436402
hgb_plus_cnyrub_basis,10,2025,UZS,237,probability,0.2047535919878827,0.12658227848101267,0.08942232910613217,-0.6378420895097711,0.9712380494923056
hgb_plus_cnyrub_basis,20,2023,__ALL__,1135,probability,0.13367684050604997,0.2669603524229075,0.14301958305397325,2.6645054330851803,1.970678822861162
hgb_plus_cnyrub_basis,20,2023,AMD,227,probability,0.1340344644022988,0.31718061674008813,0.18504185387532274,2.524628622171143,1.7597449581505384
hgb_plus_cnyrub_basis,20,2023,KGS,227,probability,0.1349607642862323,0.28193832599118945,0.1526074292860913,3.5588578826746087,2.4286247362927855
hgb_plus_cnyrub_basis,20,2023,KZT,227,probability,0.12410951423249106,0.2422907488986784,0.1293801700116359,4.731958333841044,3.0335279897528635
hgb_plus_cnyrub_basis,20,2023,TJS,227,probability,0.13874254588579604,0.2511013215859031,0.12235880616943752,1.9646445688293284,1.677213480452921
hgb_plus_cnyrub_basis,20,2023,UZS,227,probability,0.13653691372343177,0.2422907488986784,0.12417481885552803,1.5174625319927197,1.440724351544426
hgb_plus_cnyrub_basis,20,2024,__ALL__,1140,probability,0.2983076780933669,0.20350877192982456,0.09479890616354233,-0.5491709708706188,0.9960792257934271
hgb_plus_cnyrub_basis,20,2024,AMD,228,probability,0.2934278026614913,0.22807017543859648,0.07878175705034782,-0.3384957008559127,1.0371674327321578
hgb_plus_cnyrub_basis,20,2024,KGS,228,probability,0.2915890647887031,0.22807017543859648,0.1139545438153316,-0.29366933384933314,1.0770928182198722
hgb_plus_cnyrub_basis,20,2024,KZT,228,probability,0.303190529082681,0.16228070175438597,0.14350808166409929,-0.9458239269542764,0.8813450262053294
hgb_plus_cnyrub_basis,20,2024,TJS,228,probability,0.29636070693061756,0.20175438596491227,0.09812962515103109,-0.41278843193364895,1.1867983192211016
hgb_plus_cnyrub_basis,20,2024,UZS,228,probability,0.3069702870033414,0.19736842105263158,0.10960186595070985,-0.7226397853049485,0.8675250847659273
hgb_plus_cnyrub_basis,20,2025,__ALL__,1135,probability,0.1659963841110957,0.0960352422907489,0.07822708521030934,-1.6201433092302326,0.36773772320267295
hgb_plus_cnyrub_basis,20,2025,AMD,227,probability,0.16993958407441706,0.0881057268722467,0.0933427490070761,-1.9908033385822406,0.20384969949868245
hgb_plus_cnyrub_basis,20,2025,KGS,227,probability,0.1713161783577614,0.0881057268722467,0.10859832108711324,-2.4445293582090053,-0.06177379301383091
hgb_plus_cnyrub_basis,20,2025,KZT,227,probability,0.16956809606310091,0.07048458149779736,0.09908351456530358,-1.3599902778650788,0.7717810716914975
hgb_plus_cnyrub_basis,20,2025,TJS,227,probability,0.16055971466072824,0.14977973568281938,0.07035475189056861,-0.7714808349520491,0.5652516258967502
hgb_plus_cnyrub_basis,20,2025,UZS,227,probability,0.15859834739947087,0.08370044052863436,0.09302141756180098,-1.588898752221969,0.4673968443957674
hgb_plus_cnyrub_basis_ret1,5,2023,__ALL__,1210,probability,0.28418374087945397,0.3859504132231405,0.11900775982154516,1.2694681862199253,1.8339167881854421
hgb_plus_cnyrub_basis_ret1,5,2023,AMD,242,probability,0.2863096470192069,0.3925619834710744,0.12858142034388145,1.0149552797302877,1.536350400698327
hgb_plus_cnyrub_basis_ret1,5,2023,KGS,242,probability,0.2909405328910202,0.3884297520661157,0.13833630688461138,1.4223856300354971,2.069855567579031
hgb_plus_cnyrub_basis_ret1,5,2023,KZT,242,probability,0.26437084261855337,0.3677685950413223,0.14958773433724112,1.530025764954703,1.9890440416488342
hgb_plus_cnyrub_basis_ret1,5,2023,TJS,242,probability,0.28924036585640656,0.3884297520661157,0.1306448991905934,1.3144394407718234,1.9274159898247516
hgb_plus_cnyrub_basis_ret1,5,2023,UZS,242,probability,0.2900573160120827,0.3925619834710744,0.11925994120365806,1.1827145154619028,1.7673688049362524
hgb_plus_cnyrub_basis_ret1,5,2024,__ALL__,1215,probability,0.40851916716825587,0.3333333333333333,0.0917811887848196,-0.4572566682478598,0.7501766386924397
hgb_plus_cnyrub_basis_ret1,5,2024,AMD,243,probability,0.41267934665603206,0.3497942386831276,0.07549104755347844,-0.3794481042981235,0.803291695299402
hgb_plus_cnyrub_basis_ret1,5,2024,KGS,243,probability,0.40826526691221743,0.37037037037037035,0.07837313504145459,-0.2648391983262949,0.7654113879273517
hgb_plus_cnyrub_basis_ret1,5,2024,KZT,243,probability,0.4038652011464607,0.2674897119341564,0.14427820694549712,-0.8189993523506264,0.5703087766166538
hgb_plus_cnyrub_basis_ret1,5,2024,TJS,243,probability,0.4117731465822268,0.3497942386831276,0.10046964649162089,-0.3879870833346186,0.7440328355536497
hgb_plus_cnyrub_basis_ret1,5,2024,UZS,243,probability,0.40601287454434215,0.3292181069958848,0.10102047045392396,-0.4510229926993925,0.8521637917414865
hgb_plus_cnyrub_basis_ret1,5,2025,__ALL__,1210,probability,0.25877212279554557,0.22148760330578512,0.0523484127408175,-0.43235537370493216,0.7770855831122045
hgb_plus_cnyrub_basis_ret1,5,2025,AMD,242,probability,0.2578675321360104,0.2190082644628099,0.07334357741869402,-0.4174802146627011,0.8054224185041436
hgb_plus_cnyrub_basis_ret1,5,2025,KGS,242,probability,0.2582097905601828,0.2024793388429752,0.11266095552636698,-0.5045092568087024,0.8294772305371351
hgb_plus_cnyrub_basis_ret1,5,2025,KZT,242,probability,0.2587692554307396,0.19834710743801653,0.0840045027199655,-0.7081604250613649,0.6427158761763464
hgb_plus_cnyrub_basis_ret1,5,2025,TJS,242,probability,0.25958693712148845,0.2892561983471074,0.08256675658642938,-0.15616734681485522,0.6706797994716498
hgb_plus_cnyrub_basis_ret1,5,2025,UZS,242,probability,0.2594270987293065,0.19834710743801653,0.07469292026181706,-0.3783579364927057,1.0119856528550253
hgb_plus_cnyrub_ret1,5,2023,__ALL__,1210,probability,0.2885744053398503,0.3859504132231405,0.11581738666947554,1.4610834944372184,2.114293033062087
hgb_plus_cnyrub_ret1,5,2023,AMD,242,probability,0.2947384475310719,0.3925619834710744,0.11517985976537791,1.1093313165093652,1.7451908903921662
hgb_plus_cnyrub_ret1,5,2023,KGS,242,probability,0.2952527368196836,0.3884297520661157,0.14386794888426926,1.8308358332575367,2.6183132547927124
hgb_plus_cnyrub_ret1,5,2023,KZT,242,probability,0.2628740925032577,0.3677685950413223,0.11959422145197396,1.7431676188347103,2.194543463485949
hgb_plus_cnyrub_ret1,5,2023,TJS,242,probability,0.294145760260825,0.3884297520661157,0.12185079124338988,1.5629019658435988,2.2908766581255953
hgb_plus_cnyrub_ret1,5,2023,UZS,242,probability,0.29586098958441315,0.3925619834710744,0.13994394785256656,1.3008477196803325,1.985866327261821
hgb_plus_cnyrub_ret1,5,2024,__ALL__,1215,probability,0.4359144363167813,0.3333333333333333,0.13066430714292365,-0.579636523797715,0.5875935449407554
hgb_plus_cnyrub_ret1,5,2024,AMD,243,probability,0.4400845696288463,0.3497942386831276,0.15442421968840173,-0.5042918771641562,0.667591369645909
hgb_plus_cnyrub_ret1,5,2024,KGS,243,probability,0.4323788102561299,0.37037037037037035,0.12215189103314822,-0.39455218299623873,0.571059374108666
hgb_plus_cnyrub_ret1,5,2024,KZT,243,probability,0.4375754482729908,0.2674897119341564,0.1700857363388344,-0.9300790418653406,0.4364214423837605
hgb_plus_cnyrub_ret1,5,2024,TJS,243,probability,0.43703706377147994,0.3497942386831276,0.11486115103698678,-0.5027844743211162,0.5830699810011591
hgb_plus_cnyrub_ret1,5,2024,UZS,243,probability,0.43249628965445985,0.3292181069958848,0.12619130680533044,-0.5820891547280141,0.6828144855851803
hgb_plus_cnyrub_ret1,5,2025,__ALL__,1210,probability,0.2741689147765677,0.22148760330578512,0.052681311470782574,-0.48683610576711306,0.7922171050750619
hgb_plus_cnyrub_ret1,5,2025,AMD,242,probability,0.2740334584366846,0.2190082644628099,0.07968395412216688,-0.4620931161212486,0.8370509933488521
hgb_plus_cnyrub_ret1,5,2025,KGS,242,probability,0.27426468584986025,0.2024793388429752,0.09168049254906485,-0.5785214199933858,0.8250745438018124
hgb_plus_cnyrub_ret1,5,2025,KZT,242,probability,0.2731796530923933,0.19834710743801653,0.09101749823096278,-0.8993625867218943,0.49596735248955054
hgb_plus_cnyrub_ret1,5,2025,TJS,242,probability,0.27438375143566207,0.2892561983471074,0.0631503355906005,-0.14312932675483106,0.7581802334513601
hgb_plus_cnyrub_ret1,5,2025,UZS,242,probability,0.27498302506823835,0.19834710743801653,0.10535388295332153,-0.39133567346840586,1.0839128858890263
hgb_plus_cnyrub_spot,5,2023,__ALL__,1210,probability,0.3163996502781176,0.3859504132231405,0.08830951346994387,0.9374895555849161,1.8155074806516776
hgb_plus_cnyrub_spot,5,2023,AMD,242,probability,0.3205609507796398,0.3925619834710744,0.09797257341132806,0.8243508718483007,1.6652399620747576
hgb_plus_cnyrub_spot,5,2023,KGS,242,probability,0.3236891575309686,0.3884297520661157,0.11951207279896806,1.1473728448301843,2.1915484495703823
hgb_plus_cnyrub_spot,5,2023,KZT,242,probability,0.2915258542407266,0.3677685950413223,0.09189919215513519,1.1974660977657714,1.9549523913033422
hgb_plus_cnyrub_spot,5,2023,TJS,242,probability,0.32303453831628015,0.3884297520661157,0.1048963257025422,0.8958592051942039,1.8254715846892713
hgb_plus_cnyrub_spot,5,2023,UZS,242,probability,0.32318775052297305,0.3925619834710744,0.07601034705326097,0.7591081144450496,1.6059903976158696
hgb_plus_cnyrub_spot,5,2024,__ALL__,1215,probability,0.46722643190706165,0.3333333333333333,0.1474360060834898,-0.6704943526910475,0.6042012100122224
hgb_plus_cnyrub_spot,5,2024,AMD,243,probability,0.47185372718475227,0.3497942386831276,0.1488792221434088,-0.6078141511835912,0.6233105801758881
hgb_plus_cnyrub_spot,5,2024,KGS,243,probability,0.46639179512246515,0.37037037037037035,0.10748809393950802,-0.49056369390563864,0.6734316753641374
hgb_plus_cnyrub_spot,5,2024,KZT,243,probability,0.4599792800430431,0.2674897119341564,0.20854190410809637,-0.9777348220800373,0.36485396852044377
hgb_plus_cnyrub_spot,5,2024,TJS,243,probability,0.4683687882377367,0.3497942386831276,0.14326443824169344,-0.5932700834079601,0.6196743449841742
hgb_plus_cnyrub_spot,5,2024,UZS,243,probability,0.469538568947311,0.3292181069958848,0.15841198473646775,-0.7053065090919229,0.7387394693608419
hgb_plus_cnyrub_spot,5,2025,__ALL__,1210,probability,0.2718766234246561,0.22148760330578512,0.07648762028557485,-0.4112005542685172,0.8653397099281811
hgb_plus_cnyrub_spot,5,2025,AMD,242,probability,0.2777945716698197,0.2190082644628099,0.09477053566428235,-0.36375841917044205,0.9769464223879551
hgb_plus_cnyrub_spot,5,2025,KGS,242,probability,0.2792315435714284,0.2024793388429752,0.13104181729400224,-0.41743326817864307,1.0571355851774815
hgb_plus_cnyrub_spot,5,2025,KZT,242,probability,0.26830295357967704,0.19834710743801653,0.09015654178691206,-0.7709667322137078,0.6124916211573912
hgb_plus_cnyrub_spot,5,2025,TJS,242,probability,0.26679006969085906,0.2892561983471074,0.04471660648195354,-0.1299406727228097,0.7357213236522226
hgb_plus_cnyrub_spot,5,2025,UZS,242,probability,0.2672639786114966,0.19834710743801653,0.07097746950162051,-0.3591963360078013,1.073506268030155
hgb_plus_cnyrub_spot_fixing,5,2023,__ALL__,1210,probability,0.3072494284808846,0.3859504132231405,0.09087180888614271,0.8888104225237892,1.6419339363858858
hgb_plus_cnyrub_spot_fixing,5,2023,AMD,242,probability,0.3079329803290992,0.3925619834710744,0.10612588156119371,0.7841484729098616,1.4726772611866243
hgb_plus_cnyrub_spot_fixing,5,2023,KGS,242,probability,0.31444980259218924,0.3884297520661157,0.1078003689537714,1.016598394055404,1.8786555048209066
hgb_plus_cnyrub_spot_fixing,5,2023,KZT,242,probability,0.2880496790633569,0.3677685950413223,0.09911948878242224,1.1132286795691733,1.8155333493627714
hgb_plus_cnyrub_spot_fixing,5,2023,TJS,242,probability,0.31211546686622954,0.3884297520661157,0.10186541230299608,0.8943116407415627,1.6876240566133374
hgb_plus_cnyrub_spot_fixing,5,2023,UZS,242,probability,0.3136992135535481,0.3925619834710744,0.1116053839578124,0.7192110694719068,1.4469235890900167
hgb_plus_cnyrub_spot_fixing,5,2024,__ALL__,1215,probability,0.41779602057644627,0.3333333333333333,0.09965284129025,-0.4990604791523395,0.7161291829432244
hgb_plus_cnyrub_spot_fixing,5,2024,AMD,243,probability,0.4185666196305031,0.3497942386831276,0.11437794132338103,-0.41765279992355114,0.7273644135334725
hgb_plus_cnyrub_spot_fixing,5,2024,KGS,243,probability,0.41807220814904944,0.37037037037037035,0.09849766921981877,-0.31182566308688875,0.7343757926607227
hgb_plus_cnyrub_spot_fixing,5,2024,KZT,243,probability,0.4135406398609181,0.2674897119341564,0.16712593346917812,-0.8616337093714451,0.5217577975920253
hgb_plus_cnyrub_spot_fixing,5,2024,TJS,243,probability,0.41795871188593176,0.3497942386831276,0.0904508010047507,-0.41152078066451225,0.7378096280327443
hgb_plus_cnyrub_spot_fixing,5,2024,UZS,243,probability,0.420841923355829,0.3292181069958848,0.10001058288348907,-0.5066757841889798,0.8794735774644484
hgb_plus_cnyrub_spot_fixing,5,2025,__ALL__,1210,probability,0.26229754081061674,0.22148760330578512,0.04437293502276001,-0.4358547303283133,0.7896657115604259
hgb_plus_cnyrub_spot_fixing,5,2025,AMD,242,probability,0.26885873550370826,0.2190082644628099,0.06956329887111284,-0.35087611040134553,0.9432991536450488
hgb_plus_cnyrub_spot_fixing,5,2025,KGS,242,probability,0.27077286884931345,0.2024793388429752,0.0897514656988984,-0.45191204893609305,0.9681915206758188
hgb_plus_cnyrub_spot_fixing,5,2025,KZT,242,probability,0.2609761712805005,0.19834710743801653,0.07984739352761717,-0.721730531785202,0.6352789336802255
hgb_plus_cnyrub_spot_fixing,5,2025,TJS,242,probability,0.2529517318680816,0.2892561983471074,0.0752438745793452,-0.24537231313471708,0.5648851980079149
hgb_plus_cnyrub_spot_fixing,5,2025,UZS,242,probability,0.2579281965514797,0.19834710743801653,0.06691737440824741,-0.36204884128402304,1.0181222921792847
hgb_plus_direct_corridor_basis,1,2023,__ALL__,1230,probability,0.49875176672207544,0.5642276422764227,0.07832656178582974,0.33305578252004625,14.49572112631456
hgb_plus_direct_corridor_basis,1,2023,AMD,246,probability,0.499246149534832,0.5691056910569106,0.06985954152207857,0.3201108090049231,13.18364694630654
hgb_plus_direct_corridor_basis,1,2023,KGS,246,probability,0.49923070755245136,0.5650406504065041,0.09251124113767058,0.28568316363656754,7.582321530530384
hgb_plus_direct_corridor_basis,1,2023,KZT,246,probability,0.4975851108648944,0.556910569105691,0.12825750402778763,0.5262041260483108,30.070928391969122
hgb_plus_direct_corridor_basis,1,2023,TJS,246,probability,0.4989177985991208,0.5691056910569106,0.08528228177663352,0.363953322665289,19.034047623956177
hgb_plus_direct_corridor_basis,1,2023,UZS,246,probability,0.49877906705907865,0.5609756097560976,0.10911178712417562,0.26317167295797117,3.663535935518117
hgb_plus_direct_corridor_basis,1,2024,__ALL__,1235,probability,0.5965122352548468,0.5425101214574899,0.055132582863496635,-0.118872075192906,0.7058642270073623
hgb_plus_direct_corridor_basis,1,2024,AMD,247,probability,0.6472011637141395,0.5587044534412956,0.10512276297589607,-0.3987431245178451,1.0119921702618488
hgb_plus_direct_corridor_basis,1,2024,KGS,247,probability,0.576122503588187,0.562753036437247,0.06235893364489932,0.006240143929614588,0.7826077009713754
hgb_plus_direct_corridor_basis,1,2024,KZT,247,probability,0.5594721107335702,0.5060728744939271,0.06319539756188712,-0.16980590219105282,0.7636674657592452
hgb_plus_direct_corridor_basis,1,2024,TJS,247,probability,0.5944981718243487,0.5465587044534413,0.08339740090181101,-0.16022630899748996,0.8875630000722308
hgb_plus_direct_corridor_basis,1,2024,UZS,247,probability,0.6052672264139884,0.5384615384615384,0.08875771925083312,-0.0246662710348508,0.3880254706087814
hgb_plus_direct_corridor_basis,1,2025,__ALL__,1230,probability,0.4805845111760164,0.4634146341463415,0.05480403277403196,-0.10034476857966093,0.6002081839552654
hgb_plus_direct_corridor_basis,1,2025,AMD,246,probability,0.4700827110537225,0.45934959349593496,0.0902949862552759,-0.04541485661045906,0.993869311253063
hgb_plus_direct_corridor_basis,1,2025,KGS,246,probability,0.49050615681631454,0.4268292682926829,0.06780255622497727,-0.27375956096239,0.6633690085990769
hgb_plus_direct_corridor_basis,1,2025,KZT,246,probability,0.5060623173611901,0.46747967479674796,0.14014228518644356,-0.14039825606643025,0.3645960426992516
hgb_plus_direct_corridor_basis,1,2025,TJS,246,probability,0.4914298998482026,0.5040650406504065,0.08319191687313021,0.04028772864077175,0.6679998359691268
hgb_plus_direct_corridor_basis,1,2025,UZS,246,probability,0.44484147080065245,0.45934959349593496,0.06274193104035204,-0.02661133307975545,0.6033292224367411
hgb_plus_direct_corridor_basis,3,2023,__ALL__,1220,probability,0.3387837995065385,0.44508196721311477,0.1062981677065763,0.6469215256691394,1.2934818535813202
hgb_plus_direct_corridor_basis,3,2023,AMD,244,probability,0.3431264582349933,0.45901639344262296,0.12806632526424885,0.5206250751313213,1.050498920806982
hgb_plus_direct_corridor_basis,3,2023,KGS,244,probability,0.3434714251289819,0.45491803278688525,0.13021466555840217,0.6330052405823763,1.2525059468992845
hgb_plus_direct_corridor_basis,3,2023,KZT,244,probability,0.32500235355888996,0.4098360655737705,0.10405823797822639,1.0436681716513858,1.9274410314062498
hgb_plus_direct_corridor_basis,3,2023,TJS,244,probability,0.3427261602602569,0.45081967213114754,0.11576329416224514,0.7659222387417409,1.475975916259033
hgb_plus_direct_corridor_basis,3,2023,UZS,244,probability,0.33959260034957023,0.45081967213114754,0.11236745923223893,0.22901811763912186,0.6383703909931114
hgb_plus_direct_corridor_basis,3,2024,__ALL__,1225,probability,0.5143880514977256,0.38612244897959186,0.12826560251813368,-0.528629812833616,0.8669500447260872
hgb_plus_direct_corridor_basis,3,2024,AMD,245,probability,0.5428680952360936,0.4,0.1514480393207552,-0.6660784790019063,1.3363543216064218
hgb_plus_direct_corridor_basis,3,2024,KGS,245,probability,0.5201658506502645,0.4122448979591837,0.12005544080191576,-0.44941265111293804,1.011680795777334
hgb_plus_direct_corridor_basis,3,2024,KZT,245,probability,0.4666680637139304,0.3346938775510204,0.15080638952775594,-0.6354998196744346,0.4229822284785772
hgb_plus_direct_corridor_basis,3,2024,TJS,245,probability,0.510502386985902,0.4,0.1369120898475354,-0.46236772292526435,1.025361358875116
hgb_plus_direct_corridor_basis,3,2024,UZS,245,probability,0.5317358609024372,0.3836734693877551,0.16574149646413425,-0.5682812188877904,0.66732097244449
hgb_plus_direct_corridor_basis,3,2025,__ALL__,1220,probability,0.32880843992073855,0.28114754098360656,0.05075958002333888,-0.24402625818588278,0.9813352725630231
hgb_plus_direct_corridor_basis,3,2025,AMD,244,probability,0.32258673469528415,0.2786885245901639,0.08042739993102582,0.21359587214063772,1.60972067468182
hgb_plus_direct_corridor_basis,3,2025,KGS,244,probability,0.3328729002759787,0.2540983606557377,0.10261357955659572,-0.27018039326388543,1.1861144703273534
hgb_plus_direct_corridor_basis,3,2025,KZT,244,probability,0.33265514327627604,0.26229508196721313,0.09854608063253455,-0.6674132131438802,0.5228823482431165
hgb_plus_direct_corridor_basis,3,2025,TJS,244,probability,0.3398409064266373,0.3360655737704918,0.061939577296940655,-0.13684296404260518,0.8158235761671734
hgb_plus_direct_corridor_basis,3,2025,UZS,244,probability,0.31608651492951667,0.27459016393442626,0.042324146405524864,-0.26130935698803204,0.9242193248033757
hgb_plus_direct_corridor_basis,5,2023,__ALL__,1210,probability,0.2794643361443587,0.3859504132231405,0.12802725573772533,22.3088634261332,24.05848461800603
hgb_plus_direct_corridor_basis,5,2023,AMD,242,probability,0.27981212044294834,0.3925619834710744,0.11274986302812604,13.120262390210788,14.34447475555771
hgb_plus_direct_corridor_basis,5,2023,KGS,242,probability,0.279720460769272,0.3884297520661157,0.13755813147143633,33.05032225749462,35.45290358103187
hgb_plus_direct_corridor_basis,5,2023,KZT,242,probability,0.27841177733924294,0.3677685950413223,0.10130232434775868,26.92544092184481,28.86249311386679
hgb_plus_direct_corridor_basis,5,2023,TJS,242,probability,0.2796038673110745,0.3884297520661157,0.12973297587103927,27.0662032783713,29.096584664461915
hgb_plus_direct_corridor_basis,5,2023,UZS,242,probability,0.2797734548592557,0.3925619834710744,0.11278852861181864,14.501131353011802,15.802265628713144
hgb_plus_direct_corridor_basis,5,2024,__ALL__,1215,probability,0.46241080953496455,0.3333333333333333,0.12907747620163126,-0.5727257542499242,0.9358947412121666
hgb_plus_direct_corridor_basis,5,2024,AMD,243,probability,0.48566994623658294,0.3497942386831276,0.14785484948985306,-0.5931673429690274,1.4615546360152596
hgb_plus_direct_corridor_basis,5,2024,KGS,243,probability,0.45427603070973066,0.37037037037037035,0.09318861543635686,-0.37644796296602295,0.9050050313817264
hgb_plus_direct_corridor_basis,5,2024,KZT,243,probability,0.4495859155135294,0.2674897119341564,0.1820962035793731,-0.9474020691191417,0.30410539866368175
hgb_plus_direct_corridor_basis,5,2024,TJS,243,probability,0.4479720551241856,0.3497942386831276,0.1291472237782402,-0.41346914464170875,1.0711003448920966
hgb_plus_direct_corridor_basis,5,2024,UZS,243,probability,0.47455010009079407,0.3292181069958848,0.14948718066263253,-0.6415440124542334,0.9313469249929504
hgb_plus_direct_corridor_basis,5,2025,__ALL__,1210,probability,0.2791134342338249,0.22148760330578512,0.0608624402014275,-0.5986464173092128,0.6924201504042445
hgb_plus_direct_corridor_basis,5,2025,AMD,242,probability,0.27423504052479275,0.2190082644628099,0.08900979212855578,-0.33823075045717305,0.9637084071858397
hgb_plus_direct_corridor_basis,5,2025,KGS,242,probability,0.2812118353329295,0.2024793388429752,0.10987272224014903,-0.7113050867881473,0.7014576021075315
hgb_plus_direct_corridor_basis,5,2025,KZT,242,probability,0.29032405905203074,0.19834710743801653,0.09800260836901357,-1.1283009631800558,0.2964534014019752
hgb_plus_direct_corridor_basis,5,2025,TJS,242,probability,0.28228199228845524,0.2892561983471074,0.06505829550106025,0.009873300178679911,0.9729323066941726
hgb_plus_direct_corridor_basis,5,2025,UZS,242,probability,0.2675142439709163,0.19834710743801653,0.08238620947967985,-0.9021321053472368,0.48715705507259555
hgb_plus_direct_corridor_basis,10,2023,__ALL__,1185,probability,0.10805212268692053,0.30886075949367087,0.20080863680675035,-0.028263842596924577,0.3432342155803666
hgb_plus_direct_corridor_basis,10,2023,AMD,237,probability,0.11557869057565266,0.3333333333333333,0.22229697988143496,-0.3496521577414186,0.1574801625240119
hgb_plus_direct_corridor_basis,10,2023,KGS,237,probability,0.11169521060750004,0.31223628691983124,0.20054107631233117,0.6496297741647358,0.6577059548023453
hgb_plus_direct_corridor_basis,10,2023,KZT,237,probability,0.08766217847806464,0.2911392405063291,0.20347706202826443,0.20134328747233057,0.43057401360534175
hgb_plus_direct_corridor_basis,10,2023,TJS,237,probability,0.1123125729538326,0.2911392405063291,0.17882666755249654,-0.32676859235154393,0.25595013566989827
hgb_plus_direct_corridor_basis,10,2023,UZS,237,probability,0.1130119608195527,0.31645569620253167,0.20344373538297894,-0.32325111927993655,0.2013314691615644
hgb_plus_direct_corridor_basis,10,2024,__ALL__,1190,probability,0.33600755246895614,0.27647058823529413,0.05953696423366201,-0.06355272058023455,1.332284045156201
hgb_plus_direct_corridor_basis,10,2024,AMD,238,probability,0.3389874516786403,0.29831932773109243,0.06944208646062142,0.19839099888683076,1.5980293471875882
hgb_plus_direct_corridor_basis,10,2024,KGS,238,probability,0.3329138771728969,0.3025210084033613,0.07844788946133252,0.14906811757303032,1.4268165185385158
hgb_plus_direct_corridor_basis,10,2024,KZT,238,probability,0.3350534977169051,0.21008403361344538,0.133441458822125,-1.0082433142683227,0.46026904963410875
hgb_plus_direct_corridor_basis,10,2024,TJS,238,probability,0.33137848225112887,0.3025210084033613,0.07792174208076699,0.3486320435494516,1.7038104541992358
hgb_plus_direct_corridor_basis,10,2024,UZS,238,probability,0.34170445352520956,0.2689075630252101,0.10072627410116546,0.029206383551091356,1.5955464019231314
hgb_plus_direct_corridor_basis,10,2025,__ALL__,1185,probability,0.26361318884783497,0.15274261603375527,0.1108705728140797,2.2198761604764092,3.8523294853048373
hgb_plus_direct_corridor_basis,10,2025,AMD,237,probability,0.2653174621622054,0.1518987341772152,0.12227452362463205,3.799322611293803,5.481212790681238
hgb_plus_direct_corridor_basis,10,2025,KGS,237,probability,0.2666486584005732,0.13924050632911392,0.13351952373937626,3.333837968378036,5.158360812707716
hgb_plus_direct_corridor_basis,10,2025,KZT,237,probability,0.2627940829074687,0.1308016877637131,0.13199239514375563,-2.1728624236002476,-0.27006007180193303
hgb_plus_direct_corridor_basis,10,2025,TJS,237,probability,0.261956551435607,0.21518987341772153,0.08762219522565429,4.319529792355465,5.4459222846456665
hgb_plus_direct_corridor_basis,10,2025,UZS,237,probability,0.2613491893333206,0.12658227848101267,0.13476691085230785,1.4992184125368058,3.3155990685491554
hgb_plus_direct_corridor_basis,20,2023,__ALL__,1135,probability,0.04349722834548319,0.2669603524229075,0.2234631240774243,-0.8037888929261613,0.06329912493790243
hgb_plus_direct_corridor_basis,20,2023,AMD,227,probability,0.043543413097697874,0.31718061674008813,0.27363720364239025,-0.8590340227815468,-0.0283052376798568
hgb_plus_direct_corridor_basis,20,2023,KGS,227,probability,0.04382255423055926,0.28193832599118945,0.23811577176063015,-0.3366114071307901,0.185137580437782
hgb_plus_direct_corridor_basis,20,2023,KZT,227,probability,0.03499420793452246,0.2422907488986784,0.20729654096415592,-0.2515980709902031,0.2567647255046529
hgb_plus_direct_corridor_basis,20,2023,TJS,227,probability,0.04909649016524814,0.2511013215859031,0.2097494509878327,-1.016229818281032,0.024465548973057347
hgb_plus_direct_corridor_basis,20,2023,UZS,227,probability,0.04602947629938819,0.2422907488986784,0.19755904036666866,-1.48866794974692,-0.1081936028463766
hgb_plus_direct_corridor_basis,20,2024,__ALL__,1140,probability,0.27412034449392547,0.20350877192982456,0.08145861915477783,3.539982935658476,5.060850543990625
hgb_plus_direct_corridor_basis,20,2024,AMD,228,probability,0.2727939343222041,0.22807017543859648,0.08227620008728416,4.705466517711286,6.077741860499102
hgb_plus_direct_corridor_basis,20,2024,KGS,228,probability,0.27349514032759803,0.22807017543859648,0.11162846049511305,5.224253354688984,6.633262554062468
hgb_plus_direct_corridor_basis,20,2024,KZT,228,probability,0.2750496569711785,0.16228070175438597,0.14139657378415704,2.9870316011831655,4.8031659057728735
hgb_plus_direct_corridor_basis,20,2024,TJS,228,probability,0.2739218587404737,0.20175438596491227,0.10677722042788237,4.854043578295233,6.43063918625172
hgb_plus_direct_corridor_basis,20,2024,UZS,228,probability,0.275341132108173,0.19736842105263158,0.08642460944594667,0.48426984334565226,1.9531002944091977
hgb_plus_direct_corridor_basis,20,2025,__ALL__,1135,probability,0.30591589550624254,0.0960352422907489,0.2098806532154936,-1.9113817750703088,0.40499354241121677
hgb_plus_direct_corridor_basis,20,2025,AMD,227,probability,0.32154313317597055,0.0881057268722467,0.24873070532221433,-1.9632417098784092,0.536499431785574
hgb_plus_direct_corridor_basis,20,2025,KGS,227,probability,0.33033452999784113,0.0881057268722467,0.271688449454157,-2.1455932058553726,0.2642657185509051
hgb_plus_direct_corridor_basis,20,2025,KZT,227,probability,0.31273488001254807,0.07048458149779736,0.2422502985147507,-2.4108307042332626,0.20812295462913763
hgb_plus_direct_corridor_basis,20,2025,TJS,227,probability,0.2916796383606444,0.14977973568281938,0.14189990267782507,-0.9508064005331034,0.9163662431675954
hgb_plus_direct_corridor_basis,20,2025,UZS,227,probability,0.27328729598420853,0.08370044052863436,0.18958685545557413,-1.9475789301058104,0.4553748463018276
hgb_plus_direct_corridor_market,5,2023,__ALL__,1210,probability,0.27968817858455675,0.3859504132231405,0.11799655803372419,12.699030317141172,13.928458702869444
hgb_plus_direct_corridor_market,5,2023,AMD,242,probability,0.28026380711452,0.3925619834710744,0.11229817635655444,7.513219726390864,8.433326404127007
hgb_plus_direct_corridor_market,5,2023,KGS,242,probability,0.28006974429402803,0.3884297520661157,0.1358853043421976,19.034853950213662,20.67583634814988
hgb_plus_direct_corridor_market,5,2023,KZT,242,probability,0.2779341903627944,0.3677685950413223,0.10104634715337911,14.986013685265826,16.28469168762233
hgb_plus_direct_corridor_market,5,2023,TJS,242,probability,0.28019405650988877,0.3884297520661157,0.1369860423677748,14.618452632996588,15.992157951369808
hgb_plus_direct_corridor_market,5,2023,UZS,242,probability,0.2799790946415528,0.3925619834710744,0.11740581482898303,8.591556852636975,9.563282847380814
hgb_plus_direct_corridor_market,5,2024,__ALL__,1215,probability,0.46606949306954487,0.3333333333333333,0.13273615973621153,-0.6023497002844036,0.8026856750319463
hgb_plus_direct_corridor_market,5,2024,AMD,243,probability,0.4956595185353118,0.3497942386831276,0.16182416665247892,-0.651998568246673,1.2151482973092287
hgb_plus_direct_corridor_market,5,2024,KGS,243,probability,0.4510759462769239,0.37037037037037035,0.11324547910873335,-0.3901256124198895,0.7584575542167121
hgb_plus_direct_corridor_market,5,2024,KZT,243,probability,0.46223265003106684,0.2674897119341564,0.20073597879360466,-0.9535558491524784,0.3979775814493386
hgb_plus_direct_corridor_market,5,2024,TJS,243,probability,0.44889176989406987,0.3497942386831276,0.115647641045776,-0.44116517186677284,0.9395916148024814
hgb_plus_direct_corridor_market,5,2024,UZS,243,probability,0.4724875806103519,0.3292181069958848,0.1432694736144672,-0.6458523474280504,0.7615386910154641
hgb_plus_direct_corridor_market,5,2025,__ALL__,1210,probability,0.27801332759558156,0.22148760330578512,0.06715095197689475,-0.597621912433934,0.6891771632517547
hgb_plus_direct_corridor_market,5,2025,AMD,242,probability,0.269801399010046,0.2190082644628099,0.06960820247863306,-0.07882931913351794,1.2127340722852749
hgb_plus_direct_corridor_market,5,2025,KGS,242,probability,0.2803326549735761,0.2024793388429752,0.1048653227812655,-0.7027900252282854,0.7075055183354269
hgb_plus_direct_corridor_market,5,2025,KZT,242,probability,0.28552266048327735,0.19834710743801653,0.12754002703782558,-1.4893387774704834,-0.09897497634632134
hgb_plus_direct_corridor_market,5,2025,TJS,242,probability,0.2799210544800177,0.2892561983471074,0.08078395290792273,0.064317032198072,1.019021601295544
hgb_plus_direct_corridor_market,5,2025,UZS,242,probability,0.27448886903099085,0.19834710743801653,0.0791990639844191,-0.8786798613939644,0.529815830303183
hgb_plus_kztrub_market,5,2023,__ALL__,1210,probability,0.29954663116977864,0.3859504132231405,0.10071648580534844,0.9655325112540519,1.683272821946952
hgb_plus_kztrub_market,5,2023,AMD,242,probability,0.30290360263251564,0.3925619834710744,0.09614483714594393,0.8416528835553774,1.5320668113041886
hgb_plus_kztrub_market,5,2023,KGS,242,probability,0.30163579555960757,0.3884297520661157,0.13099493680287108,1.3319487827354706,2.1293328240237273
hgb_plus_kztrub_market,5,2023,KZT,242,probability,0.288644411308765,0.3677685950413223,0.11717336324672269,3.1324745292469034,4.101140320784537
hgb_plus_kztrub_market,5,2023,TJS,242,probability,0.3017871583224233,0.3884297520661157,0.12738487341224866,0.42907023088560037,1.0500474932253185
hgb_plus_kztrub_market,5,2023,UZS,242,probability,0.30276218802558175,0.3925619834710744,0.10996045823383405,-0.3529204289599723,0.10001976820310333
hgb_plus_kztrub_market,5,2024,__ALL__,1215,probability,0.5487562905066787,0.3333333333333333,0.23106114801175026,-0.6804281229393875,-0.056595618045694775
hgb_plus_kztrub_market,5,2024,AMD,243,probability,0.5660211360077015,0.3497942386831276,0.25031880112826715,-0.617803829858846,-0.006883085799894995
hgb_plus_kztrub_market,5,2024,KGS,243,probability,0.5443441167179073,0.37037037037037035,0.2514194980419635,-0.5025052100419297,-0.14253550577484095
hgb_plus_kztrub_market,5,2024,KZT,243,probability,0.5236073850269128,0.2674897119341564,0.2659095499196949,-0.9887688296615169,-0.28501085952849636
hgb_plus_kztrub_market,5,2024,TJS,243,probability,0.5576566075187287,0.3497942386831276,0.22514947467043353,-0.6103499951218152,-0.035408910467930994
hgb_plus_kztrub_market,5,2024,UZS,243,probability,0.5521522072621438,0.3292181069958848,0.23772292147517943,-0.7264232029929839,0.055872034058084906
hgb_plus_kztrub_market,5,2025,__ALL__,1210,probability,0.2990256522434734,0.22148760330578512,0.07753804893768826,-0.39110416169432094,1.0179819189577597
hgb_plus_kztrub_market,5,2025,AMD,242,probability,0.30027046129024154,0.2190082644628099,0.08628372195702935,-0.5752908181653971,0.8235782144982137
hgb_plus_kztrub_market,5,2025,KGS,242,probability,0.30070169484167164,0.2024793388429752,0.09822235599869647,-0.5373706108147843,0.9903400705272809
hgb_plus_kztrub_market,5,2025,KZT,242,probability,0.2977972215079076,0.19834710743801653,0.10367670267165949,-0.7992583019547898,0.6970865679827762
hgb_plus_kztrub_market,5,2025,TJS,242,probability,0.29699848019557445,0.2892561983471074,0.05436095795298509,-0.32247796088297864,0.6682842341599013
hgb_plus_kztrub_market,5,2025,UZS,242,probability,0.2993604033819716,0.19834710743801653,0.10543925594954716,0.5559549615049281,2.3238116016400285
hgb_plus_public_macro_slow,5,2023,__ALL__,1210,probability,0.22935314070633953,0.3859504132231405,0.16894675976584667,-0.18039214724260763,0.21380215105498182
hgb_plus_public_macro_slow,5,2023,AMD,242,probability,0.2287330994434672,0.3925619834710744,0.1895674009774535,-0.047332689514588445,0.29481501640578317
hgb_plus_public_macro_slow,5,2023,KGS,242,probability,0.23691638046323515,0.3884297520661157,0.17268394116711694,-0.14596163729307232,0.239946748956607
hgb_plus_public_macro_slow,5,2023,KZT,242,probability,0.20444109675778252,0.3677685950413223,0.18286081662856285,-0.24645872250368425,0.1993385004233647
hgb_plus_public_macro_slow,5,2023,TJS,242,probability,0.24095212503131727,0.3884297520661157,0.187283093412894,-0.25449473980716886,0.15699762973654147
hgb_plus_public_macro_slow,5,2023,UZS,242,probability,0.23572300183589542,0.3925619834710744,0.17057012400340135,-0.21732152942290534,0.17058049736630598
hgb_plus_public_macro_slow,5,2024,__ALL__,1215,probability,0.17569818621749067,0.3333333333333333,0.16466512413622214,0.2188936896042798,0.5575628707248583
hgb_plus_public_macro_slow,5,2024,AMD,243,probability,0.17910364142940285,0.3497942386831276,0.1879918344641448,0.4131417980996749,0.6414077310253903
hgb_plus_public_macro_slow,5,2024,KGS,243,probability,0.17586875741277214,0.37037037037037035,0.1945016129575982,0.11981240938943663,0.39343639748425424
hgb_plus_public_macro_slow,5,2024,KZT,243,probability,0.1650850928964406,0.2674897119341564,0.12397758618974068,-0.1141057595703223,0.5260630440018377
hgb_plus_public_macro_slow,5,2024,TJS,243,probability,0.1769400486708205,0.3497942386831276,0.17418046340276774,0.42672992165921547,0.6434134931111265
hgb_plus_public_macro_slow,5,2024,UZS,243,probability,0.18149339067801726,0.3292181069958848,0.15059172309216626,0.173710455215698,0.5556464665083569
hgb_plus_public_macro_slow,5,2025,__ALL__,1210,probability,0.33281582688539446,0.22148760330578512,0.11132822357960932,12.33679057100894,19.556556955344
hgb_plus_public_macro_slow,5,2025,AMD,242,probability,0.3329028470665995,0.2190082644628099,0.12746328852140662,8.809929233320704,14.5096764808694
hgb_plus_public_macro_slow,5,2025,KGS,242,probability,0.3329331988383431,0.2024793388429752,0.13045385999536785,18.023840762158496,27.93239464474363
hgb_plus_public_macro_slow,5,2025,KZT,242,probability,0.33283545299676714,0.19834710743801653,0.15918731145959955,17.830754075785343,27.672214856508102
hgb_plus_public_macro_slow,5,2025,TJS,242,probability,0.3326664085918957,0.2892561983471074,0.12068035404648371,10.284319282814547,16.0702077647854
hgb_plus_public_macro_slow,5,2025,UZS,242,probability,0.33274122693336694,0.19834710743801653,0.13439411949535043,12.903420184211997,20.56417170923569
hgb_plus_rub_funding_market,5,2023,__ALL__,1210,probability,0.15098991104723863,0.3859504132231405,0.24034509920514394,-0.12498591051422456,0.18629212017147692
hgb_plus_rub_funding_market,5,2023,AMD,242,probability,0.1563171303924382,0.3925619834710744,0.247367005633256,-0.5443245237756221,-0.060187767354844476
hgb_plus_rub_funding_market,5,2023,KGS,242,probability,0.15462871595628755,0.3884297520661157,0.23380103610982816,0.2876473432027072,0.41619127812199647
hgb_plus_rub_funding_market,5,2023,KZT,242,probability,0.13161914328766805,0.3677685950413223,0.23614945175365426,0.061848306107927624,0.30322227542155744
hgb_plus_rub_funding_market,5,2023,TJS,242,probability,0.15369515367009487,0.3884297520661157,0.23920638016984178,0.04439600259445293,0.27859394016248856
hgb_plus_rub_funding_market,5,2023,UZS,242,probability,0.15868941192970457,0.3925619834710744,0.24888064098920276,-0.49122712771577803,-0.030952602984868603
hgb_plus_rub_funding_market,5,2024,__ALL__,1215,probability,0.4216934413521854,0.3333333333333333,0.09101931103856455,-0.7417254840617028,-0.15218158596057355
hgb_plus_rub_funding_market,5,2024,AMD,243,probability,0.424440273090502,0.3497942386831276,0.07739799142432072,-0.3218079852296661,0.9831964712680568
hgb_plus_rub_funding_market,5,2024,KGS,243,probability,0.41922454329357034,0.37037037037037035,0.1107185437262819,-0.6293907080445869,-0.29940435250116465
hgb_plus_rub_funding_market,5,2024,KZT,243,probability,0.4189130715871432,0.2674897119341564,0.15142335965298678,-1.2050567763548299,-0.5924003979028067
hgb_plus_rub_funding_market,5,2024,TJS,243,probability,0.42184354374978994,0.3497942386831276,0.09210677923256777,-0.6866096816051758,-0.20910917577971574
hgb_plus_rub_funding_market,5,2024,UZS,243,probability,0.4240457750399213,0.3292181069958848,0.10815843838800725,-0.8834909580740993,-0.5540420169841012
hgb_plus_rub_funding_market,5,2025,__ALL__,1210,probability,0.32039017845831097,0.22148760330578512,0.10408376537515811,1.2293316069086102,3.315889912670828
hgb_plus_rub_funding_market,5,2025,AMD,242,probability,0.32172037792415453,0.2190082644628099,0.10271211346134461,2.5412820385146566,5.140391304168305
hgb_plus_rub_funding_market,5,2025,KGS,242,probability,0.32190522975783503,0.2024793388429752,0.13385845352650888,1.6105726738450785,4.020591063849011
hgb_plus_rub_funding_market,5,2025,KZT,242,probability,0.3198932930926286,0.19834710743801653,0.12154618565461207,-2.0073700961222456,-0.8084557453128671
hgb_plus_rub_funding_market,5,2025,TJS,242,probability,0.3181365544554318,0.2892561983471074,0.10130847488914854,3.2625884347861676,5.473880447158137
hgb_plus_rub_funding_market,5,2025,UZS,242,probability,0.320295437061505,0.19834710743801653,0.12194832962348837,1.34498063332846,3.6564654381887247
hgb_plus_rub_risk_market,5,2023,__ALL__,1210,probability,0.27214745678685603,0.3859504132231405,0.14194266091531885,-1.0873635561814798,-0.6287817676203937
hgb_plus_rub_risk_market,5,2023,AMD,242,probability,0.27283687989265426,0.3925619834710744,0.16601279761425375,-2.0353271090685188,-1.613970041584649
hgb_plus_rub_risk_market,5,2023,KGS,242,probability,0.2739014419305224,0.3884297520661157,0.11843310398518944,-0.12910342871681238,0.3318392845978499
hgb_plus_rub_risk_market,5,2023,KZT,242,probability,0.2668996877554572,0.3677685950413223,0.12989020043099733,-1.228182624349205,-0.6737980107028749
hgb_plus_rub_risk_market,5,2023,TJS,242,probability,0.2728427950825171,0.3884297520661157,0.14186013535905032,-0.5590004748403243,-0.10664100410325633
hgb_plus_rub_risk_market,5,2023,UZS,242,probability,0.27425647927312896,0.3925619834710744,0.1474411151759454,-1.5651245259574573,-1.1506440208658752
hgb_plus_rub_risk_market,5,2024,__ALL__,1215,probability,0.45193803386763826,0.3333333333333333,0.11992104520967842,-0.6633321382043409,0.15608816753364427
hgb_plus_rub_risk_market,5,2024,AMD,243,probability,0.4543282943951211,0.3497942386831276,0.10453405571199352,-0.5541438814550658,0.36249613409831316
hgb_plus_rub_risk_market,5,2024,KGS,243,probability,0.4503307354284409,0.37037037037037035,0.11212418747961632,-0.5115550906441896,0.09493229318395147
hgb_plus_rub_risk_market,5,2024,KZT,243,probability,0.4444895879060517,0.2674897119341564,0.18090704015596154,-1.0758507738833298,-0.2922257784877856
hgb_plus_rub_risk_market,5,2024,TJS,243,probability,0.4534148650721258,0.3497942386831276,0.10888283578959176,-0.6055262909050168,0.07680800966095244
hgb_plus_rub_risk_market,5,2024,UZS,243,probability,0.45712668653645194,0.3292181069958848,0.12790857954056722,-0.6455226955415424,0.3946312322974273
hgb_plus_rub_risk_market,5,2025,__ALL__,1210,probability,0.3003221263701447,0.22148760330578512,0.0788345230643596,-0.8227311660411256,0.5122470058562575
hgb_plus_rub_risk_market,5,2025,AMD,242,probability,0.3026001168679354,0.2190082644628099,0.10087424767298958,-0.42698283967381595,1.0151845001792632
hgb_plus_rub_risk_market,5,2025,KGS,242,probability,0.3029579116882906,0.2024793388429752,0.10315294420162148,-0.8340345327451434,0.6445545871782983
hgb_plus_rub_risk_market,5,2025,KZT,242,probability,0.3010776625941535,0.19834710743801653,0.12533738781185833,-2.0299265413672476,-0.7398466964049077
hgb_plus_rub_risk_market,5,2025,TJS,242,probability,0.2955278377169284,0.2892561983471074,0.059670723371483915,0.21775345920361366,1.2889014368593135
hgb_plus_rub_risk_market,5,2025,UZS,242,probability,0.2994471029834157,0.19834710743801653,0.10262784246535502,-1.0966663233067215,0.3522774777064569
logit_all_contract_market,5,2023,__ALL__,1210,probability,0.2506575016140531,0.3859504132231405,0.15194910333260994,11.0628931864971,10.537694134363836
logit_all_contract_market,5,2023,AMD,242,probability,0.25142269287775443,0.3925619834710744,0.15582227588131134,8.778832279450125,8.454204854831689
logit_all_contract_market,5,2023,KGS,242,probability,0.2501896494465195,0.3884297520661157,0.1382401026195962,5.213323882843535,5.165360756249917
logit_all_contract_market,5,2023,KZT,242,probability,0.24967238860462382,0.3677685950413223,0.14087298583676236,14.110620086881683,13.339491659546276
logit_all_contract_market,5,2023,TJS,242,probability,0.25139259320339113,0.3884297520661157,0.184276766216724,21.45424693434024,20.119403134500388
logit_all_contract_market,5,2023,UZS,242,probability,0.2506101839379765,0.3925619834710744,0.1730307908584915,12.455164349726129,11.781036950206714
logit_all_contract_market,5,2024,__ALL__,1215,probability,0.22608315638360926,0.3333333333333333,0.10725017694972404,-38.1252656663426,-29.93440100595524
logit_all_contract_market,5,2024,AMD,243,probability,0.22618189614461243,0.3497942386831276,0.12361234253851519,-26.669531255243005,-20.83950809630169
logit_all_contract_market,5,2024,KGS,243,probability,0.2260708079688003,0.37037037037037035,0.14429956240157008,-30.819091286293315,-24.228288293014533
logit_all_contract_market,5,2024,KZT,243,probability,0.22602071928658543,0.2674897119341564,0.04146899264757098,-5.943790631802327,-3.9591393025825568
logit_all_contract_market,5,2024,TJS,243,probability,0.2261097911803452,0.3497942386831276,0.1236844475027824,-31.52772047689004,-24.720546008415376
logit_all_contract_market,5,2024,UZS,243,probability,0.22603256733770308,0.3292181069958848,0.1031855396581817,-251.27902740699065,-200.2508224586291
logit_all_contract_market,5,2025,__ALL__,1210,probability,0.1433055281178138,0.22148760330578512,0.07818207518797131,0.1595942486397806,0.7292613306422387
logit_all_contract_market,5,2025,AMD,242,probability,0.14470069137193325,0.2190082644628099,0.08221777497956317,0.3612491715631923,0.8640661581765696
logit_all_contract_market,5,2025,KGS,242,probability,0.1504369715025465,0.2024793388429752,0.05764837850420876,0.4909845756580227,1.0454330912788192
logit_all_contract_market,5,2025,KZT,242,probability,0.12768493832216626,0.19834710743801653,0.09161266770826683,-0.3469456337033338,0.49331625239272636
logit_all_contract_market,5,2025,TJS,242,probability,0.16571467531938225,0.2892561983471074,0.12354152302772517,0.15377687021698008,0.5830829963290762
logit_all_contract_market,5,2025,UZS,242,probability,0.12799036407304076,0.19834710743801653,0.07510578064748452,0.07293629359837972,0.6998243380978647
logit_all_public_fast,5,2023,__ALL__,1210,probability,0.44419059267259914,0.3859504132231405,0.32554418586533423,-0.44808545699210295,0.04914919673630472
logit_all_public_fast,5,2023,AMD,242,probability,0.4718798449739023,0.3925619834710744,0.3606179851802148,-0.43751787525858554,-0.006869829120464976
logit_all_public_fast,5,2023,KGS,242,probability,0.4456596256133442,0.3884297520661157,0.3156536160957184,-0.4262496720997879,0.10195362420405372
logit_all_public_fast,5,2023,KZT,242,probability,0.4092048715424573,0.3677685950413223,0.34976437516162273,-0.5488898933421474,-0.010636095610594918
logit_all_public_fast,5,2023,TJS,242,probability,0.44040723942869403,0.3884297520661157,0.2762130834561815,-0.41406231502203744,0.14090340514421268
logit_all_public_fast,5,2023,UZS,242,probability,0.4538013818045977,0.3925619834710744,0.3285109932653401,-0.4290817935818662,0.02758562768909162
logit_all_public_fast,5,2024,__ALL__,1215,probability,0.3766687670701488,0.3333333333333333,0.09922396825568781,-1.5651182773904089,-1.7015727701616332
logit_all_public_fast,5,2024,AMD,243,probability,0.38262027785022934,0.3497942386831276,0.12394094115897306,-1.7139961392520207,-2.246200917167902
logit_all_public_fast,5,2024,KGS,243,probability,0.3759500620077845,0.37037037037037035,0.10618665606275132,-1.1764561848050215,-1.2596569234319617
logit_all_public_fast,5,2024,KZT,243,probability,0.36840806090632733,0.2674897119341564,0.11944634945272804,-1.4344332109142675,-0.7823269064353833
logit_all_public_fast,5,2024,TJS,243,probability,0.3824187923009058,0.3497942386831276,0.13632314076741497,-1.7436482791091665,-2.299145899911727
logit_all_public_fast,5,2024,UZS,243,probability,0.37394664228549707,0.3292181069958848,0.139402394539832,-2.124291016572516,-2.6776041455138873
logit_all_public_fast,5,2025,__ALL__,1210,probability,0.3309029329594898,0.22148760330578512,0.13023683941548483,4.938986388226218,8.87267100781515
logit_all_public_fast,5,2025,AMD,242,probability,0.3327624834720547,0.2190082644628099,0.14816543936980828,4.36179692128269,8.16388402078413
logit_all_public_fast,5,2025,KGS,242,probability,0.3301868692130319,0.2024793388429752,0.17104176387644743,6.288296408465824,10.95168040617085
logit_all_public_fast,5,2025,KZT,242,probability,0.3290694635906834,0.19834710743801653,0.13124528955401749,2.7526295484587964,5.844820779320779
logit_all_public_fast,5,2025,TJS,242,probability,0.33300219385328883,0.2892561983471074,0.08895678997238342,4.965325812843522,8.50465238037152
logit_all_public_fast,5,2025,UZS,242,probability,0.3294936546683899,0.19834710743801653,0.13354241744462517,4.457091123104466,8.305053684326609
logit_base,1,2023,__ALL__,1230,probability,0.39416192460161636,0.5642276422764227,0.1908789630723817,0.02252944397307477,-0.5429621168480662
logit_base,1,2023,AMD,246,probability,0.42647707850348454,0.5691056910569106,0.1723276976072637,-0.0453407177185926,-1.0920215820022006
logit_base,1,2023,KGS,246,probability,0.40175405060756164,0.5650406504065041,0.17596435113195694,-0.0012564104499840911,-0.6562111775504202
logit_base,1,2023,KZT,246,probability,0.36272703388538535,0.556910569105691,0.19418353522030574,0.1760060635048629,-0.0919610045361999
logit_base,1,2023,TJS,246,probability,0.3853673217226682,0.5691056910569106,0.2004899428072436,-0.005698123639397759,-0.6039914508358624
logit_base,1,2023,UZS,246,probability,0.3944841382889821,0.5609756097560976,0.1806741483464786,-0.08268205639339615,-0.759463649299288
logit_base,1,2024,__ALL__,1235,probability,0.5899106255815506,0.5425101214574899,0.04740050412406077,-0.25044265823728684,1.1491413993720725
logit_base,1,2024,AMD,247,probability,0.6133125416926388,0.5587044534412956,0.09000666767433663,-0.4314094754353532,1.4376168473352617
logit_base,1,2024,KGS,247,probability,0.5880036037846261,0.562753036437247,0.06939280830209452,-0.10811062225198229,1.010428361217514
logit_base,1,2024,KZT,247,probability,0.5714432423394523,0.5060728744939271,0.10097934866856438,-0.19794268542971633,0.7622973276839643
logit_base,1,2024,TJS,247,probability,0.5917291484925343,0.5465587044534413,0.0675448150499435,-0.2847888924668283,1.262294004149851
logit_base,1,2024,UZS,247,probability,0.5850645915985018,0.5384615384615384,0.09882335093375262,-0.31266483542348145,1.3486570265507298
logit_base,1,2025,__ALL__,1230,probability,0.5261257486360481,0.4634146341463415,0.06271111448970668,-0.2641383143412326,1.077637404635834
logit_base,1,2025,AMD,246,probability,0.5313588641484369,0.45934959349593496,0.09127459506173907,-0.31329544123755054,1.153450580109924
logit_base,1,2025,KGS,246,probability,0.5197289698791612,0.4268292682926829,0.09616613733324025,-0.40106027529552774,1.2405526110574125
logit_base,1,2025,KZT,246,probability,0.511727373798237,0.46747967479674796,0.07563705956655044,-0.15379409529651414,0.4799143530883198
logit_base,1,2025,TJS,246,probability,0.5498878167849195,0.5040650406504065,0.06616774376336453,-0.24276165657400522,1.2705471098737313
logit_base,1,2025,UZS,246,probability,0.5179257185694863,0.45934959349593496,0.07460735282883665,-0.24826240467049046,1.127427832736804
logit_base,3,2023,__ALL__,1220,probability,0.3366223275545887,0.44508196721311477,0.108459639658526,-0.1509551588627932,0.10269292718179863
logit_base,3,2023,AMD,244,probability,0.336992532717504,0.45901639344262296,0.14239779762764257,-0.11275991011070247,0.07596225474246417
logit_base,3,2023,KGS,244,probability,0.33678218589674025,0.45491803278688525,0.12128717717674516,-0.12377174770269599,0.08441640083801323
logit_base,3,2023,KZT,244,probability,0.33601437922183747,0.4098360655737705,0.09408610996872431,-0.248985872645013,0.16976313567782328
logit_base,3,2023,TJS,244,probability,0.33667444900015253,0.45081967213114754,0.11727995727592627,-0.13512797045175895,0.09180549478312525
logit_base,3,2023,UZS,244,probability,0.3366480909367096,0.45081967213114754,0.11481676076333712,-0.13510751700618653,0.09183174033935328
logit_base,3,2024,__ALL__,1225,probability,0.46910650377987156,0.38612244897959186,0.08298405480027969,-0.34256515307862934,1.000559498582957
logit_base,3,2024,AMD,245,probability,0.48648011460773544,0.4,0.09783779841060647,-0.3390277950356466,1.3254854466354
logit_base,3,2024,KGS,245,probability,0.47857273313679183,0.4122448979591837,0.10510205587519049,-0.3372823244487775,0.2024918811018221
logit_base,3,2024,KZT,245,probability,0.4422843617167712,0.3346938775510204,0.1131561383849819,-0.5851930142710635,0.4382200529994618
logit_base,3,2024,TJS,245,probability,0.47294373855986005,0.4,0.08740774959233547,-0.29291747184740974,1.0644234004015318
logit_base,3,2024,UZS,245,probability,0.4652515708781992,0.3836734693877551,0.12021017745091894,-0.2749489790913245,1.478474059315299
logit_base,3,2025,__ALL__,1220,probability,0.3699049931836418,0.28114754098360656,0.09855979038399669,-0.133838248320906,1.5465381375086822
logit_base,3,2025,AMD,244,probability,0.38005138016151807,0.2786885245901639,0.12202415395586746,-0.13374826679017188,1.7197565182363799
logit_base,3,2025,KGS,244,probability,0.36937248419436314,0.2540983606557377,0.1298720852585915,0.03972513818712574,2.1767895870850897
logit_base,3,2025,KZT,244,probability,0.34879117493006384,0.26229508196721313,0.09614327674593627,-0.823647588945896,0.33512909344846564
logit_base,3,2025,TJS,244,probability,0.38868156522405894,0.3360655737704918,0.07340972109722949,-0.04481542183408996,1.429597293977075
logit_base,3,2025,UZS,244,probability,0.362628361408205,0.27459016393442626,0.12109568199738951,0.08046942369587681,1.9136898675475864
logit_base,5,2023,__ALL__,1210,probability,0.2803687615283543,0.3859504132231405,0.10676977491305459,13.141943492726666,14.436574847117367
logit_base,5,2023,AMD,242,probability,0.28103588401003454,0.3925619834710744,0.12642436118206468,14.130518743556545,15.510579171511475
logit_base,5,2023,KGS,242,probability,0.2805218510080766,0.3884297520661157,0.1461128300913849,22.34998568689633,24.216113075996553
logit_base,5,2023,KZT,242,probability,0.2796261833089757,0.3677685950413223,0.1024631920663165,-0.28562257600576424,0.2708477554125783
logit_base,5,2023,TJS,242,probability,0.280261814361145,0.3884297520661157,0.12979208818892923,17.843014732015035,19.402779390732306
logit_base,5,2023,UZS,242,probability,0.28039807495353997,0.3925619834710744,0.11216390851753447,8.557707418423643,9.543801091802246
logit_base,5,2024,__ALL__,1215,probability,0.40854485575242494,0.3333333333333333,0.08058502689303233,-0.4889563896585023,0.5504606160110934
logit_base,5,2024,AMD,243,probability,0.4327771788018859,0.3497942386831276,0.11030969753610889,-0.44157170065941176,0.6631609615428886
logit_base,5,2024,KGS,243,probability,0.41436212188042704,0.37037037037037035,0.12172871467914277,-0.5319081814974664,-0.0035854903626585666
logit_base,5,2024,KZT,243,probability,0.38341874432474,0.2674897119341564,0.12711973082005332,-0.9102697190897373,0.20115252669057618
logit_base,5,2024,TJS,243,probability,0.41919509605833244,0.3497942386831276,0.08952847026399165,-0.4080354667881392,0.6504567924675877
logit_base,5,2024,UZS,243,probability,0.3929711376967392,0.3292181069958848,0.07116921777520673,-0.3540452604597047,0.8271926309408114
logit_base,5,2025,__ALL__,1210,probability,0.31870060527596106,0.22148760330578512,0.09859789797030165,-0.21011912623211804,1.4043396586696304
logit_base,5,2025,AMD,242,probability,0.32938473035978605,0.2190082644628099,0.14114407870156456,-0.19749758512956242,1.5496245035914609
logit_base,5,2025,KGS,242,probability,0.31362918516432764,0.2024793388429752,0.12203789846707042,0.17009189259047686,2.0414713323845795
logit_base,5,2025,KZT,242,probability,0.30418822176096666,0.19834710743801653,0.13066252232739112,-1.3211045721624572,0.09029990928006644
logit_base,5,2025,TJS,242,probability,0.33747962826494243,0.2892561983471074,0.05002866608524845,-0.14584105878650483,1.1259723199313891
logit_base,5,2025,UZS,242,probability,0.3088212608297827,0.19834710743801653,0.11743335892656245,-0.08124052361922739,1.6687107225970945
logit_base,10,2023,__ALL__,1185,probability,0.2263037512237774,0.30886075949367087,0.09981357379298503,0.11805247848095171,0.7504930176446385
logit_base,10,2023,AMD,237,probability,0.2336152174713379,0.3333333333333333,0.13852893882510942,-0.7452984611618748,-0.04347379435220884
logit_base,10,2023,KGS,237,probability,0.2255754613803502,0.31223628691983124,0.12455089835644727,0.9752152305317608,1.4304915686658113
logit_base,10,2023,KZT,237,probability,0.21829510259454282,0.2911392405063291,0.11335818945355602,0.14474452523871703,0.8103066050139652
logit_base,10,2023,TJS,237,probability,0.2273761931528453,0.2911392405063291,0.10369314729022962,0.24939546882896405,0.9308445475084124
logit_base,10,2023,UZS,237,probability,0.226656781519811,0.31645569620253167,0.09405222062288307,-0.3065606899644158,0.3768446186353468
logit_base,10,2024,__ALL__,1190,probability,0.3163760046564067,0.27647058823529413,0.07760435748010439,-2.8301242848305033,-2.4050067012595595
logit_base,10,2024,AMD,238,probability,0.32513297676657665,0.29831932773109243,0.12456645683244262,-3.7762607721093446,-3.9550644637292476
logit_base,10,2024,KGS,238,probability,0.317779215948333,0.3025210084033613,0.13444748075045157,-4.506601885747171,-4.760723074421126
logit_base,10,2024,KZT,238,probability,0.3088521574486495,0.21008403361344538,0.13321620294643471,-4.167762579825251,-3.483090757351483
logit_base,10,2024,TJS,238,probability,0.3177769311606121,0.3025210084033613,0.11298195451110896,-3.2908555653168228,-3.185628668486799
logit_base,10,2024,UZS,238,probability,0.3123387419578622,0.2689075630252101,0.1056779355584196,-1.2666305397578435,-0.3362924460707942
logit_base,10,2025,__ALL__,1185,probability,0.27343244665223587,0.15274261603375527,0.1210295078609078,2.0465100010583184,3.9124263136720243
logit_base,10,2025,AMD,237,probability,0.2832195657454917,0.1518987341772152,0.1320786226031043,2.043646828046935,4.135113710097976
logit_base,10,2025,KGS,237,probability,0.2724082688421721,0.13924050632911392,0.14490283497697007,3.918296859497417,6.014628364816112
logit_base,10,2025,KZT,237,probability,0.26648109153335203,0.1308016877637131,0.1356794037696389,-1.527582523375338,0.3613416297776501
logit_base,10,2025,TJS,237,probability,0.2759771970429313,0.21518987341772153,0.09961674057900465,2.5570530217036618,4.05107512655281
logit_base,10,2025,UZS,237,probability,0.2690761100972322,0.12658227848101267,0.14249383161621954,2.5722089676085274,4.5821034564787135
logit_base,20,2023,__ALL__,1135,probability,0.13767291759638528,0.2669603524229075,0.1292874348265222,3.1377395747461483,2.2631191765589
logit_base,20,2023,AMD,227,probability,0.14202271130001481,0.31718061674008813,0.1751579054400733,2.1027862962915536,1.59486267879984
logit_base,20,2023,KGS,227,probability,0.13702722426511976,0.28193832599118945,0.14491110172606966,5.926496529970822,3.737504863057986
logit_base,20,2023,KZT,227,probability,0.13053878487908377,0.2422907488986784,0.11175196401959464,0.8230777580157126,1.0345282033824523
logit_base,20,2023,TJS,227,probability,0.13902847684294298,0.2511013215859031,0.13158170012671136,2.7382481754540953,2.1026008075028395
logit_base,20,2023,UZS,227,probability,0.1397473906947651,0.2422907488986784,0.13830783208577604,5.195746544605569,3.4974568730655995
logit_base,20,2024,__ALL__,1140,probability,0.1346457728512576,0.20350877192982456,0.1467377334663043,-2.5450684536885886,-0.5771165180406883
logit_base,20,2024,AMD,228,probability,0.1435311521932471,0.22807017543859648,0.17027545398867544,-2.7261855487821003,-0.7573432550700073
logit_base,20,2024,KGS,228,probability,0.14015464978230685,0.22807017543859648,0.16220218413507909,-2.189464892095396,-0.4924210990053135
logit_base,20,2024,KZT,228,probability,0.11391931996432883,0.16228070175438597,0.11779906758043406,-4.032334277288566,-1.0493463546221822
logit_base,20,2024,TJS,228,probability,0.1481803317495405,0.20175438596491227,0.16359967767053613,-2.6338490292672767,-0.6503056913554643
logit_base,20,2024,UZS,228,probability,0.12744341056686465,0.19736842105263158,0.1547888922402187,-2.374766697474362,-0.46452703295826525
logit_base,20,2025,__ALL__,1135,probability,0.3460907062912119,0.0960352422907489,0.250055464000463,-1.7301559543881606,0.903210633952302
logit_base,20,2025,AMD,227,probability,0.4172374616605947,0.0881057268722467,0.32913173478834806,-2.0890760837747795,1.2047019096955194
logit_base,20,2025,KGS,227,probability,0.3546668699063296,0.0881057268722467,0.26656114303408296,-1.647345813160906,1.505386984300796
logit_base,20,2025,KZT,227,probability,0.2993134327904098,0.07048458149779736,0.22882885129261246,-2.9140977898403126,-0.3590365496620418
logit_base,20,2025,TJS,227,probability,0.35942402096177495,0.14977973568281938,0.20964428527895554,-1.1968647444087146,1.0433312519110436
logit_base,20,2025,UZS,227,probability,0.2998117461369505,0.08370044052863436,0.2161113056083161,-1.4630083835931267,1.1963151305137245
logit_cnyrub_basis_only,5,2023,__ALL__,1210,probability,0.263104581470892,0.3859504132231405,0.1956363377391289,7.17225106032157,7.501660720110743
logit_cnyrub_basis_only,5,2023,AMD,242,probability,0.2662830529758969,0.3925619834710744,0.1930037612944516,6.324275269999714,6.73810593061826
logit_cnyrub_basis_only,5,2023,KGS,242,probability,0.262724392148739,0.3884297520661157,0.21525234728181833,7.4278767511941295,7.727041738599092
logit_cnyrub_basis_only,5,2023,KZT,242,probability,0.26206102552156557,0.3677685950413223,0.16182951247628086,7.171339490587392,7.553390182228532
logit_cnyrub_basis_only,5,2023,TJS,242,probability,0.2620610255215656,0.3884297520661157,0.22381298355066098,7.880015758995738,8.146615679869056
logit_cnyrub_basis_only,5,2023,UZS,242,probability,0.2623934111866929,0.3925619834710744,0.21126787872753283,7.283898343723727,7.550871522775827
logit_cnyrub_basis_only,5,2024,__ALL__,1215,probability,0.34338367610810194,0.3333333333333333,0.027323336436702372,-0.21018756280822115,0.7343950504583131
logit_cnyrub_basis_only,5,2024,AMD,243,probability,0.42437468709251214,0.3497942386831276,0.09892930995755367,-0.4278697002289339,0.7391932356890591
logit_cnyrub_basis_only,5,2024,KGS,243,probability,0.33327756838390793,0.37037037037037035,0.06879603081955582,0.11816043668872711,0.890264386847728
logit_cnyrub_basis_only,5,2024,KZT,243,probability,0.2733263164889624,0.2674897119341564,0.05142662708705205,-0.43894391636985425,0.5575222671738496
logit_cnyrub_basis_only,5,2024,TJS,243,probability,0.38744827929637976,0.3497942386831276,0.07063849588514245,-0.29858814041924037,0.7267321930686769
logit_cnyrub_basis_only,5,2024,UZS,243,probability,0.2984915292787475,0.3292181069958848,0.07060128473350413,0.16669344000859,0.9960752650801734
logit_cnyrub_basis_only,5,2025,__ALL__,1210,probability,0.31009531768754056,0.22148760330578512,0.08860771438175548,-0.4500786198985537,1.112424591600545
logit_cnyrub_basis_only,5,2025,AMD,242,probability,0.33909515489249276,0.2190082644628099,0.12008689042968287,-0.5695226199330556,1.239688430916859
logit_cnyrub_basis_only,5,2025,KGS,242,probability,0.2910899066779804,0.2024793388429752,0.09521669216017846,-0.3790612448364224,1.2333184850496006
logit_cnyrub_basis_only,5,2025,KZT,242,probability,0.25858590538894916,0.19834710743801653,0.07743005031244879,-0.31069773615445057,1.0857841762508085
logit_cnyrub_basis_only,5,2025,TJS,242,probability,0.36489816126069347,0.2892561983471074,0.075641962913586,-0.4251098808743811,0.9217882185547371
logit_cnyrub_basis_only,5,2025,UZS,242,probability,0.2968074602175872,0.19834710743801653,0.0984603527795706,-0.47607071802691586,1.1909348624138403
logit_plus_cnyrub_basis,5,2023,__ALL__,1210,probability,0.27538782915601606,0.3859504132231405,0.14876965331499514,4.542140177359481,5.248313878849059
logit_plus_cnyrub_basis,5,2023,AMD,242,probability,0.2813761871299122,0.3925619834710744,0.15042278600887907,4.076253737027983,4.877504952473786
logit_plus_cnyrub_basis,5,2023,KGS,242,probability,0.27717024942630564,0.3884297520661157,0.1685110902254818,5.126321380900977,5.910016647764527
logit_plus_cnyrub_basis,5,2023,KZT,242,probability,0.2686395736252082,0.3677685950413223,0.13326227209880412,4.362114759099449,4.970978611718513
logit_plus_cnyrub_basis,5,2023,TJS,242,probability,0.27456605744334295,0.3884297520661157,0.17287291772568897,5.164500471111556,5.8664760653746395
logit_plus_cnyrub_basis,5,2023,UZS,242,probability,0.27518707815531157,0.3925619834710744,0.15013952089916888,4.400565433043922,5.058907293701919
logit_plus_cnyrub_basis,5,2024,__ALL__,1215,probability,0.4165373589617562,0.3333333333333333,0.0877251334248234,-0.46294304543232656,0.7448320870968863
logit_plus_cnyrub_basis,5,2024,AMD,243,probability,0.4701259337200574,0.3497942386831276,0.1264399568696511,-0.5729051765851274,0.7738457526021604
logit_plus_cnyrub_basis,5,2024,KGS,243,probability,0.4224981972501968,0.37037037037037035,0.07868959491301748,-0.30885119003947126,0.7262440094689867
logit_plus_cnyrub_basis,5,2024,KZT,243,probability,0.3628896684670823,0.2674897119341564,0.1150080158732726,-0.7058201632643508,0.5212911531568356
logit_plus_cnyrub_basis,5,2024,TJS,243,probability,0.43709347044332714,0.3497942386831276,0.09287986833313616,-0.4562506885490013,0.7392190125728548
logit_plus_cnyrub_basis,5,2024,UZS,243,probability,0.3900795249281175,0.3292181069958848,0.09103329378110256,-0.30119245760177554,1.0225263910492155
logit_plus_cnyrub_basis,5,2025,__ALL__,1210,probability,0.2913695885527247,0.22148760330578512,0.06988198524693966,-0.24862506019217936,1.1938409692019014
logit_plus_cnyrub_basis,5,2025,AMD,242,probability,0.3114811791021966,0.2190082644628099,0.0924729146393866,-0.3239971409082711,1.295701927534897
logit_plus_cnyrub_basis,5,2025,KGS,242,probability,0.28204654242700744,0.2024793388429752,0.086923463330969,-0.07560511180868291,1.5127515891390149
logit_plus_cnyrub_basis,5,2025,KZT,242,probability,0.26499684605170665,0.19834710743801653,0.08817827874360348,-0.5929450388446971,0.7908003857863408
logit_plus_cnyrub_basis,5,2025,TJS,242,probability,0.3272882730435463,0.2892561983471074,0.07489067020547682,-0.23902266261951652,0.9282081046052334
logit_plus_cnyrub_basis,5,2025,UZS,242,probability,0.271035102139167,0.19834710743801653,0.07863502925037383,-0.03358098814550624,1.4670032017892547
logit_plus_cnyrub_ret1,5,2023,__ALL__,1210,probability,0.29212770234582314,0.3859504132231405,0.13700485400102036,5.673444144095162,7.019761813886879
logit_plus_cnyrub_ret1,5,2023,AMD,242,probability,0.2979007297329901,0.3925619834710744,0.14197234764933805,5.505641029835631,7.0343896702626365
logit_plus_cnyrub_ret1,5,2023,KGS,242,probability,0.29368846040232294,0.3884297520661157,0.18083969588416288,7.621617315168912,9.334625337439457
logit_plus_cnyrub_ret1,5,2023,KZT,242,probability,0.2842980548086055,0.3677685950413223,0.11398099569218806,4.642581863330614,5.671366066937379
logit_plus_cnyrub_ret1,5,2023,TJS,242,probability,0.2919292983276355,0.3884297520661157,0.16483768746687702,7.270144997407218,8.83421507042971
logit_plus_cnyrub_ret1,5,2023,UZS,242,probability,0.29282196845756164,0.3925619834710744,0.16901167957738453,5.042622536905957,6.275115077437687
logit_plus_cnyrub_ret1,5,2024,__ALL__,1215,probability,0.43151940350993073,0.3333333333333333,0.11725168534984151,-0.5248452005185814,0.6448255314724778
logit_plus_cnyrub_ret1,5,2024,AMD,243,probability,0.48171557603592197,0.3497942386831276,0.1527114433595009,-0.5927475371050578,0.6821050932470967
logit_plus_cnyrub_ret1,5,2024,KGS,243,probability,0.437782622211328,0.37037037037037035,0.12324115163206083,-0.39449793341012035,0.537194304416861
logit_plus_cnyrub_ret1,5,2024,KZT,243,probability,0.38446236898011266,0.2674897119341564,0.14074887411754558,-0.7974322447908847,0.4371825972538494
logit_plus_cnyrub_ret1,5,2024,TJS,243,probability,0.4511789434104477,0.3497942386831276,0.1320107676764475,-0.5015324410054021,0.6713668766125235
logit_plus_cnyrub_ret1,5,2024,UZS,243,probability,0.4024575069118432,0.3292181069958848,0.08913288127293358,-0.38405277278451955,0.8801348982159086
logit_plus_cnyrub_ret1,5,2025,__ALL__,1210,probability,0.30822883749718843,0.22148760330578512,0.08674123419140332,-0.23709641784981575,1.3134709483139975
logit_plus_cnyrub_ret1,5,2025,AMD,242,probability,0.3247632209210802,0.2190082644628099,0.11573781165477642,-0.3074780822916028,1.3934987535497088
logit_plus_cnyrub_ret1,5,2025,KGS,242,probability,0.3004148340309321,0.2024793388429752,0.11415880309548457,-0.047118180394231185,1.673088494990107
logit_plus_cnyrub_ret1,5,2025,KZT,242,probability,0.28730393317448266,0.19834710743801653,0.13934156680493268,-0.7935917582964365,0.6633579882774204
logit_plus_cnyrub_ret1,5,2025,TJS,242,probability,0.33638478969188373,0.2892561983471074,0.07058409830014264,-0.2053864217953094,1.0379261251630105
logit_plus_cnyrub_ret1,5,2025,UZS,242,probability,0.29227740966756366,0.19834710743801653,0.11357431149518005,0.021380217753488945,1.688300271646228
logit_plus_cnyrub_spot,5,2023,__ALL__,1210,probability,0.262139744212332,0.3859504132231405,0.17448543104543382,35.01723278002924,34.3707837366785
logit_plus_cnyrub_spot,5,2023,AMD,242,probability,0.2630286844150691,0.3925619834710744,0.1799198201876927,30.800694986328836,30.386950807228413
logit_plus_cnyrub_spot,5,2023,KGS,242,probability,0.26298185742680125,0.3884297520661157,0.20658847674747888,43.40026994448874,42.66952779045549
logit_plus_cnyrub_spot,5,2023,KZT,242,probability,0.25982489224848104,0.3677685950413223,0.15530187829805764,33.412695239768475,32.5138471970415
logit_plus_cnyrub_spot,5,2023,TJS,242,probability,0.2624804843536201,0.3884297520661157,0.2007042670471105,45.33679979579665,44.44407767839961
logit_plus_cnyrub_spot,5,2023,UZS,242,probability,0.2623828026176885,0.3925619834710744,0.17763679876144978,35.31724724616449,34.66612822139801
logit_plus_cnyrub_spot,5,2024,__ALL__,1215,probability,0.4297427802214456,0.3333333333333333,0.09640944688811216,-0.22816229764077686,1.7999268309222458
logit_plus_cnyrub_spot,5,2024,AMD,243,probability,0.4611101973232211,0.3497942386831276,0.1332274070887469,-0.31332369124295256,2.4482231814767164
logit_plus_cnyrub_spot,5,2024,KGS,243,probability,0.4269322006372461,0.37037037037037035,0.07408852918039523,-0.13119550409299927,1.411420212176463
logit_plus_cnyrub_spot,5,2024,KZT,243,probability,0.3886988933508827,0.2674897119341564,0.1248536740892161,-0.2145640326614475,1.8526222406768946
logit_plus_cnyrub_spot,5,2024,TJS,243,probability,0.4558586720156017,0.3497942386831276,0.12134711762716541,-0.32198231509566677,1.975782611664845
logit_plus_cnyrub_spot,5,2024,UZS,243,probability,0.41611393778027583,0.3292181069958848,0.10454016870081592,-0.12647303326948078,1.8588972776911132
logit_plus_cnyrub_spot,5,2025,__ALL__,1210,probability,0.29791594476757793,0.22148760330578512,0.08102326408092528,-0.303214972617897,1.1568176717142475
logit_plus_cnyrub_spot,5,2025,AMD,242,probability,0.32339743218595524,0.2190082644628099,0.10438916772314527,-0.4403034724915488,1.2029135931609123
logit_plus_cnyrub_spot,5,2025,KGS,242,probability,0.2901037780774311,0.2024793388429752,0.09196499967802987,-0.22039446926203493,1.3711847151058352
logit_plus_cnyrub_spot,5,2025,KZT,242,probability,0.27847166996257183,0.19834710743801653,0.08913029032930425,-0.7375334352789249,0.6919056001894962
logit_plus_cnyrub_spot,5,2025,TJS,242,probability,0.32309930358254224,0.2892561983471074,0.06296057744406024,-0.14282903455514617,1.0380388498766375
logit_plus_cnyrub_spot,5,2025,UZS,242,probability,0.27450754002938915,0.19834710743801653,0.08290050685908058,-0.030979710823824523,1.4718221765671786
logit_plus_direct_corridor_basis,5,2023,__ALL__,1210,probability,0.28056007445836123,0.3859504132231405,0.10539033876477932,16.06527255694952,17.55948990477019
logit_plus_direct_corridor_basis,5,2023,AMD,242,probability,0.28150239473769084,0.3925619834710744,0.14166601251414657,18.489719440615204,20.20732841238683
logit_plus_direct_corridor_basis,5,2023,KGS,242,probability,0.2812495828980817,0.3884297520661157,0.12093909938522932,20.594885072321027,22.442022019530995
logit_plus_direct_corridor_basis,5,2023,KZT,242,probability,0.2793889223905715,0.3677685950413223,0.13020462549557235,19.02387376349639,20.659558131778127
logit_plus_direct_corridor_basis,5,2023,TJS,242,probability,0.28023288216574743,0.3884297520661157,0.12949845274816005,13.621692828314782,14.924368391353344
logit_plus_direct_corridor_basis,5,2023,UZS,242,probability,0.2804265900997143,0.3925619834710744,0.11815619931570147,11.671960060856216,12.85295617474331
logit_plus_direct_corridor_basis,5,2024,__ALL__,1215,probability,0.39933776329110654,0.3333333333333333,0.08240794373004313,-0.49844462543689905,0.46873780041072216
logit_plus_direct_corridor_basis,5,2024,AMD,243,probability,0.44137722030227616,0.3497942386831276,0.1201651604429713,-0.44836360578393136,0.7486950113172185
logit_plus_direct_corridor_basis,5,2024,KGS,243,probability,0.3834055713930948,0.37037037037037035,0.12444900817168418,-0.43343990763177603,0.19680969434242437
logit_plus_direct_corridor_basis,5,2024,KZT,243,probability,0.37773536227363236,0.2674897119341564,0.11684291691417098,-0.788880362070579,0.43448431239331337
logit_plus_direct_corridor_basis,5,2024,TJS,243,probability,0.42334160435100554,0.3497942386831276,0.09154438332084847,-0.46089186281896294,0.5114127530964218
logit_plus_direct_corridor_basis,5,2024,UZS,243,probability,0.3708290581355238,0.3292181069958848,0.09338674348226596,-0.45468516222122723,0.4708290129998225
logit_plus_direct_corridor_basis,5,2025,__ALL__,1210,probability,0.3209492588873869,0.22148760330578512,0.09946165558160174,-0.2293706540639597,1.4054643283638522
logit_plus_direct_corridor_basis,5,2025,AMD,242,probability,0.32717746089639893,0.2190082644628099,0.12483205066311792,-0.0001787194060884397,1.8143374620076302
logit_plus_direct_corridor_basis,5,2025,KGS,242,probability,0.3199182828488017,0.2024793388429752,0.1339022926065578,0.37473975415806915,2.456872980491769
logit_plus_direct_corridor_basis,5,2025,KZT,242,probability,0.3129665501368998,0.19834710743801653,0.11461944269888323,-0.92169025500354,0.6041986988170923
logit_plus_direct_corridor_basis,5,2025,TJS,242,probability,0.343705007935265,0.2892561983471074,0.05444880958815754,-0.18176716903958703,1.1190854658237284
logit_plus_direct_corridor_basis,5,2025,UZS,242,probability,0.300978992619569,0.19834710743801653,0.12312253065270963,-0.6686445580250086,0.8731456576099982
logit_plus_direct_corridor_market,5,2023,__ALL__,1210,probability,0.27934519469509067,0.3859504132231405,0.1066052185280498,2.005583568907537,2.606532728344092
logit_plus_direct_corridor_market,5,2023,AMD,242,probability,0.2818851083742466,0.3925619834710744,0.15095702161227537,7.336986725548304,8.314426120421166
logit_plus_direct_corridor_market,5,2023,KGS,242,probability,0.2745864194716845,0.3884297520661157,0.11384333259443113,0.6817686052176605,1.1686873768680381
logit_plus_direct_corridor_market,5,2023,KZT,242,probability,0.28159479484741523,0.3677685950413223,0.1100443290558857,15.727259453149555,17.38020845324548
logit_plus_direct_corridor_market,5,2023,TJS,242,probability,0.28027111849511444,0.3884297520661157,0.137835241312426,16.45958232777775,17.937261980012487
logit_plus_direct_corridor_market,5,2023,UZS,242,probability,0.27838853228699256,0.3925619834710744,0.12067079196956987,8.139061877061685,9.005808731381341
logit_plus_direct_corridor_market,5,2024,__ALL__,1215,probability,0.37924890716623577,0.3333333333333333,0.056082054734342364,-0.16065753858417572,1.083324072163585
logit_plus_direct_corridor_market,5,2024,AMD,243,probability,0.39824900388659734,0.3497942386831276,0.11411905837073753,0.564557306004323,2.8971050589550766
logit_plus_direct_corridor_market,5,2024,KGS,243,probability,0.36709843046681967,0.37037037037037035,0.08162564099523277,-0.13179440678026397,0.7314894556774441
logit_plus_direct_corridor_market,5,2024,KZT,243,probability,0.3891532418792439,0.2674897119341564,0.1311768336437673,-0.5454977237598718,1.0275655697044879
logit_plus_direct_corridor_market,5,2024,TJS,243,probability,0.37669192417548014,0.3497942386831276,0.058372805918158535,0.41148357074003594,2.0553163588947307
logit_plus_direct_corridor_market,5,2024,UZS,243,probability,0.36505193542303754,0.3292181069958848,0.10837016770264855,0.2259743289082138,1.7008637841029874
logit_plus_direct_corridor_market,5,2025,__ALL__,1210,probability,0.3235724725698013,0.22148760330578512,0.1020848692640162,-0.27900265430168586,1.3586678826856242
logit_plus_direct_corridor_market,5,2025,AMD,242,probability,0.32257335263167053,0.2190082644628099,0.12043224535225662,0.021090925300359026,1.7928251959713228
logit_plus_direct_corridor_market,5,2025,KGS,242,probability,0.32226582535334614,0.2024793388429752,0.13381251229988622,0.32347180065897957,2.4325190867938025
logit_plus_direct_corridor_market,5,2025,KZT,242,probability,0.3087979867652969,0.19834710743801653,0.11998002358240506,-0.8950840012842646,0.6226718781410373
logit_plus_direct_corridor_market,5,2025,TJS,242,probability,0.34557052392459225,0.2892561983471074,0.05890957681100666,-0.17116143298804573,1.1511789038290456
logit_plus_direct_corridor_market,5,2025,UZS,242,probability,0.3186546741741008,0.19834710743801653,0.12232725312951508,-0.8653293430080805,0.7040885214719185
logit_plus_global_market,5,2023,__ALL__,1210,probability,0.28108883414883956,0.3859504132231405,0.1342258981851705,13.216959212277278,14.576306123796908
logit_plus_global_market,5,2023,AMD,242,probability,0.2821043598188635,0.3925619834710744,0.14947259439837812,10.861028920226346,12.100184552811815
logit_plus_global_market,5,2023,KGS,242,probability,0.2813188507211803,0.3884297520661157,0.13916435811360375,18.412496147950574,20.126884891205318
logit_plus_global_market,5,2023,KZT,242,probability,0.2796214209214398,0.3677685950413223,0.13435251219186145,8.66365191576349,9.730415518463664
logit_plus_global_market,5,2023,TJS,242,probability,0.2810973482185853,0.3884297520661157,0.1447880799805605,18.825646818981173,20.54440575432659
logit_plus_global_market,5,2023,UZS,242,probability,0.2813021910641289,0.3925619834710744,0.1472805941544292,11.00387017155414,12.200936791918602
logit_plus_global_market,5,2024,__ALL__,1215,probability,0.3791948766334204,0.3333333333333333,0.09631139683236013,-1.7873148319343608,-2.1919359989365583
logit_plus_global_market,5,2024,AMD,243,probability,0.3837177979519748,0.3497942386831276,0.11046777268957463,-1.974127547733067,-2.8221415351156347
logit_plus_global_market,5,2024,KGS,243,probability,0.3786092969283212,0.37037037037037035,0.08200198909821477,-1.3361119672821846,-1.6122227689748194
logit_plus_global_market,5,2024,KZT,243,probability,0.37281017137555006,0.2674897119341564,0.11257146146422649,-1.5924951654831077,-1.1149371227178348
logit_plus_global_market,5,2024,TJS,243,probability,0.3836521866836228,0.3497942386831276,0.15500876694454205,-1.9943755327881982,-2.8581449342102787
logit_plus_global_market,5,2024,UZS,243,probability,0.37718493022763333,0.3292181069958848,0.12170586631747027,-2.4685501595470196,-3.440201573042597
logit_plus_global_market,5,2025,__ALL__,1210,probability,0.3311035131384548,0.22148760330578512,0.12403524671611238,3.615612364028957,7.00896702665764
logit_plus_global_market,5,2025,AMD,242,probability,0.33353330683533616,0.2190082644628099,0.1584999208487502,2.757688685166183,5.882317086854236
logit_plus_global_market,5,2025,KGS,242,probability,0.32998997343416364,0.2024793388429752,0.16906637738352343,4.5477850873346775,8.494194788873335
logit_plus_global_market,5,2025,KZT,242,probability,0.3286777152777881,0.19834710743801653,0.14091143845373952,2.0042166778672996,4.790561319613173
logit_plus_global_market,5,2025,TJS,242,probability,0.33430416350466047,0.2892561983471074,0.09033191198041741,3.674333527308452,6.696355353694016
logit_plus_global_market,5,2025,UZS,242,probability,0.32901240664032566,0.19834710743801653,0.1457428368784483,4.048601439878959,7.740191697347431
logit_plus_kazakhstan_official,5,2023,__ALL__,1210,probability,0.27932949630653464,0.3859504132231405,0.10958059406699085,-0.2445292113741177,0.23179464902461266
logit_plus_kazakhstan_official,5,2023,AMD,242,probability,0.2793378758624639,0.3925619834710744,0.127319332112666,-0.22989761954487173,0.21788359726836437
logit_plus_kazakhstan_official,5,2023,KGS,242,probability,0.27933180182169864,0.3884297520661157,0.12316717857837131,-0.23901903421376616,0.22660469696592742
logit_plus_kazakhstan_official,5,2023,KZT,242,probability,0.2793185140463422,0.3677685950413223,0.11660869265537736,-0.28532865177821737,0.27043595090803474
logit_plus_kazakhstan_official,5,2023,TJS,242,probability,0.2793286248761311,0.3884297520661157,0.1289830321580453,-0.23900838301647112,0.2266269454579975
logit_plus_kazakhstan_official,5,2023,UZS,242,probability,0.27933066492603725,0.3925619834710744,0.11323131854503711,-0.22988790166880765,0.21788878743395743
logit_plus_kazakhstan_official,5,2024,__ALL__,1215,probability,0.4013550047080338,0.3333333333333333,0.07095965000886874,-0.5768216164959349,0.28755442382971347
logit_plus_kazakhstan_official,5,2024,AMD,243,probability,0.4220063286388568,0.3497942386831276,0.10779733607839742,-0.5144351738913345,0.332343687886985
logit_plus_kazakhstan_official,5,2024,KGS,243,probability,0.4040219506303727,0.37037037037037035,0.08220324066072285,-0.5755993741792872,-0.11291071805121033
logit_plus_kazakhstan_official,5,2024,KZT,243,probability,0.38186018568291796,0.2674897119341564,0.14546975980317634,-1.069767203675456,-0.1264468305731054
logit_plus_kazakhstan_official,5,2024,TJS,243,probability,0.41138147658477164,0.3497942386831276,0.07609315503564743,-0.5045525564960166,0.3189955361583918
logit_plus_kazakhstan_official,5,2024,UZS,243,probability,0.38750508200324996,0.3292181069958848,0.09475286175741728,-0.4317710425651703,0.6098182342412876
logit_plus_kazakhstan_official,5,2025,__ALL__,1210,probability,0.3160554005188029,0.22148760330578512,0.09479788387147661,-0.26809367519605065,1.298249585979522
logit_plus_kazakhstan_official,5,2025,AMD,242,probability,0.3271736010541832,0.2190082644628099,0.11778198432035462,-0.2676347224208569,1.4187818835337211
logit_plus_kazakhstan_official,5,2025,KGS,242,probability,0.3120435364809005,0.2024793388429752,0.11424336120182077,0.10412740766108819,1.9201066490240337
logit_plus_kazakhstan_official,5,2025,KZT,242,probability,0.30445874480222246,0.19834710743801653,0.131137372254084,-1.3049866898072136,0.1099637106303595
logit_plus_kazakhstan_official,5,2025,TJS,242,probability,0.3293857210619615,0.2892561983471074,0.06377366340468893,-0.20878389161655808,0.9734989744740117
logit_plus_kazakhstan_official,5,2025,UZS,242,probability,0.30721539919474683,0.19834710743801653,0.1088682917567303,-0.24555113145275134,1.436779704741151
logit_plus_kz_external_balance,5,2023,__ALL__,1210,probability,0.2282528692565872,0.3859504132231405,0.1576975439665533,1.0202042408789007,1.207746812235
logit_plus_kz_external_balance,5,2023,AMD,242,probability,0.22948450960512135,0.3925619834710744,0.16307747386595306,1.5905098250649172,1.6647740400986655
logit_plus_kz_external_balance,5,2023,KGS,242,probability,0.22883552173538313,0.3884297520661157,0.163136810686279,0.5363391054582778,0.8044994523436585
logit_plus_kz_external_balance,5,2023,KZT,242,probability,0.22727804511015162,0.3677685950413223,0.14170902425261353,0.8287012175926244,1.1107468339606619
logit_plus_kz_external_balance,5,2023,TJS,242,probability,0.22785530836278156,0.3884297520661157,0.16363724235169042,1.006781520760724,1.1857179396302104
logit_plus_kz_external_balance,5,2023,UZS,242,probability,0.22781096146949845,0.3925619834710744,0.164751022001576,1.13658052695295,1.2771389007305418
logit_plus_kz_external_balance,5,2024,__ALL__,1215,probability,0.45098876922820746,0.3333333333333333,0.16409567501145952,-0.643705040557809,0.2406479156575205
logit_plus_kz_external_balance,5,2024,AMD,243,probability,0.4687997232383478,0.3497942386831276,0.19599941173543295,-0.6069645404406621,0.09517125811346935
logit_plus_kz_external_balance,5,2024,KGS,243,probability,0.4381290963614534,0.37037037037037035,0.15167602560558702,-0.506533982194274,0.08973564592183039
logit_plus_kz_external_balance,5,2024,KZT,243,probability,0.44181987930188193,0.2674897119341564,0.21548158955727031,-0.9817342044027646,0.10179586707538464
logit_plus_kz_external_balance,5,2024,TJS,243,probability,0.4574604260839784,0.3497942386831276,0.1456705838293082,-0.5404488139608934,0.4671858560948451
logit_plus_kz_external_balance,5,2024,UZS,243,probability,0.44873472115537616,0.3292181069958848,0.17025806513845532,-0.6101834971721459,0.4944679404582733
logit_plus_kz_external_balance,5,2025,__ALL__,1210,probability,0.4613208518439065,0.22148760330578512,0.28260898295824816,-1.2458161372043117,0.052261900666134856
logit_plus_kz_external_balance,5,2025,AMD,242,probability,0.48717294971388964,0.2190082644628099,0.30170829605717076,-1.2606916297421575,0.14012236640979886
logit_plus_kz_external_balance,5,2025,KGS,242,probability,0.4532704188655742,0.2024793388429752,0.2896621147323406,-1.358086093054746,0.04975462461153438
logit_plus_kz_external_balance,5,2025,KZT,242,probability,0.43933623156987467,0.19834710743801653,0.289387877146777,-1.4712912940647551,-0.21621692055061834
logit_plus_kz_external_balance,5,2025,TJS,242,probability,0.4863903198187517,0.2892561983471074,0.24649918897957038,-0.8849254331812682,0.19317016618419344
logit_plus_kz_external_balance,5,2025,UZS,242,probability,0.440434339251442,0.19834710743801653,0.29668871284709475,-1.4506318905612734,-0.14229626771246603
logit_plus_kz_inflation,5,2023,__ALL__,1210,probability,0.28036876152835444,0.3859504132231405,0.10676977491305446,13.141943492725787,14.436574847116441
logit_plus_kz_inflation,5,2023,AMD,242,probability,0.2810358840100347,0.3925619834710744,0.1264243611820646,14.130518743556056,15.510579171510969
logit_plus_kz_inflation,5,2023,KGS,242,probability,0.2805218510080766,0.3884297520661157,0.1461128300913848,22.349985686895387,24.216113075995565
logit_plus_kz_inflation,5,2023,KZT,242,probability,0.2796261833089757,0.3677685950413223,0.10246319206631649,-0.28562257600576435,0.2708477554125784
logit_plus_kz_inflation,5,2023,TJS,242,probability,0.2802618143611451,0.3884297520661157,0.12979208818892912,17.843014732010456,19.40277939072745
logit_plus_kz_inflation,5,2023,UZS,242,probability,0.2803980749535401,0.3925619834710744,0.11216390851753438,8.557707418422604,9.543801091801145
logit_plus_kz_inflation,5,2024,__ALL__,1215,probability,0.32746535048487513,0.3333333333333333,0.04293770027747792,-0.8191986072862867,-0.17467750266038296
logit_plus_kz_inflation,5,2024,AMD,243,probability,0.3335494221944543,0.3497942386831276,0.0714806291000957,-0.9278301173706314,-0.44333271816620745
logit_plus_kz_inflation,5,2024,KGS,243,probability,0.32793493716613037,0.37037037037037035,0.12679181497484518,-1.0059333345578083,-0.6602250347144687
logit_plus_kz_inflation,5,2024,KZT,243,probability,0.32305349901168107,0.2674897119341564,0.08169273280008008,-2.3188546870761146,-1.7606089554069742
logit_plus_kz_inflation,5,2024,TJS,243,probability,0.3313796347413598,0.3497942386831276,0.05949337071868498,-0.6805336505086543,-0.08562113872007683
logit_plus_kz_inflation,5,2024,UZS,243,probability,0.3214092593107503,0.3292181069958848,0.07721876047102591,-0.2559293098280654,0.6094909143772756
logit_plus_kz_inflation,5,2025,__ALL__,1210,probability,0.33718870040323934,0.22148760330578512,0.11570109709745416,-0.5836521215032036,1.0329351816840666
logit_plus_kz_inflation,5,2025,AMD,242,probability,0.36084700934000147,0.2190082644628099,0.15163749878045837,-0.6590301371042091,1.1426350522535282
logit_plus_kz_inflation,5,2025,KGS,242,probability,0.3336826085749362,0.2024793388429752,0.14670964550912918,-0.3975120445319234,1.5316328278166262
logit_plus_kz_inflation,5,2025,KZT,242,probability,0.3162290765226724,0.19834710743801653,0.14505430404613248,-1.0969568462248496,0.38220406761686304
logit_plus_kz_inflation,5,2025,TJS,242,probability,0.3549587775380876,0.2892561983471074,0.108519853424817,-0.4201256764448102,0.8061741160204202
logit_plus_kz_inflation,5,2025,UZS,242,probability,0.3202260300404987,0.19834710743801653,0.13479338721914152,-0.43320299155339836,1.3419573225502988
logit_plus_kz_leading_surveys,5,2023,__ALL__,1210,probability,0.32265303559531494,0.3859504132231405,0.08973474797497516,-1.6454582180948034,-1.5849411347838798
logit_plus_kz_leading_surveys,5,2023,AMD,242,probability,0.3285405908827765,0.3925619834710744,0.11165391780706553,-1.7718482388427501,-1.8606598654960114
logit_plus_kz_leading_surveys,5,2023,KGS,242,probability,0.3294385269161924,0.3884297520661157,0.12336034742118893,-1.286821504224325,-1.168303018063389
logit_plus_kz_leading_surveys,5,2023,KZT,242,probability,0.30777199732187754,0.3677685950413223,0.08263384511488524,-1.6363670774849446,-1.3441912982588637
logit_plus_kz_leading_surveys,5,2023,TJS,242,probability,0.3251115696903677,0.3884297520661157,0.13043465375600335,-1.8208389993708287,-1.863872584624207
logit_plus_kz_leading_surveys,5,2023,UZS,242,probability,0.32240249316536046,0.3925619834710744,0.13701236611964934,-3.233963482025252,-3.7426400839959775
logit_plus_kz_leading_surveys,5,2024,__ALL__,1215,probability,0.35733712457243355,0.3333333333333333,0.07153617595078268,-1.328354672843124,-1.07398347355105
logit_plus_kz_leading_surveys,5,2024,AMD,243,probability,0.3627355665294659,0.3497942386831276,0.1431562610710177,-1.0537557890615985,-0.765406414187193
logit_plus_kz_leading_surveys,5,2024,KGS,243,probability,0.3555911396608037,0.37037037037037035,0.12450770554488239,-1.4105461908110861,-1.4677871033036194
logit_plus_kz_leading_surveys,5,2024,KZT,243,probability,0.35292285319248407,0.2674897119341564,0.11566035981875088,-1.7844051067342885,-1.272046628753217
logit_plus_kz_leading_surveys,5,2024,TJS,243,probability,0.36029783473968097,0.3497942386831276,0.0913737327543041,-1.0867841776036165,-0.8079282042165101
logit_plus_kz_leading_surveys,5,2024,UZS,243,probability,0.35513822873973305,0.3292181069958848,0.1129466268153993,-1.7511351779626023,-1.7248287855424211
logit_plus_kz_leading_surveys,5,2025,__ALL__,1210,probability,0.25405354301815264,0.22148760330578512,0.05566376131412767,-0.589762549297593,0.6128057242653926
logit_plus_kz_leading_surveys,5,2025,AMD,242,probability,0.26635175388238225,0.2190082644628099,0.0687741756080627,-0.20967856811644422,1.0589647757477467
logit_plus_kz_leading_surveys,5,2025,KGS,242,probability,0.24948873379613173,0.2024793388429752,0.07477568693720747,-0.3200438090661194,0.9594021301723177
logit_plus_kz_leading_surveys,5,2025,KZT,242,probability,0.25567325535635177,0.19834710743801653,0.105610233674817,-1.2915827327978928,0.09492688552537537
logit_plus_kz_leading_surveys,5,2025,TJS,242,probability,0.2651793949892603,0.2892561983471074,0.06364570367435153,-0.5336368091408554,0.34875944512415213
logit_plus_kz_leading_surveys,5,2025,UZS,242,probability,0.23357457706663695,0.19834710743801653,0.09638901291061065,-0.6918993613832818,0.5871636647826727
logit_plus_kztrub_market,5,2023,__ALL__,1210,probability,0.3015869602794273,0.3859504132231405,0.08436345294371324,0.7729804236137214,1.4734416197031905
logit_plus_kztrub_market,5,2023,AMD,242,probability,0.3057074681617339,0.3925619834710744,0.09774365149666513,2.315823111699297,3.3587604185109776
logit_plus_kztrub_market,5,2023,KGS,242,probability,0.3020712106173799,0.3884297520661157,0.09058046355076659,1.1956917150970392,1.9699335980204844
logit_plus_kztrub_market,5,2023,KZT,242,probability,0.29698162954902496,0.3677685950413223,0.10188301925821304,-1.2967534297767562,-0.8747435277829553
logit_plus_kztrub_market,5,2023,TJS,242,probability,0.3011014837319695,0.3884297520661157,0.10860173271967624,0.9616024770292233,1.6809230987951551
logit_plus_kztrub_market,5,2023,UZS,242,probability,0.30207300933702813,0.3925619834710744,0.09414074408675985,0.4517915321986036,1.0603420113934034
logit_plus_kztrub_market,5,2024,__ALL__,1215,probability,0.38498076484961574,0.3333333333333333,0.06272692052342732,-0.4410479980283854,0.5346610758099288
logit_plus_kztrub_market,5,2024,AMD,243,probability,0.40504302866378666,0.3497942386831276,0.0761598677209157,-0.20811580760536824,1.0823733098003205
logit_plus_kztrub_market,5,2024,KGS,243,probability,0.38770472348489615,0.37037037037037035,0.06806170168871842,-0.48054189038500844,0.10805988659616123
logit_plus_kztrub_market,5,2024,KZT,243,probability,0.35363296422717283,0.2674897119341564,0.12829006557583494,-0.8180932953563503,0.3110138340515504
logit_plus_kztrub_market,5,2024,TJS,243,probability,0.4043827783627049,0.3497942386831276,0.10177778741139848,-0.4318263769852195,0.48315502945161154
logit_plus_kztrub_market,5,2024,UZS,243,probability,0.37414032950951803,0.3292181069958848,0.13063317149619547,-0.6083852082056191,0.19831138193025183
logit_plus_kztrub_market,5,2025,__ALL__,1210,probability,0.3024281499995088,0.22148760330578512,0.08448568706782907,-0.3266546255233334,1.1323612445704851
logit_plus_kztrub_market,5,2025,AMD,242,probability,0.31552961873645263,0.2190082644628099,0.12652819713590885,-0.37573861378441115,1.1843415474505963
logit_plus_kztrub_market,5,2025,KGS,242,probability,0.2979789811102594,0.2024793388429752,0.09549964226728416,-0.10348274502464763,1.5319147360661007
logit_plus_kztrub_market,5,2025,KZT,242,probability,0.28035677494869515,0.19834710743801653,0.09019990459393143,-1.1201459305865538,0.29023206021422215
logit_plus_kztrub_market,5,2025,TJS,242,probability,0.3257608542724016,0.2892561983471074,0.06001049575137049,-0.21355717646002934,0.9467229962766713
logit_plus_kztrub_market,5,2025,UZS,242,probability,0.2925145209297351,0.19834710743801653,0.09441774994731655,-0.1847371320195658,1.404718966909042
logit_plus_public_macro_slow,5,2023,__ALL__,1210,probability,0.18349695590613574,0.3859504132231405,0.20477220945507602,0.369469994208465,0.52423076043021
logit_plus_public_macro_slow,5,2023,AMD,242,probability,0.18553210303546572,0.3925619834710744,0.21133525719537014,0.7314762043901456,0.7442743881631281
logit_plus_public_macro_slow,5,2023,KGS,242,probability,0.18415447070574545,0.3884297520661157,0.2330840429447196,0.002097920881702983,0.2853906700703036
logit_plus_public_macro_slow,5,2023,KZT,242,probability,0.17931688286967698,0.3677685950413223,0.18845171217164536,0.4002599692349865,0.585125916948083
logit_plus_public_macro_slow,5,2023,TJS,242,probability,0.18483796223044605,0.3884297520661157,0.21592281789378787,0.26818490460692074,0.45508323717564875
logit_plus_public_macro_slow,5,2023,UZS,242,probability,0.18364336068934448,0.3925619834710744,0.21253942735094927,0.45286329506612133,0.5598694375156774
logit_plus_public_macro_slow,5,2024,__ALL__,1215,probability,0.4139559094818482,0.3333333333333333,0.09429244147014265,-0.2067924746353192,1.42067044494517
logit_plus_public_macro_slow,5,2024,AMD,243,probability,0.4233431885342232,0.3497942386831276,0.1254816152916919,-0.21486061574410786,1.3285790006121818
logit_plus_public_macro_slow,5,2024,KGS,243,probability,0.4110575860266751,0.37037037037037035,0.15679186737207584,-0.13108193686267608,1.1159817003799004
logit_plus_public_macro_slow,5,2024,KZT,243,probability,0.4003949152338511,0.2674897119341564,0.1744254297201887,-0.6642118882252666,0.8581372373883882
logit_plus_public_macro_slow,5,2024,TJS,243,probability,0.418791452937646,0.3497942386831276,0.14151152706261838,-0.02299728593480628,1.8567306405910107
logit_plus_public_macro_slow,5,2024,UZS,243,probability,0.4161924046768453,0.3292181069958848,0.15342692386530224,-0.07500112598072736,1.9190876580228982
logit_plus_public_macro_slow,5,2025,__ALL__,1210,probability,0.5990310303998494,0.22148760330578512,0.37754342709406424,-1.098104933204796,-0.4062654465828307
logit_plus_public_macro_slow,5,2025,AMD,242,probability,0.616272308130358,0.2190082644628099,0.3972640436675481,-1.0223183959813644,-0.5428860199988375
logit_plus_public_macro_slow,5,2025,KGS,242,probability,0.5962667489609791,0.2024793388429752,0.3942677310164034,-1.0853955924797278,-0.8329068145551565
logit_plus_public_macro_slow,5,2025,KZT,242,probability,0.6070865023358302,0.19834710743801653,0.40873939489781363,-1.4010731758298045,0.008828058576102056
logit_plus_public_macro_slow,5,2025,TJS,242,probability,0.5953662489152258,0.2892561983471074,0.3061100505681184,-0.8552221100958279,-0.10932314438672523
logit_plus_public_macro_slow,5,2025,UZS,242,probability,0.580163343656854,0.19834710743801653,0.3818162362188375,-1.215812033235963,-0.635179372204635
logit_plus_ru_business_climate,5,2023,__ALL__,1210,probability,0.308845525388363,0.3859504132231405,0.09122628837293914,1.675927274387623,2.661391625267827
logit_plus_ru_business_climate,5,2023,AMD,242,probability,0.3149840665367135,0.3925619834710744,0.11903338638736936,2.021946835603207,3.1750875284919062
logit_plus_ru_business_climate,5,2023,KGS,242,probability,0.31195691355645006,0.3884297520661157,0.10033914761112514,2.152813819757478,3.3024455139282396
logit_plus_ru_business_climate,5,2023,KZT,242,probability,0.297647446573374,0.3677685950413223,0.07980894918763119,2.278370580358424,3.2920356382105607
logit_plus_ru_business_climate,5,2023,TJS,242,probability,0.3097650951143881,0.3884297520661157,0.12222627336886041,1.5543559552762125,2.5091276265381124
logit_plus_ru_business_climate,5,2023,UZS,242,probability,0.3098741051608896,0.3925619834710744,0.08932750010831807,0.9190727231408482,1.6928859924447517
logit_plus_ru_business_climate,5,2024,__ALL__,1215,probability,0.3804614045399475,0.3333333333333333,0.06497302425713095,-0.6782584646371772,0.03032888639856637
logit_plus_ru_business_climate,5,2024,AMD,243,probability,0.390422288104997,0.3497942386831276,0.07929384070903908,-0.6083864945563424,0.02590545801461998
logit_plus_ru_business_climate,5,2024,KGS,243,probability,0.38745742131864047,0.37037037037037035,0.08157534127357532,-0.6714375222901912,-0.3041584764885518
logit_plus_ru_business_climate,5,2024,KZT,243,probability,0.36264407062528786,0.2674897119341564,0.11763623686827715,-1.1875972254208045,-0.313995102330887
logit_plus_ru_business_climate,5,2024,TJS,243,probability,0.3929517012812167,0.3497942386831276,0.10626497713521378,-0.6966793271174482,-0.17417832733679522
logit_plus_ru_business_climate,5,2024,UZS,243,probability,0.3688315413695956,0.3292181069958848,0.11479057593604175,-0.7199397952958307,-0.014967655555095315
logit_plus_ru_business_climate,5,2025,__ALL__,1210,probability,0.32809853525642935,0.22148760330578512,0.10661093195064424,-0.08748542951855227,1.674979876876033
logit_plus_ru_business_climate,5,2025,AMD,242,probability,0.3363089958006772,0.2190082644628099,0.13593604195984543,-0.05300546615084961,1.8510539096921064
logit_plus_ru_business_climate,5,2025,KGS,242,probability,0.32380200570587264,0.2024793388429752,0.125750099432712,0.35485422090803703,2.453106694279176
logit_plus_ru_business_climate,5,2025,KZT,242,probability,0.3156474004068422,0.19834710743801653,0.11809879408970193,-0.9373884861001701,0.5934501895760924
logit_plus_ru_business_climate,5,2025,TJS,242,probability,0.34410982667914086,0.2892561983471074,0.09454735614988355,0.0065904655979608495,1.423214998566071
logit_plus_ru_business_climate,5,2025,UZS,242,probability,0.32062444768961407,0.19834710743801653,0.14869143191219486,-0.013578824541770784,1.8954421948282474
logit_plus_ru_external_balance,5,2023,__ALL__,1210,probability,0.2808768749093413,0.3859504132231405,0.10507353831379915,4.761167016755577,5.559953530029738
logit_plus_ru_external_balance,5,2023,AMD,242,probability,0.28256612044058615,0.3925619834710744,0.11647390372916645,3.72849564082188,4.4708791470498594
logit_plus_ru_external_balance,5,2023,KGS,242,probability,0.2811675602909111,0.3884297520661157,0.12104178452687965,7.521827248624019,8.499397870974692
logit_plus_ru_external_balance,5,2023,KZT,242,probability,0.27906652861916753,0.3677685950413223,0.10911520684288407,2.4459938910680057,3.148305105729685
logit_plus_ru_external_balance,5,2023,TJS,242,probability,0.28069204516024676,0.3884297520661157,0.11396616117603009,6.450361793490698,7.338718657484748
logit_plus_ru_external_balance,5,2023,UZS,242,probability,0.2808921200357952,0.3925619834710744,0.11832981674212063,4.290573080464951,5.029618886177039
logit_plus_ru_external_balance,5,2024,__ALL__,1215,probability,0.4029309319798478,0.3333333333333333,0.07743401170706664,0.3691334682118032,2.7517606171388524
logit_plus_ru_external_balance,5,2024,AMD,243,probability,0.41664190723695327,0.3497942386831276,0.10807910636865935,0.9432517804994045,4.822950220318976
logit_plus_ru_external_balance,5,2024,KGS,243,probability,0.40328016615499207,0.37037037037037035,0.07860419509779491,0.481400371609961,2.609412295148926
logit_plus_ru_external_balance,5,2024,KZT,243,probability,0.37842010429279843,0.2674897119341564,0.14180402875334516,-0.3578915858984512,1.3155828964349554
logit_plus_ru_external_balance,5,2024,TJS,243,probability,0.4202429913398299,0.3497942386831276,0.10456725336529824,0.47900991168468154,3.4964555836451834
logit_plus_ru_external_balance,5,2024,UZS,243,probability,0.39606949087466553,0.3292181069958848,0.0819589214445236,0.024718910860345878,1.7576236935040115
logit_plus_ru_external_balance,5,2025,__ALL__,1210,probability,0.3036150238736718,0.22148760330578512,0.08659691491883749,0.06399228676478948,1.6159721876437487
logit_plus_ru_external_balance,5,2025,AMD,242,probability,0.31041762032347037,0.2190082644628099,0.1172268106462627,0.05382402181639932,1.691966155817201
logit_plus_ru_external_balance,5,2025,KGS,242,probability,0.2994577852421148,0.2024793388429752,0.11323973234537682,0.4695591813111371,2.2275250523779815
logit_plus_ru_external_balance,5,2025,KZT,242,probability,0.2902442175998041,0.19834710743801653,0.09601707668804321,-1.3415279159753848,0.0611108074393699
logit_plus_ru_external_balance,5,2025,TJS,242,probability,0.32038950070137373,0.2892561983471074,0.05877985331996728,0.08590220040252677,1.3189719403347642
logit_plus_ru_external_balance,5,2025,UZS,242,probability,0.2975659955015959,0.19834710743801653,0.10390012651994625,0.3407827641477232,2.0644661780157008
logit_plus_ru_reserves,5,2023,__ALL__,1210,probability,0.18052573258553978,0.3859504132231405,0.2054246806376007,0.10079140878575031,0.338668490248379
logit_plus_ru_reserves,5,2023,AMD,242,probability,0.20840542548245214,0.3925619834710744,0.1841565579886222,0.2554839048332735,0.4709656781232006
logit_plus_ru_reserves,5,2023,KGS,242,probability,0.17497400097465712,0.3884297520661157,0.21345575109145853,-0.002644438925485087,0.26418521905007236
logit_plus_ru_reserves,5,2023,KZT,242,probability,0.1684481058276707,0.3677685950413223,0.19932048921365164,-0.054742549474474766,0.27598510679188154
logit_plus_ru_reserves,5,2023,TJS,242,probability,0.16898274200588437,0.3884297520661157,0.21944701006023137,0.026575134210896183,0.2763338617932755
logit_plus_ru_reserves,5,2023,UZS,242,probability,0.1818183886370347,0.3925619834710744,0.2107435948340397,0.23281996936870983,0.40224465987536534
logit_plus_ru_reserves,5,2024,__ALL__,1215,probability,0.3985318560097654,0.3333333333333333,0.0723851419753318,-0.33572596947207095,0.8725742741055638
logit_plus_ru_reserves,5,2024,AMD,243,probability,0.4123951186421144,0.3497942386831276,0.0936665434512573,-0.20884423525664134,1.1767711795634876
logit_plus_ru_reserves,5,2024,KGS,243,probability,0.4041071413040695,0.37037037037037035,0.10509778442024599,-0.45660714352661935,0.18918299635594668
logit_plus_ru_reserves,5,2024,KZT,243,probability,0.381359873424279,0.2674897119341564,0.11387016149012266,-0.6105348555453793,0.8268968567476023
logit_plus_ru_reserves,5,2024,TJS,243,probability,0.4068032123123736,0.3497942386831276,0.08744091893782698,-0.2682674507593234,0.9375955794509748
logit_plus_ru_reserves,5,2024,UZS,243,probability,0.38799393436599017,0.3292181069958848,0.13002367875573823,-0.35031609583500756,0.7947136799364015
logit_plus_ru_reserves,5,2025,__ALL__,1210,probability,0.35444299858753747,0.22148760330578512,0.13295539528175235,-0.7038199134004746,0.9380396108794774
logit_plus_ru_reserves,5,2025,AMD,242,probability,0.37025568401328374,0.2190082644628099,0.1512474195504738,-0.7633638586676256,0.9770150909708595
logit_plus_ru_reserves,5,2025,KGS,242,probability,0.35022422275538295,0.2024793388429752,0.14774488391240773,-0.4983868404464487,1.463824014622141
logit_plus_ru_reserves,5,2025,KZT,242,probability,0.34423752835873705,0.19834710743801653,0.1618506342868285,-1.3379047155343367,0.08996136416403594
logit_plus_ru_reserves,5,2025,TJS,242,probability,0.36803293783490554,0.2892561983471074,0.10589279359136954,-0.3830579670934177,0.967790737531691
logit_plus_ru_reserves,5,2025,UZS,242,probability,0.33946461997537813,0.19834710743801653,0.14111751253736166,-0.8565534437461213,0.8184242599871648
logit_plus_rub_official,5,2023,__ALL__,1210,probability,0.15601081014019114,0.3859504132231405,0.23093073366817918,-0.3190871253665916,0.07760097994190063
logit_plus_rub_official,5,2023,AMD,242,probability,0.1801050094628146,0.3925619834710744,0.2376778372590676,-0.3742363396439287,0.036251888490946224
logit_plus_rub_official,5,2023,KGS,242,probability,0.1585696185360493,0.3884297520661157,0.22986013353006637,-0.07750713601675654,0.20617806753115167
logit_plus_rub_official,5,2023,KZT,242,probability,0.13398574449156658,0.3677685950413223,0.2490812027241183,-0.7931725162981794,-0.1218107231020698
logit_plus_rub_official,5,2023,TJS,242,probability,0.1499851862853035,0.3884297520661157,0.2384445657808122,-0.1596669792581902,0.154654882988569
logit_plus_rub_official,5,2023,UZS,242,probability,0.15740849192522166,0.3925619834710744,0.2510142873313724,-0.2549011141950908,0.09801864771475995
logit_plus_rub_official,5,2024,__ALL__,1215,probability,0.4024683089686939,0.3333333333333333,0.06913497563536061,-0.07483341796169604,1.6295913453539608
logit_plus_rub_official,5,2024,AMD,243,probability,0.4263762163807262,0.3497942386831276,0.09624170812094571,-0.0925792339887743,1.8912026181789134
logit_plus_rub_official,5,2024,KGS,243,probability,0.4020974745639319,0.37037037037037035,0.046752632177218714,-0.10111530569447152,1.0921523133914264
logit_plus_rub_official,5,2024,KZT,243,probability,0.383339106062591,0.2674897119341564,0.11584939412843462,-0.2689770821846762,1.6284508816609995
logit_plus_rub_official,5,2024,TJS,243,probability,0.4106347422060928,0.3497942386831276,0.0980286973027995,0.03003239101204309,1.8910832391726897
logit_plus_rub_official,5,2024,UZS,243,probability,0.38989400563012777,0.3292181069958848,0.10102901746145324,0.025813139441396703,1.7086125295300092
logit_plus_rub_official,5,2025,__ALL__,1210,probability,0.31293777878689216,0.22148760330578512,0.09145017548110701,-0.49048036957377356,0.9918587026149891
logit_plus_rub_official,5,2025,AMD,242,probability,0.32852303252644793,0.2190082644628099,0.126556910480588,-0.5141217519668411,1.0908173955869367
logit_plus_rub_official,5,2025,KGS,242,probability,0.3060709717966469,0.2024793388429752,0.11281743731746335,-0.31476122134559054,1.340354350969291
logit_plus_rub_official,5,2025,KZT,242,probability,0.2932985472091312,0.19834710743801653,0.09563073368135055,-1.2381857347328729,0.17676103461630938
logit_plus_rub_official,5,2025,TJS,242,probability,0.33879150222517224,0.2892561983471074,0.05130455363649448,-0.333072782378401,0.8492485417098761
logit_plus_rub_official,5,2025,UZS,242,probability,0.29800484017706247,0.19834710743801653,0.12085738781605124,-0.43048525265693294,1.1508687437868947
logit_plus_slow_commodities,5,2023,__ALL__,1210,probability,0.29459340205086165,0.3859504132231405,0.0934691626872259,4.984923880578699,6.24654589876059
logit_plus_slow_commodities,5,2023,AMD,242,probability,0.29665303728106285,0.3925619834710744,0.10633964630186572,8.832806653964198,10.75810965502318
logit_plus_slow_commodities,5,2023,KGS,242,probability,0.2958505497355385,0.3884297520661157,0.10171237429555245,2.7746407345758026,3.7244502362289325
logit_plus_slow_commodities,5,2023,KZT,242,probability,0.2905608125317538,0.3677685950413223,0.08542055525677524,8.392669321069018,10.026815260305055
logit_plus_slow_commodities,5,2023,TJS,242,probability,0.29529268800918573,0.3884297520661157,0.14431130838378253,2.4596822074232776,3.3508027692831353
logit_plus_slow_commodities,5,2023,UZS,242,probability,0.2946099226967675,0.3925619834710744,0.12424112092239267,3.2597878224227497,4.2352848693601866
logit_plus_slow_commodities,5,2024,__ALL__,1215,probability,0.4289322804018879,0.3333333333333333,0.0955989470685546,-0.493071539681323,0.7079921489635218
logit_plus_slow_commodities,5,2024,AMD,243,probability,0.4512561488051063,0.3497942386831276,0.1304171758571282,-0.37770967175475284,1.3226487855285318
logit_plus_slow_commodities,5,2024,KGS,243,probability,0.42114410784050205,0.37037037037037035,0.11734176755286954,-0.47418526361071833,0.17520337156638124
logit_plus_slow_commodities,5,2024,KZT,243,probability,0.3998389417438795,0.2674897119341564,0.14906913401155836,-0.7157980316651151,0.7249769655952696
logit_plus_slow_commodities,5,2024,TJS,243,probability,0.4482226293383444,0.3497942386831276,0.12330218314092008,-0.4631979611115018,0.7737949201051153
logit_plus_slow_commodities,5,2024,UZS,243,probability,0.4241995742816074,0.3292181069958848,0.10438629881148657,-0.5962584305626821,0.37574306754881304
logit_plus_slow_commodities,5,2025,__ALL__,1210,probability,0.3330154492377371,0.22148760330578512,0.1413310520433465,-1.4406807885622899,-0.25145871055661534
logit_plus_slow_commodities,5,2025,AMD,242,probability,0.34257139006072534,0.2190082644628099,0.1467589435613037,-1.494275065485975,-0.3252292075686574
logit_plus_slow_commodities,5,2025,KGS,242,probability,0.33078757884327714,0.2024793388429752,0.1764228429472986,-1.9697227779061977,-0.7897149343952059
logit_plus_slow_commodities,5,2025,KZT,242,probability,0.3185127089390351,0.19834710743801653,0.13350384953305375,-1.6176731355022111,-0.2764622370738117
logit_plus_slow_commodities,5,2025,TJS,242,probability,0.3494892647050799,0.2892561983471074,0.14183116647952565,-0.6304018925764654,0.42636942350582296
logit_plus_slow_commodities,5,2025,UZS,242,probability,0.3237163036405679,0.19834710743801653,0.1884837871311226,-2.2278791150858073,-1.0215519940426663
hgb_all_contract_market,1,2023,__ALL__,1230,raw_probability,0.5081228194210053,0.5642276422764227,0.06109172504597181,0.3209750220276142,0.8499233037501075
hgb_all_contract_market,1,2023,AMD,246,raw_probability,0.5075246201854552,0.5691056910569106,0.09635562627090047,0.34522485131539804,0.7791219031010471
hgb_all_contract_market,1,2023,KGS,246,raw_probability,0.5078120936463859,0.5650406504065041,0.0807892856745206,0.3400073413144524,1.0112880519344212
hgb_all_contract_market,1,2023,KZT,246,raw_probability,0.5069371175020632,0.556910569105691,0.09014841562925029,0.2742959208721261,0.6510867017005066
hgb_all_contract_market,1,2023,TJS,246,raw_probability,0.508329751323646,0.5691056910569106,0.06699198390456347,0.35928355371017356,0.9900592572428499
hgb_all_contract_market,1,2023,UZS,246,raw_probability,0.5100105144474764,0.5609756097560976,0.08559611850414253,0.2956013902164102,0.8853467799149677
hgb_all_contract_market,1,2024,__ALL__,1235,raw_probability,0.4573434003240782,0.5425101214574899,0.08793324365155061,0.4755354890394441,1.1560570543359505
hgb_all_contract_market,1,2024,AMD,247,raw_probability,0.4747890946879784,0.5587044534412956,0.09338260066655689,0.45854228226522903,1.154703277980668
hgb_all_contract_market,1,2024,KGS,247,raw_probability,0.4427364020565782,0.562753036437247,0.14321485509491635,0.7199397557789946,1.2837397497357153
hgb_all_contract_market,1,2024,KZT,247,raw_probability,0.43863190016737164,0.5060728744939271,0.08317618138929743,0.35063651198184,1.0251377823463577
hgb_all_contract_market,1,2024,TJS,247,raw_probability,0.47491725835059845,0.5465587044534413,0.09723451918007985,0.4186485682598832,1.2766122711143997
hgb_all_contract_market,1,2024,UZS,247,raw_probability,0.4556423463578644,0.5384615384615384,0.08281919210367408,0.4470903854867498,1.0957412025339495
hgb_all_contract_market,1,2025,__ALL__,1230,raw_probability,0.44828691101060136,0.4634146341463415,0.048623945483082597,0.04768144231915509,0.8708928983417608
hgb_all_contract_market,1,2025,AMD,246,raw_probability,0.441422977308254,0.45934959349593496,0.07060831352741673,0.06684665858114953,0.9030623351565816
hgb_all_contract_market,1,2025,KGS,246,raw_probability,0.45189288117468773,0.4268292682926829,0.10371454738830212,-0.1380343769832776,0.9112478048533382
hgb_all_contract_market,1,2025,KZT,246,raw_probability,0.4554960538931095,0.46747967479674796,0.06205128585589322,0.0058678607533378686,0.717763720033887
hgb_all_contract_market,1,2025,TJS,246,raw_probability,0.4647828400707245,0.5040650406504065,0.06265140576581499,0.14984666355610665,0.7763176616095494
hgb_all_contract_market,1,2025,UZS,246,raw_probability,0.42783980260623095,0.45934959349593496,0.07539370915846519,0.1821636105568509,1.084003521918089
hgb_all_contract_market,3,2023,__ALL__,1220,raw_probability,0.34625235789967596,0.44508196721311477,0.12119482419494136,0.3847043289786979,0.7804971573316625
hgb_all_contract_market,3,2023,AMD,244,raw_probability,0.346760788402899,0.45901639344262296,0.15969858538420692,0.3999698588166682,0.712595568906816
hgb_all_contract_market,3,2023,KGS,244,raw_probability,0.3484264312567699,0.45491803278688525,0.13774386464111704,0.48622202532373937,0.8657336723266369
hgb_all_contract_market,3,2023,KZT,244,raw_probability,0.3404482866198726,0.4098360655737705,0.09776668098165066,0.1572649988421955,0.6702440196390578
hgb_all_contract_market,3,2023,TJS,244,raw_probability,0.3477327164004992,0.45081967213114754,0.13322774249270142,0.4569900967100372,0.8493599740667829
hgb_all_contract_market,3,2023,UZS,244,raw_probability,0.3478935668183391,0.45081967213114754,0.12590691744140917,0.4318999731075534,0.8151344402615344
hgb_all_contract_market,3,2024,__ALL__,1225,raw_probability,0.37565295480499555,0.38612244897959186,0.062390699596968004,-0.03819913396440343,0.8006633976545615
hgb_all_contract_market,3,2024,AMD,245,raw_probability,0.3796037242587413,0.4,0.06055838901326204,0.018489027809856385,0.819535755595104
hgb_all_contract_market,3,2024,KGS,245,raw_probability,0.3709594296526009,0.4122448979591837,0.08073831913601381,0.10828671851920398,0.815150877078701
hgb_all_contract_market,3,2024,KZT,245,raw_probability,0.36321519438776184,0.3346938775510204,0.06709118953276874,-0.2767716923762803,0.713197429715247
hgb_all_contract_market,3,2024,TJS,245,raw_probability,0.38841775461362327,0.4,0.067179301895427,-0.018024750374990038,0.8154269678747427
hgb_all_contract_market,3,2024,UZS,245,raw_probability,0.3760686711122502,0.3836734693877551,0.07389632810958213,-0.03894962175705763,0.8264366675061208
hgb_all_contract_market,3,2025,__ALL__,1220,raw_probability,0.27521791397194856,0.28114754098360656,0.03087969176545949,-0.10408449207486448,0.8393982329629672
hgb_all_contract_market,3,2025,AMD,244,raw_probability,0.27293272998036516,0.2786885245901639,0.06607347960473256,-0.0380561875587201,0.9164787624964731
hgb_all_contract_market,3,2025,KGS,244,raw_probability,0.2872444263709235,0.2540983606557377,0.0547332749227865,-0.31033791234547226,0.8502098967933864
hgb_all_contract_market,3,2025,KZT,244,raw_probability,0.2733106519717898,0.26229508196721313,0.07834634059644977,-0.2568359105079355,0.7771501608730474
hgb_all_contract_market,3,2025,TJS,244,raw_probability,0.2804267568724943,0.3360655737704918,0.06299229442139356,0.015308221069981956,0.6845530712978639
hgb_all_contract_market,3,2025,UZS,244,raw_probability,0.2621750046641703,0.27459016393442626,0.06675800943083902,0.10920860303524897,1.0392851826016571
hgb_all_contract_market,5,2023,__ALL__,1210,raw_probability,0.22886644229377073,0.3859504132231405,0.1570839709293697,0.7106030481201889,0.85866620880318
hgb_all_contract_market,5,2023,AMD,242,raw_probability,0.23169015651397293,0.3925619834710744,0.16087182695710148,0.576697185122227,0.738772580475653
hgb_all_contract_market,5,2023,KGS,242,raw_probability,0.23384444809855942,0.3884297520661157,0.1545853039675563,0.8565899753705842,0.9879060339696343
hgb_all_contract_market,5,2023,KZT,242,raw_probability,0.20982417988181157,0.3677685950413223,0.1579444151595108,0.7713410320134266,0.8953859858895354
hgb_all_contract_market,5,2023,TJS,242,raw_probability,0.23268797327407575,0.3884297520661157,0.15574177879203996,0.7486732367287814,0.8937130319161752
hgb_all_contract_market,5,2023,UZS,242,raw_probability,0.23628545370043424,0.3925619834710744,0.1562765297706402,0.6314968636629398,0.8022651798414283
hgb_all_contract_market,5,2024,__ALL__,1215,raw_probability,0.36438739576689566,0.3333333333333333,0.09923908627852455,-0.42126245019487535,0.4555113009029514
hgb_all_contract_market,5,2024,AMD,243,raw_probability,0.3675724396023007,0.3497942386831276,0.09070195999524146,-0.3216731037260214,0.5146159606026437
hgb_all_contract_market,5,2024,KGS,243,raw_probability,0.36235947662291873,0.37037037037037035,0.12032172701286621,-0.29931552434475217,0.3663844873696574
hgb_all_contract_market,5,2024,KZT,243,raw_probability,0.36057889424240686,0.2674897119341564,0.13909239695630943,-0.8405471383555029,0.26724224547791664
hgb_all_contract_market,5,2024,TJS,243,raw_probability,0.36382784767878834,0.3497942386831276,0.09821336931446206,-0.3278300658078722,0.48478843661214327
hgb_all_contract_market,5,2024,UZS,243,raw_probability,0.36759832068806386,0.3292181069958848,0.09775046514690254,-0.35582109501976317,0.6402966982102808
hgb_all_contract_market,5,2025,__ALL__,1210,raw_probability,0.2295992008198311,0.22148760330578512,0.04543744778830739,-0.44925142594709544,0.6362953223527467
hgb_all_contract_market,5,2025,AMD,242,raw_probability,0.22943556514684976,0.2190082644628099,0.050529088256809976,-0.3615946678305245,0.7264165831962854
hgb_all_contract_market,5,2025,KGS,242,raw_probability,0.246319925031872,0.2024793388429752,0.064435628386992,-0.5756593464078517,0.6954083066782333
hgb_all_contract_market,5,2025,KZT,242,raw_probability,0.2266181594076254,0.19834710743801653,0.0595759695936263,-0.5936662905070628,0.6291528776532521
hgb_all_contract_market,5,2025,TJS,242,raw_probability,0.224448019605111,0.2892561983471074,0.09278411663446391,-0.2904095879310967,0.44740022853141825
hgb_all_contract_market,5,2025,UZS,242,raw_probability,0.22117433490769756,0.19834710743801653,0.05962220312043715,-0.37270016457168315,0.8012526721572619
hgb_all_contract_market,10,2023,__ALL__,1185,raw_probability,0.15741030850175972,0.30886075949367087,0.15972752555643188,0.24589860459062288,0.5634275961584875
hgb_all_contract_market,10,2023,AMD,237,raw_probability,0.1635393859707494,0.3333333333333333,0.18740931495543992,0.24689925985158204,0.5130084716462795
hgb_all_contract_market,10,2023,KGS,237,raw_probability,0.1590167338302632,0.31223628691983124,0.15885780845703568,0.39977771246680943,0.6476178901130281
hgb_all_contract_market,10,2023,KZT,237,raw_probability,0.1375336620053777,0.2911392405063291,0.16398919574826204,0.5002905520931034,0.6894358870125492
hgb_all_contract_market,10,2023,TJS,237,raw_probability,0.16323812023923778,0.2911392405063291,0.1436052823468578,-0.029942658112020463,0.47176651783856943
hgb_all_contract_market,10,2023,UZS,237,raw_probability,0.1637236404631705,0.31645569620253167,0.15273205573936113,0.1646629165481004,0.5121934113999596
hgb_all_contract_market,10,2024,__ALL__,1190,raw_probability,0.3265950805961346,0.27647058823529413,0.13987834419316766,-0.8208314495547583,0.1666079915557207
hgb_all_contract_market,10,2024,AMD,238,raw_probability,0.32333348852256105,0.29831932773109243,0.1566089924790822,-0.668692273256599,0.2169375810110161
hgb_all_contract_market,10,2024,KGS,238,raw_probability,0.32168552641043846,0.3025210084033613,0.15689565645438466,-0.76464853650798,0.0786502958366233
hgb_all_contract_market,10,2024,KZT,238,raw_probability,0.32853870654534323,0.21008403361344538,0.1798095535599029,-1.303433910432203,0.02444616870810885
hgb_all_contract_market,10,2024,TJS,238,raw_probability,0.32545363537453886,0.3025210084033613,0.1321518728326337,-0.6565171111771855,0.20997021705240448
hgb_all_contract_market,10,2024,UZS,238,raw_probability,0.3339640461277917,0.2689075630252101,0.1300474079079618,-0.7709549960076532,0.29454116400506425
hgb_all_contract_market,10,2025,__ALL__,1185,raw_probability,0.20718253378392237,0.15274261603375527,0.05668182699334191,-0.5312871826785001,0.8889107590640132
hgb_all_contract_market,10,2025,AMD,237,raw_probability,0.2152344467516531,0.1518987341772152,0.07868722599434409,-0.4419866381378655,1.0196325115286808
hgb_all_contract_market,10,2025,KGS,237,raw_probability,0.22658474475008636,0.13924050632911392,0.08734423842097236,-0.6003884431844715,1.049097691180862
hgb_all_contract_market,10,2025,KZT,237,raw_probability,0.20480009901870339,0.1308016877637131,0.09096263195934581,-0.8567068368954377,0.7644124139193891
hgb_all_contract_market,10,2025,TJS,237,raw_probability,0.1868822004146822,0.21518987341772153,0.10034302687767226,-0.07557235242866145,0.8084079067010618
hgb_all_contract_market,10,2025,UZS,237,raw_probability,0.20241117798448696,0.12658227848101267,0.07582889950347431,-0.37412521728822107,1.1968581283107802
hgb_all_contract_market,20,2023,__ALL__,1135,raw_probability,0.09388161799306885,0.2669603524229075,0.20903675007721156,-0.6555665819475075,0.13503840249722243
hgb_all_contract_market,20,2023,AMD,227,raw_probability,0.09698910288638421,0.31718061674008813,0.259426005504228,-0.2977516060247794,0.18090238999015879
hgb_all_contract_market,20,2023,KGS,227,raw_probability,0.09359214839889739,0.28193832599118945,0.22155732074840365,-0.34845433432183287,0.2257596568552412
hgb_all_contract_market,20,2023,KZT,227,raw_probability,0.08268394579803538,0.2422907488986784,0.18936966290194343,-0.84701457284148,0.10527430104382629
hgb_all_contract_market,20,2023,TJS,227,raw_probability,0.09756329987827807,0.2511013215859031,0.18115408606423467,-0.8825453428564128,0.081488939767192
hgb_all_contract_market,20,2023,UZS,227,raw_probability,0.09857959300374926,0.2422907488986784,0.20181890348312795,-0.9860535051222432,0.05958666277867292
hgb_all_contract_market,20,2024,__ALL__,1140,raw_probability,0.18689549509521444,0.20350877192982456,0.1556651417049611,-1.2974355328957405,0.03680726753214093
hgb_all_contract_market,20,2024,AMD,228,raw_probability,0.18327469377080247,0.22807017543859648,0.18822283456471076,-1.350779035293945,-0.0692113156708892
hgb_all_contract_market,20,2024,KGS,228,raw_probability,0.18492269192195576,0.22807017543859648,0.16100212427151797,-1.211695169417505,0.004052881760751602
hgb_all_contract_market,20,2024,KZT,228,raw_probability,0.18596283208403588,0.16228070175438597,0.15496829768608897,-1.7424737551105673,-0.054303555908661545
hgb_all_contract_market,20,2024,TJS,228,raw_probability,0.18721924116388416,0.20175438596491227,0.16116066327908204,-1.2349874639218612,0.07780726534642365
hgb_all_contract_market,20,2024,UZS,228,raw_probability,0.19309801653539393,0.19736842105263158,0.13838773265625579,-0.977915156968713,0.2532285498438224
hgb_all_contract_market,20,2025,__ALL__,1135,raw_probability,0.09371643285057388,0.0960352422907489,0.03332884336147255,-0.9890320573371892,0.5248982612717782
hgb_all_contract_market,20,2025,AMD,227,raw_probability,0.09764636001605817,0.0881057268722467,0.05142706180829744,-1.0702712467744069,0.5420277312229164
hgb_all_contract_market,20,2025,KGS,227,raw_probability,0.10359466679229873,0.0881057268722467,0.049236413924028416,-1.2949059060853965,0.45280692439067227
hgb_all_contract_market,20,2025,KZT,227,raw_probability,0.0982020999072039,0.07048458149779736,0.08692213705692124,-2.845221260728031,-0.10597095092221342
hgb_all_contract_market,20,2025,TJS,227,raw_probability,0.08436292941473832,0.14977973568281938,0.07406230419905754,0.33905525510336504,0.8466990681428452
hgb_all_contract_market,20,2025,UZS,227,raw_probability,0.08477610812257026,0.08370044052863436,0.027602179988409307,0.07330724642698579,1.0407490575247509
hgb_all_public_fast,1,2023,__ALL__,1230,raw_probability,0.5303798924532384,0.5642276422764227,0.19558691793129784,0.29608528550052815,-0.2865892841166915
hgb_all_public_fast,1,2023,AMD,246,raw_probability,0.5314473767916096,0.5691056910569106,0.21791490337213795,0.33292253242685604,-0.38617720029673147
hgb_all_public_fast,1,2023,KGS,246,raw_probability,0.5308884325298536,0.5650406504065041,0.1790252914024825,0.2925363340146598,-0.2366547721294065
hgb_all_public_fast,1,2023,KZT,246,raw_probability,0.5266964306668861,0.556910569105691,0.20637742960684646,0.2729429740930466,-0.37905159464379984
hgb_all_public_fast,1,2023,TJS,246,raw_probability,0.5315329486012066,0.5691056910569106,0.1749041571176666,0.29836390746232144,-0.15445505208723756
hgb_all_public_fast,1,2023,UZS,246,raw_probability,0.5313342736766357,0.5609756097560976,0.19152674169497078,0.28140392397310904,-0.2711588792135194
hgb_all_public_fast,1,2024,__ALL__,1235,raw_probability,0.5457710441892876,0.5425101214574899,0.09579344111019658,0.16672908147381874,0.02014804680102371
hgb_all_public_fast,1,2024,AMD,247,raw_probability,0.5471414179702834,0.5587044534412956,0.11871344060998565,0.19277618009992617,0.2247608723624177
hgb_all_public_fast,1,2024,KGS,247,raw_probability,0.5476408831982312,0.562753036437247,0.09401921731164874,0.2112248406761073,0.2120447429343365
hgb_all_public_fast,1,2024,KZT,247,raw_probability,0.5409707841669347,0.5060728744939271,0.10863070324550955,0.09656335669673054,-0.4287799139935841
hgb_all_public_fast,1,2024,TJS,247,raw_probability,0.5478919894161519,0.5465587044534413,0.09884204806673043,0.13491126715313878,0.265190297920527
hgb_all_public_fast,1,2024,UZS,247,raw_probability,0.5452101461948363,0.5384615384615384,0.09678815515824994,0.18562144704385172,-0.16888810906120758
hgb_all_public_fast,1,2025,__ALL__,1230,raw_probability,0.528321383462126,0.4634146341463415,0.10478566664460794,-0.2080610530528102,0.5012027093321866
hgb_all_public_fast,1,2025,AMD,246,raw_probability,0.5357764282396903,0.45934959349593496,0.10329275799721103,-0.26381487729394854,0.6476877943178478
hgb_all_public_fast,1,2025,KGS,246,raw_probability,0.5355594553653501,0.4268292682926829,0.12947431954171848,-0.39266737937012536,0.6140802855883143
hgb_all_public_fast,1,2025,KZT,246,raw_probability,0.5271677887963432,0.46747967479674796,0.12949083376977072,-0.14663168560337136,0.14298769077871384
hgb_all_public_fast,1,2025,TJS,246,raw_probability,0.5251990394051045,0.5040650406504065,0.1085897519994186,-0.0249463969686076,0.39199981590394073
hgb_all_public_fast,1,2025,UZS,246,raw_probability,0.517904205504142,0.45934959349593496,0.10205461327551911,-0.22600344461381328,0.7734459935862105
hgb_all_public_fast,3,2023,__ALL__,1220,raw_probability,0.4270405708971583,0.44508196721311477,0.13413667922145409,-0.2325070472329904,-0.037296936660829116
hgb_all_public_fast,3,2023,AMD,244,raw_probability,0.4308602773415313,0.45901639344262296,0.17385373364371595,-0.2412292353264774,-0.2514998823799789
hgb_all_public_fast,3,2023,KGS,244,raw_probability,0.4329111361314861,0.45491803278688525,0.12229763637256542,-0.1614132352799238,0.06623451446134725
hgb_all_public_fast,3,2023,KZT,244,raw_probability,0.40392947821313635,0.4098360655737705,0.17144890843002866,-0.4992306148217452,-0.30938410003849937
hgb_all_public_fast,3,2023,TJS,244,raw_probability,0.4338819349697396,0.45081967213114754,0.10190999933452573,-0.1454022443354409,0.1815833893070083
hgb_all_public_fast,3,2023,UZS,244,raw_probability,0.43362002782989817,0.45081967213114754,0.11823083129872096,-0.17046433900624486,0.09333384532297748
hgb_all_public_fast,3,2024,__ALL__,1225,raw_probability,0.404334484688508,0.38612244897959186,0.12978507614854523,-0.5345779730387511,-0.1726217878536728
hgb_all_public_fast,3,2024,AMD,245,raw_probability,0.4042386109613041,0.4,0.10724672104731754,-0.4450837153496184,-0.09790676308767791
hgb_all_public_fast,3,2024,KGS,245,raw_probability,0.40496506308414604,0.4122448979591837,0.11474264417819681,-0.33104728925022503,0.058839941198975496
hgb_all_public_fast,3,2024,KZT,245,raw_probability,0.3989692081039544,0.3346938775510204,0.1484491197420307,-0.8577598339045387,-0.3825343811524292
hgb_all_public_fast,3,2024,TJS,245,raw_probability,0.4068657133355693,0.4,0.1287863232311015,-0.4422275811100127,-0.09340818403322446
hgb_all_public_fast,3,2024,UZS,245,raw_probability,0.4066338279575661,0.3836734693877551,0.15229965719803296,-0.6316462295843444,-0.3892059280992411
hgb_all_public_fast,3,2025,__ALL__,1220,raw_probability,0.43372211717623427,0.28114754098360656,0.1525745761926277,-0.7472694572987194,0.7958181786607239
hgb_all_public_fast,3,2025,AMD,244,raw_probability,0.44110861149145214,0.2786885245901639,0.1624200869012882,-0.7622465906219642,0.957838171828296
hgb_all_public_fast,3,2025,KGS,244,raw_probability,0.44473088027754004,0.2540983606557377,0.19063251962180236,-0.9301204414743639,0.8059239527007597
hgb_all_public_fast,3,2025,KZT,244,raw_probability,0.4306742282951391,0.26229508196721313,0.17482510299660592,-0.9157893969999253,0.4376102189994454
hgb_all_public_fast,3,2025,TJS,244,raw_probability,0.4237375107292539,0.3360655737704918,0.09240331148056015,-0.42168732412327375,0.8804566991881886
hgb_all_public_fast,3,2025,UZS,244,raw_probability,0.4283593550877859,0.27459016393442626,0.15376919115335974,-0.7134839250619136,1.0167003949237452
hgb_all_public_fast,5,2023,__ALL__,1210,raw_probability,0.30583521820189496,0.3859504132231405,0.10544368533503239,-0.20062853628466437,0.30281172418649366
hgb_all_public_fast,5,2023,AMD,242,raw_probability,0.3111380707028335,0.3925619834710744,0.11548796671329926,-0.39584529735384183,0.04742613795825996
hgb_all_public_fast,5,2023,KGS,242,raw_probability,0.311483675919899,0.3884297520661157,0.1270452038096894,-0.013027182901131945,0.52902305503732
hgb_all_public_fast,5,2023,KZT,242,raw_probability,0.2782977970394652,0.3677685950413223,0.1293285491929,-0.3795106564206293,0.1601649341921732
hgb_all_public_fast,5,2023,TJS,242,raw_probability,0.31521279887067233,0.3884297520661157,0.10414882416724612,-0.05313367117791669,0.49109570405494307
hgb_all_public_fast,5,2023,UZS,242,raw_probability,0.31304374847660466,0.3925619834710744,0.11889919896668018,-0.1797101474787108,0.3078091210030512
hgb_all_public_fast,5,2024,__ALL__,1215,raw_probability,0.31980977472078365,0.3333333333333333,0.07383856850376881,-0.6223016092641868,0.08900389502471232
hgb_all_public_fast,5,2024,AMD,243,raw_probability,0.32604200258444505,0.3497942386831276,0.0939743809735968,-0.6503778274035577,-0.039550939847552806
hgb_all_public_fast,5,2024,KGS,243,raw_probability,0.3191133203464396,0.37037037037037035,0.07561775561675926,-0.39153982396878495,0.17489153007956248
hgb_all_public_fast,5,2024,KZT,243,raw_probability,0.3059424750233824,0.2674897119341564,0.1009093658654124,-0.7555443091855438,0.29587596458923743
hgb_all_public_fast,5,2024,TJS,243,raw_probability,0.32490752885624447,0.3497942386831276,0.08388600230343912,-0.5552164433613722,0.08360603854666653
hgb_all_public_fast,5,2024,UZS,243,raw_probability,0.3230435467934068,0.3292181069958848,0.11024668029515866,-0.8168626897128243,-0.13329333841550478
hgb_all_public_fast,5,2025,__ALL__,1210,raw_probability,0.43142533973089575,0.22148760330578512,0.20993773642511065,-1.0888776447072084,0.6712521874520483
hgb_all_public_fast,5,2025,AMD,242,raw_probability,0.43730243370878114,0.2190082644628099,0.21829416924597128,-1.077181419407064,0.9183630942334475
hgb_all_public_fast,5,2025,KGS,242,raw_probability,0.4411024671713653,0.2024793388429752,0.2386231283283901,-1.2262669207561707,0.7148778662760922
hgb_all_public_fast,5,2025,KZT,242,raw_probability,0.4280455833370071,0.19834710743801653,0.22969847589899064,-1.3040868799389167,0.32620573962803495
hgb_all_public_fast,5,2025,TJS,242,raw_probability,0.4196926224472623,0.2892561983471074,0.1353364087341194,-0.7002542074767559,0.6327468376940906
hgb_all_public_fast,5,2025,UZS,242,raw_probability,0.4309835919900627,0.19834710743801653,0.23263648455204616,-1.1761895792847843,0.945598643481905
hgb_all_public_fast,10,2023,__ALL__,1185,raw_probability,0.2146017583261337,0.30886075949367087,0.14435701651062452,-0.6053866897428363,0.1403075182149447
hgb_all_public_fast,10,2023,AMD,237,raw_probability,0.2389136103134622,0.3333333333333333,0.17671841625918955,-0.8200316389564352,-0.09948673982071127
hgb_all_public_fast,10,2023,KGS,237,raw_probability,0.21550190148979975,0.31223628691983124,0.12554983392635644,-0.39213429935931426,0.2834905550763244
hgb_all_public_fast,10,2023,KZT,237,raw_probability,0.17926159841436126,0.2911392405063291,0.15873147413748045,-0.5612810936780238,0.19594414283476774
hgb_all_public_fast,10,2023,TJS,237,raw_probability,0.22082328637422907,0.2911392405063291,0.11820791741574817,-0.5225842709532565,0.2693519291464827
hgb_all_public_fast,10,2023,UZS,237,raw_probability,0.21850839503881622,0.31645569620253167,0.15488691091939927,-0.783039309063627,-0.00918145512704464
hgb_all_public_fast,10,2024,__ALL__,1190,raw_probability,0.26635566243290554,0.27647058823529413,0.12638629517023822,-1.5344726651299017,-0.5143508954059103
hgb_all_public_fast,10,2024,AMD,238,raw_probability,0.26637862856460703,0.29831932773109243,0.1304952155423199,-1.4866705062749712,-0.5686616056529349
hgb_all_public_fast,10,2024,KGS,238,raw_probability,0.2607813513145332,0.3025210084033613,0.12346005182346455,-1.1300110262125047,-0.26336593839559835
hgb_all_public_fast,10,2024,KZT,238,raw_probability,0.2694557050112957,0.21008403361344538,0.1499549634116552,-1.8433774398494875,-0.4656668309318022
hgb_all_public_fast,10,2024,TJS,238,raw_probability,0.265341875513674,0.3025210084033613,0.12687128033810677,-1.5004656144415616,-0.5964753555003762
hgb_all_public_fast,10,2024,UZS,238,raw_probability,0.269820751760418,0.2689075630252101,0.12898337699497442,-1.7512715422461749,-0.6780237878442416
hgb_all_public_fast,10,2025,__ALL__,1185,raw_probability,0.37202503391449154,0.15274261603375527,0.21928241788073627,-1.379076175757826,0.6748757635222541
hgb_all_public_fast,10,2025,AMD,237,raw_probability,0.3811424776139094,0.1518987341772152,0.22924374343669424,-1.3859176853945046,0.7507030325533346
hgb_all_public_fast,10,2025,KGS,237,raw_probability,0.38525716548914996,0.13924050632911392,0.2460166591600361,-1.459925868599877,0.8913545533691043
hgb_all_public_fast,10,2025,KZT,237,raw_probability,0.36902004981374137,0.1308016877637131,0.24030520376149223,-1.7579863326460494,0.24864988409206057
hgb_all_public_fast,10,2025,TJS,237,raw_probability,0.35747431437676036,0.21518987341772153,0.15185776761769834,-0.9357165994791186,0.6189020407070622
hgb_all_public_fast,10,2025,UZS,237,raw_probability,0.3672311622788964,0.12658227848101267,0.2406488837978837,-1.420751753706907,1.074021401368961
hgb_all_public_fast,20,2023,__ALL__,1135,raw_probability,0.2225630577818211,0.2669603524229075,0.21165785889275357,-1.2832887647500482,-0.17667489195204517
hgb_all_public_fast,20,2023,AMD,227,raw_probability,0.2272602562603352,0.31718061674008813,0.2791400127536284,-1.2385178807340969,-0.306880326575158
hgb_all_public_fast,20,2023,KGS,227,raw_probability,0.22464903609727987,0.28193832599118945,0.22716702752520906,-1.13512279967584,-0.13303473646913774
hgb_all_public_fast,20,2023,KZT,227,raw_probability,0.19335835980119806,0.2422907488986784,0.19643363154903548,-1.4661582493657757,-0.18281130253898117
hgb_all_public_fast,20,2023,TJS,227,raw_probability,0.23565967558709128,0.2511013215859031,0.17591766601376665,-1.204403872967978,-0.0785659371571818
hgb_all_public_fast,20,2023,UZS,227,raw_probability,0.23188796116320115,0.2422907488986784,0.20713944781917412,-1.4360233475862845,-0.19880514231753735
hgb_all_public_fast,20,2024,__ALL__,1140,raw_probability,0.16651989793793778,0.20350877192982456,0.12943001281220304,-1.7027385453249937,-0.18016066441430784
hgb_all_public_fast,20,2024,AMD,228,raw_probability,0.1643651126065155,0.22807017543859648,0.14159729162711432,-1.539151833757125,-0.16987774800438615
hgb_all_public_fast,20,2024,KGS,228,raw_probability,0.16421591499163243,0.22807017543859648,0.12520946865735139,-1.4230246071905823,-0.10846825462784154
hgb_all_public_fast,20,2024,KZT,228,raw_probability,0.16967158075272076,0.16228070175438597,0.13340078390435503,-1.6535496591435304,-0.006754892154599408
hgb_all_public_fast,20,2024,TJS,228,raw_probability,0.1654159812385562,0.20175438596491227,0.12344100431611231,-1.6669439189419308,-0.15542591500828884
hgb_all_public_fast,20,2024,UZS,228,raw_probability,0.16893090010026407,0.19736842105263158,0.14414569799426216,-2.309146306354691,-0.47388611005955594
hgb_all_public_fast,20,2025,__ALL__,1135,raw_probability,0.23234209309931772,0.0960352422907489,0.13630685080856883,-1.3957086171262527,0.7169418697714386
hgb_all_public_fast,20,2025,AMD,227,raw_probability,0.2507334926400649,0.0881057268722467,0.16262776576781818,-1.3421733562808105,0.976189370194407
hgb_all_public_fast,20,2025,KGS,227,raw_probability,0.2569545092335469,0.0881057268722467,0.17167915411547038,-1.4674660578042593,0.8690689108696366
hgb_all_public_fast,20,2025,KZT,227,raw_probability,0.22590571099012774,0.07048458149779736,0.15542112949233036,-1.9918887713290334,0.46633605979897197
hgb_all_public_fast,20,2025,TJS,227,raw_probability,0.2179159524955609,0.14977973568281938,0.08275275286492419,-0.7517421434571233,0.769802236379771
hgb_all_public_fast,20,2025,UZS,227,raw_probability,0.21020080013728806,0.08370044052863436,0.1265003596086537,-1.4947614657387522,0.6802798111578281
hgb_base,1,2023,__ALL__,1230,raw_probability,0.46082482944968556,0.5642276422764227,0.10340281282673716,0.3180862751814062,0.362425000330288
hgb_base,1,2023,AMD,246,raw_probability,0.4657557626125733,0.5691056910569106,0.12856963190974294,0.2894876230458711,0.07739745583471885
hgb_base,1,2023,KGS,246,raw_probability,0.4695041181201635,0.5650406504065041,0.09991699758485538,0.3053490239412629,0.336779893410212
hgb_base,1,2023,KZT,246,raw_probability,0.43401001864545974,0.556910569105691,0.12860545756794206,0.3846185430426054,0.5618589501757998
hgb_base,1,2023,TJS,246,raw_probability,0.46364655336555216,0.5691056910569106,0.1282066269547109,0.3775290166174971,0.6427418106582263
hgb_base,1,2023,UZS,246,raw_probability,0.47120769450467936,0.5609756097560976,0.09491290611145986,0.2737643574169568,0.23587912803660513
hgb_base,1,2024,__ALL__,1235,raw_probability,0.5172001356741871,0.5425101214574899,0.042036975780760176,0.11856420737632782,0.7586051463504795
hgb_base,1,2024,AMD,247,raw_probability,0.5233544481027366,0.5587044534412956,0.11149299156889107,0.13533879817316666,1.1153618811905865
hgb_base,1,2024,KGS,247,raw_probability,0.5148066125838294,0.562753036437247,0.11707718388943929,0.19964498186423701,0.9442406090746964
hgb_base,1,2024,KZT,247,raw_probability,0.5114019192661073,0.5060728744939271,0.09956253939922369,0.02131112725901829,0.06905930521596935
hgb_base,1,2024,TJS,247,raw_probability,0.5195357265148871,0.5465587044534413,0.07809701447916786,0.11972826026848858,0.8715126388441811
hgb_base,1,2024,UZS,247,raw_probability,0.5169019719033746,0.5384615384615384,0.04657708888267477,0.09498478751482205,0.8861745691754679
hgb_base,1,2025,__ALL__,1230,raw_probability,0.531863296127872,0.4634146341463415,0.10264458820734239,-0.2038495741854002,0.4023457145963243
hgb_base,1,2025,AMD,246,raw_probability,0.5352370608417433,0.45934959349593496,0.09888277169653988,-0.23758679146665587,0.47346994531102227
hgb_base,1,2025,KGS,246,raw_probability,0.5346937461607147,0.4268292682926829,0.11660691681730789,-0.37022400090632185,0.46400595820013363
hgb_base,1,2025,KZT,246,raw_probability,0.5353193003944003,0.46747967479674796,0.1547954460451979,-0.14017955810323537,0.06496798295057471
hgb_base,1,2025,TJS,246,raw_probability,0.5372130844394949,0.5040650406504065,0.10606330376003176,-0.057412183917637895,0.45456024925492733
hgb_base,1,2025,UZS,246,raw_probability,0.5168532888030066,0.45934959349593496,0.10902682264856275,-0.20763183994847265,0.5677884991920505
hgb_base,3,2023,__ALL__,1220,raw_probability,0.2576991729815017,0.44508196721311477,0.18738279423161305,0.18550677066865023,0.36341307481447543
hgb_base,3,2023,AMD,244,raw_probability,0.2647423600795965,0.45901639344262296,0.19427403336302657,0.13574409089874878,0.2767843784842237
hgb_base,3,2023,KGS,244,raw_probability,0.2709991023304214,0.45491803278688525,0.19170754774627874,0.29283859927774536,0.4556310453242732
hgb_base,3,2023,KZT,244,raw_probability,0.2214873976645746,0.4098360655737705,0.18834866790919597,0.09784017709412098,0.3494937504265633
hgb_base,3,2023,TJS,244,raw_probability,0.26318987885887735,0.45081967213114754,0.18762979327227025,0.30195472292451153,0.46137804953010736
hgb_base,3,2023,UZS,244,raw_probability,0.2680771259740387,0.45081967213114754,0.18274254615710883,0.03958294937569131,0.22357929377056787
hgb_base,3,2024,__ALL__,1225,raw_probability,0.3765170031647819,0.38612244897959186,0.055817286570936354,-0.11244899783434752,0.689637767836754
hgb_base,3,2024,AMD,245,raw_probability,0.3851225512897847,0.4,0.07371526347792488,0.19337636483672213,1.278783618373125
hgb_base,3,2024,KGS,245,raw_probability,0.3733515144903808,0.4122448979591837,0.10044067735852309,0.07880055469183357,0.8264503295420222
hgb_base,3,2024,KZT,245,raw_probability,0.3690986469976115,0.3346938775510204,0.12108330788916512,-0.767798601165029,-0.14538907460703887
hgb_base,3,2024,TJS,245,raw_probability,0.3782393998063268,0.4,0.1057853475913269,0.03358109449255579,0.8751435525105615
hgb_base,3,2024,UZS,245,raw_probability,0.3767729032398056,0.3836734693877551,0.06661255794181672,-0.15349300928288304,0.6302993625469074
hgb_base,3,2025,__ALL__,1220,raw_probability,0.4063321230782991,0.28114754098360656,0.13313965513276307,-0.7186699502933712,0.6056435001702375
hgb_base,3,2025,AMD,244,raw_probability,0.4065431767519501,0.2786885245901639,0.13384659564815057,-0.676957119883179,0.7844338698820481
hgb_base,3,2025,KGS,244,raw_probability,0.404229268762507,0.2540983606557377,0.16513703545181344,-0.824912707230858,0.7076131607739509
hgb_base,3,2025,KZT,244,raw_probability,0.4052223425614659,0.26229508196721313,0.16624179795909544,-1.029463571155843,0.011531101734781096
hgb_base,3,2025,TJS,244,raw_probability,0.4143267790013824,0.3360655737704918,0.10550374739690008,-0.46107653912890184,0.6501092105858695
hgb_base,3,2025,UZS,244,raw_probability,0.4013390483141905,0.27459016393442626,0.12674888437976425,-0.6934562166159121,0.7339470505646255
hgb_base,5,2023,__ALL__,1210,raw_probability,0.18260245182418072,0.3859504132231405,0.2033479613989598,0.42678606638532673,0.56012203906322
hgb_base,5,2023,AMD,242,raw_probability,0.19352891154874383,0.3925619834710744,0.19903307192233058,0.06722650537761213,0.32967679850445974
hgb_base,5,2023,KGS,242,raw_probability,0.19007583488199006,0.3884297520661157,0.19835391718412568,0.8027382808390675,0.8242684668026901
hgb_base,5,2023,KZT,242,raw_probability,0.15254404652557127,0.3677685950413223,0.21522454851575104,0.6727199506741247,0.671122203720442
hgb_base,5,2023,TJS,242,raw_probability,0.18567177265204154,0.3884297520661157,0.2027579794140741,0.6008037223107128,0.6767857116882787
hgb_base,5,2023,UZS,242,raw_probability,0.1911916935125569,0.3925619834710744,0.20137028995851744,0.12720867422493817,0.3671733296053034
hgb_base,5,2024,__ALL__,1215,raw_probability,0.31946954814123785,0.3333333333333333,0.05751616401127939,-0.07283720000720849,0.8112997210352452
hgb_base,5,2024,AMD,243,raw_probability,0.3286704704038255,0.3497942386831276,0.11353318009320314,0.3355549856733536,1.3466574548922172
hgb_base,5,2024,KGS,243,raw_probability,0.31396211760298975,0.37037037037037035,0.09279398497268534,0.044965762686672205,0.7185399935910849
hgb_base,5,2024,KZT,243,raw_probability,0.31701610406166136,0.2674897119341564,0.08719700763393272,-0.7212921588248716,0.36426704626128614
hgb_base,5,2024,TJS,243,raw_probability,0.31966139045407016,0.3497942386831276,0.08720928673196612,0.022780560745149062,0.8400329645598739
hgb_base,5,2024,UZS,243,raw_probability,0.3180376581836422,0.3292181069958848,0.08166073460762233,-0.06251498215313374,0.843053342531697
hgb_base,5,2025,__ALL__,1210,raw_probability,0.37193471086134033,0.22148760330578512,0.15353700367434958,-1.1099015660990559,0.27427469234155266
hgb_base,5,2025,AMD,242,raw_probability,0.3714026596000271,0.2190082644628099,0.17193846209127306,-1.0771583609351056,0.36715810102615865
hgb_base,5,2025,KGS,242,raw_probability,0.3739966741322529,0.2024793388429752,0.19107598234885173,-1.2164775637357637,0.29430686400033407
hgb_base,5,2025,KZT,242,raw_probability,0.3742966927506563,0.19834710743801653,0.21504815288234524,-1.6064303583932862,-0.3666111083451493
hgb_base,5,2025,TJS,242,raw_probability,0.3691663728514448,0.2892561983471074,0.10983977683181374,-0.6057863408552228,0.5467860210054393
hgb_base,5,2025,UZS,242,raw_probability,0.37081115497232026,0.19834710743801653,0.17246404753430367,-1.205316222515945,0.3600477876477652
hgb_base,10,2023,__ALL__,1185,raw_probability,0.10805212268692053,0.30886075949367087,0.20080863680675035,-0.028263842596924577,0.3432342155803666
hgb_base,10,2023,AMD,237,raw_probability,0.11557869057565266,0.3333333333333333,0.22229697988143496,-0.3496521577414186,0.1574801625240119
hgb_base,10,2023,KGS,237,raw_probability,0.11169521060750004,0.31223628691983124,0.20054107631233117,0.6496297741647358,0.6577059548023453
hgb_base,10,2023,KZT,237,raw_probability,0.08766217847806464,0.2911392405063291,0.20347706202826443,0.20134328747233057,0.43057401360534175
hgb_base,10,2023,TJS,237,raw_probability,0.1123125729538326,0.2911392405063291,0.17882666755249654,-0.32676859235154393,0.25595013566989827
hgb_base,10,2023,UZS,237,raw_probability,0.1130119608195527,0.31645569620253167,0.20344373538297894,-0.32325111927993655,0.2013314691615644
hgb_base,10,2024,__ALL__,1190,raw_probability,0.23456990751571058,0.27647058823529413,0.049336721584908615,-0.24238984811260822,0.5943557966948001
hgb_base,10,2024,AMD,238,raw_probability,0.234654321753539,0.29831932773109243,0.0751396832651681,0.05048748683074036,0.7498712833257559
hgb_base,10,2024,KGS,238,raw_probability,0.23003189653207778,0.3025210084033613,0.08837388806674815,0.05227081235040934,0.7193788983229386
hgb_base,10,2024,KZT,238,raw_probability,0.2399336810337713,0.21008403361344538,0.08625870946991843,-1.0347315088368687,0.24207726737163512
hgb_base,10,2024,TJS,238,raw_probability,0.23201607890449785,0.3025210084033613,0.0887201453767022,0.016569099615233163,0.696323475690342
hgb_base,10,2024,UZS,238,raw_probability,0.23621355935466717,0.2689075630252101,0.06716286363234382,-0.24245658583070007,0.6322444663130821
hgb_base,10,2025,__ALL__,1185,raw_probability,0.33100356303390555,0.15274261603375527,0.17826094700015027,-1.388062733811103,0.4669306649819739
hgb_base,10,2025,AMD,237,raw_probability,0.35101290023124937,0.1518987341772152,0.19911416605403412,-1.3255859612599081,0.700643834321089
hgb_base,10,2025,KGS,237,raw_probability,0.3548983162069659,0.13924050632911392,0.21565780987785196,-1.4492398913839823,0.68449088929988
hgb_base,10,2025,KZT,237,raw_probability,0.32432183757935196,0.1308016877637131,0.2046562621215652,-2.005386739657015,-0.1405163678671557
hgb_base,10,2025,TJS,237,raw_probability,0.3095538832773109,0.21518987341772153,0.1369013371985666,-0.7883011676443472,0.6338468250660615
hgb_base,10,2025,UZS,237,raw_probability,0.3152308778746495,0.12658227848101267,0.18864859939363687,-1.602940684506516,0.4234495075017769
hgb_base,20,2023,__ALL__,1135,raw_probability,0.04349722834548319,0.2669603524229075,0.2234631240774243,-0.8037888929261613,0.06329912493790243
hgb_base,20,2023,AMD,227,raw_probability,0.043543413097697874,0.31718061674008813,0.27363720364239025,-0.8590340227815468,-0.0283052376798568
hgb_base,20,2023,KGS,227,raw_probability,0.04382255423055926,0.28193832599118945,0.23811577176063015,-0.3366114071307901,0.185137580437782
hgb_base,20,2023,KZT,227,raw_probability,0.03499420793452246,0.2422907488986784,0.20729654096415592,-0.2515980709902031,0.2567647255046529
hgb_base,20,2023,TJS,227,raw_probability,0.04909649016524814,0.2511013215859031,0.2097494509878327,-1.016229818281032,0.024465548973057347
hgb_base,20,2023,UZS,227,raw_probability,0.04602947629938819,0.2422907488986784,0.19755904036666866,-1.48866794974692,-0.1081936028463766
hgb_base,20,2024,__ALL__,1140,raw_probability,0.13478530077986767,0.20350877192982456,0.07947804642126606,-0.7261990496425303,0.30939123183544776
hgb_base,20,2024,AMD,228,raw_probability,0.12729294087239776,0.22807017543859648,0.11707210489680071,-0.4093951158401928,0.37817784033544855
hgb_base,20,2024,KGS,228,raw_probability,0.1298482076295215,0.22807017543859648,0.10416365136950552,-0.36206633438518465,0.409530665167421
hgb_base,20,2024,KZT,228,raw_probability,0.14245635024941886,0.16228070175438597,0.10433115563257392,-1.0293994084634706,0.3076064935956186
hgb_base,20,2024,TJS,228,raw_probability,0.13293576394606865,0.20175438596491227,0.09893441167563288,-0.5717313083931089,0.39117557029732697
hgb_base,20,2024,UZS,228,raw_probability,0.14139324120193156,0.19736842105263158,0.10409225639480812,-1.224424207029139,0.08773791313797953
hgb_base,20,2025,__ALL__,1135,raw_probability,0.31274099539101274,0.0960352422907489,0.21670575310026388,-1.9473707856684057,0.37645343013323773
hgb_base,20,2025,AMD,227,raw_probability,0.32956411319400736,0.0881057268722467,0.25731638133890844,-2.0206616458773445,0.47115115798214513
hgb_base,20,2025,KGS,227,raw_probability,0.33662786768207154,0.0881057268722467,0.28260107647528254,-2.183258014605368,0.21680293037906231
hgb_base,20,2025,KZT,227,raw_probability,0.3221065211455355,0.07048458149779736,0.25162193964773805,-2.429508191605263,0.19455608849407052
hgb_base,20,2025,TJS,227,raw_probability,0.29129000969854046,0.14977973568281938,0.14669631909565525,-0.9087546299258655,0.9775389481883449
hgb_base,20,2025,UZS,227,raw_probability,0.2841164652349089,0.08370044052863436,0.20041602470627454,-2.1052765457281954,0.308178900537615
hgb_cnyrub_basis_stump,5,2023,__ALL__,1210,raw_probability,0.21542153081911364,0.3859504132231405,0.17471423318381363,1.2964452280858538,1.2750012975074436
hgb_cnyrub_basis_stump,5,2023,AMD,242,raw_probability,0.21759458411037091,0.3925619834710744,0.18561476643306818,1.1044539595808267,1.1134762031016059
hgb_cnyrub_basis_stump,5,2023,KGS,242,raw_probability,0.22105844224518187,0.3884297520661157,0.16737130982093382,1.3957472120362284,1.3841442148781178
hgb_cnyrub_basis_stump,5,2023,KZT,242,raw_probability,0.19769971240561005,0.3677685950413223,0.1746347531679585,1.3846957806298872,1.2951956110783576
hgb_cnyrub_basis_stump,5,2023,TJS,242,raw_probability,0.2198497853503372,0.3884297520661157,0.1685799667157785,1.3906136650475414,1.369800774898328
hgb_cnyrub_basis_stump,5,2023,UZS,242,raw_probability,0.2209051299840684,0.3925619834710744,0.17876259552790782,1.2449221410119224,1.2456552035855943
hgb_cnyrub_basis_stump,5,2024,__ALL__,1215,raw_probability,0.26026303842801435,0.3333333333333333,0.0953239268460782,0.6321596514371527,1.2415392001996974
hgb_cnyrub_basis_stump,5,2024,AMD,243,raw_probability,0.2611143680614135,0.3497942386831276,0.11628990875187083,0.7237771538748855,1.2526598244262497
hgb_cnyrub_basis_stump,5,2024,KGS,243,raw_probability,0.261946195807265,0.37037037037037035,0.12052748065978748,0.7886344045904627,1.219895145920545
hgb_cnyrub_basis_stump,5,2024,KZT,243,raw_probability,0.2572775040478919,0.2674897119341564,0.04691737166905308,0.05659516489510469,0.9988030457106347
hgb_cnyrub_basis_stump,5,2024,TJS,243,raw_probability,0.2609579054142844,0.3497942386831276,0.1107325655949978,0.7522687897673433,1.2800167076840843
hgb_cnyrub_basis_stump,5,2024,UZS,243,raw_probability,0.2600192188092169,0.3292181069958848,0.11655244942059685,0.8484228008137679,1.482284603191746
hgb_cnyrub_basis_stump,5,2025,__ALL__,1210,raw_probability,0.3102494398730404,0.22148760330578512,0.09242546628392115,-0.4180726334435726,1.1156698031060017
hgb_cnyrub_basis_stump,5,2025,AMD,242,raw_probability,0.3136532495725074,0.2190082644628099,0.11611123795359621,-0.4081529653913133,1.1898480171177614
hgb_cnyrub_basis_stump,5,2025,KGS,242,raw_probability,0.3121981079989818,0.2024793388429752,0.12316294797776231,-0.44517194734213994,1.295706780304883
hgb_cnyrub_basis_stump,5,2025,KZT,242,raw_probability,0.30572193453722374,0.19834710743801653,0.12352195048235053,-0.6730693013318353,0.9220415856491948
hgb_cnyrub_basis_stump,5,2025,TJS,242,raw_probability,0.31114154941695643,0.2892561983471074,0.05383522495705168,-0.14880010241335367,0.9501859793943689
hgb_cnyrub_basis_stump,5,2025,UZS,242,raw_probability,0.30853235783953226,0.19834710743801653,0.1195097180303482,-0.4244465767555933,1.3309214587660956
hgb_cnyrub_spot_stump,5,2023,__ALL__,1210,raw_probability,0.23513532163914364,0.3859504132231405,0.15105733529669138,1.5469941457930663,1.6665307360504107
hgb_cnyrub_spot_stump,5,2023,AMD,242,raw_probability,0.2380404391732951,0.3925619834710744,0.162035873046758,1.4612461469508256,1.5831802728966595
hgb_cnyrub_spot_stump,5,2023,KGS,242,raw_probability,0.2415149200426258,0.3884297520661157,0.16296690713136897,1.8033907128564468,1.953748162774673
hgb_cnyrub_spot_stump,5,2023,KZT,242,raw_probability,0.2130761369706505,0.3677685950413223,0.15788881399292803,1.5579293825130343,1.5671710653224082
hgb_cnyrub_spot_stump,5,2023,TJS,242,raw_probability,0.24263025117913745,0.3884297520661157,0.153621924230389,1.5349997363230439,1.715312255011358
hgb_cnyrub_spot_stump,5,2023,UZS,242,raw_probability,0.24041486083000926,0.3925619834710744,0.15666727748770726,1.459192929852689,1.6050985503506257
hgb_cnyrub_spot_stump,5,2024,__ALL__,1215,raw_probability,0.32622648058129333,0.3333333333333333,0.04407004862602628,-0.02209375220719208,0.9162221046472643
hgb_cnyrub_spot_stump,5,2024,AMD,243,raw_probability,0.32676559398231964,0.3497942386831276,0.06454017218375352,0.0682809666993854,0.9369483900655851
hgb_cnyrub_spot_stump,5,2024,KGS,243,raw_probability,0.3260010286223806,0.37037037037037035,0.07114775707165069,0.23464377789601223,1.0312182563270906
hgb_cnyrub_spot_stump,5,2024,KZT,243,raw_probability,0.32507979145139776,0.2674897119341564,0.10807965421546083,-0.5583580482782817,0.6073257470533081
hgb_cnyrub_spot_stump,5,2024,TJS,243,raw_probability,0.3259212725137908,0.3497942386831276,0.048369035312799714,0.04358506440166243,0.8962242070869901
hgb_cnyrub_spot_stump,5,2024,UZS,243,raw_probability,0.3273647163365778,0.3292181069958848,0.06239664374412974,0.08568573986644465,1.1156095096954448
hgb_cnyrub_spot_stump,5,2025,__ALL__,1210,raw_probability,0.3406158618071972,0.22148760330578512,0.11912825850141212,-0.7885716783857811,0.7371112412515544
hgb_cnyrub_spot_stump,5,2025,AMD,242,raw_probability,0.345455039474129,0.2190082644628099,0.12644677501131907,-0.7634072134549067,0.8524970759974285
hgb_cnyrub_spot_stump,5,2025,KGS,242,raw_probability,0.34716074266235286,0.2024793388429752,0.14468140381937766,-0.8316672341922116,0.9500947243101929
hgb_cnyrub_spot_stump,5,2025,KZT,242,raw_probability,0.33910227168946866,0.19834710743801653,0.15661906927219826,-1.056738773246761,0.510779348430006
hgb_cnyrub_spot_stump,5,2025,TJS,242,raw_probability,0.3342935832584078,0.2892561983471074,0.06198402664967434,-0.4921115627709072,0.5774888443720982
hgb_cnyrub_spot_stump,5,2025,UZS,242,raw_probability,0.3370676719516278,0.19834710743801653,0.13872056451361134,-0.828314394624522,0.9154251048741268
hgb_contract_market_leaf100,5,2023,__ALL__,1210,raw_probability,0.22730200042543508,0.3859504132231405,0.15864841279770542,0.6504158634976711,0.8048165253136005
hgb_contract_market_leaf100,5,2023,AMD,242,raw_probability,0.2308768503777491,0.3925619834710744,0.17556765980963907,0.5561036214240958,0.7185366338426242
hgb_contract_market_leaf100,5,2023,KGS,242,raw_probability,0.23276014356863128,0.3884297520661157,0.15566960849748437,0.7665008062494959,0.9090287951519088
hgb_contract_market_leaf100,5,2023,KZT,242,raw_probability,0.20704368928010564,0.3677685950413223,0.1607249057612167,0.7127323034566894,0.8398812068454882
hgb_contract_market_leaf100,5,2023,TJS,242,raw_probability,0.23171912121767563,0.3884297520661157,0.16429116704291205,0.6822098115128493,0.8363614117080211
hgb_contract_market_leaf100,5,2023,UZS,242,raw_probability,0.23411019768301378,0.3925619834710744,0.15845178578806066,0.5604117548156305,0.7385598482940915
hgb_contract_market_leaf100,5,2024,__ALL__,1215,raw_probability,0.35474978528923345,0.3333333333333333,0.10125374038659923,-0.35775758197107693,0.5318091286237423
hgb_contract_market_leaf100,5,2024,AMD,243,raw_probability,0.3537223839589804,0.3497942386831276,0.08785470272297366,-0.26000317175080356,0.5626710692724728
hgb_contract_market_leaf100,5,2024,KGS,243,raw_probability,0.3542415308064278,0.37037037037037035,0.11366945158390916,-0.22303880307179916,0.47058387715727706
hgb_contract_market_leaf100,5,2024,KZT,243,raw_probability,0.3541844216653435,0.2674897119341564,0.1425257000022738,-0.7830892931094126,0.3522160210708117
hgb_contract_market_leaf100,5,2024,TJS,243,raw_probability,0.35424788398858004,0.3497942386831276,0.08701161717287327,-0.2721831015822205,0.5446680295899918
hgb_contract_market_leaf100,5,2024,UZS,243,raw_probability,0.3573527060268356,0.3292181069958848,0.11358457978283731,-0.2764109155058946,0.7307652244494431
hgb_contract_market_leaf100,5,2025,__ALL__,1210,raw_probability,0.2261817114792713,0.22148760330578512,0.05235816869349796,-0.4399188732804111,0.6326391986358726
hgb_contract_market_leaf100,5,2025,AMD,242,raw_probability,0.22458775501041786,0.2190082644628099,0.06228867431197433,-0.34937839439984497,0.7170812933562012
hgb_contract_market_leaf100,5,2025,KGS,242,raw_probability,0.2412050280187036,0.2024793388429752,0.07358643799657032,-0.5310920662794655,0.7174944907575725
hgb_contract_market_leaf100,5,2025,KZT,242,raw_probability,0.2239446101857105,0.19834710743801653,0.0611757736140897,-0.5787238960424743,0.632618649540494
hgb_contract_market_leaf100,5,2025,TJS,242,raw_probability,0.22243553429520632,0.2892561983471074,0.11524064398113512,-0.33715226966226386,0.4075641168344633
hgb_contract_market_leaf100,5,2025,UZS,242,raw_probability,0.2187356298863182,0.19834710743801653,0.07489135425492931,-0.3434042319112747,0.8153323576945474
hgb_full_research,1,2023,__ALL__,1230,raw_probability,0.48904654213619697,0.5642276422764227,0.08960294807233755,0.4099442204403036,0.817398371362825
hgb_full_research,1,2023,AMD,246,raw_probability,0.487795173666469,0.5691056910569106,0.10600213161653402,0.4297042316368155,0.7564584743327998
hgb_full_research,1,2023,KGS,246,raw_probability,0.48796529171377523,0.5650406504065041,0.09076399341419757,0.4538948061674886,0.9912563295958584
hgb_full_research,1,2023,KZT,246,raw_probability,0.49081011568414884,0.556910569105691,0.10573735644881134,0.3263772298168614,0.5984799048996328
hgb_full_research,1,2023,TJS,246,raw_probability,0.48821328439621653,0.5691056910569106,0.08950355947735102,0.4688917284907641,0.9564024239707082
hgb_full_research,1,2023,UZS,246,raw_probability,0.49044884522037474,0.5609756097560976,0.08385811957528101,0.39197262146317946,0.8557254615030064
hgb_full_research,1,2024,__ALL__,1235,raw_probability,0.4659915563008582,0.5425101214574899,0.08403862739212933,0.43451018054897045,1.2339274862630227
hgb_full_research,1,2024,AMD,247,raw_probability,0.4800010472822449,0.5587044534412956,0.09236835527356127,0.43426835538839903,1.230686057224304
hgb_full_research,1,2024,KGS,247,raw_probability,0.45574601939896536,0.562753036437247,0.11244221874231236,0.6360699811894476,1.3260732085652034
hgb_full_research,1,2024,KZT,247,raw_probability,0.44464179417758837,0.5060728744939271,0.06596403831219537,0.3293271939710948,1.0784222755761153
hgb_full_research,1,2024,TJS,247,raw_probability,0.4852766896531664,0.5465587044534413,0.10257021312400574,0.35782591964600824,1.3893072226766479
hgb_full_research,1,2024,UZS,247,raw_probability,0.4642922309923254,0.5384615384615384,0.07658261334310881,0.4156426868561326,1.1962253128321378
hgb_full_research,1,2025,__ALL__,1230,raw_probability,0.4466760734590731,0.4634146341463415,0.04012719098784292,0.04667087499871261,0.8245530223737092
hgb_full_research,1,2025,AMD,246,raw_probability,0.44110351903124123,0.45934959349593496,0.06483014075664462,0.058619190597942177,0.8546511585335059
hgb_full_research,1,2025,KGS,246,raw_probability,0.45067019905817296,0.4268292682926829,0.09930155008063254,-0.14031787841908316,0.8594541412331639
hgb_full_research,1,2025,KZT,246,raw_probability,0.4520067792579348,0.46747967479674796,0.0862756285881378,0.015028167068490717,0.6880010407184739
hgb_full_research,1,2025,TJS,246,raw_probability,0.46306626808527906,0.5040650406504065,0.10234046632344639,0.14880730800476855,0.7192017002883818
hgb_full_research,1,2025,UZS,246,raw_probability,0.4265336018627377,0.45934959349593496,0.08868401871455786,0.17789948376190065,1.0362322675777575
hgb_full_research,3,2023,__ALL__,1220,raw_probability,0.35626563172033393,0.44508196721311477,0.10323662469956099,0.34179579553608946,0.7972315843719031
hgb_full_research,3,2023,AMD,244,raw_probability,0.3572153934923709,0.45901639344262296,0.14238904898528384,0.3699732091834046,0.7449278989747854
hgb_full_research,3,2023,KGS,244,raw_probability,0.3578996373221473,0.45491803278688525,0.10453906860692515,0.43515999276111655,0.8756086962127811
hgb_full_research,3,2023,KZT,244,raw_probability,0.3511906248338241,0.4098360655737705,0.08832339826312166,0.1108991415534718,0.6718864115387412
hgb_full_research,3,2023,TJS,244,raw_probability,0.3579722234870274,0.45081967213114754,0.10009997644812281,0.41022079791076216,0.8699190800004534
hgb_full_research,3,2023,UZS,244,raw_probability,0.3570502794663001,0.45081967213114754,0.10597595917679152,0.3903379296744516,0.8329178164728875
hgb_full_research,3,2024,__ALL__,1225,raw_probability,0.34855376844169034,0.38612244897959186,0.07739211467476687,0.13408289232897402,0.9159089433317075
hgb_full_research,3,2024,AMD,245,raw_probability,0.35215215123502547,0.4,0.09013736825820841,0.19352492088114587,0.9356324888541836
hgb_full_research,3,2024,KGS,245,raw_probability,0.346269970670136,0.4122448979591837,0.1013059771244192,0.2523022831290176,0.8940464153163136
hgb_full_research,3,2024,KZT,245,raw_probability,0.341585000778396,0.3346938775510204,0.05640690472478168,-0.13730731842217642,0.8191903347143348
hgb_full_research,3,2024,TJS,245,raw_probability,0.3545524655061291,0.4,0.08772145251496269,0.20022136315304334,0.9671776500752636
hgb_full_research,3,2024,UZS,245,raw_probability,0.34820925401876524,0.3836734693877551,0.08125145435266293,0.15026286504662548,0.9611127252253886
hgb_full_research,3,2025,__ALL__,1220,raw_probability,0.26410485853753424,0.28114754098360656,0.046460018521083855,-0.04453942305151516,0.845182702526019
hgb_full_research,3,2025,AMD,244,raw_probability,0.2608222147569008,0.2786885245901639,0.056057403402521896,0.03246354590797864,0.9216100935112969
hgb_full_research,3,2025,KGS,244,raw_probability,0.2722077799941475,0.2540983606557377,0.05857850610476086,-0.21867382035887367,0.868935869065038
hgb_full_research,3,2025,KZT,244,raw_probability,0.2623047506642863,0.26229508196721313,0.05969762249349735,-0.18892978981423933,0.7954015644049359
hgb_full_research,3,2025,TJS,244,raw_probability,0.2713864661797855,0.3360655737704918,0.08687662578344119,0.032626734482775095,0.6685516725061388
hgb_full_research,3,2025,UZS,244,raw_probability,0.2538030810925511,0.27459016393442626,0.05646870328801795,0.15439166325937162,1.032989315914151
hgb_full_research,5,2023,__ALL__,1210,raw_probability,0.2483578775606437,0.3859504132231405,0.15500542455243477,0.7146596150037585,0.9740109012677388
hgb_full_research,5,2023,AMD,242,raw_probability,0.25087133036453285,0.3925619834710744,0.160828174772166,0.5239628847032374,0.7888411148252279
hgb_full_research,5,2023,KGS,242,raw_probability,0.2536962877538785,0.3884297520661157,0.15333916931678968,0.8593789988166443,1.1222656829215947
hgb_full_research,5,2023,KZT,242,raw_probability,0.22795123530822325,0.3677685950413223,0.1496377807487725,0.7163974551168911,0.9573191394495748
hgb_full_research,5,2023,TJS,242,raw_probability,0.25519042075015863,0.3884297520661157,0.143943007936753,0.813553955581597,1.0884061084853192
hgb_full_research,5,2023,UZS,242,raw_probability,0.2540801136264254,0.3925619834710744,0.1571983969996735,0.6833881195921477,0.9454975430181871
hgb_full_research,5,2024,__ALL__,1215,raw_probability,0.31519440503979407,0.3333333333333333,0.08115194073621901,-0.32198041590205856,0.4384381168377842
hgb_full_research,5,2024,AMD,243,raw_probability,0.3167854909978802,0.3497942386831276,0.07811017885302968,-0.23831782947239924,0.4535733452680133
hgb_full_research,5,2024,KGS,243,raw_probability,0.3152985055524931,0.37037037037037035,0.08881149985544068,-0.17791931644188763,0.41062280561175146
hgb_full_research,5,2024,KZT,243,raw_probability,0.3117184504623531,0.2674897119341564,0.10515729602312643,-0.7194686839673562,0.33450017540804217
hgb_full_research,5,2024,TJS,243,raw_probability,0.31612544280967014,0.3497942386831276,0.08623866514005404,-0.27998158022972375,0.39967534660168313
hgb_full_research,5,2024,UZS,243,raw_probability,0.3160441353765737,0.3292181069958848,0.07156273860624016,-0.2273802100832707,0.5882018761969368
hgb_full_research,5,2025,__ALL__,1210,raw_probability,0.22355877236420862,0.22148760330578512,0.03615566695897468,-0.4053045136921884,0.6532395279161826
hgb_full_research,5,2025,AMD,242,raw_probability,0.21814900318926334,0.2190082644628099,0.03355340157606471,-0.35777204054166667,0.684845357721018
hgb_full_research,5,2025,KGS,242,raw_probability,0.23071756141884706,0.2024793388429752,0.0820059877951441,-0.49487269197247735,0.7081665611467872
hgb_full_research,5,2025,KZT,242,raw_probability,0.22089261072594102,0.19834710743801653,0.06711236202209159,-0.4607113813269024,0.7235821386736205
hgb_full_research,5,2025,TJS,242,raw_probability,0.22909840912443558,0.2892561983471074,0.09070418617201191,-0.334766211844021,0.4228941178130935
hgb_full_research,5,2025,UZS,242,raw_probability,0.21893627736255608,0.19834710743801653,0.04013080264645173,-0.3523982674379616,0.8092649064007572
hgb_full_research,10,2023,__ALL__,1185,raw_probability,0.18324189368373886,0.30886075949367087,0.19751613183093353,-0.3973503349827276,0.23873204416482932
hgb_full_research,10,2023,AMD,237,raw_probability,0.18802884674688677,0.3333333333333333,0.22336810428667978,-0.37638821247414345,0.18826988536732542
hgb_full_research,10,2023,KGS,237,raw_probability,0.18674268979142772,0.31223628691983124,0.19061322322636112,-0.2630821251318631,0.3164477847676819
hgb_full_research,10,2023,KZT,237,raw_probability,0.161976410912209,0.2911392405063291,0.18339802415318013,-0.4448987972066444,0.23627218954578863
hgb_full_research,10,2023,TJS,237,raw_probability,0.18956422905007064,0.2911392405063291,0.17166062089482678,-0.4265665030537821,0.28140903364143405
hgb_full_research,10,2023,UZS,237,raw_probability,0.18989729191810029,0.31645569620253167,0.21477254482722458,-0.4824406048787193,0.17218086124453244
hgb_full_research,10,2024,__ALL__,1190,raw_probability,0.3547809836434183,0.27647058823529413,0.1427171850277923,-0.8868673267750697,0.11086993430368444
hgb_full_research,10,2024,AMD,238,raw_probability,0.3538861106645855,0.29831932773109243,0.12916108413861888,-0.7240786659309768,0.1952265322090582
hgb_full_research,10,2024,KGS,238,raw_probability,0.35378348992143693,0.3025210084033613,0.1566804610604251,-0.8105886816601771,0.035543455037788656
hgb_full_research,10,2024,KZT,238,raw_probability,0.35420461179889545,0.21008403361344538,0.16565297578660756,-1.278480814582088,0.0670776212652082
hgb_full_research,10,2024,TJS,238,raw_probability,0.3548788355895081,0.3025210084033613,0.15899251849386692,-0.7794004415516436,0.08165541707501053
hgb_full_research,10,2024,UZS,238,raw_probability,0.35715187024266576,0.2689075630252101,0.13799929374601724,-0.8857751156173957,0.17463571668954628
hgb_full_research,10,2025,__ALL__,1185,raw_probability,0.17907208238994277,0.15274261603375527,0.02647645897547086,-0.1942758031753586,1.0061770249781594
hgb_full_research,10,2025,AMD,237,raw_probability,0.18121138346905097,0.1518987341772152,0.042405720655809026,-0.07384626213009987,1.1134680407570936
hgb_full_research,10,2025,KGS,237,raw_probability,0.18855444663412468,0.13924050632911392,0.059230717865109875,-0.1900413926294413,1.1554036707895208
hgb_full_research,10,2025,KZT,237,raw_probability,0.17850023010506452,0.1308016877637131,0.05878746832507166,-0.37880926169270307,1.0092806863992914
hgb_full_research,10,2025,TJS,237,raw_probability,0.16921691041031411,0.21518987341772153,0.09345853061151552,-0.03892724259612955,0.7666255393836432
hgb_full_research,10,2025,UZS,237,raw_probability,0.17787744133115943,0.12658227848101267,0.05623172483305232,-0.008169987098461038,1.3154910162393818
hgb_full_research,20,2023,__ALL__,1135,raw_probability,0.14044631830427495,0.2669603524229075,0.19920261389768912,-0.815507539757183,0.08760933018049835
hgb_full_research,20,2023,AMD,227,raw_probability,0.145573073022099,0.31718061674008813,0.2693368548678981,-0.696631070082242,0.03172571188364531
hgb_full_research,20,2023,KGS,227,raw_probability,0.14174157816068422,0.28193832599118945,0.2148653763422654,-0.7046716251940077,0.10481676144595871
hgb_full_research,20,2023,KZT,227,raw_probability,0.12309524828631939,0.2422907488986784,0.18891073318076965,-0.8255303371304445,0.1318053837409653
hgb_full_research,20,2023,TJS,227,raw_probability,0.1454288265918952,0.2511013215859031,0.18908990617389584,-0.9459910692322188,0.06820537780842781
hgb_full_research,20,2023,UZS,227,raw_probability,0.1463928654603769,0.2422907488986784,0.18292117024120177,-0.922660826859691,0.10076860080552832
hgb_full_research,20,2024,__ALL__,1140,raw_probability,0.1830715119942767,0.20350877192982456,0.15975080247904402,-1.4281460930921697,-0.034431189355408454
hgb_full_research,20,2024,AMD,228,raw_probability,0.18152495555647138,0.22807017543859648,0.1965402719812902,-1.4320239966936201,-0.1136332174208744
hgb_full_research,20,2024,KGS,228,raw_probability,0.18178644328100246,0.22807017543859648,0.17985350790955398,-1.3477247016802008,-0.06917230064022711
hgb_full_research,20,2024,KZT,228,raw_probability,0.18289498263177992,0.16228070175438597,0.13639405887485692,-1.8288335459528242,-0.10090508268232831
hgb_full_research,20,2024,TJS,228,raw_probability,0.18275712434431798,0.20175438596491227,0.15523552334799987,-1.3817561320702707,-0.0033317353717281584
hgb_full_research,20,2024,UZS,228,raw_probability,0.1863940541578118,0.19736842105263158,0.15594381397408286,-1.168976924983668,0.13433601882313898
hgb_full_research,20,2025,__ALL__,1135,raw_probability,0.10820917523345254,0.0960352422907489,0.03840468188659907,-0.8279541010385691,0.6529667877404788
hgb_full_research,20,2025,AMD,227,raw_probability,0.11183965624423739,0.0881057268722467,0.04586752457651728,-0.7904852947051834,0.7327642659492521
hgb_full_research,20,2025,KGS,227,raw_probability,0.11846883156269837,0.0881057268722467,0.05264686841890402,-1.0821889198393502,0.6055242030442678
hgb_full_research,20,2025,KZT,227,raw_probability,0.11024319823530418,0.07048458149779736,0.053603783466876,-2.133998045552061,0.1994947656026537
hgb_full_research,20,2025,TJS,227,raw_probability,0.1013383408691405,0.14977973568281938,0.08053340362503887,0.14225746366608463,0.8441977316058551
hgb_full_research,20,2025,UZS,227,raw_probability,0.0991558492558822,0.08370044052863436,0.05476689884429319,-0.1364181615823786,1.0285182200081735
hgb_plus_cnyrub_basis,1,2023,__ALL__,1230,raw_probability,0.5111133460341365,0.5642276422764227,0.07291210742587563,0.2998764530068834,0.7909882156283328
hgb_plus_cnyrub_basis,1,2023,AMD,246,raw_probability,0.510907576875402,0.5691056910569106,0.09296592275762391,0.32105722068457926,0.7255615531693071
hgb_plus_cnyrub_basis,1,2023,KGS,246,raw_probability,0.5151363911766975,0.5650406504065041,0.059071835545288325,0.2898108913789535,0.9374938774686827
hgb_plus_cnyrub_basis,1,2023,KZT,246,raw_probability,0.5060219691410658,0.556910569105691,0.09534133471367022,0.2716611440906247,0.6120144657434158
hgb_plus_cnyrub_basis,1,2023,TJS,246,raw_probability,0.5095033753202249,0.5691056910569106,0.07924195180901965,0.3417333972959177,0.897095174050021
hgb_plus_cnyrub_basis,1,2023,UZS,246,raw_probability,0.5139974176572929,0.5609756097560976,0.07389647701261336,0.27088898880117673,0.8337671176803997
hgb_plus_cnyrub_basis,1,2024,__ALL__,1235,raw_probability,0.47403802068118595,0.5425101214574899,0.07233089404808457,0.36189253665242754,1.0593386863927146
hgb_plus_cnyrub_basis,1,2024,AMD,247,raw_probability,0.47532728664653434,0.5587044534412956,0.09881499904792806,0.41886710178206915,0.9783973922499779
hgb_plus_cnyrub_basis,1,2024,KGS,247,raw_probability,0.4763100869533863,0.562753036437247,0.10297870722634347,0.48109167036832134,1.1491910772158607
hgb_plus_cnyrub_basis,1,2024,KZT,247,raw_probability,0.4647190249112546,0.5060728744939271,0.08430232135691337,0.18054364587012867,0.8622883318984561
hgb_plus_cnyrub_basis,1,2024,TJS,247,raw_probability,0.4757435419885217,0.5465587044534413,0.10015853778261972,0.4172760087913959,1.2366434587183237
hgb_plus_cnyrub_basis,1,2024,UZS,247,raw_probability,0.4780901629062326,0.5384615384615384,0.06588188483209534,0.33154474914291326,1.1154128484499577
hgb_plus_cnyrub_basis,1,2025,__ALL__,1230,raw_probability,0.45956622527174074,0.4634146341463415,0.059695886756244355,0.016648829442349453,0.9837469536737005
hgb_plus_cnyrub_basis,1,2025,AMD,246,raw_probability,0.45762985413279983,0.45934959349593496,0.05651392576594989,0.014974364053114614,1.0415339335962817
hgb_plus_cnyrub_basis,1,2025,KGS,246,raw_probability,0.455038559918145,0.4268292682926829,0.07445201599914233,-0.13454923767757354,1.0659153803818877
hgb_plus_cnyrub_basis,1,2025,KZT,246,raw_probability,0.46395606735469613,0.46747967479674796,0.09763376121012855,-0.015445717269070458,0.7731801081706309
hgb_plus_cnyrub_basis,1,2025,TJS,246,raw_probability,0.46397031525315074,0.5040650406504065,0.09034348753757032,0.18821797641405608,0.9434958441550098
hgb_plus_cnyrub_basis,1,2025,UZS,246,raw_probability,0.45723632969991196,0.45934959349593496,0.049889776672299095,0.03057692774403324,1.1294083036217515
hgb_plus_cnyrub_basis,3,2023,__ALL__,1220,raw_probability,0.27786698567756024,0.44508196721311477,0.16721498153555456,0.920418803068232,1.0050847169772228
hgb_plus_cnyrub_basis,3,2023,AMD,244,raw_probability,0.2771941952023271,0.45901639344262296,0.18182219824029583,0.8326001820191384,0.8626580503661618
hgb_plus_cnyrub_basis,3,2023,KGS,244,raw_probability,0.28999685251611024,0.45491803278688525,0.16492118027077504,1.0079420801878545,1.1064100471468414
hgb_plus_cnyrub_basis,3,2023,KZT,244,raw_probability,0.2542505233201212,0.4098360655737705,0.15558554225364932,0.8034601988527817,0.9444440897031844
hgb_plus_cnyrub_basis,3,2023,TJS,244,raw_probability,0.2782204255432926,0.45081967213114754,0.18054450181393558,1.0251012404751263,1.0727893558205448
hgb_plus_cnyrub_basis,3,2023,UZS,244,raw_probability,0.2896729318059499,0.45081967213114754,0.16188607030518973,0.9293691272444414,1.052008300546108
hgb_plus_cnyrub_basis,3,2024,__ALL__,1225,raw_probability,0.3331353108880431,0.38612244897959186,0.06225695388392919,0.20699397081154775,0.8858896760523993
hgb_plus_cnyrub_basis,3,2024,AMD,245,raw_probability,0.33245020756602867,0.4,0.07518997810590776,0.2808017768533062,0.8828848558191303
hgb_plus_cnyrub_basis,3,2024,KGS,245,raw_probability,0.3371767874885323,0.4122448979591837,0.08967154977324655,0.35196069449372197,0.9324820520173874
hgb_plus_cnyrub_basis,3,2024,KZT,245,raw_probability,0.32580649707990617,0.3346938775510204,0.0607050106340378,-0.08059097624487753,0.7979366322868047
hgb_plus_cnyrub_basis,3,2024,TJS,245,raw_probability,0.33817345741324956,0.4,0.07904932843704729,0.25550926788403927,0.8887455710636778
hgb_plus_cnyrub_basis,3,2024,UZS,245,raw_probability,0.3320696048924987,0.3836734693877551,0.08393107353509556,0.22173317112920232,0.9183751107192427
hgb_plus_cnyrub_basis,3,2025,__ALL__,1220,raw_probability,0.334050992573294,0.28114754098360656,0.0887129361117571,-0.3505613168612545,0.8899095993719427
hgb_plus_cnyrub_basis,3,2025,AMD,244,raw_probability,0.328606098920443,0.2786885245901639,0.10309301539909246,-0.31166744393106127,0.9422155904247346
hgb_plus_cnyrub_basis,3,2025,KGS,244,raw_probability,0.32752454629768074,0.2540983606557377,0.10660472774729798,-0.4480998991881652,0.9472895583947372
hgb_plus_cnyrub_basis,3,2025,KZT,244,raw_probability,0.3354530483606451,0.26229508196721313,0.0977865056671587,-0.5622273119708219,0.7064801465419637
hgb_plus_cnyrub_basis,3,2025,TJS,244,raw_probability,0.3445692501072907,0.3360655737704918,0.08751067702947862,-0.12746808476785781,0.8491003875957337
hgb_plus_cnyrub_basis,3,2025,UZS,244,raw_probability,0.3341020191804104,0.27459016393442626,0.07326806155261446,-0.31174384894921003,1.0306477789589403
hgb_plus_cnyrub_basis,5,2023,__ALL__,1210,raw_probability,0.1889458214933838,0.3859504132231405,0.1970045917297567,1.2967912986793297,1.0622091916257517
hgb_plus_cnyrub_basis,5,2023,AMD,242,raw_probability,0.19223471859623245,0.3925619834710744,0.20032726487484193,1.0423784074042992,0.8960354176030824
hgb_plus_cnyrub_basis,5,2023,KGS,242,raw_probability,0.19765748053174342,0.3884297520661157,0.1907722715343723,1.4787692694189034,1.2184726037432578
hgb_plus_cnyrub_basis,5,2023,KZT,242,raw_probability,0.16424983037266866,0.3677685950413223,0.20351876466865365,1.601924135213977,1.1783754253453111
hgb_plus_cnyrub_basis,5,2023,TJS,242,raw_probability,0.19410835379468436,0.3884297520661157,0.19432139827143136,1.3271968519973112,1.0982256017123468
hgb_plus_cnyrub_basis,5,2023,UZS,242,raw_probability,0.19647872417159007,0.3925619834710744,0.1960832592994843,1.1595788036069334,0.9915141320441664
hgb_plus_cnyrub_basis,5,2024,__ALL__,1215,raw_probability,0.2708479843400499,0.3333333333333333,0.08492545602300079,0.2626369080975815,0.9014029556123633
hgb_plus_cnyrub_basis,5,2024,AMD,243,raw_probability,0.2731747007923441,0.3497942386831276,0.10107936422564025,0.3517012291462562,0.9149080734641627
hgb_plus_cnyrub_basis,5,2024,KGS,243,raw_probability,0.27526836553548006,0.37037037037037035,0.0986116284082088,0.44488471808665614,0.9087184640075635
hgb_plus_cnyrub_basis,5,2024,KZT,243,raw_probability,0.2643332688044256,0.2674897119341564,0.08651724945074621,-0.2031537303621334,0.7561601964516029
hgb_plus_cnyrub_basis,5,2024,TJS,243,raw_probability,0.27380629492556674,0.3497942386831276,0.09101428741211057,0.32732705902366593,0.8950092712663261
hgb_plus_cnyrub_basis,5,2024,UZS,243,raw_probability,0.2676572916424329,0.3292181069958848,0.0766674747397542,0.3683604041871619,1.01625610018277
hgb_plus_cnyrub_basis,5,2025,__ALL__,1210,raw_probability,0.30981099527926703,0.22148760330578512,0.09414797277045585,-0.6352555288213576,0.809141192439393
hgb_plus_cnyrub_basis,5,2025,AMD,242,raw_probability,0.307364278299503,0.2190082644628099,0.12250924084713591,-0.5964079671228811,0.8829626668057392
hgb_plus_cnyrub_basis,5,2025,KGS,242,raw_probability,0.3074859564697372,0.2024793388429752,0.12234512980644378,-0.7051049435900135,0.882349993501115
hgb_plus_cnyrub_basis,5,2025,KZT,242,raw_probability,0.30986670681456935,0.19834710743801653,0.1267530179832859,-0.8589253362185509,0.6945093158977992
hgb_plus_cnyrub_basis,5,2025,TJS,242,raw_probability,0.3103971612846069,0.2892561983471074,0.06654102982897697,-0.33100050833270334,0.6917103422072413
hgb_plus_cnyrub_basis,5,2025,UZS,242,raw_probability,0.31394087352791883,0.19834710743801653,0.1159385996115787,-0.7103902374165726,0.9722367338162139
hgb_plus_cnyrub_basis,10,2023,__ALL__,1185,raw_probability,0.10543212588767746,0.30886075949367087,0.2034286336059934,1.0717195998321583,0.7987781132946963
hgb_plus_cnyrub_basis,10,2023,AMD,237,raw_probability,0.11016567391976174,0.3333333333333333,0.22316765941357156,1.036196038451642,0.7494786401083555
hgb_plus_cnyrub_basis,10,2023,KGS,237,raw_probability,0.10846526559736897,0.31223628691983124,0.21022978390917457,1.4671876430319022,0.9882969405560775
hgb_plus_cnyrub_basis,10,2023,KZT,237,raw_probability,0.08757393523615262,0.2911392405063291,0.20356530527017652,1.381141672928107,0.8841795975977912
hgb_plus_cnyrub_basis,10,2023,TJS,237,raw_probability,0.11144294107696001,0.2911392405063291,0.17969629942936913,0.768854299988725,0.7290840097303039
hgb_plus_cnyrub_basis,10,2023,UZS,237,raw_probability,0.109512813608144,0.31645569620253167,0.20694288259438764,0.8616774989833771,0.7035206969050043
hgb_plus_cnyrub_basis,10,2024,__ALL__,1190,raw_probability,0.20318021139667808,0.27647058823529413,0.07488782502447983,0.16216945308331135,0.7714005943641999
hgb_plus_cnyrub_basis,10,2024,AMD,238,raw_probability,0.20239616894189197,0.29831932773109243,0.09592315878920048,0.3652163661490552,0.8280553921229796
hgb_plus_cnyrub_basis,10,2024,KGS,238,raw_probability,0.19960780577006437,0.3025210084033613,0.12300055558529673,0.2882858165503014,0.7487638463606681
hgb_plus_cnyrub_basis,10,2024,KZT,238,raw_probability,0.20683571646540463,0.21008403361344538,0.050147047457130854,-0.3416363860264654,0.7017286987235454
hgb_plus_cnyrub_basis,10,2024,TJS,238,raw_probability,0.20333281048733712,0.3025210084033613,0.10498680285514238,0.3399664738425901,0.7986407085023276
hgb_plus_cnyrub_basis,10,2024,UZS,238,raw_probability,0.20372855531869236,0.2689075630252101,0.07449501556510138,0.16991636150613318,0.8107776319329779
hgb_plus_cnyrub_basis,10,2025,__ALL__,1185,raw_probability,0.2753457389835184,0.15274261603375527,0.12513464486326836,-1.0169180823003299,0.7428378728224623
hgb_plus_cnyrub_basis,10,2025,AMD,237,raw_probability,0.2884073291292511,0.1518987341772152,0.13932589304521112,-1.0183830790101942,0.8304212789824544
hgb_plus_cnyrub_basis,10,2025,KGS,237,raw_probability,0.2901592610129901,0.13924050632911392,0.1555555880281794,-1.2012093563978405,0.728824637997195
hgb_plus_cnyrub_basis,10,2025,KZT,237,raw_probability,0.27223709611620545,0.1308016877637131,0.14143540835249235,-1.1915258957544306,0.7436189122889167
hgb_plus_cnyrub_basis,10,2025,TJS,237,raw_probability,0.2605843590422731,0.21518987341772153,0.08554397921281486,-0.49018377010058933,0.7680950590145345
hgb_plus_cnyrub_basis,10,2025,UZS,237,raw_probability,0.265340649616872,0.12658227848101267,0.13875837113585932,-1.1798797030608998,0.7654023633174704
hgb_plus_cnyrub_basis,20,2023,__ALL__,1135,raw_probability,0.046160762565134704,0.2669603524229075,0.2207995898577728,1.087245294813012,0.6505039652787407
hgb_plus_cnyrub_basis,20,2023,AMD,227,raw_probability,0.046439406523212864,0.31718061674008813,0.27074121021687525,1.114533458489239,0.5803985520687536
hgb_plus_cnyrub_basis,20,2023,KGS,227,raw_probability,0.04702012043825485,0.28193832599118945,0.23491820555293455,1.6144052971688563,0.8014945917557872
hgb_plus_cnyrub_basis,20,2023,KZT,227,raw_probability,0.035699433223819584,0.2422907488986784,0.20659131567485886,2.3021229249620485,1.0007676998615365
hgb_plus_cnyrub_basis,20,2023,TJS,227,raw_probability,0.051921487091112745,0.2511013215859031,0.19917983449479035,0.6202660221189534,0.5530264698299381
hgb_plus_cnyrub_basis,20,2023,UZS,227,raw_probability,0.04972336554927345,0.2422907488986784,0.19475646249463335,0.3631491801289446,0.47518783042144425
hgb_plus_cnyrub_basis,20,2024,__ALL__,1140,raw_probability,0.12306450865323129,0.20350877192982456,0.08044426327659328,-0.1061835664608848,0.5793803468162179
hgb_plus_cnyrub_basis,20,2024,AMD,228,raw_probability,0.12032250256273648,0.22807017543859648,0.11915579624835945,0.12251012365132545,0.6033037149457727
hgb_plus_cnyrub_basis,20,2024,KGS,228,raw_probability,0.1162761184231447,0.22807017543859648,0.12594417859910936,0.1848694673692474,0.6265628778538568
hgb_plus_cnyrub_basis,20,2024,KZT,228,raw_probability,0.12689976656330515,0.16228070175438597,0.07520380566463093,-0.553721873773831,0.5126140889311631
hgb_plus_cnyrub_basis,20,2024,TJS,228,raw_probability,0.12145730488698507,0.20175438596491227,0.08879492954551162,0.11544059012595898,0.6903281731749029
hgb_plus_cnyrub_basis,20,2024,UZS,228,raw_probability,0.130366850829985,0.19736842105263158,0.0827279623621154,-0.33731382889307343,0.5043439227118741
hgb_plus_cnyrub_basis,20,2025,__ALL__,1135,raw_probability,0.2307235028252238,0.0960352422907489,0.13670980434599173,-1.832849875592694,0.32258381324104446
hgb_plus_cnyrub_basis,20,2025,AMD,227,raw_probability,0.23637788701742868,0.0881057268722467,0.155204652573231,-2.1075918163173784,0.17918050777791078
hgb_plus_cnyrub_basis,20,2025,KGS,227,raw_probability,0.2378618030918197,0.0881057268722467,0.1652608923004042,-2.407953693340289,-0.05356141825185721
hgb_plus_cnyrub_basis,20,2025,KZT,227,raw_probability,0.23574783613732467,0.07048458149779736,0.1652632546395273,-1.8015886071904468,0.6794210700926585
hgb_plus_cnyrub_basis,20,2025,TJS,227,raw_probability,0.22288715717607888,0.14977973568281938,0.08720845146126781,-1.0963932234063563,0.4970415048329551
hgb_plus_cnyrub_basis,20,2025,UZS,227,raw_probability,0.22074283070346723,0.08370044052863436,0.14193058319630084,-1.8553492579638748,0.41219523503056166
hgb_plus_cnyrub_basis_ret1,5,2023,__ALL__,1210,raw_probability,0.19450284478073887,0.3859504132231405,0.19144756844240163,1.3348098280938536,1.1118846195807635
hgb_plus_cnyrub_basis_ret1,5,2023,AMD,242,raw_probability,0.19778487796729968,0.3925619834710744,0.1947771055037747,1.0698608055242183,0.931481861285025
hgb_plus_cnyrub_basis_ret1,5,2023,KGS,242,raw_probability,0.20273166811348525,0.3884297520661157,0.18569808395263043,1.4950059515804894,1.254414206016975
hgb_plus_cnyrub_basis_ret1,5,2023,KZT,242,raw_probability,0.16949593105579244,0.3677685950413223,0.19827266398552987,1.6008541963577048,1.2058797707685178
hgb_plus_cnyrub_basis_ret1,5,2023,TJS,242,raw_probability,0.20084582155593322,0.3884297520661157,0.18758393051018246,1.3828989869038373,1.1685179525173026
hgb_plus_cnyrub_basis_ret1,5,2023,UZS,242,raw_probability,0.2016559252111837,0.3925619834710744,0.1909060582598907,1.2460078686749574,1.0715793283747241
hgb_plus_cnyrub_basis_ret1,5,2024,__ALL__,1215,raw_probability,0.28357044615316634,0.3333333333333333,0.07897359307508052,0.13553569490454154,0.8290896016610376
hgb_plus_cnyrub_basis_ret1,5,2024,AMD,243,raw_probability,0.28725261325187634,0.3497942386831276,0.08773352200188064,0.2556954188783639,0.8878245587330102
hgb_plus_cnyrub_basis_ret1,5,2024,KGS,243,raw_probability,0.28489729880110937,0.37037037037037035,0.09776358602831141,0.34066966978385077,0.8464456687769735
hgb_plus_cnyrub_basis_ret1,5,2024,KZT,243,raw_probability,0.27715400448665645,0.2674897119341564,0.07435294905949391,-0.3689440151434269,0.6303689176330687
hgb_plus_cnyrub_basis_ret1,5,2024,TJS,243,raw_probability,0.28644560462344093,0.3497942386831276,0.1085367196639379,0.20103009016518,0.8227280315345089
hgb_plus_cnyrub_basis_ret1,5,2024,UZS,243,raw_probability,0.28210270960274847,0.3292181069958848,0.11076432060409538,0.22308956972465016,0.9421427895947425
hgb_plus_cnyrub_basis_ret1,5,2025,__ALL__,1210,raw_probability,0.31767300199036924,0.22148760330578512,0.10122425898227963,-0.7554772586560555,0.6754809380882876
hgb_plus_cnyrub_basis_ret1,5,2025,AMD,242,raw_probability,0.3160841062172889,0.2190082644628099,0.12045603584540698,-0.7528794812645336,0.7000786038771819
hgb_plus_cnyrub_basis_ret1,5,2025,KGS,242,raw_probability,0.31685872072966653,0.2024793388429752,0.14583435054750424,-0.8495792628625729,0.7212479757850929
hgb_plus_cnyrub_basis_ret1,5,2025,KZT,242,raw_probability,0.3180290952434466,0.19834710743801653,0.13698773282115292,-0.975714845710518,0.5586883927992904
hgb_plus_cnyrub_basis_ret1,5,2025,TJS,242,raw_probability,0.31831174968202963,0.2892561983471074,0.08577959474179706,-0.4350199683562115,0.58306746196812
hgb_plus_cnyrub_basis_ret1,5,2025,UZS,242,raw_probability,0.3190813380794144,0.19834710743801653,0.1216608879401024,-0.7997394964675759,0.8798717669260294
hgb_plus_cnyrub_ret1,5,2023,__ALL__,1210,raw_probability,0.1869134161937411,0.3859504132231405,0.19903699702939937,1.3270725401132157,1.0880143894215992
hgb_plus_cnyrub_ret1,5,2023,AMD,242,raw_probability,0.19591971246806175,0.3925619834710744,0.19664227100301263,0.9987762772372936,0.8980783759974227
hgb_plus_cnyrub_ret1,5,2023,KGS,242,raw_probability,0.1957702740669286,0.3884297520661157,0.19843916802604325,1.6648942351416682,1.347414508336023
hgb_plus_cnyrub_ret1,5,2023,KZT,242,raw_probability,0.15242837471272191,0.3677685950413223,0.21534022032860042,1.602828643660503,1.1288388691316606
hgb_plus_cnyrub_ret1,5,2023,TJS,242,raw_probability,0.19465911063671898,0.3884297520661157,0.19377064142939676,1.41789795512023,1.178935728003172
hgb_plus_cnyrub_ret1,5,2023,UZS,242,raw_probability,0.19578960908427445,0.3925619834710744,0.1967723743867999,1.175374649193082,1.0220302344192707
hgb_plus_cnyrub_ret1,5,2024,__ALL__,1215,raw_probability,0.2969371193676936,0.3333333333333333,0.0648036189193192,0.0009351138891826572,0.7641531275780727
hgb_plus_cnyrub_ret1,5,2024,AMD,243,raw_probability,0.2998745806193801,0.3497942386831276,0.08936275490450861,0.15564341982461985,0.8681001610429723
hgb_plus_cnyrub_ret1,5,2024,KGS,243,raw_probability,0.2954687593907712,0.37037037037037035,0.08816124403851258,0.16985423169462788,0.7426059992199243
hgb_plus_cnyrub_ret1,5,2024,KZT,243,raw_probability,0.2965425218518785,0.2674897119341564,0.060771757226124115,-0.4980611657043028,0.5675764608539506
hgb_plus_cnyrub_ret1,5,2024,TJS,243,raw_probability,0.2975452053060115,0.3497942386831276,0.06874413722742594,0.07310907044211534,0.7579812873925126
hgb_plus_cnyrub_ret1,5,2024,UZS,243,raw_probability,0.2952545296704266,0.3292181069958848,0.06090850925492893,0.09290485508387611,0.8881591145583732
hgb_plus_cnyrub_ret1,5,2025,__ALL__,1210,raw_probability,0.3546569590049845,0.22148760330578512,0.13316935569919938,-0.9102974722043364,0.6102948508725906
hgb_plus_cnyrub_ret1,5,2025,AMD,242,raw_probability,0.35416199923958686,0.2190082644628099,0.14404625319442915,-0.909509503477674,0.6451193195529842
hgb_plus_cnyrub_ret1,5,2025,KGS,242,raw_probability,0.35458848206346116,0.2024793388429752,0.15372365394455367,-1.0190122854351003,0.6352388924934043
hgb_plus_cnyrub_ret1,5,2025,KZT,242,raw_probability,0.3536575860398903,0.19834710743801653,0.16907405084970506,-1.1643431680213845,0.381993216291876
hgb_plus_cnyrub_ret1,5,2025,TJS,242,raw_probability,0.3545789779422678,0.2892561983471074,0.08819962410251994,-0.5478631968799965,0.5840524430365595
hgb_plus_cnyrub_ret1,5,2025,UZS,242,raw_probability,0.3562977497397163,0.19834710743801653,0.16563952263407128,-0.9701079352875566,0.8345746686683491
hgb_plus_cnyrub_spot,5,2023,__ALL__,1210,raw_probability,0.19057190594192913,0.3859504132231405,0.19537850728121137,1.2569551459598496,1.0840208394359692
hgb_plus_cnyrub_spot,5,2023,AMD,242,raw_probability,0.19620603274270396,0.3925619834710744,0.19635595072837042,1.1172572665897362,0.9942517351897847
hgb_plus_cnyrub_spot,5,2023,KGS,242,raw_probability,0.19868085444653466,0.3884297520661157,0.18974889761958108,1.5326377235736968,1.308445790464101
hgb_plus_cnyrub_spot,5,2023,KZT,242,raw_probability,0.16157006957833692,0.3677685950413223,0.2061985254629854,1.542330832907303,1.1675038949434362
hgb_plus_cnyrub_spot,5,2023,TJS,242,raw_probability,0.19831788268646192,0.3884297520661157,0.19011186937965377,1.216985294965919,1.0899302871100147
hgb_plus_cnyrub_spot,5,2023,UZS,242,raw_probability,0.1980846902556082,0.3925619834710744,0.19447729321546617,1.0417767273808283,0.9592941380942832
hgb_plus_cnyrub_spot,5,2024,__ALL__,1215,raw_probability,0.34771986558211504,0.3333333333333333,0.05370490625821399,-0.14172794904395228,0.8778793307079066
hgb_plus_cnyrub_spot,5,2024,AMD,243,raw_probability,0.3514628515494163,0.3497942386831276,0.080853503015884,-0.062413106088603766,0.9056133517141397
hgb_plus_cnyrub_spot,5,2024,KGS,243,raw_probability,0.3474365485213679,0.37037037037037035,0.0570741341244578,0.09852401225415966,0.9782741892888306
hgb_plus_cnyrub_spot,5,2024,KZT,243,raw_probability,0.34227643988418427,0.2674897119341564,0.09334506642874658,-0.6582855788468588,0.5300320264231915
hgb_plus_cnyrub_spot,5,2024,TJS,243,raw_probability,0.34825606165240713,0.3497942386831276,0.06816237192375393,-0.051028135767730284,0.9002870593732409
hgb_plus_cnyrub_spot,5,2024,UZS,243,raw_probability,0.3491674263031994,0.3292181069958848,0.07470848233860396,-0.05865106514932049,1.0739486313068192
hgb_plus_cnyrub_spot,5,2025,__ALL__,1210,raw_probability,0.34184145622648576,0.22148760330578512,0.13558730118877033,-0.8492157068252436,0.6503888139175323
hgb_plus_cnyrub_spot,5,2025,AMD,242,raw_probability,0.3500533206795614,0.2190082644628099,0.14605398706583572,-0.8583917596422057,0.7338515800394757
hgb_plus_cnyrub_spot,5,2025,KGS,242,raw_probability,0.35216032206265513,0.2024793388429752,0.16810072336753148,-0.9522760031591374,0.7940269876842232
hgb_plus_cnyrub_spot,5,2025,KZT,242,raw_probability,0.33685438729857187,0.19834710743801653,0.15877966080721292,-1.0811352252244506,0.4600068166467291
hgb_plus_cnyrub_spot,5,2025,TJS,242,raw_probability,0.3344665473913798,0.2892561983471074,0.08470042854499106,-0.5021115996849881,0.5525606628103233
hgb_plus_cnyrub_spot,5,2025,UZS,242,raw_probability,0.3356727037002607,0.19834710743801653,0.13732559626224417,-0.902359728329059,0.8063496515620417
hgb_plus_cnyrub_spot_fixing,5,2023,__ALL__,1210,raw_probability,0.20170028314781055,0.3859504132231405,0.18425013007532995,1.0269570592498816,0.9506854354310396
hgb_plus_cnyrub_spot_fixing,5,2023,AMD,242,raw_probability,0.20328940453490205,0.3925619834710744,0.18927257893617233,0.9078741139373921,0.852817435154485
hgb_plus_cnyrub_spot_fixing,5,2023,KGS,242,raw_probability,0.21044071541901813,0.3884297520661157,0.17798903664709756,1.1751306139890212,1.0882133510422705
hgb_plus_cnyrub_spot_fixing,5,2023,KZT,242,raw_probability,0.17695711008075007,0.3677685950413223,0.1908114849605722,1.266809322841089,1.0514556233119354
hgb_plus_cnyrub_spot_fixing,5,2023,TJS,242,raw_probability,0.20803734616443464,0.3884297520661157,0.18039240590168104,1.0363480596094752,0.9771547403761885
hgb_plus_cnyrub_spot_fixing,5,2023,UZS,242,raw_probability,0.20977683953994777,0.3925619834710744,0.18278514393112658,0.8406620953579568,0.8378319788112323
hgb_plus_cnyrub_spot_fixing,5,2024,__ALL__,1215,raw_probability,0.32510055906318025,0.3333333333333333,0.07162130386386456,-0.07386270346054005,0.8225796519930457
hgb_plus_cnyrub_spot_fixing,5,2024,AMD,243,raw_probability,0.32600524047357815,0.3497942386831276,0.07748134952805276,0.014074363317036053,0.8353425039729595
hgb_plus_cnyrub_spot_fixing,5,2024,KGS,243,raw_probability,0.325434026748639,0.37037037037037035,0.07395960037202494,0.12405261533546298,0.8433347093660479
hgb_plus_cnyrub_spot_fixing,5,2024,KZT,243,raw_probability,0.32152817260620703,0.2674897119341564,0.12441840232931617,-0.5521793593378387,0.5993783787494141
hgb_plus_cnyrub_spot_fixing,5,2024,TJS,243,raw_probability,0.32496325088680655,0.3497942386831276,0.0677298180090598,0.026296041241293408,0.8472870615461436
hgb_plus_cnyrub_spot_fixing,5,2024,UZS,243,raw_probability,0.32757210460067065,0.3292181069958848,0.05141800644294092,0.015112121241407586,1.0098234501831123
hgb_plus_cnyrub_spot_fixing,5,2025,__ALL__,1210,raw_probability,0.3097937025086379,0.22148760330578512,0.09224821276355147,-0.7339394576695405,0.6591611285846101
hgb_plus_cnyrub_spot_fixing,5,2025,AMD,242,raw_probability,0.3180463450768342,0.2190082644628099,0.10687890086171929,-0.7073668562271933,0.7877632624690538
hgb_plus_cnyrub_spot_fixing,5,2025,KGS,242,raw_probability,0.32038277317370006,0.2024793388429752,0.11790343433072484,-0.8172784679391513,0.8078626276875767
hgb_plus_cnyrub_spot_fixing,5,2025,KZT,242,raw_probability,0.30816862137850815,0.19834710743801653,0.12424378259094156,-0.9617947611099985,0.5302139504917508
hgb_plus_cnyrub_spot_fixing,5,2025,TJS,242,raw_probability,0.29781220424137805,0.2892561983471074,0.08694055320282071,-0.45876497934764926,0.4716813938708517
hgb_plus_cnyrub_spot_fixing,5,2025,UZS,242,raw_probability,0.3045585686727693,0.19834710743801653,0.10621146123475277,-0.7466220100239798,0.8496645687535804
hgb_plus_direct_corridor_basis,1,2023,__ALL__,1230,raw_probability,0.4587319548691467,0.5642276422764227,0.10549568740727598,0.36810679277146807,0.6253818463368414
hgb_plus_direct_corridor_basis,1,2023,AMD,246,raw_probability,0.4698493973154458,0.5691056910569106,0.10239809152512025,0.35241531939812176,0.5694593894668901
hgb_plus_direct_corridor_basis,1,2023,KGS,246,raw_probability,0.46919921644926665,0.5650406504065041,0.12020036596086324,0.3044425672904367,0.3270017799164835
hgb_plus_direct_corridor_basis,1,2023,KZT,246,raw_probability,0.43304813109340307,0.556910569105691,0.12498155689468543,0.6004763694770314,1.3072175726372601
hgb_plus_direct_corridor_basis,1,2023,TJS,246,raw_probability,0.4620300110670949,0.5691056910569106,0.10767670071750077,0.41037068144351824,0.8235024208928383
hgb_plus_direct_corridor_basis,1,2023,UZS,246,raw_probability,0.45953301842052363,0.5609756097560976,0.14082049220154697,0.27222030763931704,0.1587318687273372
hgb_plus_direct_corridor_basis,1,2024,__ALL__,1235,raw_probability,0.5223789909376996,0.5425101214574899,0.02917129641047255,0.0833716449770098,1.0005729399957437
hgb_plus_direct_corridor_basis,1,2024,AMD,247,raw_probability,0.5609805145116717,0.5587044534412956,0.08567581837912215,-0.10906810925391652,1.4324024184047592
hgb_plus_direct_corridor_basis,1,2024,KGS,247,raw_probability,0.5068632293154419,0.562753036437247,0.07290624513112372,0.23024621753099872,1.1077327330412274
hgb_plus_direct_corridor_basis,1,2024,KZT,247,raw_probability,0.4948753904642012,0.5060728744939271,0.055984539208200686,0.04883790153036848,1.0842407205770357
hgb_plus_direct_corridor_basis,1,2024,TJS,247,raw_probability,0.5193697798061823,0.5465587044534413,0.06515514730205071,0.09367362412449526,1.254025956965873
hgb_plus_direct_corridor_basis,1,2024,UZS,247,raw_probability,0.5298060405910007,0.5384615384615384,0.07169201090840348,0.08638502055719029,0.5491073188974751
hgb_plus_direct_corridor_basis,1,2025,__ALL__,1230,raw_probability,0.5223560766452423,0.4634146341463415,0.09217632766494778,-0.18969693097325122,0.40985194809603115
hgb_plus_direct_corridor_basis,1,2025,AMD,246,raw_probability,0.5082585273658898,0.45934959349593496,0.10380424579885725,-0.1936375418302027,0.6789964909083545
hgb_plus_direct_corridor_basis,1,2025,KGS,246,raw_probability,0.5368407257765303,0.4268292682926829,0.12155599073293705,-0.3726194472955253,0.4530956976887451
hgb_plus_direct_corridor_basis,1,2025,KZT,246,raw_probability,0.5561617924967652,0.46747967479674796,0.1785713219080359,-0.19493288837155284,0.2495701871486177
hgb_plus_direct_corridor_basis,1,2025,TJS,246,raw_probability,0.5383035157989888,0.5040650406504065,0.09764393726438897,-0.059516973088849165,0.45680098298224636
hgb_plus_direct_corridor_basis,1,2025,UZS,246,raw_probability,0.4722158217880371,0.45934959349593496,0.08189180754442874,-0.1165202985006917,0.4111729485222807
hgb_plus_direct_corridor_basis,3,2023,__ALL__,1220,raw_probability,0.2526294282370356,0.44508196721311477,0.19245253897607914,0.1953347365455864,0.36170247555915486
hgb_plus_direct_corridor_basis,3,2023,AMD,244,raw_probability,0.26559932335333014,0.45901639344262296,0.19341707008929282,0.1537509766395421,0.2936173024104935
hgb_plus_direct_corridor_basis,3,2023,KGS,244,raw_probability,0.26530038075976475,0.45491803278688525,0.18961765202712044,0.19501881868483437,0.3494634917921104
hgb_plus_direct_corridor_basis,3,2023,KZT,244,raw_probability,0.21441612929905657,0.4098360655737705,0.19541993627471396,0.37095016593522917,0.5391446657444122
hgb_plus_direct_corridor_basis,3,2023,TJS,244,raw_probability,0.26264329992735297,0.45081967213114754,0.18817637220379463,0.24979612572890142,0.41183928714952556
hgb_plus_direct_corridor_basis,3,2023,UZS,244,raw_probability,0.25518800784567364,0.45081967213114754,0.1956316642854739,0.005338943841482502,0.17763442445528066
hgb_plus_direct_corridor_basis,3,2024,__ALL__,1225,raw_probability,0.38578401325556966,0.38612244897959186,0.051900157307808586,-0.07933684943917917,0.8217769581983206
hgb_plus_direct_corridor_basis,3,2024,AMD,245,raw_probability,0.41453819558748134,0.4,0.0740041583288502,0.02726529807706845,1.2686530771979017
hgb_plus_direct_corridor_basis,3,2024,KGS,245,raw_probability,0.39070914326152284,0.4122448979591837,0.07930056780268223,0.07526753959081021,0.9604166832891797
hgb_plus_direct_corridor_basis,3,2024,KZT,245,raw_probability,0.34039316312380535,0.3346938775510204,0.11067874884741248,-0.4165596177497878,0.4011521630902755
hgb_plus_direct_corridor_basis,3,2024,TJS,245,raw_probability,0.38100636342774996,0.4,0.08088491440793305,0.069247632857039,0.9721305895305887
hgb_plus_direct_corridor_basis,3,2024,UZS,245,raw_probability,0.4022732008772887,0.3836734693877551,0.1144031988742477,-0.22236145489138212,0.6332023718993419
hgb_plus_direct_corridor_basis,3,2025,__ALL__,1220,raw_probability,0.3905152293037463,0.28114754098360656,0.10936768832013977,-0.6732083974146618,0.613833644696542
hgb_plus_direct_corridor_basis,3,2025,AMD,244,raw_probability,0.3804877583125538,0.2786885245901639,0.113112028329404,-0.4906718619488042,1.006821544379176
hgb_plus_direct_corridor_basis,3,2025,KGS,244,raw_probability,0.3973029463779717,0.2540983606557377,0.14942164029902566,-0.789146655063079,0.7430192568339973
hgb_plus_direct_corridor_basis,3,2025,KZT,244,raw_probability,0.396447203778472,0.26229508196721313,0.15915701969063237,-0.8972165940361173,0.3248788669978311
hgb_plus_direct_corridor_basis,3,2025,TJS,244,raw_probability,0.4090152381048683,0.3360655737704918,0.10822911725383119,-0.49361662567618786,0.5104542303376487
hgb_plus_direct_corridor_basis,3,2025,UZS,244,raw_probability,0.3693229999448657,0.27459016393442626,0.09546454570077649,-0.6653406286965048,0.5778252875111611
hgb_plus_direct_corridor_basis,5,2023,__ALL__,1210,raw_probability,0.18260245182418072,0.3859504132231405,0.2033479613989598,0.42678606638532673,0.56012203906322
hgb_plus_direct_corridor_basis,5,2023,AMD,242,raw_probability,0.19352891154874383,0.3925619834710744,0.19903307192233058,0.06722650537761213,0.32967679850445974
hgb_plus_direct_corridor_basis,5,2023,KGS,242,raw_probability,0.19007583488199006,0.3884297520661157,0.19835391718412568,0.8027382808390675,0.8242684668026901
hgb_plus_direct_corridor_basis,5,2023,KZT,242,raw_probability,0.15254404652557127,0.3677685950413223,0.21522454851575104,0.6727199506741247,0.671122203720442
hgb_plus_direct_corridor_basis,5,2023,TJS,242,raw_probability,0.18567177265204154,0.3884297520661157,0.2027579794140741,0.6008037223107128,0.6767857116882787
hgb_plus_direct_corridor_basis,5,2023,UZS,242,raw_probability,0.1911916935125569,0.3925619834710744,0.20137028995851744,0.12720867422493817,0.3671733296053034
hgb_plus_direct_corridor_basis,5,2024,__ALL__,1215,raw_probability,0.32755993860426885,0.3333333333333333,0.03805941888333883,-0.08420744229033586,0.8390368014637355
hgb_plus_direct_corridor_basis,5,2024,AMD,243,raw_probability,0.3514342459132144,0.3497942386831276,0.09575699276834154,0.1704746442415914,1.3107866401800246
hgb_plus_direct_corridor_basis,5,2024,KGS,243,raw_probability,0.31949715047565236,0.37037037037037035,0.0828172956652669,0.09584392045875295,0.8113513334671111
hgb_plus_direct_corridor_basis,5,2024,KZT,243,raw_probability,0.31446892102110335,0.2674897119341564,0.0915565761957417,-0.7884988195066321,0.27310180321402167
hgb_plus_direct_corridor_basis,5,2024,TJS,243,raw_probability,0.3122969647046813,0.3497942386831276,0.10277106040608784,0.14559824200937813,0.9598569786871002
hgb_plus_direct_corridor_basis,5,2024,UZS,243,raw_probability,0.3401024109066928,0.3292181069958848,0.08824321329139469,-0.15521368328632817,0.8350422671081938
hgb_plus_direct_corridor_basis,5,2025,__ALL__,1210,raw_probability,0.3684588413285837,0.22148760330578512,0.14985670900254325,-1.0455712498140062,0.3904440904040667
hgb_plus_direct_corridor_basis,5,2025,AMD,242,raw_probability,0.35896601973465425,0.2190082644628099,0.14743092992532927,-0.960871272344391,0.5437917886008362
hgb_plus_direct_corridor_basis,5,2025,KGS,242,raw_probability,0.37302754111013714,0.2024793388429752,0.19184210070356406,-1.1652044347550363,0.395690809292401
hgb_plus_direct_corridor_basis,5,2025,KZT,242,raw_probability,0.3900188324691332,0.19834710743801653,0.19229495117602963,-1.320033471296704,0.16715920446191868
hgb_plus_direct_corridor_basis,5,2025,TJS,242,raw_probability,0.3745695650949342,0.2892561983471074,0.10477687163224579,-0.6179646756586855,0.5490971744761617
hgb_plus_direct_corridor_basis,5,2025,UZS,242,raw_probability,0.3457122482340596,0.19834710743801653,0.1519745248354657,-1.216836106624776,0.2748915606636613
hgb_plus_direct_corridor_basis,10,2023,__ALL__,1185,raw_probability,0.10805212268692053,0.30886075949367087,0.20080863680675035,-0.028263842596924577,0.3432342155803666
hgb_plus_direct_corridor_basis,10,2023,AMD,237,raw_probability,0.11557869057565266,0.3333333333333333,0.22229697988143496,-0.3496521577414186,0.1574801625240119
hgb_plus_direct_corridor_basis,10,2023,KGS,237,raw_probability,0.11169521060750004,0.31223628691983124,0.20054107631233117,0.6496297741647358,0.6577059548023453
hgb_plus_direct_corridor_basis,10,2023,KZT,237,raw_probability,0.08766217847806464,0.2911392405063291,0.20347706202826443,0.20134328747233057,0.43057401360534175
hgb_plus_direct_corridor_basis,10,2023,TJS,237,raw_probability,0.1123125729538326,0.2911392405063291,0.17882666755249654,-0.32676859235154393,0.25595013566989827
hgb_plus_direct_corridor_basis,10,2023,UZS,237,raw_probability,0.1130119608195527,0.31645569620253167,0.20344373538297894,-0.32325111927993655,0.2013314691615644
hgb_plus_direct_corridor_basis,10,2024,__ALL__,1190,raw_probability,0.23965059441921172,0.27647058823529413,0.045083629979113415,-0.22535535992793518,0.6238348162593581
hgb_plus_direct_corridor_basis,10,2024,AMD,238,raw_probability,0.2453288840094855,0.29831932773109243,0.09011718048234271,0.00412860953397611,0.7482066787913512
hgb_plus_direct_corridor_basis,10,2024,KGS,238,raw_probability,0.23406788266822773,0.3025210084033613,0.08309127986520722,-0.02472420245719292,0.6680179868254587
hgb_plus_direct_corridor_basis,10,2024,KZT,238,raw_probability,0.23835716875299132,0.21008403361344538,0.07463395676098972,-1.0639803916748805,0.2155732901898609
hgb_plus_direct_corridor_basis,10,2024,TJS,238,raw_probability,0.23098632663546853,0.3025210084033613,0.09466928219366774,0.14229141666060408,0.7982454875964591
hgb_plus_direct_corridor_basis,10,2024,UZS,238,raw_probability,0.2495127100298855,0.2689075630252101,0.07656166863303403,-0.1639666390775129,0.7478631248113624
hgb_plus_direct_corridor_basis,10,2025,__ALL__,1185,raw_probability,0.3281751076312331,0.15274261603375527,0.1754324915974778,-1.3579125523681927,0.5036407004315245
hgb_plus_direct_corridor_basis,10,2025,AMD,237,raw_probability,0.3438740093651216,0.1518987341772152,0.19667048001896115,-1.2911929072011779,0.7169222014883364
hgb_plus_direct_corridor_basis,10,2025,KGS,237,raw_probability,0.35579545308547483,0.13924050632911392,0.21655494675636092,-1.4568951563101988,0.6746172194676828
hgb_plus_direct_corridor_basis,10,2025,KZT,237,raw_probability,0.32099296046284,0.1308016877637131,0.19019127269912695,-1.9203588928750932,-0.03333447444032423
hgb_plus_direct_corridor_basis,10,2025,TJS,237,raw_probability,0.3121128408370575,0.21518987341772153,0.1163235016912511,-0.7381440802345319,0.7119952069016564
hgb_plus_direct_corridor_basis,10,2025,UZS,237,raw_probability,0.3081002744056715,0.12658227848101267,0.18151799592465884,-1.5839621732926406,0.42948087824560655
hgb_plus_direct_corridor_basis,20,2023,__ALL__,1135,raw_probability,0.04349722834548319,0.2669603524229075,0.2234631240774243,-0.8037888929261613,0.06329912493790243
hgb_plus_direct_corridor_basis,20,2023,AMD,227,raw_probability,0.043543413097697874,0.31718061674008813,0.27363720364239025,-0.8590340227815468,-0.0283052376798568
hgb_plus_direct_corridor_basis,20,2023,KGS,227,raw_probability,0.04382255423055926,0.28193832599118945,0.23811577176063015,-0.3366114071307901,0.185137580437782
hgb_plus_direct_corridor_basis,20,2023,KZT,227,raw_probability,0.03499420793452246,0.2422907488986784,0.20729654096415592,-0.2515980709902031,0.2567647255046529
hgb_plus_direct_corridor_basis,20,2023,TJS,227,raw_probability,0.04909649016524814,0.2511013215859031,0.2097494509878327,-1.016229818281032,0.024465548973057347
hgb_plus_direct_corridor_basis,20,2023,UZS,227,raw_probability,0.04602947629938819,0.2422907488986784,0.19755904036666866,-1.48866794974692,-0.1081936028463766
hgb_plus_direct_corridor_basis,20,2024,__ALL__,1140,raw_probability,0.13405616361137757,0.20350877192982456,0.08898215137840611,-0.6526783998594002,0.34497709630887907
hgb_plus_direct_corridor_basis,20,2024,AMD,228,raw_probability,0.12591418799156967,0.22807017543859648,0.11676590842586196,-0.3285257118332908,0.4147036122617012
hgb_plus_direct_corridor_basis,20,2024,KGS,228,raw_probability,0.12871416432172478,0.22807017543859648,0.10603437034871831,-0.2698787100597869,0.45263761631015853
hgb_plus_direct_corridor_basis,20,2024,KZT,228,raw_probability,0.14247693796628835,0.16228070175438597,0.10752851912624899,-0.993872139932169,0.326001630391287
hgb_plus_direct_corridor_basis,20,2024,TJS,228,raw_probability,0.13174967964335307,0.20175438596491227,0.08844691417142508,-0.4746547549946907,0.43761132641682887
hgb_plus_direct_corridor_basis,20,2024,UZS,228,raw_probability,0.14142584813395204,0.19736842105263158,0.10329925704137455,-1.1346882967481196,0.13220687200170883
hgb_plus_direct_corridor_basis,20,2025,__ALL__,1135,raw_probability,0.30591589550624254,0.0960352422907489,0.2098806532154936,-1.9113817750703088,0.40499354241121677
hgb_plus_direct_corridor_basis,20,2025,AMD,227,raw_probability,0.32154313317597055,0.0881057268722467,0.24873070532221433,-1.9632417098784092,0.536499431785574
hgb_plus_direct_corridor_basis,20,2025,KGS,227,raw_probability,0.33033452999784113,0.0881057268722467,0.271688449454157,-2.1455932058553726,0.2642657185509051
hgb_plus_direct_corridor_basis,20,2025,KZT,227,raw_probability,0.31273488001254807,0.07048458149779736,0.2422502985147507,-2.4108307042332626,0.20812295462913763
hgb_plus_direct_corridor_basis,20,2025,TJS,227,raw_probability,0.2916796383606444,0.14977973568281938,0.14189990267782507,-0.9508064005331034,0.9163662431675954
hgb_plus_direct_corridor_basis,20,2025,UZS,227,raw_probability,0.27328729598420853,0.08370044052863436,0.18958685545557413,-1.9475789301058104,0.4553748463018276
hgb_plus_direct_corridor_market,5,2023,__ALL__,1210,raw_probability,0.17944387517482588,0.3859504132231405,0.2065065380483146,0.4822763898951837,0.5885207961300254
hgb_plus_direct_corridor_market,5,2023,AMD,242,raw_probability,0.18901523926205188,0.3925619834710744,0.2035467442090225,0.11663718616287892,0.3563756595040088
hgb_plus_direct_corridor_market,5,2023,KGS,242,raw_probability,0.18578983537364008,0.3884297520661157,0.20263991669247564,0.9006224495841487,0.8737606761143495
hgb_plus_direct_corridor_market,5,2023,KZT,242,raw_probability,0.15229343176455998,0.3677685950413223,0.2154751632767623,0.7034776372341687,0.6885358253259573
hgb_plus_direct_corridor_market,5,2023,TJS,242,raw_probability,0.18671776012971225,0.3884297520661157,0.20435757345142833,0.5945854393318956,0.6775740923316209
hgb_plus_direct_corridor_market,5,2023,UZS,242,raw_probability,0.1834031093441652,0.3925619834710744,0.20915887412690923,0.2033878213329703,0.40398219366734767
hgb_plus_direct_corridor_market,5,2024,__ALL__,1215,raw_probability,0.32604992485612877,0.3333333333333333,0.04369433122634867,-0.12249371689224678,0.7763816641116864
hgb_plus_direct_corridor_market,5,2024,AMD,243,raw_probability,0.35491208402917007,0.3497942386831276,0.08006087820928517,0.07540269171191363,1.1770111969427426
hgb_plus_direct_corridor_market,5,2024,KGS,243,raw_probability,0.3121112372753847,0.37037037037037035,0.08016761863181043,0.06361391734068854,0.7342296712875795
hgb_plus_direct_corridor_market,5,2024,KZT,243,raw_probability,0.32206395825145073,0.2674897119341564,0.09254449680340389,-0.7147181317209664,0.38571027354924736
hgb_plus_direct_corridor_market,5,2024,TJS,243,raw_probability,0.30893890639741906,0.3497942386831276,0.09455504860254255,0.1209303928951351,0.9097508656616367
hgb_plus_direct_corridor_market,5,2024,UZS,243,raw_probability,0.3322234383272192,0.3292181069958848,0.0643565611260882,-0.1902702729509526,0.7369746827553416
hgb_plus_direct_corridor_market,5,2025,__ALL__,1210,raw_probability,0.3648504024727899,0.22148760330578512,0.1439288405272439,-1.0355652358728653,0.3983071775987689
hgb_plus_direct_corridor_market,5,2025,AMD,242,raw_probability,0.3494170400224572,0.2190082644628099,0.13040877555964733,-0.8495020680031447,0.7013575784151115
hgb_plus_direct_corridor_market,5,2025,KGS,242,raw_probability,0.36966258893398274,0.2024793388429752,0.1860897489523985,-1.1554920905106367,0.4041301287430972
hgb_plus_direct_corridor_market,5,2025,KZT,242,raw_probability,0.37859116030134077,0.19834710743801653,0.20386198460802518,-1.426732039650656,-0.056990562634568184
hgb_plus_direct_corridor_market,5,2025,TJS,242,raw_probability,0.3684388237852302,0.2892561983471074,0.1015438696388396,-0.5824345567816067,0.5893049621808565
hgb_plus_direct_corridor_market,5,2025,UZS,242,raw_probability,0.35814239932093866,0.19834710743801653,0.16208239474160657,-1.2151584908005397,0.3064348917437298
hgb_plus_kztrub_market,5,2023,__ALL__,1210,raw_probability,0.2219532420388114,0.3859504132231405,0.16399717118432913,0.19766179643477708,0.5044385527047652
hgb_plus_kztrub_market,5,2023,AMD,242,raw_probability,0.23119438053189023,0.3925619834710744,0.16244371152340517,0.14297729788669494,0.4595160302165339
hgb_plus_kztrub_market,5,2023,KGS,242,raw_probability,0.22698580600691684,0.3884297520661157,0.17759515420302055,0.3606644271414185,0.6385354049401983
hgb_plus_kztrub_market,5,2023,KZT,242,raw_probability,0.19319271108688865,0.3677685950413223,0.17457588395443363,1.2628108746525448,1.2307483716303387
hgb_plus_kztrub_market,5,2023,TJS,242,raw_probability,0.22822640098023791,0.3884297520661157,0.16721807642166647,-0.04944342721200212,0.3153075820811578
hgb_plus_kztrub_market,5,2023,UZS,242,raw_probability,0.23016691158812325,0.3925619834710744,0.17974004465608873,-0.398200621177505,0.030138969988993857
hgb_plus_kztrub_market,5,2024,__ALL__,1215,raw_probability,0.42372781986817043,0.3333333333333333,0.1673822064003573,-0.7186959188276683,-0.07266199166287815
hgb_plus_kztrub_market,5,2024,AMD,243,raw_probability,0.4373187565238265,0.3497942386831276,0.1681793464844796,-0.6224465570554116,-0.008721949348708243
hgb_plus_kztrub_market,5,2024,KGS,243,raw_probability,0.4202529131546183,0.37037037037037035,0.19637507263857912,-0.5986951330153424,-0.18370223646162273
hgb_plus_kztrub_market,5,2024,KZT,243,raw_probability,0.4010404773764586,0.2674897119341564,0.19495604298738398,-1.1815825803667712,-0.3680931434049603
hgb_plus_kztrub_market,5,2024,TJS,243,raw_probability,0.4312900042477742,0.3497942386831276,0.16537130258556218,-0.6343180706419083,-0.04551950460552322
hgb_plus_kztrub_market,5,2024,UZS,243,raw_probability,0.42873694803817486,0.3292181069958848,0.15556897643273132,-0.688602796172002,0.0723094459957384
hgb_plus_kztrub_market,5,2025,__ALL__,1210,raw_probability,0.29447304876518243,0.22148760330578512,0.09395692454324032,-1.017975533794297,0.2624322110537285
hgb_plus_kztrub_market,5,2025,AMD,242,raw_probability,0.29923644971864544,0.2190082644628099,0.11363654096171821,-1.0816399968574182,0.21275068377778533
hgb_plus_kztrub_market,5,2025,KGS,242,raw_probability,0.300801557973079,0.2024793388429752,0.10956022993463764,-1.1462415933514798,0.2556405822604995
hgb_plus_kztrub_market,5,2025,KZT,242,raw_probability,0.2901072171093457,0.19834710743801653,0.13006163363433795,-1.2192439463185833,0.18901520121422422
hgb_plus_kztrub_market,5,2025,TJS,242,raw_probability,0.28693559657135626,0.2892561983471074,0.1128125915820232,-0.7331614390832094,0.172726684543626
hgb_plus_kztrub_market,5,2025,UZS,242,raw_probability,0.29528442245348574,0.19834710743801653,0.09883132421856515,-0.8728550334286703,0.6009861006378708
hgb_plus_public_macro_slow,5,2023,__ALL__,1210,raw_probability,0.22935314070633953,0.3859504132231405,0.16894675976584667,-0.18039214724260763,0.21380215105498182
hgb_plus_public_macro_slow,5,2023,AMD,242,raw_probability,0.2287330994434672,0.3925619834710744,0.1895674009774535,-0.047332689514588445,0.29481501640578317
hgb_plus_public_macro_slow,5,2023,KGS,242,raw_probability,0.23691638046323515,0.3884297520661157,0.17268394116711694,-0.14596163729307232,0.239946748956607
hgb_plus_public_macro_slow,5,2023,KZT,242,raw_probability,0.20444109675778252,0.3677685950413223,0.18286081662856285,-0.24645872250368425,0.1993385004233647
hgb_plus_public_macro_slow,5,2023,TJS,242,raw_probability,0.24095212503131727,0.3884297520661157,0.187283093412894,-0.25449473980716886,0.15699762973654147
hgb_plus_public_macro_slow,5,2023,UZS,242,raw_probability,0.23572300183589542,0.3925619834710744,0.17057012400340135,-0.21732152942290534,0.17058049736630598
hgb_plus_public_macro_slow,5,2024,__ALL__,1215,raw_probability,0.17569818621749067,0.3333333333333333,0.16466512413622214,0.2188936896042798,0.5575628707248583
hgb_plus_public_macro_slow,5,2024,AMD,243,raw_probability,0.17910364142940285,0.3497942386831276,0.1879918344641448,0.4131417980996749,0.6414077310253903
hgb_plus_public_macro_slow,5,2024,KGS,243,raw_probability,0.17586875741277214,0.37037037037037035,0.1945016129575982,0.11981240938943663,0.39343639748425424
hgb_plus_public_macro_slow,5,2024,KZT,243,raw_probability,0.1650850928964406,0.2674897119341564,0.12397758618974068,-0.1141057595703223,0.5260630440018377
hgb_plus_public_macro_slow,5,2024,TJS,243,raw_probability,0.1769400486708205,0.3497942386831276,0.17418046340276774,0.42672992165921547,0.6434134931111265
hgb_plus_public_macro_slow,5,2024,UZS,243,raw_probability,0.18149339067801726,0.3292181069958848,0.15059172309216626,0.173710455215698,0.5556464665083569
hgb_plus_public_macro_slow,5,2025,__ALL__,1210,raw_probability,0.3852248922211911,0.22148760330578512,0.18783225976301607,-1.1614869185907106,0.16799243838091013
hgb_plus_public_macro_slow,5,2025,AMD,242,raw_probability,0.3947706196211949,0.2190082644628099,0.20057554298306385,-1.2060431341347708,0.12355405963571951
hgb_plus_public_macro_slow,5,2025,KGS,242,raw_probability,0.3986037633616879,0.2024793388429752,0.21083649191751197,-1.2572909394980194,0.23668242028203632
hgb_plus_public_macro_slow,5,2025,KZT,242,raw_probability,0.38633878102493896,0.19834710743801653,0.20631352240515674,-1.271095478513477,0.2349515502852405
hgb_plus_public_macro_slow,5,2025,TJS,242,raw_probability,0.369189359224507,0.2892561983471074,0.18523850769163408,-0.8084551497802258,0.13694574463063336
hgb_plus_public_macro_slow,5,2025,UZS,242,raw_probability,0.37722193787362646,0.19834710743801653,0.19916515181970504,-1.2913774737069994,0.17577171083488846
hgb_plus_rub_funding_market,5,2023,__ALL__,1210,raw_probability,0.15098991104723863,0.3859504132231405,0.24034509920514394,-0.12498591051422456,0.18629212017147692
hgb_plus_rub_funding_market,5,2023,AMD,242,raw_probability,0.1563171303924382,0.3925619834710744,0.247367005633256,-0.5443245237756221,-0.060187767354844476
hgb_plus_rub_funding_market,5,2023,KGS,242,raw_probability,0.15462871595628755,0.3884297520661157,0.23380103610982816,0.2876473432027072,0.41619127812199647
hgb_plus_rub_funding_market,5,2023,KZT,242,raw_probability,0.13161914328766805,0.3677685950413223,0.23614945175365426,0.061848306107927624,0.30322227542155744
hgb_plus_rub_funding_market,5,2023,TJS,242,raw_probability,0.15369515367009487,0.3884297520661157,0.23920638016984178,0.04439600259445293,0.27859394016248856
hgb_plus_rub_funding_market,5,2023,UZS,242,raw_probability,0.15868941192970457,0.3925619834710744,0.24888064098920276,-0.49122712771577803,-0.030952602984868603
hgb_plus_rub_funding_market,5,2024,__ALL__,1215,raw_probability,0.28500960121888363,0.3333333333333333,0.10016785013248751,-0.7418169465839842,-0.05037386339883165
hgb_plus_rub_funding_market,5,2024,AMD,243,raw_probability,0.2901907281630421,0.3497942386831276,0.09649287902362429,-0.3175693407288799,0.3265060373576933
hgb_plus_rub_funding_market,5,2024,KGS,243,raw_probability,0.2807128041323624,0.37037037037037035,0.1316753512510369,-0.6310568350635142,-0.09958918577983608
hgb_plus_rub_funding_market,5,2024,KZT,243,raw_probability,0.2792975946486663,0.2674897119341564,0.11796915362537222,-1.2066414188493453,-0.19612398309768736
hgb_plus_rub_funding_market,5,2024,TJS,243,raw_probability,0.2848634501242876,0.3497942386831276,0.11247839737993928,-0.686969001697801,-0.06913127915820035
hgb_plus_rub_funding_market,5,2024,UZS,243,raw_probability,0.2899834290260599,0.3292181069958848,0.12683223555055148,-0.8853424872187272,-0.18334526566395712
hgb_plus_rub_funding_market,5,2025,__ALL__,1210,raw_probability,0.2702517925032324,0.22148760330578512,0.09419784537099513,-0.9487994998545514,0.29641562232675817
hgb_plus_rub_funding_market,5,2025,AMD,242,raw_probability,0.2848945279361317,0.2190082644628099,0.10424806763253812,-0.8362759433331384,0.45835219481695494
hgb_plus_rub_funding_market,5,2025,KGS,242,raw_probability,0.2873681223852978,0.2024793388429752,0.11717094607807041,-1.0302637893924498,0.3595251395033332
hgb_plus_rub_funding_market,5,2025,KZT,242,raw_probability,0.2641426273568859,0.19834710743801653,0.12174786226276108,-1.4731134019295118,-0.06947043671735534
hgb_plus_rub_funding_market,5,2025,TJS,242,raw_probability,0.24633396738469873,0.2892561983471074,0.09037716730481092,-0.3319661685934882,0.4902387838378878
hgb_plus_rub_funding_market,5,2025,UZS,242,raw_probability,0.268519717453148,0.19834710743801653,0.09695183102731701,-1.0581669659229749,0.3250817878779097
hgb_plus_rub_risk_market,5,2023,__ALL__,1210,raw_probability,0.18828178634872345,0.3859504132231405,0.2643448470062522,-0.6575656370964021,-0.11606083715109919
hgb_plus_rub_risk_market,5,2023,AMD,242,raw_probability,0.19211697485938692,0.3925619834710744,0.28896602467760396,-0.9315269094352889,-0.29779440746284064
hgb_plus_rub_risk_market,5,2023,KGS,242,raw_probability,0.1935441958453733,0.3884297520661157,0.23595075438029092,-0.3561821494660379,0.06114302335396408
hgb_plus_rub_risk_market,5,2023,KZT,242,raw_probability,0.17127706846219087,0.3677685950413223,0.2640976618660039,-0.7672687561191428,-0.1242820929381671
hgb_plus_rub_risk_market,5,2023,TJS,242,raw_probability,0.1896934074655824,0.3884297520661157,0.25637700817941994,-0.4859150188765001,-0.0195798074177985
hgb_plus_rub_risk_market,5,2023,UZS,242,raw_probability,0.19477728511108372,0.3925619834710744,0.26622780032822196,-0.7778089003089838,-0.21218183587556447
hgb_plus_rub_risk_market,5,2024,__ALL__,1215,raw_probability,0.324157503392791,0.3333333333333333,0.09872222599245872,-0.6282462171120587,0.08216298360386504
hgb_plus_rub_risk_market,5,2024,AMD,243,raw_probability,0.3277120564465793,0.3497942386831276,0.09640155503295322,-0.47463645275866223,0.18973755131292053
hgb_plus_rub_risk_market,5,2024,KGS,243,raw_probability,0.32170785823986175,0.37037037037037035,0.14058573508141098,-0.49063509099953234,0.049628107113387936
hgb_plus_rub_risk_market,5,2024,KZT,243,raw_probability,0.31168704571897615,0.2674897119341564,0.1406885711272391,-1.1397829610977115,-0.1526166168568255
hgb_plus_rub_risk_market,5,2024,TJS,243,raw_probability,0.32633412060345873,0.3497942386831276,0.11342133129606478,-0.5883637597248843,0.040257313275463856
hgb_plus_rub_risk_market,5,2024,UZS,243,raw_probability,0.3333464359550787,0.3292181069958848,0.0863093259858826,-0.5589627335748604,0.2066119024479269
hgb_plus_rub_risk_market,5,2025,__ALL__,1210,raw_probability,0.3606036553449588,0.22148760330578512,0.14433927359302998,-1.1502600841183328,0.18032040787723067
hgb_plus_rub_risk_market,5,2025,AMD,242,raw_probability,0.36764472789604535,0.2190082644628099,0.15392201005153366,-1.076198932130016,0.3568277022046515
hgb_plus_rub_risk_market,5,2025,KGS,242,raw_probability,0.3687672752152277,0.2024793388429752,0.17640319220969417,-1.245693430917739,0.22694746626793272
hgb_plus_rub_risk_market,5,2025,KZT,242,raw_probability,0.3626624901475026,0.19834710743801653,0.1916589573335341,-1.556614624364336,-0.2592491025648924
hgb_plus_rub_risk_market,5,2025,TJS,242,raw_probability,0.3459289085150727,0.2892561983471074,0.09606447277867496,-0.604994269947128,0.4540505884495609
hgb_plus_rub_risk_market,5,2025,UZS,242,raw_probability,0.3580148749509458,0.19834710743801653,0.16231735043446938,-1.3209912959952048,0.12490851580918849
logit_all_contract_market,5,2023,__ALL__,1210,raw_probability,0.00012456507099426102,0.3859504132231405,0.3858258481521462,3.1636339694041347,0.3078081566954223
logit_all_contract_market,5,2023,AMD,242,raw_probability,6.767173604121532e-05,0.3925619834710744,0.39249431173503313,2.4104969333031727,0.24426964635280238
logit_all_contract_market,5,2023,KGS,242,raw_probability,0.00041779876669247853,0.3884297520661157,0.38801195329942323,1.3318433309492643,0.15010112822301416
logit_all_contract_market,5,2023,KZT,242,raw_probability,3.414521390285057e-05,0.3677685950413223,0.3677344498274195,4.112635140517653,0.3897628359967717
logit_all_contract_market,5,2023,TJS,242,raw_probability,2.630557278990783e-05,0.3884297520661157,0.3884034464933258,6.374873152537658,0.5878681846520623
logit_all_contract_market,5,2023,UZS,242,raw_probability,7.69040655448528e-05,0.3925619834710744,0.3924850794055295,3.6245142042254463,0.3441733392365185
logit_all_contract_market,5,2024,__ALL__,1215,raw_probability,0.006595454907230945,0.3333333333333333,0.32673787842610236,-40.13370646638091,-2.8568573287045447
logit_all_contract_market,5,2024,AMD,243,raw_probability,0.007243134461534172,0.3497942386831276,0.3425511042215934,-27.596048520104276,-1.9547570274526611
logit_all_contract_market,5,2024,KGS,243,raw_probability,0.006159344643735224,0.37037037037037035,0.3642110257266351,-31.36146287585233,-2.2338749819637433
logit_all_contract_market,5,2024,KZT,243,raw_probability,0.006384837366814268,0.2674897119341564,0.2611048745673421,-1692.7725893151107,-122.45611430124254
logit_all_contract_market,5,2024,TJS,243,raw_probability,0.006873491575677098,0.3497942386831276,0.3429207471074505,-45.18033873935212,-3.2275538811602558
logit_all_contract_market,5,2024,UZS,243,raw_probability,0.006316466488393958,0.3292181069958848,0.3229016405074908,-574.7264488474657,-41.55082953233184
logit_all_contract_market,5,2025,__ALL__,1210,raw_probability,0.1433055281178138,0.22148760330578512,0.07818207518797131,0.1595942486397806,0.7292613306422387
logit_all_contract_market,5,2025,AMD,242,raw_probability,0.14470069137193325,0.2190082644628099,0.08221777497956317,0.3612491715631923,0.8640661581765696
logit_all_contract_market,5,2025,KGS,242,raw_probability,0.1504369715025465,0.2024793388429752,0.05764837850420876,0.4909845756580227,1.0454330912788192
logit_all_contract_market,5,2025,KZT,242,raw_probability,0.12768493832216626,0.19834710743801653,0.09161266770826683,-0.3469456337033338,0.49331625239272636
logit_all_contract_market,5,2025,TJS,242,raw_probability,0.16571467531938225,0.2892561983471074,0.12354152302772517,0.15377687021698008,0.5830829963290762
logit_all_contract_market,5,2025,UZS,242,raw_probability,0.12799036407304076,0.19834710743801653,0.07510578064748452,0.07293629359837972,0.6998243380978647
logit_all_public_fast,5,2023,__ALL__,1210,raw_probability,0.44419059267259914,0.3859504132231405,0.32554418586533423,-0.44808545699210295,0.04914919673630472
logit_all_public_fast,5,2023,AMD,242,raw_probability,0.4718798449739023,0.3925619834710744,0.3606179851802148,-0.43751787525858554,-0.006869829120464976
logit_all_public_fast,5,2023,KGS,242,raw_probability,0.4456596256133442,0.3884297520661157,0.3156536160957184,-0.4262496720997879,0.10195362420405372
logit_all_public_fast,5,2023,KZT,242,raw_probability,0.4092048715424573,0.3677685950413223,0.34976437516162273,-0.5488898933421474,-0.010636095610594918
logit_all_public_fast,5,2023,TJS,242,raw_probability,0.44040723942869403,0.3884297520661157,0.2762130834561815,-0.41406231502203744,0.14090340514421268
logit_all_public_fast,5,2023,UZS,242,raw_probability,0.4538013818045977,0.3925619834710744,0.3285109932653401,-0.4290817935818662,0.02758562768909162
logit_all_public_fast,5,2024,__ALL__,1215,raw_probability,0.6831917022029446,0.3333333333333333,0.3965895855395753,-0.4612946160994986,-0.2759499805654508
logit_all_public_fast,5,2024,AMD,243,raw_probability,0.7132158630099227,0.3497942386831276,0.42068250287118397,-0.256636842887116,-0.3640246387498246
logit_all_public_fast,5,2024,KGS,243,raw_probability,0.680428390689776,0.37037037037037035,0.3673422946392313,-0.3591886039129647,-0.20452284168303755
logit_all_public_fast,5,2024,KZT,243,raw_probability,0.6430172497467945,0.2674897119341564,0.39982410109442423,-0.9269335925479384,-0.12674606907430758
logit_all_public_fast,5,2024,TJS,243,raw_probability,0.7100117831094359,0.3497942386831276,0.4121157091707449,-0.25211207794700885,-0.37277549563432477
logit_all_public_fast,5,2024,UZS,243,raw_probability,0.6692852244587935,0.3292181069958848,0.4189156257513483,-0.38718857311007726,-0.4341652532608415
logit_all_public_fast,5,2025,__ALL__,1210,raw_probability,0.4778547986388204,0.22148760330578512,0.26276098838431294,-1.2621949316211467,0.4527296536732417
logit_all_public_fast,5,2025,AMD,242,raw_probability,0.5089726431829168,0.2190082644628099,0.2938880252212261,-1.3442478906353736,0.41679299178125845
logit_all_public_fast,5,2025,KGS,242,raw_probability,0.46376504961860826,0.2024793388429752,0.2641978682066409,-1.366628155117111,0.5589368522446445
logit_all_public_fast,5,2025,KZT,242,raw_probability,0.44421119620386507,0.19834710743801653,0.24586408876584856,-1.3329814484521174,0.296845185376111
logit_all_public_fast,5,2025,TJS,242,raw_probability,0.5202627907569612,0.2892561983471074,0.2467468195091456,-0.9790752596836927,0.4336864834080597
logit_all_public_fast,5,2025,UZS,242,raw_probability,0.45206231343175096,0.19834710743801653,0.2701538051141421,-1.3481877353243965,0.42349583862555357
logit_base,1,2023,__ALL__,1230,raw_probability,0.39416192460161636,0.5642276422764227,0.1908789630723817,0.02252944397307477,-0.5429621168480662
logit_base,1,2023,AMD,246,raw_probability,0.42647707850348454,0.5691056910569106,0.1723276976072637,-0.0453407177185926,-1.0920215820022006
logit_base,1,2023,KGS,246,raw_probability,0.40175405060756164,0.5650406504065041,0.17596435113195694,-0.0012564104499840911,-0.6562111775504202
logit_base,1,2023,KZT,246,raw_probability,0.36272703388538535,0.556910569105691,0.19418353522030574,0.1760060635048629,-0.0919610045361999
logit_base,1,2023,TJS,246,raw_probability,0.3853673217226682,0.5691056910569106,0.2004899428072436,-0.005698123639397759,-0.6039914508358624
logit_base,1,2023,UZS,246,raw_probability,0.3944841382889821,0.5609756097560976,0.1806741483464786,-0.08268205639339615,-0.759463649299288
logit_base,1,2024,__ALL__,1235,raw_probability,0.4938296754088476,0.5425101214574899,0.052220196728463265,0.20333956340709805,1.2059630339714502
logit_base,1,2024,AMD,247,raw_probability,0.5170725215399526,0.5587044534412956,0.07762588849264852,0.1361699026436424,1.5089807680250962
logit_base,1,2024,KGS,247,raw_probability,0.4917346436527848,0.562753036437247,0.0892020227954207,0.2907841092826171,1.060454398489821
logit_base,1,2024,KZT,247,raw_probability,0.4758484601686775,0.5060728744939271,0.08953789689310472,0.10313396099205832,0.8001017003000619
logit_base,1,2024,TJS,247,raw_probability,0.4955753888220413,0.5465587044534413,0.06163585822683119,0.2136731694393179,1.3247404209001838
logit_base,1,2024,UZS,247,raw_probability,0.4889173628607817,0.5384615384615384,0.06480525952091935,0.21993750782678845,1.415404245677595
logit_base,1,2025,__ALL__,1230,raw_probability,0.5459428010709152,0.4634146341463415,0.0850507276836805,-0.26868626890841285,0.6081598367553247
logit_base,1,2025,AMD,246,raw_probability,0.5548974400450162,0.45934959349593496,0.1056145437447149,-0.31816230741666046,0.6509401986839101
logit_base,1,2025,KGS,246,raw_probability,0.5349295462445788,0.4268292682926829,0.11660539229949426,-0.4062750226079994,0.7000617338316197
logit_base,1,2025,KZT,246,raw_probability,0.5215819197007541,0.46747967479674796,0.09310495880564937,-0.1555191561183595,0.27037553778532725
logit_base,1,2025,TJS,246,raw_probability,0.5860600579780003,0.5040650406504065,0.08824030354096962,-0.2481251070407708,0.7169422688640803
logit_base,1,2025,UZS,246,raw_probability,0.5322450413862267,0.45934959349593496,0.08557226033217584,-0.25301964107450853,0.6362478091907887
logit_base,3,2023,__ALL__,1220,raw_probability,0.21727407602486257,0.44508196721311477,0.22780789118825226,-0.016312861635144477,0.1554517478436472
logit_base,3,2023,AMD,244,raw_probability,0.2430742642216671,0.45901639344262296,0.2176090673996798,-0.37043939368341494,-0.176380602542283
logit_base,3,2023,KGS,244,raw_probability,0.2263739080648605,0.45491803278688525,0.2285441247220248,0.348187909025639,0.4232634571088458
logit_base,3,2023,KZT,244,raw_probability,0.17969191533918166,0.4098360655737705,0.2301441502345888,-0.21692569917298135,0.09507236458462712
logit_base,3,2023,TJS,244,raw_probability,0.21917512758626728,0.45081967213114754,0.23164454454488026,-0.03229002063442879,0.1276081739772616
logit_base,3,2023,UZS,244,raw_probability,0.2180551649123361,0.45081967213114754,0.23276450721881145,-0.03495399869954208,0.12453929198913888
logit_base,3,2024,__ALL__,1225,raw_probability,0.34334026856071787,0.38612244897959186,0.04914248862205045,0.06567643841157442,0.8120725368125623
logit_base,3,2024,AMD,245,raw_probability,0.36280644970022896,0.4,0.06099843410762028,0.20206238090935072,1.076179394042038
logit_base,3,2024,KGS,245,raw_probability,0.35357780958102414,0.4122448979591837,0.0774152069161011,-0.2563166120145337,0.16138573994007896
logit_base,3,2024,KZT,245,raw_probability,0.3139167078261821,0.3346938775510204,0.08575724241863246,-0.4163081865909345,0.3436971691708539
logit_base,3,2024,TJS,245,raw_probability,0.34756468392640566,0.4,0.08929596428386173,0.14195382139829738,0.8645829999360644
logit_base,3,2024,UZS,245,raw_probability,0.3388356917697485,0.3836734693877551,0.1109929096398747,0.326721125157301,1.1964607103850404
logit_base,3,2025,__ALL__,1220,raw_probability,0.4397344882879657,0.28114754098360656,0.15858694730435913,-0.7876585374782996,0.7134801702459354
logit_base,3,2025,AMD,244,raw_probability,0.4614391830052561,0.2786885245901639,0.18275065841509217,-0.8611528022483559,0.792821441729906
logit_base,3,2025,KGS,244,raw_probability,0.4380851974922128,0.2540983606557377,0.1839868368364751,-0.880735391041844,1.0052275678161338
logit_base,3,2025,KZT,244,raw_probability,0.3936715488397899,0.26229508196721313,0.14104371990521486,-0.9655160846314365,0.15442721625081185
logit_base,3,2025,TJS,244,raw_probability,0.4811177623644088,0.3360655737704918,0.145052188593917,-0.6495630582564884,0.6579528952436966
logit_base,3,2025,UZS,244,raw_probability,0.4243587497381608,0.27459016393442626,0.15329601443686783,-0.7287430897987851,0.8826108709321506
logit_base,5,2023,__ALL__,1210,raw_probability,0.14743550980597578,0.3859504132231405,0.23851490341716472,-0.0065026286553190316,0.24911206185231086
logit_base,5,2023,AMD,242,raw_probability,0.1733387073407746,0.3925619834710744,0.22255483831902695,0.006529975887609151,0.2691129694291603
logit_base,5,2023,KGS,242,raw_probability,0.150612377252497,0.3884297520661157,0.23781737481361873,0.3016503942936475,0.42176634750006375
logit_base,5,2023,KZT,242,raw_probability,0.12397369746771492,0.3677685950413223,0.2437948975736074,-0.3197147253394001,0.10812610074701466
logit_base,5,2023,TJS,242,raw_probability,0.14121282013934439,0.3884297520661157,0.2472169319267713,0.17272349596321676,0.3353837325736139
logit_base,5,2023,UZS,242,raw_probability,0.14803994682954802,0.3925619834710744,0.24452203664152639,-0.1325051186009191,0.16584927132478944
logit_base,5,2024,__ALL__,1215,raw_probability,0.2780766196717695,0.3333333333333333,0.06337439048186062,-0.13521524334831342,0.5782041344449373
logit_base,5,2024,AMD,243,raw_probability,0.29745229885084484,0.3497942386831276,0.08867740495464482,-0.016623359055499467,0.6951305551649455
logit_base,5,2024,KGS,243,raw_probability,0.2823252126215744,0.37037037037037035,0.11964530360515517,-0.5351624968297254,-0.004645715346829114
logit_base,5,2024,KZT,243,raw_probability,0.2583391096049641,0.2674897119341564,0.06189708100839406,-0.7832146541036366,0.20951693619478734
logit_base,5,2024,TJS,243,raw_probability,0.2866144324643648,0.3497942386831276,0.0938459742365265,0.008840882919466324,0.6820113287489042
logit_base,5,2024,UZS,243,raw_probability,0.2656520448170991,0.3292181069958848,0.06450440886407546,0.17807499569654955,0.8694175807121538
logit_base,5,2025,__ALL__,1210,raw_probability,0.4141722911904469,0.22148760330578512,0.1926846878846618,-1.0626562818149603,0.6230571172276566
logit_base,5,2025,AMD,242,raw_probability,0.43892881547982976,0.2190082644628099,0.22954034158352718,-1.1386882847970028,0.6877996650881163
logit_base,5,2025,KGS,242,raw_probability,0.4016067289733951,0.2024793388429752,0.19912739013041994,-1.0691903375359115,0.9064757452120467
logit_base,5,2025,KZT,242,raw_probability,0.3795696123760124,0.19834710743801653,0.19704417867900206,-1.3764618430725963,0.039619927612008055
logit_base,5,2025,TJS,242,raw_probability,0.4594993592411333,0.2892561983471074,0.17024316089402583,-0.8291171939423573,0.49966264929292986
logit_base,5,2025,UZS,242,raw_probability,0.3912569398818641,0.19834710743801653,0.19852620548976016,-1.0942312856849647,0.7407680221298045
logit_base,10,2023,__ALL__,1185,raw_probability,0.06591112657773843,0.30886075949367087,0.24294963291593244,-0.49021784386189005,0.11197347433535142
logit_base,10,2023,AMD,237,raw_probability,0.08469654018284595,0.3333333333333333,0.24863679315048737,-0.7079048118299839,-0.005813332704920754
logit_base,10,2023,KGS,237,raw_probability,0.06235316022157675,0.31223628691983124,0.24988312669825447,-0.18625231014469293,0.21285711807404864
logit_base,10,2023,KZT,237,raw_probability,0.05010969680894915,0.2911392405063291,0.24102954369737997,-0.5138624541229789,0.12035973570670294
logit_base,10,2023,TJS,237,raw_probability,0.06661688721778092,0.2911392405063291,0.2245223532885482,-0.5063650109120534,0.13846417385214826
logit_base,10,2023,UZS,237,raw_probability,0.06577934845753938,0.31645569620253167,0.25067634774499226,-0.6525930950027894,0.04189123386996715
logit_base,10,2024,__ALL__,1190,raw_probability,0.21383070614655678,0.27647058823529413,0.1303774513541197,-1.8874320141454053,-0.6861213373978038
logit_base,10,2024,AMD,238,raw_probability,0.23795306082917264,0.29831932773109243,0.15565992778464774,-2.22536262576832,-1.1278259368795018
logit_base,10,2024,KGS,238,raw_probability,0.21657562567231503,0.3025210084033613,0.18752772613945323,-2.6431463359107914,-1.360404519679132
logit_base,10,2024,KZT,238,raw_probability,0.1944548260377021,0.21008403361344538,0.10145055633442417,-2.8023516478717436,-0.9940219492179659
logit_base,10,2024,TJS,238,raw_probability,0.21752291570386997,0.3025210084033613,0.16252406269011627,-2.044244661341169,-0.9105382179749719
logit_base,10,2024,UZS,238,raw_probability,0.20264710248972428,0.2689075630252101,0.12571673474503073,-1.1328526711375198,-0.09484084139883175
logit_base,10,2025,__ALL__,1185,raw_probability,0.37420376825918394,0.15274261603375527,0.22146115222542861,-1.335511381146359,0.8224467027200819
logit_base,10,2025,AMD,237,raw_probability,0.4257641222128798,0.1518987341772152,0.27386538803566457,-1.5311468564602821,0.8685281286936904
logit_base,10,2025,KGS,237,raw_probability,0.36888601502444696,0.13924050632911392,0.22964550869533307,-1.2804642937540012,1.2651272178061104
logit_base,10,2025,KZT,237,raw_probability,0.33686652478147533,0.1308016877637131,0.20606483701776215,-1.8415909177980045,0.0745007656757341
logit_base,10,2025,TJS,237,raw_probability,0.3890763878321604,0.21518987341772153,0.17388651441443895,-0.9455339670032392,0.849901930133499
logit_base,10,2025,UZS,237,raw_probability,0.35042579144495706,0.12658227848101267,0.2238435129639444,-1.389313858243006,0.9623446075671668
logit_base,20,2023,__ALL__,1135,raw_probability,0.018532417562522815,0.2669603524229075,0.24842793486038467,0.4251957674513286,0.3452219614098575
logit_base,20,2023,AMD,227,raw_probability,0.02292208748199404,0.31718061674008813,0.29425852925809404,0.19137519156726995,0.24324042634082957
logit_base,20,2023,KGS,227,raw_probability,0.017187666148172066,0.28193832599118945,0.2647506598430174,1.4507981333693063,0.5710705185215217
logit_base,20,2023,KZT,227,raw_probability,0.013272443694488215,0.2422907488986784,0.22901830520419017,-0.416056245195468,0.15805019137162601
logit_base,20,2023,TJS,227,raw_probability,0.019033205766734607,0.2511013215859031,0.23206811581916845,0.21991776641038535,0.32118446743613377
logit_base,20,2023,UZS,227,raw_probability,0.020246684721225153,0.2422907488986784,0.22369068660805333,1.010603329242796,0.5350820619618079
logit_base,20,2024,__ALL__,1140,raw_probability,0.1346457728512576,0.20350877192982456,0.1467377334663043,-2.5450684536885886,-0.5771165180406883
logit_base,20,2024,AMD,228,raw_probability,0.1435311521932471,0.22807017543859648,0.17027545398867544,-2.7261855487821003,-0.7573432550700073
logit_base,20,2024,KGS,228,raw_probability,0.14015464978230685,0.22807017543859648,0.16220218413507909,-2.189464892095396,-0.4924210990053135
logit_base,20,2024,KZT,228,raw_probability,0.11391931996432883,0.16228070175438597,0.11779906758043406,-4.032334277288566,-1.0493463546221822
logit_base,20,2024,TJS,228,raw_probability,0.1481803317495405,0.20175438596491227,0.16359967767053613,-2.6338490292672767,-0.6503056913554643
logit_base,20,2024,UZS,228,raw_probability,0.12744341056686465,0.19736842105263158,0.1547888922402187,-2.374766697474362,-0.46452703295826525
logit_base,20,2025,__ALL__,1135,raw_probability,0.3460907062912119,0.0960352422907489,0.250055464000463,-1.7301559543881606,0.903210633952302
logit_base,20,2025,AMD,227,raw_probability,0.4172374616605947,0.0881057268722467,0.32913173478834806,-2.0890760837747795,1.2047019096955194
logit_base,20,2025,KGS,227,raw_probability,0.3546668699063296,0.0881057268722467,0.26656114303408296,-1.647345813160906,1.505386984300796
logit_base,20,2025,KZT,227,raw_probability,0.2993134327904098,0.07048458149779736,0.22882885129261246,-2.9140977898403126,-0.3590365496620418
logit_base,20,2025,TJS,227,raw_probability,0.35942402096177495,0.14977973568281938,0.20964428527895554,-1.1968647444087146,1.0433312519110436
logit_base,20,2025,UZS,227,raw_probability,0.2998117461369505,0.08370044052863436,0.2161113056083161,-1.4630083835931267,1.1963151305137245
logit_cnyrub_basis_only,5,2023,__ALL__,1210,raw_probability,0.26982852100859683,0.3859504132231405,0.11921329444040366,0.758906654580628,1.1353095497477543
logit_cnyrub_basis_only,5,2023,AMD,242,raw_probability,0.28850559578350415,0.3925619834710744,0.12296434374736635,0.5641213232719159,1.0201338013945447
logit_cnyrub_basis_only,5,2023,KGS,242,raw_probability,0.26754912746683435,0.3884297520661157,0.14124266861596216,0.8214572276008256,1.1691220816430272
logit_cnyrub_basis_only,5,2023,KZT,242,raw_probability,0.26372504346976416,0.3677685950413223,0.10404355157155813,0.713973788037424,1.1433669015662518
logit_cnyrub_basis_only,5,2023,TJS,242,raw_probability,0.2637250434697642,0.3884297520661157,0.15229323980747375,0.9154469102497234,1.2332268213603483
logit_cnyrub_basis_only,5,2023,UZS,242,raw_probability,0.2656377948531173,0.3925619834710744,0.13553162301869615,0.8281285091787386,1.1425263932872147
logit_cnyrub_basis_only,5,2024,__ALL__,1215,raw_probability,0.23860909365582467,0.3333333333333333,0.1385127637807308,3.2457855358020185,3.415483587898327
logit_cnyrub_basis_only,5,2024,AMD,243,raw_probability,0.25498502869538275,0.3497942386831276,0.16078995106058278,3.045654491809992,3.4337764987214263
logit_cnyrub_basis_only,5,2024,KGS,243,raw_probability,0.23679679623220257,0.37037037037037035,0.17605657425161417,4.310556271006077,4.143293825411581
logit_cnyrub_basis_only,5,2024,KZT,243,raw_probability,0.22404121310499006,0.2674897119341564,0.09201062860908031,2.184616496381239,2.5929526703012096
logit_cnyrub_basis_only,5,2024,TJS,243,raw_probability,0.24770832173912047,0.3497942386831276,0.15882157752883697,3.1203008272616324,3.379231517205963
logit_cnyrub_basis_only,5,2024,UZS,243,raw_probability,0.22951410850742757,0.3292181069958848,0.16786865485383848,4.845481072672626,4.62606060868176
logit_cnyrub_basis_only,5,2025,__ALL__,1210,raw_probability,0.3038077165249329,0.22148760330578512,0.10944304688062716,1.8246029494840517,3.9037043339576165
logit_cnyrub_basis_only,5,2025,AMD,242,raw_probability,0.31309098008073866,0.2190082644628099,0.14185939357950925,1.9572254810907053,4.3393915815070985
logit_cnyrub_basis_only,5,2025,KGS,242,raw_probability,0.2979850650410037,0.2024793388429752,0.1414007494554242,2.136930967163378,4.319991818654096
logit_cnyrub_basis_only,5,2025,KZT,242,raw_probability,0.2872041611628061,0.19834710743801653,0.11832821694982386,1.8981854326478287,3.795704707439558
logit_cnyrub_basis_only,5,2025,TJS,242,raw_probability,0.3209293026731042,0.2892561983471074,0.07367528625478043,1.4507551142960384,3.2231878679307413
logit_cnyrub_basis_only,5,2025,UZS,242,raw_probability,0.29982907366701167,0.19834710743801653,0.12583701385395887,1.9452670927006626,4.160647000279392
logit_plus_cnyrub_basis,5,2023,__ALL__,1210,raw_probability,0.18257303403274136,0.3859504132231405,0.20337737919039914,0.9179251018052411,0.7979874405495327
logit_plus_cnyrub_basis,5,2023,AMD,242,raw_probability,0.20935096083039167,0.3925619834710744,0.1832110226406827,0.7080536015009209,0.7412833637334765
logit_plus_cnyrub_basis,5,2023,KGS,242,raw_probability,0.1885307599163242,0.3884297520661157,0.19989899214979148,1.0455394426263427,0.8988697646689378
logit_plus_cnyrub_basis,5,2023,KZT,242,raw_probability,0.15590397116661575,0.3677685950413223,0.21186462387470653,0.9297930569227019,0.7558632692024473
logit_plus_cnyrub_basis,5,2023,TJS,242,raw_probability,0.17781785265945543,0.3884297520661157,0.21061189940666028,1.1130944977824464,0.8916151285431054
logit_plus_cnyrub_basis,5,2023,UZS,242,raw_probability,0.18126162559091966,0.3925619834710744,0.2113003578801547,0.9066858736301605,0.7687990594917355
logit_plus_cnyrub_basis,5,2024,__ALL__,1215,raw_probability,0.2643146532323257,0.3333333333333333,0.07852512320156015,1.0567042664253867,1.7259670424213835
logit_plus_cnyrub_basis,5,2024,AMD,243,raw_probability,0.28550069491862873,0.3497942386831276,0.10236626688769968,1.0063137712808417,1.793878734778113
logit_plus_cnyrub_basis,5,2024,KGS,243,raw_probability,0.26660603259036003,0.37037037037037035,0.12098118243292795,1.1732493066530092,1.6831201358507901
logit_plus_cnyrub_basis,5,2024,KZT,243,raw_probability,0.24334646564064502,0.2674897119341564,0.06858578006502367,0.357191098643038,1.207534141241573
logit_plus_cnyrub_basis,5,2024,TJS,243,raw_probability,0.2722761750217123,0.3497942386831276,0.09366060399356538,1.052806425986453,1.7138074257247793
logit_plus_cnyrub_basis,5,2024,UZS,243,raw_probability,0.25384389799028273,0.3292181069958848,0.12346293862838081,1.7843555453450672,2.36879238764787
logit_plus_cnyrub_basis,5,2025,__ALL__,1210,raw_probability,0.38088132569797667,0.22148760330578512,0.15939372239219152,-0.8250169997646388,1.0713520377787236
logit_plus_cnyrub_basis,5,2025,AMD,242,raw_probability,0.4053848285543403,0.2190082644628099,0.18637656409153044,-0.948960272221939,1.1627933667587214
logit_plus_cnyrub_basis,5,2025,KGS,242,raw_probability,0.36878736388124794,0.2024793388429752,0.1663080250382727,-0.8060242085287942,1.3571590647745462
logit_plus_cnyrub_basis,5,2025,KZT,242,raw_probability,0.3490810575812739,0.19834710743801653,0.15815412095266276,-0.9748277290051223,0.710034096552547
logit_plus_cnyrub_basis,5,2025,TJS,242,raw_probability,0.42443694783347363,0.2892561983471074,0.13629480174834405,-0.687080476977562,0.8334457999698114
logit_plus_cnyrub_basis,5,2025,UZS,242,raw_probability,0.35671643063954744,0.19834710743801653,0.158369323201531,-0.7420501024279663,1.3181182371734965
logit_plus_cnyrub_ret1,5,2023,__ALL__,1210,raw_probability,0.17082174654118315,0.3859504132231405,0.2151286666819573,1.0887278647080247,0.8909122338280208
logit_plus_cnyrub_ret1,5,2023,AMD,242,raw_probability,0.20349271195151297,0.3925619834710744,0.1890692715195614,0.9117639321144841,0.8929498581436708
logit_plus_cnyrub_ret1,5,2023,KGS,242,raw_probability,0.17523610974376172,0.3884297520661157,0.21319364232235402,1.5244194041983063,1.1845286045884893
logit_plus_cnyrub_ret1,5,2023,KZT,242,raw_probability,0.1361183484124366,0.3677685950413223,0.2316502466288857,0.9387495812768191,0.7199498954241232
logit_plus_cnyrub_ret1,5,2023,TJS,242,raw_probability,0.166431364494801,0.3884297520661157,0.22199838757131476,1.5005632646796403,1.1214064337166743
logit_plus_cnyrub_ret1,5,2023,UZS,242,raw_probability,0.17283019810340347,0.3925619834710744,0.22739880003490368,0.9440110974416881,0.796342394738628
logit_plus_cnyrub_ret1,5,2024,__ALL__,1215,raw_probability,0.2746648225830288,0.3333333333333333,0.0679407436978506,0.6502395531355788,1.3854414861471984
logit_plus_cnyrub_ret1,5,2024,AMD,243,raw_probability,0.2953180491998549,0.3497942386831276,0.08986238677711762,0.65232209529512,1.467706241571536
logit_plus_cnyrub_ret1,5,2024,KGS,243,raw_probability,0.27705849927530307,0.37037037037037035,0.11485886868306017,0.5861676953486111,1.155902047724146
logit_plus_cnyrub_ret1,5,2024,KZT,243,raw_probability,0.2556464950207132,0.2674897119341564,0.06782477112807564,0.0012949470949445998,0.9412771359308029
logit_plus_cnyrub_ret1,5,2024,TJS,243,raw_probability,0.28261765293306385,0.3497942386831276,0.1097192792279825,0.7246419524891271,1.44494809474753
logit_plus_cnyrub_ret1,5,2024,UZS,243,raw_probability,0.26268341648620924,0.3292181069958848,0.09013455731645575,1.2221822605250314,1.893345872761111
logit_plus_cnyrub_ret1,5,2025,__ALL__,1210,raw_probability,0.4057183884921963,0.22148760330578512,0.18423078518641117,-0.9684036020709899,0.9117994849175781
logit_plus_cnyrub_ret1,5,2025,AMD,242,raw_probability,0.43078107704465546,0.2190082644628099,0.2117728125818456,-1.0828749665309296,0.9674954286790713
logit_plus_cnyrub_ret1,5,2025,KGS,242,raw_probability,0.3928962896513068,0.2024793388429752,0.19041695080833157,-0.9785621874470841,1.1618126499361805
logit_plus_cnyrub_ret1,5,2025,KZT,242,raw_probability,0.37372262845875315,0.19834710743801653,0.20070550328635162,-1.162923459940546,0.46050896479332415
logit_plus_cnyrub_ret1,5,2025,TJS,242,raw_probability,0.44944553985400304,0.2892561983471074,0.16018934150689557,-0.7831836441251129,0.7208394214843744
logit_plus_cnyrub_ret1,5,2025,UZS,242,raw_probability,0.3817464074522632,0.19834710743801653,0.1833993000142467,-0.9190565051860073,1.1726323655945323
logit_plus_cnyrub_spot,5,2023,__ALL__,1210,raw_probability,1.921675722877639e-05,0.3859504132231405,0.38593119646591173,9.113846893308335,0.8519760144673837
logit_plus_cnyrub_spot,5,2023,AMD,242,raw_probability,2.337138648674053e-05,0.3925619834710744,0.39253861208458773,7.899369783096572,0.7532015210127033
logit_plus_cnyrub_spot,5,2023,KGS,242,raw_probability,2.1813773281161054e-05,0.3884297520661157,0.38840793829283454,11.24348675972704,1.0577477431569704
logit_plus_cnyrub_spot,5,2023,KZT,242,raw_probability,1.1957201036172072e-05,0.3677685950413223,0.36775663784028617,8.908135023590951,0.8058960979052744
logit_plus_cnyrub_spot,5,2023,TJS,242,raw_probability,1.9619647908180208e-05,0.3884297520661157,0.38841013241820754,11.842755713379278,1.1017453944879165
logit_plus_cnyrub_spot,5,2023,UZS,242,raw_probability,1.9321777431628073e-05,0.3925619834710744,0.39254266169364277,9.191901878196774,0.8593367160790295
logit_plus_cnyrub_spot,5,2024,__ALL__,1215,raw_probability,0.4809522207952995,0.3333333333333333,0.14761888746196616,-0.6429786539298388,1.340286001712515
logit_plus_cnyrub_spot,5,2024,AMD,243,raw_probability,0.522927731194586,0.3497942386831276,0.17313349251145854,-0.8775311990696818,1.8244167367625381
logit_plus_cnyrub_spot,5,2024,KGS,243,raw_probability,0.47735046568089945,0.37037037037037035,0.10698009531052906,-0.45650840871623155,1.0514828719217553
logit_plus_cnyrub_spot,5,2024,KZT,243,raw_probability,0.42564487999250955,0.2674897119341564,0.15815516805835314,-0.6412371087286907,1.379482866799073
logit_plus_cnyrub_spot,5,2024,TJS,243,raw_probability,0.5159706935107357,0.3497942386831276,0.16617645482760807,-0.7775940486974849,1.4699934232664507
logit_plus_cnyrub_spot,5,2024,UZS,243,raw_probability,0.46286733359776683,0.3292181069958848,0.13364922660188208,-0.5550164975849894,1.3832389984402016
logit_plus_cnyrub_spot,5,2025,__ALL__,1210,raw_probability,0.4040075456201539,0.22148760330578512,0.1825199423143687,-0.963175667178022,0.9292021325564013
logit_plus_cnyrub_spot,5,2025,AMD,242,raw_probability,0.4378509004745181,0.2190082644628099,0.21884263601170817,-1.1262548792391844,0.9662087621250616
logit_plus_cnyrub_spot,5,2025,KGS,242,raw_probability,0.39215049274928626,0.2024793388429752,0.18967115390631106,-1.0026923049053513,1.1003573484653464
logit_plus_cnyrub_spot,5,2025,KZT,242,raw_probability,0.37781527347592336,0.19834710743801653,0.17946816603790683,-1.1320324292299493,0.5558342510317327
logit_plus_cnyrub_spot,5,2025,TJS,242,raw_probability,0.43930924637418983,0.2892561983471074,0.1543627514785917,-0.7349407953936383,0.8341724563856974
logit_plus_cnyrub_spot,5,2025,UZS,242,raw_probability,0.37291181502685167,0.19834710743801653,0.17456470758883516,-0.8710160395067625,1.18199197043996
logit_plus_direct_corridor_basis,5,2023,__ALL__,1210,raw_probability,0.1557091391876066,0.3859504132231405,0.2302412740355339,0.255707419200446,0.4032152515067304
logit_plus_direct_corridor_basis,5,2023,AMD,242,raw_probability,0.1821539463095363,0.3925619834710744,0.21040803716153805,0.29540623189606774,0.46343662789228063
logit_plus_direct_corridor_basis,5,2023,KGS,242,raw_probability,0.17609985634299158,0.3884297520661157,0.21232989572312413,0.391014578283926,0.5161172781102801
logit_plus_direct_corridor_basis,5,2023,KZT,242,raw_probability,0.12489587420694791,0.3677685950413223,0.2428727208343744,0.4193615941195398,0.4726159010295526
logit_plus_direct_corridor_basis,5,2023,TJS,242,raw_probability,0.14181922304750055,0.3884297520661157,0.24661052901861516,0.1835927560146573,0.34214959542556755
logit_plus_direct_corridor_basis,5,2023,UZS,242,raw_probability,0.15357679603105662,0.3925619834710744,0.2389851874400178,0.09528349841167491,0.29241533504628286
logit_plus_direct_corridor_basis,5,2024,__ALL__,1215,raw_probability,0.2718271693943825,0.3333333333333333,0.06763947515691453,-0.13559826350168788,0.556131090694015
logit_plus_direct_corridor_basis,5,2024,AMD,243,raw_probability,0.301796653444379,0.3497942386831276,0.07738528037613648,0.1300634154985035,0.8871344180924529
logit_plus_direct_corridor_basis,5,2024,KGS,243,raw_probability,0.26045836285593715,0.37037037037037035,0.1450634319097466,-0.2820386280255232,0.23301163499019542
logit_plus_direct_corridor_basis,5,2024,KZT,243,raw_probability,0.2563362908216097,0.2674897119341564,0.04467776244968632,-0.45374748356248906,0.5147129976407159
logit_plus_direct_corridor_basis,5,2024,TJS,243,raw_probability,0.2884267822304342,0.3497942386831276,0.1091224660310499,-0.06434238855059327,0.607703846326495
logit_plus_direct_corridor_basis,5,2024,UZS,243,raw_probability,0.2521177576195524,0.3292181069958848,0.09014989221372045,-0.08926794661607372,0.5593853108612057
logit_plus_direct_corridor_basis,5,2025,__ALL__,1210,raw_probability,0.406232919399524,0.22148760330578512,0.1847453160937389,-1.0432645834633474,0.6204255118159493
logit_plus_direct_corridor_basis,5,2025,AMD,242,raw_probability,0.4194025892431518,0.2190082644628099,0.20039432478034194,-1.0512730709885507,0.8023829373365637
logit_plus_direct_corridor_basis,5,2025,KGS,242,raw_probability,0.4041588099075481,0.2024793388429752,0.20167947106457298,-1.0496176311908327,1.0845149885359964
logit_plus_direct_corridor_basis,5,2025,KZT,242,raw_probability,0.3862864144170933,0.19834710743801653,0.18793930697907676,-1.272282557301164,0.2668747017476601
logit_plus_direct_corridor_basis,5,2025,TJS,242,raw_probability,0.459571898661167,0.2892561983471074,0.17031570031405951,-0.8297341830008522,0.4948346741458372
logit_plus_direct_corridor_basis,5,2025,UZS,242,raw_probability,0.36174488476865974,0.19834710743801653,0.1984413128441862,-1.1746589842194526,0.3858270727912825
logit_plus_direct_corridor_market,5,2023,__ALL__,1210,raw_probability,0.1574385204567246,0.3859504132231405,0.22851189276641584,-0.3491834819144001,0.05553937214458793
logit_plus_direct_corridor_market,5,2023,AMD,242,raw_probability,0.20714488118002522,0.3925619834710744,0.19556753863786977,-0.1749398126002181,0.17661286374152985
logit_plus_direct_corridor_market,5,2023,KGS,242,raw_probability,0.12742856067236571,0.3884297520661157,0.26100119139374994,-0.37453253352670707,0.02476510157552487
logit_plus_direct_corridor_market,5,2023,KZT,242,raw_probability,0.19548116791814643,0.3677685950413223,0.17228742712317588,0.026664470145554862,0.3705256418540823
logit_plus_direct_corridor_market,5,2023,TJS,242,raw_probability,0.14249093456970988,0.3884297520661157,0.24593881749640584,0.2524640171664758,0.3806374486356389
logit_plus_direct_corridor_market,5,2023,UZS,242,raw_probability,0.11464705794337578,0.3925619834710744,0.2779149255276986,0.0026940547318328274,0.19172137684890014
logit_plus_direct_corridor_market,5,2024,__ALL__,1215,raw_probability,0.31456110054312,0.3333333333333333,0.06851558231949978,-0.4362463407670377,0.3210766193009935
logit_plus_direct_corridor_market,5,2024,AMD,243,raw_probability,0.37241367817715554,0.3497942386831276,0.0992666418583858,-0.1710963788484433,0.8594548757467846
logit_plus_direct_corridor_market,5,2024,KGS,243,raw_probability,0.2788276376179488,0.37037037037037035,0.11657815715462323,-0.3178300134335682,0.21700223813830333
logit_plus_direct_corridor_market,5,2024,KZT,243,raw_probability,0.34365580319640565,0.2674897119341564,0.11160747042355677,-0.8060739209775909,0.3051559017280374
logit_plus_direct_corridor_market,5,2024,TJS,243,raw_probability,0.3047130625003832,0.3497942386831276,0.06462308925961044,-0.10966992225817389,0.6112650389320512
logit_plus_direct_corridor_market,5,2024,UZS,243,raw_probability,0.2731953212237065,0.3292181069958848,0.10807003687585966,-0.20414715856329976,0.5072713891438478
logit_plus_direct_corridor_market,5,2025,__ALL__,1210,raw_probability,0.4140295306766156,0.22148760330578512,0.19254192737083042,-1.0678144019255262,0.6134727560151001
logit_plus_direct_corridor_market,5,2025,AMD,242,raw_probability,0.4106891733177287,0.2190082644628099,0.1916809088549188,-1.019932568623461,0.8097809515768861
logit_plus_direct_corridor_market,5,2025,KGS,242,raw_probability,0.41131032029595677,0.2024793388429752,0.2088309814529816,-1.0889709558383047,1.0980991564148235
logit_plus_direct_corridor_market,5,2025,KZT,242,raw_probability,0.3792969548969873,0.19834710743801653,0.18333876047006464,-1.2565104194857328,0.28132725395943053
logit_plus_direct_corridor_market,5,2025,TJS,242,raw_probability,0.4653325402547626,0.2892561983471074,0.17607634190765517,-0.8392432017433327,0.5197722580391523
logit_plus_direct_corridor_market,5,2025,UZS,242,raw_probability,0.4035186646176426,0.19834710743801653,0.21984011288394495,-1.274209509947721,0.31755005936303693
logit_plus_global_market,5,2023,__ALL__,1210,raw_probability,0.45029590632554156,0.3859504132231405,0.11014428350248681,-0.39953604040269924,0.2971321519787407
logit_plus_global_market,5,2023,AMD,242,raw_probability,0.5052487579197819,0.3925619834710744,0.15553133328922988,-0.44222565613409576,0.2476410168830277
logit_plus_global_market,5,2023,KGS,242,raw_probability,0.4611595462786562,0.3884297520661157,0.09922938968349183,-0.3893236666311818,0.4134886211856287
logit_plus_global_market,5,2023,KZT,242,raw_probability,0.37315179593752634,0.3677685950413223,0.1288097467388723,-0.4261813937140069,0.1991293756724323
logit_plus_global_market,5,2023,TJS,242,raw_probability,0.45003740266111253,0.3884297520661157,0.1179242020838611,-0.3659140780859723,0.42235640441448025
logit_plus_global_market,5,2023,UZS,242,raw_probability,0.46188202883063084,0.3925619834710744,0.1441570480794848,-0.393796973483506,0.24938006771602955
logit_plus_global_market,5,2024,__ALL__,1215,raw_probability,0.6826594739569377,0.3333333333333333,0.3897968534359299,-0.45630104967130836,-0.282085141236351
logit_plus_global_market,5,2024,AMD,243,raw_probability,0.7119447587975823,0.3497942386831276,0.4079687916445558,-0.26003094144843747,-0.36355237812654706
logit_plus_global_market,5,2024,KGS,243,raw_probability,0.6792746236696727,0.37037037037037035,0.3638311836399346,-0.35678259444498106,-0.20790466099035695
logit_plus_global_market,5,2024,KZT,243,raw_probability,0.6443147857642989,0.2674897119341564,0.38811786245040075,-0.9156178516831365,-0.1432596233087706
logit_plus_global_market,5,2024,TJS,243,raw_probability,0.7086405390320245,0.3497942386831276,0.3973888338819501,-0.2585899899811792,-0.3680061422491213
logit_plus_global_market,5,2024,UZS,243,raw_probability,0.6691226625211104,0.3292181069958848,0.4007186823213386,-0.3789211262788905,-0.44330145871444226
logit_plus_global_market,5,2025,__ALL__,1210,raw_probability,0.5060843807399733,0.22148760330578512,0.28459677743418826,-1.335361981043734,0.562946571906946
logit_plus_global_market,5,2025,AMD,242,raw_probability,0.5325500611151686,0.2190082644628099,0.3247161198731028,-1.3977627821558836,0.47183832342393073
logit_plus_global_market,5,2025,KGS,242,raw_probability,0.49069652207402736,0.2024793388429752,0.2882171832310521,-1.4522208374800716,0.6823059153949389
logit_plus_global_market,5,2025,KZT,242,raw_probability,0.4786149408938089,0.19834710743801653,0.28026783345579237,-1.380449487087567,0.38182135384501836
logit_plus_global_market,5,2025,TJS,242,raw_probability,0.5481227759692728,0.2892561983471074,0.2588665776221653,-1.055859588602423,0.5375622013159445
logit_plus_global_market,5,2025,UZS,242,raw_probability,0.48043760364758936,0.19834710743801653,0.2820904962095728,-1.4194218754802566,0.6211597099077283
logit_plus_kazakhstan_official,5,2023,__ALL__,1210,raw_probability,0.17436384162920116,0.3859504132231405,0.25628622617036445,-0.3332517901456982,0.0622824782371166
logit_plus_kazakhstan_official,5,2023,AMD,242,raw_probability,0.19572440895444326,0.3925619834710744,0.2982585955105555,-0.44196526770960504,-0.002859077987990806
logit_plus_kazakhstan_official,5,2023,KGS,242,raw_probability,0.1779905260546083,0.3884297520661157,0.24785016336174842,-0.1815499063082414,0.13389231421241263
logit_plus_kazakhstan_official,5,2023,KZT,242,raw_probability,0.1485227256718309,0.3677685950413223,0.28435241301707753,-0.5967521507452137,-0.023000874887848057
logit_plus_kazakhstan_official,5,2023,TJS,242,raw_probability,0.17179901978205045,0.3884297520661157,0.2456768529478606,-0.06452842608235275,0.1857781475920212
logit_plus_kazakhstan_official,5,2023,UZS,242,raw_probability,0.17778252768307296,0.3925619834710744,0.2615907429369314,-0.4181700592748877,0.008785544762924083
logit_plus_kazakhstan_official,5,2024,__ALL__,1215,raw_probability,0.2879437228108377,0.3333333333333333,0.05605276251680015,-0.48760476539879205,0.2208171264825399
logit_plus_kazakhstan_official,5,2024,AMD,243,raw_probability,0.3106361943263,0.3497942386831276,0.08342139649645099,-0.4107539711576969,0.2557209581596312
logit_plus_kazakhstan_official,5,2024,KGS,243,raw_probability,0.29066536086006883,0.37037037037037035,0.10209623007080894,-0.6116232768136156,-0.08726664134493209
logit_plus_kazakhstan_official,5,2024,KZT,243,raw_probability,0.2665107123150807,0.2674897119341564,0.09777203835464755,-1.1080503037694103,-0.0959923093874812
logit_plus_kazakhstan_official,5,2024,TJS,243,raw_probability,0.2990408099206462,0.3497942386831276,0.06799252305620475,-0.40523647511292143,0.2451357379977348
logit_plus_kazakhstan_official,5,2024,UZS,243,raw_probability,0.272865536632093,0.3292181069958848,0.11434454867422479,-0.2414687972763582,0.46945083724737835
logit_plus_kazakhstan_official,5,2025,__ALL__,1210,raw_probability,0.4121326110967067,0.22148760330578512,0.1931547624874685,-1.1069890222332777,0.4539398564032991
logit_plus_kazakhstan_official,5,2025,AMD,242,raw_probability,0.44372906583006183,0.2190082644628099,0.2315661992305871,-1.1836051575029354,0.4987097413001946
logit_plus_kazakhstan_official,5,2025,KGS,242,raw_probability,0.3996570210148479,0.2024793388429752,0.19717768217187268,-1.1355072086619278,0.6751563956229083
logit_plus_kazakhstan_official,5,2025,KZT,242,raw_probability,0.3779900099687037,0.19834710743801653,0.20793734201070402,-1.3754415125762511,0.03928042716429275
logit_plus_kazakhstan_official,5,2025,TJS,242,raw_probability,0.4526750354639346,0.2892561983471074,0.17595158872741623,-0.8374396713056205,0.3422213409752968
logit_plus_kazakhstan_official,5,2025,UZS,242,raw_probability,0.38661192320598525,0.19834710743801653,0.19144246711353435,-1.1733503827957363,0.504985175614637
logit_plus_kz_external_balance,5,2023,__ALL__,1210,raw_probability,0.4602754732184792,0.3859504132231405,0.38991753511522226,-0.32528438965683437,0.051221726386968223
logit_plus_kz_external_balance,5,2023,AMD,242,raw_probability,0.4684034078845654,0.3925619834710744,0.35282094548257764,-0.2638996970772132,0.07063209470688876
logit_plus_kz_external_balance,5,2023,KGS,242,raw_probability,0.464286578450476,0.3884297520661157,0.4279441249132239,-0.3599413148990026,0.03411582708292665
logit_plus_kz_external_balance,5,2023,KZT,242,raw_probability,0.45418271934145854,0.3677685950413223,0.37464235774144405,-0.4087246957941179,0.04711810486682939
logit_plus_kz_external_balance,5,2023,TJS,242,raw_probability,0.45367819644539426,0.3884297520661157,0.39386223603608866,-0.3141464505137474,0.0502910079410931
logit_plus_kz_external_balance,5,2023,UZS,242,raw_probability,0.46082646397050164,0.3925619834710744,0.39682827043493024,-0.286239783927481,0.05415594746484263
logit_plus_kz_external_balance,5,2024,__ALL__,1215,raw_probability,0.054711911297224775,0.3333333333333333,0.27862142203610857,-0.35952369628591224,0.1002508783310317
logit_plus_kz_external_balance,5,2024,AMD,243,raw_probability,0.06504032265635698,0.3497942386831276,0.28475391602677064,-0.4947132459001369,0.039588033535359286
logit_plus_kz_external_balance,5,2024,KGS,243,raw_probability,0.047420699327010526,0.37037037037037035,0.3229496710433598,-0.40103759777453435,0.037297035597065785
logit_plus_kz_external_balance,5,2024,KZT,243,raw_probability,0.05408679871798572,0.2674897119341564,0.2134029132161707,-0.8627491429952583,0.042122155712230755
logit_plus_kz_external_balance,5,2024,TJS,243,raw_probability,0.05717437862772167,0.3497942386831276,0.2926198600554059,0.01184756096842331,0.1948608270541317
logit_plus_kz_external_balance,5,2024,UZS,243,raw_probability,0.049837357157049,0.3292181069958848,0.2793807498388358,-0.026237013741116443,0.20615709827540352
logit_plus_kz_external_balance,5,2025,__ALL__,1210,raw_probability,0.765230521154693,0.22148760330578512,0.5437429178489078,-1.3235938197542796,0.04617998341155623
logit_plus_kz_external_balance,5,2025,AMD,242,raw_probability,0.784791600564304,0.2190082644628099,0.565783336101494,-1.4714281914748857,0.12491761715881552
logit_plus_kz_external_balance,5,2025,KGS,242,raw_probability,0.7606374195507857,0.2024793388429752,0.5581580807078105,-1.432521336035162,0.04419531452710153
logit_plus_kz_external_balance,5,2025,KZT,242,raw_probability,0.7646669383618686,0.19834710743801653,0.566319830923852,-1.1456905966927668,-0.19334960656582986
logit_plus_kz_external_balance,5,2025,TJS,242,raw_probability,0.7706756779752693,0.2892561983471074,0.4814194796281618,-1.1757259770616564,0.17244153111727228
logit_plus_kz_external_balance,5,2025,UZS,242,raw_probability,0.7453809693212375,0.19834710743801653,0.547033861883221,-1.2361208214645643,-0.12715973911377856
logit_plus_kz_inflation,5,2023,__ALL__,1210,raw_probability,0.14743550980597603,0.3859504132231405,0.23851490341716447,-0.00650262865531562,0.24911206185231297
logit_plus_kz_inflation,5,2023,AMD,242,raw_probability,0.1733387073407751,0.3925619834710744,0.22255483831902662,0.0065299758876066925,0.2691129694291593
logit_plus_kz_inflation,5,2023,KGS,242,raw_probability,0.15061237725249724,0.3884297520661157,0.23781737481361848,0.30165039429365104,0.4217663475000661
logit_plus_kz_inflation,5,2023,KZT,242,raw_probability,0.12397369746771492,0.3677685950413223,0.24379489757360742,-0.31971472533939266,0.10812610074701824
logit_plus_kz_inflation,5,2023,TJS,242,raw_probability,0.14121282013934464,0.3884297520661157,0.24721693192677105,0.17272349596322145,0.33538373257361676
logit_plus_kz_inflation,5,2023,UZS,242,raw_probability,0.1480399468295483,0.3925619834710744,0.24452203664152614,-0.13250511860091602,0.1658492713247912
logit_plus_kz_inflation,5,2024,__ALL__,1215,raw_probability,0.4510246892001876,0.3333333333333333,0.12046210572939424,-0.7037035087866403,-0.051816766392215594
logit_plus_kz_inflation,5,2024,AMD,243,raw_probability,0.4734132883667022,0.3497942386831276,0.12634915520566364,-0.6349931820269027,-0.1319536236142627
logit_plus_kz_inflation,5,2024,KGS,243,raw_probability,0.4527884527937478,0.37037037037037035,0.15375404611232005,-0.5696130295866163,-0.1963609847623806
logit_plus_kz_inflation,5,2024,KZT,243,raw_probability,0.4345494423850842,0.2674897119341564,0.1807509778078814,-1.1563172847985959,-0.5267901991157392
logit_plus_kz_inflation,5,2024,TJS,243,raw_probability,0.4654731045014511,0.3497942386831276,0.11974566276150453,-0.6234466812245222,-0.02476940730157027
logit_plus_kz_inflation,5,2024,UZS,243,raw_probability,0.42889915795395284,0.3292181069958848,0.12954602002080157,-0.6584153561215067,0.18153258269798764
logit_plus_kz_inflation,5,2025,__ALL__,1210,raw_probability,0.38047826726548517,0.22148760330578512,0.1591585930764202,-0.9664439869697189,0.6370134446470757
logit_plus_kz_inflation,5,2025,AMD,242,raw_probability,0.41780657655025666,0.2190082644628099,0.1987983120874467,-1.0823481241443949,0.7045821157772338
logit_plus_kz_inflation,5,2025,KGS,242,raw_probability,0.3743994272516206,0.2024793388429752,0.17192008840864542,-0.9649489026175065,0.94460946616338
logit_plus_kz_inflation,5,2025,KZT,242,raw_probability,0.3470458485067976,0.19834710743801653,0.1779851852848442,-1.2384010712702815,0.23685201069026607
logit_plus_kz_inflation,5,2025,TJS,242,raw_probability,0.41006467365486915,0.2892561983471074,0.1442694634166941,-0.7189281654062727,0.4974980788173802
logit_plus_kz_inflation,5,2025,UZS,242,raw_probability,0.3530748103638817,0.19834710743801653,0.15737217827688676,-0.9308649843601845,0.827149013557173
logit_plus_kz_leading_surveys,5,2023,__ALL__,1210,raw_probability,0.08122962625980627,0.3859504132231405,0.3047207869633342,-1.018898728294448,-0.20909848894718583
logit_plus_kz_leading_surveys,5,2023,AMD,242,raw_probability,0.09402013844485099,0.3925619834710744,0.2985418450262234,-1.0382132646026783,-0.24609365847890383
logit_plus_kz_leading_surveys,5,2023,KGS,242,raw_probability,0.09620442258462829,0.3884297520661157,0.2922253294814875,-0.8260469858646378,-0.15447101048513953
logit_plus_kz_leading_surveys,5,2023,KZT,242,raw_probability,0.05147859804704142,0.3677685950413223,0.3162899969942809,-1.1079762675242728,-0.17824428639471843
logit_plus_kz_leading_surveys,5,2023,TJS,242,raw_probability,0.08526792547461415,0.3884297520661157,0.3031618265915016,-1.0864750838130661,-0.24671303889007967
logit_plus_kz_leading_surveys,5,2023,UZS,242,raw_probability,0.07917704674789652,0.3925619834710744,0.3133849367231779,-1.7545134332162386,-0.49356217483997017
logit_plus_kz_leading_surveys,5,2024,__ALL__,1215,raw_probability,0.1557451341537328,0.3333333333333333,0.18960442228126595,-1.010125552975349,-0.16798478293525035
logit_plus_kz_leading_surveys,5,2024,AMD,243,raw_probability,0.17444334191877028,0.3497942386831276,0.21748106589727242,-0.8273972076660007,-0.11985838449220171
logit_plus_kz_leading_surveys,5,2024,KGS,243,raw_probability,0.15062817478941282,0.37037037037037035,0.23859680766918528,-0.9755287661176328,-0.22961528010520382
logit_plus_kz_leading_surveys,5,2024,KZT,243,raw_probability,0.13736370663972486,0.2674897119341564,0.14004213045453393,-1.4084878654416892,-0.19929160983879612
logit_plus_kz_leading_surveys,5,2024,TJS,243,raw_probability,0.16727082139585778,0.3497942386831276,0.20333615532626584,-0.8481905587817183,-0.12660117589476388
logit_plus_kz_leading_surveys,5,2024,UZS,243,raw_probability,0.14901962602489824,0.3292181069958848,0.22225796299315295,-1.2402523688465477,-0.2698400185061519
logit_plus_kz_leading_surveys,5,2025,__ALL__,1210,raw_probability,0.15095100402648343,0.22148760330578512,0.07253148267907672,-0.5055604555461789,0.41401521165408695
logit_plus_kz_leading_surveys,5,2025,AMD,242,raw_probability,0.16257862797012776,0.2190082644628099,0.07604840796203131,-0.06332319428961071,0.7161464734318288
logit_plus_kz_leading_surveys,5,2025,KGS,242,raw_probability,0.1463627590063397,0.2024793388429752,0.06663588369824759,-0.18838914181559713,0.6485408596801897
logit_plus_kz_leading_surveys,5,2025,KZT,242,raw_probability,0.152726615419494,0.19834710743801653,0.10019374579558697,-1.2781435681204387,0.0643699405913984
logit_plus_kz_leading_surveys,5,2025,TJS,242,raw_probability,0.16245217327302014,0.2892561983471074,0.13599057054027686,-0.48509544202962956,0.23601245829550738
logit_plus_kz_leading_surveys,5,2025,UZS,242,raw_probability,0.13063484446343554,0.19834710743801653,0.08993039536872241,-0.6110003698878771,0.39684601234735417
logit_plus_kztrub_market,5,2023,__ALL__,1210,raw_probability,0.40039422748560316,0.3859504132231405,0.09533977763988148,-0.4028989179686444,0.13845974360289776
logit_plus_kztrub_market,5,2023,AMD,242,raw_probability,0.44831821997657445,0.3925619834710744,0.10779723577435943,-0.3637999492938209,0.3166105733520169
logit_plus_kztrub_market,5,2023,KGS,242,raw_probability,0.40457920745484516,0.3884297520661157,0.0847072213371262,-0.3762456269937606,0.18676367735771077
logit_plus_kztrub_market,5,2023,KZT,242,raw_probability,0.3500941040135413,0.3677685950413223,0.15682788546234966,-0.5982057339199008,-0.08210421310829184
logit_plus_kztrub_market,5,2023,TJS,242,raw_probability,0.3938559477945132,0.3884297520661157,0.1150340212007252,-0.3797924219408335,0.15908350448422898
logit_plus_kztrub_market,5,2023,UZS,242,raw_probability,0.40512365818854157,0.3925619834710744,0.10762662559540075,-0.3943666416091917,0.10013258576433459
logit_plus_kztrub_market,5,2024,__ALL__,1215,raw_probability,0.4378948384658399,0.3333333333333333,0.11050034592492873,-0.6104067895518033,0.3250684720533308
logit_plus_kztrub_market,5,2024,AMD,243,raw_probability,0.47141341131667264,0.3497942386831276,0.12188734170337837,-0.550987851542784,0.6570803846575393
logit_plus_kztrub_market,5,2024,KGS,243,raw_probability,0.4423874405812817,0.37037037037037035,0.11454616018753298,-0.5148331710823011,0.0659099263073196
logit_plus_kztrub_market,5,2024,KZT,243,raw_probability,0.38565033240577906,0.2674897119341564,0.1482369079869901,-0.9166552434123203,0.18871919284277752
logit_plus_kztrub_market,5,2024,TJS,243,raw_probability,0.4701841998799747,0.3497942386831276,0.14109907386239534,-0.5847756269159496,0.29334220505946795
logit_plus_kztrub_market,5,2024,UZS,243,raw_probability,0.4198388081454915,0.3292181069958848,0.1540866905078441,-0.6710825616012415,0.12060356099373841
logit_plus_kztrub_market,5,2025,__ALL__,1210,raw_probability,0.3856009782917425,0.22148760330578512,0.16676007691155995,-1.002359016668452,0.5844736248728991
logit_plus_kztrub_market,5,2025,AMD,242,raw_probability,0.41179662846121035,0.2190082644628099,0.20609819894491443,-1.0822623691185678,0.6110406224585565
logit_plus_kztrub_market,5,2025,KGS,242,raw_probability,0.3762480884212483,0.2024793388429752,0.17376874957827307,-1.0181837579716178,0.7888812692439647
logit_plus_kztrub_market,5,2025,KZT,242,raw_probability,0.3407157084869842,0.19834710743801653,0.1503971217737393,-1.2919451189148072,0.15086310196997507
logit_plus_kztrub_market,5,2025,TJS,242,raw_probability,0.43351736971835003,0.2892561983471074,0.1518077471170641,-0.7784152783912375,0.4886667678412546
logit_plus_kztrub_market,5,2025,UZS,242,raw_probability,0.3657270963709196,0.19834710743801653,0.16737998893290307,-1.0227240278515362,0.7248705332248657
logit_plus_public_macro_slow,5,2023,__ALL__,1210,raw_probability,0.45918523572080683,0.3859504132231405,0.3925942263463923,-0.3571812093098209,0.03877804455853124
logit_plus_public_macro_slow,5,2023,AMD,242,raw_probability,0.4650674858244202,0.3925619834710744,0.3444147685328242,-0.3002379372408772,0.05505446466261279
logit_plus_public_macro_slow,5,2023,KGS,242,raw_probability,0.46312292193145066,0.3884297520661157,0.42958189866452634,-0.39393987240416545,0.021082548335463518
logit_plus_public_macro_slow,5,2023,KZT,242,raw_probability,0.43449621180961234,0.3677685950413223,0.3610233045067907,-0.41084768326484084,0.04326131228562348
logit_plus_public_macro_slow,5,2023,TJS,242,raw_probability,0.4723486144532706,0.3884297520661157,0.4215302521698059,-0.36256352355049276,0.03364570584195516
logit_plus_public_macro_slow,5,2023,UZS,242,raw_probability,0.4608909445852806,0.3925619834710744,0.3826144595522455,-0.3231814545353788,0.041414583453446806
logit_plus_public_macro_slow,5,2024,__ALL__,1215,raw_probability,0.3969891314159257,0.3333333333333333,0.19798063252032488,-0.5895246895546389,0.15501280310087096
logit_plus_public_macro_slow,5,2024,AMD,243,raw_probability,0.4542945316680235,0.3497942386831276,0.2291008351251331,-0.5727703059434519,0.14484991097760272
logit_plus_public_macro_slow,5,2024,KGS,243,raw_probability,0.3736765676548659,0.37037037037037035,0.26048576676669005,-0.43199144538131246,0.12155639486831354
logit_plus_public_macro_slow,5,2024,KZT,243,raw_probability,0.33344144404972337,0.2674897119341564,0.22195809574451747,-0.8962590234617204,0.09318654162178637
logit_plus_public_macro_slow,5,2024,TJS,243,raw_probability,0.4219007273394767,0.3497942386831276,0.19262494798179125,-0.5231482599300283,0.20273802293869644
logit_plus_public_macro_slow,5,2024,UZS,243,raw_probability,0.40163238636753906,0.3292181069958848,0.17696568734638818,-0.5921300921747891,0.209173652546045
logit_plus_public_macro_slow,5,2025,__ALL__,1210,raw_probability,0.7889832624950119,0.22148760330578512,0.5674956591892268,-0.9580538870126613,-0.1901250891824503
logit_plus_public_macro_slow,5,2025,AMD,242,raw_probability,0.8114085062061044,0.2190082644628099,0.5924002417432944,-0.8345764283277198,-0.2542202353197864
logit_plus_public_macro_slow,5,2025,KGS,242,raw_probability,0.7850565675635286,0.2024793388429752,0.5825772287205533,-0.7980528246632552,-0.3898614203055081
logit_plus_public_macro_slow,5,2025,KZT,242,raw_probability,0.8024118368620625,0.19834710743801653,0.604064729424046,-1.4031548929736897,0.003792551371234379
logit_plus_public_macro_slow,5,2025,TJS,242,raw_probability,0.7831848112893591,0.2892561983471074,0.4939286129422517,-0.8175394426571194,-0.0511904802215291
logit_plus_public_macro_slow,5,2025,UZS,242,raw_probability,0.7628545905540047,0.19834710743801653,0.5645074831159883,-0.9966018937023975,-0.29734898513378705
logit_plus_ru_business_climate,5,2023,__ALL__,1210,raw_probability,0.12877323421527112,0.3859504132231405,0.25717717900786935,0.32716509153967654,0.3868670391426824
logit_plus_ru_business_climate,5,2023,AMD,242,raw_probability,0.15375263670655148,0.3925619834710744,0.23880934676452287,0.4119584801450135,0.4612695546815007
logit_plus_ru_business_climate,5,2023,KGS,242,raw_probability,0.1375186232781426,0.3884297520661157,0.25091112878797317,0.4789997817899552,0.48001923905225863
logit_plus_ru_business_climate,5,2023,KZT,242,raw_probability,0.09143040177684264,0.3677685950413223,0.2763381932644797,0.6078701599645331,0.47774898726679155
logit_plus_ru_business_climate,5,2023,TJS,242,raw_probability,0.13044312981689418,0.3884297520661157,0.2579866222492216,0.282153031725353,0.3645510632138516
logit_plus_ru_business_climate,5,2023,UZS,242,raw_probability,0.13072137949792467,0.3925619834710744,0.2618406039731497,0.06030545996691393,0.24576702249216062
logit_plus_ru_business_climate,5,2024,__ALL__,1215,raw_probability,0.24678327431517547,0.3333333333333333,0.10350252789813362,-0.6762389248676115,0.014793355404633945
logit_plus_ru_business_climate,5,2024,AMD,243,raw_probability,0.26182213255032727,0.3497942386831276,0.10597236525816982,-0.6056298512580406,0.013385708459580339
logit_plus_ru_business_climate,5,2024,KGS,243,raw_probability,0.25629815936966727,0.37037037037037035,0.1359938546460705,-0.7003074024037201,-0.1542708374517984
logit_plus_ru_business_climate,5,2024,KZT,243,raw_probability,0.2208513530434095,0.2674897119341564,0.09523314219293201,-1.2163671881570173,-0.15852261734445883
logit_plus_ru_business_climate,5,2024,TJS,243,raw_probability,0.2660184904356251,0.3497942386831276,0.12800355261359736,-0.7130341149549188,-0.08803725752775639
logit_plus_ru_business_climate,5,2024,UZS,243,raw_probability,0.2289262361768483,0.3292181069958848,0.16360993328657358,-0.7211566193083342,-0.007287304011648337
logit_plus_ru_business_climate,5,2025,__ALL__,1210,raw_probability,0.3349774185233237,0.22148760330578512,0.11348981521753859,-0.7713197831433105,0.7183369545605506
logit_plus_ru_business_climate,5,2025,AMD,242,raw_probability,0.3528550550663329,0.2190082644628099,0.13384679060352297,-0.8086602765320821,0.793792949063566
logit_plus_ru_business_climate,5,2025,KGS,242,raw_probability,0.32475982382190777,0.2024793388429752,0.12228048497893258,-0.6438680439187805,1.0545771660748005
logit_plus_ru_business_climate,5,2025,KZT,242,raw_probability,0.30867689509437146,0.19834710743801653,0.14095857233816067,-1.1786107530126808,0.25510672890551617
logit_plus_ru_business_climate,5,2025,TJS,242,raw_probability,0.37116894131883393,0.2892561983471074,0.11400912390958194,-0.5739787368111493,0.6113363041793693
logit_plus_ru_business_climate,5,2025,UZS,242,raw_probability,0.3174263773151724,0.19834710743801653,0.1444037851965578,-0.7871808569020843,0.8135008402022269
logit_plus_ru_external_balance,5,2023,__ALL__,1210,raw_probability,0.2887739173880469,0.3859504132231405,0.10130954779836156,-0.24238394673114866,0.2340169612086052
logit_plus_ru_external_balance,5,2023,AMD,242,raw_probability,0.330366501041552,0.3925619834710744,0.13965520470553366,-0.2945711137130899,0.1885700274734893
logit_plus_ru_external_balance,5,2023,KGS,242,raw_probability,0.2935596387366993,0.3884297520661157,0.12071822506603098,-0.12452645848914785,0.3607388596529194
logit_plus_ru_external_balance,5,2023,KZT,242,raw_probability,0.24905860515737424,0.3677685950413223,0.12886074566216135,-0.386915145593543,0.13336543675048568
logit_plus_ru_external_balance,5,2023,TJS,242,raw_probability,0.28251162795062446,0.3884297520661157,0.12931455852665072,-0.1516701043049778,0.3116219250484658
logit_plus_ru_external_balance,5,2023,UZS,242,raw_probability,0.28837321405398453,0.3925619834710744,0.10418876941708984,-0.23544548292313455,0.2122231398285729
logit_plus_ru_external_balance,5,2024,__ALL__,1215,raw_probability,0.1992397223007812,0.3333333333333333,0.1340936110325521,0.7698176864397466,1.039156074812966
logit_plus_ru_external_balance,5,2024,AMD,243,raw_probability,0.22354773810495304,0.3497942386831276,0.14652837639433083,1.6480721145060806,1.8229761075769146
logit_plus_ru_external_balance,5,2024,KGS,243,raw_probability,0.19870467207615905,0.37037037037037035,0.17953718543065741,0.8616402166794982,0.9856737093242158
logit_plus_ru_external_balance,5,2024,KZT,243,raw_probability,0.15840436957368445,0.2674897119341564,0.13654349082239198,-0.16594527990443433,0.4972201301175709
logit_plus_ru_external_balance,5,2024,TJS,243,raw_probability,0.22954201025027465,0.3497942386831276,0.12429297514949086,0.9875522515372102,1.319663291446565
logit_plus_ru_external_balance,5,2024,UZS,243,raw_probability,0.18599982149883493,0.3292181069958848,0.14957688869238706,0.2851159970250402,0.6668244339901882
logit_plus_ru_external_balance,5,2025,__ALL__,1210,raw_probability,0.28470864882438285,0.22148760330578512,0.08629929894132797,-0.7080353972561122,0.5871429152036372
logit_plus_ru_external_balance,5,2025,AMD,242,raw_probability,0.3015759090642204,0.2190082644628099,0.1210259520767913,-0.7545606633860771,0.6142487777171509
logit_plus_ru_external_balance,5,2025,KGS,242,raw_probability,0.27439308956394964,0.2024793388429752,0.08754831953326779,-0.5945155602381944,0.8097941570905839
logit_plus_ru_external_balance,5,2025,KZT,242,raw_probability,0.25016289860324564,0.19834710743801653,0.1012978871481943,-1.3701189086311878,0.02275158675519651
logit_plus_ru_external_balance,5,2025,TJS,242,raw_probability,0.32894255257966676,0.2892561983471074,0.08227746729778493,-0.5442141276161487,0.47915404955936763
logit_plus_ru_external_balance,5,2025,UZS,242,raw_probability,0.26846879431083176,0.19834710743801653,0.09361859716546668,-0.6460763801441589,0.7495548663839835
logit_plus_ru_reserves,5,2023,__ALL__,1210,raw_probability,0.18052573258553978,0.3859504132231405,0.2054246806376007,0.10079140878575031,0.338668490248379
logit_plus_ru_reserves,5,2023,AMD,242,raw_probability,0.20840542548245214,0.3925619834710744,0.1841565579886222,0.2554839048332735,0.4709656781232006
logit_plus_ru_reserves,5,2023,KGS,242,raw_probability,0.17497400097465712,0.3884297520661157,0.21345575109145853,-0.002644438925485087,0.26418521905007236
logit_plus_ru_reserves,5,2023,KZT,242,raw_probability,0.1684481058276707,0.3677685950413223,0.19932048921365164,-0.054742549474474766,0.27598510679188154
logit_plus_ru_reserves,5,2023,TJS,242,raw_probability,0.16898274200588437,0.3884297520661157,0.21944701006023137,0.026575134210896183,0.2763338617932755
logit_plus_ru_reserves,5,2023,UZS,242,raw_probability,0.1818183886370347,0.3925619834710744,0.2107435948340397,0.23281996936870983,0.40224465987536534
logit_plus_ru_reserves,5,2024,__ALL__,1215,raw_probability,0.28666273775849777,0.3333333333333333,0.07302957537689315,-0.20299560531360172,0.5267008886135246
logit_plus_ru_reserves,5,2024,AMD,243,raw_probability,0.30594922581098294,0.3497942386831276,0.09987857746727537,-0.028727335390752652,0.7108045520722178
logit_plus_ru_reserves,5,2024,KGS,243,raw_probability,0.2937814069573639,0.37037037037037035,0.1390888510471695,-0.42480139327155664,0.11746755931387305
logit_plus_ru_reserves,5,2024,KZT,243,raw_probability,0.2634796633147059,0.2674897119341564,0.052559310009798826,-0.48514226064243055,0.4986176201469127
logit_plus_ru_reserves,5,2024,TJS,243,raw_probability,0.298291576805245,0.3497942386831276,0.10336219039958938,-0.12589237009326182,0.56560187119909
logit_plus_ru_reserves,5,2024,UZS,243,raw_probability,0.27181181590419107,0.3292181069958848,0.11953445147722296,-0.2287815790835962,0.4801233172578571
logit_plus_ru_reserves,5,2025,__ALL__,1210,raw_probability,0.5545434174874179,0.22148760330578512,0.3330558141816327,-1.375503884238763,0.42914068611709183
logit_plus_ru_reserves,5,2025,AMD,242,raw_probability,0.5901754671164983,0.2190082644628099,0.3711672026536884,-1.462788783304114,0.44687835066958975
logit_plus_ru_reserves,5,2025,KGS,242,raw_probability,0.54681384459716,0.2024793388429752,0.3443345057541847,-1.5477683652802137,0.6712290716156254
logit_plus_ru_reserves,5,2025,KZT,242,raw_probability,0.5327012911412374,0.19834710743801653,0.33435418370322095,-1.4022334716170624,0.041472886386127866
logit_plus_ru_reserves,5,2025,TJS,242,raw_probability,0.5802614707337053,0.2892561983471074,0.2910052723865978,-1.076251321209632,0.4432204860148641
logit_plus_ru_reserves,5,2025,UZS,242,raw_probability,0.5227650138484881,0.19834710743801653,0.3244179064104715,-1.4427227163902707,0.37468191314202404
logit_plus_rub_official,5,2023,__ALL__,1210,raw_probability,0.15601081014019114,0.3859504132231405,0.23093073366817918,-0.3190871253665916,0.07760097994190063
logit_plus_rub_official,5,2023,AMD,242,raw_probability,0.1801050094628146,0.3925619834710744,0.2376778372590676,-0.3742363396439287,0.036251888490946224
logit_plus_rub_official,5,2023,KGS,242,raw_probability,0.1585696185360493,0.3884297520661157,0.22986013353006637,-0.07750713601675654,0.20617806753115167
logit_plus_rub_official,5,2023,KZT,242,raw_probability,0.13398574449156658,0.3677685950413223,0.2490812027241183,-0.7931725162981794,-0.1218107231020698
logit_plus_rub_official,5,2023,TJS,242,raw_probability,0.1499851862853035,0.3884297520661157,0.2384445657808122,-0.1596669792581902,0.154654882988569
logit_plus_rub_official,5,2023,UZS,242,raw_probability,0.15740849192522166,0.3925619834710744,0.2510142873313724,-0.2549011141950908,0.09801864771475995
logit_plus_rub_official,5,2024,__ALL__,1215,raw_probability,0.2747011448429351,0.3333333333333333,0.06621846554421464,0.7163846532051624,1.4540794007372657
logit_plus_rub_official,5,2024,AMD,243,raw_probability,0.29692654351843106,0.3497942386831276,0.0738754074963788,0.8287874482038038,1.6916230079338888
logit_plus_rub_official,5,2024,KGS,243,raw_probability,0.27419845433993245,0.37037037037037035,0.12535669160227184,0.4285270328002959,0.9744762217181459
logit_plus_rub_official,5,2024,KZT,243,raw_probability,0.25699829599880253,0.2674897119341564,0.06137999154554988,0.5205513305418847,1.4523844769127299
logit_plus_rub_official,5,2024,TJS,243,raw_probability,0.28231577197058955,0.3497942386831276,0.10019279770939571,0.9512022937797635,1.69113074429633
logit_plus_rub_official,5,2024,UZS,243,raw_probability,0.26306665838691995,0.3292181069958848,0.10512493400993053,0.8574794990567118,1.5267508789376636
logit_plus_rub_official,5,2025,__ALL__,1210,raw_probability,0.4109786315555985,0.22148760330578512,0.18949102824981334,-1.0465312478995197,0.6492585235899311
logit_plus_rub_official,5,2025,AMD,242,raw_probability,0.43598185554829666,0.2190082644628099,0.21760139817381427,-1.1257413069812128,0.7155234469042547
logit_plus_rub_official,5,2025,KGS,242,raw_probability,0.39907186863971633,0.2024793388429752,0.19659252979674116,-1.0659273847552568,0.8789952797680001
logit_plus_rub_official,5,2025,KZT,242,raw_probability,0.37894950600097876,0.19834710743801653,0.18060239856296234,-1.3374147409448751,0.11562418923456362
logit_plus_rub_official,5,2025,TJS,242,raw_probability,0.45365110487492494,0.2892561983471074,0.1643949065278175,-0.8089690702410738,0.556855164444588
logit_plus_rub_official,5,2025,UZS,242,raw_probability,0.3872388227140755,0.19834710743801653,0.2023770261631215,-1.0755491352194915,0.7532712111821899
logit_plus_slow_commodities,5,2023,__ALL__,1210,raw_probability,0.19078830676205624,0.3859504132231405,0.19516210646108428,-0.020502702583572167,0.2675447829273322
logit_plus_slow_commodities,5,2023,AMD,242,raw_probability,0.22453201144645618,0.3925619834710744,0.16802997202461825,0.2186412109751017,0.46490731881287134
logit_plus_slow_commodities,5,2023,KGS,242,raw_probability,0.20737457482677826,0.3884297520661157,0.18105517723933742,-0.20859210593919983,0.16033562710327395
logit_plus_slow_commodities,5,2023,KZT,242,raw_probability,0.13316678035700288,0.3677685950413223,0.2346018146843194,0.36137659636360847,0.43166085952428745
logit_plus_slow_commodities,5,2023,TJS,242,raw_probability,0.20075035470907615,0.3884297520661157,0.19868021286697807,-0.2248582692461805,0.14370299619847957
logit_plus_slow_commodities,5,2023,UZS,242,raw_probability,0.1881178124709677,0.3925619834710744,0.20765827934992728,-0.13229203066109116,0.18247114837937048
logit_plus_slow_commodities,5,2024,__ALL__,1215,raw_probability,0.476274635338006,0.3333333333333333,0.14294130200467264,-0.6621030127500697,0.3678468525412719
logit_plus_slow_commodities,5,2024,AMD,243,raw_probability,0.5175022036606916,0.3497942386831276,0.16796412722853546,-0.6933137520502215,0.6867650677084061
logit_plus_slow_commodities,5,2024,KGS,243,raw_probability,0.46205996544091776,0.37037037037037035,0.14725627103504202,-0.5156705185399628,0.09369728787547332
logit_plus_slow_commodities,5,2024,KZT,243,raw_probability,0.4218624938939695,0.2674897119341564,0.16712489263159472,-0.8889216973840056,0.3766438736967343
logit_plus_slow_commodities,5,2024,TJS,243,raw_probability,0.512120564714827,0.3497942386831276,0.17292068977737068,-0.6477343458984757,0.4021181779165147
logit_plus_slow_commodities,5,2024,UZS,243,raw_probability,0.4678279489796241,0.3292181069958848,0.1544299718867024,-0.6859909891872081,0.19568001219629133
logit_plus_slow_commodities,5,2025,__ALL__,1210,raw_probability,0.41511363310187616,0.22148760330578512,0.23333901619200093,-1.3086455854040273,-0.12704436932375662
logit_plus_slow_commodities,5,2025,AMD,242,raw_probability,0.4343606648233975,0.2190082644628099,0.24051023980205205,-1.3234804109939515,-0.16424735482479455
logit_plus_slow_commodities,5,2025,KGS,242,raw_probability,0.4107298343509453,0.2024793388429752,0.26549874227608966,-1.5564185989826125,-0.39973239383218245
logit_plus_slow_commodities,5,2025,KZT,242,raw_probability,0.3869344970052564,0.19834710743801653,0.2106732417656501,-1.4727261138847834,-0.13976005828479432
logit_plus_slow_commodities,5,2025,TJS,242,raw_probability,0.44658038563161007,0.2892561983471074,0.22262828757070532,-0.8535411841072668,0.21525607818661815
logit_plus_slow_commodities,5,2025,UZS,242,raw_probability,0.3969627836981714,0.19834710743801653,0.2767503688016643,-1.6923746421688803,-0.5162963499323989
hgb_base,5,2026,__ALL__,780,probability,0.22377660742558123,0.3423076923076923,0.11853108488211112,1.277557927159172,1.5515616746947547
hgb_base,5,2026,AMD,156,probability,0.22841078575374318,0.3333333333333333,0.12165594011758916,-0.1735863247254692,0.4259439780346791
hgb_base,5,2026,KGS,156,probability,0.2255425973034472,0.3076923076923077,0.0972002902376694,1.5120353000461084,1.8847921691925444
hgb_base,5,2026,KZT,156,probability,0.2142219162719941,0.36538461538461536,0.15116269911262128,-0.2045681418575526,0.26677162038429986
hgb_base,5,2026,TJS,156,probability,0.22670418722078958,0.32051282051282054,0.11998378694282397,1.7998767707410077,2.081503748811262
hgb_base,5,2026,UZS,156,probability,0.224003550577932,0.38461538461538464,0.1643876446038994,5.284339278962731,4.638753148947792
hgb_plus_cnyrub_basis,5,2026,__ALL__,780,probability,0.2571214807470822,0.3423076923076923,0.08518621156061014,0.30515934974289327,0.8334723421748264
hgb_plus_cnyrub_basis,5,2026,AMD,156,probability,0.26774321839857107,0.3333333333333333,0.07188775340217808,0.1814777684115232,0.8066775794554916
hgb_plus_cnyrub_basis,5,2026,KGS,156,probability,0.26408177433447044,0.3076923076923077,0.06675442268737827,0.20094345233224065,0.9462268336906335
hgb_plus_cnyrub_basis,5,2026,KZT,156,probability,0.22960298761070774,0.36538461538461536,0.13578162777390768,0.2516569638656905,0.604421323915706
hgb_plus_cnyrub_basis,5,2026,TJS,156,probability,0.262866236526009,0.32051282051282054,0.10840988987422841,0.19369262527998948,0.856663530756409
hgb_plus_cnyrub_basis,5,2026,UZS,156,probability,0.2613131868656526,0.38461538461538464,0.12330219774973204,0.6932760606234208,1.0204840959488701
logit_base,5,2026,__ALL__,780,probability,0.21388446449191473,0.3423076923076923,0.12842322781577756,0.4176282397839626,0.8174168723873086
logit_base,5,2026,AMD,156,probability,0.21839948445172366,0.3333333333333333,0.1381167981711755,1.0133190296208094,1.3350631694997297
logit_base,5,2026,KGS,156,probability,0.2207094981516765,0.3076923076923077,0.09073229360939056,1.1728783058863477,1.5735893776556158
logit_base,5,2026,KZT,156,probability,0.20391375034124426,0.36538461538461536,0.20377886750661345,-1.9594861210681631,-1.0110756026715726
logit_base,5,2026,TJS,156,probability,0.21083219783529858,0.32051282051282054,0.10968062267752192,1.7308313289252621,1.8827579475413132
logit_base,5,2026,UZS,156,probability,0.21556739167963074,0.38461538461538464,0.1690479929357539,2.2145676943080854,2.0745018954510552
logit_plus_kazakhstan_official,5,2026,__ALL__,780,probability,0.209944818133377,0.3423076923076923,0.1323628741743153,0.7231373738051167,1.0304919675285495
logit_plus_kazakhstan_official,5,2026,AMD,156,probability,0.21433793814908844,0.3333333333333333,0.14484541413728255,1.3532892551700622,1.5726116075283552
logit_plus_kazakhstan_official,5,2026,KGS,156,probability,0.21530548022053234,0.3076923076923077,0.12302400959398077,1.8988509969243341,2.1075516808908876
logit_plus_kazakhstan_official,5,2026,KZT,156,probability,0.20221417208025544,0.36538461538461536,0.1875250190707955,-1.434205059209808,-0.6194500747836942
logit_plus_kazakhstan_official,5,2026,TJS,156,probability,0.20614799005172316,0.32051282051282054,0.14365215512627844,2.075909818096945,2.1051035136919984
logit_plus_kazakhstan_official,5,2026,UZS,156,probability,0.21171851016528573,0.38461538461538464,0.1901938418927555,2.8486404852815492,2.523738686280477
hgb_base,5,2026,__ALL__,780,raw_probability,0.33441091614105495,0.3423076923076923,0.06036665434159053,-0.38490739349286107,0.3778860585813173
hgb_base,5,2026,AMD,156,raw_probability,0.35856690735966446,0.3333333333333333,0.1270237072651886,-0.6298361615925173,0.10347229399794883
hgb_base,5,2026,KGS,156,raw_probability,0.34328626170181337,0.3076923076923077,0.0922052394627717,-0.5080012822438922,0.45751100740578377
hgb_base,5,2026,KZT,156,raw_probability,0.2856864842410545,0.36538461538461536,0.12354417604368405,-0.5014317122881162,0.053628268582810265
hgb_base,5,2026,TJS,156,raw_probability,0.3497596330727719,0.32051282051282054,0.12084420621913729,-0.42989701803459973,0.5075789354101751
hgb_base,5,2026,UZS,156,raw_probability,0.33475529432997037,0.38461538461538464,0.0795975254039846,0.3162814661549678,1.1324956080495188
hgb_plus_cnyrub_basis,5,2026,__ALL__,780,raw_probability,0.3156469121007829,0.3423076923076923,0.050736530102987606,-0.0409888555568612,0.7208770464356257
hgb_plus_cnyrub_basis,5,2026,AMD,156,raw_probability,0.3290011212893349,0.3333333333333333,0.06857378601603736,-0.1534998126571608,0.6977382195397999
hgb_plus_cnyrub_basis,5,2026,KGS,156,raw_probability,0.3242110658286053,0.3076923076923077,0.03871441400363023,-0.19192797750328386,0.8184910918301401
hgb_plus_cnyrub_basis,5,2026,KZT,156,raw_probability,0.2825284898417518,0.36538461538461536,0.1019867063931694,0.0006981461825868734,0.5228269639361783
hgb_plus_cnyrub_basis,5,2026,TJS,156,raw_probability,0.3222935730403978,0.32051282051282054,0.08074220480682474,-0.16195086572877443,0.7408840448243096
hgb_plus_cnyrub_basis,5,2026,UZS,156,raw_probability,0.3202003105038248,0.38461538461538464,0.06444597162980326,0.2694637521835965,0.8825313826268867
logit_base,5,2026,__ALL__,780,raw_probability,0.3256134215192771,0.3423076923076923,0.04707943947904102,-0.32590037767013946,0.43863781092020826
logit_base,5,2026,AMD,156,raw_probability,0.3361022396730557,0.3333333333333333,0.08756987782203095,-0.2011454622734227,0.7151578499348594
logit_base,5,2026,KGS,156,raw_probability,0.34167329413369785,0.3076923076923077,0.07103142358069262,-0.25832819642775545,0.843545191168105
logit_base,5,2026,KZT,156,raw_probability,0.30273305067152423,0.36538461538461536,0.1844806824935793,-1.0397611018080568,-0.5418555771606097
logit_base,5,2026,TJS,156,raw_probability,0.3181313270322453,0.32051282051282054,0.07249687329029524,0.01885076671064257,1.010175899218308
logit_base,5,2026,UZS,156,raw_probability,0.32942719608586246,0.38461538461538464,0.07441809171809718,0.3258718683693127,1.1097571301506672
logit_plus_kazakhstan_official,5,2026,__ALL__,780,raw_probability,0.31908672047853676,0.3423076923076923,0.06938916215752663,-0.20182479215745344,0.5784736581136516
logit_plus_kazakhstan_official,5,2026,AMD,156,raw_probability,0.32870028786550354,0.3333333333333333,0.08109468654919691,-0.058355805359693286,0.8825861266285465
logit_plus_kazakhstan_official,5,2026,KGS,156,raw_probability,0.33103300785816575,0.3076923076923077,0.08210672943255126,0.006620112631072146,1.1822096713901957
logit_plus_kazakhstan_official,5,2026,KZT,156,raw_probability,0.3023627267010987,0.36538461538461536,0.18106165146935885,-0.8778578016577939,-0.3473336725608033
logit_plus_kazakhstan_official,5,2026,TJS,156,raw_probability,0.3104446334153857,0.32051282051282054,0.11212832436813272,0.18743813942422427,1.1828245119591188
logit_plus_kazakhstan_official,5,2026,UZS,156,raw_probability,0.32289294655252987,0.38461538461538464,0.08708356541238615,0.578846139228857,1.4106826541023283
