config_id,fold_test_year,signal_date,corridor,wait_cbr_rows,future_date,counterfactual_official_rate_change_while_waiting_bps,is_fast_slow_confirmation_pair
logit_plus_kazakhstan_official,2023,2023-01-10,KZT,1,2023-01-11,-80.7328566250376,False
logit_plus_kazakhstan_official,2023,2023-01-10,KZT,2,2023-01-12,-150.85510923649846,False
logit_plus_kazakhstan_official,2023,2023-01-10,KZT,3,2023-01-13,-335.7168748146444,False
logit_plus_kazakhstan_official,2023,2023-01-10,KZT,5,2023-01-17,-264.67196098461267,False
logit_plus_kazakhstan_official,2023,2023-01-14,KZT,1,2023-01-17,112.06034966662503,False
logit_plus_kazakhstan_official,2023,2023-01-14,KZT,2,2023-01-18,158.88336687613912,False
logit_plus_kazakhstan_official,2023,2023-01-14,KZT,3,2023-01-19,158.95182157966258,False
logit_plus_kazakhstan_official,2023,2023-01-14,KZT,5,2023-01-21,157.30890869511737,False
logit_plus_kazakhstan_official,2023,2023-01-20,KZT,1,2023-01-21,7.553888903877315,False
logit_plus_kazakhstan_official,2023,2023-01-20,KZT,2,2023-01-24,6.946879974101261,False
logit_plus_kazakhstan_official,2023,2023-01-20,KZT,3,2023-01-25,36.08330860333852,False
logit_plus_kazakhstan_official,2023,2023-01-20,KZT,5,2023-01-27,104.33809048479681,False
logit_plus_kazakhstan_official,2023,2023-01-26,KZT,1,2023-01-27,34.69594164651646,False
logit_plus_kazakhstan_official,2023,2023-01-26,KZT,2,2023-01-28,66.17681534123233,False
logit_plus_kazakhstan_official,2023,2023-01-26,KZT,3,2023-01-31,123.9140773089864,False
logit_plus_kazakhstan_official,2023,2023-01-26,KZT,5,2023-02-02,199.13327126465762,False
logit_plus_kazakhstan_official,2023,2023-02-01,KZT,1,2023-02-02,-68.80808739605393,False
logit_plus_kazakhstan_official,2023,2023-02-01,KZT,2,2023-02-03,-87.98304255665967,False
logit_plus_kazakhstan_official,2023,2023-02-01,KZT,3,2023-02-04,-18.783629545082725,False
logit_plus_kazakhstan_official,2023,2023-02-01,KZT,5,2023-02-08,101.94032284363442,False
logit_plus_kazakhstan_official,2023,2023-02-07,KZT,1,2023-02-08,63.21671052204047,False
logit_plus_kazakhstan_official,2023,2023-02-07,KZT,2,2023-02-09,176.3310918364036,False
logit_plus_kazakhstan_official,2023,2023-02-07,KZT,3,2023-02-10,394.04866322320765,False
logit_plus_kazakhstan_official,2023,2023-02-07,KZT,5,2023-02-14,612.1560601630782,False
logit_plus_kazakhstan_official,2023,2023-02-14,AMD,1,2023-02-15,46.79635277910377,False
logit_plus_kazakhstan_official,2023,2023-02-14,AMD,2,2023-02-16,108.86986540018073,False
logit_plus_kazakhstan_official,2023,2023-02-14,AMD,3,2023-02-17,184.0763750783947,False
logit_plus_kazakhstan_official,2023,2023-02-14,AMD,5,2023-02-21,115.99920665976926,False
logit_plus_kazakhstan_official,2023,2023-02-21,AMD,1,2023-02-22,127.54547814982197,False
logit_plus_kazakhstan_official,2023,2023-02-21,AMD,2,2023-02-23,138.1963469109837,False
logit_plus_kazakhstan_official,2023,2023-02-21,AMD,3,2023-02-28,273.74322398088236,False
logit_plus_kazakhstan_official,2023,2023-02-21,AMD,5,2023-03-02,250.4278893793366,False
logit_plus_kazakhstan_official,2023,2023-03-01,KZT,1,2023-03-02,122.64015160601494,False
logit_plus_kazakhstan_official,2023,2023-03-01,KZT,2,2023-03-03,237.66401995825913,False
logit_plus_kazakhstan_official,2023,2023-03-01,KZT,3,2023-03-04,386.6313239139285,False
logit_plus_kazakhstan_official,2023,2023-03-01,KZT,5,2023-03-08,455.05793172931465,False
logit_plus_kazakhstan_official,2023,2023-03-07,KZT,1,2023-03-08,-42.38111013377011,False
logit_plus_kazakhstan_official,2023,2023-03-07,KZT,2,2023-03-10,-114.74885479614838,False
logit_plus_kazakhstan_official,2023,2023-03-07,KZT,3,2023-03-11,-167.01127497458336,False
logit_plus_kazakhstan_official,2023,2023-03-07,KZT,5,2023-03-15,-595.1632986440336,False
logit_plus_kazakhstan_official,2023,2023-03-14,KZT,1,2023-03-15,-268.5547452157777,False
logit_plus_kazakhstan_official,2023,2023-03-14,KZT,2,2023-03-16,-230.37552747603328,False
logit_plus_kazakhstan_official,2023,2023-03-14,KZT,3,2023-03-17,-284.0391957541877,False
logit_plus_kazakhstan_official,2023,2023-03-14,KZT,5,2023-03-21,-92.90670323045758,False
logit_plus_kazakhstan_official,2023,2023-03-18,KZT,1,2023-03-21,200.56713765866928,False
logit_plus_kazakhstan_official,2023,2023-03-18,KZT,2,2023-03-22,112.63645989265657,False
logit_plus_kazakhstan_official,2023,2023-03-18,KZT,3,2023-03-23,128.2753416821847,False
logit_plus_kazakhstan_official,2023,2023-03-18,KZT,5,2023-03-25,61.39934523592183,False
logit_plus_kazakhstan_official,2023,2023-03-24,KZT,1,2023-03-25,18.480592348428804,False
logit_plus_kazakhstan_official,2023,2023-03-24,KZT,2,2023-03-28,145.23927822683413,False
logit_plus_kazakhstan_official,2023,2023-03-24,KZT,3,2023-03-29,113.97375149965639,False
logit_plus_kazakhstan_official,2023,2023-03-24,KZT,5,2023-03-31,416.873689695707,False
logit_plus_kazakhstan_official,2023,2023-03-30,KZT,1,2023-03-31,161.65926836620548,False
logit_plus_kazakhstan_official,2023,2023-03-30,KZT,2,2023-04-01,200.6111725173332,False
logit_plus_kazakhstan_official,2023,2023-03-30,KZT,3,2023-04-04,200.13831176891372,False
logit_plus_kazakhstan_official,2023,2023-03-30,KZT,5,2023-04-06,456.0150842578747,False
logit_plus_kazakhstan_official,2023,2023-04-18,KZT,1,2023-04-19,37.949198819602344,False
logit_plus_kazakhstan_official,2023,2023-04-18,KZT,2,2023-04-20,-13.348410049919268,False
logit_plus_kazakhstan_official,2023,2023-04-18,KZT,3,2023-04-21,-107.06307399542148,False
logit_plus_kazakhstan_official,2023,2023-04-18,KZT,5,2023-04-25,-204.96980060123127,False
logit_plus_kazakhstan_official,2023,2023-04-22,KZT,1,2023-04-25,-70.67651515575201,False
logit_plus_kazakhstan_official,2023,2023-04-22,KZT,2,2023-04-26,-7.772180068551515,False
logit_plus_kazakhstan_official,2023,2023-04-22,KZT,3,2023-04-27,30.30591077089806,False
logit_plus_kazakhstan_official,2023,2023-04-22,KZT,5,2023-04-29,-132.46255095251234,False
logit_plus_kazakhstan_official,2023,2023-04-28,KZT,1,2023-04-29,-178.2096662882082,False
logit_plus_kazakhstan_official,2023,2023-04-28,KZT,2,2023-05-03,-184.4431087067844,False
logit_plus_kazakhstan_official,2023,2023-04-28,KZT,3,2023-05-04,-172.75540417195367,False
logit_plus_kazakhstan_official,2023,2023-04-28,KZT,5,2023-05-06,-398.3837574300408,False
logit_plus_kazakhstan_official,2023,2023-05-05,KZT,1,2023-05-06,-288.93729841092954,False
logit_plus_kazakhstan_official,2023,2023-05-05,KZT,2,2023-05-11,-304.86740857073704,False
logit_plus_kazakhstan_official,2023,2023-05-05,KZT,3,2023-05-12,-382.8292551125523,False
logit_plus_kazakhstan_official,2023,2023-05-05,KZT,5,2023-05-16,-16.43672143697539,False
logit_plus_kazakhstan_official,2023,2023-05-23,KZT,1,2023-05-24,100.49969435081962,False
logit_plus_kazakhstan_official,2023,2023-05-23,KZT,2,2023-05-25,152.4320140879043,False
logit_plus_kazakhstan_official,2023,2023-05-23,KZT,3,2023-05-26,92.92856782327164,False
logit_plus_kazakhstan_official,2023,2023-05-23,KZT,5,2023-05-30,73.86054545760467,False
logit_plus_kazakhstan_official,2023,2023-05-27,KZT,1,2023-05-30,32.898227740634226,False
logit_plus_kazakhstan_official,2023,2023-05-27,KZT,2,2023-05-31,140.02692180945962,False
logit_plus_kazakhstan_official,2023,2023-05-27,KZT,3,2023-06-01,118.74640437451455,False
logit_plus_kazakhstan_official,2023,2023-05-27,KZT,5,2023-06-03,66.96939738713326,False
logit_plus_kazakhstan_official,2023,2023-06-02,KZT,1,2023-06-03,-24.297772242977132,False
logit_plus_kazakhstan_official,2023,2023-06-02,KZT,2,2023-06-06,50.03459250034537,False
logit_plus_kazakhstan_official,2023,2023-06-02,KZT,3,2023-06-07,22.139200221391597,False
logit_plus_kazakhstan_official,2023,2023-06-02,KZT,5,2023-06-09,172.7964577279639,False
logit_plus_kazakhstan_official,2023,2023-06-08,KZT,1,2023-06-09,101.84452358967589,False
logit_plus_kazakhstan_official,2023,2023-06-08,KZT,2,2023-06-10,210.5043310029453,False
logit_plus_kazakhstan_official,2023,2023-06-08,KZT,3,2023-06-14,276.84342435035035,False
logit_plus_kazakhstan_official,2023,2023-06-08,KZT,5,2023-06-16,251.17618607923387,False
logit_plus_kazakhstan_official,2023,2023-06-15,KZT,1,2023-06-16,-77.19522251482869,False
logit_plus_kazakhstan_official,2023,2023-06-15,KZT,2,2023-06-17,-150.29393770116695,False
logit_plus_kazakhstan_official,2023,2023-06-15,KZT,3,2023-06-20,-92.46402255739028,False
logit_plus_kazakhstan_official,2023,2023-06-15,KZT,5,2023-06-22,-2.128055755059588,False
logit_plus_kazakhstan_official,2023,2023-06-21,KZT,1,2023-06-22,-24.100350888367483,False
logit_plus_kazakhstan_official,2023,2023-06-21,KZT,2,2023-06-23,-79.83904787688512,False
logit_plus_kazakhstan_official,2023,2023-06-21,KZT,3,2023-06-24,-28.82486901406134,False
logit_plus_kazakhstan_official,2023,2023-06-21,KZT,5,2023-06-28,31.69143057347279,False
logit_plus_kazakhstan_official,2023,2023-06-27,KZT,1,2023-06-28,-21.543530604485326,False
logit_plus_kazakhstan_official,2023,2023-06-27,KZT,2,2023-06-29,38.49322012419165,False
logit_plus_kazakhstan_official,2023,2023-06-27,KZT,3,2023-06-30,204.39952688717122,False
logit_plus_kazakhstan_official,2023,2023-06-27,KZT,5,2023-07-04,497.03248426477444,False
logit_plus_kazakhstan_official,2023,2023-07-01,KZT,1,2023-07-04,214.41343308122418,False
logit_plus_kazakhstan_official,2023,2023-07-01,KZT,2,2023-07-05,266.9249424531417,False
logit_plus_kazakhstan_official,2023,2023-07-01,KZT,3,2023-07-06,388.9037323248945,False
logit_plus_kazakhstan_official,2023,2023-07-01,KZT,5,2023-07-08,614.2613449523204,False
logit_plus_kazakhstan_official,2023,2023-07-11,KZT,1,2023-07-12,-131.41554283496615,False
logit_plus_kazakhstan_official,2023,2023-07-11,KZT,2,2023-07-13,-33.56941884156362,False
logit_plus_kazakhstan_official,2023,2023-07-11,KZT,3,2023-07-14,-70.38905598137136,False
logit_plus_kazakhstan_official,2023,2023-07-11,KZT,5,2023-07-18,-175.56029882603963,False
logit_plus_kazakhstan_official,2023,2023-07-15,KZT,1,2023-07-18,-35.62203252232554,False
logit_plus_kazakhstan_official,2023,2023-07-15,KZT,2,2023-07-19,-2.8536987379768064,False
logit_plus_kazakhstan_official,2023,2023-07-15,KZT,3,2023-07-20,103.37277669807409,False
logit_plus_kazakhstan_official,2023,2023-07-15,KZT,5,2023-07-22,16.187360082657865,False
logit_plus_kazakhstan_official,2023,2023-07-21,AMD,1,2023-07-22,-56.633134635498685,False
logit_plus_kazakhstan_official,2023,2023-07-21,AMD,2,2023-07-25,-60.842354101650066,False
logit_plus_kazakhstan_official,2023,2023-07-21,AMD,3,2023-07-26,-95.19638772438554,False
logit_plus_kazakhstan_official,2023,2023-07-21,AMD,5,2023-07-28,-93.36814088555245,False
logit_plus_kazakhstan_official,2023,2023-07-27,AMD,1,2023-07-28,-1.6306213525574265,False
logit_plus_kazakhstan_official,2023,2023-07-27,AMD,2,2023-07-29,108.17885341572352,False
logit_plus_kazakhstan_official,2023,2023-07-27,AMD,3,2023-08-01,178.5101270168221,False
logit_plus_kazakhstan_official,2023,2023-07-27,AMD,5,2023-08-03,298.06041881222046,False
logit_plus_kazakhstan_official,2023,2023-08-02,AMD,1,2023-08-03,98.29581317063018,False
logit_plus_kazakhstan_official,2023,2023-08-02,AMD,2,2023-08-04,218.30422890805724,False
logit_plus_kazakhstan_official,2023,2023-08-02,AMD,3,2023-08-05,328.5083105407116,False
logit_plus_kazakhstan_official,2023,2023-08-02,AMD,5,2023-08-09,460.9299389859034,False
logit_plus_kazakhstan_official,2023,2023-08-08,AMD,1,2023-08-09,-60.41221038322276,False
logit_plus_kazakhstan_official,2023,2023-08-08,AMD,2,2023-08-10,86.8000719668971,False
logit_plus_kazakhstan_official,2023,2023-08-08,AMD,3,2023-08-11,74.84557103732526,False
logit_plus_kazakhstan_official,2023,2023-08-08,AMD,5,2023-08-15,449.11340783239996,False
logit_plus_kazakhstan_official,2023,2023-08-12,AMD,1,2023-08-15,272.26526112231306,False
logit_plus_kazakhstan_official,2023,2023-08-12,AMD,2,2023-08-16,-96.84735143718592,False
logit_plus_kazakhstan_official,2023,2023-08-12,AMD,3,2023-08-17,-152.18869511557597,False
logit_plus_kazakhstan_official,2023,2023-08-12,AMD,5,2023-08-19,-492.137048435467,False
logit_plus_kazakhstan_official,2023,2023-08-19,KZT,1,2023-08-22,111.27916491036727,False
logit_plus_kazakhstan_official,2023,2023-08-19,KZT,2,2023-08-23,318.11757704991226,False
logit_plus_kazakhstan_official,2023,2023-08-19,KZT,3,2023-08-24,335.5731323299693,False
logit_plus_kazakhstan_official,2023,2023-08-19,KZT,5,2023-08-26,165.18310976668005,False
logit_plus_kazakhstan_official,2023,2023-08-30,KZT,1,2023-08-31,79.80876926731995,False
logit_plus_kazakhstan_official,2023,2023-08-30,KZT,2,2023-09-01,122.47688406394452,False
logit_plus_kazakhstan_official,2023,2023-08-30,KZT,3,2023-09-02,161.70245778038384,False
logit_plus_kazakhstan_official,2023,2023-08-30,KZT,5,2023-09-06,291.7917214159993,False
logit_plus_kazakhstan_official,2023,2023-09-05,AMD,1,2023-09-06,94.51101430641984,False
logit_plus_kazakhstan_official,2023,2023-09-05,AMD,2,2023-09-07,125.61539966539969,False
logit_plus_kazakhstan_official,2023,2023-09-05,AMD,3,2023-09-08,162.07021844941494,False
logit_plus_kazakhstan_official,2023,2023-09-05,AMD,5,2023-09-12,-12.577511409598285,False
logit_plus_kazakhstan_official,2023,2023-09-09,AMD,1,2023-09-12,-144.56207816359924,False
logit_plus_kazakhstan_official,2023,2023-09-09,AMD,2,2023-09-13,-328.8797128458909,False
logit_plus_kazakhstan_official,2023,2023-09-09,AMD,3,2023-09-14,-208.7462224341119,False
logit_plus_kazakhstan_official,2023,2023-09-09,AMD,5,2023-09-16,-145.03488953944154,False
logit_plus_kazakhstan_official,2023,2023-09-15,AMD,1,2023-09-16,41.10864887432841,False
logit_plus_kazakhstan_official,2023,2023-09-15,AMD,2,2023-09-19,56.56453736711864,False
logit_plus_kazakhstan_official,2023,2023-09-15,AMD,3,2023-09-20,3.9342261618013907,False
logit_plus_kazakhstan_official,2023,2023-09-15,AMD,5,2023-09-22,-16.820824099945675,False
logit_plus_kazakhstan_official,2023,2023-09-21,KZT,1,2023-09-22,-93.19982823906004,False
logit_plus_kazakhstan_official,2023,2023-09-21,KZT,2,2023-09-23,-153.70652301206266,False
logit_plus_kazakhstan_official,2023,2023-09-21,KZT,3,2023-09-26,-128.3815435062652,False
logit_plus_kazakhstan_official,2023,2023-09-21,KZT,5,2023-09-28,-126.03934886989077,False
logit_plus_kazakhstan_official,2023,2023-09-27,KZT,1,2023-09-28,-33.93386589966574,False
logit_plus_kazakhstan_official,2023,2023-09-27,KZT,2,2023-09-29,-104.11638971247305,False
logit_plus_kazakhstan_official,2023,2023-09-27,KZT,3,2023-09-30,46.19733848169272,False
logit_plus_kazakhstan_official,2023,2023-09-27,KZT,5,2023-10-04,220.59475379478278,False
logit_plus_kazakhstan_official,2023,2023-10-03,UZS,1,2023-10-04,59.4421242894283,False
logit_plus_kazakhstan_official,2023,2023-10-03,UZS,2,2023-10-05,65.36408301127227,False
logit_plus_kazakhstan_official,2023,2023-10-03,UZS,3,2023-10-06,94.38044443125682,False
logit_plus_kazakhstan_official,2023,2023-10-03,UZS,5,2023-10-10,280.13708283571634,False
logit_plus_kazakhstan_official,2023,2023-10-07,KGS,1,2023-10-10,86.45023138930785,False
logit_plus_kazakhstan_official,2023,2023-10-07,KGS,2,2023-10-11,-55.391857573908744,False
logit_plus_kazakhstan_official,2023,2023-10-07,KGS,3,2023-10-12,-50.79061700866361,False
logit_plus_kazakhstan_official,2023,2023-10-07,KGS,5,2023-10-14,-343.94273225204387,False
logit_plus_kazakhstan_official,2023,2023-10-13,KZT,1,2023-10-14,53.333464414044855,False
logit_plus_kazakhstan_official,2023,2023-10-13,KZT,2,2023-10-17,25.855670305794387,False
logit_plus_kazakhstan_official,2023,2023-10-13,KZT,3,2023-10-18,39.127592325878254,False
logit_plus_kazakhstan_official,2023,2023-10-13,KZT,5,2023-10-20,6.832582077007654,False
logit_plus_kazakhstan_official,2023,2023-10-19,KZT,1,2023-10-20,-24.89171125614864,False
logit_plus_kazakhstan_official,2023,2023-10-19,KZT,2,2023-10-21,-197.5167088061769,False
logit_plus_kazakhstan_official,2023,2023-10-19,KZT,3,2023-10-24,-313.0083691029173,False
logit_plus_kazakhstan_official,2023,2023-10-19,KZT,5,2023-10-26,-408.26326414613476,False
logit_plus_kazakhstan_official,2023,2023-10-25,KZT,1,2023-10-26,21.142731354208966,False
logit_plus_kazakhstan_official,2023,2023-10-25,KZT,2,2023-10-27,65.37353011943247,False
logit_plus_kazakhstan_official,2023,2023-10-25,KZT,3,2023-10-28,19.504553622164966,False
logit_plus_kazakhstan_official,2023,2023-10-25,KZT,5,2023-11-01,-16.484163428707177,False
logit_plus_kazakhstan_official,2023,2023-10-31,KZT,1,2023-11-01,-163.7715369406445,False
logit_plus_kazakhstan_official,2023,2023-10-31,KZT,2,2023-11-02,17.35060323609039,False
logit_plus_kazakhstan_official,2023,2023-10-31,KZT,3,2023-11-03,-3.1271436065050118,False
logit_plus_kazakhstan_official,2023,2023-10-31,KZT,5,2023-11-08,79.18734616471079,False
logit_plus_kazakhstan_official,2023,2023-11-04,KZT,1,2023-11-08,55.147983777636966,False
logit_plus_kazakhstan_official,2023,2023-11-04,KZT,2,2023-11-09,-12.428423351347195,False
logit_plus_kazakhstan_official,2023,2023-11-04,KZT,3,2023-11-10,-90.77277621793556,False
logit_plus_kazakhstan_official,2023,2023-11-04,KZT,5,2023-11-14,-93.69119141784621,False
logit_plus_kazakhstan_official,2023,2023-11-11,KZT,1,2023-11-14,10.21990593618849,False
logit_plus_kazakhstan_official,2023,2023-11-11,KZT,2,2023-11-15,-40.57455192576498,False
logit_plus_kazakhstan_official,2023,2023-11-11,KZT,3,2023-11-16,-189.9072073217234,False
logit_plus_kazakhstan_official,2023,2023-11-11,KZT,5,2023-11-18,-181.92449472479998,False
logit_plus_kazakhstan_official,2023,2023-11-17,KZT,1,2023-11-18,19.51006895979157,False
logit_plus_kazakhstan_official,2023,2023-11-17,KZT,2,2023-11-21,-77.78083343278675,False
logit_plus_kazakhstan_official,2023,2023-11-17,KZT,3,2023-11-22,-143.00465439677112,False
logit_plus_kazakhstan_official,2023,2023-11-17,KZT,5,2023-11-24,9.080484223307206,False
logit_plus_kazakhstan_official,2023,2023-11-23,TJS,1,2023-11-24,-6.657566336564225,False
logit_plus_kazakhstan_official,2023,2023-11-23,TJS,2,2023-11-25,70.42612150803818,False
logit_plus_kazakhstan_official,2023,2023-11-23,TJS,3,2023-11-28,58.651172091879204,False
logit_plus_kazakhstan_official,2023,2023-11-23,TJS,5,2023-11-30,80.84720015799185,False
logit_plus_kazakhstan_official,2023,2023-11-29,KZT,1,2023-11-30,38.103631509369684,False
logit_plus_kazakhstan_official,2023,2023-11-29,KZT,2,2023-12-01,3.5770756110831137,False
logit_plus_kazakhstan_official,2023,2023-11-29,KZT,3,2023-12-02,159.41315223307885,False
logit_plus_kazakhstan_official,2023,2023-11-29,KZT,5,2023-12-06,291.50574146556306,False
logit_plus_kazakhstan_official,2023,2023-12-05,KZT,1,2023-12-06,74.44773180547148,False
logit_plus_kazakhstan_official,2023,2023-12-05,KZT,2,2023-12-07,212.68605589416012,False
logit_plus_kazakhstan_official,2023,2023-12-05,KZT,3,2023-12-08,224.05367138456535,False
logit_plus_kazakhstan_official,2023,2023-12-05,KZT,5,2023-12-12,90.07820310477976,False
logit_plus_kazakhstan_official,2023,2023-12-09,KZT,1,2023-12-12,-21.63035677542058,False
logit_plus_kazakhstan_official,2023,2023-12-09,KZT,2,2023-12-13,-124.9642421596231,False
logit_plus_kazakhstan_official,2023,2023-12-09,KZT,3,2023-12-14,-117.88795374817363,False
logit_plus_kazakhstan_official,2023,2023-12-09,KZT,5,2023-12-16,-120.1463436667205,False
logit_plus_kazakhstan_official,2023,2023-12-15,KZT,1,2023-12-16,3.8112080004881754,False
logit_plus_kazakhstan_official,2023,2023-12-15,KZT,2,2023-12-19,44.159196698985156,False
logit_plus_kazakhstan_official,2023,2023-12-15,KZT,3,2023-12-20,7.571599894302672,False
logit_plus_kazakhstan_official,2023,2023-12-15,KZT,5,2023-12-22,215.61274061426604,False
logit_plus_kazakhstan_official,2023,2023-12-21,KZT,1,2023-12-22,184.35397584501746,False
logit_plus_kazakhstan_official,2023,2023-12-21,KZT,2,2023-12-23,192.10504985004428,False
logit_plus_kazakhstan_official,2023,2023-12-21,KZT,3,2023-12-26,135.51714355191535,False
logit_plus_kazakhstan_official,2023,2023-12-21,KZT,5,2023-12-28,183.34076355677854,False
logit_plus_kazakhstan_official,2024,2024-01-10,TJS,1,2024-01-11,-105.95043846995056,False
logit_plus_kazakhstan_official,2024,2024-01-10,TJS,2,2024-01-12,-174.76973357222758,False
logit_plus_kazakhstan_official,2024,2024-01-10,TJS,3,2024-01-13,-244.32849969815206,False
logit_plus_kazakhstan_official,2024,2024-01-10,TJS,5,2024-01-17,-297.7522505376329,False
logit_plus_kazakhstan_official,2024,2024-01-16,AMD,1,2024-01-17,-6.520985084981223,False
logit_plus_kazakhstan_official,2024,2024-01-16,AMD,2,2024-01-18,77.1881142328601,False
logit_plus_kazakhstan_official,2024,2024-01-16,AMD,3,2024-01-19,118.2101977107175,False
logit_plus_kazakhstan_official,2024,2024-01-16,AMD,5,2024-01-23,42.08579026476977,False
logit_plus_kazakhstan_official,2024,2024-01-20,AMD,1,2024-01-23,-63.06260954725862,False
logit_plus_kazakhstan_official,2024,2024-01-20,AMD,2,2024-01-24,-68.23392658560468,False
logit_plus_kazakhstan_official,2024,2024-01-20,AMD,3,2024-01-25,-18.351310905987404,False
logit_plus_kazakhstan_official,2024,2024-01-20,AMD,5,2024-01-27,149.87666637682918,False
logit_plus_kazakhstan_official,2024,2024-01-26,AMD,1,2024-01-27,111.97636459796101,False
logit_plus_kazakhstan_official,2024,2024-01-26,AMD,2,2024-01-30,117.49311545966812,False
logit_plus_kazakhstan_official,2024,2024-01-26,AMD,3,2024-01-31,77.59925592252914,False
logit_plus_kazakhstan_official,2024,2024-01-26,AMD,5,2024-02-02,185.83699596957936,False
logit_plus_kazakhstan_official,2024,2024-02-01,AMD,1,2024-02-02,58.21308781487122,False
logit_plus_kazakhstan_official,2024,2024-02-01,AMD,2,2024-02-03,103.41489768813439,False
logit_plus_kazakhstan_official,2024,2024-02-01,AMD,3,2024-02-06,167.39076604461724,False
logit_plus_kazakhstan_official,2024,2024-02-01,AMD,5,2024-02-08,151.3630326632609,False
logit_plus_kazakhstan_official,2024,2024-02-07,AMD,1,2024-02-08,50.99561812127451,False
logit_plus_kazakhstan_official,2024,2024-02-07,AMD,2,2024-02-09,57.325493797166786,False
logit_plus_kazakhstan_official,2024,2024-02-07,AMD,3,2024-02-10,15.022310582928355,False
logit_plus_kazakhstan_official,2024,2024-02-07,AMD,5,2024-02-14,57.72668310056961,False
logit_plus_kazakhstan_official,2024,2024-02-13,AMD,1,2024-02-14,21.67540197210549,False
logit_plus_kazakhstan_official,2024,2024-02-13,AMD,2,2024-02-15,62.938615972283344,False
logit_plus_kazakhstan_official,2024,2024-02-13,AMD,3,2024-02-16,89.10011548369789,False
logit_plus_kazakhstan_official,2024,2024-02-13,AMD,5,2024-02-20,150.52856000710602,False
logit_plus_kazakhstan_official,2024,2024-02-17,AMD,1,2024-02-20,-13.76483543374496,False
logit_plus_kazakhstan_official,2024,2024-02-17,AMD,2,2024-02-21,-22.853996609043527,False
logit_plus_kazakhstan_official,2024,2024-02-17,AMD,3,2024-02-22,-9.96311898061486,False
logit_plus_kazakhstan_official,2024,2024-02-17,AMD,5,2024-02-27,8.9580675045009,False
logit_plus_kazakhstan_official,2024,2024-02-23,AMD,1,2024-02-27,-14.430203156334809,False
logit_plus_kazakhstan_official,2024,2024-02-23,AMD,2,2024-02-28,-77.73127561252147,False
logit_plus_kazakhstan_official,2024,2024-02-23,AMD,3,2024-02-29,-94.21048042549506,False
logit_plus_kazakhstan_official,2024,2024-02-23,AMD,5,2024-03-02,-143.69169064434527,False
logit_plus_kazakhstan_official,2024,2024-03-01,AMD,1,2024-03-02,58.54925968109326,False
logit_plus_kazakhstan_official,2024,2024-03-01,AMD,2,2024-03-05,56.76964692483022,False
logit_plus_kazakhstan_official,2024,2024-03-01,AMD,3,2024-03-06,38.26167425968086,False
logit_plus_kazakhstan_official,2024,2024-03-01,AMD,5,2024-03-08,0.8898063781326293,False
logit_plus_kazakhstan_official,2024,2024-03-07,UZS,1,2024-03-08,57.63948491902981,False
logit_plus_kazakhstan_official,2024,2024-03-07,UZS,2,2024-03-12,50.11043985984509,False
logit_plus_kazakhstan_official,2024,2024-03-07,UZS,3,2024-03-13,70.58999704661728,False
logit_plus_kazakhstan_official,2024,2024-03-07,UZS,5,2024-03-15,127.43914021910552,False
logit_plus_kazakhstan_official,2024,2024-03-14,UZS,1,2024-03-15,0.35598297853711713,False
logit_plus_kazakhstan_official,2024,2024-03-14,UZS,2,2024-03-16,9.159715870816765,False
logit_plus_kazakhstan_official,2024,2024-03-14,UZS,3,2024-03-19,19.07247265777068,False
logit_plus_kazakhstan_official,2024,2024-03-14,UZS,5,2024-03-21,102.20818979917112,False
logit_plus_kazakhstan_official,2024,2024-03-20,KZT,1,2024-03-21,10.425699837279812,False
logit_plus_kazakhstan_official,2024,2024-03-20,KZT,2,2024-03-22,-73.27220820220082,False
logit_plus_kazakhstan_official,2024,2024-03-20,KZT,3,2024-03-23,-1.8025742709326664,False
logit_plus_kazakhstan_official,2024,2024-03-20,KZT,5,2024-03-27,-5.846186824643995,False
logit_plus_kazakhstan_official,2024,2024-03-26,KZT,1,2024-03-27,-21.7424083973361,False
logit_plus_kazakhstan_official,2024,2024-03-26,KZT,2,2024-03-28,6.7610621190827835,False
logit_plus_kazakhstan_official,2024,2024-03-26,KZT,3,2024-03-29,-17.94843109310218,False
logit_plus_kazakhstan_official,2024,2024-03-26,KZT,5,2024-04-02,47.71656071093311,False
logit_plus_kazakhstan_official,2024,2024-03-30,KZT,1,2024-04-02,22.561315834161988,False
logit_plus_kazakhstan_official,2024,2024-03-30,KZT,2,2024-04-03,52.93418403240935,False
logit_plus_kazakhstan_official,2024,2024-03-30,KZT,3,2024-04-04,16.350889109919553,False
logit_plus_kazakhstan_official,2024,2024-03-30,KZT,5,2024-04-06,42.5511268528167,False
logit_plus_kazakhstan_official,2024,2024-04-05,KZT,1,2024-04-06,21.303173204481052,False
logit_plus_kazakhstan_official,2024,2024-04-05,KZT,2,2024-04-09,32.72942065052131,False
logit_plus_kazakhstan_official,2024,2024-04-05,KZT,3,2024-04-10,69.38056182277607,False
logit_plus_kazakhstan_official,2024,2024-04-05,KZT,5,2024-04-12,147.71813965198444,False
logit_plus_kazakhstan_official,2024,2024-04-11,KZT,1,2024-04-12,30.916931087787702,False
logit_plus_kazakhstan_official,2024,2024-04-11,KZT,2,2024-04-13,-26.896772865846465,False
logit_plus_kazakhstan_official,2024,2024-04-11,KZT,3,2024-04-16,0.4307312380658068,False
logit_plus_kazakhstan_official,2024,2024-04-11,KZT,5,2024-04-18,58.29229421815185,False
logit_plus_kazakhstan_official,2024,2024-04-17,UZS,1,2024-04-18,12.913622661254731,False
logit_plus_kazakhstan_official,2024,2024-04-17,UZS,2,2024-04-19,-29.90310747497005,False
logit_plus_kazakhstan_official,2024,2024-04-17,UZS,3,2024-04-20,-100.51102971343818,False
logit_plus_kazakhstan_official,2024,2024-04-17,UZS,5,2024-04-24,-127.19918321336566,False
logit_plus_kazakhstan_official,2024,2024-04-23,KZT,1,2024-04-24,22.886582142718215,False
logit_plus_kazakhstan_official,2024,2024-04-23,KZT,2,2024-04-25,-31.600720113380554,False
logit_plus_kazakhstan_official,2024,2024-04-23,KZT,3,2024-04-26,-61.4298847052519,False
logit_plus_kazakhstan_official,2024,2024-04-23,KZT,5,2024-04-28,-88.24261692266467,False
logit_plus_kazakhstan_official,2024,2024-04-27,KZT,1,2024-04-28,-5.889878581601948,False
logit_plus_kazakhstan_official,2024,2024-04-27,KZT,2,2024-05-03,53.49168416733052,False
logit_plus_kazakhstan_official,2024,2024-04-27,KZT,3,2024-05-04,-15.835083399716732,False
logit_plus_kazakhstan_official,2024,2024-04-27,KZT,5,2024-05-08,11.200424843700318,False
logit_plus_kazakhstan_official,2024,2024-05-07,KZT,1,2024-05-08,29.93983013136914,False
logit_plus_kazakhstan_official,2024,2024-05-07,KZT,2,2024-05-09,107.03852032426076,False
logit_plus_kazakhstan_official,2024,2024-05-07,KZT,3,2024-05-14,86.72393445160465,False
logit_plus_kazakhstan_official,2024,2024-05-07,KZT,5,2024-05-16,11.22139029156255,False
logit_plus_kazakhstan_official,2024,2024-05-15,KZT,1,2024-05-16,-10.66597168932537,False
logit_plus_kazakhstan_official,2024,2024-05-15,KZT,2,2024-05-17,-58.6869754489594,False
logit_plus_kazakhstan_official,2024,2024-05-15,KZT,3,2024-05-18,-55.59818726743493,False
logit_plus_kazakhstan_official,2024,2024-05-15,KZT,5,2024-05-22,-166.50498791029088,False
logit_plus_kazakhstan_official,2024,2024-05-21,KZT,1,2024-05-22,-33.36056311847968,False
logit_plus_kazakhstan_official,2024,2024-05-21,KZT,2,2024-05-23,-14.381239819403202,False
logit_plus_kazakhstan_official,2024,2024-05-21,KZT,3,2024-05-24,-7.533030381592365,False
logit_plus_kazakhstan_official,2024,2024-05-21,KZT,5,2024-05-28,-210.97376646627586,False
logit_plus_kazakhstan_official,2024,2024-05-25,KZT,1,2024-05-28,-116.3106556364979,False
logit_plus_kazakhstan_official,2024,2024-05-25,KZT,2,2024-05-29,-136.80701321150735,False
logit_plus_kazakhstan_official,2024,2024-05-25,KZT,3,2024-05-30,-16.989751821211428,False
logit_plus_kazakhstan_official,2024,2024-05-25,KZT,5,2024-06-01,14.717866403259894,False
logit_plus_kazakhstan_official,2024,2024-05-31,KZT,1,2024-06-01,1.2330577860208969,False
logit_plus_kazakhstan_official,2024,2024-05-31,KZT,2,2024-06-04,-143.77453784994222,False
logit_plus_kazakhstan_official,2024,2024-05-31,KZT,3,2024-06-05,-208.18947659163146,False
logit_plus_kazakhstan_official,2024,2024-05-31,KZT,5,2024-06-07,-241.92593761714122,False
logit_plus_kazakhstan_official,2024,2024-06-06,KZT,1,2024-06-07,-12.1665556026751,False
logit_plus_kazakhstan_official,2024,2024-06-06,KZT,2,2024-06-08,26.958260132063927,False
logit_plus_kazakhstan_official,2024,2024-06-06,KZT,3,2024-06-11,42.60818642596087,False
logit_plus_kazakhstan_official,2024,2024-06-06,KZT,5,2024-06-14,-143.07061650612906,False
logit_plus_kazakhstan_official,2024,2024-06-12,KZT,1,2024-06-14,-171.40268304346674,False
logit_plus_kazakhstan_official,2024,2024-06-12,KZT,2,2024-06-15,-67.25227152601265,False
logit_plus_kazakhstan_official,2024,2024-06-12,KZT,3,2024-06-18,-56.0267800961467,False
logit_plus_kazakhstan_official,2024,2024-06-12,KZT,5,2024-06-20,-917.9733709194338,False
logit_plus_kazakhstan_official,2024,2024-06-19,KZT,1,2024-06-20,-611.2455441937925,False
logit_plus_kazakhstan_official,2024,2024-06-19,KZT,2,2024-06-21,-331.69411703483973,False
logit_plus_kazakhstan_official,2024,2024-06-19,KZT,3,2024-06-22,-40.69419509275862,False
logit_plus_kazakhstan_official,2024,2024-06-19,KZT,5,2024-06-26,-238.59703900294016,False
logit_plus_kazakhstan_official,2024,2024-06-26,KZT,1,2024-06-27,17.3792515193516,False
logit_plus_kazakhstan_official,2024,2024-06-26,KZT,2,2024-06-28,-233.34044141166353,False
logit_plus_kazakhstan_official,2024,2024-06-26,KZT,3,2024-06-29,-180.2964068664037,False
logit_plus_kazakhstan_official,2024,2024-06-26,KZT,5,2024-07-03,-128.15865230834777,False
logit_plus_kazakhstan_official,2024,2024-07-02,KZT,1,2024-07-03,0.6480741396819312,False
logit_plus_kazakhstan_official,2024,2024-07-02,KZT,2,2024-07-04,66.91365492212498,False
logit_plus_kazakhstan_official,2024,2024-07-02,KZT,3,2024-07-05,70.58607504698556,False
logit_plus_kazakhstan_official,2024,2024-07-02,KZT,5,2024-07-09,-2.1602471322712535,False
logit_plus_kazakhstan_official,2024,2024-07-06,KZT,1,2024-07-09,-14.617438442244834,False
logit_plus_kazakhstan_official,2024,2024-07-06,KZT,2,2024-07-10,-33.38817120202897,False
logit_plus_kazakhstan_official,2024,2024-07-06,KZT,3,2024-07-11,-143.31562339868876,False
logit_plus_kazakhstan_official,2024,2024-07-06,KZT,5,2024-07-13,-20.76647158769096,False
logit_plus_kazakhstan_official,2024,2024-07-16,KZT,1,2024-07-17,108.08939284922215,False
logit_plus_kazakhstan_official,2024,2024-07-16,KZT,2,2024-07-18,40.465898824433296,False
logit_plus_kazakhstan_official,2024,2024-07-16,KZT,3,2024-07-19,11.901734948362996,False
logit_plus_kazakhstan_official,2024,2024-07-16,KZT,5,2024-07-23,-77.25307957391902,False
logit_plus_kazakhstan_official,2024,2024-07-20,KZT,1,2024-07-23,-59.56058487518789,False
logit_plus_kazakhstan_official,2024,2024-07-20,KZT,2,2024-07-24,-0.6503430559612333,False
logit_plus_kazakhstan_official,2024,2024-07-20,KZT,3,2024-07-25,-75.27720872760435,False
logit_plus_kazakhstan_official,2024,2024-07-20,KZT,5,2024-07-27,-231.6847136864697,False
logit_plus_kazakhstan_official,2024,2024-07-26,TJS,1,2024-07-27,50.678120928653314,False
logit_plus_kazakhstan_official,2024,2024-07-26,TJS,2,2024-07-30,147.62919738635193,False
logit_plus_kazakhstan_official,2024,2024-07-26,TJS,3,2024-07-31,140.64083301303265,False
logit_plus_kazakhstan_official,2024,2024-07-26,TJS,5,2024-08-02,91.3354265148536,False
logit_plus_kazakhstan_official,2024,2024-08-01,TJS,1,2024-08-02,-37.83314977295116,False
logit_plus_kazakhstan_official,2024,2024-08-01,TJS,2,2024-08-03,-45.54514969410728,False
logit_plus_kazakhstan_official,2024,2024-08-01,TJS,3,2024-08-06,-129.55174308445504,False
logit_plus_kazakhstan_official,2024,2024-08-01,TJS,5,2024-08-08,-3.0921916616766243,False
logit_plus_kazakhstan_official,2024,2024-08-07,TJS,1,2024-08-08,99.95768196753963,False
logit_plus_kazakhstan_official,2024,2024-08-07,TJS,2,2024-08-09,176.09280095588932,False
logit_plus_kazakhstan_official,2024,2024-08-07,TJS,3,2024-08-10,343.59753061834255,False
logit_plus_kazakhstan_official,2024,2024-08-07,TJS,5,2024-08-14,885.5546151548333,False
logit_plus_kazakhstan_official,2024,2024-08-13,TJS,1,2024-08-14,298.75720957398545,False
logit_plus_kazakhstan_official,2024,2024-08-13,TJS,2,2024-08-15,-37.940787877787095,False
logit_plus_kazakhstan_official,2024,2024-08-13,TJS,3,2024-08-16,-187.67854661582595,False
logit_plus_kazakhstan_official,2024,2024-08-13,TJS,5,2024-08-20,-108.67645292492622,False
logit_plus_kazakhstan_official,2024,2024-08-17,TJS,1,2024-08-20,71.6052550487567,False
logit_plus_kazakhstan_official,2024,2024-08-17,TJS,2,2024-08-21,192.9097368518873,False
logit_plus_kazakhstan_official,2024,2024-08-17,TJS,3,2024-08-22,304.3702946103011,False
logit_plus_kazakhstan_official,2024,2024-08-17,TJS,5,2024-08-24,291.6367412175047,False
logit_plus_kazakhstan_official,2024,2024-08-23,TJS,1,2024-08-24,29.97283164382969,False
logit_plus_kazakhstan_official,2024,2024-08-23,TJS,2,2024-08-27,50.73763547661425,False
logit_plus_kazakhstan_official,2024,2024-08-23,TJS,3,2024-08-28,18.567964710349827,False
logit_plus_kazakhstan_official,2024,2024-08-23,TJS,5,2024-08-30,10.283076743302644,False
logit_plus_kazakhstan_official,2024,2024-08-29,TJS,1,2024-08-30,-9.784325021516826,False
logit_plus_kazakhstan_official,2024,2024-08-29,TJS,2,2024-08-31,-25.504551635346928,False
logit_plus_kazakhstan_official,2024,2024-08-29,TJS,3,2024-09-03,-168.82916965016648,False
logit_plus_kazakhstan_official,2024,2024-08-29,TJS,5,2024-09-05,-272.9581781330237,False
logit_plus_kazakhstan_official,2024,2024-09-05,KGS,1,2024-09-06,103.88600053129026,False
logit_plus_kazakhstan_official,2024,2024-09-05,KGS,2,2024-09-07,120.86827824370872,False
logit_plus_kazakhstan_official,2024,2024-09-05,KGS,3,2024-09-10,184.24348222078945,False
logit_plus_kazakhstan_official,2024,2024-09-05,KGS,5,2024-09-12,283.3858297597791,False
logit_plus_kazakhstan_official,2024,2024-09-11,KGS,1,2024-09-12,16.72673505221267,False
logit_plus_kazakhstan_official,2024,2024-09-11,KGS,2,2024-09-13,-19.314296275761976,False
logit_plus_kazakhstan_official,2024,2024-09-11,KGS,3,2024-09-14,-60.90010165419213,False
logit_plus_kazakhstan_official,2024,2024-09-11,KGS,5,2024-09-18,-7.485444968117205,False
logit_plus_kazakhstan_official,2024,2024-09-17,KGS,1,2024-09-18,44.86929379633242,False
logit_plus_kazakhstan_official,2024,2024-09-17,KGS,2,2024-09-19,94.56923620013713,False
logit_plus_kazakhstan_official,2024,2024-09-17,KGS,3,2024-09-20,218.02946695650638,False
logit_plus_kazakhstan_official,2024,2024-09-17,KGS,5,2024-09-24,245.71279936086876,False
logit_plus_kazakhstan_official,2024,2024-09-21,KGS,1,2024-09-24,34.84732685518743,False
logit_plus_kazakhstan_official,2024,2024-09-21,KGS,2,2024-09-25,31.935800851621288,False
logit_plus_kazakhstan_official,2024,2024-09-21,KGS,3,2024-09-26,-16.741274520508664,False
logit_plus_kazakhstan_official,2024,2024-09-21,KGS,5,2024-09-28,18.379007897513233,False
logit_plus_kazakhstan_official,2024,2024-09-27,KGS,1,2024-09-28,32.98465575682474,False
logit_plus_kazakhstan_official,2024,2024-09-27,KGS,2,2024-10-01,87.65535590625761,False
logit_plus_kazakhstan_official,2024,2024-09-27,KGS,3,2024-10-02,97.86055326748588,False
logit_plus_kazakhstan_official,2024,2024-09-27,KGS,5,2024-10-04,251.66745635455845,False
logit_plus_kazakhstan_official,2024,2024-10-03,KGS,1,2024-10-04,47.95798987256017,False
logit_plus_kazakhstan_official,2024,2024-10-03,KGS,2,2024-10-05,3.0364462861576236,False
logit_plus_kazakhstan_official,2024,2024-10-03,KGS,3,2024-10-08,129.04896716172675,False
logit_plus_kazakhstan_official,2024,2024-10-03,KGS,5,2024-10-10,162.1819545783376,False
logit_plus_kazakhstan_official,2024,2024-10-09,KGS,1,2024-10-10,70.98161735421104,False
logit_plus_kazakhstan_official,2024,2024-10-09,KGS,2,2024-10-11,101.25058635064299,False
logit_plus_kazakhstan_official,2024,2024-10-09,KGS,3,2024-10-12,-55.40460406949443,False
logit_plus_kazakhstan_official,2024,2024-10-09,KGS,5,2024-10-16,42.217246231868174,False
logit_plus_kazakhstan_official,2024,2024-10-15,KGS,1,2024-10-16,94.66192170818566,False
logit_plus_kazakhstan_official,2024,2024-10-15,KGS,2,2024-10-17,120.19572953736679,False
logit_plus_kazakhstan_official,2024,2024-10-15,KGS,3,2024-10-18,108.98576512455405,False
logit_plus_kazakhstan_official,2024,2024-10-15,KGS,5,2024-10-22,-0.9786476868334226,False
logit_plus_kazakhstan_official,2024,2024-10-19,KGS,1,2024-10-22,-33.69720401883547,False
logit_plus_kazakhstan_official,2024,2024-10-19,KGS,2,2024-10-23,18.09007794695283,False
logit_plus_kazakhstan_official,2024,2024-10-19,KGS,3,2024-10-24,22.8786279917359,False
logit_plus_kazakhstan_official,2024,2024-10-19,KGS,5,2024-10-26,-9.311069531520166,False
logit_plus_kazakhstan_official,2024,2024-10-25,KGS,1,2024-10-26,-7.716117817135881,False
logit_plus_kazakhstan_official,2024,2024-10-25,KGS,2,2024-10-29,50.64256636304609,False
logit_plus_kazakhstan_official,2024,2024-10-25,KGS,3,2024-10-30,60.57595941499238,False
logit_plus_kazakhstan_official,2024,2024-10-25,KGS,5,2024-11-01,29.179342090093208,False
logit_plus_kazakhstan_official,2024,2024-10-31,KGS,1,2024-11-01,-3.0941961720376554,False
logit_plus_kazakhstan_official,2024,2024-10-31,KGS,2,2024-11-02,39.95933342173741,False
logit_plus_kazakhstan_official,2024,2024-10-31,KGS,3,2024-11-03,51.275250850901784,False
logit_plus_kazakhstan_official,2024,2024-10-31,KGS,5,2024-11-07,73.64186889448732,False
logit_plus_kazakhstan_official,2024,2024-11-06,KGS,1,2024-11-07,13.797224736578073,False
logit_plus_kazakhstan_official,2024,2024-11-06,KGS,2,2024-11-08,-1.5818474220286038,False
logit_plus_kazakhstan_official,2024,2024-11-06,KGS,3,2024-11-09,-25.92472163879367,False
logit_plus_kazakhstan_official,2024,2024-11-06,KGS,5,2024-11-13,-13.445703087239247,False
logit_plus_kazakhstan_official,2024,2024-11-12,KGS,1,2024-11-13,0.08799950720117522,False
logit_plus_kazakhstan_official,2024,2024-11-12,KGS,2,2024-11-14,41.88776542851214,False
logit_plus_kazakhstan_official,2024,2024-11-12,KGS,3,2024-11-15,87.82350818835383,False
logit_plus_kazakhstan_official,2024,2024-11-12,KGS,5,2024-11-19,167.551061714053,False
logit_plus_kazakhstan_official,2024,2024-11-16,KGS,1,2024-11-19,-5.449638420814695,False
logit_plus_kazakhstan_official,2024,2024-11-16,KGS,2,2024-11-20,3.7195944777002055,False
logit_plus_kazakhstan_official,2024,2024-11-16,KGS,3,2024-11-21,22.144562471888563,False
logit_plus_kazakhstan_official,2024,2024-11-16,KGS,5,2024-11-23,257.8630497214629,False
logit_plus_kazakhstan_official,2024,2024-11-22,KGS,1,2024-11-23,188.32747673829255,False
logit_plus_kazakhstan_official,2024,2024-11-22,KGS,2,2024-11-26,274.5869596968897,False
logit_plus_kazakhstan_official,2024,2024-11-22,KGS,3,2024-11-27,398.99306659335167,False
logit_plus_kazakhstan_official,2024,2024-11-22,KGS,5,2024-11-29,846.1849080271166,False
logit_plus_kazakhstan_official,2024,2024-11-28,KGS,1,2024-11-29,145.1348484361459,False
logit_plus_kazakhstan_official,2024,2024-11-28,KGS,2,2024-11-30,-24.99276736635636,False
logit_plus_kazakhstan_official,2024,2024-11-28,KGS,3,2024-12-03,-77.2284547880031,False
logit_plus_kazakhstan_official,2024,2024-11-28,KGS,5,2024-12-05,-349.41656755279826,False
logit_plus_kazakhstan_official,2024,2024-12-04,AMD,1,2024-12-05,-260.1019033498642,False
logit_plus_kazakhstan_official,2024,2024-12-04,AMD,2,2024-12-06,-347.17884263684164,False
logit_plus_kazakhstan_official,2024,2024-12-04,AMD,3,2024-12-07,-677.348706640275,False
logit_plus_kazakhstan_official,2024,2024-12-04,AMD,5,2024-12-11,-467.0695637121713,False
logit_plus_kazakhstan_official,2024,2024-12-10,KZT,1,2024-12-11,156.24514485173214,False
logit_plus_kazakhstan_official,2024,2024-12-10,KZT,2,2024-12-12,526.9454255440364,False
logit_plus_kazakhstan_official,2024,2024-12-10,KZT,3,2024-12-13,414.1506209410961,False
logit_plus_kazakhstan_official,2024,2024-12-10,KZT,5,2024-12-17,200.47230882368262,False
logit_plus_kazakhstan_official,2024,2024-12-14,AMD,1,2024-12-17,-45.25593603218026,False
logit_plus_kazakhstan_official,2024,2024-12-14,AMD,2,2024-12-18,-56.45563737347925,False
logit_plus_kazakhstan_official,2024,2024-12-14,AMD,3,2024-12-19,-78.58838050032846,False
logit_plus_kazakhstan_official,2024,2024-12-14,AMD,5,2024-12-21,-131.12031298213034,False
logit_plus_kazakhstan_official,2025,2025-01-14,TJS,1,2025-01-15,71.06633603965795,False
logit_plus_kazakhstan_official,2025,2025-01-14,TJS,2,2025-01-16,7.970853105061515,False
logit_plus_kazakhstan_official,2025,2025-01-14,TJS,3,2025-01-17,-34.04662522817681,False
logit_plus_kazakhstan_official,2025,2025-01-14,TJS,5,2025-01-21,-69.68102734492886,False
logit_plus_kazakhstan_official,2025,2025-01-18,TJS,1,2025-01-21,-35.94791508508055,False
logit_plus_kazakhstan_official,2025,2025-01-18,TJS,2,2025-01-22,-238.94350339270565,False
logit_plus_kazakhstan_official,2025,2025-01-18,TJS,3,2025-01-23,-399.90718979686534,False
logit_plus_kazakhstan_official,2025,2025-01-18,TJS,5,2025-01-25,-402.16329035693497,False
logit_plus_kazakhstan_official,2025,2025-02-04,AMD,1,2025-02-05,-134.0996929530147,False
logit_plus_kazakhstan_official,2025,2025-02-04,AMD,2,2025-02-06,-178.74662863997636,False
logit_plus_kazakhstan_official,2025,2025-02-04,AMD,3,2025-02-07,-299.5793496006005,False
logit_plus_kazakhstan_official,2025,2025-02-04,AMD,5,2025-02-11,-302.161245347623,False
logit_plus_kazakhstan_official,2025,2025-02-15,TJS,1,2025-02-18,124.17521438973678,False
logit_plus_kazakhstan_official,2025,2025-02-15,TJS,2,2025-02-19,110.8962569332883,False
logit_plus_kazakhstan_official,2025,2025-02-15,TJS,3,2025-02-20,4.252658820451671,False
logit_plus_kazakhstan_official,2025,2025-02-15,TJS,5,2025-02-22,-246.84806497965783,False
logit_plus_kazakhstan_official,2025,2025-02-21,TJS,1,2025-02-22,-39.90264990714088,False
logit_plus_kazakhstan_official,2025,2025-02-21,TJS,2,2025-02-25,-23.112604659392133,False
logit_plus_kazakhstan_official,2025,2025-02-21,TJS,3,2025-02-26,-201.22071176429057,False
logit_plus_kazakhstan_official,2025,2025-02-21,TJS,5,2025-02-28,-83.04700346565275,False
logit_plus_kazakhstan_official,2025,2025-02-27,TJS,1,2025-02-28,208.4601687856158,False
logit_plus_kazakhstan_official,2025,2025-02-27,TJS,2,2025-03-01,296.8140632602156,False
logit_plus_kazakhstan_official,2025,2025-02-27,TJS,3,2025-03-04,408.8453240067369,False
logit_plus_kazakhstan_official,2025,2025-02-27,TJS,5,2025-03-06,455.6141722856366,False
logit_plus_kazakhstan_official,2025,2025-03-05,TJS,1,2025-03-06,66.00639831667144,False
logit_plus_kazakhstan_official,2025,2025-03-05,TJS,2,2025-03-07,41.850239170497794,False
logit_plus_kazakhstan_official,2025,2025-03-05,TJS,3,2025-03-08,-0.9196507289155331,False
logit_plus_kazakhstan_official,2025,2025-03-05,TJS,5,2025-03-12,-305.28725597067876,False
logit_plus_kazakhstan_official,2025,2025-03-11,TJS,1,2025-03-12,-205.94483775263072,False
logit_plus_kazakhstan_official,2025,2025-03-11,TJS,2,2025-03-13,-193.25987451300875,False
logit_plus_kazakhstan_official,2025,2025-03-11,TJS,3,2025-03-14,-193.4209140853882,False
logit_plus_kazakhstan_official,2025,2025-03-11,TJS,5,2025-03-18,-452.6822379545492,False
logit_plus_kazakhstan_official,2025,2025-03-15,AMD,1,2025-03-18,-162.7036084126099,False
logit_plus_kazakhstan_official,2025,2025-03-15,AMD,2,2025-03-19,-470.9889486069019,False
logit_plus_kazakhstan_official,2025,2025-03-15,AMD,3,2025-03-20,-313.73321003140495,False
logit_plus_kazakhstan_official,2025,2025-03-15,AMD,5,2025-03-22,-128.7803180823488,False
logit_plus_kazakhstan_official,2025,2025-03-21,AMD,1,2025-03-22,21.798542425819356,False
logit_plus_kazakhstan_official,2025,2025-03-21,AMD,2,2025-03-25,-50.94073027441137,False
logit_plus_kazakhstan_official,2025,2025-03-21,AMD,3,2025-03-26,-12.270394883617808,False
logit_plus_kazakhstan_official,2025,2025-03-21,AMD,5,2025-03-28,-55.03086190228434,False
logit_plus_kazakhstan_official,2025,2025-03-27,AMD,1,2025-03-28,-44.38819664808635,False
logit_plus_kazakhstan_official,2025,2025-03-27,AMD,2,2025-03-29,-57.04395082867242,False
logit_plus_kazakhstan_official,2025,2025-03-27,AMD,3,2025-04-01,159.1274974176682,False
logit_plus_kazakhstan_official,2025,2025-03-27,AMD,5,2025-04-03,57.50923590884138,False
logit_plus_kazakhstan_official,2025,2025-04-02,AMD,1,2025-04-03,-39.03135872445396,False
logit_plus_kazakhstan_official,2025,2025-04-02,AMD,2,2025-04-04,-63.04002211930615,False
logit_plus_kazakhstan_official,2025,2025-04-02,AMD,3,2025-04-05,-72.94762793484067,False
logit_plus_kazakhstan_official,2025,2025-04-02,AMD,5,2025-04-09,72.25639962212816,False
logit_plus_kazakhstan_official,2025,2025-04-08,AMD,1,2025-04-09,-80.82449150004112,False
logit_plus_kazakhstan_official,2025,2025-04-08,AMD,2,2025-04-10,-27.546584132804863,False
logit_plus_kazakhstan_official,2025,2025-04-08,AMD,3,2025-04-11,-134.64697713678865,False
logit_plus_kazakhstan_official,2025,2025-04-08,AMD,5,2025-04-15,-391.642538823892,False
logit_plus_kazakhstan_official,2025,2025-04-15,AMD,1,2025-04-16,-50.30133570119499,False
logit_plus_kazakhstan_official,2025,2025-04-15,AMD,2,2025-04-17,-30.4169579263569,False
logit_plus_kazakhstan_official,2025,2025-04-15,AMD,3,2025-04-18,-90.77856076779244,False
logit_plus_kazakhstan_official,2025,2025-04-15,AMD,5,2025-04-22,-232.28353894693132,False
logit_plus_kazakhstan_official,2025,2025-04-19,AMD,1,2025-04-22,-36.56685857442277,False
logit_plus_kazakhstan_official,2025,2025-04-19,AMD,2,2025-04-23,59.836677667235435,False
logit_plus_kazakhstan_official,2025,2025-04-19,AMD,3,2025-04-24,186.11037506323314,False
logit_plus_kazakhstan_official,2025,2025-04-19,AMD,5,2025-04-26,201.91265386746426,False
logit_plus_kazakhstan_official,2025,2025-04-25,TJS,1,2025-04-26,-24.250905076128593,False
logit_plus_kazakhstan_official,2025,2025-04-25,TJS,2,2025-04-29,-17.985980948468374,False
logit_plus_kazakhstan_official,2025,2025-04-25,TJS,3,2025-04-30,-121.19033558425474,False
logit_plus_kazakhstan_official,2025,2025-04-25,TJS,5,2025-05-06,123.16738131306737,False
logit_plus_kazakhstan_official,2025,2025-05-01,AMD,1,2025-05-06,63.97465895334298,False
logit_plus_kazakhstan_official,2025,2025-05-01,AMD,2,2025-05-07,-52.634349176273744,False
logit_plus_kazakhstan_official,2025,2025-05-01,AMD,3,2025-05-08,-60.72089918608303,False
logit_plus_kazakhstan_official,2025,2025-05-01,AMD,5,2025-05-14,-68.3768045208133,False
logit_plus_kazakhstan_official,2025,2025-05-13,TJS,1,2025-05-14,-41.82333247488956,False
logit_plus_kazakhstan_official,2025,2025-05-13,TJS,2,2025-05-15,-65.00128766417812,False
logit_plus_kazakhstan_official,2025,2025-05-13,TJS,3,2025-05-16,-53.888745815091625,False
logit_plus_kazakhstan_official,2025,2025-05-13,TJS,5,2025-05-20,-20.345093999484256,False
logit_plus_kazakhstan_official,2025,2025-05-17,TJS,1,2025-05-20,-35.242188795786554,False
logit_plus_kazakhstan_official,2025,2025-05-17,TJS,2,2025-05-21,-0.3214355052516549,False
logit_plus_kazakhstan_official,2025,2025-05-17,TJS,3,2025-05-22,-57.52409801982883,False
logit_plus_kazakhstan_official,2025,2025-05-17,TJS,5,2025-05-24,-25.830557202018987,False
logit_plus_kazakhstan_official,2025,2025-05-23,TJS,1,2025-05-24,21.49626399065907,False
logit_plus_kazakhstan_official,2025,2025-05-23,TJS,2,2025-05-27,63.72660472711233,False
logit_plus_kazakhstan_official,2025,2025-05-23,TJS,3,2025-05-28,109.63869740908017,False
logit_plus_kazakhstan_official,2025,2025-05-23,TJS,5,2025-05-30,128.4220915451484,False
logit_plus_kazakhstan_official,2025,2025-05-29,TJS,1,2025-05-30,-30.200761949328303,False
logit_plus_kazakhstan_official,2025,2025-05-29,TJS,2,2025-05-31,12.15660144149755,False
logit_plus_kazakhstan_official,2025,2025-05-29,TJS,3,2025-06-03,123.61330817239002,False
logit_plus_kazakhstan_official,2025,2025-05-29,TJS,5,2025-06-05,92.36982517891512,False
logit_plus_kazakhstan_official,2025,2025-06-04,TJS,1,2025-06-05,-44.69219084556442,False
logit_plus_kazakhstan_official,2025,2025-06-04,TJS,2,2025-06-06,40.31453869706603,False
logit_plus_kazakhstan_official,2025,2025-06-04,TJS,3,2025-06-07,45.78346802871502,False
logit_plus_kazakhstan_official,2025,2025-06-04,TJS,5,2025-06-11,-71.53510086787884,False
logit_plus_kazakhstan_official,2025,2025-06-10,TJS,1,2025-06-11,-93.08292603555812,False
logit_plus_kazakhstan_official,2025,2025-06-10,TJS,2,2025-06-12,-42.35479651799601,False
logit_plus_kazakhstan_official,2025,2025-06-10,TJS,3,2025-06-17,-309.0373170289063,False
logit_plus_kazakhstan_official,2025,2025-06-10,TJS,5,2025-06-19,-231.97511780866486,False
logit_plus_kazakhstan_official,2025,2025-06-18,TJS,1,2025-06-19,37.28463908881041,False
logit_plus_kazakhstan_official,2025,2025-06-18,TJS,2,2025-06-20,184.21106784029416,False
logit_plus_kazakhstan_official,2025,2025-06-18,TJS,3,2025-06-21,186.29458337406035,False
logit_plus_kazakhstan_official,2025,2025-06-18,TJS,5,2025-06-25,178.5907203819259,False
logit_plus_kazakhstan_official,2025,2025-06-24,TJS,1,2025-06-25,7.422571952793167,False
logit_plus_kazakhstan_official,2025,2025-06-24,TJS,2,2025-06-26,-17.247679972081098,False
logit_plus_kazakhstan_official,2025,2025-06-24,TJS,3,2025-06-27,-10.495289132570473,False
logit_plus_kazakhstan_official,2025,2025-06-24,TJS,5,2025-07-01,29.955831271157862,False
logit_plus_kazakhstan_official,2025,2025-06-28,TJS,1,2025-07-01,7.633154385278118,False
logit_plus_kazakhstan_official,2025,2025-06-28,TJS,2,2025-07-02,41.04239870299287,False
logit_plus_kazakhstan_official,2025,2025-06-28,TJS,3,2025-07-03,64.20681432509623,False
logit_plus_kazakhstan_official,2025,2025-06-28,TJS,5,2025-07-05,176.38264182842312,False
logit_plus_kazakhstan_official,2025,2025-07-04,TJS,1,2025-07-05,6.6498023048500166,False
logit_plus_kazakhstan_official,2025,2025-07-04,TJS,2,2025-07-08,33.993392379276784,False
logit_plus_kazakhstan_official,2025,2025-07-04,TJS,3,2025-07-09,46.32530187745232,False
logit_plus_kazakhstan_official,2025,2025-07-04,TJS,5,2025-07-11,-1.12897763011377,False
logit_plus_kazakhstan_official,2025,2025-07-10,TJS,1,2025-07-11,-47.813094267861175,False
logit_plus_kazakhstan_official,2025,2025-07-10,TJS,2,2025-07-12,-71.81842878664524,False
logit_plus_kazakhstan_official,2025,2025-07-10,TJS,3,2025-07-15,-9.779951100244988,False
logit_plus_kazakhstan_official,2025,2025-07-10,TJS,5,2025-07-17,32.352868538687574,False
logit_plus_kazakhstan_official,2025,2025-07-16,TJS,1,2025-07-17,0.012308616399447914,False
logit_plus_kazakhstan_official,2025,2025-07-16,TJS,2,2025-07-18,40.86460645045476,False
logit_plus_kazakhstan_official,2025,2025-07-16,TJS,3,2025-07-19,39.81837405639066,False
logit_plus_kazakhstan_official,2025,2025-07-16,TJS,5,2025-07-23,31.706995848304054,False
logit_plus_kazakhstan_official,2025,2025-07-22,TJS,1,2025-07-23,-30.5316992676552,False
logit_plus_kazakhstan_official,2025,2025-07-22,TJS,2,2025-07-24,12.95395413639655,False
logit_plus_kazakhstan_official,2025,2025-07-22,TJS,3,2025-07-25,65.88290555111786,False
logit_plus_kazakhstan_official,2025,2025-07-22,TJS,5,2025-07-29,200.68231497802458,False
logit_plus_kazakhstan_official,2025,2025-07-26,AMD,1,2025-07-29,7.625445823138399,False
logit_plus_kazakhstan_official,2025,2025-07-26,AMD,2,2025-07-30,337.9327319848846,False
logit_plus_kazakhstan_official,2025,2025-07-26,AMD,3,2025-07-31,289.5256297025606,False
logit_plus_kazakhstan_official,2025,2025-07-26,AMD,5,2025-08-02,107.81801246133149,False
logit_plus_kazakhstan_official,2025,2025-08-01,AMD,1,2025-08-02,8.60194499534117,False
logit_plus_kazakhstan_official,2025,2025-08-01,AMD,2,2025-08-05,-73.30768679362554,False
logit_plus_kazakhstan_official,2025,2025-08-01,AMD,3,2025-08-06,-38.70875247903305,False
logit_plus_kazakhstan_official,2025,2025-08-01,AMD,5,2025-08-08,-111.5863420228913,False
logit_plus_kazakhstan_official,2025,2025-08-07,AMD,1,2025-08-08,-99.80574720342972,False
logit_plus_kazakhstan_official,2025,2025-08-07,AMD,2,2025-08-09,-49.04165430657525,False
logit_plus_kazakhstan_official,2025,2025-08-07,AMD,3,2025-08-12,-62.72547199601908,False
logit_plus_kazakhstan_official,2025,2025-08-07,AMD,5,2025-08-14,-70.23721807029482,False
logit_plus_kazakhstan_official,2025,2025-08-13,AMD,1,2025-08-14,-27.054170811289247,False
logit_plus_kazakhstan_official,2025,2025-08-13,AMD,2,2025-08-15,-5.189787651188604,False
logit_plus_kazakhstan_official,2025,2025-08-13,AMD,3,2025-08-16,37.48179970302967,False
logit_plus_kazakhstan_official,2025,2025-08-13,AMD,5,2025-08-20,81.59499473813226,False
logit_plus_kazakhstan_official,2025,2025-08-19,AMD,1,2025-08-20,-2.001515433113221,False
logit_plus_kazakhstan_official,2025,2025-08-19,AMD,2,2025-08-21,-26.92514808831481,False
logit_plus_kazakhstan_official,2025,2025-08-19,AMD,3,2025-08-22,-6.385787334219906,False
logit_plus_kazakhstan_official,2025,2025-08-19,AMD,5,2025-08-26,43.938029269781076,False
logit_plus_kazakhstan_official,2025,2025-08-23,AMD,1,2025-08-26,-13.31475900759993,False
logit_plus_kazakhstan_official,2025,2025-08-23,AMD,2,2025-08-27,-24.734178654689522,False
logit_plus_kazakhstan_official,2025,2025-08-23,AMD,3,2025-08-28,-28.430090407688404,False
logit_plus_kazakhstan_official,2025,2025-08-23,AMD,5,2025-08-30,-49.184056405300325,False
logit_plus_kazakhstan_official,2025,2025-08-29,AMD,1,2025-08-30,16.69401304994711,False
logit_plus_kazakhstan_official,2025,2025-08-29,AMD,2,2025-09-02,26.138054718205517,False
logit_plus_kazakhstan_official,2025,2025-08-29,AMD,3,2025-09-03,45.312321135573264,False
logit_plus_kazakhstan_official,2025,2025-08-29,AMD,5,2025-09-05,144.33166711184109,False
logit_plus_kazakhstan_official,2025,2025-09-04,AMD,1,2025-09-05,66.02393900239977,False
logit_plus_kazakhstan_official,2025,2025-09-04,AMD,2,2025-09-06,84.2455995872915,False
logit_plus_kazakhstan_official,2025,2025-09-04,AMD,3,2025-09-09,188.3693743580994,False
logit_plus_kazakhstan_official,2025,2025-09-04,AMD,5,2025-09-11,508.07669189301794,False
logit_plus_kazakhstan_official,2025,2025-09-10,AMD,1,2025-09-11,213.9189960068455,False
logit_plus_kazakhstan_official,2025,2025-09-10,AMD,2,2025-09-12,296.3583166185169,False
logit_plus_kazakhstan_official,2025,2025-09-10,AMD,3,2025-09-13,122.87691146973812,False
logit_plus_kazakhstan_official,2025,2025-09-10,AMD,5,2025-09-17,-53.272730618479926,False
logit_plus_kazakhstan_official,2025,2025-09-16,AMD,1,2025-09-17,-28.409352949315682,False
logit_plus_kazakhstan_official,2025,2025-09-16,AMD,2,2025-09-18,-4.104598072223187,False
logit_plus_kazakhstan_official,2025,2025-09-16,AMD,3,2025-09-19,25.965041737767702,False
logit_plus_kazakhstan_official,2025,2025-09-16,AMD,5,2025-09-23,105.24373933496366,False
logit_plus_kazakhstan_official,2025,2025-09-20,AMD,1,2025-09-23,35.49558709700973,False
logit_plus_kazakhstan_official,2025,2025-09-20,AMD,2,2025-09-24,-28.67127422287674,False
logit_plus_kazakhstan_official,2025,2025-09-20,AMD,3,2025-09-25,51.38844996496195,False
logit_plus_kazakhstan_official,2025,2025-09-20,AMD,5,2025-09-27,6.228903026055388,False
logit_plus_kazakhstan_official,2025,2025-09-26,AMD,1,2025-09-27,20.456182032499992,False
logit_plus_kazakhstan_official,2025,2025-09-26,AMD,2,2025-09-30,-69.76200195388583,False
logit_plus_kazakhstan_official,2025,2025-09-26,AMD,3,2025-10-01,-94.89650364404301,False
logit_plus_kazakhstan_official,2025,2025-09-26,AMD,5,2025-10-03,-307.4848527934604,False
logit_plus_kazakhstan_official,2025,2025-10-02,AMD,1,2025-10-03,-75.4708120039449,False
logit_plus_kazakhstan_official,2025,2025-10-02,AMD,2,2025-10-04,48.56055980838603,False
logit_plus_kazakhstan_official,2025,2025-10-02,AMD,3,2025-10-07,188.7005119053198,False
logit_plus_kazakhstan_official,2025,2025-10-02,AMD,5,2025-10-09,6.011365237401645,False
logit_plus_kazakhstan_official,2025,2025-10-08,AMD,1,2025-10-09,-50.34183883139698,False
logit_plus_kazakhstan_official,2025,2025-10-08,AMD,2,2025-10-10,-61.9232637202527,False
logit_plus_kazakhstan_official,2025,2025-10-08,AMD,3,2025-10-11,-92.23110546568547,False
logit_plus_kazakhstan_official,2025,2025-10-08,AMD,5,2025-10-15,-244.75099936488886,False
logit_plus_kazakhstan_official,2025,2025-10-14,AMD,1,2025-10-15,-115.97096703983124,False
logit_plus_kazakhstan_official,2025,2025-10-14,AMD,2,2025-10-16,-251.8618757866242,False
logit_plus_kazakhstan_official,2025,2025-10-14,AMD,3,2025-10-17,-216.7062541992748,False
logit_plus_kazakhstan_official,2025,2025-10-14,AMD,5,2025-10-21,50.72251189991661,False
logit_plus_kazakhstan_official,2025,2025-10-18,KZT,1,2025-10-21,74.71508647025837,False
logit_plus_kazakhstan_official,2025,2025-10-18,KZT,2,2025-10-22,39.715219297080665,False
logit_plus_kazakhstan_official,2025,2025-10-18,KZT,3,2025-10-23,69.40201365459586,False
logit_plus_kazakhstan_official,2025,2025-10-18,KZT,5,2025-10-25,-6.508514199188298,False
logit_plus_kazakhstan_official,2025,2025-10-24,KZT,1,2025-10-25,-28.825318569468685,False
logit_plus_kazakhstan_official,2025,2025-10-24,KZT,2,2025-10-28,-273.87365896003547,False
logit_plus_kazakhstan_official,2025,2025-10-24,KZT,3,2025-10-29,-171.2952839128201,False
logit_plus_kazakhstan_official,2025,2025-10-24,KZT,5,2025-10-31,62.4217243504388,False
logit_plus_kazakhstan_official,2025,2025-10-31,KZT,1,2025-11-01,60.12472752895847,False
logit_plus_kazakhstan_official,2025,2025-10-31,KZT,2,2025-11-02,41.4221835878581,False
logit_plus_kazakhstan_official,2025,2025-10-31,KZT,3,2025-11-06,232.92569690025022,False
logit_plus_kazakhstan_official,2025,2025-10-31,KZT,5,2025-11-08,154.03257140222948,False
logit_plus_kazakhstan_official,2025,2025-11-07,KZT,1,2025-11-08,-53.605640526122045,False
logit_plus_kazakhstan_official,2025,2025-11-07,KZT,2,2025-11-11,-65.0879558253381,False
logit_plus_kazakhstan_official,2025,2025-11-07,KZT,3,2025-11-12,23.416182323685586,False
logit_plus_kazakhstan_official,2025,2025-11-07,KZT,5,2025-11-14,-89.8587933247752,False
logit_plus_kazakhstan_official,2025,2025-11-13,KZT,1,2025-11-14,-72.24742481227398,False
logit_plus_kazakhstan_official,2025,2025-11-13,KZT,2,2025-11-15,-1.0985744381108997,False
logit_plus_kazakhstan_official,2025,2025-11-13,KZT,3,2025-11-18,40.00103395241261,False
logit_plus_kazakhstan_official,2025,2025-11-13,KZT,5,2025-11-20,39.74254584932835,False
logit_plus_kazakhstan_official,2025,2025-11-19,KZT,1,2025-11-20,46.42951830991393,False
logit_plus_kazakhstan_official,2025,2025-11-19,KZT,2,2025-11-21,50.891407952511344,False
logit_plus_kazakhstan_official,2025,2025-11-19,KZT,3,2025-11-22,-138.51257412233363,False
logit_plus_kazakhstan_official,2025,2025-11-19,KZT,5,2025-11-26,-180.2862075877998,False
logit_plus_kazakhstan_official,2025,2025-11-29,AMD,1,2025-12-02,-60.94825736742582,False
logit_plus_kazakhstan_official,2025,2025-11-29,AMD,2,2025-12-03,-92.88514422795546,False
logit_plus_kazakhstan_official,2025,2025-11-29,AMD,3,2025-12-04,-28.81633608331935,False
logit_plus_kazakhstan_official,2025,2025-11-29,AMD,5,2025-12-06,-274.6572270005654,False
logit_plus_kazakhstan_official,2025,2025-12-05,AMD,1,2025-12-06,-123.2984565410078,False
logit_plus_kazakhstan_official,2025,2025-12-05,AMD,2,2025-12-09,28.52205259743945,False
logit_plus_kazakhstan_official,2025,2025-12-05,AMD,3,2025-12-10,-34.711734150700835,False
logit_plus_kazakhstan_official,2025,2025-12-05,AMD,5,2025-12-12,288.8848174539116,False
logit_plus_kazakhstan_official,2025,2025-12-11,AMD,1,2025-12-12,184.34286498514751,False
logit_plus_kazakhstan_official,2025,2025-12-11,AMD,2,2025-12-13,236.24903196713953,False
logit_plus_kazakhstan_official,2025,2025-12-11,AMD,3,2025-12-16,202.1350638656605,False
logit_plus_kazakhstan_official,2025,2025-12-11,AMD,5,2025-12-18,325.25904069168996,False
logit_plus_kazakhstan_official,2025,2025-12-17,AMD,1,2025-12-18,124.72183905836376,False
logit_plus_kazakhstan_official,2025,2025-12-17,AMD,2,2025-12-19,82.37889485396278,False
logit_plus_kazakhstan_official,2025,2025-12-17,AMD,3,2025-12-20,170.38108649783945,False
logit_plus_kazakhstan_official,2025,2025-12-17,AMD,5,2025-12-24,-100.93096802410773,False
logit_plus_kazakhstan_official,2025,2025-12-23,AMD,1,2025-12-24,-93.26509605487199,False
logit_plus_kazakhstan_official,2025,2025-12-23,AMD,2,2025-12-25,-109.61895508460717,False
logit_plus_kazakhstan_official,2025,2025-12-23,AMD,3,2025-12-26,-180.56584352242888,False
logit_plus_kazakhstan_official,2025,2025-12-23,AMD,5,2025-12-30,-234.48547873517245,False
hgb_plus_cnyrub_basis,2023,2023-01-12,KGS,1,2023-01-13,-180.04910881649684,False
hgb_plus_cnyrub_basis,2023,2023-01-12,KGS,2,2023-01-14,-209.48212295079927,False
hgb_plus_cnyrub_basis,2023,2023-01-12,KGS,3,2023-01-17,-105.91416136392363,False
hgb_plus_cnyrub_basis,2023,2023-01-12,KGS,5,2023-01-19,-21.35165934668781,False
hgb_plus_cnyrub_basis,2023,2023-01-18,UZS,1,2023-01-19,51.09086344054825,False
hgb_plus_cnyrub_basis,2023,2023-01-18,UZS,2,2023-01-20,71.93686074477235,False
hgb_plus_cnyrub_basis,2023,2023-01-18,UZS,3,2023-01-21,50.810053651189065,False
hgb_plus_cnyrub_basis,2023,2023-01-18,UZS,5,2023-01-25,58.887464651002915,False
hgb_plus_cnyrub_basis,2023,2023-01-24,KGS,1,2023-01-25,28.454126350379028,False
hgb_plus_cnyrub_basis,2023,2023-01-24,KGS,2,2023-01-26,53.5193624869934,False
hgb_plus_cnyrub_basis,2023,2023-01-24,KGS,3,2023-01-27,74.43007025043968,False
hgb_plus_cnyrub_basis,2023,2023-01-24,KGS,5,2023-01-31,139.1578733333243,False
hgb_plus_cnyrub_basis,2023,2023-01-31,KZT,1,2023-02-01,144.09812963538604,False
hgb_plus_cnyrub_basis,2023,2023-01-31,KZT,2,2023-02-02,74.29853056957647,False
hgb_plus_cnyrub_basis,2023,2023-01-31,KZT,3,2023-02-03,54.84726789152239,False
hgb_plus_cnyrub_basis,2023,2023-01-31,KZT,5,2023-02-07,183.132976506315,False
hgb_plus_cnyrub_basis,2023,2023-02-04,AMD,1,2023-02-07,26.92593677474653,False
hgb_plus_cnyrub_basis,2023,2023-02-04,AMD,2,2023-02-08,87.36846848876878,False
hgb_plus_cnyrub_basis,2023,2023-02-04,AMD,3,2023-02-09,184.2004461368618,False
hgb_plus_cnyrub_basis,2023,2023-02-04,AMD,5,2023-02-11,374.48457673328716,False
hgb_plus_cnyrub_basis,2023,2023-02-11,UZS,1,2023-02-14,125.80008887710825,False
hgb_plus_cnyrub_basis,2023,2023-02-11,UZS,2,2023-02-15,165.28023575822283,False
hgb_plus_cnyrub_basis,2023,2023-02-11,UZS,3,2023-02-16,185.4880834509265,False
hgb_plus_cnyrub_basis,2023,2023-02-11,UZS,5,2023-02-18,266.6936936234565,False
hgb_plus_cnyrub_basis,2023,2023-02-17,AMD,1,2023-02-18,15.369472648130156,False
hgb_plus_cnyrub_basis,2023,2023-02-17,AMD,2,2023-02-21,-66.84667898329889,False
hgb_plus_cnyrub_basis,2023,2023-02-17,AMD,3,2023-02-22,59.846200003157435,False
hgb_plus_cnyrub_basis,2023,2023-02-17,AMD,5,2023-02-28,205.06666245585282,False
hgb_plus_cnyrub_basis,2023,2023-02-23,AMD,1,2023-02-28,133.69920292695792,False
hgb_plus_cnyrub_basis,2023,2023-02-23,AMD,2,2023-03-01,54.04416568665971,False
hgb_plus_cnyrub_basis,2023,2023-02-23,AMD,3,2023-03-02,110.7016856134857,False
hgb_plus_cnyrub_basis,2023,2023-02-23,AMD,5,2023-03-04,160.5644845158749,False
hgb_plus_cnyrub_basis,2023,2023-03-04,AMD,1,2023-03-07,-6.430140382823746,False
hgb_plus_cnyrub_basis,2023,2023-03-04,AMD,2,2023-03-08,-11.265605950708801,False
hgb_plus_cnyrub_basis,2023,2023-03-04,AMD,3,2023-03-10,50.51518284747259,False
hgb_plus_cnyrub_basis,2023,2023-03-04,AMD,5,2023-03-14,-6.687345998137584,False
hgb_plus_cnyrub_basis,2023,2023-03-11,AMD,1,2023-03-14,-69.77386112701379,False
hgb_plus_cnyrub_basis,2023,2023-03-11,AMD,2,2023-03-15,-113.98953136501189,False
hgb_plus_cnyrub_basis,2023,2023-03-11,AMD,3,2023-03-16,-31.283225648155444,False
hgb_plus_cnyrub_basis,2023,2023-03-11,AMD,5,2023-03-18,84.85319375153288,False
hgb_plus_cnyrub_basis,2023,2023-03-17,AMD,1,2023-03-18,34.58588489003711,False
hgb_plus_cnyrub_basis,2023,2023-03-17,AMD,2,2023-03-21,112.91274184688672,False
hgb_plus_cnyrub_basis,2023,2023-03-17,AMD,3,2023-03-22,63.27182471059789,False
hgb_plus_cnyrub_basis,2023,2023-03-17,AMD,5,2023-03-24,-5.6456370923441135,False
hgb_plus_cnyrub_basis,2023,2023-03-23,AMD,1,2023-03-24,-88.42192339120535,False
hgb_plus_cnyrub_basis,2023,2023-03-23,AMD,2,2023-03-25,-63.504393353980284,False
hgb_plus_cnyrub_basis,2023,2023-03-23,AMD,3,2023-03-28,-59.92312891543339,False
hgb_plus_cnyrub_basis,2023,2023-03-23,AMD,5,2023-03-30,1.8158523913758273,False
hgb_plus_cnyrub_basis,2023,2023-03-29,AMD,1,2023-03-30,52.21535029909852,False
hgb_plus_cnyrub_basis,2023,2023-03-29,AMD,2,2023-03-31,64.02717225996169,False
hgb_plus_cnyrub_basis,2023,2023-03-29,AMD,3,2023-04-01,90.28693095407104,False
hgb_plus_cnyrub_basis,2023,2023-03-29,AMD,5,2023-04-05,364.3921727669075,False
hgb_plus_cnyrub_basis,2023,2023-04-04,AMD,1,2023-04-05,188.98014512399362,False
hgb_plus_cnyrub_basis,2023,2023-04-04,AMD,2,2023-04-06,202.43600988756992,False
hgb_plus_cnyrub_basis,2023,2023-04-04,AMD,3,2023-04-07,356.181723945459,False
hgb_plus_cnyrub_basis,2023,2023-04-04,AMD,5,2023-04-11,493.0826887807993,False
hgb_plus_cnyrub_basis,2023,2023-04-14,TJS,1,2023-04-15,-20.79199321186831,False
hgb_plus_cnyrub_basis,2023,2023-04-14,TJS,2,2023-04-18,-5.679046989103265,False
hgb_plus_cnyrub_basis,2023,2023-04-14,TJS,3,2023-04-19,-8.939488084023228,False
hgb_plus_cnyrub_basis,2023,2023-04-14,TJS,5,2023-04-21,-7.349354927074225,False
hgb_plus_cnyrub_basis,2023,2023-04-20,AMD,1,2023-04-21,7.216274598238481,False
hgb_plus_cnyrub_basis,2023,2023-04-20,AMD,2,2023-04-22,-15.71438744747966,False
hgb_plus_cnyrub_basis,2023,2023-04-20,AMD,3,2023-04-25,-41.68348090298313,False
hgb_plus_cnyrub_basis,2023,2023-04-20,AMD,5,2023-04-27,5.174828494789452,False
hgb_plus_cnyrub_basis,2023,2023-04-26,AMD,1,2023-04-27,-18.66078110051239,False
hgb_plus_cnyrub_basis,2023,2023-04-26,AMD,2,2023-04-28,-3.6942663092387473,False
hgb_plus_cnyrub_basis,2023,2023-04-26,AMD,3,2023-04-29,-137.82455076774448,False
hgb_plus_cnyrub_basis,2023,2023-04-26,AMD,5,2023-05-04,-293.646809195881,False
hgb_plus_cnyrub_basis,2023,2023-05-03,KGS,1,2023-05-04,-81.7617635147716,False
hgb_plus_cnyrub_basis,2023,2023-05-03,KGS,2,2023-05-05,-144.35821941048312,False
hgb_plus_cnyrub_basis,2023,2023-05-03,KGS,3,2023-05-06,-369.16476035156575,False
hgb_plus_cnyrub_basis,2023,2023-05-03,KGS,5,2023-05-12,-486.32378533979835,False
hgb_plus_cnyrub_basis,2023,2023-05-12,AMD,1,2023-05-13,172.58583472488098,False
hgb_plus_cnyrub_basis,2023,2023-05-12,AMD,2,2023-05-16,399.5438439294596,False
hgb_plus_cnyrub_basis,2023,2023-05-12,AMD,3,2023-05-17,539.1398199812669,False
hgb_plus_cnyrub_basis,2023,2023-05-12,AMD,5,2023-05-19,528.0922901478435,False
hgb_plus_cnyrub_basis,2023,2023-05-26,AMD,1,2023-05-27,-5.26575135991636,False
hgb_plus_cnyrub_basis,2023,2023-05-26,AMD,2,2023-05-30,14.879370815177317,False
hgb_plus_cnyrub_basis,2023,2023-05-26,AMD,3,2023-05-31,84.78342785920745,False
hgb_plus_cnyrub_basis,2023,2023-05-26,AMD,5,2023-06-02,107.58558053701073,False
hgb_plus_cnyrub_basis,2023,2023-06-03,UZS,1,2023-06-06,40.53009355919901,False
hgb_plus_cnyrub_basis,2023,2023-06-03,UZS,2,2023-06-07,11.370433487196685,False
hgb_plus_cnyrub_basis,2023,2023-06-03,UZS,3,2023-06-08,25.53410001467249,False
hgb_plus_cnyrub_basis,2023,2023-06-03,UZS,5,2023-06-10,195.44166939406747,False
hgb_plus_cnyrub_basis,2023,2023-06-09,AMD,1,2023-06-10,89.24824968765455,False
hgb_plus_cnyrub_basis,2023,2023-06-09,AMD,2,2023-06-14,184.0126352514093,False
hgb_plus_cnyrub_basis,2023,2023-06-09,AMD,3,2023-06-15,283.5388133235916,False
hgb_plus_cnyrub_basis,2023,2023-06-09,AMD,5,2023-06-17,202.8240729827213,False
hgb_plus_cnyrub_basis,2023,2023-06-16,KGS,1,2023-06-17,-37.07609989473948,False
hgb_plus_cnyrub_basis,2023,2023-06-16,KGS,2,2023-06-20,16.03431782166931,False
hgb_plus_cnyrub_basis,2023,2023-06-16,KGS,3,2023-06-21,61.059767215505545,False
hgb_plus_cnyrub_basis,2023,2023-06-16,KGS,5,2023-06-23,-9.003003435329449,False
hgb_plus_cnyrub_basis,2023,2023-06-23,KGS,1,2023-06-24,56.583126763329886,False
hgb_plus_cnyrub_basis,2023,2023-06-23,KGS,2,2023-06-27,123.68096263362771,False
hgb_plus_cnyrub_basis,2023,2023-06-23,KGS,3,2023-06-28,171.3887142818371,False
hgb_plus_cnyrub_basis,2023,2023-06-23,KGS,5,2023-06-30,418.56269042900516,False
hgb_plus_cnyrub_basis,2023,2023-06-29,KGS,1,2023-06-30,174.95806288782222,False
hgb_plus_cnyrub_basis,2023,2023-06-29,KGS,2,2023-07-01,335.8538090115082,False
hgb_plus_cnyrub_basis,2023,2023-06-29,KGS,3,2023-07-04,432.8317875662191,False
hgb_plus_cnyrub_basis,2023,2023-06-29,KGS,5,2023-07-06,519.5103172944049,False
hgb_plus_cnyrub_basis,2023,2023-07-06,AMD,1,2023-07-07,246.2321226243658,False
hgb_plus_cnyrub_basis,2023,2023-07-06,AMD,2,2023-07-08,151.01438741261575,False
hgb_plus_cnyrub_basis,2023,2023-07-06,AMD,3,2023-07-11,105.86399298800674,False
hgb_plus_cnyrub_basis,2023,2023-07-06,AMD,5,2023-07-13,31.553968830835277,False
hgb_plus_cnyrub_basis,2023,2023-07-14,TJS,1,2023-07-15,-6.745717922416183,False
hgb_plus_cnyrub_basis,2023,2023-07-14,TJS,2,2023-07-18,28.20606291078276,False
hgb_plus_cnyrub_basis,2023,2023-07-14,TJS,3,2023-07-19,56.18202054234578,False
hgb_plus_cnyrub_basis,2023,2023-07-14,TJS,5,2023-07-21,74.82054815922012,False
hgb_plus_cnyrub_basis,2023,2023-07-20,TJS,1,2023-07-21,-38.37900494795821,False
hgb_plus_cnyrub_basis,2023,2023-07-20,TJS,2,2023-07-22,-87.63106340379356,False
hgb_plus_cnyrub_basis,2023,2023-07-20,TJS,3,2023-07-25,-76.6382626105866,False
hgb_plus_cnyrub_basis,2023,2023-07-20,TJS,5,2023-07-27,-125.59095285309851,False
hgb_plus_cnyrub_basis,2023,2023-07-26,TJS,1,2023-07-27,-4.836346049650331,False
hgb_plus_cnyrub_basis,2023,2023-07-26,TJS,2,2023-07-28,-7.066640969791704,False
hgb_plus_cnyrub_basis,2023,2023-07-26,TJS,3,2023-07-29,98.7511560564025,False
hgb_plus_cnyrub_basis,2023,2023-07-26,TJS,5,2023-08-02,183.3205455010467,False
hgb_plus_cnyrub_basis,2023,2023-08-01,TJS,1,2023-08-02,15.963509253829056,False
hgb_plus_cnyrub_basis,2023,2023-08-01,TJS,2,2023-08-03,132.250342160356,False
hgb_plus_cnyrub_basis,2023,2023-08-01,TJS,3,2023-08-04,231.54837694387754,False
hgb_plus_cnyrub_basis,2023,2023-08-01,TJS,5,2023-08-08,532.5064259383794,False
hgb_plus_cnyrub_basis,2023,2023-08-05,TJS,1,2023-08-08,183.88430228402973,False
hgb_plus_cnyrub_basis,2023,2023-08-05,TJS,2,2023-08-09,129.56742462841396,False
hgb_plus_cnyrub_basis,2023,2023-08-05,TJS,3,2023-08-10,265.4518375750148,False
hgb_plus_cnyrub_basis,2023,2023-08-05,TJS,5,2023-08-12,345.4516531373986,False
hgb_plus_cnyrub_basis,2023,2023-08-12,TJS,1,2023-08-15,280.4327721260891,False
hgb_plus_cnyrub_basis,2023,2023-08-12,TJS,2,2023-08-16,-96.48233367132164,False
hgb_plus_cnyrub_basis,2023,2023-08-12,TJS,3,2023-08-17,-169.03071968979444,False
hgb_plus_cnyrub_basis,2023,2023-08-12,TJS,5,2023-08-19,-503.70485921534925,False
hgb_plus_cnyrub_basis,2023,2023-08-25,TJS,1,2023-08-26,32.30012411514327,False
hgb_plus_cnyrub_basis,2023,2023-08-25,TJS,2,2023-08-29,112.52796654347863,False
hgb_plus_cnyrub_basis,2023,2023-08-25,TJS,3,2023-08-30,137.17683911589117,False
hgb_plus_cnyrub_basis,2023,2023-08-25,TJS,5,2023-09-01,202.88007504960515,False
hgb_plus_cnyrub_basis,2023,2023-08-31,UZS,1,2023-09-01,38.08312022071547,False
hgb_plus_cnyrub_basis,2023,2023-08-31,UZS,2,2023-09-02,38.775998689830615,False
hgb_plus_cnyrub_basis,2023,2023-08-31,UZS,3,2023-09-05,57.82385769536047,False
hgb_plus_cnyrub_basis,2023,2023-08-31,UZS,5,2023-09-07,161.73043248214336,False
hgb_plus_cnyrub_basis,2023,2023-09-06,KGS,1,2023-09-07,31.312217194570113,False
hgb_plus_cnyrub_basis,2023,2023-09-06,KGS,2,2023-09-08,54.66063348416262,False
hgb_plus_cnyrub_basis,2023,2023-09-06,KGS,3,2023-09-09,27.239819004525323,False
hgb_plus_cnyrub_basis,2023,2023-09-06,KGS,5,2023-09-13,-303.8009049773749,False
hgb_plus_cnyrub_basis,2023,2023-09-15,UZS,1,2023-09-16,55.813847601509096,False
hgb_plus_cnyrub_basis,2023,2023-09-15,UZS,2,2023-09-19,39.877874798903704,False
hgb_plus_cnyrub_basis,2023,2023-09-15,UZS,3,2023-09-20,7.879453219068466,False
hgb_plus_cnyrub_basis,2023,2023-09-15,UZS,5,2023-09-22,-21.981524389625974,False
hgb_plus_cnyrub_basis,2023,2023-09-23,AMD,1,2023-09-26,4.11263789433125,False
hgb_plus_cnyrub_basis,2023,2023-09-23,AMD,2,2023-09-27,8.265595768015555,False
hgb_plus_cnyrub_basis,2023,2023-09-23,AMD,3,2023-09-28,12.821753435263705,False
hgb_plus_cnyrub_basis,2023,2023-09-23,AMD,5,2023-09-30,-15.84575188697368,False
hgb_plus_cnyrub_basis,2023,2023-09-29,KZT,1,2023-09-30,151.89520624303123,False
hgb_plus_cnyrub_basis,2023,2023-09-29,KZT,2,2023-10-03,329.8196368848538,False
hgb_plus_cnyrub_basis,2023,2023-09-29,KZT,3,2023-10-04,328.12748845357567,False
hgb_plus_cnyrub_basis,2023,2023-09-29,KZT,5,2023-10-06,408.9524605828965,False
hgb_plus_cnyrub_basis,2023,2023-10-05,UZS,1,2023-10-06,28.82793029708619,False
hgb_plus_cnyrub_basis,2023,2023-10-05,UZS,2,2023-10-07,118.93517216305494,False
hgb_plus_cnyrub_basis,2023,2023-10-05,UZS,3,2023-10-10,213.37827231401096,False
hgb_plus_cnyrub_basis,2023,2023-10-05,UZS,5,2023-10-12,65.82397889308922,False
hgb_plus_cnyrub_basis,2023,2023-10-11,TJS,1,2023-10-12,11.987485591962166,False
hgb_plus_cnyrub_basis,2023,2023-10-11,TJS,2,2023-10-13,-285.3394807618426,False
hgb_plus_cnyrub_basis,2023,2023-10-11,TJS,3,2023-10-14,-254.02052802019904,False
hgb_plus_cnyrub_basis,2023,2023-10-11,TJS,5,2023-10-18,-253.12036884571066,False
hgb_plus_cnyrub_basis,2023,2023-10-24,AMD,1,2023-10-25,-128.84923280771622,False
hgb_plus_cnyrub_basis,2023,2023-10-24,AMD,2,2023-10-26,-169.06684107037552,False
hgb_plus_cnyrub_basis,2023,2023-10-24,AMD,3,2023-10-27,-127.66011661832333,False
hgb_plus_cnyrub_basis,2023,2023-10-24,AMD,5,2023-10-31,-155.85915768105417,False
hgb_plus_cnyrub_basis,2023,2023-10-28,AMD,1,2023-10-31,10.01869869195593,False
hgb_plus_cnyrub_basis,2023,2023-10-28,AMD,2,2023-11-01,-139.18218053522335,False
hgb_plus_cnyrub_basis,2023,2023-10-28,AMD,3,2023-11-02,10.709643429331894,False
hgb_plus_cnyrub_basis,2023,2023-10-28,AMD,5,2023-11-04,-11.357404120621029,False
hgb_plus_cnyrub_basis,2023,2023-11-10,UZS,1,2023-11-11,21.122276443645838,False
hgb_plus_cnyrub_basis,2023,2023-11-10,UZS,2,2023-11-14,42.846517700441126,False
hgb_plus_cnyrub_basis,2023,2023-11-10,UZS,3,2023-11-15,-60.009203373143635,False
hgb_plus_cnyrub_basis,2023,2023-11-10,UZS,5,2023-11-17,-312.3394760498266,False
hgb_plus_cnyrub_basis,2023,2023-11-16,AMD,1,2023-11-17,-52.06714680142777,False
hgb_plus_cnyrub_basis,2023,2023-11-16,AMD,2,2023-11-18,-24.59226829894412,False
hgb_plus_cnyrub_basis,2023,2023-11-16,AMD,3,2023-11-21,-89.76628336959114,False
hgb_plus_cnyrub_basis,2023,2023-11-16,AMD,5,2023-11-23,-131.92445759635297,False
hgb_plus_cnyrub_basis,2023,2023-11-22,AMD,1,2023-11-23,37.29189382347231,False
hgb_plus_cnyrub_basis,2023,2023-11-22,AMD,2,2023-11-24,36.23819166384212,False
hgb_plus_cnyrub_basis,2023,2023-11-22,AMD,3,2023-11-25,116.91512658169812,False
hgb_plus_cnyrub_basis,2023,2023-11-22,AMD,5,2023-11-29,90.98489082729256,False
hgb_plus_cnyrub_basis,2023,2023-11-28,UZS,1,2023-11-29,-21.887995564180418,False
hgb_plus_cnyrub_basis,2023,2023-11-28,UZS,2,2023-11-30,4.920986969780827,False
hgb_plus_cnyrub_basis,2023,2023-11-28,UZS,3,2023-12-01,-0.6930967563067991,False
hgb_plus_cnyrub_basis,2023,2023-11-28,UZS,5,2023-12-05,218.63044080953742,False
hgb_plus_cnyrub_basis,2023,2023-12-02,UZS,1,2023-12-05,84.98413045857411,False
hgb_plus_cnyrub_basis,2023,2023-12-02,UZS,2,2023-12-06,209.45058553135664,False
hgb_plus_cnyrub_basis,2023,2023-12-02,UZS,3,2023-12-07,328.62263324942467,False
hgb_plus_cnyrub_basis,2023,2023-12-02,UZS,5,2023-12-09,188.36872058662468,False
hgb_plus_cnyrub_basis,2023,2023-12-09,AMD,1,2023-12-12,-78.94042066355689,False
hgb_plus_cnyrub_basis,2023,2023-12-09,AMD,2,2023-12-13,-163.9971838422938,False
hgb_plus_cnyrub_basis,2023,2023-12-09,AMD,3,2023-12-14,-212.09187714511967,False
hgb_plus_cnyrub_basis,2023,2023-12-09,AMD,5,2023-12-16,-261.8586640851883,False
hgb_plus_cnyrub_basis,2023,2023-12-15,AMD,1,2023-12-16,-15.249473261538249,False
hgb_plus_cnyrub_basis,2023,2023-12-15,AMD,2,2023-12-19,48.726127581244505,False
hgb_plus_cnyrub_basis,2023,2023-12-15,AMD,3,2023-12-20,15.610407539916604,False
hgb_plus_cnyrub_basis,2023,2023-12-15,AMD,5,2023-12-22,200.40875807026515,False
hgb_plus_cnyrub_basis,2023,2023-12-21,AMD,1,2023-12-22,141.8856481523023,False
hgb_plus_cnyrub_basis,2023,2023-12-21,AMD,2,2023-12-23,167.63410279644341,False
hgb_plus_cnyrub_basis,2023,2023-12-21,AMD,3,2023-12-26,178.22057543758874,False
hgb_plus_cnyrub_basis,2023,2023-12-21,AMD,5,2023-12-28,152.78612633788714,False
hgb_plus_cnyrub_basis,2024,2024-01-13,AMD,1,2024-01-16,-55.09996642489523,False
hgb_plus_cnyrub_basis,2024,2024-01-13,AMD,2,2024-01-17,-61.58502090395257,False
hgb_plus_cnyrub_basis,2024,2024-01-13,AMD,3,2024-01-18,21.662841557701373,False
hgb_plus_cnyrub_basis,2024,2024-01-13,AMD,5,2024-01-20,50.13269065370363,False
hgb_plus_cnyrub_basis,2024,2024-01-19,AMD,1,2024-01-20,-12.249692614988428,False
hgb_plus_cnyrub_basis,2024,2024-01-19,AMD,2,2024-01-23,-75.23505240400242,False
hgb_plus_cnyrub_basis,2024,2024-01-19,AMD,3,2024-01-24,-80.40003473793521,False
hgb_plus_cnyrub_basis,2024,2024-01-19,AMD,5,2024-01-26,25.18500235395127,False
hgb_plus_cnyrub_basis,2024,2024-01-25,AMD,1,2024-01-26,55.93456572769995,False
hgb_plus_cnyrub_basis,2024,2024-01-25,AMD,2,2024-01-27,168.53726525821733,False
hgb_plus_cnyrub_basis,2024,2024-01-25,AMD,3,2024-01-30,174.0848738262901,False
hgb_plus_cnyrub_basis,2024,2024-01-25,AMD,5,2024-02-01,183.52956279342746,False
hgb_plus_cnyrub_basis,2024,2024-01-31,UZS,1,2024-02-01,37.56892854807292,False
hgb_plus_cnyrub_basis,2024,2024-01-31,UZS,2,2024-02-02,108.47680257806358,False
hgb_plus_cnyrub_basis,2024,2024-01-31,UZS,3,2024-02-03,146.5188213374824,False
hgb_plus_cnyrub_basis,2024,2024-01-31,UZS,5,2024-02-07,118.91261606363778,False
hgb_plus_cnyrub_basis,2024,2024-02-07,AMD,1,2024-02-08,50.99561812127451,False
hgb_plus_cnyrub_basis,2024,2024-02-07,AMD,2,2024-02-09,57.325493797166786,False
hgb_plus_cnyrub_basis,2024,2024-02-07,AMD,3,2024-02-10,15.022310582928355,False
hgb_plus_cnyrub_basis,2024,2024-02-07,AMD,5,2024-02-14,57.72668310056961,False
hgb_plus_cnyrub_basis,2024,2024-02-13,KGS,1,2024-02-14,14.336213668499909,False
hgb_plus_cnyrub_basis,2024,2024-02-13,KGS,2,2024-02-15,39.08091123330904,False
hgb_plus_cnyrub_basis,2024,2024-02-13,KGS,3,2024-02-16,82.18774548311103,False
hgb_plus_cnyrub_basis,2024,2024-02-13,KGS,5,2024-02-20,146.5043205027494,False
hgb_plus_cnyrub_basis,2024,2024-02-20,TJS,1,2024-02-21,-6.89971583129112,False
hgb_plus_cnyrub_basis,2024,2024-02-20,TJS,2,2024-02-22,0.9839800927791131,False
hgb_plus_cnyrub_basis,2024,2024-02-20,TJS,3,2024-02-23,33.313060972386396,False
hgb_plus_cnyrub_basis,2024,2024-02-20,TJS,5,2024-02-28,-43.79304171956977,False
hgb_plus_cnyrub_basis,2024,2024-02-28,AMD,1,2024-02-29,-16.60830327289031,False
hgb_plus_cnyrub_basis,2024,2024-02-28,AMD,2,2024-03-01,-124.29865068520174,False
hgb_plus_cnyrub_basis,2024,2024-02-28,AMD,3,2024-03-02,-66.4771504018058,False
hgb_plus_cnyrub_basis,2024,2024-02-28,AMD,5,2024-03-06,-86.51256387386508,False
hgb_plus_cnyrub_basis,2024,2024-03-05,AMD,1,2024-03-06,-18.40349666436647,False
hgb_plus_cnyrub_basis,2024,2024-03-05,AMD,2,2024-03-07,-105.90858416945403,False
hgb_plus_cnyrub_basis,2024,2024-03-05,AMD,3,2024-03-08,-55.56440339049118,False
hgb_plus_cnyrub_basis,2024,2024-03-05,AMD,5,2024-03-13,-32.869706782749915,False
hgb_plus_cnyrub_basis,2024,2024-03-12,AMD,1,2024-03-13,33.31062154591669,False
hgb_plus_cnyrub_basis,2024,2024-03-12,AMD,2,2024-03-14,118.5466237369348,False
hgb_plus_cnyrub_basis,2024,2024-03-12,AMD,3,2024-03-15,134.8902040943556,False
hgb_plus_cnyrub_basis,2024,2024-03-12,AMD,5,2024-03-19,190.73448139192095,False
hgb_plus_cnyrub_basis,2024,2024-03-16,TJS,1,2024-03-19,10.550547853589443,False
hgb_plus_cnyrub_basis,2024,2024-03-16,TJS,2,2024-03-20,33.98826206845618,False
hgb_plus_cnyrub_basis,2024,2024-03-16,TJS,3,2024-03-21,87.18209768734386,False
hgb_plus_cnyrub_basis,2024,2024-03-16,TJS,5,2024-03-23,75.96394454584265,False
hgb_plus_cnyrub_basis,2024,2024-03-22,AMD,1,2024-03-23,90.18340036055949,False
hgb_plus_cnyrub_basis,2024,2024-03-22,AMD,2,2024-03-26,151.76466509499332,False
hgb_plus_cnyrub_basis,2024,2024-03-22,AMD,3,2024-03-27,139.15372347801824,False
hgb_plus_cnyrub_basis,2024,2024-03-22,AMD,5,2024-03-29,136.2501733462751,False
hgb_plus_cnyrub_basis,2024,2024-03-29,AMD,1,2024-03-30,41.25765297397166,False
hgb_plus_cnyrub_basis,2024,2024-03-29,AMD,2,2024-04-02,66.65355542634366,False
hgb_plus_cnyrub_basis,2024,2024-03-29,AMD,3,2024-04-03,117.488114375619,False
hgb_plus_cnyrub_basis,2024,2024-03-29,AMD,5,2024-04-05,155.79573827684047,False
hgb_plus_cnyrub_basis,2024,2024-04-04,AMD,1,2024-04-05,19.994431930348,False
hgb_plus_cnyrub_basis,2024,2024-04-04,AMD,2,2024-04-06,35.0113470510327,False
hgb_plus_cnyrub_basis,2024,2024-04-04,AMD,3,2024-04-09,38.259387681067736,False
hgb_plus_cnyrub_basis,2024,2024-04-04,AMD,5,2024-04-11,73.10200534872192,False
hgb_plus_cnyrub_basis,2024,2024-04-10,AMD,1,2024-04-11,31.5061184882115,False
hgb_plus_cnyrub_basis,2024,2024-04-10,AMD,2,2024-04-12,57.17310301660561,False
hgb_plus_cnyrub_basis,2024,2024-04-10,AMD,3,2024-04-13,-33.18644480758248,False
hgb_plus_cnyrub_basis,2024,2024-04-10,AMD,5,2024-04-17,-1.3022528975126235,False
hgb_plus_cnyrub_basis,2024,2024-04-16,TJS,1,2024-04-17,53.67363209865417,False
hgb_plus_cnyrub_basis,2024,2024-04-16,TJS,2,2024-04-18,79.36646903843992,False
hgb_plus_cnyrub_basis,2024,2024-04-16,TJS,3,2024-04-19,54.852630976853774,False
hgb_plus_cnyrub_basis,2024,2024-04-16,TJS,5,2024-04-23,-35.941955900772314,False
hgb_plus_cnyrub_basis,2024,2024-04-23,AMD,1,2024-04-24,40.1716003156638,False
hgb_plus_cnyrub_basis,2024,2024-04-23,AMD,2,2024-04-25,-44.4112362946425,False
hgb_plus_cnyrub_basis,2024,2024-04-23,AMD,3,2024-04-26,-47.97924677199972,False
hgb_plus_cnyrub_basis,2024,2024-04-23,AMD,5,2024-04-28,-72.7454371442482,False
hgb_plus_cnyrub_basis,2024,2024-04-28,KZT,1,2024-05-03,59.416558380391834,False
hgb_plus_cnyrub_basis,2024,2024-04-28,KZT,2,2024-05-04,-9.951065875090093,False
hgb_plus_cnyrub_basis,2024,2024-04-28,KZT,3,2024-05-07,-12.801128431548792,False
hgb_plus_cnyrub_basis,2024,2024-04-28,KZT,5,2024-05-09,94.10037050813224,False
hgb_plus_cnyrub_basis,2024,2024-05-08,UZS,1,2024-05-09,48.400439726392634,False
hgb_plus_cnyrub_basis,2024,2024-05-08,UZS,2,2024-05-14,0.6384916052226686,False
hgb_plus_cnyrub_basis,2024,2024-05-08,UZS,3,2024-05-15,-14.949031713600291,False
hgb_plus_cnyrub_basis,2024,2024-05-08,UZS,5,2024-05-17,-84.46133516922805,False
hgb_plus_cnyrub_basis,2024,2024-05-17,AMD,1,2024-05-18,19.591439522634868,False
hgb_plus_cnyrub_basis,2024,2024-05-17,AMD,2,2024-05-21,-26.634113860836138,False
hgb_plus_cnyrub_basis,2024,2024-05-17,AMD,3,2024-05-22,-60.56699930853782,False
hgb_plus_cnyrub_basis,2024,2024-05-17,AMD,5,2024-05-24,-61.207242430191265,False
hgb_plus_cnyrub_basis,2024,2024-05-28,KGS,1,2024-05-29,-26.36874609673101,False
hgb_plus_cnyrub_basis,2024,2024-05-28,KGS,2,2024-05-30,89.31669260584529,False
hgb_plus_cnyrub_basis,2024,2024-05-28,KGS,3,2024-05-31,148.9933285089773,False
hgb_plus_cnyrub_basis,2024,2024-05-28,KGS,5,2024-06-04,102.40193502978778,False
hgb_plus_cnyrub_basis,2024,2024-06-01,KZT,1,2024-06-04,-144.9897175659476,False
hgb_plus_cnyrub_basis,2024,2024-06-01,KZT,2,2024-06-05,-209.39671455272645,False
hgb_plus_cnyrub_basis,2024,2024-06-01,KZT,3,2024-06-06,-231.24380464854767,False
hgb_plus_cnyrub_basis,2024,2024-06-01,KZT,5,2024-06-08,-204.90893758044803,False
hgb_plus_cnyrub_basis,2024,2024-06-07,AMD,1,2024-06-08,-1.4849106869896378,False
hgb_plus_cnyrub_basis,2024,2024-06-07,AMD,2,2024-06-11,29.21780145870745,False
hgb_plus_cnyrub_basis,2024,2024-06-07,AMD,3,2024-06-12,31.22679827051611,False
hgb_plus_cnyrub_basis,2024,2024-06-07,AMD,5,2024-06-15,12.709088526881018,False
hgb_plus_cnyrub_basis,2024,2024-06-14,TJS,1,2024-06-15,70.77620294611009,False
hgb_plus_cnyrub_basis,2024,2024-06-14,TJS,2,2024-06-18,71.96817199383476,False
hgb_plus_cnyrub_basis,2024,2024-06-14,TJS,3,2024-06-19,-155.8803603638681,False
hgb_plus_cnyrub_basis,2024,2024-06-14,TJS,5,2024-06-21,-247.35790330212114,False
hgb_plus_cnyrub_basis,2024,2024-06-20,AMD,1,2024-06-21,348.80385250257495,False
hgb_plus_cnyrub_basis,2024,2024-06-20,AMD,2,2024-06-22,646.8649037579777,False
hgb_plus_cnyrub_basis,2024,2024-06-20,AMD,3,2024-06-25,588.6917386581136,False
hgb_plus_cnyrub_basis,2024,2024-06-20,AMD,5,2024-06-27,633.5560874901836,False
hgb_plus_cnyrub_basis,2024,2024-06-26,KGS,1,2024-06-27,74.10934849251261,False
hgb_plus_cnyrub_basis,2024,2024-06-26,KGS,2,2024-06-28,-249.60068255999724,False
hgb_plus_cnyrub_basis,2024,2024-06-26,KGS,3,2024-06-29,-159.11187832971186,False
hgb_plus_cnyrub_basis,2024,2024-06-26,KGS,5,2024-07-03,135.51990634641965,False
hgb_plus_cnyrub_basis,2024,2024-07-02,KGS,1,2024-07-03,105.44328714007456,False
hgb_plus_cnyrub_basis,2024,2024-07-02,KGS,2,2024-07-04,108.70747895585397,False
hgb_plus_cnyrub_basis,2024,2024-07-02,KGS,3,2024-07-05,132.74380050842137,False
hgb_plus_cnyrub_basis,2024,2024-07-02,KGS,5,2024-07-09,168.55099557850474,False
hgb_plus_cnyrub_basis,2024,2024-07-06,AMD,1,2024-07-09,6.162812707719567,False
hgb_plus_cnyrub_basis,2024,2024-07-06,AMD,2,2024-07-10,-15.979292949301893,False
hgb_plus_cnyrub_basis,2024,2024-07-06,AMD,3,2024-07-11,-29.669541178594105,False
hgb_plus_cnyrub_basis,2024,2024-07-06,AMD,5,2024-07-13,-45.25265331097095,False
hgb_plus_cnyrub_basis,2024,2024-07-13,AMD,1,2024-07-16,12.29321529488292,False
hgb_plus_cnyrub_basis,2024,2024-07-13,AMD,2,2024-07-17,62.30626025355734,False
hgb_plus_cnyrub_basis,2024,2024-07-13,AMD,3,2024-07-18,33.29780977354923,False
hgb_plus_cnyrub_basis,2024,2024-07-13,AMD,5,2024-07-20,22.110099451226883,False
hgb_plus_cnyrub_basis,2024,2024-07-19,AMD,1,2024-07-20,6.711142704503015,False
hgb_plus_cnyrub_basis,2024,2024-07-19,AMD,2,2024-07-23,-4.635986736662989,False
hgb_plus_cnyrub_basis,2024,2024-07-19,AMD,3,2024-07-24,-63.5350944195967,False
hgb_plus_cnyrub_basis,2024,2024-07-19,AMD,5,2024-07-26,-278.07089969049235,False
hgb_plus_cnyrub_basis,2024,2024-07-25,AMD,1,2024-07-26,-119.05189280393414,False
hgb_plus_cnyrub_basis,2024,2024-07-25,AMD,2,2024-07-27,-114.11570425948203,False
hgb_plus_cnyrub_basis,2024,2024-07-25,AMD,3,2024-07-30,19.655005295184935,False
hgb_plus_cnyrub_basis,2024,2024-07-25,AMD,5,2024-08-01,-43.57308251512259,False
hgb_plus_cnyrub_basis,2024,2024-07-31,KZT,1,2024-08-01,-69.24190258985607,False
hgb_plus_cnyrub_basis,2024,2024-07-31,KZT,2,2024-08-02,-77.13646630556403,False
hgb_plus_cnyrub_basis,2024,2024-07-31,KZT,3,2024-08-03,-102.41003486765709,False
hgb_plus_cnyrub_basis,2024,2024-07-31,KZT,5,2024-08-07,-214.79792109822205,False
hgb_plus_cnyrub_basis,2024,2024-08-06,KGS,1,2024-08-07,15.816803612995756,False
hgb_plus_cnyrub_basis,2024,2024-08-06,KGS,2,2024-08-08,90.52384457752139,False
hgb_plus_cnyrub_basis,2024,2024-08-06,KGS,3,2024-08-09,112.20977657521391,False
hgb_plus_cnyrub_basis,2024,2024-08-06,KGS,5,2024-08-13,477.38893420607553,False
hgb_plus_cnyrub_basis,2024,2024-08-10,TJS,1,2024-08-13,218.6641894672481,False
hgb_plus_cnyrub_basis,2024,2024-08-10,TJS,2,2024-08-14,523.9541493491306,False
hgb_plus_cnyrub_basis,2024,2024-08-10,TJS,3,2024-08-15,179.8937724265559,False
hgb_plus_cnyrub_basis,2024,2024-08-10,TJS,5,2024-08-17,35.75012694844837,False
hgb_plus_cnyrub_basis,2024,2024-08-16,UZS,1,2024-08-17,-9.183193334652007,False
hgb_plus_cnyrub_basis,2024,2024-08-16,UZS,2,2024-08-20,56.03738099875022,False
hgb_plus_cnyrub_basis,2024,2024-08-16,UZS,3,2024-08-21,199.1160821028659,False
hgb_plus_cnyrub_basis,2024,2024-08-16,UZS,5,2024-08-23,262.57393821103926,False
hgb_plus_cnyrub_basis,2024,2024-08-22,TJS,1,2024-08-23,-42.20376494353029,False
hgb_plus_cnyrub_basis,2024,2024-08-22,TJS,2,2024-08-24,-12.357429933839148,False
hgb_plus_cnyrub_basis,2024,2024-08-22,TJS,3,2024-08-27,8.31973860893953,False
hgb_plus_cnyrub_basis,2024,2024-08-22,TJS,5,2024-08-29,-22.201484287912578,False
hgb_plus_cnyrub_basis,2024,2024-08-28,KGS,1,2024-08-29,0.3722592413368808,False
hgb_plus_cnyrub_basis,2024,2024-08-28,KGS,2,2024-08-30,6.5145367233765406,False
hgb_plus_cnyrub_basis,2024,2024-08-28,KGS,3,2024-08-31,-6.142277482037439,False
hgb_plus_cnyrub_basis,2024,2024-08-28,KGS,5,2024-09-04,-253.04321929791706,False
hgb_plus_cnyrub_basis,2024,2024-09-03,UZS,1,2024-09-04,-154.38761869091766,False
hgb_plus_cnyrub_basis,2024,2024-09-03,UZS,2,2024-09-05,-130.91946622227235,False
hgb_plus_cnyrub_basis,2024,2024-09-03,UZS,3,2024-09-06,-52.8840016776988,False
hgb_plus_cnyrub_basis,2024,2024-09-03,UZS,5,2024-09-10,-16.70685570242525,False
hgb_plus_cnyrub_basis,2024,2024-09-07,AMD,1,2024-09-10,61.06547839652477,False
hgb_plus_cnyrub_basis,2024,2024-09-07,AMD,2,2024-09-11,140.23081630366363,False
hgb_plus_cnyrub_basis,2024,2024-09-07,AMD,3,2024-09-12,155.87426630926603,False
hgb_plus_cnyrub_basis,2024,2024-09-07,AMD,5,2024-09-14,120.10549632400335,False
hgb_plus_cnyrub_basis,2024,2024-09-13,AMD,1,2024-09-14,-18.192560602905417,False
hgb_plus_cnyrub_basis,2024,2024-09-13,AMD,2,2024-09-17,5.6532957013688545,False
hgb_plus_cnyrub_basis,2024,2024-09-13,AMD,3,2024-09-18,26.26869731914727,False
hgb_plus_cnyrub_basis,2024,2024-09-13,AMD,5,2024-09-20,161.5652403075729,False
hgb_plus_cnyrub_basis,2024,2024-09-19,AMD,1,2024-09-20,94.62843244475661,False
hgb_plus_cnyrub_basis,2024,2024-09-19,AMD,2,2024-09-21,94.9662403249718,False
hgb_plus_cnyrub_basis,2024,2024-09-19,AMD,3,2024-09-24,116.9237525388378,False
hgb_plus_cnyrub_basis,2024,2024-09-19,AMD,5,2024-09-26,67.56157604266511,False
hgb_plus_cnyrub_basis,2024,2024-09-26,AMD,1,2024-09-27,3.3554091292287147,False
hgb_plus_cnyrub_basis,2024,2024-09-26,AMD,2,2024-09-28,39.80354079548442,False
hgb_plus_cnyrub_basis,2024,2024-09-26,AMD,3,2024-10-01,95.75498802538496,False
hgb_plus_cnyrub_basis,2024,2024-09-26,AMD,5,2024-10-03,237.6049089635557,False
hgb_plus_cnyrub_basis,2024,2024-10-02,AMD,1,2024-10-03,121.03646021221826,False
hgb_plus_cnyrub_basis,2024,2024-10-02,AMD,2,2024-10-04,180.2485414671162,False
hgb_plus_cnyrub_basis,2024,2024-10-02,AMD,3,2024-10-05,165.07233576733117,False
hgb_plus_cnyrub_basis,2024,2024-10-02,AMD,5,2024-10-09,286.3161211940279,False
hgb_plus_cnyrub_basis,2024,2024-10-09,UZS,1,2024-10-10,93.64395328186336,False
hgb_plus_cnyrub_basis,2024,2024-10-09,UZS,2,2024-10-11,131.1068598123133,False
hgb_plus_cnyrub_basis,2024,2024-10-09,UZS,3,2024-10-12,16.721183582886212,False
hgb_plus_cnyrub_basis,2024,2024-10-09,UZS,5,2024-10-16,87.63977032336001,False
hgb_plus_cnyrub_basis,2024,2024-10-15,UZS,1,2024-10-16,76.62600869190462,False
hgb_plus_cnyrub_basis,2024,2024-10-15,UZS,2,2024-10-17,109.96537068263868,False
hgb_plus_cnyrub_basis,2024,2024-10-15,UZS,3,2024-10-18,111.3750126335833,False
hgb_plus_cnyrub_basis,2024,2024-10-15,UZS,5,2024-10-22,-28.299227090659016,False
hgb_plus_cnyrub_basis,2024,2024-10-22,KZT,1,2024-10-23,122.10264900662126,False
hgb_plus_cnyrub_basis,2024,2024-10-22,KZT,2,2024-10-24,74.45283476013475,False
hgb_plus_cnyrub_basis,2024,2024-10-22,KZT,3,2024-10-25,34.12211274430588,False
hgb_plus_cnyrub_basis,2024,2024-10-22,KZT,5,2024-10-29,116.9540461960894,False
hgb_plus_cnyrub_basis,2024,2024-10-26,KZT,1,2024-10-29,58.36419660152803,False
hgb_plus_cnyrub_basis,2024,2024-10-26,KZT,2,2024-10-30,12.546043981411792,False
hgb_plus_cnyrub_basis,2024,2024-10-26,KZT,3,2024-10-31,-94.49680326799381,False
hgb_plus_cnyrub_basis,2024,2024-10-26,KZT,5,2024-11-02,15.055252777693706,False
hgb_plus_cnyrub_basis,2024,2024-11-01,KZT,1,2024-11-02,46.92046678816286,False
hgb_plus_cnyrub_basis,2024,2024-11-01,KZT,2,2024-11-03,61.318807454917575,False
hgb_plus_cnyrub_basis,2024,2024-11-01,KZT,3,2024-11-06,87.69898406113752,False
hgb_plus_cnyrub_basis,2024,2024-11-01,KZT,5,2024-11-08,32.42143842443923,False
hgb_plus_cnyrub_basis,2024,2024-11-08,UZS,1,2024-11-09,-41.5660545626173,False
hgb_plus_cnyrub_basis,2024,2024-11-08,UZS,2,2024-11-12,-40.02753685923288,False
hgb_plus_cnyrub_basis,2024,2024-11-08,UZS,3,2024-11-13,-25.020470108425563,False
hgb_plus_cnyrub_basis,2024,2024-11-08,UZS,5,2024-11-15,79.80734629165154,False
hgb_plus_cnyrub_basis,2024,2024-11-14,UZS,1,2024-11-15,54.79398605764185,False
hgb_plus_cnyrub_basis,2024,2024-11-14,UZS,2,2024-11-16,160.48017896160616,False
hgb_plus_cnyrub_basis,2024,2024-11-14,UZS,3,2024-11-19,145.3412756216843,False
hgb_plus_cnyrub_basis,2024,2024-11-14,UZS,5,2024-11-21,148.26761003017498,False
hgb_plus_cnyrub_basis,2024,2024-11-20,UZS,1,2024-11-21,3.615393885625373,False
hgb_plus_cnyrub_basis,2024,2024-11-20,UZS,2,2024-11-22,40.26933402393462,False
hgb_plus_cnyrub_basis,2024,2024-11-20,UZS,3,2024-11-23,238.7057402711301,False
hgb_plus_cnyrub_basis,2024,2024-11-20,UZS,5,2024-11-27,510.7705404372842,False
hgb_plus_cnyrub_basis,2024,2024-11-26,UZS,1,2024-11-27,133.61713068027248,False
hgb_plus_cnyrub_basis,2024,2024-11-26,UZS,2,2024-11-28,413.5332769694,False
hgb_plus_cnyrub_basis,2024,2024-11-26,UZS,3,2024-11-29,541.7365035573551,False
hgb_plus_cnyrub_basis,2024,2024-11-26,UZS,5,2024-12-03,307.7149369366694,False
hgb_plus_cnyrub_basis,2024,2024-12-05,KZT,1,2024-12-06,-89.54070237252809,False
hgb_plus_cnyrub_basis,2024,2024-12-05,KZT,2,2024-12-07,-488.7597307756009,False
hgb_plus_cnyrub_basis,2024,2024-12-05,KZT,3,2024-12-10,-308.4235516138911,False
hgb_plus_cnyrub_basis,2024,2024-12-05,KZT,5,2024-12-12,202.26963596484683,False
hgb_plus_cnyrub_basis,2024,2024-12-11,AMD,1,2024-12-12,337.3465440334744,False
hgb_plus_cnyrub_basis,2024,2024-12-11,AMD,2,2024-12-13,406.3869261437647,False
hgb_plus_cnyrub_basis,2024,2024-12-11,AMD,3,2024-12-14,362.25476651008614,False
hgb_plus_cnyrub_basis,2024,2024-12-11,AMD,5,2024-12-18,303.75399676311645,False
hgb_plus_cnyrub_basis,2024,2024-12-17,AMD,1,2024-12-18,-11.250617061905333,False
hgb_plus_cnyrub_basis,2024,2024-12-17,AMD,2,2024-12-19,-33.48397935090897,False
hgb_plus_cnyrub_basis,2024,2024-12-17,AMD,3,2024-12-20,21.621083809442165,False
hgb_plus_cnyrub_basis,2024,2024-12-17,AMD,5,2024-12-24,-170.09861510261516,False
hgb_plus_cnyrub_basis,2024,2024-12-21,UZS,1,2024-12-24,-85.1553654547721,False
hgb_plus_cnyrub_basis,2024,2024-12-21,UZS,2,2024-12-25,-261.8065165429606,False
hgb_plus_cnyrub_basis,2024,2024-12-21,UZS,3,2024-12-26,-293.06831047930416,False
hgb_plus_cnyrub_basis,2024,2024-12-21,UZS,5,2024-12-28,-211.95118882878285,False
hgb_plus_cnyrub_basis,2025,2025-01-15,TJS,1,2025-01-16,-62.6502505586779,False
hgb_plus_cnyrub_basis,2025,2025-01-15,TJS,2,2025-01-17,-104.37123315500729,False
hgb_plus_cnyrub_basis,2025,2025-01-15,TJS,3,2025-01-18,-104.18077470034426,False
hgb_plus_cnyrub_basis,2025,2025-01-15,TJS,5,2025-01-22,-340.6349461637437,False
hgb_plus_cnyrub_basis,2025,2025-01-24,KZT,1,2025-01-25,-112.85744322960367,False
hgb_plus_cnyrub_basis,2025,2025-01-24,KZT,2,2025-01-28,-140.29646761984927,False
hgb_plus_cnyrub_basis,2025,2025-01-24,KZT,3,2025-01-29,-35.060975609756404,False
hgb_plus_cnyrub_basis,2025,2025-01-24,KZT,5,2025-01-31,-32.485281749368156,False
hgb_plus_cnyrub_basis,2025,2025-02-01,UZS,1,2025-02-04,203.83210180080047,False
hgb_plus_cnyrub_basis,2025,2025-02-01,UZS,2,2025-02-05,52.19331130793314,False
hgb_plus_cnyrub_basis,2025,2025-02-01,UZS,3,2025-02-06,-7.272621296461335,False
hgb_plus_cnyrub_basis,2025,2025-02-01,UZS,5,2025-02-08,-64.47331120195577,False
hgb_plus_cnyrub_basis,2025,2025-02-07,KZT,1,2025-02-08,50.579804282777644,False
hgb_plus_cnyrub_basis,2025,2025-02-07,KZT,2,2025-02-11,80.34202596075124,False
hgb_plus_cnyrub_basis,2025,2025-02-07,KZT,3,2025-02-12,-8.199252483733765,False
hgb_plus_cnyrub_basis,2025,2025-02-07,KZT,5,2025-02-14,-331.9632417927609,False
hgb_plus_cnyrub_basis,2025,2025-02-15,KGS,1,2025-02-18,124.62477002033623,False
hgb_plus_cnyrub_basis,2025,2025-02-15,KGS,2,2025-02-19,114.0699138181489,False
hgb_plus_cnyrub_basis,2025,2025-02-15,KGS,3,2025-02-20,12.975694780672509,False
hgb_plus_cnyrub_basis,2025,2025-02-15,KGS,5,2025-02-22,-237.14534714825098,False
hgb_plus_cnyrub_basis,2025,2025-02-27,UZS,1,2025-02-28,209.55071427179118,False
hgb_plus_cnyrub_basis,2025,2025-02-27,UZS,2,2025-03-01,276.81686842014443,False
hgb_plus_cnyrub_basis,2025,2025-02-27,UZS,3,2025-03-04,382.1845155892234,False
hgb_plus_cnyrub_basis,2025,2025-02-27,UZS,5,2025-03-06,434.0511288748128,False
hgb_plus_cnyrub_basis,2025,2025-03-07,KZT,1,2025-03-08,-33.43851029495748,False
hgb_plus_cnyrub_basis,2025,2025-03-07,KZT,2,2025-03-11,-94.99198695731681,False
hgb_plus_cnyrub_basis,2025,2025-03-07,KZT,3,2025-03-12,-299.0057172643623,False
hgb_plus_cnyrub_basis,2025,2025-03-07,KZT,5,2025-03-14,-180.22414338078275,False
hgb_plus_cnyrub_basis,2025,2025-03-13,KZT,1,2025-03-14,-12.802580819816223,False
hgb_plus_cnyrub_basis,2025,2025-03-13,KZT,2,2025-03-15,-255.93881832742915,False
hgb_plus_cnyrub_basis,2025,2025-03-13,KZT,3,2025-03-18,-587.3959437814414,False
hgb_plus_cnyrub_basis,2025,2025-03-13,KZT,5,2025-03-20,-587.2267466780967,False
hgb_plus_cnyrub_basis,2025,2025-03-19,KZT,1,2025-03-20,219.1443634159329,False
hgb_plus_cnyrub_basis,2025,2025-03-19,KZT,2,2025-03-21,328.56346859175824,False
hgb_plus_cnyrub_basis,2025,2025-03-19,KZT,3,2025-03-22,306.76537041459227,False
hgb_plus_cnyrub_basis,2025,2025-03-19,KZT,5,2025-03-26,252.33135558453856,False
hgb_plus_cnyrub_basis,2025,2025-03-25,UZS,1,2025-03-26,33.03273187327038,False
hgb_plus_cnyrub_basis,2025,2025-03-25,UZS,2,2025-03-27,48.38423500914235,False
hgb_plus_cnyrub_basis,2025,2025-03-25,UZS,3,2025-03-28,19.656095472464497,False
hgb_plus_cnyrub_basis,2025,2025-03-25,UZS,5,2025-04-01,215.07533036589032,False
hgb_plus_cnyrub_basis,2025,2025-03-29,KZT,1,2025-04-01,111.99761833879273,False
hgb_plus_cnyrub_basis,2025,2025-03-29,KZT,2,2025-04-02,17.68383447454669,False
hgb_plus_cnyrub_basis,2025,2025-03-29,KZT,3,2025-04-03,5.715986900864944,False
hgb_plus_cnyrub_basis,2025,2025-03-29,KZT,5,2025-04-05,4.584697826734985,False
hgb_plus_cnyrub_basis,2025,2025-04-04,TJS,1,2025-04-05,-12.515418712291115,False
hgb_plus_cnyrub_basis,2025,2025-04-04,TJS,2,2025-04-08,195.56791773593486,False
hgb_plus_cnyrub_basis,2025,2025-04-04,TJS,3,2025-04-09,113.42500995691118,False
hgb_plus_cnyrub_basis,2025,2025-04-04,TJS,5,2025-04-11,70.37506299599316,False
hgb_plus_cnyrub_basis,2025,2025-04-10,KZT,1,2025-04-11,-161.30683837392135,False
hgb_plus_cnyrub_basis,2025,2025-04-10,KZT,2,2025-04-12,-178.35308006914795,False
hgb_plus_cnyrub_basis,2025,2025-04-10,KZT,3,2025-04-15,-318.45752594582444,False
hgb_plus_cnyrub_basis,2025,2025-04-10,KZT,5,2025-04-17,-376.1015305477089,False
hgb_plus_cnyrub_basis,2025,2025-04-16,KGS,1,2025-04-17,38.73040767340186,False
hgb_plus_cnyrub_basis,2025,2025-04-16,KGS,2,2025-04-18,-9.414304855591693,False
hgb_plus_cnyrub_basis,2025,2025-04-16,KGS,3,2025-04-19,-101.8041250806212,False
hgb_plus_cnyrub_basis,2025,2025-04-16,KGS,5,2025-04-23,-36.43527240386746,False
hgb_plus_cnyrub_basis,2025,2025-04-22,TJS,1,2025-04-23,113.39640060272993,False
hgb_plus_cnyrub_basis,2025,2025-04-22,TJS,2,2025-04-24,254.42231371633594,False
hgb_plus_cnyrub_basis,2025,2025-04-22,TJS,3,2025-04-25,332.0847216621736,False
hgb_plus_cnyrub_basis,2025,2025-04-22,TJS,5,2025-04-29,313.50145376599636,False
hgb_plus_cnyrub_basis,2025,2025-05-01,TJS,1,2025-05-06,239.10559393341302,False
hgb_plus_cnyrub_basis,2025,2025-05-01,TJS,2,2025-05-07,95.76429647327522,False
hgb_plus_cnyrub_basis,2025,2025-05-01,TJS,3,2025-05-08,75.24801329662934,False
hgb_plus_cnyrub_basis,2025,2025-05-01,TJS,5,2025-05-14,41.96748558666252,False
hgb_plus_cnyrub_basis,2025,2025-05-16,KZT,1,2025-05-17,-29.371722468737318,False
hgb_plus_cnyrub_basis,2025,2025-05-16,KZT,2,2025-05-20,-52.31444130697871,False
hgb_plus_cnyrub_basis,2025,2025-05-16,KZT,3,2025-05-21,-90.19513916901923,False
hgb_plus_cnyrub_basis,2025,2025-05-16,KZT,5,2025-05-23,-157.06938281565107,False
hgb_plus_cnyrub_basis,2025,2025-05-23,TJS,1,2025-05-24,21.49626399065907,False
hgb_plus_cnyrub_basis,2025,2025-05-23,TJS,2,2025-05-27,63.72660472711233,False
hgb_plus_cnyrub_basis,2025,2025-05-23,TJS,3,2025-05-28,109.63869740908017,False
hgb_plus_cnyrub_basis,2025,2025-05-23,TJS,5,2025-05-30,128.4220915451484,False
hgb_plus_cnyrub_basis,2025,2025-05-31,TJS,1,2025-06-03,111.32137776874717,False
hgb_plus_cnyrub_basis,2025,2025-05-31,TJS,2,2025-06-04,125.36831944726768,False
hgb_plus_cnyrub_basis,2025,2025-05-31,TJS,3,2025-06-05,80.11583011583001,False
hgb_plus_cnyrub_basis,2025,2025-05-31,TJS,5,2025-06-07,171.72576712050525,False
hgb_plus_cnyrub_basis,2025,2025-06-06,TJS,1,2025-06-07,5.446970122868766,False
hgb_plus_cnyrub_basis,2025,2025-06-06,TJS,2,2025-06-10,-18.48971509597841,False
hgb_plus_cnyrub_basis,2025,2025-06-06,TJS,3,2025-06-11,-111.40053345326639,False
hgb_plus_cnyrub_basis,2025,2025-06-06,TJS,5,2025-06-17,-326.95563093029455,False
hgb_plus_cnyrub_basis,2025,2025-06-12,UZS,1,2025-06-17,-129.643028458577,False
hgb_plus_cnyrub_basis,2025,2025-06-12,UZS,2,2025-06-18,-68.55149865159116,False
hgb_plus_cnyrub_basis,2025,2025-06-12,UZS,3,2025-06-19,-31.219568541069886,False
hgb_plus_cnyrub_basis,2025,2025-06-12,UZS,5,2025-06-21,27.64199208441065,False
hgb_plus_cnyrub_basis,2025,2025-06-20,UZS,1,2025-06-21,49.55238854732036,False
hgb_plus_cnyrub_basis,2025,2025-06-20,UZS,2,2025-06-24,72.73686106037624,False
hgb_plus_cnyrub_basis,2025,2025-06-20,UZS,3,2025-06-25,155.04013068196488,False
hgb_plus_cnyrub_basis,2025,2025-06-20,UZS,5,2025-06-27,34.39083682761801,False
hgb_plus_cnyrub_basis,2025,2025-06-26,UZS,1,2025-06-27,-58.254375848249,False
hgb_plus_cnyrub_basis,2025,2025-06-26,UZS,2,2025-06-28,-68.9112469017017,False
hgb_plus_cnyrub_basis,2025,2025-06-26,UZS,3,2025-07-01,-114.51755755347514,False
hgb_plus_cnyrub_basis,2025,2025-06-26,UZS,5,2025-07-03,-115.87156957073019,False
hgb_plus_cnyrub_basis,2025,2025-07-02,KZT,1,2025-07-03,36.77713058863219,False
hgb_plus_cnyrub_basis,2025,2025-07-02,KZT,2,2025-07-04,71.10245247135882,False
hgb_plus_cnyrub_basis,2025,2025-07-02,KZT,3,2025-07-05,54.53617743143235,False
hgb_plus_cnyrub_basis,2025,2025-07-02,KZT,5,2025-07-09,-29.42170447090664,False
hgb_plus_cnyrub_basis,2025,2025-07-09,TJS,1,2025-07-10,0.5804095715711277,False
hgb_plus_cnyrub_basis,2025,2025-07-09,TJS,2,2025-07-11,-47.235459814046756,False
hgb_plus_cnyrub_basis,2025,2025-07-09,TJS,3,2025-07-12,-71.24218762542212,False
hgb_plus_cnyrub_basis,2025,2025-07-09,TJS,5,2025-07-16,32.92280676189474,False
hgb_plus_cnyrub_basis,2025,2025-07-16,TJS,1,2025-07-17,0.012308616399447914,False
hgb_plus_cnyrub_basis,2025,2025-07-16,TJS,2,2025-07-18,40.86460645045476,False
hgb_plus_cnyrub_basis,2025,2025-07-16,TJS,3,2025-07-19,39.81837405639066,False
hgb_plus_cnyrub_basis,2025,2025-07-16,TJS,5,2025-07-23,31.706995848304054,False
hgb_plus_cnyrub_basis,2025,2025-07-23,TJS,1,2025-07-24,43.61882910130621,False
hgb_plus_cnyrub_basis,2025,2025-07-23,TJS,2,2025-07-25,96.7098765053409,False
hgb_plus_cnyrub_basis,2025,2025-07-23,TJS,3,2025-07-26,233.2595105611568,False
hgb_plus_cnyrub_basis,2025,2025-07-23,TJS,5,2025-07-30,571.5600326374371,False
hgb_plus_cnyrub_basis,2025,2025-07-29,AMD,1,2025-07-30,330.0556040490177,False
hgb_plus_cnyrub_basis,2025,2025-07-29,AMD,2,2025-07-31,281.68538621424767,False
hgb_plus_cnyrub_basis,2025,2025-07-29,AMD,3,2025-08-01,91.43562613631585,False
hgb_plus_cnyrub_basis,2025,2025-07-29,AMD,5,2025-08-05,17.457645918430575,False
hgb_plus_cnyrub_basis,2025,2025-08-02,KZT,1,2025-08-05,-126.49535824643453,False
hgb_plus_cnyrub_basis,2025,2025-08-02,KZT,2,2025-08-06,-53.991100220137646,False
hgb_plus_cnyrub_basis,2025,2025-08-02,KZT,3,2025-08-07,43.219808405647875,False
hgb_plus_cnyrub_basis,2025,2025-08-02,KZT,5,2025-08-09,-42.613923241081594,False
hgb_plus_cnyrub_basis,2025,2025-08-09,UZS,1,2025-08-12,-76.30804202151565,False
hgb_plus_cnyrub_basis,2025,2025-08-09,UZS,2,2025-08-13,15.012194448171812,False
hgb_plus_cnyrub_basis,2025,2025-08-09,UZS,3,2025-08-14,44.831369329976226,False
hgb_plus_cnyrub_basis,2025,2025-08-09,UZS,5,2025-08-16,39.843090207343224,False
hgb_plus_cnyrub_basis,2025,2025-08-16,KZT,1,2025-08-19,-2.35322593658438,False
hgb_plus_cnyrub_basis,2025,2025-08-16,KZT,2,2025-08-20,3.8996315520534175,False
hgb_plus_cnyrub_basis,2025,2025-08-16,KZT,3,2025-08-21,0.2689401070377073,False
hgb_plus_cnyrub_basis,2025,2025-08-16,KZT,5,2025-08-23,96.14608826614246,False
hgb_plus_cnyrub_basis,2025,2025-08-22,UZS,1,2025-08-23,104.35452578339665,False
hgb_plus_cnyrub_basis,2025,2025-08-22,UZS,2,2025-08-26,142.47390748516108,False
hgb_plus_cnyrub_basis,2025,2025-08-22,UZS,3,2025-08-27,164.87331596680033,False
hgb_plus_cnyrub_basis,2025,2025-08-22,UZS,5,2025-08-29,47.68806105314383,False
hgb_plus_cnyrub_basis,2025,2025-08-28,KZT,1,2025-08-29,-88.46738387411457,False
hgb_plus_cnyrub_basis,2025,2025-08-28,KZT,2,2025-08-30,-85.9454329459719,False
hgb_plus_cnyrub_basis,2025,2025-08-28,KZT,3,2025-09-02,-88.66648526317911,False
hgb_plus_cnyrub_basis,2025,2025-08-28,KZT,5,2025-09-04,-55.21745190042226,False
hgb_plus_cnyrub_basis,2025,2025-09-03,KZT,1,2025-09-04,12.762772795915645,False
hgb_plus_cnyrub_basis,2025,2025-09-03,KZT,2,2025-09-05,56.597217581888515,False
hgb_plus_cnyrub_basis,2025,2025-09-03,KZT,3,2025-09-06,90.94310877089784,False
hgb_plus_cnyrub_basis,2025,2025-09-03,KZT,5,2025-09-10,394.3763614737983,False
hgb_plus_cnyrub_basis,2025,2025-09-09,KZT,1,2025-09-10,162.2101872962589,False
hgb_plus_cnyrub_basis,2025,2025-09-09,KZT,2,2025-09-11,335.65684346684276,False
hgb_plus_cnyrub_basis,2025,2025-09-09,KZT,3,2025-09-12,398.24136196455305,False
hgb_plus_cnyrub_basis,2025,2025-09-09,KZT,5,2025-09-16,34.29736138966577,False
hgb_plus_cnyrub_basis,2025,2025-09-17,UZS,1,2025-09-18,68.13416409722883,False
hgb_plus_cnyrub_basis,2025,2025-09-17,UZS,2,2025-09-19,114.65972409538283,False
hgb_plus_cnyrub_basis,2025,2025-09-17,UZS,3,2025-09-20,115.58367820168725,False
hgb_plus_cnyrub_basis,2025,2025-09-17,UZS,5,2025-09-24,133.9435404431111,False
hgb_plus_cnyrub_basis,2025,2025-09-23,KZT,1,2025-09-24,-106.53921467587257,False
hgb_plus_cnyrub_basis,2025,2025-09-23,KZT,2,2025-09-25,-73.30207152427049,False
hgb_plus_cnyrub_basis,2025,2025-09-23,KZT,3,2025-09-26,-78.51953004225476,False
hgb_plus_cnyrub_basis,2025,2025-09-23,KZT,5,2025-09-30,-192.65948675667332,False
hgb_plus_cnyrub_basis,2025,2025-10-04,TJS,1,2025-10-07,136.43246121065823,False
hgb_plus_cnyrub_basis,2025,2025-10-04,TJS,2,2025-10-08,6.359188344597921,False
hgb_plus_cnyrub_basis,2025,2025-10-04,TJS,3,2025-10-09,-43.274333565025415,False
hgb_plus_cnyrub_basis,2025,2025-10-04,TJS,5,2025-10-11,-59.66716076460487,False
hgb_plus_cnyrub_basis,2025,2025-10-17,UZS,1,2025-10-18,301.38681558369296,False
hgb_plus_cnyrub_basis,2025,2025-10-17,UZS,2,2025-10-21,394.14025941882034,False
hgb_plus_cnyrub_basis,2025,2025-10-17,UZS,3,2025-10-22,434.22100874784377,False
hgb_plus_cnyrub_basis,2025,2025-10-17,UZS,5,2025-10-24,388.7105631569576,False
hgb_plus_cnyrub_basis,2025,2025-10-24,UZS,1,2025-10-25,-59.66588889070867,False
hgb_plus_cnyrub_basis,2025,2025-10-24,UZS,2,2025-10-28,-293.9516627380778,False
hgb_plus_cnyrub_basis,2025,2025-10-24,UZS,3,2025-10-29,-139.64230247493603,False
hgb_plus_cnyrub_basis,2025,2025-10-24,UZS,5,2025-10-31,-2.6653841056734073,False
hgb_plus_cnyrub_basis,2025,2025-10-30,UZS,1,2025-10-31,141.65820765661198,False
hgb_plus_cnyrub_basis,2025,2025-10-30,UZS,2,2025-11-01,201.11296403712453,False
hgb_plus_cnyrub_basis,2025,2025-10-30,UZS,3,2025-11-02,160.43418890177907,False
hgb_plus_cnyrub_basis,2025,2025-10-30,UZS,5,2025-11-07,268.6188853441607,False
hgb_plus_cnyrub_basis,2025,2025-11-06,UZS,1,2025-11-07,6.373589493733345,False
hgb_plus_cnyrub_basis,2025,2025-11-06,UZS,2,2025-11-08,-55.58123309085339,False
hgb_plus_cnyrub_basis,2025,2025-11-06,UZS,3,2025-11-11,-112.310595466949,False
hgb_plus_cnyrub_basis,2025,2025-11-06,UZS,5,2025-11-13,-20.960719258837912,False
hgb_plus_cnyrub_basis,2025,2025-11-14,UZS,1,2025-11-15,54.632471116682346,False
hgb_plus_cnyrub_basis,2025,2025-11-14,UZS,2,2025-11-18,9.432196617480404,False
hgb_plus_cnyrub_basis,2025,2025-11-14,UZS,3,2025-11-19,24.835642117209122,False
hgb_plus_cnyrub_basis,2025,2025-11-14,UZS,5,2025-11-21,67.91181564586024,False
hgb_plus_cnyrub_basis,2025,2025-11-26,KZT,1,2025-11-27,-16.199664153303537,False
hgb_plus_cnyrub_basis,2025,2025-11-26,KZT,2,2025-11-28,-65.25962266635932,False
hgb_plus_cnyrub_basis,2025,2025-11-26,KZT,3,2025-11-29,-33.05785123966953,False
hgb_plus_cnyrub_basis,2025,2025-11-26,KZT,5,2025-12-03,-64.99621349313367,False
hgb_plus_cnyrub_basis,2025,2025-12-03,AMD,1,2025-12-04,64.66949165054858,False
hgb_plus_cnyrub_basis,2025,2025-12-03,AMD,2,2025-12-05,-60.92909487319665,False
hgb_plus_cnyrub_basis,2025,2025-12-03,AMD,3,2025-12-06,-183.47630507857372,False
hgb_plus_cnyrub_basis,2025,2025-12-03,AMD,5,2025-12-10,-95.42933356956884,False
hgb_plus_cnyrub_basis,2025,2025-12-10,KZT,1,2025-12-11,15.220901606798343,False
hgb_plus_cnyrub_basis,2025,2025-12-10,KZT,2,2025-12-12,128.51735182783264,False
hgb_plus_cnyrub_basis,2025,2025-12-10,KZT,3,2025-12-13,146.38536675755321,False
hgb_plus_cnyrub_basis,2025,2025-12-10,KZT,5,2025-12-17,116.27445270932179,False
hgb_plus_cnyrub_basis,2025,2025-12-16,AMD,1,2025-12-17,-3.9875856370052976,False
hgb_plus_cnyrub_basis,2025,2025-12-16,AMD,2,2025-12-18,120.68451951995351,False
hgb_plus_cnyrub_basis,2025,2025-12-16,AMD,3,2025-12-19,78.35845992716584,False
hgb_plus_cnyrub_basis,2025,2025-12-16,AMD,5,2025-12-23,-11.722540908785106,False
logit_plus_kazakhstan_official,2026,2026-01-15,KZT,1,2026-01-16,-18.814431317593083,False
logit_plus_kazakhstan_official,2026,2026-01-15,KZT,2,2026-01-17,-117.23337031342318,False
logit_plus_kazakhstan_official,2026,2026-01-15,KZT,3,2026-01-20,-149.9964317457847,False
logit_plus_kazakhstan_official,2026,2026-01-15,KZT,5,2026-01-22,-81.81033755684797,False
logit_plus_kazakhstan_official,2026,2026-01-21,KZT,1,2026-01-22,11.001388270424073,False
logit_plus_kazakhstan_official,2026,2026-01-21,KZT,2,2026-01-23,-173.00992744322508,False
logit_plus_kazakhstan_official,2026,2026-01-21,KZT,3,2026-01-24,-168.49150011787327,False
logit_plus_kazakhstan_official,2026,2026-01-21,KZT,5,2026-01-28,-9.822668098594667,False
logit_plus_kazakhstan_official,2026,2026-01-27,TJS,1,2026-01-28,70.09610366591978,False
logit_plus_kazakhstan_official,2026,2026-01-27,TJS,2,2026-01-29,37.76204495997027,False
logit_plus_kazakhstan_official,2026,2026-01-27,TJS,3,2026-01-30,-21.6011697864249,False
logit_plus_kazakhstan_official,2026,2026-01-27,TJS,5,2026-02-03,116.40014966964208,False
logit_plus_kazakhstan_official,2026,2026-02-03,KZT,1,2026-02-04,-87.36038925135526,False
logit_plus_kazakhstan_official,2026,2026-02-03,KZT,2,2026-02-05,-62.57683876381592,False
logit_plus_kazakhstan_official,2026,2026-02-03,KZT,3,2026-02-06,-13.79032205605979,False
logit_plus_kazakhstan_official,2026,2026-02-03,KZT,5,2026-02-10,211.7334825116579,False
logit_plus_kazakhstan_official,2026,2026-02-07,KZT,1,2026-02-10,86.93529007344213,False
logit_plus_kazakhstan_official,2026,2026-02-07,KZT,2,2026-02-11,27.243579446518673,False
logit_plus_kazakhstan_official,2026,2026-02-07,KZT,3,2026-02-12,119.12640635340699,False
logit_plus_kazakhstan_official,2026,2026-02-07,KZT,5,2026-02-14,34.82551900946484,False
logit_plus_kazakhstan_official,2026,2026-02-13,KZT,1,2026-02-14,-74.04347273420653,False
logit_plus_kazakhstan_official,2026,2026-02-13,KZT,2,2026-02-17,-182.02618533113002,False
logit_plus_kazakhstan_official,2026,2026-02-13,KZT,3,2026-02-18,-86.24634549383447,False
logit_plus_kazakhstan_official,2026,2026-02-13,KZT,5,2026-02-20,-44.9345366721754,False
logit_plus_kazakhstan_official,2026,2026-02-19,KZT,1,2026-02-20,78.30596592371508,False
logit_plus_kazakhstan_official,2026,2026-02-19,KZT,2,2026-02-21,95.61435116075768,False
logit_plus_kazakhstan_official,2026,2026-02-19,KZT,3,2026-02-25,-85.2550573943478,False
logit_plus_kazakhstan_official,2026,2026-02-19,KZT,5,2026-02-27,-100.37576568693085,False
logit_plus_kazakhstan_official,2026,2026-02-26,UZS,1,2026-02-27,85.96361466206571,False
logit_plus_kazakhstan_official,2026,2026-02-26,UZS,2,2026-02-28,76.2498531825262,False
logit_plus_kazakhstan_official,2026,2026-02-26,UZS,3,2026-03-03,47.997409663604884,False
logit_plus_kazakhstan_official,2026,2026-02-26,UZS,5,2026-03-05,138.64331131335783,False
logit_plus_kazakhstan_official,2026,2026-03-04,UZS,1,2026-03-05,49.415695973116236,False
logit_plus_kazakhstan_official,2026,2026-03-04,UZS,2,2026-03-06,103.23648423291809,False
logit_plus_kazakhstan_official,2026,2026-03-04,UZS,3,2026-03-07,214.0874851328145,False
logit_plus_kazakhstan_official,2026,2026-03-04,UZS,5,2026-03-12,250.16204446626,False
logit_plus_kazakhstan_official,2026,2026-03-11,UZS,1,2026-03-12,60.219662800771175,False
logit_plus_kazakhstan_official,2026,2026-03-11,UZS,2,2026-03-13,87.84350299322563,False
logit_plus_kazakhstan_official,2026,2026-03-11,UZS,3,2026-03-14,253.21596160764904,False
logit_plus_kazakhstan_official,2026,2026-03-11,UZS,5,2026-03-18,427.6676924597256,False
logit_plus_kazakhstan_official,2026,2026-03-17,UZS,1,2026-03-18,74.45530965860314,False
logit_plus_kazakhstan_official,2026,2026-03-17,UZS,2,2026-03-19,182.11789627574194,False
logit_plus_kazakhstan_official,2026,2026-03-17,UZS,3,2026-03-20,380.5559906613842,False
logit_plus_kazakhstan_official,2026,2026-03-17,UZS,5,2026-03-24,18.18493738205529,False
logit_plus_kazakhstan_official,2026,2026-03-25,UZS,1,2026-03-26,-9.806771945098935,False
logit_plus_kazakhstan_official,2026,2026-03-25,UZS,2,2026-03-27,158.08335605511647,False
logit_plus_kazakhstan_official,2026,2026-03-25,UZS,3,2026-03-28,23.138558690742883,False
logit_plus_kazakhstan_official,2026,2026-03-25,UZS,5,2026-04-01,37.29887455617309,False
logit_plus_kazakhstan_official,2026,2026-03-31,UZS,1,2026-04-01,7.975703393956479,False
logit_plus_kazakhstan_official,2026,2026-03-31,UZS,2,2026-04-02,7.975703393956479,False
logit_plus_kazakhstan_official,2026,2026-03-31,UZS,3,2026-04-03,-68.86742007774393,False
logit_plus_kazakhstan_official,2026,2026-03-31,UZS,5,2026-04-07,-287.72612846439836,False
logit_plus_kazakhstan_official,2026,2026-04-04,UZS,1,2026-04-07,-129.41654174820627,False
logit_plus_kazakhstan_official,2026,2026-04-04,UZS,2,2026-04-08,-153.1535932247896,False
logit_plus_kazakhstan_official,2026,2026-04-04,UZS,3,2026-04-09,-225.25011677713368,False
logit_plus_kazakhstan_official,2026,2026-04-04,UZS,5,2026-04-11,-336.19602682973704,False
logit_plus_kazakhstan_official,2026,2026-04-10,UZS,1,2026-04-11,-78.75002938433906,False
logit_plus_kazakhstan_official,2026,2026-04-10,UZS,2,2026-04-14,-145.66796480147914,False
logit_plus_kazakhstan_official,2026,2026-04-10,UZS,3,2026-04-15,-209.15380938575035,False
logit_plus_kazakhstan_official,2026,2026-04-10,UZS,5,2026-04-17,-198.34037251506342,False
logit_plus_kazakhstan_official,2026,2026-04-16,UZS,1,2026-04-17,134.1303160763574,False
logit_plus_kazakhstan_official,2026,2026-04-16,UZS,2,2026-04-18,160.49296698916527,False
logit_plus_kazakhstan_official,2026,2026-04-16,UZS,3,2026-04-21,77.28939450159622,False
logit_plus_kazakhstan_official,2026,2026-04-16,UZS,5,2026-04-23,91.22417003018634,False
logit_plus_kazakhstan_official,2026,2026-04-22,TJS,1,2026-04-23,62.61167078502217,False
logit_plus_kazakhstan_official,2026,2026-04-22,TJS,2,2026-04-24,49.45827789393675,False
logit_plus_kazakhstan_official,2026,2026-04-22,TJS,3,2026-04-25,148.46353671672085,False
logit_plus_kazakhstan_official,2026,2026-04-22,TJS,5,2026-04-29,45.42862573655215,False
logit_plus_kazakhstan_official,2026,2026-04-28,TJS,1,2026-04-29,-15.164893020749304,False
logit_plus_kazakhstan_official,2026,2026-04-28,TJS,2,2026-04-30,18.20039071011692,False
logit_plus_kazakhstan_official,2026,2026-04-28,TJS,3,2026-05-01,21.966423113111144,False
logit_plus_kazakhstan_official,2026,2026-04-28,TJS,5,2026-05-06,119.64395249509208,False
logit_plus_kazakhstan_official,2026,2026-05-05,KZT,1,2026-05-06,-47.24911944822829,False
logit_plus_kazakhstan_official,2026,2026-05-05,KZT,2,2026-05-07,-73.38954137672937,False
logit_plus_kazakhstan_official,2026,2026-05-05,KZT,3,2026-05-08,-119.0432360124194,False
logit_plus_kazakhstan_official,2026,2026-05-05,KZT,5,2026-05-13,-183.842028398562,False
logit_plus_kazakhstan_official,2026,2026-05-09,KZT,1,2026-05-13,-22.142523000155954,False
logit_plus_kazakhstan_official,2026,2026-05-09,KZT,2,2026-05-14,-139.09246842351396,False
logit_plus_kazakhstan_official,2026,2026-05-09,KZT,3,2026-05-15,-244.69047247777874,False
logit_plus_kazakhstan_official,2026,2026-05-09,KZT,5,2026-05-19,-401.99594573522626,False
logit_plus_kazakhstan_official,2026,2026-05-16,KZT,1,2026-05-19,-24.892392262616525,False
logit_plus_kazakhstan_official,2026,2026-05-16,KZT,2,2026-05-20,-116.22932116371997,False
logit_plus_kazakhstan_official,2026,2026-05-16,KZT,3,2026-05-21,-254.2394855572272,False
logit_plus_kazakhstan_official,2026,2026-05-16,KZT,5,2026-05-23,-208.79790489031768,False
logit_plus_kazakhstan_official,2026,2026-05-22,KZT,1,2026-05-23,66.04377149254992,False
logit_plus_kazakhstan_official,2026,2026-05-22,KZT,2,2026-05-26,127.62242422626801,False
logit_plus_kazakhstan_official,2026,2026-05-22,KZT,3,2026-05-27,108.8289393010422,False
logit_plus_kazakhstan_official,2026,2026-05-22,KZT,5,2026-05-29,-38.45333617679137,False
logit_plus_kazakhstan_official,2026,2026-05-28,KZT,1,2026-05-29,66.33443329516986,False
logit_plus_kazakhstan_official,2026,2026-05-28,KZT,2,2026-05-30,-149.37032796821347,False
logit_plus_kazakhstan_official,2026,2026-05-28,KZT,3,2026-06-02,-83.91137450333375,False
logit_plus_kazakhstan_official,2026,2026-05-28,KZT,5,2026-06-04,15.825981547576973,False
logit_plus_kazakhstan_official,2026,2026-06-03,KZT,1,2026-06-04,22.170408905899386,False
logit_plus_kazakhstan_official,2026,2026-06-03,KZT,2,2026-06-05,231.879565486941,False
logit_plus_kazakhstan_official,2026,2026-06-03,KZT,3,2026-06-06,200.8140381142365,False
logit_plus_kazakhstan_official,2026,2026-06-03,KZT,5,2026-06-10,-28.841747756005454,False
logit_plus_kazakhstan_official,2026,2026-06-09,UZS,1,2026-06-10,-226.93881834400352,False
logit_plus_kazakhstan_official,2026,2026-06-09,UZS,2,2026-06-11,-234.38319865673242,False
logit_plus_kazakhstan_official,2026,2026-06-09,UZS,3,2026-06-12,-186.06031587784622,False
logit_plus_kazakhstan_official,2026,2026-06-09,UZS,5,2026-06-17,-152.59339909749147,False
logit_plus_kazakhstan_official,2026,2026-06-16,UZS,1,2026-06-17,-69.89353100398942,False
logit_plus_kazakhstan_official,2026,2026-06-16,UZS,2,2026-06-18,-19.230228662796556,False
logit_plus_kazakhstan_official,2026,2026-06-16,UZS,3,2026-06-19,36.72428018922646,False
logit_plus_kazakhstan_official,2026,2026-06-16,UZS,5,2026-06-23,172.47679723269903,False
logit_plus_kazakhstan_official,2026,2026-06-20,UZS,1,2026-06-23,101.52292598825996,False
logit_plus_kazakhstan_official,2026,2026-06-20,UZS,2,2026-06-24,195.837609293541,False
logit_plus_kazakhstan_official,2026,2026-06-20,UZS,3,2026-06-25,210.59890809079997,False
logit_plus_kazakhstan_official,2026,2026-06-20,UZS,5,2026-06-27,536.1684659907229,False
logit_plus_kazakhstan_official,2026,2026-06-26,UZS,1,2026-06-27,192.1757362050891,False
logit_plus_kazakhstan_official,2026,2026-06-26,UZS,2,2026-06-30,239.85831824390846,False
logit_plus_kazakhstan_official,2026,2026-06-26,UZS,3,2026-07-01,352.02833635122,False
logit_plus_kazakhstan_official,2026,2026-06-26,UZS,5,2026-07-03,393.23040757330176,False
logit_plus_kazakhstan_official,2026,2026-07-02,UZS,1,2026-07-03,-22.369488444718975,False
logit_plus_kazakhstan_official,2026,2026-07-02,UZS,2,2026-07-04,-165.41527651554478,False
logit_plus_kazakhstan_official,2026,2026-07-02,UZS,3,2026-07-07,-126.97391293740145,False
logit_plus_kazakhstan_official,2026,2026-07-02,UZS,5,2026-07-09,-295.3321419204513,False
logit_plus_kazakhstan_official,2026,2026-07-08,UZS,1,2026-07-09,50.20078735805677,False
logit_plus_kazakhstan_official,2026,2026-07-08,UZS,2,2026-07-10,-18.16008350480125,False
logit_plus_kazakhstan_official,2026,2026-07-08,UZS,3,2026-07-11,25.20303762927112,False
logit_plus_kazakhstan_official,2026,2026-07-08,UZS,5,2026-07-15,142.09080989235014,False
logit_plus_kazakhstan_official,2026,2026-07-14,UZS,1,2026-07-15,136.48839106891185,False
logit_plus_kazakhstan_official,2026,2026-07-14,UZS,2,2026-07-16,177.57063921326477,False
logit_plus_kazakhstan_official,2026,2026-07-14,UZS,3,2026-07-17,221.05185075291135,False
logit_plus_kazakhstan_official,2026,2026-07-14,UZS,5,2026-07-21,334.63961098914695,False
logit_plus_kazakhstan_official,2026,2026-07-18,UZS,1,2026-07-21,48.86238425108935,False
logit_plus_kazakhstan_official,2026,2026-07-18,UZS,2,2026-07-22,57.16469263043589,False
logit_plus_kazakhstan_official,2026,2026-07-18,UZS,3,2026-07-23,-4.818715029787368,False
logit_plus_kazakhstan_official,2026,2026-07-18,UZS,5,2026-07-25,-36.86163535525089,False
logit_plus_kazakhstan_official,2026,2026-07-24,UZS,1,2026-07-25,20.80645061709241,False
logit_plus_kazakhstan_official,2026,2026-07-24,UZS,2,2026-07-28,44.267730244675896,False
logit_plus_kazakhstan_official,2026,2026-07-24,UZS,3,2026-07-29,80.27770746253937,False
logit_plus_kazakhstan_official,2026,2026-07-24,UZS,5,2026-07-31,266.2083485111344,False
logit_plus_kazakhstan_official,2026,2026-07-30,UZS,1,2026-07-31,87.23465241874395,False
logit_plus_kazakhstan_official,2026,2026-07-30,UZS,2,2026-08-01,76.29998892884294,False
logit_plus_kazakhstan_official,2026,2026-07-30,UZS,3,2026-08-04,128.22826602929104,False
logit_plus_kazakhstan_official,2026,2026-07-30,UZS,5,2026-08-06,325.56785178601945,False
logit_plus_kazakhstan_official,2026,2026-08-05,UZS,1,2026-08-06,21.947546688216857,False
logit_plus_kazakhstan_official,2026,2026-08-05,UZS,2,2026-08-07,56.716228966935404,False
logit_plus_kazakhstan_official,2026,2026-08-05,UZS,3,2026-08-08,119.49710530847923,False
logit_plus_kazakhstan_official,2026,2026-08-05,UZS,5,2026-08-12,159.94771449642008,False
logit_plus_kazakhstan_official,2026,2026-08-11,UZS,1,2026-08-12,-28.057299304347083,False
logit_plus_kazakhstan_official,2026,2026-08-11,UZS,2,2026-08-13,85.15433681761886,False
logit_plus_kazakhstan_official,2026,2026-08-11,UZS,3,2026-08-14,133.38052892776898,False
logit_plus_kazakhstan_official,2026,2026-08-11,UZS,5,2026-08-18,329.0447948797581,False
logit_plus_kazakhstan_official,2026,2026-08-15,UZS,1,2026-08-18,94.94412642649053,False
logit_plus_kazakhstan_official,2026,2026-08-15,UZS,2,2026-08-19,141.71018037124838,False
logit_plus_kazakhstan_official,2026,2026-08-15,UZS,3,2026-08-20,169.21630147160417,False
logit_plus_kazakhstan_official,2026,2026-08-15,UZS,5,2026-08-22,-116.94337523262988,False
logit_plus_kazakhstan_official,2026,2026-08-22,TJS,1,2026-08-25,35.53966105776407,False
logit_plus_kazakhstan_official,2026,2026-08-22,TJS,2,2026-08-26,177.20779553769938,False
logit_plus_kazakhstan_official,2026,2026-08-22,TJS,3,2026-08-27,158.73564422882015,False
logit_plus_kazakhstan_official,2026,2026-08-22,TJS,5,2026-08-29,317.34866101985835,False
hgb_plus_cnyrub_basis,2026,2026-01-17,KZT,1,2026-01-20,-33.1517101030665,False
hgb_plus_cnyrub_basis,2026,2026-01-17,KZT,2,2026-01-21,24.814547364275796,False
hgb_plus_cnyrub_basis,2026,2026-01-17,KZT,3,2026-01-22,35.843235081731706,False
hgb_plus_cnyrub_basis,2026,2026-01-17,KZT,5,2026-01-24,-144.0950567846122,False
hgb_plus_cnyrub_basis,2026,2026-01-27,TJS,1,2026-01-28,70.09610366591978,False
hgb_plus_cnyrub_basis,2026,2026-01-27,TJS,2,2026-01-29,37.76204495997027,False
hgb_plus_cnyrub_basis,2026,2026-01-27,TJS,3,2026-01-30,-21.6011697864249,False
hgb_plus_cnyrub_basis,2026,2026-01-27,TJS,5,2026-02-03,116.40014966964208,False
hgb_plus_cnyrub_basis,2026,2026-01-31,TJS,1,2026-02-03,170.27737356339,False
hgb_plus_cnyrub_basis,2026,2026-01-31,TJS,2,2026-02-04,176.538571951812,False
hgb_plus_cnyrub_basis,2026,2026-01-31,TJS,3,2026-02-05,167.08490481988525,False
hgb_plus_cnyrub_basis,2026,2026-01-31,TJS,5,2026-02-07,164.80810540591585,False
hgb_plus_cnyrub_basis,2026,2026-02-06,KZT,1,2026-02-07,137.7028250574841,False
hgb_plus_cnyrub_basis,2026,2026-02-06,KZT,2,2026-02-10,225.83523863495714,False
hgb_plus_cnyrub_basis,2026,2026-02-06,KZT,3,2026-02-11,165.32155628945054,False
hgb_plus_cnyrub_basis,2026,2026-02-06,KZT,5,2026-02-13,248.89427367296602,False
hgb_plus_cnyrub_basis,2026,2026-02-12,AMD,1,2026-02-13,-37.2808834351035,False
hgb_plus_cnyrub_basis,2026,2026-02-12,AMD,2,2026-02-14,-19.834404651094538,False
hgb_plus_cnyrub_basis,2026,2026-02-12,AMD,3,2026-02-17,-113.20717937221892,False
hgb_plus_cnyrub_basis,2026,2026-02-12,AMD,5,2026-02-19,-174.07492239240872,False
hgb_plus_cnyrub_basis,2026,2026-02-19,KGS,1,2026-02-20,64.08968191720099,False
hgb_plus_cnyrub_basis,2026,2026-02-19,KGS,2,2026-02-21,78.71972219000378,False
hgb_plus_cnyrub_basis,2026,2026-02-19,KGS,3,2026-02-25,63.262866454374404,False
hgb_plus_cnyrub_basis,2026,2026-02-19,KGS,5,2026-02-27,127.2951306311021,False
hgb_plus_cnyrub_basis,2026,2026-02-26,UZS,1,2026-02-27,85.96361466206571,False
hgb_plus_cnyrub_basis,2026,2026-02-26,UZS,2,2026-02-28,76.2498531825262,False
hgb_plus_cnyrub_basis,2026,2026-02-26,UZS,3,2026-03-03,47.997409663604884,False
hgb_plus_cnyrub_basis,2026,2026-02-26,UZS,5,2026-03-05,138.64331131335783,False
hgb_plus_cnyrub_basis,2026,2026-03-05,KGS,1,2026-03-06,50.760850750060094,False
hgb_plus_cnyrub_basis,2026,2026-03-05,KGS,2,2026-03-07,173.40293279919817,False
hgb_plus_cnyrub_basis,2026,2026-03-05,KGS,3,2026-03-11,120.65256243382282,False
hgb_plus_cnyrub_basis,2026,2026-03-05,KGS,5,2026-03-13,162.74720062225967,False
hgb_plus_cnyrub_basis,2026,2026-03-12,UZS,1,2026-03-13,27.458486114970704,False
hgb_plus_cnyrub_basis,2026,2026-03-12,UZS,2,2026-03-14,191.84103854164692,False
hgb_plus_cnyrub_basis,2026,2026-03-12,UZS,3,2026-03-17,288.6440971929116,False
hgb_plus_cnyrub_basis,2026,2026-03-12,UZS,5,2026-03-19,476.01871904397353,False
hgb_plus_cnyrub_basis,2026,2026-03-18,UZS,1,2026-03-19,106.8669057610716,False
hgb_plus_cnyrub_basis,2026,2026-03-18,UZS,2,2026-03-20,303.83844247074745,False
hgb_plus_cnyrub_basis,2026,2026-03-18,UZS,3,2026-03-21,201.8580655861024,False
hgb_plus_cnyrub_basis,2026,2026-03-18,UZS,5,2026-03-25,-170.27331984848738,False
hgb_plus_cnyrub_basis,2026,2026-03-24,TJS,1,2026-03-25,-361.6495042039325,False
hgb_plus_cnyrub_basis,2026,2026-03-24,TJS,2,2026-03-26,-390.35707309982735,False
hgb_plus_cnyrub_basis,2026,2026-03-24,TJS,3,2026-03-27,-222.24518625852286,False
hgb_plus_cnyrub_basis,2026,2026-03-24,TJS,5,2026-03-31,-381.64714218876907,False
hgb_plus_cnyrub_basis,2026,2026-03-28,TJS,1,2026-03-31,-43.365052869157594,False
hgb_plus_cnyrub_basis,2026,2026-03-28,TJS,2,2026-04-01,-48.89001216666466,False
hgb_plus_cnyrub_basis,2026,2026-03-28,TJS,3,2026-04-02,-99.89596619195073,False
hgb_plus_cnyrub_basis,2026,2026-03-28,TJS,5,2026-04-04,-210.40690737464618,False
hgb_plus_cnyrub_basis,2026,2026-04-03,KGS,1,2026-04-04,-75.30771332558972,False
hgb_plus_cnyrub_basis,2026,2026-04-03,KGS,2,2026-04-07,-199.9823650627952,False
hgb_plus_cnyrub_basis,2026,2026-04-03,KGS,3,2026-04-08,-197.26092413602348,False
hgb_plus_cnyrub_basis,2026,2026-04-03,KGS,5,2026-04-10,-310.7450107823484,False
hgb_plus_cnyrub_basis,2026,2026-04-14,AMD,1,2026-04-15,-51.86318747016916,False
hgb_plus_cnyrub_basis,2026,2026-04-14,AMD,2,2026-04-16,-114.30567788728862,False
hgb_plus_cnyrub_basis,2026,2026-04-14,AMD,3,2026-04-17,6.1507575272967685,False
hgb_plus_cnyrub_basis,2026,2026-04-14,AMD,5,2026-04-21,-70.75831459402492,False
hgb_plus_cnyrub_basis,2026,2026-04-18,KZT,1,2026-04-21,-66.51582307906855,False
hgb_plus_cnyrub_basis,2026,2026-04-18,KZT,2,2026-04-22,-151.3188482162231,False
hgb_plus_cnyrub_basis,2026,2026-04-18,KZT,3,2026-04-23,4.215355050678493,False
hgb_plus_cnyrub_basis,2026,2026-04-18,KZT,5,2026-04-25,115.11638719276185,False
hgb_plus_cnyrub_basis,2026,2026-04-24,AMD,1,2026-04-25,92.5166823179846,False
hgb_plus_cnyrub_basis,2026,2026-04-24,AMD,2,2026-04-28,3.6768176646240214,False
hgb_plus_cnyrub_basis,2026,2026-04-24,AMD,3,2026-04-29,-7.154888428458905,False
hgb_plus_cnyrub_basis,2026,2026-04-24,AMD,5,2026-05-01,23.849628094863018,False
hgb_plus_cnyrub_basis,2026,2026-05-01,AMD,1,2026-05-05,85.20826207860654,False
hgb_plus_cnyrub_basis,2026,2026-05-01,AMD,2,2026-05-06,81.88717216629283,False
hgb_plus_cnyrub_basis,2026,2026-05-01,AMD,3,2026-05-07,77.77298615551543,False
hgb_plus_cnyrub_basis,2026,2026-05-01,AMD,5,2026-05-09,-19.876970967727114,False
hgb_plus_cnyrub_basis,2026,2026-05-13,AMD,1,2026-05-14,-60.69749666538393,False
hgb_plus_cnyrub_basis,2026,2026-05-13,AMD,2,2026-05-15,-92.27018628885975,False
hgb_plus_cnyrub_basis,2026,2026-05-13,AMD,3,2026-05-16,-78.9816808460686,False
hgb_plus_cnyrub_basis,2026,2026-05-13,AMD,5,2026-05-20,-327.41678448142244,False
hgb_plus_cnyrub_basis,2026,2026-05-21,TJS,1,2026-05-22,8.720147612137907,False
hgb_plus_cnyrub_basis,2026,2026-05-21,TJS,2,2026-05-23,78.02168217425853,False
hgb_plus_cnyrub_basis,2026,2026-05-21,TJS,3,2026-05-26,125.71983899245521,False
hgb_plus_cnyrub_basis,2026,2026-05-21,TJS,5,2026-05-28,64.07469909580854,False
hgb_plus_cnyrub_basis,2026,2026-05-28,KGS,1,2026-05-29,66.332578077688,False
hgb_plus_cnyrub_basis,2026,2026-05-28,KGS,2,2026-05-30,17.095008035641346,False
hgb_plus_cnyrub_basis,2026,2026-05-28,KGS,3,2026-06-02,91.95042200988546,False
hgb_plus_cnyrub_basis,2026,2026-05-28,KGS,5,2026-06-04,344.4779793848518,False
hgb_plus_cnyrub_basis,2026,2026-06-03,TJS,1,2026-06-04,85.89687530675238,False
hgb_plus_cnyrub_basis,2026,2026-06-03,TJS,2,2026-06-05,206.03521797383894,False
hgb_plus_cnyrub_basis,2026,2026-06-03,TJS,3,2026-06-06,92.46216037398058,False
hgb_plus_cnyrub_basis,2026,2026-06-03,TJS,5,2026-06-10,-223.69137296045838,False
hgb_plus_cnyrub_basis,2026,2026-06-10,TJS,1,2026-06-11,16.247610453759,False
hgb_plus_cnyrub_basis,2026,2026-06-10,TJS,2,2026-06-12,57.2056717982683,False
hgb_plus_cnyrub_basis,2026,2026-06-10,TJS,3,2026-06-16,138.88707780336463,False
hgb_plus_cnyrub_basis,2026,2026-06-10,TJS,5,2026-06-18,215.03960192050363,False
hgb_plus_cnyrub_basis,2026,2026-06-17,TJS,1,2026-06-18,96.70434480003154,False
hgb_plus_cnyrub_basis,2026,2026-06-17,TJS,2,2026-06-19,154.40731050304856,False
hgb_plus_cnyrub_basis,2026,2026-06-17,TJS,3,2026-06-20,164.70542745563142,False
hgb_plus_cnyrub_basis,2026,2026-06-17,TJS,5,2026-06-24,350.50975034477403,False
hgb_plus_cnyrub_basis,2026,2026-06-23,TJS,1,2026-06-24,114.38532059250717,False
hgb_plus_cnyrub_basis,2026,2026-06-23,TJS,2,2026-06-25,129.77607832913353,False
hgb_plus_cnyrub_basis,2026,2026-06-23,TJS,3,2026-06-26,259.09874644671316,False
hgb_plus_cnyrub_basis,2026,2026-06-23,TJS,5,2026-06-30,567.0272537321353,False
hgb_plus_cnyrub_basis,2026,2026-06-27,KGS,1,2026-06-30,89.89993213814662,False
hgb_plus_cnyrub_basis,2026,2026-06-27,KGS,2,2026-07-01,156.81988919679978,False
hgb_plus_cnyrub_basis,2026,2026-06-27,KGS,3,2026-07-02,156.25248240471512,False
hgb_plus_cnyrub_basis,2026,2026-06-27,KGS,5,2026-07-04,21.708983865220688,False
hgb_plus_cnyrub_basis,2026,2026-07-04,TJS,1,2026-07-07,100.57668130605491,False
hgb_plus_cnyrub_basis,2026,2026-07-04,TJS,2,2026-07-08,-138.2688983920699,False
hgb_plus_cnyrub_basis,2026,2026-07-04,TJS,3,2026-07-09,-98.24495614193185,False
hgb_plus_cnyrub_basis,2026,2026-07-04,TJS,5,2026-07-11,-43.44941478505948,False
hgb_plus_cnyrub_basis,2026,2026-07-10,KGS,1,2026-07-11,96.67310463015167,False
hgb_plus_cnyrub_basis,2026,2026-07-10,KGS,2,2026-07-14,90.82250454054864,False
hgb_plus_cnyrub_basis,2026,2026-07-10,KGS,3,2026-07-15,205.40443424812204,False
hgb_plus_cnyrub_basis,2026,2026-07-10,KGS,5,2026-07-17,314.28548394712766,False
hgb_plus_cnyrub_basis,2026,2026-07-17,AMD,1,2026-07-18,2.6679023266917845,False
hgb_plus_cnyrub_basis,2026,2026-07-17,AMD,2,2026-07-21,17.224351863551757,False
hgb_plus_cnyrub_basis,2026,2026-07-17,AMD,3,2026-07-22,27.100271002709064,False
hgb_plus_cnyrub_basis,2026,2026-07-17,AMD,5,2026-07-24,28.03637708225004,False
hgb_plus_cnyrub_basis,2026,2026-07-24,TJS,1,2026-07-25,-63.08042961229332,False
hgb_plus_cnyrub_basis,2026,2026-07-24,TJS,2,2026-07-28,-53.64254973762694,False
hgb_plus_cnyrub_basis,2026,2026-07-24,TJS,3,2026-07-29,42.706406432857506,False
hgb_plus_cnyrub_basis,2026,2026-07-24,TJS,5,2026-07-31,182.16287893087824,False
hgb_plus_cnyrub_basis,2026,2026-07-30,UZS,1,2026-07-31,87.23465241874395,False
hgb_plus_cnyrub_basis,2026,2026-07-30,UZS,2,2026-08-01,76.29998892884294,False
hgb_plus_cnyrub_basis,2026,2026-07-30,UZS,3,2026-08-04,128.22826602929104,False
hgb_plus_cnyrub_basis,2026,2026-07-30,UZS,5,2026-08-06,325.56785178601945,False
hgb_plus_cnyrub_basis,2026,2026-08-05,UZS,1,2026-08-06,21.947546688216857,False
hgb_plus_cnyrub_basis,2026,2026-08-05,UZS,2,2026-08-07,56.716228966935404,False
hgb_plus_cnyrub_basis,2026,2026-08-05,UZS,3,2026-08-08,119.49710530847923,False
hgb_plus_cnyrub_basis,2026,2026-08-05,UZS,5,2026-08-12,159.94771449642008,False
hgb_plus_cnyrub_basis,2026,2026-08-12,TJS,1,2026-08-13,76.22963250037972,False
hgb_plus_cnyrub_basis,2026,2026-08-12,TJS,2,2026-08-14,163.46796524396188,False
hgb_plus_cnyrub_basis,2026,2026-08-12,TJS,3,2026-08-15,253.09900528529994,False
hgb_plus_cnyrub_basis,2026,2026-08-12,TJS,5,2026-08-19,334.59708718778234,False
hgb_plus_cnyrub_basis,2026,2026-08-18,AMD,1,2026-08-19,24.635095337388613,False
hgb_plus_cnyrub_basis,2026,2026-08-18,AMD,2,2026-08-20,28.461488854016892,False
hgb_plus_cnyrub_basis,2026,2026-08-18,AMD,3,2026-08-21,-188.6540983254159,False
hgb_plus_cnyrub_basis,2026,2026-08-18,AMD,5,2026-08-25,-199.7893333906564,False
hgb_plus_cnyrub_basis,2026,2026-08-22,KGS,1,2026-08-25,44.22006892973229,False
hgb_plus_cnyrub_basis,2026,2026-08-22,KGS,2,2026-08-26,186.00270825511524,False
hgb_plus_cnyrub_basis,2026,2026-08-22,KGS,3,2026-08-27,164.11941633305506,False
hgb_plus_cnyrub_basis,2026,2026-08-22,KGS,5,2026-08-29,323.1450350765441,False
