scenario,year,policy,contacts,relevant_contacts,shifted_transfers,planned_transfers,completed_transfers,organic_volume_rub,policy_volume_rub,gross_timing_value_rub,net_scenario_value_rub,execution_drag_rub,shifted_amount_rub,sum_advance_days,hurt_transfers,contact_target_sum,contact_forward_bps_sum,client_periods,exposure_weeks,contacts_per_client,contacts_per_client_week,relevance_rate,shift_rate_per_contact,shifted_fraction_of_transfers,gross_value_rub_per_client,net_scenario_value_rub_per_client,timing_bps_all_planned_volume,timing_bps_shifted_volume,conditional_contact_hit_rate,conditional_contact_forward_bps,incremental_volume_rub
base,2023,frequency_gate,13446,3055,1044,24286,24286,749723386.0623099,749723386.0623099,310175.54138844006,296729.54138844006,0.0,44303976.46338007,3119,224,7141.0,1087157.6182679865,1350,67114.28571428571,9.96,0.20034482758620692,0.2272051167633497,0.07764390896921017,0.04298772955612287,229.75966028773337,219.7996602877334,4.137199761335193,70.01076791488887,0.5310873122118102,80.85360837929395,0.0
base,2023,market_only,57510,7499,2235,24286,24286,749723386.0623099,749723386.0623099,751540.0860426856,694030.0860426856,0.0,100116991.65043914,6915,542,30510.0,4640442.944146212,1350,67114.28571428571,42.6,0.856896551724138,0.1303947139627891,0.03886280646844027,0.09202832907848144,556.696360031619,514.0963600316189,10.024231603470678,75.06618743266932,0.5305164319248826,80.68932262469505,0.0
base,2023,matched_calendar,9097,1205,436,24286,24286,749723386.0623099,749723386.0623099,-34608.306359257214,-43705.306359257214,0.0,17573865.51785152,1208,181,2505.0,-140163.27085013728,1350,67114.28571428571,6.738518518518519,0.13554491272882077,0.13246125096185557,0.04792788831482907,0.01795272996788273,-25.635782488338677,-32.374301006857195,-0.46161433673593455,-19.693052916617646,0.27536550511157526,-15.40763667694155,0.0
base,2023,matched_random_market,9097,1513,524,24286,24286,749723386.0623099,749723386.0623099,163891.38090744737,154794.38090744737,0.0,19956779.48677379,1436,112,4819.0,741742.5438847983,1350,67114.28571428571,6.738518518518519,0.13554491272882077,0.16631856656040453,0.057601407057271625,0.02157621675039117,121.40102289440546,114.66250437588694,2.1860246586175753,82.12316071140897,0.5297350774980762,81.53705000382526,0.0
base,2023,user_aware,9097,5531,1849,24286,24286,749723386.0623099,749723386.0623099,608018.6034369663,598921.6034369663,0.0,82195380.80739444,5646,438,4794.0,730587.4493889746,1350,67114.28571428571,6.738518518518519,0.13554491272882077,0.6080026382323843,0.20325381994063976,0.07613439841884213,450.38415069404914,443.6456321755306,8.109905796461758,73.9723567753418,0.5269869187644278,80.31081118929038,0.0
base,2023,weekly_fixed,67500,8744,2542,24286,24286,749723386.0623099,749723386.0623099,118238.10337472722,50738.10337472721,0.0,112374153.23039205,7705,1077,22950.0,1134542.6978765724,1350,67114.28571428571,50.0,1.0057471264367817,0.12954074074074073,0.03765925925925926,0.1046693568310961,87.58378027757571,37.58378027757571,1.5770897049875459,10.521823744674878,0.34,16.808039968541813,0.0
base,2024,frequency_gate,15572,3525,1145,24452,24452,756157490.3622506,756157490.3622506,129382.2646778706,113810.2646778706,0.0,51338882.086442195,3455,338,6814.0,654712.1876474975,1350,67500.0,11.534814814814816,0.2306962962962963,0.22636783971230415,0.07352941176470588,0.046826435465401606,95.83871457620045,84.30389976138562,1.711049170667975,25.201613167194083,0.4375802722835859,42.044193915200196,0.0
base,2024,market_only,66960,8718,2482,24452,24452,756157490.3622506,756157490.3622506,452008.25228429656,385048.25228429656,0.0,114598390.68649419,7841,677,29700.0,2867248.642979719,1350,67500.0,49.6,0.992,0.13019713261648747,0.03706690561529271,0.10150498936692295,334.8209276179974,285.22092761799746,5.977699858104348,39.4428097616878,0.4435483870967742,42.82032023565889,0.0
base,2024,matched_calendar,10457,1408,472,24452,24452,756157490.3622506,756157490.3622506,-53244.90194259914,-63701.90194259914,0.0,19959454.858049117,1314,210,2639.0,-433392.0789863386,1350,67500.0,7.745925925925926,0.1549185185185185,0.1346466481782538,0.04513722865066463,0.01930312448879437,-39.440668105628994,-47.18659403155492,-0.7041509556043839,-26.676531158428354,0.2523668356125084,-41.445163908036584,0.0
base,2024,matched_random_market,10457,1648,508,24452,24452,756157490.3622506,756157490.3622506,76516.23651900838,66059.23651900838,0.0,20480381.47133273,1378,160,4654.0,445988.2781133288,1350,67500.0,7.745925925925926,0.1549185185185185,0.15759778139045616,0.048579898632494976,0.020775396695566824,56.678693717783986,48.93276779185806,1.0119087292562814,37.36074771171203,0.4450607248732906,42.649734925249,0.0
base,2024,user_aware,10457,6350,2129,24452,24452,756157490.3622506,756157490.3622506,361575.06884087616,351118.06884087616,0.0,98331318.26758194,6721,601,4566.0,447676.4333093658,1350,67500.0,7.745925925925926,0.1549185185185185,0.6072487329061872,0.20359567753657837,0.08706854245051529,267.83338432657496,260.087458400649,4.781742870359682,36.77109950432556,0.43664530936214974,42.81117273686199,0.0
base,2024,weekly_fixed,68850,8746,2520,24452,24452,756157490.3622506,756157490.3622506,75261.16825223622,6411.168252236232,0.0,117526156.53902677,8180,1187,19440.0,357057.7906799681,1350,67500.0,51.0,1.02,0.12702977487291212,0.036601307189542485,0.10305905447407165,55.749013520174984,4.749013520174986,0.9953107548558573,6.4037802705854965,0.2823529411764706,5.186024555990822,0.0
base,2025,frequency_gate,12766,2908,1017,24357,24357,756292949.4006555,756292949.4006555,207468.40566074126,194702.40566074126,0.0,43336754.751297645,3045,298,4859.0,544219.9547017686,1350,67307.14285714286,9.456296296296296,0.1896678340231349,0.22779257402475325,0.07966473445088516,0.04175391058012071,153.68030048943797,144.22400419314167,2.7432280814617553,47.873544489283425,0.3806203979320069,42.63042101690181,0.0
base,2025,market_only,54540,7111,2174,24357,24357,756292949.4006555,756292949.4006555,436357.52630372,381817.52630372,0.0,102084198.46649528,6934,646,20790.0,2246275.160917463,1350,67307.14285714286,40.4,0.8103151862464184,0.13038137147048037,0.03986065273193986,0.08925565545838979,323.2277972620148,282.8277972620148,5.7696892011160905,42.74486481342512,0.3811881188118812,41.18582986647346,0.0
base,2025,matched_calendar,8376,1064,382,24357,24357,756292949.4006555,756292949.4006555,31219.85232011327,22843.85232011327,0.0,15847398.088811168,1128,181,1738.0,-34678.1637136503,1350,67307.14285714286,6.204444444444444,0.12444444444444445,0.12702960840496658,0.04560649474689589,0.015683376442090568,23.125816533417236,16.92137208897279,0.4128010494459095,19.700301680536192,0.20749761222540591,-4.140181914237141,0.0
base,2025,matched_random_market,8376,1292,427,24357,24357,756292949.4006555,756292949.4006555,106654.10686735853,98278.10686735853,0.0,18778080.463932626,1223,121,3160.0,334926.3535647396,1350,67307.14285714286,6.204444444444444,0.12444444444444445,0.15425023877745941,0.05097898758357211,0.017530894609352546,79.00304212396928,72.79859767952483,1.4102221493917062,56.79712954271916,0.3772683858643744,39.98643189645888,0.0
base,2025,user_aware,8376,5172,1778,24357,24357,756292949.4006555,756292949.4006555,380927.3534480954,372551.3534480954,0.0,82583007.57096255,5681,510,3180.0,361451.27641551703,1350,67307.14285714286,6.204444444444444,0.12444444444444445,0.6174785100286533,0.21227316141356256,0.07299749558648438,282.16840996155213,275.9639655171077,5.036769862127783,46.12660214884633,0.37965616045845274,43.15320874110757,0.0
base,2025,weekly_fixed,68850,8880,2553,24357,24357,756292949.4006555,756292949.4006555,-384961.64375115786,-453811.64375115786,0.0,115608429.87622683,7854,1493,13500.0,-2316792.2136051827,1350,67307.14285714286,51.0,1.0229226361031518,0.1289760348583878,0.03708061002178649,0.1048158640226629,-285.1567731490058,-336.1567731490058,-5.090112820121237,-33.29875201689938,0.19607843137254902,-33.649850597025164,0.0
base,2026,frequency_gate,10633,2449,784,15699,15699,486022478.6418487,486022478.6418487,220030.4640269255,209397.4640269255,0.0,35260971.85881047,2466,225,5078.0,660628.1657789508,1350,43392.857142857145,7.876296296296296,0.24504032921810698,0.2303206997084548,0.07373271889400922,0.049939486591502644,162.98552890883371,155.1092326125374,4.527166410940152,62.40056709382719,0.47756982977522805,62.12998831740344,0.0
base,2026,market_only,45360,5874,1643,15699,15699,486022478.6418487,486022478.6418487,489540.4761655574,444180.4761655574,0.0,74736109.61076987,5239,464,21330.0,2770154.1360070896,1350,43392.857142857145,33.6,1.0453333333333332,0.1294973544973545,0.036221340388007055,0.10465634753805975,362.62257493744994,329.0225749374499,10.07238343241941,65.50253668743443,0.47023809523809523,61.070417460473756,0.0
base,2026,matched_calendar,7050,934,319,15699,15699,486022478.6418487,486022478.6418487,27881.746418317984,20831.746418317984,0.0,12348490.977287224,897,122,2944.0,351430.6718235235,1350,43392.857142857145,5.222222222222222,0.16246913580246913,0.1324822695035461,0.04524822695035461,0.02031976559016498,20.653145495050357,15.430923272828135,0.5736719522979948,22.579071782618076,0.4175886524822695,49.84832224447141,0.0
base,2026,matched_random_market,7050,1139,372,15699,15699,486022478.6418487,486022478.6418487,58475.89310760903,51425.89310760903,0.0,14060803.510457031,1044,105,3275.0,423465.08565257554,1350,43392.857142857145,5.222222222222222,0.16246913580246913,0.16156028368794326,0.05276595744680851,0.023695776801070132,43.315476376006686,38.093254153784464,1.2031520285031936,41.587874451215015,0.4645390070921986,60.06596959611001,0.0
base,2026,user_aware,7050,4299,1392,15699,15699,486022478.6418487,486022478.6418487,439920.38775884185,432870.38775884185,0.0,64821306.76402816,4531,388,3285.0,427991.05785247,1350,43392.857142857145,5.222222222222222,0.16246913580246913,0.6097872340425532,0.1974468085106383,0.08866806802981081,325.8669538954384,320.6447316732162,9.051441180008064,67.86663363025113,0.46595744680851064,60.70795146843547,0.0
base,2026,weekly_fixed,44550,5656,1605,15699,15699,486022478.6418487,486022478.6418487,273564.5420367724,229014.54203677244,0.0,75572709.77005127,5268,726,13500.0,1177739.0836045174,1350,43392.857142857145,33.0,1.0266666666666666,0.1269584736251403,0.036026936026936025,0.1022358111981655,202.64040150872032,169.64040150872032,5.62863970409819,36.19885311366503,0.30303030303030304,26.436343066319132,0.0
execution_drag_25bps,2023,frequency_gate,13446,3055,1044,24286,24286,749723386.0623099,749723386.0623099,310175.54138844006,185969.6002299899,110759.94115845016,44303976.46338007,3119,224,7141.0,1087157.6182679865,1350,67114.28571428571,9.96,0.20034482758620692,0.2272051167633497,0.07764390896921017,0.04298772955612287,229.75966028773337,137.75525942962216,4.137199761335193,70.01076791488887,0.5310873122118102,80.85360837929395,0.0
execution_drag_25bps,2023,market_only,57510,7499,2235,24286,24286,749723386.0623099,749723386.0623099,751540.0860426856,443737.60691658774,250292.47912609787,100116991.65043914,6915,542,30510.0,4640442.944146212,1350,67114.28571428571,42.6,0.856896551724138,0.1303947139627891,0.03886280646844027,0.09202832907848144,556.696360031619,328.6945236419169,10.024231603470678,75.06618743266932,0.5305164319248826,80.68932262469505,0.0
execution_drag_25bps,2023,matched_calendar,9097,1205,436,24286,24286,749723386.0623099,749723386.0623099,-34608.306359257214,-87639.97015388601,43934.663794628796,17573865.51785152,1208,181,2505.0,-140163.27085013728,1350,67114.28571428571,6.738518518518519,0.13554491272882077,0.13246125096185557,0.04792788831482907,0.01795272996788273,-25.635782488338677,-64.91849641028594,-0.46161433673593455,-19.693052916617646,0.27536550511157526,-15.40763667694155,0.0
execution_drag_25bps,2023,matched_random_market,9097,1513,524,24286,24286,749723386.0623099,749723386.0623099,163891.38090744737,104902.43219051289,49891.94871693447,19956779.48677379,1436,112,4819.0,741742.5438847983,1350,67114.28571428571,6.738518518518519,0.13554491272882077,0.16631856656040453,0.057601407057271625,0.02157621675039117,121.40102289440546,77.70550532630584,2.1860246586175753,82.12316071140897,0.5297350774980762,81.53705000382526,0.0
execution_drag_25bps,2023,user_aware,9097,5531,1849,24286,24286,749723386.0623099,749723386.0623099,608018.6034369663,393433.15141848015,205488.45201848613,82195380.80739444,5646,438,4794.0,730587.4493889746,1350,67114.28571428571,6.738518518518519,0.13554491272882077,0.6080026382323843,0.20325381994063976,0.07613439841884213,450.38415069404914,291.431964013689,8.109905796461758,73.9723567753418,0.5269869187644278,80.31081118929038,0.0
execution_drag_25bps,2023,weekly_fixed,67500,8744,2542,24286,24286,749723386.0623099,749723386.0623099,118238.10337472722,-230197.27970125293,280935.3830759801,112374153.23039205,7705,1077,22950.0,1134542.6978765724,1350,67114.28571428571,50.0,1.0057471264367817,0.12954074074074073,0.03765925925925926,0.1046693568310961,87.58378027757571,-170.51650348240958,1.5770897049875459,10.521823744674878,0.34,16.808039968541813,0.0
execution_drag_25bps,2024,frequency_gate,15572,3525,1145,24452,24452,756157490.3622506,756157490.3622506,129382.2646778706,-14536.940538234898,128347.20521610549,51338882.086442195,3455,338,6814.0,654712.1876474975,1350,67500.0,11.534814814814816,0.2306962962962963,0.22636783971230415,0.07352941176470588,0.046826435465401606,95.83871457620045,-10.76810410239622,1.711049170667975,25.201613167194083,0.4375802722835859,42.044193915200196,0.0
execution_drag_25bps,2024,market_only,66960,8718,2482,24452,24452,756157490.3622506,756157490.3622506,452008.25228429656,98552.27556806104,286495.9767162355,114598390.68649419,7841,677,29700.0,2867248.642979719,1350,67500.0,49.6,0.992,0.13019713261648747,0.03706690561529271,0.10150498936692295,334.8209276179974,73.00168560597115,5.977699858104348,39.4428097616878,0.4435483870967742,42.82032023565889,0.0
execution_drag_25bps,2024,matched_calendar,10457,1408,472,24452,24452,756157490.3622506,756157490.3622506,-53244.90194259914,-113600.53908772193,49898.6371451228,19959454.858049117,1314,210,2639.0,-433392.0789863386,1350,67500.0,7.745925925925926,0.1549185185185185,0.1346466481782538,0.04513722865066463,0.01930312448879437,-39.440668105628994,-84.14854747238661,-0.7041509556043839,-26.676531158428354,0.2523668356125084,-41.445163908036584,0.0
execution_drag_25bps,2024,matched_random_market,10457,1648,508,24452,24452,756157490.3622506,756157490.3622506,76516.23651900838,14858.282840676557,51200.95367833182,20480381.47133273,1378,160,4654.0,445988.2781133288,1350,67500.0,7.745925925925926,0.1549185185185185,0.15759778139045616,0.048579898632494976,0.020775396695566824,56.678693717783986,11.00613543753819,1.0119087292562814,37.36074771171203,0.4450607248732906,42.649734925249,0.0
execution_drag_25bps,2024,user_aware,10457,6350,2129,24452,24452,756157490.3622506,756157490.3622506,361575.06884087616,105289.7731719213,245828.29566895484,98331318.26758194,6721,601,4566.0,447676.4333093658,1350,67500.0,7.745925925925926,0.1549185185185185,0.6072487329061872,0.20359567753657837,0.08706854245051529,267.83338432657496,77.99242457179356,4.781742870359682,36.77109950432556,0.43664530936214974,42.81117273686199,0.0
execution_drag_25bps,2024,weekly_fixed,68850,8746,2520,24452,24452,756157490.3622506,756157490.3622506,75261.16825223622,-287404.2230953307,293815.3913475669,117526156.53902677,8180,1187,19440.0,357057.7906799681,1350,67500.0,51.0,1.02,0.12702977487291212,0.036601307189542485,0.10305905447407165,55.749013520174984,-212.89201710765238,0.9953107548558573,6.4037802705854965,0.2823529411764706,5.186024555990822,0.0
execution_drag_25bps,2025,frequency_gate,12766,2908,1017,24357,24357,756292949.4006555,756292949.4006555,207468.40566074126,86360.51878249717,108341.8868782441,43336754.751297645,3045,298,4859.0,544219.9547017686,1350,67307.14285714286,9.456296296296296,0.1896678340231349,0.22779257402475325,0.07966473445088516,0.04175391058012071,153.68030048943797,63.970754653701604,2.7432280814617553,47.873544489283425,0.3806203979320069,42.63042101690181,0.0
execution_drag_25bps,2025,market_only,54540,7111,2174,24357,24357,756292949.4006555,756292949.4006555,436357.52630372,126607.0301374818,255210.49616623818,102084198.46649528,6934,646,20790.0,2246275.160917463,1350,67307.14285714286,40.4,0.8103151862464184,0.13038137147048037,0.03986065273193986,0.08925565545838979,323.2277972620148,93.78298528702355,5.7696892011160905,42.74486481342512,0.3811881188118812,41.18582986647346,0.0
execution_drag_25bps,2025,matched_calendar,8376,1064,382,24357,24357,756292949.4006555,756292949.4006555,31219.85232011327,-16774.64290191465,39618.49522202792,15847398.088811168,1128,181,1738.0,-34678.1637136503,1350,67307.14285714286,6.204444444444444,0.12444444444444445,0.12702960840496658,0.04560649474689589,0.015683376442090568,23.125816533417236,-12.425661408825666,0.4128010494459095,19.700301680536192,0.20749761222540591,-4.140181914237141,0.0
execution_drag_25bps,2025,matched_random_market,8376,1292,427,24357,24357,756292949.4006555,756292949.4006555,106654.10686735853,51332.905707526974,46945.20115983156,18778080.463932626,1223,121,3160.0,334926.3535647396,1350,67307.14285714286,6.204444444444444,0.12444444444444445,0.15425023877745941,0.05097898758357211,0.017530894609352546,79.00304212396928,38.02437459816813,1.4102221493917062,56.79712954271916,0.3772683858643744,39.98643189645888,0.0
execution_drag_25bps,2025,user_aware,8376,5172,1778,24357,24357,756292949.4006555,756292949.4006555,380927.3534480954,166093.83452068904,206457.51892740637,82583007.57096255,5681,510,3180.0,361451.27641551703,1350,67307.14285714286,6.204444444444444,0.12444444444444445,0.6174785100286533,0.21227316141356256,0.07299749558648438,282.16840996155213,123.03247001532522,5.036769862127783,46.12660214884633,0.37965616045845274,43.15320874110757,0.0
execution_drag_25bps,2025,weekly_fixed,68850,8880,2553,24357,24357,756292949.4006555,756292949.4006555,-384961.64375115786,-742832.7184417249,289021.0746905671,115608429.87622683,7854,1493,13500.0,-2316792.2136051827,1350,67307.14285714286,51.0,1.0229226361031518,0.1289760348583878,0.03708061002178649,0.1048158640226629,-285.1567731490058,-550.2464581049815,-5.090112820121237,-33.29875201689938,0.19607843137254902,-33.649850597025164,0.0
execution_drag_25bps,2026,frequency_gate,10633,2449,784,15699,15699,486022478.6418487,486022478.6418487,220030.4640269255,121245.03437989931,88152.42964702618,35260971.85881047,2466,225,5078.0,660628.1657789508,1350,43392.857142857145,7.876296296296296,0.24504032921810698,0.2303206997084548,0.07373271889400922,0.049939486591502644,162.98552890883371,89.8111365777032,4.527166410940152,62.40056709382719,0.47756982977522805,62.12998831740344,0.0
execution_drag_25bps,2026,market_only,45360,5874,1643,15699,15699,486022478.6418487,486022478.6418487,489540.4761655574,257340.20213863277,186840.27402692466,74736109.61076987,5239,464,21330.0,2770154.1360070896,1350,43392.857142857145,33.6,1.0453333333333332,0.1294973544973545,0.036221340388007055,0.10465634753805975,362.62257493744994,190.62237195454279,10.07238343241941,65.50253668743443,0.47023809523809523,61.070417460473756,0.0
execution_drag_25bps,2026,matched_calendar,7050,934,319,15699,15699,486022478.6418487,486022478.6418487,27881.746418317984,-10039.481024900075,30871.227443218057,12348490.977287224,897,122,2944.0,351430.6718235235,1350,43392.857142857145,5.222222222222222,0.16246913580246913,0.1324822695035461,0.04524822695035461,0.02031976559016498,20.653145495050357,-7.4366526110370925,0.5736719522979948,22.579071782618076,0.4175886524822695,49.84832224447141,0.0
execution_drag_25bps,2026,matched_random_market,7050,1139,372,15699,15699,486022478.6418487,486022478.6418487,58475.89310760903,16273.884331466452,35152.008776142575,14060803.510457031,1044,105,3275.0,423465.08565257554,1350,43392.857142857145,5.222222222222222,0.16246913580246913,0.16156028368794326,0.05276595744680851,0.023695776801070132,43.315476376006686,12.054729134419594,1.2031520285031936,41.587874451215015,0.4645390070921986,60.06596959611001,0.0
execution_drag_25bps,2026,user_aware,7050,4299,1392,15699,15699,486022478.6418487,486022478.6418487,439920.38775884185,270817.1208487715,162053.2669100704,64821306.76402816,4531,388,3285.0,427991.05785247,1350,43392.857142857145,5.222222222222222,0.16246913580246913,0.6097872340425532,0.1974468085106383,0.08866806802981081,325.8669538954384,200.60527470279368,9.051441180008064,67.86663363025113,0.46595744680851064,60.70795146843547,0.0
execution_drag_25bps,2026,weekly_fixed,44550,5656,1605,15699,15699,486022478.6418487,486022478.6418487,273564.5420367724,40082.76761164427,188931.77442512818,75572709.77005127,5268,726,13500.0,1177739.0836045174,1350,43392.857142857145,33.0,1.0266666666666666,0.1269584736251403,0.036026936026936025,0.1022358111981655,202.64040150872032,29.690938971588345,5.62863970409819,36.19885311366503,0.30303030303030304,26.436343066319132,0.0
execution_drag_50bps,2023,frequency_gate,13446,3055,1044,24286,24286,749723386.0623099,749723386.0623099,310175.54138844006,75209.65907153973,221519.88231690033,44303976.46338007,3119,224,7141.0,1087157.6182679865,1350,67114.28571428571,9.96,0.20034482758620692,0.2272051167633497,0.07764390896921017,0.04298772955612287,229.75966028773337,55.71085857151091,4.137199761335193,70.01076791488887,0.5310873122118102,80.85360837929395,0.0
execution_drag_50bps,2023,market_only,57510,7499,2235,24286,24286,749723386.0623099,749723386.0623099,751540.0860426856,193445.12779048987,500584.95825219573,100116991.65043914,6915,542,30510.0,4640442.944146212,1350,67114.28571428571,42.6,0.856896551724138,0.1303947139627891,0.03886280646844027,0.09202832907848144,556.696360031619,143.29268725221473,10.024231603470678,75.06618743266932,0.5305164319248826,80.68932262469505,0.0
execution_drag_50bps,2023,matched_calendar,9097,1205,436,24286,24286,749723386.0623099,749723386.0623099,-34608.306359257214,-131574.63394851482,87869.32758925759,17573865.51785152,1208,181,2505.0,-140163.27085013728,1350,67114.28571428571,6.738518518518519,0.13554491272882077,0.13246125096185557,0.04792788831482907,0.01795272996788273,-25.635782488338677,-97.46269181371468,-0.46161433673593455,-19.693052916617646,0.27536550511157526,-15.40763667694155,0.0
execution_drag_50bps,2023,matched_random_market,9097,1513,524,24286,24286,749723386.0623099,749723386.0623099,163891.38090744737,55010.48347357841,99783.89743386894,19956779.48677379,1436,112,4819.0,741742.5438847983,1350,67114.28571428571,6.738518518518519,0.13554491272882077,0.16631856656040453,0.057601407057271625,0.02157621675039117,121.40102289440546,40.74850627672475,2.1860246586175753,82.12316071140897,0.5297350774980762,81.53705000382526,0.0
execution_drag_50bps,2023,user_aware,9097,5531,1849,24286,24286,749723386.0623099,749723386.0623099,608018.6034369663,187944.69939999405,410976.90403697226,82195380.80739444,5646,438,4794.0,730587.4493889746,1350,67114.28571428571,6.738518518518519,0.13554491272882077,0.6080026382323843,0.20325381994063976,0.07613439841884213,450.38415069404914,139.21829585184744,8.109905796461758,73.9723567753418,0.5269869187644278,80.31081118929038,0.0
execution_drag_50bps,2023,weekly_fixed,67500,8744,2542,24286,24286,749723386.0623099,749723386.0623099,118238.10337472722,-511132.6627772331,561870.7661519602,112374153.23039205,7705,1077,22950.0,1134542.6978765724,1350,67114.28571428571,50.0,1.0057471264367817,0.12954074074074073,0.03765925925925926,0.1046693568310961,87.58378027757571,-378.6167872423949,1.5770897049875459,10.521823744674878,0.34,16.808039968541813,0.0
execution_drag_50bps,2024,frequency_gate,15572,3525,1145,24452,24452,756157490.3622506,756157490.3622506,129382.2646778706,-142884.1457543404,256694.41043221098,51338882.086442195,3455,338,6814.0,654712.1876474975,1350,67500.0,11.534814814814816,0.2306962962962963,0.22636783971230415,0.07352941176470588,0.046826435465401606,95.83871457620045,-105.84010796617807,1.711049170667975,25.201613167194083,0.4375802722835859,42.044193915200196,0.0
execution_drag_50bps,2024,market_only,66960,8718,2482,24452,24452,756157490.3622506,756157490.3622506,452008.25228429656,-187943.70114817444,572991.953432471,114598390.68649419,7841,677,29700.0,2867248.642979719,1350,67500.0,49.6,0.992,0.13019713261648747,0.03706690561529271,0.10150498936692295,334.8209276179974,-139.21755640605514,5.977699858104348,39.4428097616878,0.4435483870967742,42.82032023565889,0.0
execution_drag_50bps,2024,matched_calendar,10457,1408,472,24452,24452,756157490.3622506,756157490.3622506,-53244.90194259914,-163499.17623284474,99797.2742902456,19959454.858049117,1314,210,2639.0,-433392.0789863386,1350,67500.0,7.745925925925926,0.1549185185185185,0.1346466481782538,0.04513722865066463,0.01930312448879437,-39.440668105628994,-121.11050091321832,-0.7041509556043839,-26.676531158428354,0.2523668356125084,-41.445163908036584,0.0
execution_drag_50bps,2024,matched_random_market,10457,1648,508,24452,24452,756157490.3622506,756157490.3622506,76516.23651900838,-36342.67083765526,102401.90735666364,20480381.47133273,1378,160,4654.0,445988.2781133288,1350,67500.0,7.745925925925926,0.1549185185185185,0.15759778139045616,0.048579898632494976,0.020775396695566824,56.678693717783986,-26.920496916781676,1.0119087292562814,37.36074771171203,0.4450607248732906,42.649734925249,0.0
execution_drag_50bps,2024,user_aware,10457,6350,2129,24452,24452,756157490.3622506,756157490.3622506,361575.06884087616,-140538.52249703353,491656.5913379097,98331318.26758194,6721,601,4566.0,447676.4333093658,1350,67500.0,7.745925925925926,0.1549185185185185,0.6072487329061872,0.20359567753657837,0.08706854245051529,267.83338432657496,-104.10260925706187,4.781742870359682,36.77109950432556,0.43664530936214974,42.81117273686199,0.0
execution_drag_50bps,2024,weekly_fixed,68850,8746,2520,24452,24452,756157490.3622506,756157490.3622506,75261.16825223622,-581219.6144428976,587630.7826951338,117526156.53902677,8180,1187,19440.0,357057.7906799681,1350,67500.0,51.0,1.02,0.12702977487291212,0.036601307189542485,0.10305905447407165,55.749013520174984,-430.5330477354797,0.9953107548558573,6.4037802705854965,0.2823529411764706,5.186024555990822,0.0
execution_drag_50bps,2025,frequency_gate,12766,2908,1017,24357,24357,756292949.4006555,756292949.4006555,207468.40566074126,-21981.368095746933,216683.7737564882,43336754.751297645,3045,298,4859.0,544219.9547017686,1350,67307.14285714286,9.456296296296296,0.1896678340231349,0.22779257402475325,0.07966473445088516,0.04175391058012071,153.68030048943797,-16.28249488573847,2.7432280814617553,47.873544489283425,0.3806203979320069,42.63042101690181,0.0
execution_drag_50bps,2025,market_only,54540,7111,2174,24357,24357,756292949.4006555,756292949.4006555,436357.52630372,-128603.4660287564,510420.99233247637,102084198.46649528,6934,646,20790.0,2246275.160917463,1350,67307.14285714286,40.4,0.8103151862464184,0.13038137147048037,0.03986065273193986,0.08925565545838979,323.2277972620148,-95.26182668796771,5.7696892011160905,42.74486481342512,0.3811881188118812,41.18582986647346,0.0
execution_drag_50bps,2025,matched_calendar,8376,1064,382,24357,24357,756292949.4006555,756292949.4006555,31219.85232011327,-56393.13812394257,79236.99044405585,15847398.088811168,1128,181,1738.0,-34678.1637136503,1350,67307.14285714286,6.204444444444444,0.12444444444444445,0.12702960840496658,0.04560649474689589,0.015683376442090568,23.125816533417236,-41.772694906624125,0.4128010494459095,19.700301680536192,0.20749761222540591,-4.140181914237141,0.0
execution_drag_50bps,2025,matched_random_market,8376,1292,427,24357,24357,756292949.4006555,756292949.4006555,106654.10686735853,4387.704547695408,93890.40231966312,18778080.463932626,1223,121,3160.0,334926.3535647396,1350,67307.14285714286,6.204444444444444,0.12444444444444445,0.15425023877745941,0.05097898758357211,0.017530894609352546,79.00304212396928,3.2501515168114135,1.4102221493917062,56.79712954271916,0.3772683858643744,39.98643189645888,0.0
execution_drag_50bps,2025,user_aware,8376,5172,1778,24357,24357,756292949.4006555,756292949.4006555,380927.3534480954,-40363.68440671733,412915.03785481275,82583007.57096255,5681,510,3180.0,361451.27641551703,1350,67307.14285714286,6.204444444444444,0.12444444444444445,0.6174785100286533,0.21227316141356256,0.07299749558648438,282.16840996155213,-29.89902548645728,5.036769862127783,46.12660214884633,0.37965616045845274,43.15320874110757,0.0
execution_drag_50bps,2025,weekly_fixed,68850,8880,2553,24357,24357,756292949.4006555,756292949.4006555,-384961.64375115786,-1031853.793132292,578042.1493811342,115608429.87622683,7854,1493,13500.0,-2316792.2136051827,1350,67307.14285714286,51.0,1.0229226361031518,0.1289760348583878,0.03708061002178649,0.1048158640226629,-285.1567731490058,-764.336143060957,-5.090112820121237,-33.29875201689938,0.19607843137254902,-33.649850597025164,0.0
execution_drag_50bps,2026,frequency_gate,10633,2449,784,15699,15699,486022478.6418487,486022478.6418487,220030.4640269255,33092.60473287314,176304.85929405235,35260971.85881047,2466,225,5078.0,660628.1657789508,1350,43392.857142857145,7.876296296296296,0.24504032921810698,0.2303206997084548,0.07373271889400922,0.049939486591502644,162.98552890883371,24.51304054286899,4.527166410940152,62.40056709382719,0.47756982977522805,62.12998831740344,0.0
execution_drag_50bps,2026,market_only,45360,5874,1643,15699,15699,486022478.6418487,486022478.6418487,489540.4761655574,70499.9281117081,373680.5480538493,74736109.61076987,5239,464,21330.0,2770154.1360070896,1350,43392.857142857145,33.6,1.0453333333333332,0.1294973544973545,0.036221340388007055,0.10465634753805975,362.62257493744994,52.222168971635625,10.07238343241941,65.50253668743443,0.47023809523809523,61.070417460473756,0.0
execution_drag_50bps,2026,matched_calendar,7050,934,319,15699,15699,486022478.6418487,486022478.6418487,27881.746418317984,-40910.70846811813,61742.45488643611,12348490.977287224,897,122,2944.0,351430.6718235235,1350,43392.857142857145,5.222222222222222,0.16246913580246913,0.1324822695035461,0.04524822695035461,0.02031976559016498,20.653145495050357,-30.30422849490232,0.5736719522979948,22.579071782618076,0.4175886524822695,49.84832224447141,0.0
execution_drag_50bps,2026,matched_random_market,7050,1139,372,15699,15699,486022478.6418487,486022478.6418487,58475.89310760903,-18878.124444676127,70304.01755228515,14060803.510457031,1044,105,3275.0,423465.08565257554,1350,43392.857142857145,5.222222222222222,0.16246913580246913,0.16156028368794326,0.05276595744680851,0.023695776801070132,43.315476376006686,-13.983795884945279,1.2031520285031936,41.587874451215015,0.4645390070921986,60.06596959611001,0.0
execution_drag_50bps,2026,user_aware,7050,4299,1392,15699,15699,486022478.6418487,486022478.6418487,439920.38775884185,108763.85393870105,324106.5338201408,64821306.76402816,4531,388,3285.0,427991.05785247,1350,43392.857142857145,5.222222222222222,0.16246913580246913,0.6097872340425532,0.1974468085106383,0.08866806802981081,325.8669538954384,80.56581773237114,9.051441180008064,67.86663363025113,0.46595744680851064,60.70795146843547,0.0
execution_drag_50bps,2026,weekly_fixed,44550,5656,1605,15699,15699,486022478.6418487,486022478.6418487,273564.5420367724,-148849.00681348392,377863.54885025637,75572709.77005127,5268,726,13500.0,1177739.0836045174,1350,43392.857142857145,33.0,1.0266666666666666,0.1269584736251403,0.036026936026936025,0.1022358111981655,202.64040150872032,-110.25852356554364,5.62863970409819,36.19885311366503,0.30303030303030304,26.436343066319132,0.0
high_contact_cost,2023,frequency_gate,13446,3055,1044,24286,24286,749723386.0623099,749723386.0623099,310175.54138844006,175715.54138844006,0.0,44303976.46338007,3119,224,7141.0,1087157.6182679865,1350,67114.28571428571,9.96,0.20034482758620692,0.2272051167633497,0.07764390896921017,0.04298772955612287,229.75966028773337,130.15966028773337,4.137199761335193,70.01076791488887,0.5310873122118102,80.85360837929395,0.0
high_contact_cost,2023,market_only,57510,7499,2235,24286,24286,749723386.0623099,749723386.0623099,751540.0860426856,176440.0860426856,0.0,100116991.65043914,6915,542,30510.0,4640442.944146212,1350,67114.28571428571,42.6,0.856896551724138,0.1303947139627891,0.03886280646844027,0.09202832907848144,556.696360031619,130.69636003161898,10.024231603470678,75.06618743266932,0.5305164319248826,80.68932262469505,0.0
high_contact_cost,2023,matched_calendar,9097,1205,436,24286,24286,749723386.0623099,749723386.0623099,-34608.306359257214,-125578.30635925721,0.0,17573865.51785152,1208,181,2505.0,-140163.27085013728,1350,67114.28571428571,6.738518518518519,0.13554491272882077,0.13246125096185557,0.04792788831482907,0.01795272996788273,-25.635782488338677,-93.02096767352386,-0.46161433673593455,-19.693052916617646,0.27536550511157526,-15.40763667694155,0.0
high_contact_cost,2023,matched_random_market,9097,1513,524,24286,24286,749723386.0623099,749723386.0623099,163891.38090744737,72921.38090744735,0.0,19956779.48677379,1436,112,4819.0,741742.5438847983,1350,67114.28571428571,6.738518518518519,0.13554491272882077,0.16631856656040453,0.057601407057271625,0.02157621675039117,121.40102289440546,54.015837709220264,2.1860246586175753,82.12316071140897,0.5297350774980762,81.53705000382526,0.0
high_contact_cost,2023,user_aware,9097,5531,1849,24286,24286,749723386.0623099,749723386.0623099,608018.6034369663,517048.60343696625,0.0,82195380.80739444,5646,438,4794.0,730587.4493889746,1350,67114.28571428571,6.738518518518519,0.13554491272882077,0.6080026382323843,0.20325381994063976,0.07613439841884213,450.38415069404914,382.9989655088639,8.109905796461758,73.9723567753418,0.5269869187644278,80.31081118929038,0.0
high_contact_cost,2023,weekly_fixed,67500,8744,2542,24286,24286,749723386.0623099,749723386.0623099,118238.10337472722,-556761.8966252728,0.0,112374153.23039205,7705,1077,22950.0,1134542.6978765724,1350,67114.28571428571,50.0,1.0057471264367817,0.12954074074074073,0.03765925925925926,0.1046693568310961,87.58378027757571,-412.41621972242433,1.5770897049875459,10.521823744674878,0.34,16.808039968541813,0.0
high_contact_cost,2024,frequency_gate,15572,3525,1145,24452,24452,756157490.3622506,756157490.3622506,129382.2646778706,-26337.735322129407,0.0,51338882.086442195,3455,338,6814.0,654712.1876474975,1350,67500.0,11.534814814814816,0.2306962962962963,0.22636783971230415,0.07352941176470588,0.046826435465401606,95.83871457620045,-19.50943357194771,1.711049170667975,25.201613167194083,0.4375802722835859,42.044193915200196,0.0
high_contact_cost,2024,market_only,66960,8718,2482,24452,24452,756157490.3622506,756157490.3622506,452008.25228429656,-217591.74771570347,0.0,114598390.68649419,7841,677,29700.0,2867248.642979719,1350,67500.0,49.6,0.992,0.13019713261648747,0.03706690561529271,0.10150498936692295,334.8209276179974,-161.17907238200257,5.977699858104348,39.4428097616878,0.4435483870967742,42.82032023565889,0.0
high_contact_cost,2024,matched_calendar,10457,1408,472,24452,24452,756157490.3622506,756157490.3622506,-53244.90194259914,-157814.90194259916,0.0,19959454.858049117,1314,210,2639.0,-433392.0789863386,1350,67500.0,7.745925925925926,0.1549185185185185,0.1346466481782538,0.04513722865066463,0.01930312448879437,-39.440668105628994,-116.89992736488827,-0.7041509556043839,-26.676531158428354,0.2523668356125084,-41.445163908036584,0.0
high_contact_cost,2024,matched_random_market,10457,1648,508,24452,24452,756157490.3622506,756157490.3622506,76516.23651900838,-28053.763480991624,0.0,20480381.47133273,1378,160,4654.0,445988.2781133288,1350,67500.0,7.745925925925926,0.1549185185185185,0.15759778139045616,0.048579898632494976,0.020775396695566824,56.678693717783986,-20.780565541475276,1.0119087292562814,37.36074771171203,0.4450607248732906,42.649734925249,0.0
high_contact_cost,2024,user_aware,10457,6350,2129,24452,24452,756157490.3622506,756157490.3622506,361575.06884087616,257005.06884087616,0.0,98331318.26758194,6721,601,4566.0,447676.4333093658,1350,67500.0,7.745925925925926,0.1549185185185185,0.6072487329061872,0.20359567753657837,0.08706854245051529,267.83338432657496,190.37412506731567,4.781742870359682,36.77109950432556,0.43664530936214974,42.81117273686199,0.0
high_contact_cost,2024,weekly_fixed,68850,8746,2520,24452,24452,756157490.3622506,756157490.3622506,75261.16825223622,-613238.8317477638,0.0,117526156.53902677,8180,1187,19440.0,357057.7906799681,1350,67500.0,51.0,1.02,0.12702977487291212,0.036601307189542485,0.10305905447407165,55.749013520174984,-454.25098647982503,0.9953107548558573,6.4037802705854965,0.2823529411764706,5.186024555990822,0.0
high_contact_cost,2025,frequency_gate,12766,2908,1017,24357,24357,756292949.4006555,756292949.4006555,207468.40566074126,79808.40566074128,0.0,43336754.751297645,3045,298,4859.0,544219.9547017686,1350,67307.14285714286,9.456296296296296,0.1896678340231349,0.22779257402475325,0.07966473445088516,0.04175391058012071,153.68030048943797,59.11733752647502,2.7432280814617553,47.873544489283425,0.3806203979320069,42.63042101690181,0.0
high_contact_cost,2025,market_only,54540,7111,2174,24357,24357,756292949.4006555,756292949.4006555,436357.52630372,-109042.47369628001,0.0,102084198.46649528,6934,646,20790.0,2246275.160917463,1350,67307.14285714286,40.4,0.8103151862464184,0.13038137147048037,0.03986065273193986,0.08925565545838979,323.2277972620148,-80.7722027379852,5.7696892011160905,42.74486481342512,0.3811881188118812,41.18582986647346,0.0
high_contact_cost,2025,matched_calendar,8376,1064,382,24357,24357,756292949.4006555,756292949.4006555,31219.85232011327,-52540.14767988673,0.0,15847398.088811168,1128,181,1738.0,-34678.1637136503,1350,67307.14285714286,6.204444444444444,0.12444444444444445,0.12702960840496658,0.04560649474689589,0.015683376442090568,23.125816533417236,-38.91862791102721,0.4128010494459095,19.700301680536192,0.20749761222540591,-4.140181914237141,0.0
high_contact_cost,2025,matched_random_market,8376,1292,427,24357,24357,756292949.4006555,756292949.4006555,106654.10686735853,22894.106867358532,0.0,18778080.463932626,1223,121,3160.0,334926.3535647396,1350,67307.14285714286,6.204444444444444,0.12444444444444445,0.15425023877745941,0.05097898758357211,0.017530894609352546,79.00304212396928,16.95859767952484,1.4102221493917062,56.79712954271916,0.3772683858643744,39.98643189645888,0.0
high_contact_cost,2025,user_aware,8376,5172,1778,24357,24357,756292949.4006555,756292949.4006555,380927.3534480954,297167.3534480954,0.0,82583007.57096255,5681,510,3180.0,361451.27641551703,1350,67307.14285714286,6.204444444444444,0.12444444444444445,0.6174785100286533,0.21227316141356256,0.07299749558648438,282.16840996155213,220.12396551710768,5.036769862127783,46.12660214884633,0.37965616045845274,43.15320874110757,0.0
high_contact_cost,2025,weekly_fixed,68850,8880,2553,24357,24357,756292949.4006555,756292949.4006555,-384961.64375115786,-1073461.643751158,0.0,115608429.87622683,7854,1493,13500.0,-2316792.2136051827,1350,67307.14285714286,51.0,1.0229226361031518,0.1289760348583878,0.03708061002178649,0.1048158640226629,-285.1567731490058,-795.1567731490059,-5.090112820121237,-33.29875201689938,0.19607843137254902,-33.649850597025164,0.0
high_contact_cost,2026,frequency_gate,10633,2449,784,15699,15699,486022478.6418487,486022478.6418487,220030.4640269255,113700.4640269255,0.0,35260971.85881047,2466,225,5078.0,660628.1657789508,1350,43392.857142857145,7.876296296296296,0.24504032921810698,0.2303206997084548,0.07373271889400922,0.049939486591502644,162.98552890883371,84.22256594587074,4.527166410940152,62.40056709382719,0.47756982977522805,62.12998831740344,0.0
high_contact_cost,2026,market_only,45360,5874,1643,15699,15699,486022478.6418487,486022478.6418487,489540.4761655574,35940.47616555741,0.0,74736109.61076987,5239,464,21330.0,2770154.1360070896,1350,43392.857142857145,33.6,1.0453333333333332,0.1294973544973545,0.036221340388007055,0.10465634753805975,362.62257493744994,26.622574937449933,10.07238343241941,65.50253668743443,0.47023809523809523,61.070417460473756,0.0
high_contact_cost,2026,matched_calendar,7050,934,319,15699,15699,486022478.6418487,486022478.6418487,27881.746418317984,-42618.25358168202,0.0,12348490.977287224,897,122,2944.0,351430.6718235235,1350,43392.857142857145,5.222222222222222,0.16246913580246913,0.1324822695035461,0.04524822695035461,0.02031976559016498,20.653145495050357,-31.569076727171865,0.5736719522979948,22.579071782618076,0.4175886524822695,49.84832224447141,0.0
high_contact_cost,2026,matched_random_market,7050,1139,372,15699,15699,486022478.6418487,486022478.6418487,58475.89310760903,-12024.106892390968,0.0,14060803.510457031,1044,105,3275.0,423465.08565257554,1350,43392.857142857145,5.222222222222222,0.16246913580246913,0.16156028368794326,0.05276595744680851,0.023695776801070132,43.315476376006686,-8.906745846215532,1.2031520285031936,41.587874451215015,0.4645390070921986,60.06596959611001,0.0
high_contact_cost,2026,user_aware,7050,4299,1392,15699,15699,486022478.6418487,486022478.6418487,439920.38775884185,369420.38775884185,0.0,64821306.76402816,4531,388,3285.0,427991.05785247,1350,43392.857142857145,5.222222222222222,0.16246913580246913,0.6097872340425532,0.1974468085106383,0.08866806802981081,325.8669538954384,273.6447316732162,9.051441180008064,67.86663363025113,0.46595744680851064,60.70795146843547,0.0
high_contact_cost,2026,weekly_fixed,44550,5656,1605,15699,15699,486022478.6418487,486022478.6418487,273564.5420367724,-171935.45796322756,0.0,75572709.77005127,5268,726,13500.0,1177739.0836045174,1350,43392.857142857145,33.0,1.0266666666666666,0.1269584736251403,0.036026936026936025,0.1022358111981655,202.64040150872032,-127.35959849127967,5.62863970409819,36.19885311366503,0.30303030303030304,26.436343066319132,0.0
high_response,2023,frequency_gate,13446,3037,2007,24286,24286,749723386.0623099,749723386.0623099,586278.4072586817,572832.4072586817,0.0,84473317.22319598,5978,473,7141.0,1087157.6182679865,1350,67114.28571428571,9.96,0.20034482758620692,0.22586642867767365,0.14926372155287818,0.08264020423289138,434.2803016730976,424.32030167309756,7.819929565461838,69.40397589804752,0.5310873122118102,80.85360837929395,0.0
high_response,2023,market_only,57510,7316,4322,24286,24286,749723386.0623099,749723386.0623099,1398725.9412542093,1341215.9412542093,0.0,191152020.08219528,13547,1104,30510.0,4640442.944146212,1350,67114.28571428571,42.6,0.856896551724138,0.12721265866805773,0.07515214745261693,0.1779626122045623,1036.0932898179328,993.4932898179328,18.656560102794508,73.17348467741841,0.5305164319248826,80.68932262469505,0.0
high_response,2023,matched_calendar,9133,1210,861,24286,24286,749723386.0623099,749723386.0623099,-21031.62006696338,-30164.62006696338,0.0,33406382.603805516,2387,351,2524.0,-140382.54913211078,1350,67114.28571428571,6.765185185185185,0.13608131119625375,0.13248658710171904,0.09427351363188438,0.03545252408795191,-15.578977827380282,-22.344163012565467,-0.2805250637495178,-6.295689155092041,0.27636045111135443,-15.370913076985742,0.0
high_response,2023,matched_random_market,9133,1514,1047,24286,24286,749723386.0623099,749723386.0623099,325269.5722735466,316136.5722735466,0.0,40223855.74974919,2873,251,4839.0,744187.0408383395,1350,67114.28571428571,6.765185185185185,0.13608131119625375,0.16577247344793605,0.114639220409504,0.043111257514617474,240.9404239063308,234.17523872114563,4.338527759977242,80.86484157490914,0.5298368553596846,81.48330678181753,0.0
high_response,2023,user_aware,9133,5425,3638,24286,24286,749723386.0623099,749723386.0623099,1123042.3144220996,1113909.3144220996,0.0,157954252.63738388,11177,921,4815.0,734717.8508397662,1350,67114.28571428571,6.765185185185185,0.13608131119625375,0.5939997810139056,0.39833570568268917,0.14979823766779216,831.883195868222,825.1180106830368,14.97942221491225,71.09921358054676,0.5272090222270885,80.44649631443843,0.0
high_response,2023,weekly_fixed,67500,8533,4986,24286,24286,749723386.0623099,749723386.0623099,394456.0890092777,326956.0890092777,0.0,220563544.84310818,15573,2059,22950.0,1134542.6978765724,1350,67114.28571428571,50.0,1.0057471264367817,0.1264148148148148,0.07386666666666666,0.2053034670180351,292.1896955624279,242.18969556242791,5.261355005624624,17.88401112658319,0.34,16.808039968541813,0.0
high_response,2024,frequency_gate,15572,3482,2271,24452,24452,756157490.3622506,756157490.3622506,330842.7688373256,315270.7688373256,0.0,99797047.65891363,6859,643,6814.0,654712.1876474975,1350,67500.0,11.534814814814816,0.2306962962962963,0.22360647315694837,0.14583868481890572,0.09287583837722886,245.06871765727823,233.53390284246342,4.3753156327107146,33.1515587483189,0.4375802722835859,42.044193915200196,0.0
high_response,2024,market_only,66960,8460,4827,24452,24452,756157490.3622506,756157490.3622506,873222.2489258882,806262.2489258882,0.0,213061288.65526962,15279,1329,29700.0,2867248.642979719,1350,67500.0,49.6,0.992,0.12634408602150538,0.07208781362007169,0.19740716505807296,646.8312955006579,597.2312955006579,11.548153130210425,40.98455681166701,0.4435483870967742,42.82032023565889,0.0
high_response,2024,matched_calendar,10497,1412,940,24452,24452,756157490.3622506,756157490.3622506,-33831.986899689655,-44328.986899689655,0.0,37802255.201335594,2571,422,2658.0,-432109.17799849866,1350,67500.0,7.775555555555556,0.1555111111111111,0.13451462322568353,0.08954939506525673,0.03844266317683625,-25.06073103680715,-32.836286592362704,-0.4474198474643404,-8.949727131225318,0.25321520434409833,-41.16501648075628,0.0
high_response,2024,matched_random_market,10497,1649,1052,24452,24452,756157490.3622506,756157490.3622506,165154.95267481095,154657.95267481095,0.0,41901149.0994126,2800,301,4674.0,448023.3914179462,1350,67500.0,7.775555555555556,0.1555111111111111,0.15709250261979613,0.10021911022196818,0.0430230655979061,122.33700198134144,114.56144642578589,2.18413432095595,39.415375526569086,0.44527007716490424,42.68108901761896,0.0
high_response,2024,user_aware,10497,6200,4138,24452,24452,756157490.3622506,756157490.3622506,746341.3118217638,735844.3118217638,0.0,183350503.52394184,13071,1155,4585.0,450334.35652966314,1350,67500.0,7.775555555555556,0.1555111111111111,0.5906449461750977,0.3942078689149281,0.16922951087845575,552.8454161642694,545.0698606087138,9.870183411979635,40.70571378192625,0.4367914642278746,42.901243834396794,0.0
high_response,2024,weekly_fixed,68850,8543,4946,24452,24452,756157490.3622506,756157490.3622506,146778.99412363084,77928.99412363082,0.0,220133510.01515004,15872,2363,19440.0,357057.7906799681,1350,67500.0,51.0,1.02,0.12408133623819899,0.07183732752360203,0.20227384263045967,108.72518083231914,57.725180832319126,1.9411167117224981,6.667726059223296,0.2823529411764706,5.186024555990822,0.0
high_response,2025,frequency_gate,12766,2893,1982,24357,24357,756292949.4006555,756292949.4006555,435118.55122527806,422352.55122527806,0.0,86161218.75521864,5986,592,4859.0,544219.9547017686,1350,67307.14285714286,9.456296296296296,0.1896678340231349,0.22661757794140686,0.1552561491461695,0.08137291127807202,322.3100379446504,312.8537416483541,5.753306989971272,50.50051026569581,0.3806203979320069,42.63042101690181,0.0
high_response,2025,market_only,54540,6947,4174,24357,24357,756292949.4006555,756292949.4006555,826645.5540620346,772105.5540620346,0.0,189918523.85695878,13292,1236,20790.0,2246275.160917463,1350,67307.14285714286,40.4,0.8103151862464184,0.12737440410707737,0.07653098643197653,0.17136757400336658,612.3300400459516,571.9300400459515,10.930229545536976,43.526325777713,0.3811881188118812,41.18582986647346,0.0
high_response,2025,matched_calendar,8404,1070,748,24357,24357,756292949.4006555,756292949.4006555,61069.240536786885,52665.240536786885,0.0,31146542.59325361,2292,346,1744.0,-35343.38494872959,1350,67307.14285714286,6.225185185185185,0.12486044784039053,0.1273203236554022,0.08900523560209424,0.030709857535821325,45.23647447169399,39.011289286508806,0.8074812886353474,19.607068859711763,0.20752022846263685,-4.205543187616562,0.0
high_response,2025,matched_random_market,8404,1294,877,24357,24357,756292949.4006555,756292949.4006555,144381.70610216723,135977.70610216723,0.0,36218315.7704493,2450,245,3167.0,335463.0074608796,1350,67307.14285714286,6.225185185185185,0.12486044784039053,0.15397429795335554,0.10435506901475487,0.036006076281972325,106.94941192753127,100.72422674234609,1.9090711637148852,39.864279448347226,0.376844359828653,39.917064190966165,0.0
high_response,2025,user_aware,8404,5083,3503,24357,24357,756292949.4006555,756292949.4006555,771965.267423384,763561.267423384,0.0,161395749.6146423,11267,1023,3193.0,362636.4090513375,1350,67307.14285714286,6.225185185185185,0.12486044784039053,0.6048310328415041,0.4168253212755831,0.14381902533152688,571.8261240173215,565.6009388321363,10.207225494236704,47.830582234449935,0.3799381247025226,43.15045324266272,0.0
high_response,2025,weekly_fixed,68850,8674,5008,24357,24357,756292949.4006555,756292949.4006555,-799533.8596454109,-868383.8596454109,0.0,222724469.72054932,15602,2889,13500.0,-2316792.2136051827,1350,67307.14285714286,51.0,1.0229226361031518,0.1259840232389252,0.07273783587509078,0.20560824403662192,-592.2473034410451,-643.2473034410451,-10.571748160273382,-35.89789036869545,0.19607843137254902,-33.649850597025164,0.0
high_response,2026,frequency_gate,10633,2424,1611,15699,15699,486022478.6418487,486022478.6418487,396539.47839565907,385906.47839565907,0.0,71333073.50046231,4986,413,5078.0,660628.1657789508,1350,43392.857142857145,7.876296296296296,0.24504032921810698,0.22796952882535504,0.15150945170695007,0.10261800114656984,293.73294695974744,285.85665066345115,8.158871159699387,55.58984899102786,0.47756982977522805,62.12998831740344,0.0
high_response,2026,market_only,45360,5712,3238,15699,15699,486022478.6418487,486022478.6418487,807121.1466269534,761761.1466269534,0.0,141301721.22003385,10066,883,21330.0,2770154.1360070896,1350,43392.857142857145,33.6,1.0453333333333332,0.1259259259259259,0.07138447971781305,0.20625517548888464,597.8675160199655,564.2675160199655,16.606662903378247,57.12040445495431,0.47023809523809523,61.070417460473756,0.0
high_response,2026,matched_calendar,7090,950,644,15699,15699,486022478.6418487,486022478.6418487,24726.548253252506,17636.548253252506,0.0,25941337.568580404,1838,238,2952.0,352117.5347248271,1350,43392.857142857145,5.2518518518518515,0.1633909465020576,0.13399153737658676,0.09083215796897039,0.04102172112873431,18.31596166907593,13.064109817224079,0.5087531819999126,9.531716777472868,0.416361071932299,49.66396822635079,0.0
high_response,2026,matched_random_market,7090,1141,787,15699,15699,486022478.6418487,486022478.6418487,146762.17526298287,139672.17526298287,0.0,32666001.40068406,2264,214,3299.0,425637.9323920293,1350,43392.857142857145,5.2518518518518515,0.1633909465020576,0.1609308885754584,0.11100141043723555,0.050130581565704824,108.71272241702435,103.4608705651725,3.019658178631946,44.92811148287942,0.46530324400564177,60.033558870526,0.0
high_response,2026,user_aware,7090,4190,2822,15699,15699,486022478.6418487,486022478.6418487,816928.134041449,809838.134041449,0.0,126155819.66677979,9100,753,3302.0,429479.01849923754,1350,43392.857142857145,5.2518518518518515,0.1633909465020576,0.5909732016925247,0.3980253878702398,0.1797566723995159,605.1319511418142,599.8800992899622,16.80844343505037,64.75548541472226,0.46572637517630466,60.575319957579346,0.0
high_response,2026,weekly_fixed,44550,5520,3216,15699,15699,486022478.6418487,486022478.6418487,467957.5214539335,423407.5214539335,0.0,147877306.761986,10449,1455,13500.0,1177739.0836045174,1350,43392.857142857145,33.0,1.0266666666666666,0.12390572390572391,0.07218855218855219,0.20485381234473532,346.63520107698776,313.63520107698776,9.628310253501109,31.644985407201695,0.30303030303030304,26.436343066319132,0.0
low_response,2023,frequency_gate,13446,3065,308,24286,24286,749723386.0623099,749723386.0623099,111708.35345433997,98262.35345433997,0.0,12719887.300390102,863,53,7141.0,1087157.6182679865,1350,67114.28571428571,9.96,0.20034482758620692,0.22794883236650304,0.022906440577123308,0.012682203738779544,82.74692848469627,72.78692848469628,1.4899942502934789,87.8218106939627,0.5310873122118102,80.85360837929395,0.0
low_response,2023,market_only,57510,7639,628,24286,24286,749723386.0623099,749723386.0623099,198377.1033369892,140867.1033369892,0.0,28785719.951653585,1857,134,30510.0,4640442.944146212,1350,67114.28571428571,42.6,0.856896551724138,0.13282907320466006,0.010919840027821249,0.02585851931153751,146.94600247184385,104.34600247184386,2.6460039399184754,68.91510918266734,0.5305164319248826,80.68932262469505,0.0
low_response,2023,matched_calendar,9067,1200,127,24286,24286,749723386.0623099,749723386.0623099,-31267.31144417329,-40334.31144417329,0.0,5053414.137652761,346,58,2478.0,-142464.43016474068,1350,67114.28571428571,6.716296296296297,0.13509791400596,0.132348075438403,0.01400683798389765,0.0052293502429383186,-23.160971440128364,-29.87726773642466,-0.41705130219286835,-61.87363749034926,0.2732987757803022,-15.712410958943497,0.0
low_response,2023,matched_random_market,9067,1509,140,24286,24286,749723386.0623099,749723386.0623099,41941.004334342644,32874.004334342644,0.0,5158533.714602221,349,23,4803.0,738442.408493314,1350,67114.28571428571,6.716296296296297,0.13509791400596,0.16642770486379177,0.015440608801147017,0.005764638063081611,31.067410618031587,24.35111432173529,0.5594197155116742,81.3041198424672,0.529723171942208,81.4428596551576,0.0
low_response,2023,user_aware,9067,5612,512,24286,24286,749723386.0623099,749723386.0623099,166786.2195171426,157719.2195171426,0.0,22678212.3714759,1449,101,4775.0,727388.3890036591,1350,67114.28571428571,6.716296296296297,0.13509791400596,0.6189478328002647,0.05646851218705195,0.02108210491641275,123.545347790476,116.82905149417971,2.224636747602814,73.54469425770182,0.5266350501819786,80.22371115072892,0.0
low_response,2023,weekly_fixed,67500,8872,756,24286,24286,749723386.0623099,749723386.0623099,62812.41787784304,-4687.582122156956,0.0,33547849.223731473,2205,320,22950.0,1134542.6978765724,1350,67114.28571428571,50.0,1.0057471264367817,0.13143703703703705,0.0112,0.0311290455406407,46.527716946550406,-3.4722830534495968,0.8378079041624383,18.723232437032078,0.34,16.808039968541813,0.0
low_response,2024,frequency_gate,15572,3549,328,24452,24452,756157490.3622506,756157490.3622506,38659.95715514075,23087.95715514075,0.0,14836151.982309353,940,94,6814.0,654712.1876474975,1350,67500.0,11.534814814814816,0.2306962962962963,0.22790906755715387,0.021063447212946312,0.013414035661704564,28.63700530010426,17.102190485289444,0.5112685868736156,26.05794090087439,0.4375802722835859,42.044193915200196,0.0
low_response,2024,market_only,66960,8907,740,24452,24452,756157490.3622506,756157490.3622506,156950.27025262383,89990.27025262383,0.0,35322317.56375067,2266,194,29700.0,2867248.642979719,1350,67500.0,49.6,0.992,0.13301971326164874,0.011051373954599762,0.030263373139211517,116.25945944638802,66.65945944638803,2.075629379501802,44.43374078423811,0.4435483870967742,42.82032023565889,0.0
low_response,2024,matched_calendar,10421,1411,127,24452,24452,756157490.3622506,756157490.3622506,-1255.6888712711163,-11676.688871271117,0.0,5064248.337425254,345,42,2627.0,-432538.76721867436,1350,67500.0,7.7192592592592595,0.15438518518518518,0.13539967373572595,0.0121869302370214,0.005193849173891706,-0.9301399046452714,-8.649399163904532,-0.016606181744884343,-2.479516776441356,0.2520871317531907,-41.506454967726164,0.0
low_response,2024,matched_random_market,10421,1648,145,24452,24452,756157490.3622506,756157490.3622506,19597.99801575494,9176.99801575494,0.0,6646815.547316451,365,41,4642.0,444995.7148305106,1350,67500.0,7.7192592592592595,0.15438518518518518,0.15814221283945878,0.013914211687937817,0.005929985277277932,14.517035567225882,6.797776307966622,0.25917878570992103,29.48479294519814,0.4454466941752231,42.701824664668514,0.0
low_response,2024,user_aware,10421,6464,617,24452,24452,756157490.3622506,756157490.3622506,131491.9286923283,121070.9286923283,0.0,29689194.724501405,1862,167,4547.0,446694.4553767554,1350,67500.0,7.7192592592592595,0.15438518518518518,0.6202859610402073,0.05920736973419058,0.025233109766072306,97.40142866098392,89.68216940172468,1.7389489672228835,44.28948980007627,0.4363304865176087,42.86483594441564,0.0
low_response,2024,weekly_fixed,68850,8899,733,24452,24452,756157490.3622506,756157490.3622506,79631.0280442361,10781.028044236102,0.0,35374071.324267164,2347,330,19440.0,357057.7906799681,1350,67500.0,51.0,1.02,0.12925199709513435,0.01064633260711692,0.02997709798789465,58.985946699434145,7.985946699434149,1.0531010941396277,22.511128932339766,0.2823529411764706,5.186024555990822,0.0
low_response,2025,frequency_gate,12766,2929,269,24357,24357,756292949.4006555,756292949.4006555,47882.096835448574,35116.096835448574,0.0,11462232.460730534,792,80,4859.0,544219.9547017686,1350,67307.14285714286,9.456296296296296,0.1896678340231349,0.2294375685414382,0.021071596428011905,0.01104405304429938,35.468219878110055,26.011923581813758,0.6331157374056444,41.77379668357979,0.3806203979320069,42.63042101690181,0.0
low_response,2025,market_only,54540,7232,623,24357,24357,756292949.4006555,756292949.4006555,117014.12381966197,62474.123819661974,0.0,29304351.94827338,1975,187,20790.0,2246275.160917463,1350,67307.14285714286,40.4,0.8103151862464184,0.1325999266593326,0.011422808947561423,0.025577862626760275,86.67712875530516,46.277128755305164,1.5472063294044052,39.93063010784529,0.3811881188118812,41.18582986647346,0.0
low_response,2025,matched_calendar,8358,1063,115,24357,24357,756292949.4006555,756292949.4006555,19323.788087289144,10965.788087289146,0.0,4699490.214712122,335,53,1737.0,-32515.471878204353,1350,67307.14285714286,6.191111111111111,0.12417701368990768,0.12718353673127542,0.013759272553242403,0.004721435316336166,14.313917101695662,8.122805990584553,0.2555066539044532,41.118902698838504,0.20782483847810482,-3.890341215386977,0.0
low_response,2025,matched_random_market,8358,1293,111,24357,24357,756292949.4006555,756292949.4006555,39659.76262820371,31301.76262820371,0.0,5434935.494412863,321,28,3150.0,333945.4616312774,1350,67307.14285714286,6.191111111111111,0.12417701368990768,0.15470208183776024,0.013280689160086146,0.004557211479246212,29.377601946817563,23.18649083570645,0.524396831408162,72.97191046512717,0.3768844221105528,39.955188039157385,0.0
low_response,2025,user_aware,8358,5252,508,24357,24357,756292949.4006555,756292949.4006555,113901.11867926715,105543.11867926715,0.0,24770001.771683916,1617,149,3171.0,360711.64396907936,1350,67307.14285714286,6.191111111111111,0.12417701368990768,0.6283799952141661,0.0607800909308447,0.020856427310424107,84.37119902167937,78.18008791056826,1.5060449627294703,45.98349234252958,0.3793969849246231,43.15765063042347,0.0
low_response,2025,weekly_fixed,68850,9022,696,24357,24357,756292949.4006555,756292949.4006555,-100816.83823893972,-169666.83823893973,0.0,31216695.408522986,2159,422,13500.0,-2316792.2136051827,1350,67307.14285714286,51.0,1.0229226361031518,0.13103848946986202,0.010108932461873638,0.028574947653651928,-74.67913943625165,-125.67913943625165,-1.3330395096084753,-32.29580739395434,0.19607843137254902,-33.649850597025164,0.0
low_response,2026,frequency_gate,10633,2467,230,15699,15699,486022478.6418487,486022478.6418487,42826.96478778768,32193.96478778768,0.0,9714392.335703118,709,67,5078.0,660628.1657789508,1350,43392.857142857145,7.876296296296296,0.24504032921810698,0.23201354274428665,0.02163077212451801,0.014650614688833684,31.723677620583466,23.84738132428717,0.8811725109394989,44.08609752190733,0.47756982977522805,62.12998831740344,0.0
low_response,2026,market_only,45360,6004,483,15699,15699,486022478.6418487,486022478.6418487,132868.2011274213,87508.2011274213,0.0,22327512.26201864,1625,142,21330.0,2770154.1360070896,1350,43392.857142857145,33.6,1.0453333333333332,0.13236331569664903,0.010648148148148148,0.030766290846550734,98.42088972401577,64.82088972401577,2.7337871593657757,59.508735038718825,0.47023809523809523,61.070417460473756,0.0
low_response,2026,matched_calendar,7025,942,97,15699,15699,486022478.6418487,486022478.6418487,13910.606218828252,6885.606218828253,0.0,4012711.2107274607,294,36,2932.0,348662.1668130205,1350,43392.857142857145,5.203703703703703,0.16189300411522634,0.13409252669039146,0.013807829181494662,0.006178737499203771,10.304152754687594,5.100449050983891,0.2862132273737696,34.66635271843151,0.4173665480427046,49.631625169113235,0.0
low_response,2026,matched_random_market,7025,1132,110,15699,15699,486022478.6418487,486022478.6418487,5758.961651082145,-1266.0383489178555,0.0,3761676.34795771,328,36,3261.0,421555.77954959095,1350,43392.857142857145,5.203703703703703,0.16189300411522634,0.16113879003558718,0.015658362989323844,0.0070068157207465445,4.265897519320108,-0.9378061843835966,0.11849167279618646,15.309561797385365,0.46419928825622775,60.007940149407965,0.0
low_response,2026,user_aware,7025,4385,397,15699,15699,486022478.6418487,486022478.6418487,120339.21761693119,113314.21761693119,0.0,18730922.519667637,1349,113,3272.0,426280.2938887211,1350,43392.857142857145,5.203703703703703,0.16189300411522634,0.6241992882562277,0.056512455516014234,0.02528823491942162,89.1401611977268,83.9364574940231,2.476001067959029,64.24628444785563,0.4657651245551601,60.68046888095674,0.0
low_response,2026,weekly_fixed,44550,5761,483,15699,15699,486022478.6418487,486022478.6418487,62617.237961754756,18067.237961754756,0.0,23413904.027708787,1597,237,13500.0,1177739.0836045174,1350,43392.857142857145,33.0,1.0266666666666666,0.12931537598204265,0.010841750841750842,0.030766290846550734,46.38313923092945,13.383139230929448,1.2883609444718207,26.743612636171843,0.30303030303030304,26.436343066319132,0.0
narrow_flexibility,2023,frequency_gate,13446,762,253,24286,24286,749723386.0623099,749723386.0623099,37062.13914425414,23616.139144254146,0.0,9834209.01905513,303,44,7141.0,1087157.6182679865,1350,67114.28571428571,9.96,0.20034482758620692,0.05667112896028559,0.01881600475977986,0.010417524499711768,27.453436403151215,17.493436403151218,0.4943441785764689,37.6869548658577,0.5310873122118102,80.85360837929395,0.0
narrow_flexibility,2023,market_only,57510,1993,588,24286,24286,749723386.0623099,749723386.0623099,105305.86723520132,47795.86723520133,0.0,25996046.45836283,744,126,30510.0,4640442.944146212,1350,67114.28571428571,42.6,0.856896551724138,0.03465484263606329,0.010224308815858112,0.024211479864942764,78.00434610014914,35.404346100149134,1.4045962710098696,40.50841631009812,0.5305164319248826,80.68932262469505,0.0
narrow_flexibility,2023,matched_calendar,5844,175,67,24286,24286,749723386.0623099,749723386.0623099,-14260.657864613682,-20104.65786461368,0.0,2809421.437882992,79,28,1285.0,-250200.52737440422,1350,67114.28571428571,4.328888888888889,0.08707535121328225,0.029945242984257357,0.011464750171115675,0.0027587910730461993,-10.563450270084209,-14.892339158973096,-0.19021225867734198,-50.76012332047854,0.2198836413415469,-42.81323192580496,0.0
narrow_flexibility,2023,matched_random_market,5844,271,100,24286,24286,749723386.0623099,749723386.0623099,14612.584662864032,8768.584662864032,0.0,3882791.645266885,123,21,3082.0,475066.68903767,1350,67114.28571428571,4.328888888888889,0.08707535121328225,0.04637234770704997,0.017111567419575632,0.004117598616486865,10.82413678730669,6.4952478984178015,0.19490634725444692,37.63422299694279,0.527378507871321,81.29135678262662,0.0
narrow_flexibility,2023,user_aware,5844,1490,493,24286,24286,749723386.0623099,749723386.0623099,85546.51736724866,79702.51736724866,0.0,21161311.280142985,621,103,3049.0,460194.1190220571,1350,67114.28571428571,4.328888888888889,0.08707535121328225,0.25496235455167693,0.08436002737850787,0.020299761179280243,63.36779064240641,59.03890175351752,1.141041068714093,40.425905670374235,0.5217316906228611,78.74642693738143,0.0
narrow_flexibility,2023,weekly_fixed,67500,2253,651,24286,24286,749723386.0623099,749723386.0623099,-12623.581207055711,-80123.58120705571,0.0,30264114.028576277,812,288,22950.0,1134542.6978765724,1350,67114.28571428571,50.0,1.0057471264367817,0.03337777777777778,0.009644444444444445,0.02680556699332949,-9.350800894115341,-59.350800894115345,-0.1683765164823945,-4.171138528997132,0.34,16.808039968541813,0.0
narrow_flexibility,2024,frequency_gate,15572,873,280,24452,24452,756157490.3622506,756157490.3622506,58424.344752453195,42852.344752453195,0.0,13039678.227988388,357,71,6814.0,654712.1876474975,1350,67500.0,11.534814814814816,0.2306962962962963,0.05606216285640894,0.017980991523246854,0.011451006052674628,43.277292409224586,31.742477594409774,0.7726478345729801,44.8050509613428,0.4375802722835859,42.044193915200196,0.0
narrow_flexibility,2024,market_only,66960,2318,638,24452,24452,756157490.3622506,756157490.3622506,78257.75710880292,11297.757108802918,0.0,31666043.044657055,839,154,29700.0,2867248.642979719,1350,67500.0,49.6,0.992,0.03461768219832736,0.009528076463560334,0.026091935220022903,57.96870896948364,8.368708969483643,1.0349399180230585,24.71346261938692,0.4435483870967742,42.82032023565889,0.0
narrow_flexibility,2024,matched_calendar,6615,201,58,24452,24452,756157490.3622506,756157490.3622506,-8091.6315976963915,-14706.631597696392,0.0,2102717.5683804266,73,26,1372.0,-460116.33738223225,1350,67500.0,4.9,0.098,0.030385487528344673,0.008767951625094483,0.0023719941109111727,-5.9938011834788085,-10.893801183478809,-0.10700987163163528,-38.48178052713374,0.2074074074074074,-69.55651358763905,0.0
narrow_flexibility,2024,matched_random_market,6615,276,84,24452,24452,756157490.3622506,756157490.3622506,13329.571014670157,6714.571014670157,0.0,3457436.4014354753,103,25,2961.0,280542.8670430317,1350,67500.0,4.9,0.098,0.041723356009070296,0.012698412698412698,0.0034353018158023883,9.87375630716308,4.973756307163079,0.17628035408714118,38.55333682822313,0.44761904761904764,42.41010839652785,0.0
narrow_flexibility,2024,user_aware,6615,1689,555,24452,24452,756157490.3622506,756157490.3622506,70321.68378096052,63706.68378096052,0.0,26620886.34596241,738,141,2851.0,272668.3687358491,1350,67500.0,4.9,0.098,0.25532879818594106,0.08390022675736962,0.02269752985440864,52.09013613404483,47.19013613404483,0.9299872669021857,26.415981371569252,0.4309901738473167,41.21970804774741,0.0
narrow_flexibility,2024,weekly_fixed,68850,2194,618,24452,24452,756157490.3622506,756157490.3622506,22680.863399778034,-46169.136600221966,0.0,27954880.979088493,794,292,19440.0,357057.7906799681,1350,67500.0,51.0,1.02,0.03186637618010167,0.008976034858387799,0.025274006216260428,16.800639555391136,-34.199360444608864,0.2999489350943593,8.113382209262253,0.2823529411764706,5.186024555990822,0.0
narrow_flexibility,2025,frequency_gate,12766,767,263,24357,24357,756292949.4006555,756292949.4006555,48860.06269839739,36094.06269839739,0.0,10500149.715444302,325,59,4859.0,544219.9547017686,1350,67307.14285714286,9.456296296296296,0.1896678340231349,0.06008146639511202,0.02060159799467335,0.01079771728866445,36.19263903584992,26.736342739553624,0.6460467830239307,46.53272955387563,0.3806203979320069,42.63042101690181,0.0
narrow_flexibility,2025,market_only,54540,1884,586,24357,24357,756292949.4006555,756292949.4006555,158394.24452320577,103854.24452320578,0.0,27452651.279318374,735,126,20790.0,2246275.160917463,1350,67307.14285714286,40.4,0.8103151862464184,0.03454345434543454,0.010744407774110745,0.024058792133678203,117.32907001718945,76.92907001718946,2.094350405470916,57.69724858689079,0.3811881188118812,41.18582986647346,0.0
narrow_flexibility,2025,matched_calendar,5332,166,57,24357,24357,756292949.4006555,756292949.4006555,-5910.9899090371055,-11242.989909037104,0.0,2760141.4869674025,71,30,879.0,-15749.246396913697,1350,67307.14285714286,3.9496296296296296,0.07921893239944816,0.03113278319579895,0.010690172543135784,0.0023401896785318387,-4.378511043731189,-8.328140673360817,-0.07815741127457855,-21.4155322723386,0.16485371342835708,-2.953722129953807,0.0
narrow_flexibility,2025,matched_random_market,5332,232,80,24357,24357,756292949.4006555,756292949.4006555,23277.29345980615,17945.29345980615,0.0,3785148.315893749,102,18,2037.0,218926.73072400465,1350,67307.14285714286,3.9496296296296296,0.07921893239944816,0.04351087771942986,0.015003750937734433,0.003284476741799072,17.242439599856407,13.292809970226779,0.30778144207549285,61.496384070514075,0.382033008252063,41.05902676744273,0.0
narrow_flexibility,2025,user_aware,5332,1373,490,24357,24357,756292949.4006555,756292949.4006555,106496.60303999591,101164.60303999591,0.0,22062597.8707687,617,104,2046.0,233501.44930904554,1350,67307.14285714286,3.9496296296296296,0.07921893239944816,0.2575018754688672,0.0918979744936234,0.020117420043519317,78.8863726222192,74.93674299258957,1.4081395724288053,48.27020084570185,0.38372093023255816,43.792469862911766,0.0
narrow_flexibility,2025,weekly_fixed,68850,2376,684,24357,24357,756292949.4006555,756292949.4006555,-49774.78143938443,-118624.78143938443,0.0,30641076.25769964,876,419,13500.0,-2316792.2136051827,1350,67307.14285714286,51.0,1.0229226361031518,0.034509803921568626,0.009934640522875817,0.028082276142382068,-36.8702084736181,-87.87020847361809,-0.6581415505569606,-16.244462505417637,0.19607843137254902,-33.649850597025164,0.0
narrow_flexibility,2026,frequency_gate,10633,609,186,15699,15699,486022478.6418487,486022478.6418487,25089.355085415078,14456.355085415078,0.0,8285780.391501641,240,51,5078.0,660628.1657789508,1350,43392.857142857145,7.876296296296296,0.24504032921810698,0.05727452271231073,0.01749271137026239,0.011847888400535066,18.584707470677834,10.708411174381538,0.5162179978902477,30.280014554993663,0.47756982977522805,62.12998831740344,0.0
narrow_flexibility,2026,market_only,45360,1574,411,15699,15699,486022478.6418487,486022478.6418487,83722.2758692896,38362.27586928961,0.0,19931748.848043416,537,101,21330.0,2770154.1360070896,1350,43392.857142857145,33.6,1.0453333333333332,0.034700176366843034,0.009060846560846561,0.02618001146569845,62.01650064391822,28.41650064391823,1.7226008991033679,42.00448064421007,0.47023809523809523,61.070417460473756,0.0
narrow_flexibility,2026,matched_calendar,4485,145,54,15699,15699,486022478.6418487,486022478.6418487,512.6183415633018,-3972.381658436698,0.0,2319092.2065985426,71,12,1861.0,227727.82110567,1350,43392.857142857145,3.3222222222222224,0.10335802469135802,0.032329988851727984,0.012040133779264214,0.0034397095356392127,0.3797172900468902,-2.942504932175332,0.010547214667843618,2.210426735533595,0.4149386845039019,50.7754339143077,0.0
narrow_flexibility,2026,matched_random_market,4485,196,72,15699,15699,486022478.6418487,486022478.6418487,10069.140366897087,5584.140366897087,0.0,2886212.2261866233,87,17,2097.0,271538.12704179384,1350,43392.857142857145,3.3222222222222224,0.10335802469135802,0.04370122630992196,0.016053511705685617,0.004586279380852283,7.458622493997842,4.13640027177562,0.2071743758649703,34.88704079187146,0.46755852842809364,60.54361806951925,0.0
narrow_flexibility,2026,user_aware,4485,1121,362,15699,15699,486022478.6418487,486022478.6418487,67512.5666774884,63027.5666774884,0.0,17970010.853504516,483,90,2126.0,278764.35277430207,1350,43392.857142857145,3.3222222222222224,0.10335802469135802,0.24994425863991082,0.08071348940914158,0.023058793553729535,50.00930864999141,46.68708642776919,1.3890832141374803,37.5695747920609,0.47402452619843927,62.15481667208519,0.0
narrow_flexibility,2026,weekly_fixed,44550,1464,426,15699,15699,486022478.6418487,486022478.6418487,30070.39104764041,-14479.608952359593,0.0,20511064.37486422,569,183,13500.0,1177739.0836045174,1350,43392.857142857145,33.0,1.0266666666666666,0.03286195286195286,0.009562289562289562,0.027135486336709345,22.274363738992896,-10.725636261007105,0.618703709582934,14.660570752481716,0.30303030303030304,26.436343066319132,0.0
no_behavioral_response,2023,frequency_gate,13446,3074,0,24286,24286,749723386.0623099,749723386.0623099,0.0,-13446.0,0.0,0.0,0,0,7141.0,1087157.6182679865,1350,67114.28571428571,9.96,0.20034482758620692,0.22861817640934107,0.0,0.0,0.0,-9.96,0.0,,0.5310873122118102,80.85360837929395,0.0
no_behavioral_response,2023,market_only,57510,7689,0,24286,24286,749723386.0623099,749723386.0623099,0.0,-57510.0,0.0,0.0,0,0,30510.0,4640442.944146212,1350,67114.28571428571,42.6,0.856896551724138,0.13369848721961397,0.0,0.0,0.0,-42.6,0.0,,0.5305164319248826,80.68932262469505,0.0
no_behavioral_response,2023,matched_calendar,9059,1198,0,24286,24286,749723386.0623099,749723386.0623099,0.0,-9059.0,0.0,0.0,0,0,2481.0,-141800.06878484477,1350,67114.28571428571,6.71037037037037,0.13497871434653044,0.1322441770614858,0.0,0.0,0.0,-6.71037037037037,0.0,,0.273871288221658,-15.652949418792888,0.0
no_behavioral_response,2023,matched_random_market,9059,1510,0,24286,24286,749723386.0623099,749723386.0623099,0.0,-9059.0,0.0,0.0,0,0,4798.0,737741.4098588622,1350,67114.28571428571,6.71037037037037,0.13497871434653044,0.1666850645766641,0.0,0.0,0.0,-6.71037037037037,0.0,,0.5296390330058506,81.43740035973752,0.0
no_behavioral_response,2023,user_aware,9059,5642,0,24286,24286,749723386.0623099,749723386.0623099,0.0,-9059.0,0.0,0.0,0,0,4769.0,726561.076340666,1350,67114.28571428571,6.71037037037037,0.13497871434653044,0.6228060492328071,0.0,0.0,0.0,-6.71037037037037,0.0,,0.5264377966662988,80.20323174088377,0.0
no_behavioral_response,2023,weekly_fixed,67500,8922,0,24286,24286,749723386.0623099,749723386.0623099,0.0,-67500.0,0.0,0.0,0,0,22950.0,1134542.6978765724,1350,67114.28571428571,50.0,1.0057471264367817,0.13217777777777778,0.0,0.0,0.0,-50.0,0.0,,0.34,16.808039968541813,0.0
no_behavioral_response,2024,frequency_gate,15572,3554,0,24452,24452,756157490.3622506,756157490.3622506,0.0,-15572.0,0.0,0.0,0,0,6814.0,654712.1876474975,1350,67500.0,11.534814814814816,0.2306962962962963,0.22823015669149757,0.0,0.0,0.0,-11.534814814814816,0.0,,0.4375802722835859,42.044193915200196,0.0
no_behavioral_response,2024,market_only,66960,8986,0,24452,24452,756157490.3622506,756157490.3622506,0.0,-66960.0,0.0,0.0,0,0,29700.0,2867248.642979719,1350,67500.0,49.6,0.992,0.1341995221027479,0.0,0.0,0.0,-49.6,0.0,,0.4435483870967742,42.82032023565889,0.0
no_behavioral_response,2024,matched_calendar,10403,1417,0,24452,24452,756157490.3622506,756157490.3622506,0.0,-10403.0,0.0,0.0,0,0,2611.0,-434073.78897457075,1350,67500.0,7.705925925925926,0.15411851851851852,0.1362107084494857,0.0,0.0,0.0,-7.705925925925926,0.0,,0.2509852927040277,-41.725828027931435,0.0
no_behavioral_response,2024,matched_random_market,10403,1649,0,24452,24452,756157490.3622506,756157490.3622506,0.0,-10403.0,0.0,0.0,0,0,4631.0,442964.49134066934,1350,67500.0,7.705925925925926,0.15411851851851852,0.15851196770162454,0.0,0.0,0.0,-7.705925925925926,0.0,,0.44516004998558106,42.5804567279313,0.0
no_behavioral_response,2024,user_aware,10403,6509,0,24452,24452,756157490.3622506,756157490.3622506,0.0,-10403.0,0.0,0.0,0,0,4535.0,445738.91291326424,1350,67500.0,7.705925925925926,0.15411851851851852,0.6256848985869461,0.0,0.0,0.0,-7.705925925925926,0.0,,0.435931942708834,42.84715110191909,0.0
no_behavioral_response,2024,weekly_fixed,68850,8958,0,24452,24452,756157490.3622506,756157490.3622506,0.0,-68850.0,0.0,0.0,0,0,19440.0,357057.7906799681,1350,67500.0,51.0,1.02,0.13010893246187363,0.0,0.0,0.0,-51.0,0.0,,0.2823529411764706,5.186024555990822,0.0
no_behavioral_response,2025,frequency_gate,12766,2932,0,24357,24357,756292949.4006555,756292949.4006555,0.0,-12766.0,0.0,0.0,0,0,4859.0,544219.9547017686,1350,67307.14285714286,9.456296296296296,0.1896678340231349,0.22967256775810746,0.0,0.0,0.0,-9.456296296296296,0.0,,0.3806203979320069,42.63042101690181,0.0
no_behavioral_response,2025,market_only,54540,7276,0,24357,24357,756292949.4006555,756292949.4006555,0.0,-54540.0,0.0,0.0,0,0,20790.0,2246275.160917463,1350,67307.14285714286,40.4,0.8103151862464184,0.13340667400073342,0.0,0.0,0.0,-40.4,0.0,,0.3811881188118812,41.18582986647346,0.0
no_behavioral_response,2025,matched_calendar,8351,1064,0,24357,24357,756292949.4006555,756292949.4006555,0.0,-8351.0,0.0,0.0,0,0,1735.0,-31691.593175726903,1350,67307.14285714286,6.185925925925926,0.12407301284092115,0.12740989103101424,0.0,0.0,0.0,-6.185925925925926,0.0,,0.2077595497545204,-3.794945895788157,0.0
no_behavioral_response,2025,matched_random_market,8351,1292,0,24357,24357,756292949.4006555,756292949.4006555,0.0,-8351.0,0.0,0.0,0,0,3147.0,333634.53725270263,1350,67307.14285714286,6.185925925925926,0.12407301284092115,0.15471201053766015,0.0,0.0,0.0,-6.185925925925926,0.0,,0.3768410968746258,39.95144740183243,0.0
no_behavioral_response,2025,user_aware,8351,5282,0,24357,24357,756292949.4006555,756292949.4006555,0.0,-8351.0,0.0,0.0,0,0,3171.0,360817.5267411286,1350,67307.14285714286,6.185925925925926,0.12407301284092115,0.6324991019039636,0.0,0.0,0.0,-6.185925925925926,0.0,,0.3797150041911148,43.20650541745044,0.0
no_behavioral_response,2025,weekly_fixed,68850,9082,0,24357,24357,756292949.4006555,756292949.4006555,0.0,-68850.0,0.0,0.0,0,0,13500.0,-2316792.2136051827,1350,67307.14285714286,51.0,1.0229226361031518,0.13190994916485113,0.0,0.0,0.0,-51.0,0.0,,0.19607843137254902,-33.649850597025164,0.0
no_behavioral_response,2026,frequency_gate,10633,2476,0,15699,15699,486022478.6418487,486022478.6418487,0.0,-10633.0,0.0,0.0,0,0,5078.0,660628.1657789508,1350,43392.857142857145,7.876296296296296,0.24504032921810698,0.23285996426220257,0.0,0.0,0.0,-7.876296296296296,0.0,,0.47756982977522805,62.12998831740344,0.0
no_behavioral_response,2026,market_only,45360,6070,0,15699,15699,486022478.6418487,486022478.6418487,0.0,-45360.0,0.0,0.0,0,0,21330.0,2770154.1360070896,1350,43392.857142857145,33.6,1.0453333333333332,0.13381834215167548,0.0,0.0,0.0,-33.6,0.0,,0.47023809523809523,61.070417460473756,0.0
no_behavioral_response,2026,matched_calendar,7009,936,0,15699,15699,486022478.6418487,486022478.6418487,0.0,-7009.0,0.0,0.0,0,0,2929.0,349851.6450162873,1350,43392.857142857145,5.191851851851852,0.16152427983539094,0.133542588101013,0.0,0.0,0.0,-5.191851851851852,0.0,,0.4178912826366101,49.9146304774272,0.0
no_behavioral_response,2026,matched_random_market,7009,1129,0,15699,15699,486022478.6418487,486022478.6418487,0.0,-7009.0,0.0,0.0,0,0,3254.0,420992.399652689,1350,43392.857142857145,5.191851851851852,0.16152427983539094,0.1610786132115851,0.0,0.0,0.0,-5.191851851851852,0.0,,0.4642602368383507,60.06454553469668,0.0
no_behavioral_response,2026,user_aware,7009,4426,0,15699,15699,486022478.6418487,486022478.6418487,0.0,-7009.0,0.0,0.0,0,0,3264.0,425502.5478236383,1350,43392.857142857145,5.191851851851852,0.16152427983539094,0.6314738193750892,0.0,0.0,0.0,-5.191851851851852,0.0,,0.46568697389071195,60.70802508540994,0.0
no_behavioral_response,2026,weekly_fixed,44550,5799,0,15699,15699,486022478.6418487,486022478.6418487,0.0,-44550.0,0.0,0.0,0,0,13500.0,1177739.0836045174,1350,43392.857142857145,33.0,1.0266666666666666,0.13016835016835016,0.0,0.0,0.0,-33.0,0.0,,0.30303030303030304,26.436343066319132,0.0
no_fatigue,2023,frequency_gate,13446,3055,1084,24286,24286,749723386.0623099,749723386.0623099,316556.9611022279,303110.9611022279,0.0,45179878.27327218,3206,235,7141.0,1087157.6182679865,1350,67114.28571428571,9.96,0.20034482758620692,0.2272051167633497,0.08061877138182359,0.044634769002717616,234.48663785350215,224.52663785350217,4.2223167502463195,70.06591721817428,0.5310873122118102,80.85360837929395,0.0
no_fatigue,2023,market_only,57510,7475,2584,24286,24286,749723386.0623099,749723386.0623099,883215.7066741248,825705.7066741248,0.0,115753805.03400482,7992,618,30510.0,4640442.944146212,1350,67114.28571428571,42.6,0.856896551724138,0.1299773952356112,0.04493131629281864,0.10639874825002059,654.233856795648,611.6338567956481,11.780554309676026,76.3012245182492,0.5305164319248826,80.68932262469505,0.0
no_fatigue,2023,matched_calendar,9097,1205,438,24286,24286,749723386.0623099,749723386.0623099,-34600.97436255936,-43697.97436255936,0.0,17613904.524264008,1212,182,2505.0,-140163.27085013728,1350,67114.28571428571,6.738518518518519,0.13554491272882077,0.13246125096185557,0.04814774101352094,0.01803508194021247,-25.630351379673602,-32.36886989819212,-0.4615165407109717,-19.644125080214238,0.27536550511157526,-15.40763667694155,0.0
no_fatigue,2023,matched_random_market,9097,1513,541,24286,24286,749723386.0623099,749723386.0623099,171924.78427931247,162827.78427931247,0.0,20645297.273919456,1478,119,4819.0,741742.5438847983,1350,67114.28571428571,6.738518518518519,0.13554491272882077,0.16631856656040453,0.059470154996152574,0.02227620851519394,127.35169205874998,120.61317354023146,2.293176223064005,83.27551887397598,0.5297350774980762,81.53705000382526,0.0
no_fatigue,2023,user_aware,9097,5529,1889,24286,24286,749723386.0623099,749723386.0623099,618843.1536587724,609746.1536587724,0.0,83733197.59508987,5739,445,4794.0,730587.4493889746,1350,67114.28571428571,6.738518518518519,0.13554491272882077,0.6077827855336925,0.2076508739144773,0.07778143786543688,458.40233604353506,451.66381752501655,8.254286382995929,73.90654739489626,0.5269869187644278,80.31081118929038,0.0
no_fatigue,2023,weekly_fixed,67500,8701,3074,24286,24286,749723386.0623099,749723386.0623099,163442.702742813,95942.70274281301,0.0,136959152.9236253,9371,1305,22950.0,1134542.6978765724,1350,67114.28571428571,50.0,1.0057471264367817,0.12890370370370371,0.04554074074074074,0.12657498147080623,121.06866869838001,71.06866869838001,2.180040075863783,11.933682361043527,0.34,16.808039968541813,0.0
no_fatigue,2024,frequency_gate,15572,3525,1203,24452,24452,756157490.3622506,756157490.3622506,138811.4032776432,123239.40327764321,0.0,52860986.649854265,3568,350,6814.0,654712.1876474975,1350,67500.0,11.534814814814816,0.2306962962962963,0.22636783971230415,0.07725404572309273,0.04919842957631278,102.82326168714312,91.28844687232831,1.8357472490438884,26.259707219828424,0.4375802722835859,42.044193915200196,0.0
no_fatigue,2024,market_only,66960,8663,2954,24452,24452,756157490.3622506,756157490.3622506,528764.3087464127,461804.30874641275,0.0,133428256.87855081,9284,810,29700.0,2867248.642979719,1350,67500.0,49.6,0.992,0.1293757467144564,0.044115890083632016,0.12080811385571733,391.6772657380835,342.0772657380835,6.992780148128915,39.62911013876956,0.4435483870967742,42.82032023565889,0.0
no_fatigue,2024,matched_calendar,10459,1405,478,24452,24452,756157490.3622506,756157490.3622506,-53168.944334824446,-63627.94433482445,0.0,20086705.619578555,1325,212,2641.0,-433819.2288070849,1350,67500.0,7.747407407407407,0.15494814814814814,0.13433406635433598,0.04570226599101253,0.019548503189923114,-39.38440321098107,-47.131810618388485,-0.703146434605216,-26.469718500280383,0.25250980017210056,-41.47807905221196,0.0
no_fatigue,2024,matched_random_market,10459,1648,529,24452,24452,756157490.3622506,756157490.3622506,77701.23669686736,67242.23669686736,0.0,21210925.06516641,1424,166,4655.0,445876.19856346946,1350,67500.0,7.747407407407407,0.15494814814814814,0.15756764509035281,0.05057844918252223,0.02163422214951742,57.55647162730916,49.80906421990175,1.0275800701206201,36.632648721423294,0.4450712305191701,42.63086323391045,0.0
no_fatigue,2024,user_aware,10459,6348,2182,24452,24452,756157490.3622506,756157490.3622506,371704.81893938425,361245.81893938425,0.0,99950686.62038906,6845,612,4566.0,447626.1716875318,1350,67500.0,7.747407407407407,0.15494814814814814,0.6069413901902667,0.20862415144851323,0.08923605431048585,275.3369029180624,267.589495510655,4.915706366425234,37.18882095839047,0.43656181279281003,42.79818067573686,0.0
no_fatigue,2024,weekly_fixed,68850,8706,3053,24452,24452,756157490.3622506,756157490.3622506,77602.60804249748,8752.608042497483,0.0,139997638.6766788,9903,1433,19440.0,357057.7906799681,1350,67500.0,51.0,1.02,0.1264488017429194,0.04434277414669571,0.12485686242434156,57.48341336481295,6.48341336481295,1.0262757300112253,5.543136925453354,0.2823529411764706,5.186024555990822,0.0
no_fatigue,2025,frequency_gate,12766,2907,1050,24357,24357,756292949.4006555,756292949.4006555,209381.4686164774,196615.4686164774,0.0,44486591.55951559,3129,310,4859.0,544219.9547017686,1350,67307.14285714286,9.456296296296296,0.1896678340231349,0.22771424095253015,0.08224972583424722,0.04310875723611282,155.0973841603536,145.6410878640573,2.768523345119207,47.06619708915217,0.3806203979320069,42.63042101690181,0.0
no_fatigue,2025,market_only,54540,7079,2497,24357,24357,756292949.4006555,756292949.4006555,507111.9975841164,452571.9975841164,0.0,116323471.5768762,7969,738,20790.0,2246275.160917463,1350,67307.14285714286,40.4,0.8103151862464184,0.1297946461312798,0.045782911624495784,0.10251673030340354,375.6385167289751,335.2385167289751,6.705232383641694,43.59498480484868,0.3811881188118812,41.18582986647346,0.0
no_fatigue,2025,matched_calendar,8376,1064,384,24357,24357,756292949.4006555,756292949.4006555,31197.04387867591,22821.04387867591,0.0,15870879.380357236,1131,182,1738.0,-34678.1637136503,1350,67307.14285714286,6.204444444444444,0.12444444444444445,0.12702960840496658,0.045845272206303724,0.015765488360635547,23.108921391611787,16.904476947167343,0.41249946734792176,19.656783427695423,0.20749761222540591,-4.140181914237141,0.0
no_fatigue,2025,matched_random_market,8376,1292,445,24357,24357,756292949.4006555,756292949.4006555,110935.63455259251,102559.63455259251,0.0,19362480.32032812,1270,124,3160.0,334926.3535647396,1350,67307.14285714286,6.204444444444444,0.12444444444444445,0.15425023877745941,0.0531279847182426,0.01826990187625734,82.17454411303149,75.97009966858705,1.4668341763665311,57.29412385050914,0.3772683858643744,39.98643189645888,0.0
no_fatigue,2025,user_aware,8376,5170,1818,24357,24357,756292949.4006555,756292949.4006555,389869.0925537649,381493.0925537649,0.0,84489076.56895137,5790,516,3180.0,361451.27641551703,1350,67307.14285714286,6.204444444444444,0.12444444444444445,0.6172397325692455,0.2170487106017192,0.07463973395738391,288.7919204101962,282.58747596575176,5.155001019945075,46.144319287901496,0.37965616045845274,43.15320874110757,0.0
no_fatigue,2025,weekly_fixed,68850,8847,3071,24357,24357,756292949.4006555,756292949.4006555,-445356.92165177374,-514206.92165177374,0.0,138919108.385527,9466,1799,13500.0,-2316792.2136051827,1350,67307.14285714286,51.0,1.0229226361031518,0.12849673202614378,0.044604212055192445,0.12608285092581187,-329.8940160383509,-380.8940160383509,-5.888682712230872,-32.05872300992772,0.19607843137254902,-33.649850597025164,0.0
no_fatigue,2026,frequency_gate,10633,2449,829,15699,15699,486022478.6418487,486022478.6418487,225615.5697487592,214982.5697487592,0.0,36403143.98742914,2543,234,5078.0,660628.1657789508,1350,43392.857142857145,7.876296296296296,0.24504032921810698,0.2303206997084548,0.07796482648358882,0.05280591120453532,167.12264425834016,159.24634796204387,4.642080966691583,61.976946229333805,0.47756982977522805,62.12998831740344,0.0
no_fatigue,2026,market_only,45360,5837,1971,15699,15699,486022478.6418487,486022478.6418487,575260.743959155,529900.743959155,0.0,88249803.71143386,6276,549,21330.0,2770154.1360070896,1350,43392.857142857145,33.6,1.0453333333333332,0.12868165784832453,0.04345238095238095,0.12554939805083126,426.1190695993741,392.5190695993741,11.83609337507754,65.18549841087328,0.47023809523809523,61.070417460473756,0.0
no_fatigue,2026,matched_calendar,7050,934,323,15699,15699,486022478.6418487,486022478.6418487,24672.037650162023,17622.037650162023,0.0,12495059.796312645,910,123,2944.0,351430.6718235235,1350,43392.857142857145,5.222222222222222,0.16246913580246913,0.1324822695035461,0.04581560283687943,0.020574558889101216,18.27558344456446,13.05336122234224,0.50763161652741,19.74543383733375,0.4175886524822695,49.84832224447141,0.0
no_fatigue,2026,matched_random_market,7050,1138,390,15699,15699,486022478.6418487,486022478.6418487,62336.51135130225,55286.51135130225,0.0,14720395.255044146,1079,107,3275.0,423465.08565257554,1350,43392.857142857145,5.222222222222222,0.16246913580246913,0.16141843971631206,0.05531914893617021,0.024842346646283202,46.175193593557225,40.952971371335,1.282584943920633,42.34703638813081,0.4645390070921986,60.06596959611001,0.0
no_fatigue,2026,user_aware,7050,4297,1435,15699,15699,486022478.6418487,486022478.6418487,450723.65758049866,443673.65758049866,0.0,66439617.09889293,4637,396,3285.0,427991.05785247,1350,43392.857142857145,5.222222222222222,0.16246913580246913,0.6095035460992908,0.20354609929078013,0.09140709599337538,333.86937598555454,328.64715376333237,9.273720401575051,67.83959289073161,0.46595744680851064,60.70795146843547,0.0
no_fatigue,2026,weekly_fixed,44550,5632,1940,15699,15699,486022478.6418487,486022478.6418487,350400.8699664186,305850.8699664186,0.0,89960833.95310043,6297,860,13500.0,1177739.0836045174,1350,43392.857142857145,33.0,1.0266666666666666,0.12641975308641976,0.04354657687991021,0.12357474998407542,259.5561999751249,226.55619997512488,7.20956098461919,38.95038035653318,0.30303030303030304,26.436343066319132,0.0
urgent_majority,2023,frequency_gate,13446,995,345,24286,24286,749723386.0623099,749723386.0623099,98893.99420456537,85447.99420456537,0.0,13526135.508662192,978,84,7141.0,1087157.6182679865,1350,67114.28571428571,9.96,0.20034482758620692,0.07399970251375874,0.025658188308790717,0.014205715226879684,73.25481052190028,63.294810521900274,1.3190730880621915,73.11326590010373,0.5310873122118102,80.85360837929395,0.0
urgent_majority,2023,market_only,57510,2416,713,24286,24286,749723386.0623099,749723386.0623099,207688.22630021273,150178.22630021273,0.0,29855665.2519016,2109,173,30510.0,4640442.944146212,1350,67114.28571428571,42.6,0.856896551724138,0.04201008520257347,0.012397843853242914,0.029358478135551345,153.84313059275016,111.24313059275018,2.7701980511909987,69.56409262626778,0.5305164319248826,80.68932262469505,0.0
urgent_majority,2023,matched_calendar,6085,238,85,24286,24286,749723386.0623099,749723386.0623099,-6902.889149784425,-12987.889149784427,0.0,3266845.6555755856,223,40,1315.0,-252626.82497482965,1350,67114.28571428571,4.507407407407407,0.09066624095359728,0.039112571898110106,0.013968775677896467,0.003499958824013835,-5.113251222062537,-9.620658629469945,-0.0920724800388009,-21.13013554222599,0.2161051766639277,-41.516322921089504,0.0
urgent_majority,2023,matched_random_market,6085,364,132,24286,24286,749723386.0623099,749723386.0623099,34919.38748567094,28834.387485670937,0.0,4918516.857292071,342,27,3206.0,494563.05466661515,1350,67114.28571428571,4.507407407407407,0.09066624095359728,0.05981922760887428,0.02169268693508628,0.0054352301737626615,25.866212952348842,21.358805544941436,0.46576361541920436,70.99576660777389,0.5268693508627773,81.27576904956699,0.0
urgent_majority,2023,user_aware,6085,1763,595,24286,24286,749723386.0623099,749723386.0623099,159866.71425103492,153781.71425103492,0.0,25155263.41600804,1746,148,3209.0,487428.79431317386,1350,67114.28571428571,4.507407407407407,0.09066624095359728,0.2897288414133114,0.09778142974527526,0.024499711768096847,118.41978833409995,113.91238092669253,2.1323426376051224,63.55199371488221,0.5273623664749384,80.10333513774427,0.0
urgent_majority,2023,weekly_fixed,67500,2692,814,24286,24286,749723386.0623099,749723386.0623099,88168.57812758247,20668.578127582463,0.0,35467718.366684414,2385,333,22950.0,1134542.6978765724,1350,67114.28571428571,50.0,1.0057471264367817,0.03988148148148148,0.01205925925925926,0.03351725273820308,65.31005787228331,15.310057872283306,1.176014777805727,24.85882435854715,0.34,16.808039968541813,0.0
urgent_majority,2024,frequency_gate,15572,1098,360,24452,24452,756157490.3622506,756157490.3622506,61188.043722171635,45616.043722171635,0.0,16574180.925073184,1082,109,6814.0,654712.1876474975,1350,67500.0,11.534814814814816,0.2306962962962963,0.07051117390187515,0.023118417672745955,0.014722722067724521,45.32447683123825,33.789662016423435,0.8091970852905052,36.917687817445774,0.4375802722835859,42.044193915200196,0.0
urgent_majority,2024,market_only,66960,2753,799,24452,24452,756157490.3622506,756157490.3622506,155301.23749428542,88341.23749428544,0.0,36699688.50992008,2540,229,29700.0,2867248.642979719,1350,67500.0,49.6,0.992,0.041114097968936676,0.011932497013142175,0.03267626370031081,115.03795369947068,65.4379536994707,2.0538213199460027,42.31677264844001,0.4435483870967742,42.82032023565889,0.0
urgent_majority,2024,matched_calendar,6906,284,83,24452,24452,756157490.3622506,756157490.3622506,-26889.627523006715,-33795.62752300671,0.0,4836095.813578002,249,44,1473.0,-451574.32683948084,1350,67500.0,5.115555555555556,0.10231111111111112,0.04112366058499855,0.012018534607587604,0.0033944053656142646,-19.918242609634603,-25.033798165190156,-0.355608823105419,-55.60193296317744,0.21329278887923545,-65.38869487973948,0.0
urgent_majority,2024,matched_random_market,6906,357,99,24452,24452,756157490.3622506,756157490.3622506,11900.720325381797,4994.720325381798,0.0,3611456.828387607,249,32,3092.0,300228.82345705485,1350,67500.0,5.115555555555556,0.10231111111111112,0.051694178974804515,0.014335360556038228,0.004048748568624244,8.815348389171701,3.6997928336161467,0.15738414916290186,32.9526861067174,0.4477266145380828,43.4736205411316,0.0
urgent_majority,2024,user_aware,6906,1998,701,24452,24452,756157490.3622506,756157490.3622506,128278.45573921865,121372.45573921865,0.0,32747401.307255175,2218,210,2984.0,292674.31867146713,1350,67500.0,5.115555555555556,0.10231111111111112,0.2893136403127715,0.10150593686649291,0.028668411581874692,95.02107832534715,89.9055227697916,1.6964515643132043,39.17210240154189,0.4320880393860411,42.3797159964476,0.0
urgent_majority,2024,weekly_fixed,68850,2700,774,24452,24452,756157490.3622506,756157490.3622506,21104.121441910534,-47745.87855808946,0.0,35811920.61506385,2527,375,19440.0,357057.7906799681,1350,67500.0,51.0,1.02,0.0392156862745098,0.011241830065359478,0.03165385244560772,15.63268254956336,-35.36731745043664,0.279096903897629,5.893043735005193,0.2823529411764706,5.186024555990822,0.0
urgent_majority,2025,frequency_gate,12766,914,335,24357,24357,756292949.4006555,756292949.4006555,52960.28800509729,40194.28800509729,0.0,14479519.484507523,1008,98,4859.0,544219.9547017686,1350,67307.14285714286,9.456296296296296,0.1896678340231349,0.07159642801190663,0.026241579194736016,0.013753746356283614,39.22984296673873,29.773546670442435,0.7002615593212534,36.57599830005586,0.3806203979320069,42.63042101690181,0.0
urgent_majority,2025,market_only,54540,2181,684,24357,24357,756292949.4006555,756292949.4006555,141681.24069286275,87141.24069286275,0.0,32358016.603132084,2230,201,20790.0,2246275.160917463,1350,67307.14285714286,40.4,0.8103151862464184,0.03998899889988999,0.012541254125412541,0.028082276142382068,104.94906717989834,64.54906717989833,1.8733645580742466,43.78551455442073,0.3811881188118812,41.18582986647346,0.0
urgent_majority,2025,matched_calendar,5536,174,63,24357,24357,756292949.4006555,756292949.4006555,-962.0164888895011,-6498.016488889502,0.0,2717984.239624293,179,27,986.0,-4170.162457947823,1350,67307.14285714286,4.100740740740741,0.08224981428419824,0.03143063583815029,0.011380057803468208,0.0025865254341667695,-0.7126048065848156,-4.813345547325557,-0.012720156781203324,-3.5394483708355886,0.17810693641618497,-0.7532807908142743,0.0
urgent_majority,2025,matched_random_market,5536,266,93,24357,24357,756292949.4006555,756292949.4006555,29673.5663517251,24137.5663517251,0.0,4115143.9923395193,248,32,2095.0,217326.1972732389,1350,67307.14285714286,4.100740740740741,0.08224981428419824,0.04804913294797688,0.01679913294797688,0.0038182042123414213,21.98041951979637,17.87967877905563,0.39235545399756416,72.10820910996907,0.3784320809248555,39.25689979646657,0.0
urgent_majority,2025,user_aware,5536,1619,580,24357,24357,756292949.4006555,756292949.4006555,114889.8601686829,109353.8601686829,0.0,26110547.837284233,1844,164,2125.0,241325.27533658678,1350,67307.14285714286,4.100740740740741,0.08224981428419824,0.2924494219653179,0.10476878612716763,0.023812456378043273,85.1036001249503,81.00285938420956,1.5191184878786776,44.001321184317455,0.38385115606936415,43.591993377273624,0.0
urgent_majority,2025,weekly_fixed,68850,2731,808,24357,24357,756292949.4006555,756292949.4006555,-145257.0895118614,-214107.0895118614,0.0,36907739.523343325,2512,495,13500.0,-2316792.2136051827,1350,67307.14285714286,51.0,1.0229226361031518,0.03966594045025418,0.011735657225853305,0.03317321509217063,-107.5978440828603,-158.59784408286032,-1.9206458241740092,-39.356810085860054,0.19607843137254902,-33.649850597025164,0.0
urgent_majority,2026,frequency_gate,10633,762,255,15699,15699,486022478.6418487,486022478.6418487,65341.33173411289,54708.331734112886,0.0,12160972.039135559,858,77,5078.0,660628.1657789508,1350,43392.857142857145,7.876296296296296,0.24504032921810698,0.0716636885168814,0.023981943007617794,0.01624307280718517,48.40098646971325,40.52469017341695,1.3444096642752836,53.730352741406,0.47756982977522805,62.12998831740344,0.0
urgent_majority,2026,market_only,45360,1868,529,15699,15699,486022478.6418487,486022478.6418487,153611.67808605166,108251.67808605166,0.0,25438848.522100504,1763,144,21330.0,2770154.1360070896,1350,43392.857142857145,33.6,1.0453333333333332,0.04118165784832452,0.01166225749559083,0.033696413784317474,113.78642821189011,80.18642821189012,3.160587932379328,60.38468209463115,0.47023809523809523,61.070417460473756,0.0
urgent_majority,2026,matched_calendar,4738,177,57,15699,15699,486022478.6418487,486022478.6418487,-10022.15932854472,-14760.15932854472,0.0,2611563.3673545187,152,28,1976.0,240992.30142790684,1350,43392.857142857145,3.5096296296296297,0.10918847736625514,0.0373575348248206,0.012030392570704939,0.003630804509841391,-7.42382172484794,-10.93345135447757,-0.20620773254255337,-38.376090941637926,0.41705360911777123,50.86371917009431,0.0
urgent_majority,2026,matched_random_market,4738,247,77,15699,15699,486022478.6418487,486022478.6418487,13169.441500858526,8431.441500858526,0.0,2901081.981374531,216,18,2215.0,285093.9254799423,1350,43392.857142857145,3.5096296296296297,0.10918847736625514,0.052131701139721404,0.016251582946390883,0.004904771004522581,9.755141852487796,6.245512222858167,0.2709636298645998,45.39493053077684,0.46749683410721826,60.171786720122896,0.0
urgent_majority,2026,user_aware,4738,1389,462,15699,15699,486022478.6418487,486022478.6418487,153645.25874740252,148907.25874740252,0.0,22707077.160902552,1565,119,2249.0,297843.3541272035,1350,43392.857142857145,3.5096296296296297,0.10918847736625514,0.2931616715913888,0.0975094976783453,0.029428626027135488,113.81130277585372,110.30167314622409,3.1612788605323776,67.66404044812586,0.47467285774588436,62.862674995188584,0.0
urgent_majority,2026,weekly_fixed,44550,1783,516,15699,15699,486022478.6418487,486022478.6418487,96805.26848187365,52255.268481873645,0.0,25665714.60352497,1763,225,13500.0,1177739.0836045174,1350,43392.857142857145,33.0,1.0266666666666666,0.04002244668911335,0.011582491582491583,0.0328683355627747,71.70760628286936,38.707606282869364,1.991785827527737,37.717737447520065,0.30303030303030304,26.436343066319132,0.0
weak_intent,2023,frequency_gate,13541,2500,878,24286,24286,749723386.0623099,749723386.0623099,284207.17320897745,270666.17320897745,0.0,35077301.19375762,2477,195,7239.0,1102862.1789644633,1350,67114.28571428571,10.03037037037037,0.20176032354193274,0.1846244738202496,0.06484011520567166,0.036152515852754676,210.52383200664997,200.4934616362796,3.790827103602673,81.0231014179492,0.5345986263939148,81.4461397950272,0.0
weak_intent,2023,market_only,57510,7499,2235,24286,24286,749723386.0623099,749723386.0623099,751540.0860426856,694030.0860426856,0.0,100116991.65043914,6915,542,30510.0,4640442.944146212,1350,67114.28571428571,42.6,0.856896551724138,0.1303947139627891,0.03886280646844027,0.09202832907848144,556.696360031619,514.0963600316189,10.024231603470678,75.06618743266932,0.5305164319248826,80.68932262469505,0.0
weak_intent,2023,matched_calendar,8294,1024,357,24286,24286,749723386.0623099,749723386.0623099,-29686.018719425447,-37980.01871942545,0.0,14474033.098158896,1025,143,2054.0,-189046.87955387603,1350,67114.28571428571,6.143703703703704,0.12358024691358026,0.12346274415239933,0.043043163732818905,0.014699827060858107,-21.989643495870702,-28.133347199574406,-0.3959596201919494,-20.509845817059464,0.2476489028213166,-22.79320949528286,0.0
weak_intent,2023,matched_random_market,8294,1241,452,24286,24286,749723386.0623099,749723386.0623099,155982.17638252198,147688.17638252198,0.0,19116485.91010405,1289,99,4418.0,682836.6598875853,1350,67114.28571428571,6.143703703703704,0.12358024691358026,0.1496262358331324,0.05449722691102001,0.01861154574652063,115.54235287594221,109.3986491722385,2.080529689780255,81.59563275176916,0.5326742223293948,82.32899202888659,0.0
weak_intent,2023,user_aware,8294,2983,1032,24286,24286,749723386.0623099,749723386.0623099,340035.83799609035,331741.83799609035,0.0,44447252.05753804,3037,243,4427.0,682362.7144743153,1350,67114.28571428571,6.143703703703704,0.12358024691358026,0.3596575837955148,0.12442729684108994,0.042493617722144446,251.87839851562248,245.73469481191879,4.535483944045328,76.50323074099289,0.5337593441041717,82.27184886355381,0.0
weak_intent,2023,weekly_fixed,67500,8744,2542,24286,24286,749723386.0623099,749723386.0623099,118238.10337472722,50738.10337472721,0.0,112374153.23039205,7705,1077,22950.0,1134542.6978765724,1350,67114.28571428571,50.0,1.0057471264367817,0.12954074074074073,0.03765925925925926,0.1046693568310961,87.58378027757571,37.58378027757571,1.5770897049875459,10.521823744674878,0.34,16.808039968541813,0.0
weak_intent,2024,frequency_gate,15679,2869,930,24452,24452,756157490.3622506,756157490.3622506,116942.19463195287,101263.19463195287,0.0,40729168.545590006,2733,257,6921.0,654829.4128039647,1350,67500.0,11.614074074074074,0.23228148148148148,0.18298360864851074,0.05931500733465144,0.03803369867495501,86.62384787552064,75.00977380144657,1.5465322518451763,28.71214876411095,0.4414184578098093,41.76474346603512,0.0
weak_intent,2024,market_only,66960,8718,2482,24452,24452,756157490.3622506,756157490.3622506,452008.25228429656,385048.25228429656,0.0,114598390.68649419,7841,677,29700.0,2867248.642979719,1350,67500.0,49.6,0.992,0.13019713261648747,0.03706690561529271,0.10150498936692295,334.8209276179974,285.22092761799746,5.977699858104348,39.4428097616878,0.4435483870967742,42.82032023565889,0.0
weak_intent,2024,matched_calendar,9610,1231,433,24452,24452,756157490.3622506,756157490.3622506,-40609.24775810058,-50219.24775810058,0.0,19646093.97857709,1327,198,2378.0,-438740.5310115947,1350,67500.0,7.118518518518519,0.14237037037037037,0.12809573361082205,0.04505723204994797,0.01770816293145755,-30.08092426525969,-37.19944278377821,-0.537047483833639,-20.670392701156057,0.24745057232049947,-45.654581791008816,0.0
weak_intent,2024,matched_random_market,9610,1380,427,24452,24452,756157490.3622506,756157490.3622506,59059.755679362504,49449.755679362504,0.0,17402612.2408595,1189,134,4311.0,406569.89228124195,1350,67500.0,7.118518518518519,0.14237037037037037,0.14360041623309053,0.04443288241415193,0.017462784230328807,43.74796716989815,36.62944865137963,0.7810509904632286,33.93729335685387,0.4485952133194589,42.306960695238494,0.0
weak_intent,2024,user_aware,9610,3376,1117,24452,24452,756157490.3622506,756157490.3622506,199584.33813111918,189974.33813111918,0.0,51590502.89941842,3492,321,4207.0,418472.1015827547,1350,67500.0,7.118518518518519,0.14237037037037037,0.35130072840790844,0.11623309053069719,0.04568133486013414,147.84025046749568,140.72173194897718,2.6394546199033853,38.68625559247438,0.4377731529656608,43.54548403566646,0.0
weak_intent,2024,weekly_fixed,68850,8746,2520,24452,24452,756157490.3622506,756157490.3622506,75261.16825223622,6411.168252236232,0.0,117526156.53902677,8180,1187,19440.0,357057.7906799681,1350,67500.0,51.0,1.02,0.12702977487291212,0.036601307189542485,0.10305905447407165,55.749013520174984,4.749013520174986,0.9953107548558573,6.4037802705854965,0.2823529411764706,5.186024555990822,0.0
weak_intent,2025,frequency_gate,12787,2391,798,24357,24357,756292949.4006555,756292949.4006555,165440.04772729514,152653.04772729514,0.0,33856183.729727685,2368,229,4870.0,526695.6760804771,1350,67307.14285714286,9.471851851851852,0.18997983657009446,0.1869867834519434,0.06240713224368499,0.03276265549944574,122.54818350170011,113.07633164984826,2.187512760212858,48.86553341274233,0.38085555642449365,41.189933219713545,0.0
weak_intent,2025,market_only,54540,7111,2174,24357,24357,756292949.4006555,756292949.4006555,436357.52630372,381817.52630372,0.0,102084198.46649528,6934,646,20790.0,2246275.160917463,1350,67307.14285714286,40.4,0.8103151862464184,0.13038137147048037,0.03986065273193986,0.08925565545838979,323.2277972620148,282.8277972620148,5.7696892011160905,42.74486481342512,0.3811881188118812,41.18582986647346,0.0
weak_intent,2025,matched_calendar,7766,932,337,24357,24357,756292949.4006555,756292949.4006555,3648.477144301413,-4117.522855698587,0.0,14983108.288687587,1097,161,1606.0,5795.664737722225,1350,67307.14285714286,5.752592592592593,0.11538151331847607,0.12001030131341746,0.04339428277105331,0.013835858274828592,2.702575662445491,-3.0500169301471014,0.04824158611015408,2.4350602518544524,0.20679886685552407,0.7462869865725245,0.0
weak_intent,2025,matched_random_market,7766,1098,363,24357,24357,756292949.4006555,756292949.4006555,95886.27873892715,88120.27873892715,0.0,16872306.18232926,1021,102,2933.0,306065.04142988985,1350,67307.14285714286,5.752592592592593,0.11538151331847607,0.14138552665464846,0.046742209631728045,0.01490331321591329,71.02687313994603,65.27428054735344,1.2678457311404898,56.83057058278789,0.37767190316765387,39.410898973717465,0.0
weak_intent,2025,user_aware,7766,2803,946,24357,24357,756292949.4006555,756292949.4006555,197780.73594454664,190014.73594454664,0.0,41111336.85624014,2815,260,2934.0,332719.0961541896,1350,67307.14285714286,5.752592592592593,0.11538151331847607,0.3609322688642802,0.12181303116147309,0.03883893747177403,146.50424884781233,140.75165625521973,2.6151339385258487,48.108563493363086,0.3778006695853721,42.84304611823199,0.0
weak_intent,2025,weekly_fixed,68850,8880,2553,24357,24357,756292949.4006555,756292949.4006555,-384961.64375115786,-453811.64375115786,0.0,115608429.87622683,7854,1493,13500.0,-2316792.2136051827,1350,67307.14285714286,51.0,1.0229226361031518,0.1289760348583878,0.03708061002178649,0.1048158640226629,-285.1567731490058,-336.1567731490058,-5.090112820121237,-33.29875201689938,0.19607843137254902,-33.649850597025164,0.0
weak_intent,2026,frequency_gate,10639,1914,573,15699,15699,486022478.6418487,486022478.6418487,169028.4386525649,158389.4386525649,0.0,26203086.033343468,1799,155,5037.0,648191.4341107799,1350,43392.857142857145,7.880740740740741,0.24517860082304527,0.17990412632766237,0.053858445342607385,0.03649914007261609,125.20625085375177,117.32551011301103,3.4777905566199627,64.50707311248604,0.47344675251433405,60.925973692149626,0.0
weak_intent,2026,market_only,45360,5874,1643,15699,15699,486022478.6418487,486022478.6418487,489540.4761655574,444180.4761655574,0.0,74736109.61076987,5239,464,21330.0,2770154.1360070896,1350,43392.857142857145,33.6,1.0453333333333332,0.1294973544973545,0.036221340388007055,0.10465634753805975,362.62257493744994,329.0225749374499,10.07238343241941,65.50253668743443,0.47023809523809523,61.070417460473756,0.0
weak_intent,2026,matched_calendar,6304,707,245,15699,15699,486022478.6418487,486022478.6418487,-28755.082937031326,-35059.08293703133,0.0,10767314.487459855,740,110,2666.0,327213.0553544833,1350,43392.857142857145,4.66962962962963,0.14527736625514404,0.1121510152284264,0.038864213197969545,0.015606089559844575,-21.300061434838018,-25.96969106446765,-0.591641008403256,-26.705900501486155,0.4229060913705584,51.905624263084285,0.0
weak_intent,2026,matched_random_market,6304,970,325,15699,15699,486022478.6418487,486022478.6418487,68955.15768962778,62651.15768962779,0.0,13262972.967090288,943,91,2912.0,365200.8632739141,1350,43392.857142857145,4.66962962962963,0.14527736625514404,0.15387055837563451,0.05155456852791878,0.020701955538569336,51.07789458490947,46.40826495527985,1.4187647839317536,51.99072474981873,0.4619289340101523,57.931609021877236,0.0
weak_intent,2026,user_aware,6304,2283,714,15699,15699,486022478.6418487,486022478.6418487,225711.25122486427,219407.25122486427,0.0,32592000.444573794,2282,193,2971.0,381620.3615190685,1350,43392.857142857145,4.66962962962963,0.14527736625514404,0.3621510152284264,0.11326142131979695,0.04548060386011848,167.1935194258254,162.52388979619576,4.6440496302886345,69.25357392796757,0.47128807106598986,60.53622486025832,0.0
weak_intent,2026,weekly_fixed,44550,5656,1605,15699,15699,486022478.6418487,486022478.6418487,273564.5420367724,229014.54203677244,0.0,75572709.77005127,5268,726,13500.0,1177739.0836045174,1350,43392.857142857145,33.0,1.0266666666666666,0.1269584736251403,0.036026936026936025,0.1022358111981655,202.64040150872032,169.64040150872032,5.62863970409819,36.19885311366503,0.30303030303030304,26.436343066319132,0.0
wide_flexibility,2023,frequency_gate,13446,5470,1889,24286,24286,749723386.0623099,749723386.0623099,751203.3156931219,737757.3156931219,0.0,76881779.80208726,8766,456,7141.0,1087157.6182679865,1350,67114.28571428571,9.96,0.20034482758620692,0.4068124349248847,0.1404878774356686,0.07778143786543688,556.4469005134237,546.4869005134236,10.019739675436629,97.70888728472536,0.5310873122118102,80.85360837929395,0.0
wide_flexibility,2023,market_only,57510,13645,4134,24286,24286,749723386.0623099,749723386.0623099,1971626.1878554565,1914116.1878554565,0.0,178687086.99599573,23484,1070,30510.0,4640442.944146212,1350,67114.28571428571,42.6,0.856896551724138,0.23726308468092505,0.0718831507563902,0.17022152680556699,1460.4638428558937,1417.8638428558936,26.29804838036083,110.33960097517509,0.5305164319248826,80.68932262469505,0.0
wide_flexibility,2023,matched_calendar,12993,3532,1237,24286,24286,749723386.0623099,749723386.0623099,132952.02687822352,119959.02687822352,0.0,51246683.80849476,6528,523,3989.0,-14278.44249228267,1350,67114.28571428571,9.624444444444444,0.19359514687100896,0.27183868236742864,0.09520511044408528,0.050934694885942516,98.48298287275816,88.85853842831372,1.7733477353095908,25.943537610171198,0.3070114677133841,-1.0989334635790555,0.0
wide_flexibility,2023,matched_random_market,12993,3914,1345,24286,24286,749723386.0623099,749723386.0623099,607361.8443373224,594368.8443373224,0.0,53905361.3977629,6802,326,6900.0,1062005.323951985,1350,67114.28571428571,9.624444444444444,0.19359514687100896,0.3012391287616409,0.10351727853459555,0.055381701391748334,449.89766247209064,440.27321802764624,8.10114577760876,112.67188060490922,0.5310551835603786,81.73672931208998,0.0
wide_flexibility,2023,user_aware,12993,9629,3263,24286,24286,749723386.0623099,749723386.0623099,1687671.550221134,1674678.550221134,0.0,144167292.35161453,18691,829,6782.0,1028309.1849865457,1350,67114.28571428571,9.624444444444444,0.19359514687100896,0.7410913568844762,0.2511352266605095,0.1343572428559664,1250.127074237877,1240.5026297934326,22.510589660075922,117.06341450216144,0.5219733702763026,79.14332217244252,0.0
wide_flexibility,2023,weekly_fixed,67500,16136,4732,24286,24286,749723386.0623099,749723386.0623099,874226.2892011008,806726.2892011008,0.0,202345517.09280986,26694,1970,22950.0,1134542.6978765724,1350,67114.28571428571,50.0,1.0057471264367817,0.23905185185185185,0.07010370370370371,0.19484476653215846,647.5750290378525,597.5750290378525,11.66065118753603,43.20462848703088,0.34,16.808039968541813,0.0
wide_flexibility,2024,frequency_gate,15572,6284,2031,24452,24452,756157490.3622506,756157490.3622506,373863.78068000113,358291.78068000113,0.0,89610934.68504986,10023,634,6814.0,654712.1876474975,1350,67500.0,11.534814814814816,0.2306962962962963,0.4035448240431544,0.13042640637040842,0.08306069033207918,276.93613383703786,265.40131902222305,4.944258113490287,41.72077682193558,0.4375802722835859,42.044193915200196,0.0
wide_flexibility,2024,market_only,66960,15952,4535,24452,24452,756157490.3622506,756157490.3622506,1193959.7798039825,1126999.7798039825,0.0,200472801.29354092,26089,1350,29700.0,2867248.642979719,1350,67500.0,49.6,0.992,0.23823178016726404,0.06772700119474313,0.18546540160314084,884.4146517066537,834.8146517066536,15.789829433971422,59.557195395086794,0.4435483870967742,42.82032023565889,0.0
wide_flexibility,2024,matched_calendar,15209,4253,1427,24452,24452,756157490.3622506,756157490.3622506,-72701.41818782955,-87910.41818782955,0.0,61986578.01629551,7650,688,4133.0,-350918.5936616646,1350,67500.0,11.265925925925925,0.22531851851851853,0.2796370570057203,0.09382602406469853,0.05835923441845248,-53.85290236135522,-65.11882828728115,-0.9614586791040138,-11.728574235654248,0.27174699191268326,-23.07308788622951,0.0
wide_flexibility,2024,matched_random_market,15209,4406,1415,24452,24452,756157490.3622506,756157490.3622506,351894.80164681334,336685.80164681334,0.0,58657525.45029998,7616,431,6823.0,646693.81149945,1350,67500.0,11.265925925925925,0.22531851851851853,0.2896968899993425,0.09303701755539483,0.05786847701619499,260.66281603467655,249.39689010875063,4.653723677037596,59.99141609629796,0.4486159510815964,42.520468899957265,0.0
wide_flexibility,2024,user_aware,15209,11178,3680,24452,24452,756157490.3622506,756157490.3622506,885554.7280966497,870345.7280966497,0.0,169123667.94588974,21455,1128,6698.0,658565.2986220499,1350,67500.0,11.265925925925925,0.22531851851851853,0.7349595634163982,0.24196199618646855,0.1504989366922951,655.9664652567776,644.7005393308517,11.711247185720651,52.36137193878615,0.44039713327634955,43.30102561786113,0.0
wide_flexibility,2024,weekly_fixed,68850,16178,4731,24452,24452,756157490.3622506,756157490.3622506,402992.4338644825,334142.4338644825,0.0,209040224.41362953,27487,2204,19440.0,357057.7906799681,1350,67500.0,51.0,1.02,0.23497458242556282,0.06871459694989107,0.19348110584001307,298.51291397369073,247.51291397369076,5.329477509657702,19.27822432237148,0.2823529411764706,5.186024555990822,0.0
wide_flexibility,2025,frequency_gate,12766,5209,1811,24357,24357,756292949.4006555,756292949.4006555,282924.25773255626,270158.25773255626,0.0,76123425.24832253,8473,589,4859.0,544219.9547017686,1350,67307.14285714286,9.456296296296296,0.1896678340231349,0.4080369732100893,0.1418611937960207,0.0743523422424765,209.57352424633797,200.11722795004167,3.740934752290989,37.16651698338953,0.3806203979320069,42.63042101690181,0.0
wide_flexibility,2025,market_only,54540,13157,4025,24357,24357,756292949.4006555,756292949.4006555,321899.1688642812,267359.1688642812,0.0,177419953.589269,23119,1378,20790.0,2246275.160917463,1350,67307.14285714286,40.4,0.8103151862464184,0.24123579024569122,0.0737990465713238,0.1652502360717658,238.44382878835646,198.04382878835645,4.2562762104205625,18.143346469895075,0.3811881188118812,41.18582986647346,0.0
wide_flexibility,2025,matched_calendar,12202,3339,1113,24357,24357,756292949.4006555,756292949.4006555,-118995.22917569913,-131197.22917569912,0.0,49157120.700134344,5742,578,2626.0,-156120.9187070013,1350,67307.14285714286,9.038518518518519,0.18128833704764938,0.2736436649729553,0.09121455499098509,0.04569528267027959,-88.14461420422158,-97.18313272274008,-1.5734012761853733,-24.207119432724205,0.21521062120963777,-12.794699123668359,0.0
wide_flexibility,2025,matched_random_market,12202,3625,1214,24357,24357,756292949.4006555,756292949.4006555,188255.8982570875,176053.8982570875,0.0,52351517.65652506,6538,405,4633.0,508804.3855715508,1350,67307.14285714286,9.038518518518519,0.18128833704764938,0.2970824455007376,0.09949188657597115,0.04984193455680092,139.44881352376854,130.41029500525002,2.4891928241070596,35.95996958335045,0.3796918537944599,41.698441695750766,0.0
wide_flexibility,2025,user_aware,12202,9196,3160,24357,24357,756292949.4006555,756292949.4006555,267083.05294824834,254881.0529482483,0.0,144867575.1176726,18258,1082,4622.0,513315.07225179404,1350,67307.14285714286,9.038518518518519,0.18128833704764938,0.753646943124078,0.258973938698574,0.12973683130106334,197.83929848018394,188.80077996166543,3.531476171500811,18.436358359094708,0.37879036223569906,42.06810951088298,0.0
wide_flexibility,2025,weekly_fixed,68850,16126,4621,24357,24357,756292949.4006555,756292949.4006555,-931948.9641845577,-1000798.9641845577,0.0,201195591.0534431,26252,2683,13500.0,-2316792.2136051827,1350,67307.14285714286,51.0,1.0229226361031518,0.23421931735657225,0.06711692084241104,0.18971958779816891,-690.3325660626354,-741.3325660626354,-12.322592256388289,-46.32054605694646,0.19607843137254902,-33.649850597025164,0.0
wide_flexibility,2026,frequency_gate,10633,4375,1418,15699,15699,486022478.6418487,486022478.6418487,598486.8803605592,587853.8803605592,0.0,61893353.89830803,7026,446,5078.0,660628.1657789508,1350,43392.857142857145,7.876296296296296,0.24504032921810698,0.41145490454246214,0.13335841248941974,0.09032422447289637,443.3236150818957,435.4473187855994,12.313975313096286,96.69646943739463,0.47756982977522805,62.12998831740344,0.0
wide_flexibility,2026,market_only,45360,10634,3046,15699,15699,486022478.6418487,486022478.6418487,1253023.8717926508,1207663.8717926508,0.0,132057146.92409313,17494,964,21330.0,2770154.1360070896,1350,43392.857142857145,33.6,1.0453333333333332,0.23443562610229277,0.06715167548500882,0.19402509713994523,928.1658309575191,894.5658309575191,25.781191752573395,94.8849722244032,0.47023809523809523,61.070417460473756,0.0
wide_flexibility,2026,matched_calendar,10216,2727,904,15699,15699,486022478.6418487,486022478.6418487,82304.28660129933,72088.28660129933,0.0,39348397.43597741,4654,384,4248.0,507183.2004716516,1350,43392.857142857145,7.567407407407408,0.2354304526748971,0.26693422083007046,0.08848864526233359,0.05758328555958978,60.96613822318469,53.398730815777284,1.6934255146241826,20.91680779000318,0.4158183241973375,49.64596715658297,0.0
wide_flexibility,2026,matched_random_market,10216,3011,995,15699,15699,486022478.6418487,486022478.6418487,312686.6496103207,302470.6496103207,0.0,41803358.17649276,5386,312,4744.0,609684.5132404685,1350,43392.857142857145,7.567407407407408,0.2354304526748971,0.2947337509788567,0.09739624119028974,0.0633798331103892,231.6197404520894,224.052333044682,6.4335841108439835,74.79940924606231,0.4643696162881754,59.679376785480464,0.0
wide_flexibility,2026,user_aware,10216,7495,2442,15699,15699,486022478.6418487,486022478.6418487,1098106.4722426995,1087890.4722426995,0.0,112110125.9338709,14262,760,4707.0,593954.6084527997,1350,43392.857142857145,7.567407407407408,0.2354304526748971,0.7336530931871574,0.2390368050117463,0.1555513090005733,813.4122016612589,805.8447942538514,22.593738365996384,97.94891077817778,0.4607478465152702,58.139644523570844,0.0
wide_flexibility,2026,weekly_fixed,44550,10487,3047,15699,15699,486022478.6418487,486022478.6418487,704792.6538847935,660242.6538847935,0.0,133576478.34293841,17494,1459,13500.0,1177739.0836045174,1350,43392.857142857145,33.0,1.0266666666666666,0.23539842873176206,0.06839506172839506,0.19408879546467928,522.0686325072545,489.06863250725445,14.501235742311358,52.76323066964976,0.30303030303030304,26.436343066319132,0.0
